ISO-10303-21;
HEADER;
FILE_DESCRIPTION(('Open CASCADE Model'),'2;1');
FILE_NAME('Open CASCADE Shape Model','2026-07-31T15:36:23',('Author'),(
    'Open CASCADE'),'Open CASCADE STEP processor 7.9','Open CASCADE 7.9'
  ,'Unknown');
FILE_SCHEMA(('AUTOMOTIVE_DESIGN { 1 0 10303 214 1 1 1 1 }'));
ENDSEC;
DATA;
#1 = APPLICATION_PROTOCOL_DEFINITION('international standard',
  'automotive_design',2000,#2);
#2 = APPLICATION_CONTEXT(
  'core data for automotive mechanical design processes');
#3 = SHAPE_DEFINITION_REPRESENTATION(#4,#10);
#4 = PRODUCT_DEFINITION_SHAPE('','',#5);
#5 = PRODUCT_DEFINITION('design','',#6,#9);
#6 = PRODUCT_DEFINITION_FORMATION('','',#7);
#7 = PRODUCT('Open CASCADE STEP translator 7.9 6',
  'Open CASCADE STEP translator 7.9 6','',(#8));
#8 = PRODUCT_CONTEXT('',#2,'mechanical');
#9 = PRODUCT_DEFINITION_CONTEXT('part definition',#2,'design');
#10 = ADVANCED_BREP_SHAPE_REPRESENTATION('',(#11,#15),#3048);
#11 = AXIS2_PLACEMENT_3D('',#12,#13,#14);
#12 = CARTESIAN_POINT('',(0.,0.,0.));
#13 = DIRECTION('',(0.,0.,1.));
#14 = DIRECTION('',(1.,0.,-0.));
#15 = MANIFOLD_SOLID_BREP('',#16);
#16 = CLOSED_SHELL('',(#17,#139,#209,#288,#333,#396,#403,#458,#513,#548,
    #583,#638,#1844,#1879,#1956,#2005,#2054,#2103,#2152,#2201,#2250,
    #2299,#2348,#2397,#2447,#2496,#2545,#2594,#2643,#2692,#2741,#2790,
    #2839,#2888,#2937,#2964,#3019,#3044));
#17 = ADVANCED_FACE('',(#18),#32,.T.);
#18 = FACE_BOUND('',#19,.T.);
#19 = EDGE_LOOP('',(#20,#53,#86,#112));
#20 = ORIENTED_EDGE('',*,*,#21,.T.);
#21 = EDGE_CURVE('',#22,#24,#26,.T.);
#22 = VERTEX_POINT('',#23);
#23 = CARTESIAN_POINT('',(2.819131071802,4.25,-2.5));
#24 = VERTEX_POINT('',#25);
#25 = CARTESIAN_POINT('',(2.819131071802,4.25,-1.5));
#26 = SURFACE_CURVE('',#27,(#31,#42),.PCURVE_S1.);
#27 = LINE('',#28,#29);
#28 = CARTESIAN_POINT('',(2.819131071802,4.25,-1.5));
#29 = VECTOR('',#30,1.);
#30 = DIRECTION('',(0.,0.,1.));
#31 = PCURVE('',#32,#37);
#32 = CYLINDRICAL_SURFACE('',#33,5.1);
#33 = AXIS2_PLACEMENT_3D('',#34,#35,#36);
#34 = CARTESIAN_POINT('',(0.,0.,-1.5));
#35 = DIRECTION('',(0.,0.,1.));
#36 = DIRECTION('',(1.,0.,0.));
#37 = DEFINITIONAL_REPRESENTATION('',(#38),#41);
#38 = B_SPLINE_CURVE_WITH_KNOTS('',1,(#39,#40),.UNSPECIFIED.,.F.,.F.,(2,
    2),(-1.,0.),.PIECEWISE_BEZIER_KNOTS.);
#39 = CARTESIAN_POINT('',(7.268296090517,-1.));
#40 = CARTESIAN_POINT('',(7.268296090517,0.));
#41 = ( GEOMETRIC_REPRESENTATION_CONTEXT(2) 
PARAMETRIC_REPRESENTATION_CONTEXT() REPRESENTATION_CONTEXT('2D SPACE',''
  ) );
#42 = PCURVE('',#43,#48);
#43 = PLANE('',#44);
#44 = AXIS2_PLACEMENT_3D('',#45,#46,#47);
#45 = CARTESIAN_POINT('',(-10.2,4.25,-50.));
#46 = DIRECTION('',(0.,1.,0.));
#47 = DIRECTION('',(0.,0.,1.));
#48 = DEFINITIONAL_REPRESENTATION('',(#49),#52);
#49 = B_SPLINE_CURVE_WITH_KNOTS('',1,(#50,#51),.UNSPECIFIED.,.F.,.F.,(2,
    2),(-1.0000006,5.999999999062E-07),.PIECEWISE_BEZIER_KNOTS.);
#50 = CARTESIAN_POINT('',(47.4999994,13.019131071802));
#51 = CARTESIAN_POINT('',(48.5000006,13.019131071802));
#52 = ( GEOMETRIC_REPRESENTATION_CONTEXT(2) 
PARAMETRIC_REPRESENTATION_CONTEXT() REPRESENTATION_CONTEXT('2D SPACE',''
  ) );
#53 = ORIENTED_EDGE('',*,*,#54,.T.);
#54 = EDGE_CURVE('',#24,#55,#57,.T.);
#55 = VERTEX_POINT('',#56);
#56 = CARTESIAN_POINT('',(2.819131071802,-4.25,-1.5));
#57 = SURFACE_CURVE('',#58,(#63,#70),.PCURVE_S1.);
#58 = CIRCLE('',#59,5.1);
#59 = AXIS2_PLACEMENT_3D('',#60,#61,#62);
#60 = CARTESIAN_POINT('',(0.,0.,-1.5));
#61 = DIRECTION('',(0.,0.,-1.));
#62 = DIRECTION('',(0.552770798393,0.833333333333,0.));
#63 = PCURVE('',#32,#64);
#64 = DEFINITIONAL_REPRESENTATION('',(#65),#69);
#65 = LINE('',#66,#67);
#66 = CARTESIAN_POINT('',(7.268296090517,0.));
#67 = VECTOR('',#68,1.);
#68 = DIRECTION('',(-1.,-0.));
#69 = ( GEOMETRIC_REPRESENTATION_CONTEXT(2) 
PARAMETRIC_REPRESENTATION_CONTEXT() REPRESENTATION_CONTEXT('2D SPACE',''
  ) );
#70 = PCURVE('',#71,#76);
#71 = PLANE('',#72);
#72 = AXIS2_PLACEMENT_3D('',#73,#74,#75);
#73 = CARTESIAN_POINT('',(-2.681255161842E-16,5.961865926976E-16,-1.5));
#74 = DIRECTION('',(0.,0.,1.));
#75 = DIRECTION('',(1.,0.,-0.));
#76 = DEFINITIONAL_REPRESENTATION('',(#77),#85);
#77 = ( BOUNDED_CURVE() B_SPLINE_CURVE(2,(#78,#79,#80,#81,#82,#83,#84),
.UNSPECIFIED.,.T.,.F.) B_SPLINE_CURVE_WITH_KNOTS((1,2,2,2,2,1),(
    -2.094395102393,0.,2.094395102393,4.188790204786,6.28318530718,
8.377580409573),.UNSPECIFIED.) CURVE() GEOMETRIC_REPRESENTATION_ITEM() 
RATIONAL_B_SPLINE_CURVE((1.,0.5,1.,0.5,1.,0.5,1.)) REPRESENTATION_ITEM(
  '') );
#78 = CARTESIAN_POINT('',(2.819131071802,4.25));
#79 = CARTESIAN_POINT('',(10.18034700397,-0.632878249557));
#80 = CARTESIAN_POINT('',(2.271042430183,-4.566439124779));
#81 = CARTESIAN_POINT('',(-5.638262143604,-8.5));
#82 = CARTESIAN_POINT('',(-5.090173501985,0.316439124779));
#83 = CARTESIAN_POINT('',(-4.542084860366,9.132878249557));
#84 = CARTESIAN_POINT('',(2.819131071802,4.25));
#85 = ( GEOMETRIC_REPRESENTATION_CONTEXT(2) 
PARAMETRIC_REPRESENTATION_CONTEXT() REPRESENTATION_CONTEXT('2D SPACE',''
  ) );
#86 = ORIENTED_EDGE('',*,*,#87,.F.);
#87 = EDGE_CURVE('',#88,#55,#90,.T.);
#88 = VERTEX_POINT('',#89);
#89 = CARTESIAN_POINT('',(2.819131071802,-4.25,-2.5));
#90 = SURFACE_CURVE('',#91,(#95,#101),.PCURVE_S1.);
#91 = LINE('',#92,#93);
#92 = CARTESIAN_POINT('',(2.819131071802,-4.25,-1.5));
#93 = VECTOR('',#94,1.);
#94 = DIRECTION('',(0.,0.,1.));
#95 = PCURVE('',#32,#96);
#96 = DEFINITIONAL_REPRESENTATION('',(#97),#100);
#97 = B_SPLINE_CURVE_WITH_KNOTS('',1,(#98,#99),.UNSPECIFIED.,.F.,.F.,(2,
    2),(-1.0000006,5.999999999062E-07),.PIECEWISE_BEZIER_KNOTS.);
#98 = CARTESIAN_POINT('',(5.298074523842,-1.0000006));
#99 = CARTESIAN_POINT('',(5.298074523842,5.999999999062E-07));
#100 = ( GEOMETRIC_REPRESENTATION_CONTEXT(2) 
PARAMETRIC_REPRESENTATION_CONTEXT() REPRESENTATION_CONTEXT('2D SPACE',''
  ) );
#101 = PCURVE('',#102,#107);
#102 = PLANE('',#103);
#103 = AXIS2_PLACEMENT_3D('',#104,#105,#106);
#104 = CARTESIAN_POINT('',(-10.2,-4.25,-50.));
#105 = DIRECTION('',(0.,1.,0.));
#106 = DIRECTION('',(0.,0.,1.));
#107 = DEFINITIONAL_REPRESENTATION('',(#108),#111);
#108 = B_SPLINE_CURVE_WITH_KNOTS('',1,(#109,#110),.UNSPECIFIED.,.F.,.F.,
  (2,2),(-1.0000006,5.999999999062E-07),.PIECEWISE_BEZIER_KNOTS.);
#109 = CARTESIAN_POINT('',(47.4999994,13.019131071802));
#110 = CARTESIAN_POINT('',(48.5000006,13.019131071802));
#111 = ( GEOMETRIC_REPRESENTATION_CONTEXT(2) 
PARAMETRIC_REPRESENTATION_CONTEXT() REPRESENTATION_CONTEXT('2D SPACE',''
  ) );
#112 = ORIENTED_EDGE('',*,*,#113,.T.);
#113 = EDGE_CURVE('',#88,#22,#114,.T.);
#114 = SURFACE_CURVE('',#115,(#120,#127),.PCURVE_S1.);
#115 = CIRCLE('',#116,5.1);
#116 = AXIS2_PLACEMENT_3D('',#117,#118,#119);
#117 = CARTESIAN_POINT('',(0.,0.,-2.5));
#118 = DIRECTION('',(0.,0.,1.));
#119 = DIRECTION('',(-0.552770798393,0.833333333333,0.));
#120 = PCURVE('',#32,#121);
#121 = DEFINITIONAL_REPRESENTATION('',(#122),#126);
#122 = LINE('',#123,#124);
#123 = CARTESIAN_POINT('',(2.156481870252,-1.));
#124 = VECTOR('',#125,1.);
#125 = DIRECTION('',(1.,0.));
#126 = ( GEOMETRIC_REPRESENTATION_CONTEXT(2) 
PARAMETRIC_REPRESENTATION_CONTEXT() REPRESENTATION_CONTEXT('2D SPACE',''
  ) );
#127 = PCURVE('',#128,#133);
#128 = PLANE('',#129);
#129 = AXIS2_PLACEMENT_3D('',#130,#131,#132);
#130 = CARTESIAN_POINT('',(-2.681255161842E-16,5.961865926976E-16,-2.5)
  );
#131 = DIRECTION('',(0.,0.,1.));
#132 = DIRECTION('',(1.,0.,-0.));
#133 = DEFINITIONAL_REPRESENTATION('',(#134),#138);
#134 = CIRCLE('',#135,5.1);
#135 = AXIS2_PLACEMENT_2D('',#136,#137);
#136 = CARTESIAN_POINT('',(2.681255161842E-16,-5.961865926976E-16));
#137 = DIRECTION('',(-0.552770798393,0.833333333333));
#138 = ( GEOMETRIC_REPRESENTATION_CONTEXT(2) 
PARAMETRIC_REPRESENTATION_CONTEXT() REPRESENTATION_CONTEXT('2D SPACE',''
  ) );
#139 = ADVANCED_FACE('',(#140),#43,.T.);
#140 = FACE_BOUND('',#141,.T.);
#141 = EDGE_LOOP('',(#142,#143,#164,#190));
#142 = ORIENTED_EDGE('',*,*,#21,.F.);
#143 = ORIENTED_EDGE('',*,*,#144,.T.);
#144 = EDGE_CURVE('',#22,#145,#147,.T.);
#145 = VERTEX_POINT('',#146);
#146 = CARTESIAN_POINT('',(-2.819131071802,4.25,-2.5));
#147 = SURFACE_CURVE('',#148,(#152,#158),.PCURVE_S1.);
#148 = LINE('',#149,#150);
#149 = CARTESIAN_POINT('',(-5.1,4.25,-2.5));
#150 = VECTOR('',#151,1.);
#151 = DIRECTION('',(-1.,0.,0.));
#152 = PCURVE('',#43,#153);
#153 = DEFINITIONAL_REPRESENTATION('',(#154),#157);
#154 = B_SPLINE_CURVE_WITH_KNOTS('',1,(#155,#156),.UNSPECIFIED.,.F.,.F.,
  (2,2),(-10.2,0.),.PIECEWISE_BEZIER_KNOTS.);
#155 = CARTESIAN_POINT('',(47.5,15.3));
#156 = CARTESIAN_POINT('',(47.5,5.1));
#157 = ( GEOMETRIC_REPRESENTATION_CONTEXT(2) 
PARAMETRIC_REPRESENTATION_CONTEXT() REPRESENTATION_CONTEXT('2D SPACE',''
  ) );
#158 = PCURVE('',#128,#159);
#159 = DEFINITIONAL_REPRESENTATION('',(#160),#163);
#160 = B_SPLINE_CURVE_WITH_KNOTS('',1,(#161,#162),.UNSPECIFIED.,.F.,.F.,
  (2,2),(-10.2,0.),.PIECEWISE_BEZIER_KNOTS.);
#161 = CARTESIAN_POINT('',(5.1,4.25));
#162 = CARTESIAN_POINT('',(-5.1,4.25));
#163 = ( GEOMETRIC_REPRESENTATION_CONTEXT(2) 
PARAMETRIC_REPRESENTATION_CONTEXT() REPRESENTATION_CONTEXT('2D SPACE',''
  ) );
#164 = ORIENTED_EDGE('',*,*,#165,.T.);
#165 = EDGE_CURVE('',#145,#166,#168,.T.);
#166 = VERTEX_POINT('',#167);
#167 = CARTESIAN_POINT('',(-2.819131071802,4.25,-1.5));
#168 = SURFACE_CURVE('',#169,(#173,#179),.PCURVE_S1.);
#169 = LINE('',#170,#171);
#170 = CARTESIAN_POINT('',(-2.819131071802,4.25,-1.5));
#171 = VECTOR('',#172,1.);
#172 = DIRECTION('',(0.,0.,1.));
#173 = PCURVE('',#43,#174);
#174 = DEFINITIONAL_REPRESENTATION('',(#175),#178);
#175 = B_SPLINE_CURVE_WITH_KNOTS('',1,(#176,#177),.UNSPECIFIED.,.F.,.F.,
  (2,2),(-1.0000006,5.999999999062E-07),.PIECEWISE_BEZIER_KNOTS.);
#176 = CARTESIAN_POINT('',(47.4999994,7.380868928198));
#177 = CARTESIAN_POINT('',(48.5000006,7.380868928198));
#178 = ( GEOMETRIC_REPRESENTATION_CONTEXT(2) 
PARAMETRIC_REPRESENTATION_CONTEXT() REPRESENTATION_CONTEXT('2D SPACE',''
  ) );
#179 = PCURVE('',#180,#185);
#180 = CYLINDRICAL_SURFACE('',#181,5.1);
#181 = AXIS2_PLACEMENT_3D('',#182,#183,#184);
#182 = CARTESIAN_POINT('',(0.,0.,-1.5));
#183 = DIRECTION('',(0.,0.,1.));
#184 = DIRECTION('',(1.,0.,0.));
#185 = DEFINITIONAL_REPRESENTATION('',(#186),#189);
#186 = B_SPLINE_CURVE_WITH_KNOTS('',1,(#187,#188),.UNSPECIFIED.,.F.,.F.,
  (2,2),(-1.,0.),.PIECEWISE_BEZIER_KNOTS.);
#187 = CARTESIAN_POINT('',(2.156481870252,-1.));
#188 = CARTESIAN_POINT('',(2.156481870252,0.));
#189 = ( GEOMETRIC_REPRESENTATION_CONTEXT(2) 
PARAMETRIC_REPRESENTATION_CONTEXT() REPRESENTATION_CONTEXT('2D SPACE',''
  ) );
#190 = ORIENTED_EDGE('',*,*,#191,.F.);
#191 = EDGE_CURVE('',#24,#166,#192,.T.);
#192 = SURFACE_CURVE('',#193,(#197,#203),.PCURVE_S1.);
#193 = LINE('',#194,#195);
#194 = CARTESIAN_POINT('',(-5.1,4.25,-1.5));
#195 = VECTOR('',#196,1.);
#196 = DIRECTION('',(-1.,0.,0.));
#197 = PCURVE('',#43,#198);
#198 = DEFINITIONAL_REPRESENTATION('',(#199),#202);
#199 = B_SPLINE_CURVE_WITH_KNOTS('',1,(#200,#201),.UNSPECIFIED.,.F.,.F.,
  (2,2),(-10.2,0.),.PIECEWISE_BEZIER_KNOTS.);
#200 = CARTESIAN_POINT('',(48.5,15.3));
#201 = CARTESIAN_POINT('',(48.5,5.1));
#202 = ( GEOMETRIC_REPRESENTATION_CONTEXT(2) 
PARAMETRIC_REPRESENTATION_CONTEXT() REPRESENTATION_CONTEXT('2D SPACE',''
  ) );
#203 = PCURVE('',#71,#204);
#204 = DEFINITIONAL_REPRESENTATION('',(#205),#208);
#205 = B_SPLINE_CURVE_WITH_KNOTS('',1,(#206,#207),.UNSPECIFIED.,.F.,.F.,
  (2,2),(-10.2,0.),.PIECEWISE_BEZIER_KNOTS.);
#206 = CARTESIAN_POINT('',(5.1,4.25));
#207 = CARTESIAN_POINT('',(-5.1,4.25));
#208 = ( GEOMETRIC_REPRESENTATION_CONTEXT(2) 
PARAMETRIC_REPRESENTATION_CONTEXT() REPRESENTATION_CONTEXT('2D SPACE',''
  ) );
#209 = ADVANCED_FACE('',(#210,#257),#128,.F.);
#210 = FACE_BOUND('',#211,.F.);
#211 = EDGE_LOOP('',(#212,#213,#237,#256));
#212 = ORIENTED_EDGE('',*,*,#144,.T.);
#213 = ORIENTED_EDGE('',*,*,#214,.T.);
#214 = EDGE_CURVE('',#145,#215,#217,.T.);
#215 = VERTEX_POINT('',#216);
#216 = CARTESIAN_POINT('',(-2.819131071802,-4.25,-2.5));
#217 = SURFACE_CURVE('',#218,(#223,#230),.PCURVE_S1.);
#218 = CIRCLE('',#219,5.1);
#219 = AXIS2_PLACEMENT_3D('',#220,#221,#222);
#220 = CARTESIAN_POINT('',(0.,0.,-2.5));
#221 = DIRECTION('',(0.,0.,1.));
#222 = DIRECTION('',(-0.552770798393,0.833333333333,0.));
#223 = PCURVE('',#128,#224);
#224 = DEFINITIONAL_REPRESENTATION('',(#225),#229);
#225 = CIRCLE('',#226,5.1);
#226 = AXIS2_PLACEMENT_2D('',#227,#228);
#227 = CARTESIAN_POINT('',(2.681255161842E-16,-5.961865926976E-16));
#228 = DIRECTION('',(-0.552770798393,0.833333333333));
#229 = ( GEOMETRIC_REPRESENTATION_CONTEXT(2) 
PARAMETRIC_REPRESENTATION_CONTEXT() REPRESENTATION_CONTEXT('2D SPACE',''
  ) );
#230 = PCURVE('',#180,#231);
#231 = DEFINITIONAL_REPRESENTATION('',(#232),#236);
#232 = LINE('',#233,#234);
#233 = CARTESIAN_POINT('',(2.156481870252,-1.));
#234 = VECTOR('',#235,1.);
#235 = DIRECTION('',(1.,0.));
#236 = ( GEOMETRIC_REPRESENTATION_CONTEXT(2) 
PARAMETRIC_REPRESENTATION_CONTEXT() REPRESENTATION_CONTEXT('2D SPACE',''
  ) );
#237 = ORIENTED_EDGE('',*,*,#238,.F.);
#238 = EDGE_CURVE('',#88,#215,#239,.T.);
#239 = SURFACE_CURVE('',#240,(#244,#250),.PCURVE_S1.);
#240 = LINE('',#241,#242);
#241 = CARTESIAN_POINT('',(-5.1,-4.25,-2.5));
#242 = VECTOR('',#243,1.);
#243 = DIRECTION('',(-1.,0.,0.));
#244 = PCURVE('',#128,#245);
#245 = DEFINITIONAL_REPRESENTATION('',(#246),#249);
#246 = B_SPLINE_CURVE_WITH_KNOTS('',1,(#247,#248),.UNSPECIFIED.,.F.,.F.,
  (2,2),(-10.2,1.7763568394E-15),.PIECEWISE_BEZIER_KNOTS.);
#247 = CARTESIAN_POINT('',(5.1,-4.25));
#248 = CARTESIAN_POINT('',(-5.1,-4.25));
#249 = ( GEOMETRIC_REPRESENTATION_CONTEXT(2) 
PARAMETRIC_REPRESENTATION_CONTEXT() REPRESENTATION_CONTEXT('2D SPACE',''
  ) );
#250 = PCURVE('',#102,#251);
#251 = DEFINITIONAL_REPRESENTATION('',(#252),#255);
#252 = B_SPLINE_CURVE_WITH_KNOTS('',1,(#253,#254),.UNSPECIFIED.,.F.,.F.,
  (2,2),(-10.2,1.7763568394E-15),.PIECEWISE_BEZIER_KNOTS.);
#253 = CARTESIAN_POINT('',(47.5,15.3));
#254 = CARTESIAN_POINT('',(47.5,5.1));
#255 = ( GEOMETRIC_REPRESENTATION_CONTEXT(2) 
PARAMETRIC_REPRESENTATION_CONTEXT() REPRESENTATION_CONTEXT('2D SPACE',''
  ) );
#256 = ORIENTED_EDGE('',*,*,#113,.T.);
#257 = FACE_BOUND('',#258,.F.);
#258 = EDGE_LOOP('',(#259));
#259 = ORIENTED_EDGE('',*,*,#260,.F.);
#260 = EDGE_CURVE('',#261,#261,#263,.T.);
#261 = VERTEX_POINT('',#262);
#262 = CARTESIAN_POINT('',(4.,0.,-2.5));
#263 = SURFACE_CURVE('',#264,(#269,#276),.PCURVE_S1.);
#264 = CIRCLE('',#265,4.);
#265 = AXIS2_PLACEMENT_3D('',#266,#267,#268);
#266 = CARTESIAN_POINT('',(0.,0.,-2.5));
#267 = DIRECTION('',(0.,0.,1.));
#268 = DIRECTION('',(1.,0.,0.));
#269 = PCURVE('',#128,#270);
#270 = DEFINITIONAL_REPRESENTATION('',(#271),#275);
#271 = CIRCLE('',#272,4.);
#272 = AXIS2_PLACEMENT_2D('',#273,#274);
#273 = CARTESIAN_POINT('',(2.681255161842E-16,-5.961865926976E-16));
#274 = DIRECTION('',(1.,0.));
#275 = ( GEOMETRIC_REPRESENTATION_CONTEXT(2) 
PARAMETRIC_REPRESENTATION_CONTEXT() REPRESENTATION_CONTEXT('2D SPACE',''
  ) );
#276 = PCURVE('',#277,#282);
#277 = CYLINDRICAL_SURFACE('',#278,4.);
#278 = AXIS2_PLACEMENT_3D('',#279,#280,#281);
#279 = CARTESIAN_POINT('',(0.,0.,-2.5));
#280 = DIRECTION('',(0.,0.,1.));
#281 = DIRECTION('',(1.,0.,0.));
#282 = DEFINITIONAL_REPRESENTATION('',(#283),#287);
#283 = LINE('',#284,#285);
#284 = CARTESIAN_POINT('',(0.,0.));
#285 = VECTOR('',#286,1.);
#286 = DIRECTION('',(1.,0.));
#287 = ( GEOMETRIC_REPRESENTATION_CONTEXT(2) 
PARAMETRIC_REPRESENTATION_CONTEXT() REPRESENTATION_CONTEXT('2D SPACE',''
  ) );
#288 = ADVANCED_FACE('',(#289),#102,.F.);
#289 = FACE_BOUND('',#290,.F.);
#290 = EDGE_LOOP('',(#291,#292,#293,#314));
#291 = ORIENTED_EDGE('',*,*,#87,.F.);
#292 = ORIENTED_EDGE('',*,*,#238,.T.);
#293 = ORIENTED_EDGE('',*,*,#294,.T.);
#294 = EDGE_CURVE('',#215,#295,#297,.T.);
#295 = VERTEX_POINT('',#296);
#296 = CARTESIAN_POINT('',(-2.819131071802,-4.25,-1.5));
#297 = SURFACE_CURVE('',#298,(#302,#308),.PCURVE_S1.);
#298 = LINE('',#299,#300);
#299 = CARTESIAN_POINT('',(-2.819131071802,-4.25,-1.5));
#300 = VECTOR('',#301,1.);
#301 = DIRECTION('',(0.,0.,1.));
#302 = PCURVE('',#102,#303);
#303 = DEFINITIONAL_REPRESENTATION('',(#304),#307);
#304 = B_SPLINE_CURVE_WITH_KNOTS('',1,(#305,#306),.UNSPECIFIED.,.F.,.F.,
  (2,2),(-1.0000006,5.999999999062E-07),.PIECEWISE_BEZIER_KNOTS.);
#305 = CARTESIAN_POINT('',(47.4999994,7.380868928198));
#306 = CARTESIAN_POINT('',(48.5000006,7.380868928198));
#307 = ( GEOMETRIC_REPRESENTATION_CONTEXT(2) 
PARAMETRIC_REPRESENTATION_CONTEXT() REPRESENTATION_CONTEXT('2D SPACE',''
  ) );
#308 = PCURVE('',#180,#309);
#309 = DEFINITIONAL_REPRESENTATION('',(#310),#313);
#310 = B_SPLINE_CURVE_WITH_KNOTS('',1,(#311,#312),.UNSPECIFIED.,.F.,.F.,
  (2,2),(-1.0000006,5.999999999062E-07),.PIECEWISE_BEZIER_KNOTS.);
#311 = CARTESIAN_POINT('',(4.126703436928,-1.0000006));
#312 = CARTESIAN_POINT('',(4.126703436928,5.999999999062E-07));
#313 = ( GEOMETRIC_REPRESENTATION_CONTEXT(2) 
PARAMETRIC_REPRESENTATION_CONTEXT() REPRESENTATION_CONTEXT('2D SPACE',''
  ) );
#314 = ORIENTED_EDGE('',*,*,#315,.F.);
#315 = EDGE_CURVE('',#55,#295,#316,.T.);
#316 = SURFACE_CURVE('',#317,(#321,#327),.PCURVE_S1.);
#317 = LINE('',#318,#319);
#318 = CARTESIAN_POINT('',(-5.1,-4.25,-1.5));
#319 = VECTOR('',#320,1.);
#320 = DIRECTION('',(-1.,0.,0.));
#321 = PCURVE('',#102,#322);
#322 = DEFINITIONAL_REPRESENTATION('',(#323),#326);
#323 = B_SPLINE_CURVE_WITH_KNOTS('',1,(#324,#325),.UNSPECIFIED.,.F.,.F.,
  (2,2),(-10.2,0.),.PIECEWISE_BEZIER_KNOTS.);
#324 = CARTESIAN_POINT('',(48.5,15.3));
#325 = CARTESIAN_POINT('',(48.5,5.1));
#326 = ( GEOMETRIC_REPRESENTATION_CONTEXT(2) 
PARAMETRIC_REPRESENTATION_CONTEXT() REPRESENTATION_CONTEXT('2D SPACE',''
  ) );
#327 = PCURVE('',#71,#328);
#328 = DEFINITIONAL_REPRESENTATION('',(#329),#332);
#329 = B_SPLINE_CURVE_WITH_KNOTS('',1,(#330,#331),.UNSPECIFIED.,.F.,.F.,
  (2,2),(-10.2,0.),.PIECEWISE_BEZIER_KNOTS.);
#330 = CARTESIAN_POINT('',(5.1,-4.25));
#331 = CARTESIAN_POINT('',(-5.1,-4.25));
#332 = ( GEOMETRIC_REPRESENTATION_CONTEXT(2) 
PARAMETRIC_REPRESENTATION_CONTEXT() REPRESENTATION_CONTEXT('2D SPACE',''
  ) );
#333 = ADVANCED_FACE('',(#334,#365),#71,.T.);
#334 = FACE_BOUND('',#335,.T.);
#335 = EDGE_LOOP('',(#336,#337,#338,#364));
#336 = ORIENTED_EDGE('',*,*,#54,.F.);
#337 = ORIENTED_EDGE('',*,*,#191,.T.);
#338 = ORIENTED_EDGE('',*,*,#339,.F.);
#339 = EDGE_CURVE('',#295,#166,#340,.T.);
#340 = SURFACE_CURVE('',#341,(#346,#357),.PCURVE_S1.);
#341 = CIRCLE('',#342,5.1);
#342 = AXIS2_PLACEMENT_3D('',#343,#344,#345);
#343 = CARTESIAN_POINT('',(0.,0.,-1.5));
#344 = DIRECTION('',(0.,0.,-1.));
#345 = DIRECTION('',(0.552770798393,0.833333333333,0.));
#346 = PCURVE('',#71,#347);
#347 = DEFINITIONAL_REPRESENTATION('',(#348),#356);
#348 = ( BOUNDED_CURVE() B_SPLINE_CURVE(2,(#349,#350,#351,#352,#353,#354
,#355),.UNSPECIFIED.,.T.,.F.) B_SPLINE_CURVE_WITH_KNOTS((1,2,2,2,2,1),(
    -2.094395102393,0.,2.094395102393,4.188790204786,6.28318530718,
8.377580409573),.UNSPECIFIED.) CURVE() GEOMETRIC_REPRESENTATION_ITEM() 
RATIONAL_B_SPLINE_CURVE((1.,0.5,1.,0.5,1.,0.5,1.)) REPRESENTATION_ITEM(
  '') );
#349 = CARTESIAN_POINT('',(2.819131071802,4.25));
#350 = CARTESIAN_POINT('',(10.18034700397,-0.632878249557));
#351 = CARTESIAN_POINT('',(2.271042430183,-4.566439124779));
#352 = CARTESIAN_POINT('',(-5.638262143604,-8.5));
#353 = CARTESIAN_POINT('',(-5.090173501985,0.316439124779));
#354 = CARTESIAN_POINT('',(-4.542084860366,9.132878249557));
#355 = CARTESIAN_POINT('',(2.819131071802,4.25));
#356 = ( GEOMETRIC_REPRESENTATION_CONTEXT(2) 
PARAMETRIC_REPRESENTATION_CONTEXT() REPRESENTATION_CONTEXT('2D SPACE',''
  ) );
#357 = PCURVE('',#180,#358);
#358 = DEFINITIONAL_REPRESENTATION('',(#359),#363);
#359 = LINE('',#360,#361);
#360 = CARTESIAN_POINT('',(7.268296090517,0.));
#361 = VECTOR('',#362,1.);
#362 = DIRECTION('',(-1.,-0.));
#363 = ( GEOMETRIC_REPRESENTATION_CONTEXT(2) 
PARAMETRIC_REPRESENTATION_CONTEXT() REPRESENTATION_CONTEXT('2D SPACE',''
  ) );
#364 = ORIENTED_EDGE('',*,*,#315,.F.);
#365 = FACE_BOUND('',#366,.T.);
#366 = EDGE_LOOP('',(#367));
#367 = ORIENTED_EDGE('',*,*,#368,.F.);
#368 = EDGE_CURVE('',#369,#369,#371,.T.);
#369 = VERTEX_POINT('',#370);
#370 = CARTESIAN_POINT('',(3.7,0.,-1.5));
#371 = SURFACE_CURVE('',#372,(#377,#384),.PCURVE_S1.);
#372 = CIRCLE('',#373,3.7);
#373 = AXIS2_PLACEMENT_3D('',#374,#375,#376);
#374 = CARTESIAN_POINT('',(0.,0.,-1.5));
#375 = DIRECTION('',(0.,0.,1.));
#376 = DIRECTION('',(1.,0.,0.));
#377 = PCURVE('',#71,#378);
#378 = DEFINITIONAL_REPRESENTATION('',(#379),#383);
#379 = CIRCLE('',#380,3.7);
#380 = AXIS2_PLACEMENT_2D('',#381,#382);
#381 = CARTESIAN_POINT('',(2.681255161842E-16,-5.961865926976E-16));
#382 = DIRECTION('',(1.,0.));
#383 = ( GEOMETRIC_REPRESENTATION_CONTEXT(2) 
PARAMETRIC_REPRESENTATION_CONTEXT() REPRESENTATION_CONTEXT('2D SPACE',''
  ) );
#384 = PCURVE('',#385,#390);
#385 = CYLINDRICAL_SURFACE('',#386,3.7);
#386 = AXIS2_PLACEMENT_3D('',#387,#388,#389);
#387 = CARTESIAN_POINT('',(0.,0.,0.));
#388 = DIRECTION('',(0.,0.,1.));
#389 = DIRECTION('',(1.,0.,0.));
#390 = DEFINITIONAL_REPRESENTATION('',(#391),#395);
#391 = LINE('',#392,#393);
#392 = CARTESIAN_POINT('',(0.,-1.5));
#393 = VECTOR('',#394,1.);
#394 = DIRECTION('',(1.,0.));
#395 = ( GEOMETRIC_REPRESENTATION_CONTEXT(2) 
PARAMETRIC_REPRESENTATION_CONTEXT() REPRESENTATION_CONTEXT('2D SPACE',''
  ) );
#396 = ADVANCED_FACE('',(#397),#180,.T.);
#397 = FACE_BOUND('',#398,.T.);
#398 = EDGE_LOOP('',(#399,#400,#401,#402));
#399 = ORIENTED_EDGE('',*,*,#294,.T.);
#400 = ORIENTED_EDGE('',*,*,#339,.T.);
#401 = ORIENTED_EDGE('',*,*,#165,.F.);
#402 = ORIENTED_EDGE('',*,*,#214,.T.);
#403 = ADVANCED_FACE('',(#404),#277,.T.);
#404 = FACE_BOUND('',#405,.T.);
#405 = EDGE_LOOP('',(#406,#429,#456,#457));
#406 = ORIENTED_EDGE('',*,*,#407,.T.);
#407 = EDGE_CURVE('',#261,#408,#410,.T.);
#408 = VERTEX_POINT('',#409);
#409 = CARTESIAN_POINT('',(4.,0.,-5.15));
#410 = SEAM_CURVE('',#411,(#415,#422),.PCURVE_S1.);
#411 = LINE('',#412,#413);
#412 = CARTESIAN_POINT('',(4.,0.,-2.5));
#413 = VECTOR('',#414,1.);
#414 = DIRECTION('',(-0.,-0.,-1.));
#415 = PCURVE('',#277,#416);
#416 = DEFINITIONAL_REPRESENTATION('',(#417),#421);
#417 = LINE('',#418,#419);
#418 = CARTESIAN_POINT('',(0.,0.));
#419 = VECTOR('',#420,1.);
#420 = DIRECTION('',(0.,-1.));
#421 = ( GEOMETRIC_REPRESENTATION_CONTEXT(2) 
PARAMETRIC_REPRESENTATION_CONTEXT() REPRESENTATION_CONTEXT('2D SPACE',''
  ) );
#422 = PCURVE('',#277,#423);
#423 = DEFINITIONAL_REPRESENTATION('',(#424),#428);
#424 = LINE('',#425,#426);
#425 = CARTESIAN_POINT('',(6.28318530718,0.));
#426 = VECTOR('',#427,1.);
#427 = DIRECTION('',(0.,-1.));
#428 = ( GEOMETRIC_REPRESENTATION_CONTEXT(2) 
PARAMETRIC_REPRESENTATION_CONTEXT() REPRESENTATION_CONTEXT('2D SPACE',''
  ) );
#429 = ORIENTED_EDGE('',*,*,#430,.T.);
#430 = EDGE_CURVE('',#408,#408,#431,.T.);
#431 = SURFACE_CURVE('',#432,(#437,#444),.PCURVE_S1.);
#432 = CIRCLE('',#433,4.);
#433 = AXIS2_PLACEMENT_3D('',#434,#435,#436);
#434 = CARTESIAN_POINT('',(0.,0.,-5.15));
#435 = DIRECTION('',(0.,0.,1.));
#436 = DIRECTION('',(1.,0.,0.));
#437 = PCURVE('',#277,#438);
#438 = DEFINITIONAL_REPRESENTATION('',(#439),#443);
#439 = LINE('',#440,#441);
#440 = CARTESIAN_POINT('',(0.,-2.65));
#441 = VECTOR('',#442,1.);
#442 = DIRECTION('',(1.,0.));
#443 = ( GEOMETRIC_REPRESENTATION_CONTEXT(2) 
PARAMETRIC_REPRESENTATION_CONTEXT() REPRESENTATION_CONTEXT('2D SPACE',''
  ) );
#444 = PCURVE('',#445,#450);
#445 = PLANE('',#446);
#446 = AXIS2_PLACEMENT_3D('',#447,#448,#449);
#447 = CARTESIAN_POINT('',(-2.563950248511E-16,3.49503809816E-16,-5.15)
  );
#448 = DIRECTION('',(0.,0.,1.));
#449 = DIRECTION('',(1.,0.,-0.));
#450 = DEFINITIONAL_REPRESENTATION('',(#451),#455);
#451 = CIRCLE('',#452,4.);
#452 = AXIS2_PLACEMENT_2D('',#453,#454);
#453 = CARTESIAN_POINT('',(2.563950248511E-16,-3.49503809816E-16));
#454 = DIRECTION('',(1.,0.));
#455 = ( GEOMETRIC_REPRESENTATION_CONTEXT(2) 
PARAMETRIC_REPRESENTATION_CONTEXT() REPRESENTATION_CONTEXT('2D SPACE',''
  ) );
#456 = ORIENTED_EDGE('',*,*,#407,.F.);
#457 = ORIENTED_EDGE('',*,*,#260,.F.);
#458 = ADVANCED_FACE('',(#459),#385,.T.);
#459 = FACE_BOUND('',#460,.T.);
#460 = EDGE_LOOP('',(#461,#462,#485,#512));
#461 = ORIENTED_EDGE('',*,*,#368,.T.);
#462 = ORIENTED_EDGE('',*,*,#463,.T.);
#463 = EDGE_CURVE('',#369,#464,#466,.T.);
#464 = VERTEX_POINT('',#465);
#465 = CARTESIAN_POINT('',(3.7,0.,1.));
#466 = SEAM_CURVE('',#467,(#471,#478),.PCURVE_S1.);
#467 = LINE('',#468,#469);
#468 = CARTESIAN_POINT('',(3.7,0.,-1.5));
#469 = VECTOR('',#470,1.);
#470 = DIRECTION('',(0.,0.,1.));
#471 = PCURVE('',#385,#472);
#472 = DEFINITIONAL_REPRESENTATION('',(#473),#477);
#473 = LINE('',#474,#475);
#474 = CARTESIAN_POINT('',(6.28318530718,-1.5));
#475 = VECTOR('',#476,1.);
#476 = DIRECTION('',(-0.,1.));
#477 = ( GEOMETRIC_REPRESENTATION_CONTEXT(2) 
PARAMETRIC_REPRESENTATION_CONTEXT() REPRESENTATION_CONTEXT('2D SPACE',''
  ) );
#478 = PCURVE('',#385,#479);
#479 = DEFINITIONAL_REPRESENTATION('',(#480),#484);
#480 = LINE('',#481,#482);
#481 = CARTESIAN_POINT('',(0.,-1.5));
#482 = VECTOR('',#483,1.);
#483 = DIRECTION('',(-0.,1.));
#484 = ( GEOMETRIC_REPRESENTATION_CONTEXT(2) 
PARAMETRIC_REPRESENTATION_CONTEXT() REPRESENTATION_CONTEXT('2D SPACE',''
  ) );
#485 = ORIENTED_EDGE('',*,*,#486,.F.);
#486 = EDGE_CURVE('',#464,#464,#487,.T.);
#487 = SURFACE_CURVE('',#488,(#493,#500),.PCURVE_S1.);
#488 = CIRCLE('',#489,3.7);
#489 = AXIS2_PLACEMENT_3D('',#490,#491,#492);
#490 = CARTESIAN_POINT('',(0.,0.,1.));
#491 = DIRECTION('',(0.,0.,1.));
#492 = DIRECTION('',(1.,0.,0.));
#493 = PCURVE('',#385,#494);
#494 = DEFINITIONAL_REPRESENTATION('',(#495),#499);
#495 = LINE('',#496,#497);
#496 = CARTESIAN_POINT('',(-0.,1.));
#497 = VECTOR('',#498,1.);
#498 = DIRECTION('',(1.,-0.));
#499 = ( GEOMETRIC_REPRESENTATION_CONTEXT(2) 
PARAMETRIC_REPRESENTATION_CONTEXT() REPRESENTATION_CONTEXT('2D SPACE',''
  ) );
#500 = PCURVE('',#501,#506);
#501 = PLANE('',#502);
#502 = AXIS2_PLACEMENT_3D('',#503,#504,#505);
#503 = CARTESIAN_POINT('',(-1.847892070999E-16,2.18538642305E-16,1.));
#504 = DIRECTION('',(0.,0.,1.));
#505 = DIRECTION('',(1.,0.,-0.));
#506 = DEFINITIONAL_REPRESENTATION('',(#507),#511);
#507 = CIRCLE('',#508,3.7);
#508 = AXIS2_PLACEMENT_2D('',#509,#510);
#509 = CARTESIAN_POINT('',(1.847892070999E-16,-2.18538642305E-16));
#510 = DIRECTION('',(1.,0.));
#511 = ( GEOMETRIC_REPRESENTATION_CONTEXT(2) 
PARAMETRIC_REPRESENTATION_CONTEXT() REPRESENTATION_CONTEXT('2D SPACE',''
  ) );
#512 = ORIENTED_EDGE('',*,*,#463,.F.);
#513 = ADVANCED_FACE('',(#514,#517),#445,.F.);
#514 = FACE_BOUND('',#515,.F.);
#515 = EDGE_LOOP('',(#516));
#516 = ORIENTED_EDGE('',*,*,#430,.T.);
#517 = FACE_BOUND('',#518,.F.);
#518 = EDGE_LOOP('',(#519));
#519 = ORIENTED_EDGE('',*,*,#520,.F.);
#520 = EDGE_CURVE('',#521,#521,#523,.T.);
#521 = VERTEX_POINT('',#522);
#522 = CARTESIAN_POINT('',(3.,-1.407182015661E-16,-5.15));
#523 = SURFACE_CURVE('',#524,(#529,#536),.PCURVE_S1.);
#524 = CIRCLE('',#525,3.);
#525 = AXIS2_PLACEMENT_3D('',#526,#527,#528);
#526 = CARTESIAN_POINT('',(1.888075062501E-14,-1.407182015661E-16,-5.15)
  );
#527 = DIRECTION('',(0.,0.,1.));
#528 = DIRECTION('',(1.,0.,0.));
#529 = PCURVE('',#445,#530);
#530 = DEFINITIONAL_REPRESENTATION('',(#531),#535);
#531 = CIRCLE('',#532,3.);
#532 = AXIS2_PLACEMENT_2D('',#533,#534);
#533 = CARTESIAN_POINT('',(1.913714564987E-14,-4.902220113821E-16));
#534 = DIRECTION('',(1.,0.));
#535 = ( GEOMETRIC_REPRESENTATION_CONTEXT(2) 
PARAMETRIC_REPRESENTATION_CONTEXT() REPRESENTATION_CONTEXT('2D SPACE',''
  ) );
#536 = PCURVE('',#537,#542);
#537 = CYLINDRICAL_SURFACE('',#538,3.);
#538 = AXIS2_PLACEMENT_3D('',#539,#540,#541);
#539 = CARTESIAN_POINT('',(1.888075062501E-14,-1.407182015661E-16,-2.5)
  );
#540 = DIRECTION('',(0.,0.,1.));
#541 = DIRECTION('',(1.,0.,0.));
#542 = DEFINITIONAL_REPRESENTATION('',(#543),#547);
#543 = LINE('',#544,#545);
#544 = CARTESIAN_POINT('',(0.,-2.65));
#545 = VECTOR('',#546,1.);
#546 = DIRECTION('',(1.,0.));
#547 = ( GEOMETRIC_REPRESENTATION_CONTEXT(2) 
PARAMETRIC_REPRESENTATION_CONTEXT() REPRESENTATION_CONTEXT('2D SPACE',''
  ) );
#548 = ADVANCED_FACE('',(#549,#552),#501,.T.);
#549 = FACE_BOUND('',#550,.T.);
#550 = EDGE_LOOP('',(#551));
#551 = ORIENTED_EDGE('',*,*,#486,.T.);
#552 = FACE_BOUND('',#553,.T.);
#553 = EDGE_LOOP('',(#554));
#554 = ORIENTED_EDGE('',*,*,#555,.F.);
#555 = EDGE_CURVE('',#556,#556,#558,.T.);
#556 = VERTEX_POINT('',#557);
#557 = CARTESIAN_POINT('',(2.857533901811,-6.998939492616E-16,1.));
#558 = SURFACE_CURVE('',#559,(#564,#571),.PCURVE_S1.);
#559 = CIRCLE('',#560,2.857533901811);
#560 = AXIS2_PLACEMENT_3D('',#561,#562,#563);
#561 = CARTESIAN_POINT('',(0.,0.,1.));
#562 = DIRECTION('',(0.,0.,1.));
#563 = DIRECTION('',(1.,0.,-0.));
#564 = PCURVE('',#501,#565);
#565 = DEFINITIONAL_REPRESENTATION('',(#566),#570);
#566 = CIRCLE('',#567,2.857533901811);
#567 = AXIS2_PLACEMENT_2D('',#568,#569);
#568 = CARTESIAN_POINT('',(1.847892070999E-16,-2.18538642305E-16));
#569 = DIRECTION('',(1.,0.));
#570 = ( GEOMETRIC_REPRESENTATION_CONTEXT(2) 
PARAMETRIC_REPRESENTATION_CONTEXT() REPRESENTATION_CONTEXT('2D SPACE',''
  ) );
#571 = PCURVE('',#572,#577);
#572 = SPHERICAL_SURFACE('',#573,11.84);
#573 = AXIS2_PLACEMENT_3D('',#574,#575,#576);
#574 = CARTESIAN_POINT('',(0.,0.,12.49));
#575 = DIRECTION('',(0.,0.,1.));
#576 = DIRECTION('',(1.,0.,0.));
#577 = DEFINITIONAL_REPRESENTATION('',(#578),#582);
#578 = LINE('',#579,#580);
#579 = CARTESIAN_POINT('',(0.,-1.327043951806));
#580 = VECTOR('',#581,1.);
#581 = DIRECTION('',(1.,0.));
#582 = ( GEOMETRIC_REPRESENTATION_CONTEXT(2) 
PARAMETRIC_REPRESENTATION_CONTEXT() REPRESENTATION_CONTEXT('2D SPACE',''
  ) );
#583 = ADVANCED_FACE('',(#584),#537,.F.);
#584 = FACE_BOUND('',#585,.F.);
#585 = EDGE_LOOP('',(#586,#609,#610,#611));
#586 = ORIENTED_EDGE('',*,*,#587,.T.);
#587 = EDGE_CURVE('',#588,#521,#590,.T.);
#588 = VERTEX_POINT('',#589);
#589 = CARTESIAN_POINT('',(3.,-1.407182015661E-16,-2.5));
#590 = SEAM_CURVE('',#591,(#595,#602),.PCURVE_S1.);
#591 = LINE('',#592,#593);
#592 = CARTESIAN_POINT('',(3.,-1.407182015661E-16,-2.5));
#593 = VECTOR('',#594,1.);
#594 = DIRECTION('',(-0.,-0.,-1.));
#595 = PCURVE('',#537,#596);
#596 = DEFINITIONAL_REPRESENTATION('',(#597),#601);
#597 = LINE('',#598,#599);
#598 = CARTESIAN_POINT('',(0.,0.));
#599 = VECTOR('',#600,1.);
#600 = DIRECTION('',(0.,-1.));
#601 = ( GEOMETRIC_REPRESENTATION_CONTEXT(2) 
PARAMETRIC_REPRESENTATION_CONTEXT() REPRESENTATION_CONTEXT('2D SPACE',''
  ) );
#602 = PCURVE('',#537,#603);
#603 = DEFINITIONAL_REPRESENTATION('',(#604),#608);
#604 = LINE('',#605,#606);
#605 = CARTESIAN_POINT('',(6.28318530718,0.));
#606 = VECTOR('',#607,1.);
#607 = DIRECTION('',(0.,-1.));
#608 = ( GEOMETRIC_REPRESENTATION_CONTEXT(2) 
PARAMETRIC_REPRESENTATION_CONTEXT() REPRESENTATION_CONTEXT('2D SPACE',''
  ) );
#609 = ORIENTED_EDGE('',*,*,#520,.T.);
#610 = ORIENTED_EDGE('',*,*,#587,.F.);
#611 = ORIENTED_EDGE('',*,*,#612,.F.);
#612 = EDGE_CURVE('',#588,#588,#613,.T.);
#613 = SURFACE_CURVE('',#614,(#619,#626),.PCURVE_S1.);
#614 = CIRCLE('',#615,3.);
#615 = AXIS2_PLACEMENT_3D('',#616,#617,#618);
#616 = CARTESIAN_POINT('',(1.888075062501E-14,-1.407182015661E-16,-2.5)
  );
#617 = DIRECTION('',(0.,0.,1.));
#618 = DIRECTION('',(1.,0.,0.));
#619 = PCURVE('',#537,#620);
#620 = DEFINITIONAL_REPRESENTATION('',(#621),#625);
#621 = LINE('',#622,#623);
#622 = CARTESIAN_POINT('',(0.,0.));
#623 = VECTOR('',#624,1.);
#624 = DIRECTION('',(1.,0.));
#625 = ( GEOMETRIC_REPRESENTATION_CONTEXT(2) 
PARAMETRIC_REPRESENTATION_CONTEXT() REPRESENTATION_CONTEXT('2D SPACE',''
  ) );
#626 = PCURVE('',#627,#632);
#627 = PLANE('',#628);
#628 = AXIS2_PLACEMENT_3D('',#629,#630,#631);
#629 = CARTESIAN_POINT('',(-2.681255161842E-16,5.961865926976E-16,-2.5)
  );
#630 = DIRECTION('',(0.,0.,1.));
#631 = DIRECTION('',(1.,0.,-0.));
#632 = DEFINITIONAL_REPRESENTATION('',(#633),#637);
#633 = CIRCLE('',#634,3.);
#634 = AXIS2_PLACEMENT_2D('',#635,#636);
#635 = CARTESIAN_POINT('',(1.91488761412E-14,-7.369047942637E-16));
#636 = DIRECTION('',(1.,0.));
#637 = ( GEOMETRIC_REPRESENTATION_CONTEXT(2) 
PARAMETRIC_REPRESENTATION_CONTEXT() REPRESENTATION_CONTEXT('2D SPACE',''
  ) );
#638 = ADVANCED_FACE('',(#639),#572,.F.);
#639 = FACE_BOUND('',#640,.F.);
#640 = EDGE_LOOP('',(#641,#665,#666,#667,#709,#772,#829,#871,#911,#943,
    #985,#1034,#1069,#1114,#1171,#1243,#1282,#1306,#1307,#1357,#1402,
    #1453,#1504,#1549,#1583,#1640,#1697,#1754,#1811));
#641 = ORIENTED_EDGE('',*,*,#642,.T.);
#642 = EDGE_CURVE('',#643,#556,#645,.T.);
#643 = VERTEX_POINT('',#644);
#644 = CARTESIAN_POINT('',(0.671488182829,-1.644671707534E-16,
    0.669056568094));
#645 = SEAM_CURVE('',#646,(#651,#658),.PCURVE_S1.);
#646 = CIRCLE('',#647,11.84);
#647 = AXIS2_PLACEMENT_3D('',#648,#649,#650);
#648 = CARTESIAN_POINT('',(0.,0.,12.49));
#649 = DIRECTION('',(-2.449293598295E-16,-1.,0.));
#650 = DIRECTION('',(1.,-2.449293598295E-16,0.));
#651 = PCURVE('',#572,#652);
#652 = DEFINITIONAL_REPRESENTATION('',(#653),#657);
#653 = LINE('',#654,#655);
#654 = CARTESIAN_POINT('',(6.28318530718,-6.28318530718));
#655 = VECTOR('',#656,1.);
#656 = DIRECTION('',(0.,1.));
#657 = ( GEOMETRIC_REPRESENTATION_CONTEXT(2) 
PARAMETRIC_REPRESENTATION_CONTEXT() REPRESENTATION_CONTEXT('2D SPACE',''
  ) );
#658 = PCURVE('',#572,#659);
#659 = DEFINITIONAL_REPRESENTATION('',(#660),#664);
#660 = LINE('',#661,#662);
#661 = CARTESIAN_POINT('',(0.,-6.28318530718));
#662 = VECTOR('',#663,1.);
#663 = DIRECTION('',(0.,1.));
#664 = ( GEOMETRIC_REPRESENTATION_CONTEXT(2) 
PARAMETRIC_REPRESENTATION_CONTEXT() REPRESENTATION_CONTEXT('2D SPACE',''
  ) );
#665 = ORIENTED_EDGE('',*,*,#555,.F.);
#666 = ORIENTED_EDGE('',*,*,#642,.F.);
#667 = ORIENTED_EDGE('',*,*,#668,.T.);
#668 = EDGE_CURVE('',#643,#669,#671,.T.);
#669 = VERTEX_POINT('',#670);
#670 = CARTESIAN_POINT('',(0.520751953125,0.238037109375,0.663852878563)
  );
#671 = SURFACE_CURVE('',#672,(#680,#691),.PCURVE_S1.);
#672 = B_SPLINE_CURVE_WITH_KNOTS('',6,(#673,#674,#675,#676,#677,#678,
    #679),.UNSPECIFIED.,.F.,.F.,(7,7),(0.,1.),.PIECEWISE_BEZIER_KNOTS.);
#673 = CARTESIAN_POINT('',(0.671488182829,-1.209215115369E-17,
    0.669056568094));
#674 = CARTESIAN_POINT('',(0.655100942126,4.582838011905E-02,
    0.668125691591));
#675 = CARTESIAN_POINT('',(0.634947514406,8.944033042554E-02,
    0.667221446094));
#676 = CARTESIAN_POINT('',(0.611117767822,0.1306308839,0.666333658661));
#677 = CARTESIAN_POINT('',(0.583835066727,0.169194286407,0.665464886833)
  );
#678 = CARTESIAN_POINT('',(0.553540665227,0.204999997939,0.66463172287)
  );
#679 = CARTESIAN_POINT('',(0.520751953125,0.238037109375,0.663852878563)
  );
#680 = PCURVE('',#572,#681);
#681 = DEFINITIONAL_REPRESENTATION('',(#682),#690);
#682 = B_SPLINE_CURVE_WITH_KNOTS('',6,(#683,#684,#685,#686,#687,#688,
    #689),.UNSPECIFIED.,.F.,.F.,(7,7),(0.,1.),.PIECEWISE_BEZIER_KNOTS.);
#683 = CARTESIAN_POINT('',(0.,-1.514052351288));
#684 = CARTESIAN_POINT('',(6.824897487542E-02,-1.515438640022));
#685 = CARTESIAN_POINT('',(0.13719486451,-1.516825894958));
#686 = CARTESIAN_POINT('',(0.207184979896,-1.518229187979));
#687 = CARTESIAN_POINT('',(0.278734573552,-1.519648390552));
#688 = CARTESIAN_POINT('',(0.352461401805,-1.521057681316));
#689 = CARTESIAN_POINT('',(0.42874478829,-1.522417925433));
#690 = ( GEOMETRIC_REPRESENTATION_CONTEXT(2) 
PARAMETRIC_REPRESENTATION_CONTEXT() REPRESENTATION_CONTEXT('2D SPACE',''
  ) );
#691 = PCURVE('',#692,#699);
#692 = SURFACE_OF_LINEAR_EXTRUSION('',#693,#697);
#693 = B_SPLINE_CURVE_WITH_KNOTS('',2,(#694,#695,#696),.UNSPECIFIED.,.F.
  ,.F.,(3,3),(0.,1.),.PIECEWISE_BEZIER_KNOTS.);
#694 = CARTESIAN_POINT('',(0.520751953125,0.238037109375,0.5));
#695 = CARTESIAN_POINT('',(0.714111328125,4.3212890625E-02,0.5));
#696 = CARTESIAN_POINT('',(0.714111328125,-0.262939453125,0.5));
#697 = VECTOR('',#698,1.);
#698 = DIRECTION('',(-0.,-0.,-1.));
#699 = DEFINITIONAL_REPRESENTATION('',(#700),#708);
#700 = B_SPLINE_CURVE_WITH_KNOTS('',6,(#701,#702,#703,#704,#705,#706,
    #707),.UNSPECIFIED.,.F.,.F.,(7,7),(0.,1.),.PIECEWISE_BEZIER_KNOTS.);
#701 = CARTESIAN_POINT('',(0.5304950986,-0.169056568094));
#702 = CARTESIAN_POINT('',(0.440240264319,-0.168125691591));
#703 = CARTESIAN_POINT('',(0.350063853586,-0.167221446094));
#704 = CARTESIAN_POINT('',(0.260385117298,-0.166333658661));
#705 = CARTESIAN_POINT('',(0.171750119954,-0.165464886833));
#706 = CARTESIAN_POINT('',(8.478697270692E-02,-0.16463172287));
#707 = CARTESIAN_POINT('',(0.,-0.163852878563));
#708 = ( GEOMETRIC_REPRESENTATION_CONTEXT(2) 
PARAMETRIC_REPRESENTATION_CONTEXT() REPRESENTATION_CONTEXT('2D SPACE',''
  ) );
#709 = ORIENTED_EDGE('',*,*,#710,.T.);
#710 = EDGE_CURVE('',#669,#711,#713,.T.);
#711 = VERTEX_POINT('',#712);
#712 = CARTESIAN_POINT('',(4.6142578125E-02,0.432861328125,
    0.658005158339));
#713 = SURFACE_CURVE('',#714,(#729,#747),.PCURVE_S1.);
#714 = B_SPLINE_CURVE_WITH_KNOTS('',7,(#715,#716,#717,#718,#719,#720,
    #721,#722,#723,#724,#725,#726,#727,#728),.UNSPECIFIED.,.F.,.F.,(8,6,
    8),(0.,0.636051571979,1.),.UNSPECIFIED.);
#715 = CARTESIAN_POINT('',(0.520751953125,0.238037109375,0.663852878563)
  );
#716 = CARTESIAN_POINT('',(0.48361903478,0.275451337707,0.662970844466)
  );
#717 = CARTESIAN_POINT('',(0.444610873899,0.308658380469,0.662195748917)
  );
#718 = CARTESIAN_POINT('',(0.40382589617,0.337569878822,0.661498955454)
  );
#719 = CARTESIAN_POINT('',(0.361447026387,0.36209877968,0.660862722745)
  );
#720 = CARTESIAN_POINT('',(0.317794717289,0.382227428115,0.660281529901)
  );
#721 = CARTESIAN_POINT('',(0.273276139153,0.398127175841,0.659759668076)
  );
#722 = CARTESIAN_POINT('',(0.202466460445,0.416909826245,0.6590446508));
#723 = CARTESIAN_POINT('',(0.176525224145,0.422451544276,0.658806387198)
  );
#724 = CARTESIAN_POINT('',(0.150480621683,0.426750239051,0.658591570851)
  );
#725 = CARTESIAN_POINT('',(0.124390716773,0.429870894382,0.658402073177)
  );
#726 = CARTESIAN_POINT('',(9.829589301909E-02,0.431884688647,
    0.658239843559));
#727 = CARTESIAN_POINT('',(7.221442682041E-02,0.432861328125,
    0.658106833697));
#728 = CARTESIAN_POINT('',(4.6142578125E-02,0.432861328125,
    0.658005158339));
#729 = PCURVE('',#572,#730);
#730 = DEFINITIONAL_REPRESENTATION('',(#731),#746);
#731 = B_SPLINE_CURVE_WITH_KNOTS('',7,(#732,#733,#734,#735,#736,#737,
    #738,#739,#740,#741,#742,#743,#744,#745),.UNSPECIFIED.,.F.,.F.,(8,6,
    8),(0.,0.636051571979,1.),.UNSPECIFIED.);
#732 = CARTESIAN_POINT('',(0.42874478829,-1.522417925433));
#733 = CARTESIAN_POINT('',(0.515135029927,-1.523958389528));
#734 = CARTESIAN_POINT('',(0.602617269431,-1.52536926281));
#735 = CARTESIAN_POINT('',(0.691211626756,-1.526683289368));
#736 = CARTESIAN_POINT('',(0.781126115935,-1.527923462651));
#737 = CARTESIAN_POINT('',(0.872806268962,-1.52909475385));
#738 = CARTESIAN_POINT('',(0.966683833248,-1.530179117489));
#739 = CARTESIAN_POINT('',(1.117983067375,-1.531702663715));
#740 = CARTESIAN_POINT('',(1.173819855352,-1.532219392472));
#741 = CARTESIAN_POINT('',(1.23045490325,-1.532692993195));
#742 = CARTESIAN_POINT('',(1.287894312137,-1.533116942235));
#743 = CARTESIAN_POINT('',(1.346111445815,-1.533484288154));
#744 = CARTESIAN_POINT('',(1.405043713746,-1.533788105915));
#745 = CARTESIAN_POINT('',(1.46459838487,-1.534021673902));
#746 = ( GEOMETRIC_REPRESENTATION_CONTEXT(2) 
PARAMETRIC_REPRESENTATION_CONTEXT() REPRESENTATION_CONTEXT('2D SPACE',''
  ) );
#747 = PCURVE('',#748,#755);
#748 = SURFACE_OF_LINEAR_EXTRUSION('',#749,#753);
#749 = B_SPLINE_CURVE_WITH_KNOTS('',2,(#750,#751,#752),.UNSPECIFIED.,.F.
  ,.F.,(3,3),(0.,1.),.PIECEWISE_BEZIER_KNOTS.);
#750 = CARTESIAN_POINT('',(4.6142578125E-02,0.432861328125,0.5));
#751 = CARTESIAN_POINT('',(0.327392578125,0.432861328125,0.5));
#752 = CARTESIAN_POINT('',(0.520751953125,0.238037109375,0.5));
#753 = VECTOR('',#754,1.);
#754 = DIRECTION('',(-0.,-0.,-1.));
#755 = DEFINITIONAL_REPRESENTATION('',(#756),#771);
#756 = B_SPLINE_CURVE_WITH_KNOTS('',7,(#757,#758,#759,#760,#761,#762,
    #763,#764,#765,#766,#767,#768,#769,#770),.UNSPECIFIED.,.F.,.F.,(8,6,
    8),(0.,0.636051571979,1.),.UNSPECIFIED.);
#757 = CARTESIAN_POINT('',(1.,-0.163852878563));
#758 = CARTESIAN_POINT('',(0.90397952428,-0.162970844466));
#759 = CARTESIAN_POINT('',(0.807999467968,-0.162195748917));
#760 = CARTESIAN_POINT('',(0.712305674294,-0.161498955454));
#761 = CARTESIAN_POINT('',(0.617293159907,-0.160862722745));
#762 = CARTESIAN_POINT('',(0.523545777904,-0.160281529901));
#763 = CARTESIAN_POINT('',(0.43164996162,-0.159759668076));
#764 = CARTESIAN_POINT('',(0.290702308589,-0.1590446508));
#765 = CARTESIAN_POINT('',(0.240140069528,-0.158806387198));
#766 = CARTESIAN_POINT('',(0.190390979283,-0.158591570851));
#767 = CARTESIAN_POINT('',(0.141506144892,-0.158402073177));
#768 = CARTESIAN_POINT('',(9.350027401318E-02,-0.158239843559));
#769 = CARTESIAN_POINT('',(4.634995323629E-02,-0.158106833697));
#770 = CARTESIAN_POINT('',(0.,-0.158005158339));
#771 = ( GEOMETRIC_REPRESENTATION_CONTEXT(2) 
PARAMETRIC_REPRESENTATION_CONTEXT() REPRESENTATION_CONTEXT('2D SPACE',''
  ) );
#772 = ORIENTED_EDGE('',*,*,#773,.T.);
#773 = EDGE_CURVE('',#711,#774,#776,.T.);
#774 = VERTEX_POINT('',#775);
#775 = CARTESIAN_POINT('',(-0.359619140625,0.298095703125,0.659217564951
    ));
#776 = SURFACE_CURVE('',#777,(#790,#806),.PCURVE_S1.);
#777 = B_SPLINE_CURVE_WITH_KNOTS('',6,(#778,#779,#780,#781,#782,#783,
    #784,#785,#786,#787,#788,#789),.UNSPECIFIED.,.F.,.F.,(7,5,7),(0.,
    0.63751535783,1.),.UNSPECIFIED.);
#778 = CARTESIAN_POINT('',(4.6142578125E-02,0.432861328125,
    0.658005158339));
#779 = CARTESIAN_POINT('',(6.15235286203E-04,0.432861328125,
    0.657827610174));
#780 = CARTESIAN_POINT('',(-4.43030235909E-02,0.429146494399,
    0.657726751814));
#781 = CARTESIAN_POINT('',(-8.860426419346E-02,0.421741596592,
    0.657692988));
#782 = CARTESIAN_POINT('',(-0.132241503512,0.410681893237,0.657725893128
    ));
#783 = CARTESIAN_POINT('',(-0.175215764067,0.396037522414,0.657832737613
    ));
#784 = CARTESIAN_POINT('',(-0.241691435767,0.367440642998,0.658142127045
    ));
#785 = CARTESIAN_POINT('',(-0.265595270601,0.355915298136,0.658283497873
    ));
#786 = CARTESIAN_POINT('',(-0.289319013674,0.343230553205,0.658457140507
    ));
#787 = CARTESIAN_POINT('',(-0.312881519715,0.329379194583,0.658667035554
    ));
#788 = CARTESIAN_POINT('',(-0.336306188832,0.314344124072,0.658918328679
    ));
#789 = CARTESIAN_POINT('',(-0.359619140625,0.298095703125,0.659217564951
    ));
#790 = PCURVE('',#572,#791);
#791 = DEFINITIONAL_REPRESENTATION('',(#792),#805);
#792 = B_SPLINE_CURVE_WITH_KNOTS('',6,(#793,#794,#795,#796,#797,#798,
    #799,#800,#801,#802,#803,#804),.UNSPECIFIED.,.F.,.F.,(7,5,7),(0.,
    0.63751535783,1.),.UNSPECIFIED.);
#793 = CARTESIAN_POINT('',(1.46459838487,-1.534021673902));
#794 = CARTESIAN_POINT('',(1.568594306356,-1.534429536421));
#795 = CARTESIAN_POINT('',(1.673062475885,-1.534666654027));
#796 = CARTESIAN_POINT('',(1.77785886702,-1.534746547243));
#797 = CARTESIAN_POINT('',(1.882962278567,-1.534668828801));
#798 = CARTESIAN_POINT('',(1.988238158354,-1.534417101266));
#799 = CARTESIAN_POINT('',(2.153098185212,-1.533707472693));
#800 = CARTESIAN_POINT('',(2.212800333858,-1.533385365801));
#801 = CARTESIAN_POINT('',(2.272384287842,-1.532993460749));
#802 = CARTESIAN_POINT('',(2.331764031963,-1.53252572495));
#803 = CARTESIAN_POINT('',(2.390832310953,-1.531975278653));
#804 = CARTESIAN_POINT('',(2.449464289154,-1.531334659639));
#805 = ( GEOMETRIC_REPRESENTATION_CONTEXT(2) 
PARAMETRIC_REPRESENTATION_CONTEXT() REPRESENTATION_CONTEXT('2D SPACE',''
  ) );
#806 = PCURVE('',#807,#814);
#807 = SURFACE_OF_LINEAR_EXTRUSION('',#808,#812);
#808 = B_SPLINE_CURVE_WITH_KNOTS('',2,(#809,#810,#811),.UNSPECIFIED.,.F.
  ,.F.,(3,3),(0.,1.),.PIECEWISE_BEZIER_KNOTS.);
#809 = CARTESIAN_POINT('',(-0.359619140625,0.298095703125,0.5));
#810 = CARTESIAN_POINT('',(-0.166259765625,0.432861328125,0.5));
#811 = CARTESIAN_POINT('',(4.6142578125E-02,0.432861328125,0.5));
#812 = VECTOR('',#813,1.);
#813 = DIRECTION('',(-0.,-0.,-1.));
#814 = DEFINITIONAL_REPRESENTATION('',(#815),#828);
#815 = B_SPLINE_CURVE_WITH_KNOTS('',6,(#816,#817,#818,#819,#820,#821,
    #822,#823,#824,#825,#826,#827),.UNSPECIFIED.,.F.,.F.,(7,5,7),(0.,
    0.63751535783,1.),.UNSPECIFIED.);
#816 = CARTESIAN_POINT('',(1.,-0.158005158339));
#817 = CARTESIAN_POINT('',(0.892827588352,-0.157827610174));
#818 = CARTESIAN_POINT('',(0.785853295527,-0.157726751814));
#819 = CARTESIAN_POINT('',(0.679104038298,-0.157692988));
#820 = CARTESIAN_POINT('',(0.572702143926,-0.157725893128));
#821 = CARTESIAN_POINT('',(0.466668535661,-0.157832737613));
#822 = CARTESIAN_POINT('',(0.300670990975,-0.158142127045));
#823 = CARTESIAN_POINT('',(0.240567096352,-0.158283497873));
#824 = CARTESIAN_POINT('',(0.180501486359,-0.158457140507));
#825 = CARTESIAN_POINT('',(0.120427377035,-0.158667035554));
#826 = CARTESIAN_POINT('',(6.028399655672E-02,-0.158918328679));
#827 = CARTESIAN_POINT('',(0.,-0.159217564951));
#828 = ( GEOMETRIC_REPRESENTATION_CONTEXT(2) 
PARAMETRIC_REPRESENTATION_CONTEXT() REPRESENTATION_CONTEXT('2D SPACE',''
  ) );
#829 = ORIENTED_EDGE('',*,*,#830,.T.);
#830 = EDGE_CURVE('',#774,#831,#833,.T.);
#831 = VERTEX_POINT('',#832);
#832 = CARTESIAN_POINT('',(-0.243896484375,0.875244140625,0.684913714876
    ));
#833 = SURFACE_CURVE('',#834,(#839,#859),.PCURVE_S1.);
#834 = CIRCLE('',#835,11.832857234318);
#835 = AXIS2_PLACEMENT_3D('',#836,#837,#838);
#836 = CARTESIAN_POINT('',(-0.40318041436,8.084074298071E-02,12.49));
#837 = DIRECTION('',(0.980484845825,-0.196594677209,0.));
#838 = DIRECTION('',(0.196594677209,0.980484845825,0.));
#839 = PCURVE('',#572,#840);
#840 = DEFINITIONAL_REPRESENTATION('',(#841),#858);
#841 = B_SPLINE_CURVE_WITH_KNOTS('',8,(#842,#843,#844,#845,#846,#847,
    #848,#849,#850,#851,#852,#853,#854,#855,#856,#857),.UNSPECIFIED.,.F.
  ,.F.,(9,7,9),(4.731115823606,4.756015018616,4.780914213626),
  .UNSPECIFIED.);
#842 = CARTESIAN_POINT('',(2.449464289154,-1.531334659639));
#843 = CARTESIAN_POINT('',(2.380067638793,-1.529858240303));
#844 = CARTESIAN_POINT('',(2.316607009007,-1.528164516621));
#845 = CARTESIAN_POINT('',(2.259214895896,-1.526286001991));
#846 = CARTESIAN_POINT('',(2.207495766316,-1.524254170737));
#847 = CARTESIAN_POINT('',(2.160842272647,-1.522094617539));
#848 = CARTESIAN_POINT('',(2.118678773304,-1.519827972423));
#849 = CARTESIAN_POINT('',(2.080460991179,-1.517470853142));
#850 = CARTESIAN_POINT('',(2.010963807175,-1.512602562302));
#851 = CARTESIAN_POINT('',(1.979684339533,-1.510091390585));
#852 = CARTESIAN_POINT('',(1.951395836713,-1.507516645788));
#853 = CARTESIAN_POINT('',(1.925684003668,-1.504888605253));
#854 = CARTESIAN_POINT('',(1.90220597876,-1.502215279265));
#855 = CARTESIAN_POINT('',(1.880678961865,-1.499503050952));
#856 = CARTESIAN_POINT('',(1.86086449964,-1.496757103965));
#857 = CARTESIAN_POINT('',(1.842563025925,-1.493981694629));
#858 = ( GEOMETRIC_REPRESENTATION_CONTEXT(2) 
PARAMETRIC_REPRESENTATION_CONTEXT() REPRESENTATION_CONTEXT('2D SPACE',''
  ) );
#859 = PCURVE('',#860,#865);
#860 = PLANE('',#861);
#861 = AXIS2_PLACEMENT_3D('',#862,#863,#864);
#862 = CARTESIAN_POINT('',(-0.243896484375,0.875244140625,0.5));
#863 = DIRECTION('',(0.980484845825,-0.196594677209,0.));
#864 = DIRECTION('',(-0.196594677209,-0.980484845825,0.));
#865 = DEFINITIONAL_REPRESENTATION('',(#866),#870);
#866 = CIRCLE('',#867,11.832857234318);
#867 = AXIS2_PLACEMENT_2D('',#868,#869);
#868 = CARTESIAN_POINT('',(0.810214865662,-11.99));
#869 = DIRECTION('',(-1.,0.));
#870 = ( GEOMETRIC_REPRESENTATION_CONTEXT(2) 
PARAMETRIC_REPRESENTATION_CONTEXT() REPRESENTATION_CONTEXT('2D SPACE',''
  ) );
#871 = ORIENTED_EDGE('',*,*,#872,.T.);
#872 = EDGE_CURVE('',#831,#873,#875,.T.);
#873 = VERTEX_POINT('',#874);
#874 = CARTESIAN_POINT('',(0.613037109375,0.875244140625,0.69831932264)
  );
#875 = SURFACE_CURVE('',#876,(#881,#899),.PCURVE_S1.);
#876 = CIRCLE('',#877,11.807605502146);
#877 = AXIS2_PLACEMENT_3D('',#878,#879,#880);
#878 = CARTESIAN_POINT('',(0.,0.875244140625,12.49));
#879 = DIRECTION('',(0.,-1.,0.));
#880 = DIRECTION('',(0.,-0.,-1.));
#881 = PCURVE('',#572,#882);
#882 = DEFINITIONAL_REPRESENTATION('',(#883),#898);
#883 = B_SPLINE_CURVE_WITH_KNOTS('',7,(#884,#885,#886,#887,#888,#889,
    #890,#891,#892,#893,#894,#895,#896,#897),.UNSPECIFIED.,.F.,.F.,(8,6,
    8),(6.262527957867,6.298827726217,6.335127494567),.UNSPECIFIED.);
#884 = CARTESIAN_POINT('',(1.842563025925,-1.493981694629));
#885 = CARTESIAN_POINT('',(1.777659658939,-1.495373706285));
#886 = CARTESIAN_POINT('',(1.710008992993,-1.496387454652));
#887 = CARTESIAN_POINT('',(1.640299635197,-1.496994244756));
#888 = CARTESIAN_POINT('',(1.569523895203,-1.497173019176));
#889 = CARTESIAN_POINT('',(1.498979343923,-1.496918665295));
#890 = CARTESIAN_POINT('',(1.429797288791,-1.496244408018));
#891 = CARTESIAN_POINT('',(1.295861999431,-1.494103024289));
#892 = CARTESIAN_POINT('',(1.231108808714,-1.49263591766));
#893 = CARTESIAN_POINT('',(1.169422323061,-1.490795912158));
#894 = CARTESIAN_POINT('',(1.111375849489,-1.488617563409));
#895 = CARTESIAN_POINT('',(1.057134591849,-1.486139241891));
#896 = CARTESIAN_POINT('',(1.006659641619,-1.483396507308));
#897 = CARTESIAN_POINT('',(0.959789605492,-1.480421521799));
#898 = ( GEOMETRIC_REPRESENTATION_CONTEXT(2) 
PARAMETRIC_REPRESENTATION_CONTEXT() REPRESENTATION_CONTEXT('2D SPACE',''
  ) );
#899 = PCURVE('',#900,#905);
#900 = PLANE('',#901);
#901 = AXIS2_PLACEMENT_3D('',#902,#903,#904);
#902 = CARTESIAN_POINT('',(0.613037109375,0.875244140625,0.5));
#903 = DIRECTION('',(0.,-1.,0.));
#904 = DIRECTION('',(-1.,0.,0.));
#905 = DEFINITIONAL_REPRESENTATION('',(#906),#910);
#906 = CIRCLE('',#907,11.807605502146);
#907 = AXIS2_PLACEMENT_2D('',#908,#909);
#908 = CARTESIAN_POINT('',(0.613037109375,-11.99));
#909 = DIRECTION('',(-0.,1.));
#910 = ( GEOMETRIC_REPRESENTATION_CONTEXT(2) 
PARAMETRIC_REPRESENTATION_CONTEXT() REPRESENTATION_CONTEXT('2D SPACE',''
  ) );
#911 = ORIENTED_EDGE('',*,*,#912,.T.);
#912 = EDGE_CURVE('',#873,#913,#915,.T.);
#913 = VERTEX_POINT('',#914);
#914 = CARTESIAN_POINT('',(0.613037109375,1.127197265625,0.71973187107)
  );
#915 = SURFACE_CURVE('',#916,(#921,#931),.PCURVE_S1.);
#916 = CIRCLE('',#917,11.824118804483);
#917 = AXIS2_PLACEMENT_3D('',#918,#919,#920);
#918 = CARTESIAN_POINT('',(0.613037109375,0.,12.49));
#919 = DIRECTION('',(1.,0.,0.));
#920 = DIRECTION('',(-0.,0.,1.));
#921 = PCURVE('',#572,#922);
#922 = DEFINITIONAL_REPRESENTATION('',(#923),#930);
#923 = B_SPLINE_CURVE_WITH_KNOTS('',5,(#924,#925,#926,#927,#928,#929),
  .UNSPECIFIED.,.F.,.F.,(6,6),(3.215682352118,3.237067978964),
  .PIECEWISE_BEZIER_KNOTS.);
#924 = CARTESIAN_POINT('',(0.959789605492,-1.480421521799));
#925 = CARTESIAN_POINT('',(0.98686650965,-1.476918252939));
#926 = CARTESIAN_POINT('',(1.011315727346,-1.473331941217));
#927 = CARTESIAN_POINT('',(1.033564085817,-1.469678635592));
#928 = CARTESIAN_POINT('',(1.053934296578,-1.465969125267));
#929 = CARTESIAN_POINT('',(1.072679616795,-1.462211739481));
#930 = ( GEOMETRIC_REPRESENTATION_CONTEXT(2) 
PARAMETRIC_REPRESENTATION_CONTEXT() REPRESENTATION_CONTEXT('2D SPACE',''
  ) );
#931 = PCURVE('',#932,#937);
#932 = PLANE('',#933);
#933 = AXIS2_PLACEMENT_3D('',#934,#935,#936);
#934 = CARTESIAN_POINT('',(0.613037109375,1.127197265625,0.5));
#935 = DIRECTION('',(1.,0.,0.));
#936 = DIRECTION('',(0.,-1.,0.));
#937 = DEFINITIONAL_REPRESENTATION('',(#938),#942);
#938 = CIRCLE('',#939,11.824118804483);
#939 = AXIS2_PLACEMENT_2D('',#940,#941);
#940 = CARTESIAN_POINT('',(1.127197265625,-11.99));
#941 = DIRECTION('',(0.,-1.));
#942 = ( GEOMETRIC_REPRESENTATION_CONTEXT(2) 
PARAMETRIC_REPRESENTATION_CONTEXT() REPRESENTATION_CONTEXT('2D SPACE',''
  ) );
#943 = ORIENTED_EDGE('',*,*,#944,.T.);
#944 = EDGE_CURVE('',#913,#945,#947,.T.);
#945 = VERTEX_POINT('',#946);
#946 = CARTESIAN_POINT('',(-0.454833984375,1.127197265625,0.71255747749)
  );
#947 = SURFACE_CURVE('',#948,(#953,#973),.PCURVE_S1.);
#948 = CIRCLE('',#949,11.786221885081);
#949 = AXIS2_PLACEMENT_3D('',#950,#951,#952);
#950 = CARTESIAN_POINT('',(0.,1.127197265625,12.49));
#951 = DIRECTION('',(0.,1.,0.));
#952 = DIRECTION('',(0.,-0.,1.));
#953 = PCURVE('',#572,#954);
#954 = DEFINITIONAL_REPRESENTATION('',(#955),#972);
#955 = B_SPLINE_CURVE_WITH_KNOTS('',8,(#956,#957,#958,#959,#960,#961,
    #962,#963,#964,#965,#966,#967,#968,#969,#970,#971),.UNSPECIFIED.,.F.
  ,.F.,(9,7,9),(3.08955614297,3.134874346781,3.180192550593),
  .UNSPECIFIED.);
#956 = CARTESIAN_POINT('',(1.072679616795,-1.462211739481));
#957 = CARTESIAN_POINT('',(1.118329192622,-1.464918210289));
#958 = CARTESIAN_POINT('',(1.166584624841,-1.467365057357));
#959 = CARTESIAN_POINT('',(1.217414335876,-1.469526391772));
#960 = CARTESIAN_POINT('',(1.270687270062,-1.471375691391));
#961 = CARTESIAN_POINT('',(1.326142618573,-1.472887300803));
#962 = CARTESIAN_POINT('',(1.383344465118,-1.474039212594));
#963 = CARTESIAN_POINT('',(1.441724028982,-1.474816812619));
#964 = CARTESIAN_POINT('',(1.559603921414,-1.475610729477));
#965 = CARTESIAN_POINT('',(1.619104234761,-1.475627045867));
#966 = CARTESIAN_POINT('',(1.678547233004,-1.475256407029));
#967 = CARTESIAN_POINT('',(1.737266213792,-1.474500767754));
#968 = CARTESIAN_POINT('',(1.794621642737,-1.473371611179));
#969 = CARTESIAN_POINT('',(1.850120679029,-1.471888270277));
#970 = CARTESIAN_POINT('',(1.903423404003,-1.470074134584));
#971 = CARTESIAN_POINT('',(1.954323842752,-1.467954409396));
#972 = ( GEOMETRIC_REPRESENTATION_CONTEXT(2) 
PARAMETRIC_REPRESENTATION_CONTEXT() REPRESENTATION_CONTEXT('2D SPACE',''
  ) );
#973 = PCURVE('',#974,#979);
#974 = PLANE('',#975);
#975 = AXIS2_PLACEMENT_3D('',#976,#977,#978);
#976 = CARTESIAN_POINT('',(-0.454833984375,1.127197265625,0.5));
#977 = DIRECTION('',(0.,1.,0.));
#978 = DIRECTION('',(1.,0.,0.));
#979 = DEFINITIONAL_REPRESENTATION('',(#980),#984);
#980 = CIRCLE('',#981,11.786221885081);
#981 = AXIS2_PLACEMENT_2D('',#982,#983);
#982 = CARTESIAN_POINT('',(0.454833984375,-11.99));
#983 = DIRECTION('',(0.,-1.));
#984 = ( GEOMETRIC_REPRESENTATION_CONTEXT(2) 
PARAMETRIC_REPRESENTATION_CONTEXT() REPRESENTATION_CONTEXT('2D SPACE',''
  ) );
#985 = ORIENTED_EDGE('',*,*,#986,.T.);
#986 = EDGE_CURVE('',#945,#987,#989,.T.);
#987 = VERTEX_POINT('',#988);
#988 = CARTESIAN_POINT('',(-0.662841796875,2.4169921875E-02,
    0.668593291524));
#989 = SURFACE_CURVE('',#990,(#995,#1022),.PCURVE_S1.);
#990 = CIRCLE('',#991,11.821821930654);
#991 = AXIS2_PLACEMENT_3D('',#992,#993,#994);
#992 = CARTESIAN_POINT('',(-0.64448068537,0.121535534293,12.49));
#993 = DIRECTION('',(-0.982679593723,0.18531275207,0.));
#994 = DIRECTION('',(-0.18531275207,-0.982679593723,0.));
#995 = PCURVE('',#572,#996);
#996 = DEFINITIONAL_REPRESENTATION('',(#997),#1021);
#997 = B_SPLINE_CURVE_WITH_KNOTS('',8,(#998,#999,#1000,#1001,#1002,#1003
    ,#1004,#1005,#1006,#1007,#1008,#1009,#1010,#1011,#1012,#1013,#1014,
    #1015,#1016,#1017,#1018,#1019,#1020),.UNSPECIFIED.,.F.,.F.,(9,7,7,9)
  ,(4.625712852746,4.673241595007,4.697005966137,4.720770337267),
  .UNSPECIFIED.);
#998 = CARTESIAN_POINT('',(1.954323842752,-1.467954409396));
#999 = CARTESIAN_POINT('',(1.985383967927,-1.472956485254));
#1000 = CARTESIAN_POINT('',(2.019903383197,-1.477844774716));
#1001 = CARTESIAN_POINT('',(2.058462649142,-1.482597108561));
#1002 = CARTESIAN_POINT('',(2.101768935351,-1.487185292228));
#1003 = CARTESIAN_POINT('',(2.150668670141,-1.491572134002));
#1004 = CARTESIAN_POINT('',(2.206166991406,-1.495709677549));
#1005 = CARTESIAN_POINT('',(2.26936572788,-1.49953088327));
#1006 = CARTESIAN_POINT('',(2.376539873159,-1.504668069328));
#1007 = CARTESIAN_POINT('',(2.414327270614,-1.506281362841));
#1008 = CARTESIAN_POINT('',(2.454246563991,-1.507785541303));
#1009 = CARTESIAN_POINT('',(2.496332198588,-1.509169813016));
#1010 = CARTESIAN_POINT('',(2.540567945786,-1.510422737724));
#1011 = CARTESIAN_POINT('',(2.586857913003,-1.511532773082));
#1012 = CARTESIAN_POINT('',(2.635005643739,-1.512489131882));
#1013 = CARTESIAN_POINT('',(2.734439320769,-1.514076556631));
#1014 = CARTESIAN_POINT('',(2.785725371737,-1.514707619242));
#1015 = CARTESIAN_POINT('',(2.83829152873,-1.515167067384));
#1016 = CARTESIAN_POINT('',(2.891759393811,-1.515447667729));
#1017 = CARTESIAN_POINT('',(2.945662690359,-1.515545015415));
#1018 = CARTESIAN_POINT('',(2.999499395408,-1.515458276267));
#1019 = CARTESIAN_POINT('',(3.052795925942,-1.515190260958));
#1020 = CARTESIAN_POINT('',(3.105144713557,-1.51474651789));
#1021 = ( GEOMETRIC_REPRESENTATION_CONTEXT(2) 
PARAMETRIC_REPRESENTATION_CONTEXT() REPRESENTATION_CONTEXT('2D SPACE',''
  ) );
#1022 = PCURVE('',#1023,#1028);
#1023 = PLANE('',#1024);
#1024 = AXIS2_PLACEMENT_3D('',#1025,#1026,#1027);
#1025 = CARTESIAN_POINT('',(-0.662841796875,2.4169921875E-02,0.5));
#1026 = DIRECTION('',(-0.982679593723,0.18531275207,0.));
#1027 = DIRECTION('',(0.18531275207,0.982679593723,0.));
#1028 = DEFINITIONAL_REPRESENTATION('',(#1029),#1033);
#1029 = CIRCLE('',#1030,11.821821930654);
#1030 = AXIS2_PLACEMENT_2D('',#1031,#1032);
#1031 = CARTESIAN_POINT('',(9.908174855748E-02,-11.99));
#1032 = DIRECTION('',(-1.,-0.));
#1033 = ( GEOMETRIC_REPRESENTATION_CONTEXT(2) 
PARAMETRIC_REPRESENTATION_CONTEXT() REPRESENTATION_CONTEXT('2D SPACE',''
  ) );
#1034 = ORIENTED_EDGE('',*,*,#1035,.T.);
#1035 = EDGE_CURVE('',#987,#1036,#1038,.T.);
#1036 = VERTEX_POINT('',#1037);
#1037 = CARTESIAN_POINT('',(-0.415283203125,-8.056640625E-03,
    0.657287929146));
#1038 = SURFACE_CURVE('',#1039,(#1044,#1057),.PCURVE_S1.);
#1039 = CIRCLE('',#1040,11.839839768951);
#1040 = AXIS2_PLACEMENT_3D('',#1041,#1042,#1043);
#1041 = CARTESIAN_POINT('',(-7.951511797426E-03,-6.108206789841E-02,
    12.49));
#1042 = DIRECTION('',(-0.129088332376,-0.991633098704,0.));
#1043 = DIRECTION('',(0.991633098704,-0.129088332376,0.));
#1044 = PCURVE('',#572,#1045);
#1045 = DEFINITIONAL_REPRESENTATION('',(#1046),#1056);
#1046 = B_SPLINE_CURVE_WITH_KNOTS('',8,(#1047,#1048,#1049,#1050,#1051,
    #1052,#1053,#1054,#1055),.UNSPECIFIED.,.F.,.F.,(9,9),(4.656580888972
    ,4.677688257402),.PIECEWISE_BEZIER_KNOTS.);
#1047 = CARTESIAN_POINT('',(3.105144713557,-1.51474651789));
#1048 = CARTESIAN_POINT('',(3.109511672824,-1.517373536915));
#1049 = CARTESIAN_POINT('',(3.114346748262,-1.519999332966));
#1050 = CARTESIAN_POINT('',(3.11973710585,-1.522623677703));
#1051 = CARTESIAN_POINT('',(3.12579769403,-1.525246269509));
#1052 = CARTESIAN_POINT('',(3.132676846031,-1.527866719472));
#1053 = CARTESIAN_POINT('',(3.1405924667,-1.530484453847));
#1054 = CARTESIAN_POINT('',(3.149844061654,-1.5330986852));
#1055 = CARTESIAN_POINT('',(3.160990572946,-1.535707932311));
#1056 = ( GEOMETRIC_REPRESENTATION_CONTEXT(2) 
PARAMETRIC_REPRESENTATION_CONTEXT() REPRESENTATION_CONTEXT('2D SPACE',''
  ) );
#1057 = PCURVE('',#1058,#1063);
#1058 = PLANE('',#1059);
#1059 = AXIS2_PLACEMENT_3D('',#1060,#1061,#1062);
#1060 = CARTESIAN_POINT('',(-0.415283203125,-8.056640625E-03,0.5));
#1061 = DIRECTION('',(-0.129088332376,-0.991633098704,0.));
#1062 = DIRECTION('',(-0.991633098704,0.129088332376,0.));
#1063 = DEFINITIONAL_REPRESENTATION('',(#1064),#1068);
#1064 = CIRCLE('',#1065,11.839839768951);
#1065 = AXIS2_PLACEMENT_2D('',#1066,#1067);
#1066 = CARTESIAN_POINT('',(-0.410768551252,-11.99));
#1067 = DIRECTION('',(-1.,0.));
#1068 = ( GEOMETRIC_REPRESENTATION_CONTEXT(2) 
PARAMETRIC_REPRESENTATION_CONTEXT() REPRESENTATION_CONTEXT('2D SPACE',''
  ) );
#1069 = ORIENTED_EDGE('',*,*,#1070,.T.);
#1070 = EDGE_CURVE('',#1036,#1071,#1073,.T.);
#1071 = VERTEX_POINT('',#1072);
#1072 = CARTESIAN_POINT('',(-0.254150390625,0.14208984375,0.653580860106
    ));
#1073 = SURFACE_CURVE('',#1074,(#1083,#1095),.PCURVE_S1.);
#1074 = B_SPLINE_CURVE_WITH_KNOTS('',7,(#1075,#1076,#1077,#1078,#1079,
    #1080,#1081,#1082),.UNSPECIFIED.,.F.,.F.,(8,8),(0.,1.),
  .PIECEWISE_BEZIER_KNOTS.);
#1075 = CARTESIAN_POINT('',(-0.415283203125,-8.056640625E-03,
    0.657287929146));
#1076 = CARTESIAN_POINT('',(-0.397923659212,1.928464103763E-02,
    0.656660059065));
#1077 = CARTESIAN_POINT('',(-0.378405402874,4.471956400002E-02,
    0.656061171621));
#1078 = CARTESIAN_POINT('',(-0.356803830035,6.8228540766E-02,
    0.655488791506));
#1079 = CARTESIAN_POINT('',(-0.333258923114,8.97571132434E-02,
    0.65494573532));
#1080 = CARTESIAN_POINT('',(-0.308012389357,0.109240450667,
    0.654440180448));
#1081 = CARTESIAN_POINT('',(-0.281490390434,0.126662272429,
    0.653982702114));
#1082 = CARTESIAN_POINT('',(-0.254150390625,0.14208984375,0.653580860106
    ));
#1083 = PCURVE('',#572,#1084);
#1084 = DEFINITIONAL_REPRESENTATION('',(#1085),#1094);
#1085 = B_SPLINE_CURVE_WITH_KNOTS('',7,(#1086,#1087,#1088,#1089,#1090,
    #1091,#1092,#1093),.UNSPECIFIED.,.F.,.F.,(8,8),(0.,1.),
  .PIECEWISE_BEZIER_KNOTS.);
#1086 = CARTESIAN_POINT('',(3.160990572946,-1.535707932311));
#1087 = CARTESIAN_POINT('',(3.095988328152,-1.537219556072));
#1088 = CARTESIAN_POINT('',(3.029144462634,-1.538737319189));
#1089 = CARTESIAN_POINT('',(2.959671222549,-1.540268502423));
#1090 = CARTESIAN_POINT('',(2.886550646246,-1.541808882633));
#1091 = CARTESIAN_POINT('',(2.808497772246,-1.543340559116));
#1092 = CARTESIAN_POINT('',(2.723874115395,-1.544821421854));
#1093 = CARTESIAN_POINT('',(2.631806640398,-1.546201499903));
#1094 = ( GEOMETRIC_REPRESENTATION_CONTEXT(2) 
PARAMETRIC_REPRESENTATION_CONTEXT() REPRESENTATION_CONTEXT('2D SPACE',''
  ) );
#1095 = PCURVE('',#1096,#1103);
#1096 = SURFACE_OF_LINEAR_EXTRUSION('',#1097,#1101);
#1097 = B_SPLINE_CURVE_WITH_KNOTS('',2,(#1098,#1099,#1100),
  .UNSPECIFIED.,.F.,.F.,(3,3),(0.,1.),.PIECEWISE_BEZIER_KNOTS.);
#1098 = CARTESIAN_POINT('',(-0.254150390625,0.14208984375,0.5));
#1099 = CARTESIAN_POINT('',(-0.356689453125,8.4228515625E-02,0.5));
#1100 = CARTESIAN_POINT('',(-0.415283203125,-8.056640625E-03,0.5));
#1101 = VECTOR('',#1102,1.);
#1102 = DIRECTION('',(-0.,-0.,-1.));
#1103 = DEFINITIONAL_REPRESENTATION('',(#1104),#1113);
#1104 = B_SPLINE_CURVE_WITH_KNOTS('',7,(#1105,#1106,#1107,#1108,#1109,
    #1110,#1111,#1112),.UNSPECIFIED.,.F.,.F.,(8,8),(0.,1.),
  .PIECEWISE_BEZIER_KNOTS.);
#1105 = CARTESIAN_POINT('',(1.,-0.157287929146));
#1106 = CARTESIAN_POINT('',(0.851865225278,-0.156660059065));
#1107 = CARTESIAN_POINT('',(0.704509730115,-0.156061171621));
#1108 = CARTESIAN_POINT('',(0.558218091123,-0.155488791506));
#1109 = CARTESIAN_POINT('',(0.413584123319,-0.15494573532));
#1110 = CARTESIAN_POINT('',(0.271527502121,-0.154440180448));
#1111 = CARTESIAN_POINT('',(0.133315046689,-0.153982702114));
#1112 = CARTESIAN_POINT('',(0.,-0.153580860106));
#1113 = ( GEOMETRIC_REPRESENTATION_CONTEXT(2) 
PARAMETRIC_REPRESENTATION_CONTEXT() REPRESENTATION_CONTEXT('2D SPACE',''
  ) );
#1114 = ORIENTED_EDGE('',*,*,#1115,.T.);
#1115 = EDGE_CURVE('',#1071,#1116,#1118,.T.);
#1116 = VERTEX_POINT('',#1117);
#1117 = CARTESIAN_POINT('',(-2.4169921875E-02,0.199951171875,
    0.651713158411));
#1118 = SURFACE_CURVE('',#1119,(#1132,#1148),.PCURVE_S1.);
#1119 = B_SPLINE_CURVE_WITH_KNOTS('',6,(#1120,#1121,#1122,#1123,#1124,
    #1125,#1126,#1127,#1128,#1129,#1130,#1131),.UNSPECIFIED.,.F.,.F.,(7,
    5,7),(0.,0.479778924996,1.),.UNSPECIFIED.);
#1120 = CARTESIAN_POINT('',(-0.254150390625,0.14208984375,0.653580860106
    ));
#1121 = CARTESIAN_POINT('',(-0.235615361336,0.152548895991,
    0.653308433133));
#1122 = CARTESIAN_POINT('',(-0.216874074332,0.161714508791,
    0.653061978338));
#1123 = CARTESIAN_POINT('',(-0.198011276567,0.169619227226,
    0.652840009804));
#1124 = CARTESIAN_POINT('',(-0.179129337926,0.176312683469,
    0.652641897738));
#1125 = CARTESIAN_POINT('',(-0.160333547614,0.181874360441,
    0.652467209458));
#1126 = CARTESIAN_POINT('',(-0.12149510083,0.191300468998,0.652150728742
    ));
#1127 = CARTESIAN_POINT('',(-0.101475948629,0.194983571612,
    0.652012909822));
#1128 = CARTESIAN_POINT('',(-8.174585547731E-02,0.197561032944,
    0.651901275687));
#1129 = CARTESIAN_POINT('',(-6.233861621177E-02,0.199177935008,
    0.651814694929));
#1130 = CARTESIAN_POINT('',(-4.318886557228E-02,0.199951171875,
    0.651751988893));
#1131 = CARTESIAN_POINT('',(-2.4169921875E-02,0.199951171875,
    0.651713158411));
#1132 = PCURVE('',#572,#1133);
#1133 = DEFINITIONAL_REPRESENTATION('',(#1134),#1147);
#1134 = B_SPLINE_CURVE_WITH_KNOTS('',6,(#1135,#1136,#1137,#1138,#1139,
    #1140,#1141,#1142,#1143,#1144,#1145,#1146),.UNSPECIFIED.,.F.,.F.,(7,
    5,7),(0.,0.479778924996,1.),.UNSPECIFIED.);
#1135 = CARTESIAN_POINT('',(2.631806640398,-1.546201499903));
#1136 = CARTESIAN_POINT('',(2.569389911886,-1.547137117577));
#1137 = CARTESIAN_POINT('',(2.504806994373,-1.548026240885));
#1138 = CARTESIAN_POINT('',(2.437827289234,-1.548866001609));
#1139 = CARTESIAN_POINT('',(2.368217154001,-1.549650450611));
#1140 = CARTESIAN_POINT('',(2.295840676133,-1.550371015926));
#1141 = CARTESIAN_POINT('',(2.139426279912,-1.551722676228));
#1142 = CARTESIAN_POINT('',(2.054899793062,-1.55234127971));
#1143 = CARTESIAN_POINT('',(1.967356751965,-1.552864557226));
#1144 = CARTESIAN_POINT('',(1.877142785623,-1.55328329402));
#1145 = CARTESIAN_POINT('',(1.784839919224,-1.553592009446));
#1146 = CARTESIAN_POINT('',(1.691091803723,-1.553784805828));
#1147 = ( GEOMETRIC_REPRESENTATION_CONTEXT(2) 
PARAMETRIC_REPRESENTATION_CONTEXT() REPRESENTATION_CONTEXT('2D SPACE',''
  ) );
#1148 = PCURVE('',#1149,#1156);
#1149 = SURFACE_OF_LINEAR_EXTRUSION('',#1150,#1154);
#1150 = B_SPLINE_CURVE_WITH_KNOTS('',2,(#1151,#1152,#1153),
  .UNSPECIFIED.,.F.,.F.,(3,3),(0.,1.),.PIECEWISE_BEZIER_KNOTS.);
#1151 = CARTESIAN_POINT('',(-2.4169921875E-02,0.199951171875,0.5));
#1152 = CARTESIAN_POINT('',(-0.151611328125,0.199951171875,0.5));
#1153 = CARTESIAN_POINT('',(-0.254150390625,0.14208984375,0.5));
#1154 = VECTOR('',#1155,1.);
#1155 = DIRECTION('',(-0.,-0.,-1.));
#1156 = DEFINITIONAL_REPRESENTATION('',(#1157),#1170);
#1157 = B_SPLINE_CURVE_WITH_KNOTS('',6,(#1158,#1159,#1160,#1161,#1162,
    #1163,#1164,#1165,#1166,#1167,#1168,#1169),.UNSPECIFIED.,.F.,.F.,(7,
    5,7),(0.,0.479778924996,1.),.UNSPECIFIED.);
#1158 = CARTESIAN_POINT('',(1.,-0.153580860106));
#1159 = CARTESIAN_POINT('',(0.909619666707,-0.153308433133));
#1160 = CARTESIAN_POINT('',(0.820614131581,-0.153061978338));
#1161 = CARTESIAN_POINT('',(0.733260934772,-0.152840009804));
#1162 = CARTESIAN_POINT('',(0.647877905485,-0.152641897738));
#1163 = CARTESIAN_POINT('',(0.564743922337,-0.152467209458));
#1164 = CARTESIAN_POINT('',(0.396449902911,-0.152150728742));
#1165 = CARTESIAN_POINT('',(0.311688263788,-0.152012909822));
#1166 = CARTESIAN_POINT('',(0.229927629939,-0.151901275687));
#1167 = CARTESIAN_POINT('',(0.151055614327,-0.151814694929));
#1168 = CARTESIAN_POINT('',(7.461838446748E-02,-0.151751988893));
#1169 = CARTESIAN_POINT('',(0.,-0.151713158411));
#1170 = ( GEOMETRIC_REPRESENTATION_CONTEXT(2) 
PARAMETRIC_REPRESENTATION_CONTEXT() REPRESENTATION_CONTEXT('2D SPACE',''
  ) );
#1171 = ORIENTED_EDGE('',*,*,#1172,.T.);
#1172 = EDGE_CURVE('',#1116,#1173,#1175,.T.);
#1173 = VERTEX_POINT('',#1174);
#1174 = CARTESIAN_POINT('',(0.3076171875,6.9580078125E-02,0.65420132485)
  );
#1175 = SURFACE_CURVE('',#1176,(#1194,#1215),.PCURVE_S1.);
#1176 = B_SPLINE_CURVE_WITH_KNOTS('',6,(#1177,#1178,#1179,#1180,#1181,
    #1182,#1183,#1184,#1185,#1186,#1187,#1188,#1189,#1190,#1191,#1192,
    #1193),.UNSPECIFIED.,.F.,.F.,(7,5,5,7),(0.,0.285737094279,
    0.642934386379,1.),.UNSPECIFIED.);
#1177 = CARTESIAN_POINT('',(-2.4169921875E-02,0.199951171875,
    0.651713158411));
#1178 = CARTESIAN_POINT('',(-8.618449742903E-03,0.199951171875,
    0.651681407375));
#1179 = CARTESIAN_POINT('',(6.653954980556E-03,0.199501376219,
    0.651667143031));
#1180 = CARTESIAN_POINT('',(2.179255606443E-02,0.198602573813,
    0.65166844075));
#1181 = CARTESIAN_POINT('',(3.691624811059E-02,0.197228312929,
    0.651684635211));
#1182 = CARTESIAN_POINT('',(5.212272127319E-02,0.195325972792,
    0.651715791576));
#1183 = CARTESIAN_POINT('',(8.666920352924E-02,0.189685060314,
    0.651820822969));
#1184 = CARTESIAN_POINT('',(0.106094244245,0.185605858361,0.651903441874
    ));
#1185 = CARTESIAN_POINT('',(0.12586596834,0.180433736481,0.652011369475)
  );
#1186 = CARTESIAN_POINT('',(0.146023564896,0.173965805358,0.652146834311
    ));
#1187 = CARTESIAN_POINT('',(0.166466147913,0.16596664661,0.65231187511)
  );
#1188 = CARTESIAN_POINT('',(0.207534942757,0.146559625438,0.652704481527
    ));
#1189 = CARTESIAN_POINT('',(0.228164597584,0.135151279311,0.65293205702)
  );
#1190 = CARTESIAN_POINT('',(0.248712983055,0.121856145948,0.653192801349
    ));
#1191 = CARTESIAN_POINT('',(0.268935813935,0.10653443414,0.653488546587)
  );
#1192 = CARTESIAN_POINT('',(0.288622703266,8.912353589138E-02,
    0.653822542258));
#1193 = CARTESIAN_POINT('',(0.3076171875,6.9580078125E-02,0.65420132485)
  );
#1194 = PCURVE('',#572,#1195);
#1195 = DEFINITIONAL_REPRESENTATION('',(#1196),#1214);
#1196 = B_SPLINE_CURVE_WITH_KNOTS('',6,(#1197,#1198,#1199,#1200,#1201,
    #1202,#1203,#1204,#1205,#1206,#1207,#1208,#1209,#1210,#1211,#1212,
    #1213),.UNSPECIFIED.,.F.,.F.,(7,5,5,7),(0.,0.285737094279,
    0.642934386379,1.),.UNSPECIFIED.);
#1197 = CARTESIAN_POINT('',(1.691091803723,-1.553784805828));
#1198 = CARTESIAN_POINT('',(1.614435537799,-1.553942452205));
#1199 = CARTESIAN_POINT('',(1.537718126868,-1.554015024773));
#1200 = CARTESIAN_POINT('',(1.461134591105,-1.554008559558));
#1201 = CARTESIAN_POINT('',(1.384881257981,-1.553926352717));
#1202 = CARTESIAN_POINT('',(1.309162334254,-1.553770203782));
#1203 = CARTESIAN_POINT('',(1.140423410102,-1.553256061246));
#1204 = CARTESIAN_POINT('',(1.047802610563,-1.552857312066));
#1205 = CARTESIAN_POINT('',(0.956724595901,-1.552348734583));
#1206 = CARTESIAN_POINT('',(0.867597170189,-1.551733089878));
#1207 = CARTESIAN_POINT('',(0.780676373889,-1.551018026403));
#1208 = CARTESIAN_POINT('',(0.611507121214,-1.549406983121));
#1209 = CARTESIAN_POINT('',(0.529242205231,-1.548510937253));
#1210 = CARTESIAN_POINT('',(0.449380878031,-1.547532596738));
#1211 = CARTESIAN_POINT('',(0.371765282826,-1.546480624495));
#1212 = CARTESIAN_POINT('',(0.296173632726,-1.545356662433));
#1213 = CARTESIAN_POINT('',(0.222447265426,-1.544155658137));
#1214 = ( GEOMETRIC_REPRESENTATION_CONTEXT(2) 
PARAMETRIC_REPRESENTATION_CONTEXT() REPRESENTATION_CONTEXT('2D SPACE',''
  ) );
#1215 = PCURVE('',#1216,#1223);
#1216 = SURFACE_OF_LINEAR_EXTRUSION('',#1217,#1221);
#1217 = B_SPLINE_CURVE_WITH_KNOTS('',2,(#1218,#1219,#1220),
  .UNSPECIFIED.,.F.,.F.,(3,3),(0.,1.),.PIECEWISE_BEZIER_KNOTS.);
#1218 = CARTESIAN_POINT('',(0.3076171875,6.9580078125E-02,0.5));
#1219 = CARTESIAN_POINT('',(0.180908203125,0.199951171875,0.5));
#1220 = CARTESIAN_POINT('',(-2.4169921875E-02,0.199951171875,0.5));
#1221 = VECTOR('',#1222,1.);
#1222 = DIRECTION('',(-0.,-0.,-1.));
#1223 = DEFINITIONAL_REPRESENTATION('',(#1224),#1242);
#1224 = B_SPLINE_CURVE_WITH_KNOTS('',6,(#1225,#1226,#1227,#1228,#1229,
    #1230,#1231,#1232,#1233,#1234,#1235,#1236,#1237,#1238,#1239,#1240,
    #1241),.UNSPECIFIED.,.F.,.F.,(7,5,5,7),(0.,0.285737094279,
    0.642934386379,1.),.UNSPECIFIED.);
#1225 = CARTESIAN_POINT('',(1.,-0.151713158411));
#1226 = CARTESIAN_POINT('',(0.962084029849,-0.151681407375));
#1227 = CARTESIAN_POINT('',(0.924189233646,-0.151667143031));
#1228 = CARTESIAN_POINT('',(0.885962600704,-0.15166844075));
#1229 = CARTESIAN_POINT('',(0.847075487097,-0.151684635211));
#1230 = CARTESIAN_POINT('',(0.8072125941,-0.151715791576));
#1231 = CARTESIAN_POINT('',(0.714717678207,-0.151820822969));
#1232 = CARTESIAN_POINT('',(0.661379114524,-0.151903441874));
#1233 = CARTESIAN_POINT('',(0.605593524042,-0.152011369475));
#1234 = CARTESIAN_POINT('',(0.546968006163,-0.152146834311));
#1235 = CARTESIAN_POINT('',(0.485403502184,-0.15231187511));
#1236 = CARTESIAN_POINT('',(0.356831005268,-0.152704481527));
#1237 = CARTESIAN_POINT('',(0.289813909053,-0.15293205702));
#1238 = CARTESIAN_POINT('',(0.220229686354,-0.153192801349));
#1239 = CARTESIAN_POINT('',(0.148469050325,-0.153488546587));
#1240 = CARTESIAN_POINT('',(7.495318633998E-02,-0.153822542258));
#1241 = CARTESIAN_POINT('',(0.,-0.15420132485));
#1242 = ( GEOMETRIC_REPRESENTATION_CONTEXT(2) 
PARAMETRIC_REPRESENTATION_CONTEXT() REPRESENTATION_CONTEXT('2D SPACE',''
  ) );
#1243 = ORIENTED_EDGE('',*,*,#1244,.T.);
#1244 = EDGE_CURVE('',#1173,#1245,#1247,.T.);
#1245 = VERTEX_POINT('',#1246);
#1246 = CARTESIAN_POINT('',(0.362088283402,-8.868605145531E-17,
    0.655537947375));
#1247 = SURFACE_CURVE('',#1248,(#1255,#1265),.PCURVE_S1.);
#1248 = B_SPLINE_CURVE_WITH_KNOTS('',5,(#1249,#1250,#1251,#1252,#1253,
    #1254),.UNSPECIFIED.,.F.,.F.,(6,6),(0.,1.),
  .PIECEWISE_BEZIER_KNOTS.);
#1249 = CARTESIAN_POINT('',(0.3076171875,6.9580078125E-02,0.65420132485)
  );
#1250 = CARTESIAN_POINT('',(0.319600323516,5.725060869789E-02,
    0.654440289134));
#1251 = CARTESIAN_POINT('',(0.331135851411,4.412081397481E-02,
    0.654694139518));
#1252 = CARTESIAN_POINT('',(0.342116283545,3.019070405887E-02,
    0.654961996416));
#1253 = CARTESIAN_POINT('',(0.352453789536,1.547740202766E-02,
    0.655243169516));
#1254 = CARTESIAN_POINT('',(0.362088283402,-8.605140260827E-17,
    0.655537947375));
#1255 = PCURVE('',#572,#1256);
#1256 = DEFINITIONAL_REPRESENTATION('',(#1257),#1264);
#1257 = B_SPLINE_CURVE_WITH_KNOTS('',5,(#1258,#1259,#1260,#1261,#1262,
    #1263),.UNSPECIFIED.,.F.,.F.,(6,6),(0.,1.),
  .PIECEWISE_BEZIER_KNOTS.);
#1258 = CARTESIAN_POINT('',(0.222447265426,-1.544155658137));
#1259 = CARTESIAN_POINT('',(0.175935179261,-1.543397975135));
#1260 = CARTESIAN_POINT('',(0.130567686229,-1.542620018429));
#1261 = CARTESIAN_POINT('',(8.622297956401E-02,-1.541827487471));
#1262 = CARTESIAN_POINT('',(4.274482974775E-02,-1.541023882111));
#1263 = CARTESIAN_POINT('',(0.,-1.540209777184));
#1264 = ( GEOMETRIC_REPRESENTATION_CONTEXT(2) 
PARAMETRIC_REPRESENTATION_CONTEXT() REPRESENTATION_CONTEXT('2D SPACE',''
  ) );
#1265 = PCURVE('',#1266,#1273);
#1266 = SURFACE_OF_LINEAR_EXTRUSION('',#1267,#1271);
#1267 = B_SPLINE_CURVE_WITH_KNOTS('',2,(#1268,#1269,#1270),
  .UNSPECIFIED.,.F.,.F.,(3,3),(0.,1.),.PIECEWISE_BEZIER_KNOTS.);
#1268 = CARTESIAN_POINT('',(0.434326171875,-0.286376953125,0.5));
#1269 = CARTESIAN_POINT('',(0.434326171875,-6.0791015625E-02,0.5));
#1270 = CARTESIAN_POINT('',(0.3076171875,6.9580078125E-02,0.5));
#1271 = VECTOR('',#1272,1.);
#1272 = DIRECTION('',(-0.,-0.,-1.));
#1273 = DEFINITIONAL_REPRESENTATION('',(#1274),#1281);
#1274 = B_SPLINE_CURVE_WITH_KNOTS('',5,(#1275,#1276,#1277,#1278,#1279,
    #1280),.UNSPECIFIED.,.F.,.F.,(6,6),(0.,1.),
  .PIECEWISE_BEZIER_KNOTS.);
#1275 = CARTESIAN_POINT('',(1.,-0.15420132485));
#1276 = CARTESIAN_POINT('',(0.952713944969,-0.154440289134));
#1277 = CARTESIAN_POINT('',(0.904399501461,-0.154694139744));
#1278 = CARTESIAN_POINT('',(0.855235796735,-0.15496199602));
#1279 = CARTESIAN_POINT('',(0.805406918221,-0.15524316967));
#1280 = CARTESIAN_POINT('',(0.755055386211,-0.155537947529));
#1281 = ( GEOMETRIC_REPRESENTATION_CONTEXT(2) 
PARAMETRIC_REPRESENTATION_CONTEXT() REPRESENTATION_CONTEXT('2D SPACE',''
  ) );
#1282 = ORIENTED_EDGE('',*,*,#1283,.F.);
#1283 = EDGE_CURVE('',#1284,#1245,#1286,.T.);
#1284 = VERTEX_POINT('',#1285);
#1285 = CARTESIAN_POINT('',(7.249909050952E-16,-1.775715582672E-31,0.65)
  );
#1286 = SEAM_CURVE('',#1287,(#1292,#1299),.PCURVE_S1.);
#1287 = CIRCLE('',#1288,11.84);
#1288 = AXIS2_PLACEMENT_3D('',#1289,#1290,#1291);
#1289 = CARTESIAN_POINT('',(0.,0.,12.49));
#1290 = DIRECTION('',(-2.449293598295E-16,-1.,0.));
#1291 = DIRECTION('',(1.,-2.449293598295E-16,0.));
#1292 = PCURVE('',#572,#1293);
#1293 = DEFINITIONAL_REPRESENTATION('',(#1294),#1298);
#1294 = LINE('',#1295,#1296);
#1295 = CARTESIAN_POINT('',(6.28318530718,-6.28318530718));
#1296 = VECTOR('',#1297,1.);
#1297 = DIRECTION('',(0.,1.));
#1298 = ( GEOMETRIC_REPRESENTATION_CONTEXT(2) 
PARAMETRIC_REPRESENTATION_CONTEXT() REPRESENTATION_CONTEXT('2D SPACE',''
  ) );
#1299 = PCURVE('',#572,#1300);
#1300 = DEFINITIONAL_REPRESENTATION('',(#1301),#1305);
#1301 = LINE('',#1302,#1303);
#1302 = CARTESIAN_POINT('',(0.,-6.28318530718));
#1303 = VECTOR('',#1304,1.);
#1304 = DIRECTION('',(0.,1.));
#1305 = ( GEOMETRIC_REPRESENTATION_CONTEXT(2) 
PARAMETRIC_REPRESENTATION_CONTEXT() REPRESENTATION_CONTEXT('2D SPACE',''
  ) );
#1306 = ORIENTED_EDGE('',*,*,#1283,.T.);
#1307 = ORIENTED_EDGE('',*,*,#1308,.T.);
#1308 = EDGE_CURVE('',#1245,#1309,#1311,.T.);
#1309 = VERTEX_POINT('',#1310);
#1310 = CARTESIAN_POINT('',(0.434326171875,-0.286376953125,
    0.661435039822));
#1311 = SURFACE_CURVE('',#1312,(#1325,#1341),.PCURVE_S1.);
#1312 = B_SPLINE_CURVE_WITH_KNOTS('',6,(#1313,#1314,#1315,#1316,#1317,
    #1318,#1319,#1320,#1321,#1322,#1323,#1324),.UNSPECIFIED.,.F.,.F.,(7,
    5,7),(0.,0.729248854945,1.),.UNSPECIFIED.);
#1313 = CARTESIAN_POINT('',(0.362088283402,0.,0.655537947375));
#1314 = CARTESIAN_POINT('',(0.379183211409,-2.746226954784E-02,
    0.656060985356));
#1315 = CARTESIAN_POINT('',(0.394150484434,-5.722936123829E-02,
    0.656625060473));
#1316 = CARTESIAN_POINT('',(0.406699961327,-8.921452927078E-02,
    0.657231525476));
#1317 = CARTESIAN_POINT('',(0.416701873816,-0.123295530752,
    0.657887983006));
#1318 = CARTESIAN_POINT('',(0.424123103998,-0.159393688812,
    0.658610079078));
#1319 = CARTESIAN_POINT('',(0.430740933718,-0.211615080213,
    0.659721705797));
#1320 = CARTESIAN_POINT('',(0.432174921674,-0.22602720742,0.660034880504
    ));
#1321 = CARTESIAN_POINT('',(0.433250606288,-0.240710509854,
    0.660361424924));
#1322 = CARTESIAN_POINT('',(0.433967707573,-0.255663636336,
    0.660702646353));
#1323 = CARTESIAN_POINT('',(0.434326171875,-0.270885834966,
    0.661059990166));
#1324 = CARTESIAN_POINT('',(0.434326171875,-0.286376953125,
    0.661435039822));
#1325 = PCURVE('',#572,#1326);
#1326 = DEFINITIONAL_REPRESENTATION('',(#1327),#1340);
#1327 = B_SPLINE_CURVE_WITH_KNOTS('',6,(#1328,#1329,#1330,#1331,#1332,
    #1333,#1334,#1335,#1336,#1337,#1338,#1339),.UNSPECIFIED.,.F.,.F.,(7,
    5,7),(0.,0.729248854945,1.),.UNSPECIFIED.);
#1328 = CARTESIAN_POINT('',(6.28318530718,-1.540209777184));
#1329 = CARTESIAN_POINT('',(6.207341180742,-1.538765273164));
#1330 = CARTESIAN_POINT('',(6.133726233749,-1.537289277533));
#1331 = CARTESIAN_POINT('',(6.061666405212,-1.53578470427));
#1332 = CARTESIAN_POINT('',(5.990706581441,-1.534236492467));
#1333 = CARTESIAN_POINT('',(5.92072085408,-1.532618755285));
#1334 = CARTESIAN_POINT('',(5.826128883537,-1.530264724062));
#1335 = CARTESIAN_POINT('',(5.800657092924,-1.52961375125));
#1336 = CARTESIAN_POINT('',(5.775327152722,-1.52894764163));
#1337 = CARTESIAN_POINT('',(5.750144672998,-1.528264847464));
#1338 = CARTESIAN_POINT('',(5.725118117203,-1.527563793921));
#1339 = CARTESIAN_POINT('',(5.700258802165,-1.526842879079));
#1340 = ( GEOMETRIC_REPRESENTATION_CONTEXT(2) 
PARAMETRIC_REPRESENTATION_CONTEXT() REPRESENTATION_CONTEXT('2D SPACE',''
  ) );
#1341 = PCURVE('',#1266,#1342);
#1342 = DEFINITIONAL_REPRESENTATION('',(#1343),#1356);
#1343 = B_SPLINE_CURVE_WITH_KNOTS('',6,(#1344,#1345,#1346,#1347,#1348,
    #1349,#1350,#1351,#1352,#1353,#1354,#1355),.UNSPECIFIED.,.F.,.F.,(7,
    5,7),(0.,0.729248854945,1.),.UNSPECIFIED.);
#1344 = CARTESIAN_POINT('',(0.755055397663,-0.155537947375));
#1345 = CARTESIAN_POINT('',(0.665714347301,-0.156060985356));
#1346 = CARTESIAN_POINT('',(0.574808469211,-0.156625060473));
#1347 = CARTESIAN_POINT('',(0.483013273012,-0.157231525476));
#1348 = CARTESIAN_POINT('',(0.390815838324,-0.157887983006));
#1349 = CARTESIAN_POINT('',(0.298445707721,-0.158610079078));
#1350 = CARTESIAN_POINT('',(0.171677329198,-0.159721705797));
#1351 = CARTESIAN_POINT('',(0.137345201536,-0.160034880504));
#1352 = CARTESIAN_POINT('',(0.103008796253,-0.160361424924));
#1353 = CARTESIAN_POINT('',(6.867157450305E-02,-0.160702646353));
#1354 = CARTESIAN_POINT('',(3.433529219629E-02,-0.161059990166));
#1355 = CARTESIAN_POINT('',(0.,-0.161435039822));
#1356 = ( GEOMETRIC_REPRESENTATION_CONTEXT(2) 
PARAMETRIC_REPRESENTATION_CONTEXT() REPRESENTATION_CONTEXT('2D SPACE',''
  ) );
#1357 = ORIENTED_EDGE('',*,*,#1358,.T.);
#1358 = EDGE_CURVE('',#1309,#1359,#1361,.T.);
#1359 = VERTEX_POINT('',#1360);
#1360 = CARTESIAN_POINT('',(0.302490234375,-0.667236328125,
    0.672686627641));
#1361 = SURFACE_CURVE('',#1362,(#1371,#1383),.PCURVE_S1.);
#1362 = B_SPLINE_CURVE_WITH_KNOTS('',7,(#1363,#1364,#1365,#1366,#1367,
    #1368,#1369,#1370),.UNSPECIFIED.,.F.,.F.,(8,8),(0.,1.),
  .PIECEWISE_BEZIER_KNOTS.);
#1363 = CARTESIAN_POINT('',(0.434326171875,-0.286376953125,
    0.661435039822));
#1364 = CARTESIAN_POINT('',(0.434326171875,-0.348041427748,
    0.662927975307));
#1365 = CARTESIAN_POINT('',(0.429133832813,-0.409464271748,0.66459950869
    ));
#1366 = CARTESIAN_POINT('',(0.417699223538,-0.469095536369,
    0.666369587104));
#1367 = CARTESIAN_POINT('',(0.399307064637,-0.52536324077,0.668121959294
    ));
#1368 = CARTESIAN_POINT('',(0.373853120599,-0.577419377519,
    0.669770216246));
#1369 = CARTESIAN_POINT('',(0.341486982017,-0.624773202915,
    0.671287256744));
#1370 = CARTESIAN_POINT('',(0.302490234375,-0.667236328125,
    0.672686627641));
#1371 = PCURVE('',#572,#1372);
#1372 = DEFINITIONAL_REPRESENTATION('',(#1373),#1382);
#1373 = B_SPLINE_CURVE_WITH_KNOTS('',7,(#1374,#1375,#1376,#1377,#1378,
    #1379,#1380,#1381),.UNSPECIFIED.,.F.,.F.,(8,8),(0.,1.),
  .PIECEWISE_BEZIER_KNOTS.);
#1374 = CARTESIAN_POINT('',(5.700258802165,-1.526842879079));
#1375 = CARTESIAN_POINT('',(5.601302962727,-1.523973180806));
#1376 = CARTESIAN_POINT('',(5.512305565436,-1.52097830763));
#1377 = CARTESIAN_POINT('',(5.431518663206,-1.518048772806));
#1378 = CARTESIAN_POINT('',(5.355671218985,-1.515349059864));
#1379 = CARTESIAN_POINT('',(5.282570861394,-1.512931003604));
#1380 = CARTESIAN_POINT('',(5.21043720977,-1.510791807154));
#1381 = CARTESIAN_POINT('',(5.138023589509,-1.50888166735));
#1382 = ( GEOMETRIC_REPRESENTATION_CONTEXT(2) 
PARAMETRIC_REPRESENTATION_CONTEXT() REPRESENTATION_CONTEXT('2D SPACE',''
  ) );
#1383 = PCURVE('',#1384,#1391);
#1384 = SURFACE_OF_LINEAR_EXTRUSION('',#1385,#1389);
#1385 = B_SPLINE_CURVE_WITH_KNOTS('',2,(#1386,#1387,#1388),
  .UNSPECIFIED.,.F.,.F.,(3,3),(0.,1.),.PIECEWISE_BEZIER_KNOTS.);
#1386 = CARTESIAN_POINT('',(0.302490234375,-0.667236328125,0.5));
#1387 = CARTESIAN_POINT('',(0.434326171875,-0.523681640625,0.5));
#1388 = CARTESIAN_POINT('',(0.434326171875,-0.286376953125,0.5));
#1389 = VECTOR('',#1390,1.);
#1390 = DIRECTION('',(-0.,-0.,-1.));
#1391 = DEFINITIONAL_REPRESENTATION('',(#1392),#1401);
#1392 = B_SPLINE_CURVE_WITH_KNOTS('',7,(#1393,#1394,#1395,#1396,#1397,
    #1398,#1399,#1400),.UNSPECIFIED.,.F.,.F.,(8,8),(0.,1.),
  .PIECEWISE_BEZIER_KNOTS.);
#1393 = CARTESIAN_POINT('',(1.,-0.161435039822));
#1394 = CARTESIAN_POINT('',(0.870073205733,-0.162927975307));
#1395 = CARTESIAN_POINT('',(0.73287580208,-0.16459950869));
#1396 = CARTESIAN_POINT('',(0.590100404254,-0.166369587104));
#1397 = CARTESIAN_POINT('',(0.443987460418,-0.168121959294));
#1398 = CARTESIAN_POINT('',(0.296167541825,-0.169770216246));
#1399 = CARTESIAN_POINT('',(0.147898776243,-0.171287256744));
#1400 = CARTESIAN_POINT('',(0.,-0.172686627641));
#1401 = ( GEOMETRIC_REPRESENTATION_CONTEXT(2) 
PARAMETRIC_REPRESENTATION_CONTEXT() REPRESENTATION_CONTEXT('2D SPACE',''
  ) );
#1402 = ORIENTED_EDGE('',*,*,#1403,.T.);
#1403 = EDGE_CURVE('',#1359,#1404,#1406,.T.);
#1404 = VERTEX_POINT('',#1405);
#1405 = CARTESIAN_POINT('',(-1.9775390625E-02,-0.810791015625,
    0.677810242681));
#1406 = SURFACE_CURVE('',#1407,(#1418,#1432),.PCURVE_S1.);
#1407 = B_SPLINE_CURVE_WITH_KNOTS('',5,(#1408,#1409,#1410,#1411,#1412,
    #1413,#1414,#1415,#1416,#1417),.UNSPECIFIED.,.F.,.F.,(6,4,6),(0.,
    0.531762639106,1.),.UNSPECIFIED.);
#1408 = CARTESIAN_POINT('',(0.302490234375,-0.667236328125,
    0.672686627641));
#1409 = CARTESIAN_POINT('',(0.275025841831,-0.697142000007,
    0.673672168076));
#1410 = CARTESIAN_POINT('',(0.245563213707,-0.723599522193,
    0.674586419809));
#1411 = CARTESIAN_POINT('',(0.214151137842,-0.746218638376,
    0.675387770372));
#1412 = CARTESIAN_POINT('',(0.180899230607,-0.764778154829,
    0.676049800269));
#1413 = CARTESIAN_POINT('',(0.115193374272,-0.791926414852,
    0.677028680999));
#1414 = CARTESIAN_POINT('',(8.311908964675E-02,-0.801441111327,
    0.677377280109));
#1415 = CARTESIAN_POINT('',(4.984153015795E-02,-0.807713331207,
    0.6776141011));
#1416 = CARTESIAN_POINT('',(1.549437416058E-02,-0.810791015625,
    0.677751195765));
#1417 = CARTESIAN_POINT('',(-1.9775390625E-02,-0.810791015625,
    0.677810242681));
#1418 = PCURVE('',#572,#1419);
#1419 = DEFINITIONAL_REPRESENTATION('',(#1420),#1431);
#1420 = B_SPLINE_CURVE_WITH_KNOTS('',5,(#1421,#1422,#1423,#1424,#1425,
    #1426,#1427,#1428,#1429,#1430),.UNSPECIFIED.,.F.,.F.,(6,4,6),(0.,
    0.531762639106,1.),.UNSPECIFIED.);
#1421 = CARTESIAN_POINT('',(5.138023589509,-1.50888166735));
#1422 = CARTESIAN_POINT('',(5.087024564906,-1.507536405692));
#1423 = CARTESIAN_POINT('',(5.038252443342,-1.506325015436));
#1424 = CARTESIAN_POINT('',(4.990911509394,-1.505289315636));
#1425 = CARTESIAN_POINT('',(4.944231800477,-1.504446126466));
#1426 = CARTESIAN_POINT('',(4.85646202633,-1.503211361712));
#1427 = CARTESIAN_POINT('',(4.815370274306,-1.502777888209));
#1428 = CARTESIAN_POINT('',(4.773837955315,-1.502485267157));
#1429 = CARTESIAN_POINT('',(4.731478147474,-1.502316113321));
#1430 = CARTESIAN_POINT('',(4.688003571212,-1.502243308665));
#1431 = ( GEOMETRIC_REPRESENTATION_CONTEXT(2) 
PARAMETRIC_REPRESENTATION_CONTEXT() REPRESENTATION_CONTEXT('2D SPACE',''
  ) );
#1432 = PCURVE('',#1433,#1440);
#1433 = SURFACE_OF_LINEAR_EXTRUSION('',#1434,#1438);
#1434 = B_SPLINE_CURVE_WITH_KNOTS('',2,(#1435,#1436,#1437),
  .UNSPECIFIED.,.F.,.F.,(3,3),(0.,1.),.PIECEWISE_BEZIER_KNOTS.);
#1435 = CARTESIAN_POINT('',(-1.9775390625E-02,-0.810791015625,0.5));
#1436 = CARTESIAN_POINT('',(0.170654296875,-0.810791015625,0.5));
#1437 = CARTESIAN_POINT('',(0.302490234375,-0.667236328125,0.5));
#1438 = VECTOR('',#1439,1.);
#1439 = DIRECTION('',(-0.,-0.,-1.));
#1440 = DEFINITIONAL_REPRESENTATION('',(#1441),#1452);
#1441 = B_SPLINE_CURVE_WITH_KNOTS('',5,(#1442,#1443,#1444,#1445,#1446,
    #1447,#1448,#1449,#1450,#1451),.UNSPECIFIED.,.F.,.F.,(6,4,6),(0.,
    0.531762639106,1.),.UNSPECIFIED.);
#1442 = CARTESIAN_POINT('',(1.,-0.172686627641));
#1443 = CARTESIAN_POINT('',(0.895838748276,-0.173672168076));
#1444 = CARTESIAN_POINT('',(0.790126195522,-0.174586419809));
#1445 = CARTESIAN_POINT('',(0.683408674955,-0.175387770372));
#1446 = CARTESIAN_POINT('',(0.57621105097,-0.176049800269));
#1447 = CARTESIAN_POINT('',(0.374596534342,-0.177028680999));
#1448 = CARTESIAN_POINT('',(0.280184169657,-0.177377280109));
#1449 = CARTESIAN_POINT('',(0.186087367561,-0.1776141011));
#1450 = CARTESIAN_POINT('',(9.260574138574E-02,-0.177751195765));
#1451 = CARTESIAN_POINT('',(0.,-0.177810242681));
#1452 = ( GEOMETRIC_REPRESENTATION_CONTEXT(2) 
PARAMETRIC_REPRESENTATION_CONTEXT() REPRESENTATION_CONTEXT('2D SPACE',''
  ) );
#1453 = ORIENTED_EDGE('',*,*,#1454,.T.);
#1454 = EDGE_CURVE('',#1404,#1455,#1457,.T.);
#1455 = VERTEX_POINT('',#1456);
#1456 = CARTESIAN_POINT('',(-0.2900390625,-0.708984375,0.674805608953));
#1457 = SURFACE_CURVE('',#1458,(#1469,#1483),.PCURVE_S1.);
#1458 = B_SPLINE_CURVE_WITH_KNOTS('',5,(#1459,#1460,#1461,#1462,#1463,
    #1464,#1465,#1466,#1467,#1468),.UNSPECIFIED.,.F.,.F.,(6,4,6),(0.,
    0.618531573551,1.),.UNSPECIFIED.);
#1459 = CARTESIAN_POINT('',(-1.9775390625E-02,-0.810791015625,
    0.677810242681));
#1460 = CARTESIAN_POINT('',(-5.841200206924E-02,-0.810791015625,
    0.677874926207));
#1461 = CARTESIAN_POINT('',(-9.567755975778E-02,-0.806995970297,
    0.677834829692));
#1462 = CARTESIAN_POINT('',(-0.131397355827,-0.799268357062,
    0.677657565973));
#1463 = CARTESIAN_POINT('',(-0.16542679952,-0.787558241333,
    0.677325877168));
#1464 = CARTESIAN_POINT('',(-0.217545287627,-0.762278761346,0.676546081)
  );
#1465 = CARTESIAN_POINT('',(-0.236744938546,-0.751142278937,
    0.676191288089));
#1466 = CARTESIAN_POINT('',(-0.255238529434,-0.73852539987,
    0.675780041511));
#1467 = CARTESIAN_POINT('',(-0.273007535905,-0.724457461253,
    0.675315999911));
#1468 = CARTESIAN_POINT('',(-0.2900390625,-0.708984375,0.674805608953));
#1469 = PCURVE('',#572,#1470);
#1470 = DEFINITIONAL_REPRESENTATION('',(#1471),#1482);
#1471 = B_SPLINE_CURVE_WITH_KNOTS('',5,(#1472,#1473,#1474,#1475,#1476,
    #1477,#1478,#1479,#1480,#1481),.UNSPECIFIED.,.F.,.F.,(6,4,6),(0.,
    0.618531573551,1.),.UNSPECIFIED.);
#1472 = CARTESIAN_POINT('',(4.688003571212,-1.502243308665));
#1473 = CARTESIAN_POINT('',(4.640378918172,-1.502163554087));
#1474 = CARTESIAN_POINT('',(4.594469198895,-1.502213147685));
#1475 = CARTESIAN_POINT('',(4.549797255825,-1.50243103319));
#1476 = CARTESIAN_POINT('',(4.50576826176,-1.502840458159));
#1477 = CARTESIAN_POINT('',(4.434535343638,-1.503819083778));
#1478 = CARTESIAN_POINT('',(4.407350366846,-1.504266888923));
#1479 = CARTESIAN_POINT('',(4.379994978367,-1.504790279911));
#1480 = CARTESIAN_POINT('',(4.352296928558,-1.505387463004));
#1481 = CARTESIAN_POINT('',(4.324070262212,-1.506053755258));
#1482 = ( GEOMETRIC_REPRESENTATION_CONTEXT(2) 
PARAMETRIC_REPRESENTATION_CONTEXT() REPRESENTATION_CONTEXT('2D SPACE',''
  ) );
#1483 = PCURVE('',#1484,#1491);
#1484 = SURFACE_OF_LINEAR_EXTRUSION('',#1485,#1489);
#1485 = B_SPLINE_CURVE_WITH_KNOTS('',2,(#1486,#1487,#1488),
  .UNSPECIFIED.,.F.,.F.,(3,3),(0.,1.),.PIECEWISE_BEZIER_KNOTS.);
#1486 = CARTESIAN_POINT('',(-0.2900390625,-0.708984375,0.5));
#1487 = CARTESIAN_POINT('',(-0.177978515625,-0.810791015625,0.5));
#1488 = CARTESIAN_POINT('',(-1.9775390625E-02,-0.810791015625,0.5));
#1489 = VECTOR('',#1490,1.);
#1490 = DIRECTION('',(-0.,-0.,-1.));
#1491 = DEFINITIONAL_REPRESENTATION('',(#1492),#1503);
#1492 = B_SPLINE_CURVE_WITH_KNOTS('',5,(#1493,#1494,#1495,#1496,#1497,
    #1498,#1499,#1500,#1501,#1502),.UNSPECIFIED.,.F.,.F.,(6,4,6),(0.,
    0.618531573551,1.),.UNSPECIFIED.);
#1493 = CARTESIAN_POINT('',(1.,-0.177810242681));
#1494 = CARTESIAN_POINT('',(0.877889228028,-0.177874926207));
#1495 = CARTESIAN_POINT('',(0.754675434989,-0.177834829692));
#1496 = CARTESIAN_POINT('',(0.630713789232,-0.177657565973));
#1497 = CARTESIAN_POINT('',(0.506389739951,-0.177325877168));
#1498 = CARTESIAN_POINT('',(0.305457886853,-0.176546081));
#1499 = CARTESIAN_POINT('',(0.228825009456,-0.176191288089));
#1500 = CARTESIAN_POINT('',(0.152303030264,-0.175780041511));
#1501 = CARTESIAN_POINT('',(7.599251953302E-02,-0.175315999911));
#1502 = CARTESIAN_POINT('',(0.,-0.174805608953));
#1503 = ( GEOMETRIC_REPRESENTATION_CONTEXT(2) 
PARAMETRIC_REPRESENTATION_CONTEXT() REPRESENTATION_CONTEXT('2D SPACE',''
  ) );
#1504 = ORIENTED_EDGE('',*,*,#1505,.T.);
#1505 = EDGE_CURVE('',#1455,#1506,#1508,.T.);
#1506 = VERTEX_POINT('',#1507);
#1507 = CARTESIAN_POINT('',(-0.432861328125,-0.405029296875,
    0.664849584919));
#1508 = SURFACE_CURVE('',#1509,(#1518,#1530),.PCURVE_S1.);
#1509 = B_SPLINE_CURVE_WITH_KNOTS('',7,(#1510,#1511,#1512,#1513,#1514,
    #1515,#1516,#1517),.UNSPECIFIED.,.F.,.F.,(8,8),(0.,1.),
  .PIECEWISE_BEZIER_KNOTS.);
#1510 = CARTESIAN_POINT('',(-0.2900390625,-0.708984375,0.674805608953));
#1511 = CARTESIAN_POINT('',(-0.323039132909,-0.679003918877,
    0.673816681892));
#1512 = CARTESIAN_POINT('',(-0.351884408773,-0.643986073,0.672619833204)
  );
#1513 = CARTESIAN_POINT('',(-0.376464812374,-0.60406874073,
    0.671225918493));
#1514 = CARTESIAN_POINT('',(-0.396727856065,-0.559555146495,
    0.669674090399));
#1515 = CARTESIAN_POINT('',(-0.412714138323,-0.510946705408,
    0.668035190705));
#1516 = CARTESIAN_POINT('',(-0.424633966359,-0.459094817052,
    0.666400247045));
#1517 = CARTESIAN_POINT('',(-0.432861328125,-0.405029296875,
    0.664849584919));
#1518 = PCURVE('',#572,#1519);
#1519 = DEFINITIONAL_REPRESENTATION('',(#1520),#1529);
#1520 = B_SPLINE_CURVE_WITH_KNOTS('',7,(#1521,#1522,#1523,#1524,#1525,
    #1526,#1527,#1528),.UNSPECIFIED.,.F.,.F.,(8,8),(0.,1.),
  .PIECEWISE_BEZIER_KNOTS.);
#1521 = CARTESIAN_POINT('',(4.324070262212,-1.506053755258));
#1522 = CARTESIAN_POINT('',(4.269378630686,-1.507344754698));
#1523 = CARTESIAN_POINT('',(4.214675207477,-1.508937116477));
#1524 = CARTESIAN_POINT('',(4.158830790409,-1.510842324368));
#1525 = CARTESIAN_POINT('',(4.100511094274,-1.513043324615));
#1526 = CARTESIAN_POINT('',(4.038208035189,-1.515492771456));
#1527 = CARTESIAN_POINT('',(3.969864363627,-1.518091597381));
#1528 = CARTESIAN_POINT('',(3.89378624232,-1.520707402515));
#1529 = ( GEOMETRIC_REPRESENTATION_CONTEXT(2) 
PARAMETRIC_REPRESENTATION_CONTEXT() REPRESENTATION_CONTEXT('2D SPACE',''
  ) );
#1530 = PCURVE('',#1531,#1538);
#1531 = SURFACE_OF_LINEAR_EXTRUSION('',#1532,#1536);
#1532 = B_SPLINE_CURVE_WITH_KNOTS('',2,(#1533,#1534,#1535),
  .UNSPECIFIED.,.F.,.F.,(3,3),(0.,1.),.PIECEWISE_BEZIER_KNOTS.);
#1533 = CARTESIAN_POINT('',(-0.432861328125,-0.405029296875,0.5));
#1534 = CARTESIAN_POINT('',(-0.402099609375,-0.607177734375,0.5));
#1535 = CARTESIAN_POINT('',(-0.2900390625,-0.708984375,0.5));
#1536 = VECTOR('',#1537,1.);
#1537 = DIRECTION('',(-0.,-0.,-1.));
#1538 = DEFINITIONAL_REPRESENTATION('',(#1539),#1548);
#1539 = B_SPLINE_CURVE_WITH_KNOTS('',7,(#1540,#1541,#1542,#1543,#1544,
    #1545,#1546,#1547),.UNSPECIFIED.,.F.,.F.,(8,8),(0.,1.),
  .PIECEWISE_BEZIER_KNOTS.);
#1540 = CARTESIAN_POINT('',(1.,-0.174805608953));
#1541 = CARTESIAN_POINT('',(0.852757855778,-0.173816681892));
#1542 = CARTESIAN_POINT('',(0.705704370495,-0.172619833204));
#1543 = CARTESIAN_POINT('',(0.55940961341,-0.171225918493));
#1544 = CARTESIAN_POINT('',(0.414639895569,-0.169674090399));
#1545 = CARTESIAN_POINT('',(0.272334987387,-0.168035190705));
#1546 = CARTESIAN_POINT('',(0.13372727696,-0.166400247045));
#1547 = CARTESIAN_POINT('',(0.,-0.164849584919));
#1548 = ( GEOMETRIC_REPRESENTATION_CONTEXT(2) 
PARAMETRIC_REPRESENTATION_CONTEXT() REPRESENTATION_CONTEXT('2D SPACE',''
  ) );
#1549 = ORIENTED_EDGE('',*,*,#1550,.T.);
#1550 = EDGE_CURVE('',#1506,#1551,#1553,.T.);
#1551 = VERTEX_POINT('',#1552);
#1552 = CARTESIAN_POINT('',(-0.709716796875,-0.428466796875,
    0.679059382411));
#1553 = SURFACE_CURVE('',#1554,(#1559,#1571),.PCURVE_S1.);
#1554 = CIRCLE('',#1555,11.834308521213);
#1555 = AXIS2_PLACEMENT_3D('',#1556,#1557,#1558);
#1556 = CARTESIAN_POINT('',(3.096411856881E-02,-0.365763650594,12.49));
#1557 = DIRECTION('',(-8.43543551066E-02,0.996435819697,0.));
#1558 = DIRECTION('',(-0.996435819697,-8.43543551066E-02,0.));
#1559 = PCURVE('',#572,#1560);
#1560 = DEFINITIONAL_REPRESENTATION('',(#1561),#1570);
#1561 = B_SPLINE_CURVE_WITH_KNOTS('',7,(#1562,#1563,#1564,#1565,#1566,
    #1567,#1568,#1569),.UNSPECIFIED.,.F.,.F.,(8,8),(4.75173260804,
    4.77524182231),.PIECEWISE_BEZIER_KNOTS.);
#1562 = CARTESIAN_POINT('',(3.89378624232,-1.520707402515));
#1563 = CARTESIAN_POINT('',(3.852302839213,-1.51807026047));
#1564 = CARTESIAN_POINT('',(3.815917854997,-1.515332470835));
#1565 = CARTESIAN_POINT('',(3.783736357944,-1.512516294988));
#1566 = CARTESIAN_POINT('',(3.755026256982,-1.509637034662));
#1567 = CARTESIAN_POINT('',(3.729236711454,-1.50670587212));
#1568 = CARTESIAN_POINT('',(3.705925029897,-1.503731323789));
#1569 = CARTESIAN_POINT('',(3.684739419826,-1.500720020497));
#1570 = ( GEOMETRIC_REPRESENTATION_CONTEXT(2) 
PARAMETRIC_REPRESENTATION_CONTEXT() REPRESENTATION_CONTEXT('2D SPACE',''
  ) );
#1571 = PCURVE('',#1572,#1577);
#1572 = PLANE('',#1573);
#1573 = AXIS2_PLACEMENT_3D('',#1574,#1575,#1576);
#1574 = CARTESIAN_POINT('',(-0.709716796875,-0.428466796875,0.5));
#1575 = DIRECTION('',(-8.43543551066E-02,0.996435819697,0.));
#1576 = DIRECTION('',(0.996435819697,8.43543551066E-02,0.));
#1577 = DEFINITIONAL_REPRESENTATION('',(#1578),#1582);
#1578 = CIRCLE('',#1579,11.834308521213);
#1579 = AXIS2_PLACEMENT_2D('',#1580,#1581);
#1580 = CARTESIAN_POINT('',(0.743330278582,-11.99));
#1581 = DIRECTION('',(-1.,-0.));
#1582 = ( GEOMETRIC_REPRESENTATION_CONTEXT(2) 
PARAMETRIC_REPRESENTATION_CONTEXT() REPRESENTATION_CONTEXT('2D SPACE',''
  ) );
#1583 = ORIENTED_EDGE('',*,*,#1584,.T.);
#1584 = EDGE_CURVE('',#1551,#1585,#1587,.T.);
#1585 = VERTEX_POINT('',#1586);
#1586 = CARTESIAN_POINT('',(-0.498046875,-0.863525390625,0.692039447004)
  );
#1587 = SURFACE_CURVE('',#1588,(#1601,#1617),.PCURVE_S1.);
#1588 = B_SPLINE_CURVE_WITH_KNOTS('',6,(#1589,#1590,#1591,#1592,#1593,
    #1594,#1595,#1596,#1597,#1598,#1599,#1600),.UNSPECIFIED.,.F.,.F.,(7,
    5,7),(0.,0.508270554998,1.),.UNSPECIFIED.);
#1589 = CARTESIAN_POINT('',(-0.709716796875,-0.428466796875,
    0.679059382411));
#1590 = CARTESIAN_POINT('',(-0.705452809431,-0.472291112277,
    0.680392979882));
#1591 = CARTESIAN_POINT('',(-0.698616783138,-0.515240978518,
    0.681737455063));
#1592 = CARTESIAN_POINT('',(-0.689050943502,-0.557058909439,
    0.683063610834));
#1593 = CARTESIAN_POINT('',(-0.676647784737,-0.597510157573,
    0.684343378541));
#1594 = CARTESIAN_POINT('',(-0.661359838405,-0.636405577765,
    0.685555674572));
#1595 = CARTESIAN_POINT('',(-0.625614906316,-0.709582380996,
    0.687783946683));
#1596 = CARTESIAN_POINT('',(-0.605342284962,-0.743973143303,
    0.688805087143));
#1597 = CARTESIAN_POINT('',(-0.582378430068,-0.776637437377,
    0.689740237586));
#1598 = CARTESIAN_POINT('',(-0.556775587928,-0.80748240576,
    0.690586458665));
#1599 = CARTESIAN_POINT('',(-0.528624778507,-0.8364524642,0.691348740331
    ));
#1600 = CARTESIAN_POINT('',(-0.498046875,-0.863525390625,0.692039447004)
  );
#1601 = PCURVE('',#572,#1602);
#1602 = DEFINITIONAL_REPRESENTATION('',(#1603),#1616);
#1603 = B_SPLINE_CURVE_WITH_KNOTS('',6,(#1604,#1605,#1606,#1607,#1608,
    #1609,#1610,#1611,#1612,#1613,#1614,#1615),.UNSPECIFIED.,.F.,.F.,(7,
    5,7),(0.,0.508270554998,1.),.UNSPECIFIED.);
#1604 = CARTESIAN_POINT('',(3.684739419826,-1.500720020497));
#1605 = CARTESIAN_POINT('',(3.732652565866,-1.49911138605));
#1606 = CARTESIAN_POINT('',(3.778630744738,-1.497533861572));
#1607 = CARTESIAN_POINT('',(3.823000719406,-1.496019510942));
#1608 = CARTESIAN_POINT('',(3.866137653949,-1.494592982329));
#1609 = CARTESIAN_POINT('',(3.908391772297,-1.493268846318));
#1610 = CARTESIAN_POINT('',(3.99040916947,-1.490876353554));
#1611 = CARTESIAN_POINT('',(4.030208936551,-1.489801043227));
#1612 = CARTESIAN_POINT('',(4.069762366091,-1.488832170663));
#1613 = CARTESIAN_POINT('',(4.109320904975,-1.487966828579));
#1614 = CARTESIAN_POINT('',(4.14909285497,-1.487195294362));
#1615 = CARTESIAN_POINT('',(4.189233045289,-1.486502410968));
#1616 = ( GEOMETRIC_REPRESENTATION_CONTEXT(2) 
PARAMETRIC_REPRESENTATION_CONTEXT() REPRESENTATION_CONTEXT('2D SPACE',''
  ) );
#1617 = PCURVE('',#1618,#1625);
#1618 = SURFACE_OF_LINEAR_EXTRUSION('',#1619,#1623);
#1619 = B_SPLINE_CURVE_WITH_KNOTS('',2,(#1620,#1621,#1622),
  .UNSPECIFIED.,.F.,.F.,(3,3),(0.,1.),.PIECEWISE_BEZIER_KNOTS.);
#1620 = CARTESIAN_POINT('',(-0.498046875,-0.863525390625,0.5));
#1621 = CARTESIAN_POINT('',(-0.683349609375,-0.699462890625,0.5));
#1622 = CARTESIAN_POINT('',(-0.709716796875,-0.428466796875,0.5));
#1623 = VECTOR('',#1624,1.);
#1624 = DIRECTION('',(-0.,-0.,-1.));
#1625 = DEFINITIONAL_REPRESENTATION('',(#1626),#1639);
#1626 = B_SPLINE_CURVE_WITH_KNOTS('',6,(#1627,#1628,#1629,#1630,#1631,
    #1632,#1633,#1634,#1635,#1636,#1637,#1638),.UNSPECIFIED.,.F.,.F.,(7,
    5,7),(0.,0.508270554998,1.),.UNSPECIFIED.);
#1627 = CARTESIAN_POINT('',(1.,-0.179059382411));
#1628 = CARTESIAN_POINT('',(0.919142164016,-0.180392979882));
#1629 = CARTESIAN_POINT('',(0.836801924826,-0.181737455063));
#1630 = CARTESIAN_POINT('',(0.753241344685,-0.183063610834));
#1631 = CARTESIAN_POINT('',(0.668741677503,-0.184343378541));
#1632 = CARTESIAN_POINT('',(0.583575157669,-0.185555674572));
#1633 = CARTESIAN_POINT('',(0.415209744757,-0.187783946683));
#1634 = CARTESIAN_POINT('',(0.332036243611,-0.188805087143));
#1635 = CARTESIAN_POINT('',(0.248716894023,-0.189740237586));
#1636 = CARTESIAN_POINT('',(0.165473367767,-0.190586458665));
#1637 = CARTESIAN_POINT('',(8.25079662473E-02,-0.191348740331));
#1638 = CARTESIAN_POINT('',(0.,-0.192039447004));
#1639 = ( GEOMETRIC_REPRESENTATION_CONTEXT(2) 
PARAMETRIC_REPRESENTATION_CONTEXT() REPRESENTATION_CONTEXT('2D SPACE',''
  ) );
#1640 = ORIENTED_EDGE('',*,*,#1641,.T.);
#1641 = EDGE_CURVE('',#1585,#1642,#1644,.T.);
#1642 = VERTEX_POINT('',#1643);
#1643 = CARTESIAN_POINT('',(-1.9775390625E-02,-1.027587890625,
    0.694692794973));
#1644 = SURFACE_CURVE('',#1645,(#1658,#1674),.PCURVE_S1.);
#1645 = B_SPLINE_CURVE_WITH_KNOTS('',6,(#1646,#1647,#1648,#1649,#1650,
    #1651,#1652,#1653,#1654,#1655,#1656,#1657),.UNSPECIFIED.,.F.,.F.,(7,
    5,7),(0.,0.108311760554,1.),.UNSPECIFIED.);
#1646 = CARTESIAN_POINT('',(-0.498046875,-0.863525390625,0.692039447004)
  );
#1647 = CARTESIAN_POINT('',(-0.491265566676,-0.869529394832,
    0.692192626077));
#1648 = CARTESIAN_POINT('',(-0.484391291623,-0.875407278052,
    0.692340995845));
#1649 = CARTESIAN_POINT('',(-0.477424643045,-0.881157771294,
    0.692484439493));
#1650 = CARTESIAN_POINT('',(-0.470366289103,-0.886779723215,
    0.692622860287));
#1651 = CARTESIAN_POINT('',(-0.463216972914,-0.892272100113,
    0.692756181574));
#1652 = CARTESIAN_POINT('',(-0.396377875008,-0.941776288692,
    0.693939480689));
#1653 = CARTESIAN_POINT('',(-0.33065777456,-0.977082890304,
    0.694645571035));
#1654 = CARTESIAN_POINT('',(-0.259297635182,-1.003013002129,
    0.694969009707));
#1655 = CARTESIAN_POINT('',(-0.183082177084,-1.01965187008,
    0.694978962398));
#1656 = CARTESIAN_POINT('',(-0.102958482196,-1.027587890625,
    0.694832255362));
#1657 = CARTESIAN_POINT('',(-1.9775390625E-02,-1.027587890625,
    0.694692794973));
#1658 = PCURVE('',#572,#1659);
#1659 = DEFINITIONAL_REPRESENTATION('',(#1660),#1673);
#1660 = B_SPLINE_CURVE_WITH_KNOTS('',6,(#1661,#1662,#1663,#1664,#1665,
    #1666,#1667,#1668,#1669,#1670,#1671,#1672),.UNSPECIFIED.,.F.,.F.,(7,
    5,7),(0.,0.108311760554,1.),.UNSPECIFIED.);
#1661 = CARTESIAN_POINT('',(4.189233045289,-1.486502410968));
#1662 = CARTESIAN_POINT('',(4.198134996551,-1.486348749161));
#1663 = CARTESIAN_POINT('',(4.207015666625,-1.486200247279));
#1664 = CARTESIAN_POINT('',(4.215877802648,-1.486056979894));
#1665 = CARTESIAN_POINT('',(4.224724124719,-1.485919003367));
#1666 = CARTESIAN_POINT('',(4.233557325905,-1.485786355849));
#1667 = CARTESIAN_POINT('',(4.31501428205,-1.484611058112));
#1668 = CARTESIAN_POINT('',(4.386953029001,-1.483925363601));
#1669 = CARTESIAN_POINT('',(4.459645595794,-1.483614125733));
#1670 = CARTESIAN_POINT('',(4.534436482759,-1.483602986634));
#1671 = CARTESIAN_POINT('',(4.61222699233,-1.483745660398));
#1672 = CARTESIAN_POINT('',(4.693146879464,-1.483881351537));
#1673 = ( GEOMETRIC_REPRESENTATION_CONTEXT(2) 
PARAMETRIC_REPRESENTATION_CONTEXT() REPRESENTATION_CONTEXT('2D SPACE',''
  ) );
#1674 = PCURVE('',#1675,#1682);
#1675 = SURFACE_OF_LINEAR_EXTRUSION('',#1676,#1680);
#1676 = B_SPLINE_CURVE_WITH_KNOTS('',2,(#1677,#1678,#1679),
  .UNSPECIFIED.,.F.,.F.,(3,3),(0.,1.),.PIECEWISE_BEZIER_KNOTS.);
#1677 = CARTESIAN_POINT('',(-1.9775390625E-02,-1.027587890625,0.5));
#1678 = CARTESIAN_POINT('',(-0.312744140625,-1.027587890625,0.5));
#1679 = CARTESIAN_POINT('',(-0.498046875,-0.863525390625,0.5));
#1680 = VECTOR('',#1681,1.);
#1681 = DIRECTION('',(-0.,-0.,-1.));
#1682 = DEFINITIONAL_REPRESENTATION('',(#1683),#1696);
#1683 = B_SPLINE_CURVE_WITH_KNOTS('',6,(#1684,#1685,#1686,#1687,#1688,
    #1689,#1690,#1691,#1692,#1693,#1694,#1695),.UNSPECIFIED.,.F.,.F.,(7,
    5,7),(0.,0.108311760554,1.),.UNSPECIFIED.);
#1684 = CARTESIAN_POINT('',(1.,-0.192039447004));
#1685 = CARTESIAN_POINT('',(0.981702082415,-0.192192626077));
#1686 = CARTESIAN_POINT('',(0.963386757118,-0.192340995845));
#1687 = CARTESIAN_POINT('',(0.94505645778,-0.192484439493));
#1688 = CARTESIAN_POINT('',(0.926713614236,-0.192622860287));
#1689 = CARTESIAN_POINT('',(0.908360652479,-0.192756181574));
#1690 = CARTESIAN_POINT('',(0.738843900846,-0.193939480689));
#1691 = CARTESIAN_POINT('',(0.587138202275,-0.194645571035));
#1692 = CARTESIAN_POINT('',(0.436308505826,-0.194969009707));
#1693 = CARTESIAN_POINT('',(0.287598591902,-0.194978962398));
#1694 = CARTESIAN_POINT('',(0.141965809614,-0.194832255362));
#1695 = CARTESIAN_POINT('',(0.,-0.194692794973));
#1696 = ( GEOMETRIC_REPRESENTATION_CONTEXT(2) 
PARAMETRIC_REPRESENTATION_CONTEXT() REPRESENTATION_CONTEXT('2D SPACE',''
  ) );
#1697 = ORIENTED_EDGE('',*,*,#1698,.T.);
#1698 = EDGE_CURVE('',#1642,#1699,#1701,.T.);
#1699 = VERTEX_POINT('',#1700);
#1700 = CARTESIAN_POINT('',(0.544189453125,-0.766845703125,
    0.687398358552));
#1701 = SURFACE_CURVE('',#1702,(#1715,#1731),.PCURVE_S1.);
#1702 = B_SPLINE_CURVE_WITH_KNOTS('',6,(#1703,#1704,#1705,#1706,#1707,
    #1708,#1709,#1710,#1711,#1712,#1713,#1714),.UNSPECIFIED.,.F.,.F.,(7,
    5,7),(0.,0.609462121249,1.),.UNSPECIFIED.);
#1703 = CARTESIAN_POINT('',(-1.9775390625E-02,-1.027587890625,
    0.694692794973));
#1704 = CARTESIAN_POINT('',(4.96083522307E-02,-1.027587890625,
    0.694576469845));
#1705 = CARTESIAN_POINT('',(0.117279227658,-1.021692143009,
    0.694439072265));
#1706 = CARTESIAN_POINT('',(0.182679076374,-1.009361528822,0.69418979872
    ));
#1707 = CARTESIAN_POINT('',(0.245160705868,-0.990164785664,
    0.693742552158));
#1708 = CARTESIAN_POINT('',(0.304110521635,-0.963997331665,
    0.693054484967));
#1709 = CARTESIAN_POINT('',(0.394295909029,-0.910185234423,
    0.691551962949));
#1710 = CARTESIAN_POINT('',(0.427885321148,-0.886444854369,
    0.690871625237));
#1711 = CARTESIAN_POINT('',(0.459726238828,-0.860063797151,
    0.690100586587));
#1712 = CARTESIAN_POINT('',(0.489741768578,-0.831193853757,
    0.689251217833));
#1713 = CARTESIAN_POINT('',(0.517895111239,-0.800039978698,
    0.688342708315));
#1714 = CARTESIAN_POINT('',(0.544189453125,-0.766845703125,
    0.687398358552));
#1715 = PCURVE('',#572,#1716);
#1716 = DEFINITIONAL_REPRESENTATION('',(#1717),#1730);
#1717 = B_SPLINE_CURVE_WITH_KNOTS('',6,(#1718,#1719,#1720,#1721,#1722,
    #1723,#1724,#1725,#1726,#1727,#1728,#1729),.UNSPECIFIED.,.F.,.F.,(7,
    5,7),(0.,0.609462121249,1.),.UNSPECIFIED.);
#1718 = CARTESIAN_POINT('',(4.693146879464,-1.483881351537));
#1719 = CARTESIAN_POINT('',(4.760642863741,-1.483994532701));
#1720 = CARTESIAN_POINT('',(4.826572871524,-1.484128333093));
#1721 = CARTESIAN_POINT('',(4.890998047811,-1.484371631707));
#1722 = CARTESIAN_POINT('',(4.954317695394,-1.484807894649));
#1723 = CARTESIAN_POINT('',(5.017216182264,-1.485485313988));
#1724 = CARTESIAN_POINT('',(5.120927059953,-1.486990797164));
#1725 = CARTESIAN_POINT('',(5.161562925017,-1.487677395771));
#1726 = CARTESIAN_POINT('',(5.202527669836,-1.488462795787));
#1727 = CARTESIAN_POINT('',(5.244042696766,-1.48933874752));
#1728 = CARTESIAN_POINT('',(5.286325414244,-1.490289717842));
#1729 = CARTESIAN_POINT('',(5.329559881381,-1.491294007459));
#1730 = ( GEOMETRIC_REPRESENTATION_CONTEXT(2) 
PARAMETRIC_REPRESENTATION_CONTEXT() REPRESENTATION_CONTEXT('2D SPACE',''
  ) );
#1731 = PCURVE('',#1732,#1739);
#1732 = SURFACE_OF_LINEAR_EXTRUSION('',#1733,#1737);
#1733 = B_SPLINE_CURVE_WITH_KNOTS('',2,(#1734,#1735,#1736),
  .UNSPECIFIED.,.F.,.F.,(3,3),(0.,1.),.PIECEWISE_BEZIER_KNOTS.);
#1734 = CARTESIAN_POINT('',(0.544189453125,-0.766845703125,0.5));
#1735 = CARTESIAN_POINT('',(0.337646484375,-1.027587890625,0.5));
#1736 = CARTESIAN_POINT('',(-1.9775390625E-02,-1.027587890625,0.5));
#1737 = VECTOR('',#1738,1.);
#1738 = DIRECTION('',(-0.,-0.,-1.));
#1739 = DEFINITIONAL_REPRESENTATION('',(#1740),#1753);
#1740 = B_SPLINE_CURVE_WITH_KNOTS('',6,(#1741,#1742,#1743,#1744,#1745,
    #1746,#1747,#1748,#1749,#1750,#1751,#1752),.UNSPECIFIED.,.F.,.F.,(7,
    5,7),(0.,0.609462121249,1.),.UNSPECIFIED.);
#1741 = CARTESIAN_POINT('',(1.,-0.194692794973));
#1742 = CARTESIAN_POINT('',(0.902938589229,-0.194576469845));
#1743 = CARTESIAN_POINT('',(0.803500831367,-0.194439072265));
#1744 = CARTESIAN_POINT('',(0.702031133412,-0.19418979872));
#1745 = CARTESIAN_POINT('',(0.5990857593,-0.193742552158));
#1746 = CARTESIAN_POINT('',(0.495438413811,-0.193054484967));
#1747 = CARTESIAN_POINT('',(0.325717620759,-0.191551962949));
#1748 = CARTESIAN_POINT('',(0.259511791795,-0.190871625237));
#1749 = CARTESIAN_POINT('',(0.193614368895,-0.190100586587));
#1750 = CARTESIAN_POINT('',(0.128255790671,-0.189251217833));
#1751 = CARTESIAN_POINT('',(6.365344229726E-02,-0.188342708315));
#1752 = CARTESIAN_POINT('',(0.,-0.187398358552));
#1753 = ( GEOMETRIC_REPRESENTATION_CONTEXT(2) 
PARAMETRIC_REPRESENTATION_CONTEXT() REPRESENTATION_CONTEXT('2D SPACE',''
  ) );
#1754 = ORIENTED_EDGE('',*,*,#1755,.T.);
#1755 = EDGE_CURVE('',#1699,#1756,#1758,.T.);
#1756 = VERTEX_POINT('',#1757);
#1757 = CARTESIAN_POINT('',(0.714111328125,-0.262939453125,
    0.674480212236));
#1758 = SURFACE_CURVE('',#1759,(#1772,#1788),.PCURVE_S1.);
#1759 = B_SPLINE_CURVE_WITH_KNOTS('',6,(#1760,#1761,#1762,#1763,#1764,
    #1765,#1766,#1767,#1768,#1769,#1770,#1771),.UNSPECIFIED.,.F.,.F.,(7,
    5,7),(0.,0.491337799081,1.),.UNSPECIFIED.);
#1760 = CARTESIAN_POINT('',(0.544189453125,-0.766845703125,
    0.687398358552));
#1761 = CARTESIAN_POINT('',(0.572463785079,-0.731502788182,
    0.686405698665));
#1762 = CARTESIAN_POINT('',(0.598020451246,-0.694714611879,0.68540224534
    ));
#1763 = CARTESIAN_POINT('',(0.620762182383,-0.656533938953,
    0.684376975876));
#1764 = CARTESIAN_POINT('',(0.640620345467,-0.617046572689,
    0.683325656089));
#1765 = CARTESIAN_POINT('',(0.657567650629,-0.576372656016,
    0.682250951798));
#1766 = CARTESIAN_POINT('',(0.686189929381,-0.491492796394,
    0.680035751792));
#1767 = CARTESIAN_POINT('',(0.697658075617,-0.447211765327,
    0.678894199646));
#1768 = CARTESIAN_POINT('',(0.706063948264,-0.401997156563,
    0.677748316385));
#1769 = CARTESIAN_POINT('',(0.71149574369,-0.356057647794,0.676615864979
    ));
#1770 = CARTESIAN_POINT('',(0.714111328125,-0.309630093103,
    0.675519253393));
#1771 = CARTESIAN_POINT('',(0.714111328125,-0.262939453125,
    0.674480212236));
#1772 = PCURVE('',#572,#1773);
#1773 = DEFINITIONAL_REPRESENTATION('',(#1774),#1787);
#1774 = B_SPLINE_CURVE_WITH_KNOTS('',6,(#1775,#1776,#1777,#1778,#1779,
    #1780,#1781,#1782,#1783,#1784,#1785,#1786),.UNSPECIFIED.,.F.,.F.,(7,
    5,7),(0.,0.491337799081,1.),.UNSPECIFIED.);
#1775 = CARTESIAN_POINT('',(5.329559881381,-1.491294007459));
#1776 = CARTESIAN_POINT('',(5.375833966815,-1.492349673545));
#1777 = CARTESIAN_POINT('',(5.422112544694,-1.493433627742));
#1778 = CARTESIAN_POINT('',(5.468529765026,-1.494559169034));
#1779 = CARTESIAN_POINT('',(5.515286684496,-1.49573417901));
#1780 = CARTESIAN_POINT('',(5.562631995799,-1.496959509648));
#1781 = CARTESIAN_POINT('',(5.660753413,-1.499539936896));
#1782 = CARTESIAN_POINT('',(5.711592220257,-1.500898148337));
#1783 = CARTESIAN_POINT('',(5.763663433119,-1.502293502511));
#1784 = CARTESIAN_POINT('',(5.817297568709,-1.503708225176));
#1785 = CARTESIAN_POINT('',(5.872808178423,-1.505114549848));
#1786 = CARTESIAN_POINT('',(5.930385051492,-1.506479946751));
#1787 = ( GEOMETRIC_REPRESENTATION_CONTEXT(2) 
PARAMETRIC_REPRESENTATION_CONTEXT() REPRESENTATION_CONTEXT('2D SPACE',''
  ) );
#1788 = PCURVE('',#1789,#1796);
#1789 = SURFACE_OF_LINEAR_EXTRUSION('',#1790,#1794);
#1790 = B_SPLINE_CURVE_WITH_KNOTS('',2,(#1791,#1792,#1793),
  .UNSPECIFIED.,.F.,.F.,(3,3),(0.,1.),.PIECEWISE_BEZIER_KNOTS.);
#1791 = CARTESIAN_POINT('',(0.714111328125,-0.262939453125,0.5));
#1792 = CARTESIAN_POINT('',(0.714111328125,-0.554443359375,0.5));
#1793 = CARTESIAN_POINT('',(0.544189453125,-0.766845703125,0.5));
#1794 = VECTOR('',#1795,1.);
#1795 = DIRECTION('',(-0.,-0.,-1.));
#1796 = DEFINITIONAL_REPRESENTATION('',(#1797),#1810);
#1797 = B_SPLINE_CURVE_WITH_KNOTS('',6,(#1798,#1799,#1800,#1801,#1802,
    #1803,#1804,#1805,#1806,#1807,#1808,#1809),.UNSPECIFIED.,.F.,.F.,(7,
    5,7),(0.,0.491337799081,1.),.UNSPECIFIED.);
#1798 = CARTESIAN_POINT('',(1.,-0.187398358552));
#1799 = CARTESIAN_POINT('',(0.916801965743,-0.186405698665));
#1800 = CARTESIAN_POINT('',(0.833294945783,-0.18540224534));
#1801 = CARTESIAN_POINT('',(0.749647111529,-0.184376975876));
#1802 = CARTESIAN_POINT('',(0.666060438217,-0.183325656089));
#1803 = CARTESIAN_POINT('',(0.582762790432,-0.182250951798));
#1804 = CARTESIAN_POINT('',(0.414319037599,-0.180035751792));
#1805 = CARTESIAN_POINT('',(0.329209284689,-0.178894199646));
#1806 = CARTESIAN_POINT('',(0.244943368595,-0.177748316385));
#1807 = CARTESIAN_POINT('',(0.161808799637,-0.176615864979));
#1808 = CARTESIAN_POINT('',(8.008578783528E-02,-0.175519253393));
#1809 = CARTESIAN_POINT('',(0.,-0.174480212236));
#1810 = ( GEOMETRIC_REPRESENTATION_CONTEXT(2) 
PARAMETRIC_REPRESENTATION_CONTEXT() REPRESENTATION_CONTEXT('2D SPACE',''
  ) );
#1811 = ORIENTED_EDGE('',*,*,#1812,.T.);
#1812 = EDGE_CURVE('',#1756,#643,#1813,.T.);
#1813 = SURFACE_CURVE('',#1814,(#1822,#1833),.PCURVE_S1.);
#1814 = B_SPLINE_CURVE_WITH_KNOTS('',6,(#1815,#1816,#1817,#1818,#1819,
    #1820,#1821),.UNSPECIFIED.,.F.,.F.,(7,7),(0.,1.),
  .PIECEWISE_BEZIER_KNOTS.);
#1815 = CARTESIAN_POINT('',(0.714111328125,-0.262939453125,
    0.674480212236));
#1816 = CARTESIAN_POINT('',(0.714111328125,-0.215709918947,
    0.673429178671));
#1817 = CARTESIAN_POINT('',(0.711350264558,-0.169709727544,
    0.672465283766));
#1818 = CARTESIAN_POINT('',(0.70574947604,-0.125018130118,0.671563404739
    ));
#1819 = CARTESIAN_POINT('',(0.697241032709,-8.174457628691E-02,
    0.670702960071));
#1820 = CARTESIAN_POINT('',(0.685800734834,-4.002632945841E-02,
    0.669869592007));
#1821 = CARTESIAN_POINT('',(0.671488182829,-1.665334536938E-16,
    0.669056568094));
#1822 = PCURVE('',#572,#1823);
#1823 = DEFINITIONAL_REPRESENTATION('',(#1824),#1832);
#1824 = B_SPLINE_CURVE_WITH_KNOTS('',6,(#1825,#1826,#1827,#1828,#1829,
    #1830,#1831),.UNSPECIFIED.,.F.,.F.,(7,7),(0.,1.),
  .PIECEWISE_BEZIER_KNOTS.);
#1825 = CARTESIAN_POINT('',(5.930385051492,-1.506479946751));
#1826 = CARTESIAN_POINT('',(5.988626465526,-1.507861102796));
#1827 = CARTESIAN_POINT('',(6.047095734801,-1.509163290752));
#1828 = CARTESIAN_POINT('',(6.105716514421,-1.510411922181));
#1829 = CARTESIAN_POINT('',(6.164498212206,-1.511631467737));
#1830 = CARTESIAN_POINT('',(6.223576917215,-1.512841572124));
#1831 = CARTESIAN_POINT('',(6.28318530718,-1.514052351288));
#1832 = ( GEOMETRIC_REPRESENTATION_CONTEXT(2) 
PARAMETRIC_REPRESENTATION_CONTEXT() REPRESENTATION_CONTEXT('2D SPACE',''
  ) );
#1833 = PCURVE('',#692,#1834);
#1834 = DEFINITIONAL_REPRESENTATION('',(#1835),#1843);
#1835 = B_SPLINE_CURVE_WITH_KNOTS('',6,(#1836,#1837,#1838,#1839,#1840,
    #1841,#1842),.UNSPECIFIED.,.F.,.F.,(7,7),(0.,1.),
  .PIECEWISE_BEZIER_KNOTS.);
#1836 = CARTESIAN_POINT('',(1.,-0.174480212236));
#1837 = CARTESIAN_POINT('',(0.92286596013,-0.173429178671));
#1838 = CARTESIAN_POINT('',(0.845143367942,-0.172465283008));
#1839 = CARTESIAN_POINT('',(0.766887804119,-0.171563406654));
#1840 = CARTESIAN_POINT('',(0.688213870916,-0.170702958235));
#1841 = CARTESIAN_POINT('',(0.609323333165,-0.169869592469));
#1842 = CARTESIAN_POINT('',(0.530495111384,-0.169056568556));
#1843 = ( GEOMETRIC_REPRESENTATION_CONTEXT(2) 
PARAMETRIC_REPRESENTATION_CONTEXT() REPRESENTATION_CONTEXT('2D SPACE',''
  ) );
#1844 = ADVANCED_FACE('',(#1845,#1848),#627,.F.);
#1845 = FACE_BOUND('',#1846,.F.);
#1846 = EDGE_LOOP('',(#1847));
#1847 = ORIENTED_EDGE('',*,*,#612,.T.);
#1848 = FACE_BOUND('',#1849,.F.);
#1849 = EDGE_LOOP('',(#1850));
#1850 = ORIENTED_EDGE('',*,*,#1851,.F.);
#1851 = EDGE_CURVE('',#1852,#1852,#1854,.T.);
#1852 = VERTEX_POINT('',#1853);
#1853 = CARTESIAN_POINT('',(1.5,0.,-2.5));
#1854 = SURFACE_CURVE('',#1855,(#1860,#1867),.PCURVE_S1.);
#1855 = CIRCLE('',#1856,1.5);
#1856 = AXIS2_PLACEMENT_3D('',#1857,#1858,#1859);
#1857 = CARTESIAN_POINT('',(0.,0.,-2.5));
#1858 = DIRECTION('',(0.,0.,1.));
#1859 = DIRECTION('',(1.,0.,0.));
#1860 = PCURVE('',#627,#1861);
#1861 = DEFINITIONAL_REPRESENTATION('',(#1862),#1866);
#1862 = CIRCLE('',#1863,1.5);
#1863 = AXIS2_PLACEMENT_2D('',#1864,#1865);
#1864 = CARTESIAN_POINT('',(2.681255161842E-16,-5.961865926976E-16));
#1865 = DIRECTION('',(1.,0.));
#1866 = ( GEOMETRIC_REPRESENTATION_CONTEXT(2) 
PARAMETRIC_REPRESENTATION_CONTEXT() REPRESENTATION_CONTEXT('2D SPACE',''
  ) );
#1867 = PCURVE('',#1868,#1873);
#1868 = CYLINDRICAL_SURFACE('',#1869,1.5);
#1869 = AXIS2_PLACEMENT_3D('',#1870,#1871,#1872);
#1870 = CARTESIAN_POINT('',(0.,0.,-2.5));
#1871 = DIRECTION('',(0.,0.,1.));
#1872 = DIRECTION('',(1.,0.,0.));
#1873 = DEFINITIONAL_REPRESENTATION('',(#1874),#1878);
#1874 = LINE('',#1875,#1876);
#1875 = CARTESIAN_POINT('',(0.,0.));
#1876 = VECTOR('',#1877,1.);
#1877 = DIRECTION('',(1.,0.));
#1878 = ( GEOMETRIC_REPRESENTATION_CONTEXT(2) 
PARAMETRIC_REPRESENTATION_CONTEXT() REPRESENTATION_CONTEXT('2D SPACE',''
  ) );
#1879 = ADVANCED_FACE('',(#1880),#692,.F.);
#1880 = FACE_BOUND('',#1881,.F.);
#1881 = EDGE_LOOP('',(#1882,#1912,#1933,#1934,#1935));
#1882 = ORIENTED_EDGE('',*,*,#1883,.F.);
#1883 = EDGE_CURVE('',#1884,#1886,#1888,.T.);
#1884 = VERTEX_POINT('',#1885);
#1885 = CARTESIAN_POINT('',(0.520751953125,0.238037109375,0.5));
#1886 = VERTEX_POINT('',#1887);
#1887 = CARTESIAN_POINT('',(0.714111328125,-0.262939453125,0.5));
#1888 = SURFACE_CURVE('',#1889,(#1893,#1900),.PCURVE_S1.);
#1889 = B_SPLINE_CURVE_WITH_KNOTS('',2,(#1890,#1891,#1892),
  .UNSPECIFIED.,.F.,.F.,(3,3),(0.,1.),.PIECEWISE_BEZIER_KNOTS.);
#1890 = CARTESIAN_POINT('',(0.520751953125,0.238037109375,0.5));
#1891 = CARTESIAN_POINT('',(0.714111328125,4.3212890625E-02,0.5));
#1892 = CARTESIAN_POINT('',(0.714111328125,-0.262939453125,0.5));
#1893 = PCURVE('',#692,#1894);
#1894 = DEFINITIONAL_REPRESENTATION('',(#1895),#1899);
#1895 = LINE('',#1896,#1897);
#1896 = CARTESIAN_POINT('',(0.,0.));
#1897 = VECTOR('',#1898,1.);
#1898 = DIRECTION('',(1.,0.));
#1899 = ( GEOMETRIC_REPRESENTATION_CONTEXT(2) 
PARAMETRIC_REPRESENTATION_CONTEXT() REPRESENTATION_CONTEXT('2D SPACE',''
  ) );
#1900 = PCURVE('',#1901,#1906);
#1901 = PLANE('',#1902);
#1902 = AXIS2_PLACEMENT_3D('',#1903,#1904,#1905);
#1903 = CARTESIAN_POINT('',(-0.834228515625,-0.990966796875,0.5));
#1904 = DIRECTION('',(0.,0.,1.));
#1905 = DIRECTION('',(1.,0.,0.));
#1906 = DEFINITIONAL_REPRESENTATION('',(#1907),#1911);
#1907 = B_SPLINE_CURVE_WITH_KNOTS('',2,(#1908,#1909,#1910),
  .UNSPECIFIED.,.F.,.F.,(3,3),(0.,1.),.PIECEWISE_BEZIER_KNOTS.);
#1908 = CARTESIAN_POINT('',(1.35498046875,1.22900390625));
#1909 = CARTESIAN_POINT('',(1.54833984375,1.0341796875));
#1910 = CARTESIAN_POINT('',(1.54833984375,0.72802734375));
#1911 = ( GEOMETRIC_REPRESENTATION_CONTEXT(2) 
PARAMETRIC_REPRESENTATION_CONTEXT() REPRESENTATION_CONTEXT('2D SPACE',''
  ) );
#1912 = ORIENTED_EDGE('',*,*,#1913,.T.);
#1913 = EDGE_CURVE('',#1884,#669,#1914,.T.);
#1914 = SURFACE_CURVE('',#1915,(#1919,#1926),.PCURVE_S1.);
#1915 = LINE('',#1916,#1917);
#1916 = CARTESIAN_POINT('',(0.520751953125,0.238037109375,0.5));
#1917 = VECTOR('',#1918,1.);
#1918 = DIRECTION('',(0.,0.,1.));
#1919 = PCURVE('',#692,#1920);
#1920 = DEFINITIONAL_REPRESENTATION('',(#1921),#1925);
#1921 = LINE('',#1922,#1923);
#1922 = CARTESIAN_POINT('',(0.,0.));
#1923 = VECTOR('',#1924,1.);
#1924 = DIRECTION('',(0.,-1.));
#1925 = ( GEOMETRIC_REPRESENTATION_CONTEXT(2) 
PARAMETRIC_REPRESENTATION_CONTEXT() REPRESENTATION_CONTEXT('2D SPACE',''
  ) );
#1926 = PCURVE('',#748,#1927);
#1927 = DEFINITIONAL_REPRESENTATION('',(#1928),#1932);
#1928 = LINE('',#1929,#1930);
#1929 = CARTESIAN_POINT('',(1.,0.));
#1930 = VECTOR('',#1931,1.);
#1931 = DIRECTION('',(0.,-1.));
#1932 = ( GEOMETRIC_REPRESENTATION_CONTEXT(2) 
PARAMETRIC_REPRESENTATION_CONTEXT() REPRESENTATION_CONTEXT('2D SPACE',''
  ) );
#1933 = ORIENTED_EDGE('',*,*,#668,.F.);
#1934 = ORIENTED_EDGE('',*,*,#1812,.F.);
#1935 = ORIENTED_EDGE('',*,*,#1936,.F.);
#1936 = EDGE_CURVE('',#1886,#1756,#1937,.T.);
#1937 = SURFACE_CURVE('',#1938,(#1942,#1949),.PCURVE_S1.);
#1938 = LINE('',#1939,#1940);
#1939 = CARTESIAN_POINT('',(0.714111328125,-0.262939453125,0.5));
#1940 = VECTOR('',#1941,1.);
#1941 = DIRECTION('',(0.,0.,1.));
#1942 = PCURVE('',#692,#1943);
#1943 = DEFINITIONAL_REPRESENTATION('',(#1944),#1948);
#1944 = LINE('',#1945,#1946);
#1945 = CARTESIAN_POINT('',(1.,0.));
#1946 = VECTOR('',#1947,1.);
#1947 = DIRECTION('',(0.,-1.));
#1948 = ( GEOMETRIC_REPRESENTATION_CONTEXT(2) 
PARAMETRIC_REPRESENTATION_CONTEXT() REPRESENTATION_CONTEXT('2D SPACE',''
  ) );
#1949 = PCURVE('',#1789,#1950);
#1950 = DEFINITIONAL_REPRESENTATION('',(#1951),#1955);
#1951 = LINE('',#1952,#1953);
#1952 = CARTESIAN_POINT('',(0.,0.));
#1953 = VECTOR('',#1954,1.);
#1954 = DIRECTION('',(0.,-1.));
#1955 = ( GEOMETRIC_REPRESENTATION_CONTEXT(2) 
PARAMETRIC_REPRESENTATION_CONTEXT() REPRESENTATION_CONTEXT('2D SPACE',''
  ) );
#1956 = ADVANCED_FACE('',(#1957),#1789,.F.);
#1957 = FACE_BOUND('',#1958,.F.);
#1958 = EDGE_LOOP('',(#1959,#1982,#1983,#1984));
#1959 = ORIENTED_EDGE('',*,*,#1960,.F.);
#1960 = EDGE_CURVE('',#1886,#1961,#1963,.T.);
#1961 = VERTEX_POINT('',#1962);
#1962 = CARTESIAN_POINT('',(0.544189453125,-0.766845703125,0.5));
#1963 = SURFACE_CURVE('',#1964,(#1968,#1975),.PCURVE_S1.);
#1964 = B_SPLINE_CURVE_WITH_KNOTS('',2,(#1965,#1966,#1967),
  .UNSPECIFIED.,.F.,.F.,(3,3),(0.,1.),.PIECEWISE_BEZIER_KNOTS.);
#1965 = CARTESIAN_POINT('',(0.714111328125,-0.262939453125,0.5));
#1966 = CARTESIAN_POINT('',(0.714111328125,-0.554443359375,0.5));
#1967 = CARTESIAN_POINT('',(0.544189453125,-0.766845703125,0.5));
#1968 = PCURVE('',#1789,#1969);
#1969 = DEFINITIONAL_REPRESENTATION('',(#1970),#1974);
#1970 = LINE('',#1971,#1972);
#1971 = CARTESIAN_POINT('',(0.,0.));
#1972 = VECTOR('',#1973,1.);
#1973 = DIRECTION('',(1.,0.));
#1974 = ( GEOMETRIC_REPRESENTATION_CONTEXT(2) 
PARAMETRIC_REPRESENTATION_CONTEXT() REPRESENTATION_CONTEXT('2D SPACE',''
  ) );
#1975 = PCURVE('',#1901,#1976);
#1976 = DEFINITIONAL_REPRESENTATION('',(#1977),#1981);
#1977 = B_SPLINE_CURVE_WITH_KNOTS('',2,(#1978,#1979,#1980),
  .UNSPECIFIED.,.F.,.F.,(3,3),(0.,1.),.PIECEWISE_BEZIER_KNOTS.);
#1978 = CARTESIAN_POINT('',(1.54833984375,0.72802734375));
#1979 = CARTESIAN_POINT('',(1.54833984375,0.4365234375));
#1980 = CARTESIAN_POINT('',(1.37841796875,0.22412109375));
#1981 = ( GEOMETRIC_REPRESENTATION_CONTEXT(2) 
PARAMETRIC_REPRESENTATION_CONTEXT() REPRESENTATION_CONTEXT('2D SPACE',''
  ) );
#1982 = ORIENTED_EDGE('',*,*,#1936,.T.);
#1983 = ORIENTED_EDGE('',*,*,#1755,.F.);
#1984 = ORIENTED_EDGE('',*,*,#1985,.F.);
#1985 = EDGE_CURVE('',#1961,#1699,#1986,.T.);
#1986 = SURFACE_CURVE('',#1987,(#1991,#1998),.PCURVE_S1.);
#1987 = LINE('',#1988,#1989);
#1988 = CARTESIAN_POINT('',(0.544189453125,-0.766845703125,0.5));
#1989 = VECTOR('',#1990,1.);
#1990 = DIRECTION('',(0.,0.,1.));
#1991 = PCURVE('',#1789,#1992);
#1992 = DEFINITIONAL_REPRESENTATION('',(#1993),#1997);
#1993 = LINE('',#1994,#1995);
#1994 = CARTESIAN_POINT('',(1.,0.));
#1995 = VECTOR('',#1996,1.);
#1996 = DIRECTION('',(0.,-1.));
#1997 = ( GEOMETRIC_REPRESENTATION_CONTEXT(2) 
PARAMETRIC_REPRESENTATION_CONTEXT() REPRESENTATION_CONTEXT('2D SPACE',''
  ) );
#1998 = PCURVE('',#1732,#1999);
#1999 = DEFINITIONAL_REPRESENTATION('',(#2000),#2004);
#2000 = LINE('',#2001,#2002);
#2001 = CARTESIAN_POINT('',(0.,0.));
#2002 = VECTOR('',#2003,1.);
#2003 = DIRECTION('',(0.,-1.));
#2004 = ( GEOMETRIC_REPRESENTATION_CONTEXT(2) 
PARAMETRIC_REPRESENTATION_CONTEXT() REPRESENTATION_CONTEXT('2D SPACE',''
  ) );
#2005 = ADVANCED_FACE('',(#2006),#1732,.F.);
#2006 = FACE_BOUND('',#2007,.F.);
#2007 = EDGE_LOOP('',(#2008,#2031,#2032,#2033));
#2008 = ORIENTED_EDGE('',*,*,#2009,.F.);
#2009 = EDGE_CURVE('',#1961,#2010,#2012,.T.);
#2010 = VERTEX_POINT('',#2011);
#2011 = CARTESIAN_POINT('',(-1.9775390625E-02,-1.027587890625,0.5));
#2012 = SURFACE_CURVE('',#2013,(#2017,#2024),.PCURVE_S1.);
#2013 = B_SPLINE_CURVE_WITH_KNOTS('',2,(#2014,#2015,#2016),
  .UNSPECIFIED.,.F.,.F.,(3,3),(0.,1.),.PIECEWISE_BEZIER_KNOTS.);
#2014 = CARTESIAN_POINT('',(0.544189453125,-0.766845703125,0.5));
#2015 = CARTESIAN_POINT('',(0.337646484375,-1.027587890625,0.5));
#2016 = CARTESIAN_POINT('',(-1.9775390625E-02,-1.027587890625,0.5));
#2017 = PCURVE('',#1732,#2018);
#2018 = DEFINITIONAL_REPRESENTATION('',(#2019),#2023);
#2019 = LINE('',#2020,#2021);
#2020 = CARTESIAN_POINT('',(0.,0.));
#2021 = VECTOR('',#2022,1.);
#2022 = DIRECTION('',(1.,0.));
#2023 = ( GEOMETRIC_REPRESENTATION_CONTEXT(2) 
PARAMETRIC_REPRESENTATION_CONTEXT() REPRESENTATION_CONTEXT('2D SPACE',''
  ) );
#2024 = PCURVE('',#1901,#2025);
#2025 = DEFINITIONAL_REPRESENTATION('',(#2026),#2030);
#2026 = B_SPLINE_CURVE_WITH_KNOTS('',2,(#2027,#2028,#2029),
  .UNSPECIFIED.,.F.,.F.,(3,3),(0.,1.),.PIECEWISE_BEZIER_KNOTS.);
#2027 = CARTESIAN_POINT('',(1.37841796875,0.22412109375));
#2028 = CARTESIAN_POINT('',(1.171875,-3.662109375E-02));
#2029 = CARTESIAN_POINT('',(0.814453125,-3.662109375E-02));
#2030 = ( GEOMETRIC_REPRESENTATION_CONTEXT(2) 
PARAMETRIC_REPRESENTATION_CONTEXT() REPRESENTATION_CONTEXT('2D SPACE',''
  ) );
#2031 = ORIENTED_EDGE('',*,*,#1985,.T.);
#2032 = ORIENTED_EDGE('',*,*,#1698,.F.);
#2033 = ORIENTED_EDGE('',*,*,#2034,.F.);
#2034 = EDGE_CURVE('',#2010,#1642,#2035,.T.);
#2035 = SURFACE_CURVE('',#2036,(#2040,#2047),.PCURVE_S1.);
#2036 = LINE('',#2037,#2038);
#2037 = CARTESIAN_POINT('',(-1.9775390625E-02,-1.027587890625,0.5));
#2038 = VECTOR('',#2039,1.);
#2039 = DIRECTION('',(0.,0.,1.));
#2040 = PCURVE('',#1732,#2041);
#2041 = DEFINITIONAL_REPRESENTATION('',(#2042),#2046);
#2042 = LINE('',#2043,#2044);
#2043 = CARTESIAN_POINT('',(1.,0.));
#2044 = VECTOR('',#2045,1.);
#2045 = DIRECTION('',(0.,-1.));
#2046 = ( GEOMETRIC_REPRESENTATION_CONTEXT(2) 
PARAMETRIC_REPRESENTATION_CONTEXT() REPRESENTATION_CONTEXT('2D SPACE',''
  ) );
#2047 = PCURVE('',#1675,#2048);
#2048 = DEFINITIONAL_REPRESENTATION('',(#2049),#2053);
#2049 = LINE('',#2050,#2051);
#2050 = CARTESIAN_POINT('',(0.,0.));
#2051 = VECTOR('',#2052,1.);
#2052 = DIRECTION('',(0.,-1.));
#2053 = ( GEOMETRIC_REPRESENTATION_CONTEXT(2) 
PARAMETRIC_REPRESENTATION_CONTEXT() REPRESENTATION_CONTEXT('2D SPACE',''
  ) );
#2054 = ADVANCED_FACE('',(#2055),#1675,.F.);
#2055 = FACE_BOUND('',#2056,.F.);
#2056 = EDGE_LOOP('',(#2057,#2080,#2081,#2082));
#2057 = ORIENTED_EDGE('',*,*,#2058,.F.);
#2058 = EDGE_CURVE('',#2010,#2059,#2061,.T.);
#2059 = VERTEX_POINT('',#2060);
#2060 = CARTESIAN_POINT('',(-0.498046875,-0.863525390625,0.5));
#2061 = SURFACE_CURVE('',#2062,(#2066,#2073),.PCURVE_S1.);
#2062 = B_SPLINE_CURVE_WITH_KNOTS('',2,(#2063,#2064,#2065),
  .UNSPECIFIED.,.F.,.F.,(3,3),(0.,1.),.PIECEWISE_BEZIER_KNOTS.);
#2063 = CARTESIAN_POINT('',(-1.9775390625E-02,-1.027587890625,0.5));
#2064 = CARTESIAN_POINT('',(-0.312744140625,-1.027587890625,0.5));
#2065 = CARTESIAN_POINT('',(-0.498046875,-0.863525390625,0.5));
#2066 = PCURVE('',#1675,#2067);
#2067 = DEFINITIONAL_REPRESENTATION('',(#2068),#2072);
#2068 = LINE('',#2069,#2070);
#2069 = CARTESIAN_POINT('',(0.,0.));
#2070 = VECTOR('',#2071,1.);
#2071 = DIRECTION('',(1.,0.));
#2072 = ( GEOMETRIC_REPRESENTATION_CONTEXT(2) 
PARAMETRIC_REPRESENTATION_CONTEXT() REPRESENTATION_CONTEXT('2D SPACE',''
  ) );
#2073 = PCURVE('',#1901,#2074);
#2074 = DEFINITIONAL_REPRESENTATION('',(#2075),#2079);
#2075 = B_SPLINE_CURVE_WITH_KNOTS('',2,(#2076,#2077,#2078),
  .UNSPECIFIED.,.F.,.F.,(3,3),(0.,1.),.PIECEWISE_BEZIER_KNOTS.);
#2076 = CARTESIAN_POINT('',(0.814453125,-3.662109375E-02));
#2077 = CARTESIAN_POINT('',(0.521484375,-3.662109375E-02));
#2078 = CARTESIAN_POINT('',(0.336181640625,0.12744140625));
#2079 = ( GEOMETRIC_REPRESENTATION_CONTEXT(2) 
PARAMETRIC_REPRESENTATION_CONTEXT() REPRESENTATION_CONTEXT('2D SPACE',''
  ) );
#2080 = ORIENTED_EDGE('',*,*,#2034,.T.);
#2081 = ORIENTED_EDGE('',*,*,#1641,.F.);
#2082 = ORIENTED_EDGE('',*,*,#2083,.F.);
#2083 = EDGE_CURVE('',#2059,#1585,#2084,.T.);
#2084 = SURFACE_CURVE('',#2085,(#2089,#2096),.PCURVE_S1.);
#2085 = LINE('',#2086,#2087);
#2086 = CARTESIAN_POINT('',(-0.498046875,-0.863525390625,0.5));
#2087 = VECTOR('',#2088,1.);
#2088 = DIRECTION('',(0.,0.,1.));
#2089 = PCURVE('',#1675,#2090);
#2090 = DEFINITIONAL_REPRESENTATION('',(#2091),#2095);
#2091 = LINE('',#2092,#2093);
#2092 = CARTESIAN_POINT('',(1.,0.));
#2093 = VECTOR('',#2094,1.);
#2094 = DIRECTION('',(0.,-1.));
#2095 = ( GEOMETRIC_REPRESENTATION_CONTEXT(2) 
PARAMETRIC_REPRESENTATION_CONTEXT() REPRESENTATION_CONTEXT('2D SPACE',''
  ) );
#2096 = PCURVE('',#1618,#2097);
#2097 = DEFINITIONAL_REPRESENTATION('',(#2098),#2102);
#2098 = LINE('',#2099,#2100);
#2099 = CARTESIAN_POINT('',(0.,0.));
#2100 = VECTOR('',#2101,1.);
#2101 = DIRECTION('',(0.,-1.));
#2102 = ( GEOMETRIC_REPRESENTATION_CONTEXT(2) 
PARAMETRIC_REPRESENTATION_CONTEXT() REPRESENTATION_CONTEXT('2D SPACE',''
  ) );
#2103 = ADVANCED_FACE('',(#2104),#1618,.F.);
#2104 = FACE_BOUND('',#2105,.F.);
#2105 = EDGE_LOOP('',(#2106,#2129,#2130,#2131));
#2106 = ORIENTED_EDGE('',*,*,#2107,.F.);
#2107 = EDGE_CURVE('',#2059,#2108,#2110,.T.);
#2108 = VERTEX_POINT('',#2109);
#2109 = CARTESIAN_POINT('',(-0.709716796875,-0.428466796875,0.5));
#2110 = SURFACE_CURVE('',#2111,(#2115,#2122),.PCURVE_S1.);
#2111 = B_SPLINE_CURVE_WITH_KNOTS('',2,(#2112,#2113,#2114),
  .UNSPECIFIED.,.F.,.F.,(3,3),(0.,1.),.PIECEWISE_BEZIER_KNOTS.);
#2112 = CARTESIAN_POINT('',(-0.498046875,-0.863525390625,0.5));
#2113 = CARTESIAN_POINT('',(-0.683349609375,-0.699462890625,0.5));
#2114 = CARTESIAN_POINT('',(-0.709716796875,-0.428466796875,0.5));
#2115 = PCURVE('',#1618,#2116);
#2116 = DEFINITIONAL_REPRESENTATION('',(#2117),#2121);
#2117 = LINE('',#2118,#2119);
#2118 = CARTESIAN_POINT('',(0.,0.));
#2119 = VECTOR('',#2120,1.);
#2120 = DIRECTION('',(1.,0.));
#2121 = ( GEOMETRIC_REPRESENTATION_CONTEXT(2) 
PARAMETRIC_REPRESENTATION_CONTEXT() REPRESENTATION_CONTEXT('2D SPACE',''
  ) );
#2122 = PCURVE('',#1901,#2123);
#2123 = DEFINITIONAL_REPRESENTATION('',(#2124),#2128);
#2124 = B_SPLINE_CURVE_WITH_KNOTS('',2,(#2125,#2126,#2127),
  .UNSPECIFIED.,.F.,.F.,(3,3),(0.,1.),.PIECEWISE_BEZIER_KNOTS.);
#2125 = CARTESIAN_POINT('',(0.336181640625,0.12744140625));
#2126 = CARTESIAN_POINT('',(0.15087890625,0.29150390625));
#2127 = CARTESIAN_POINT('',(0.12451171875,0.5625));
#2128 = ( GEOMETRIC_REPRESENTATION_CONTEXT(2) 
PARAMETRIC_REPRESENTATION_CONTEXT() REPRESENTATION_CONTEXT('2D SPACE',''
  ) );
#2129 = ORIENTED_EDGE('',*,*,#2083,.T.);
#2130 = ORIENTED_EDGE('',*,*,#1584,.F.);
#2131 = ORIENTED_EDGE('',*,*,#2132,.F.);
#2132 = EDGE_CURVE('',#2108,#1551,#2133,.T.);
#2133 = SURFACE_CURVE('',#2134,(#2138,#2145),.PCURVE_S1.);
#2134 = LINE('',#2135,#2136);
#2135 = CARTESIAN_POINT('',(-0.709716796875,-0.428466796875,0.5));
#2136 = VECTOR('',#2137,1.);
#2137 = DIRECTION('',(0.,0.,1.));
#2138 = PCURVE('',#1618,#2139);
#2139 = DEFINITIONAL_REPRESENTATION('',(#2140),#2144);
#2140 = LINE('',#2141,#2142);
#2141 = CARTESIAN_POINT('',(1.,0.));
#2142 = VECTOR('',#2143,1.);
#2143 = DIRECTION('',(0.,-1.));
#2144 = ( GEOMETRIC_REPRESENTATION_CONTEXT(2) 
PARAMETRIC_REPRESENTATION_CONTEXT() REPRESENTATION_CONTEXT('2D SPACE',''
  ) );
#2145 = PCURVE('',#1572,#2146);
#2146 = DEFINITIONAL_REPRESENTATION('',(#2147),#2151);
#2147 = LINE('',#2148,#2149);
#2148 = CARTESIAN_POINT('',(0.,0.));
#2149 = VECTOR('',#2150,1.);
#2150 = DIRECTION('',(0.,-1.));
#2151 = ( GEOMETRIC_REPRESENTATION_CONTEXT(2) 
PARAMETRIC_REPRESENTATION_CONTEXT() REPRESENTATION_CONTEXT('2D SPACE',''
  ) );
#2152 = ADVANCED_FACE('',(#2153),#1572,.F.);
#2153 = FACE_BOUND('',#2154,.F.);
#2154 = EDGE_LOOP('',(#2155,#2178,#2179,#2180));
#2155 = ORIENTED_EDGE('',*,*,#2156,.F.);
#2156 = EDGE_CURVE('',#2108,#2157,#2159,.T.);
#2157 = VERTEX_POINT('',#2158);
#2158 = CARTESIAN_POINT('',(-0.432861328125,-0.405029296875,0.5));
#2159 = SURFACE_CURVE('',#2160,(#2164,#2171),.PCURVE_S1.);
#2160 = LINE('',#2161,#2162);
#2161 = CARTESIAN_POINT('',(-0.709716796875,-0.428466796875,0.5));
#2162 = VECTOR('',#2163,1.);
#2163 = DIRECTION('',(0.996435819697,8.43543551066E-02,0.));
#2164 = PCURVE('',#1572,#2165);
#2165 = DEFINITIONAL_REPRESENTATION('',(#2166),#2170);
#2166 = LINE('',#2167,#2168);
#2167 = CARTESIAN_POINT('',(0.,0.));
#2168 = VECTOR('',#2169,1.);
#2169 = DIRECTION('',(1.,0.));
#2170 = ( GEOMETRIC_REPRESENTATION_CONTEXT(2) 
PARAMETRIC_REPRESENTATION_CONTEXT() REPRESENTATION_CONTEXT('2D SPACE',''
  ) );
#2171 = PCURVE('',#1901,#2172);
#2172 = DEFINITIONAL_REPRESENTATION('',(#2173),#2177);
#2173 = LINE('',#2174,#2175);
#2174 = CARTESIAN_POINT('',(0.12451171875,0.5625));
#2175 = VECTOR('',#2176,1.);
#2176 = DIRECTION('',(0.996435819697,8.43543551066E-02));
#2177 = ( GEOMETRIC_REPRESENTATION_CONTEXT(2) 
PARAMETRIC_REPRESENTATION_CONTEXT() REPRESENTATION_CONTEXT('2D SPACE',''
  ) );
#2178 = ORIENTED_EDGE('',*,*,#2132,.T.);
#2179 = ORIENTED_EDGE('',*,*,#1550,.F.);
#2180 = ORIENTED_EDGE('',*,*,#2181,.F.);
#2181 = EDGE_CURVE('',#2157,#1506,#2182,.T.);
#2182 = SURFACE_CURVE('',#2183,(#2187,#2194),.PCURVE_S1.);
#2183 = LINE('',#2184,#2185);
#2184 = CARTESIAN_POINT('',(-0.432861328125,-0.405029296875,0.5));
#2185 = VECTOR('',#2186,1.);
#2186 = DIRECTION('',(0.,0.,1.));
#2187 = PCURVE('',#1572,#2188);
#2188 = DEFINITIONAL_REPRESENTATION('',(#2189),#2193);
#2189 = LINE('',#2190,#2191);
#2190 = CARTESIAN_POINT('',(0.277845761139,0.));
#2191 = VECTOR('',#2192,1.);
#2192 = DIRECTION('',(0.,-1.));
#2193 = ( GEOMETRIC_REPRESENTATION_CONTEXT(2) 
PARAMETRIC_REPRESENTATION_CONTEXT() REPRESENTATION_CONTEXT('2D SPACE',''
  ) );
#2194 = PCURVE('',#1531,#2195);
#2195 = DEFINITIONAL_REPRESENTATION('',(#2196),#2200);
#2196 = LINE('',#2197,#2198);
#2197 = CARTESIAN_POINT('',(0.,0.));
#2198 = VECTOR('',#2199,1.);
#2199 = DIRECTION('',(0.,-1.));
#2200 = ( GEOMETRIC_REPRESENTATION_CONTEXT(2) 
PARAMETRIC_REPRESENTATION_CONTEXT() REPRESENTATION_CONTEXT('2D SPACE',''
  ) );
#2201 = ADVANCED_FACE('',(#2202),#1531,.F.);
#2202 = FACE_BOUND('',#2203,.F.);
#2203 = EDGE_LOOP('',(#2204,#2227,#2228,#2229));
#2204 = ORIENTED_EDGE('',*,*,#2205,.F.);
#2205 = EDGE_CURVE('',#2157,#2206,#2208,.T.);
#2206 = VERTEX_POINT('',#2207);
#2207 = CARTESIAN_POINT('',(-0.2900390625,-0.708984375,0.5));
#2208 = SURFACE_CURVE('',#2209,(#2213,#2220),.PCURVE_S1.);
#2209 = B_SPLINE_CURVE_WITH_KNOTS('',2,(#2210,#2211,#2212),
  .UNSPECIFIED.,.F.,.F.,(3,3),(0.,1.),.PIECEWISE_BEZIER_KNOTS.);
#2210 = CARTESIAN_POINT('',(-0.432861328125,-0.405029296875,0.5));
#2211 = CARTESIAN_POINT('',(-0.402099609375,-0.607177734375,0.5));
#2212 = CARTESIAN_POINT('',(-0.2900390625,-0.708984375,0.5));
#2213 = PCURVE('',#1531,#2214);
#2214 = DEFINITIONAL_REPRESENTATION('',(#2215),#2219);
#2215 = LINE('',#2216,#2217);
#2216 = CARTESIAN_POINT('',(0.,0.));
#2217 = VECTOR('',#2218,1.);
#2218 = DIRECTION('',(1.,0.));
#2219 = ( GEOMETRIC_REPRESENTATION_CONTEXT(2) 
PARAMETRIC_REPRESENTATION_CONTEXT() REPRESENTATION_CONTEXT('2D SPACE',''
  ) );
#2220 = PCURVE('',#1901,#2221);
#2221 = DEFINITIONAL_REPRESENTATION('',(#2222),#2226);
#2222 = B_SPLINE_CURVE_WITH_KNOTS('',2,(#2223,#2224,#2225),
  .UNSPECIFIED.,.F.,.F.,(3,3),(0.,1.),.PIECEWISE_BEZIER_KNOTS.);
#2223 = CARTESIAN_POINT('',(0.4013671875,0.5859375));
#2224 = CARTESIAN_POINT('',(0.43212890625,0.3837890625));
#2225 = CARTESIAN_POINT('',(0.544189453125,0.281982421875));
#2226 = ( GEOMETRIC_REPRESENTATION_CONTEXT(2) 
PARAMETRIC_REPRESENTATION_CONTEXT() REPRESENTATION_CONTEXT('2D SPACE',''
  ) );
#2227 = ORIENTED_EDGE('',*,*,#2181,.T.);
#2228 = ORIENTED_EDGE('',*,*,#1505,.F.);
#2229 = ORIENTED_EDGE('',*,*,#2230,.F.);
#2230 = EDGE_CURVE('',#2206,#1455,#2231,.T.);
#2231 = SURFACE_CURVE('',#2232,(#2236,#2243),.PCURVE_S1.);
#2232 = LINE('',#2233,#2234);
#2233 = CARTESIAN_POINT('',(-0.2900390625,-0.708984375,0.5));
#2234 = VECTOR('',#2235,1.);
#2235 = DIRECTION('',(0.,0.,1.));
#2236 = PCURVE('',#1531,#2237);
#2237 = DEFINITIONAL_REPRESENTATION('',(#2238),#2242);
#2238 = LINE('',#2239,#2240);
#2239 = CARTESIAN_POINT('',(1.,0.));
#2240 = VECTOR('',#2241,1.);
#2241 = DIRECTION('',(0.,-1.));
#2242 = ( GEOMETRIC_REPRESENTATION_CONTEXT(2) 
PARAMETRIC_REPRESENTATION_CONTEXT() REPRESENTATION_CONTEXT('2D SPACE',''
  ) );
#2243 = PCURVE('',#1484,#2244);
#2244 = DEFINITIONAL_REPRESENTATION('',(#2245),#2249);
#2245 = LINE('',#2246,#2247);
#2246 = CARTESIAN_POINT('',(0.,0.));
#2247 = VECTOR('',#2248,1.);
#2248 = DIRECTION('',(0.,-1.));
#2249 = ( GEOMETRIC_REPRESENTATION_CONTEXT(2) 
PARAMETRIC_REPRESENTATION_CONTEXT() REPRESENTATION_CONTEXT('2D SPACE',''
  ) );
#2250 = ADVANCED_FACE('',(#2251),#1484,.F.);
#2251 = FACE_BOUND('',#2252,.F.);
#2252 = EDGE_LOOP('',(#2253,#2276,#2277,#2278));
#2253 = ORIENTED_EDGE('',*,*,#2254,.F.);
#2254 = EDGE_CURVE('',#2206,#2255,#2257,.T.);
#2255 = VERTEX_POINT('',#2256);
#2256 = CARTESIAN_POINT('',(-1.9775390625E-02,-0.810791015625,0.5));
#2257 = SURFACE_CURVE('',#2258,(#2262,#2269),.PCURVE_S1.);
#2258 = B_SPLINE_CURVE_WITH_KNOTS('',2,(#2259,#2260,#2261),
  .UNSPECIFIED.,.F.,.F.,(3,3),(0.,1.),.PIECEWISE_BEZIER_KNOTS.);
#2259 = CARTESIAN_POINT('',(-0.2900390625,-0.708984375,0.5));
#2260 = CARTESIAN_POINT('',(-0.177978515625,-0.810791015625,0.5));
#2261 = CARTESIAN_POINT('',(-1.9775390625E-02,-0.810791015625,0.5));
#2262 = PCURVE('',#1484,#2263);
#2263 = DEFINITIONAL_REPRESENTATION('',(#2264),#2268);
#2264 = LINE('',#2265,#2266);
#2265 = CARTESIAN_POINT('',(0.,0.));
#2266 = VECTOR('',#2267,1.);
#2267 = DIRECTION('',(1.,0.));
#2268 = ( GEOMETRIC_REPRESENTATION_CONTEXT(2) 
PARAMETRIC_REPRESENTATION_CONTEXT() REPRESENTATION_CONTEXT('2D SPACE',''
  ) );
#2269 = PCURVE('',#1901,#2270);
#2270 = DEFINITIONAL_REPRESENTATION('',(#2271),#2275);
#2271 = B_SPLINE_CURVE_WITH_KNOTS('',2,(#2272,#2273,#2274),
  .UNSPECIFIED.,.F.,.F.,(3,3),(0.,1.),.PIECEWISE_BEZIER_KNOTS.);
#2272 = CARTESIAN_POINT('',(0.544189453125,0.281982421875));
#2273 = CARTESIAN_POINT('',(0.65625,0.18017578125));
#2274 = CARTESIAN_POINT('',(0.814453125,0.18017578125));
#2275 = ( GEOMETRIC_REPRESENTATION_CONTEXT(2) 
PARAMETRIC_REPRESENTATION_CONTEXT() REPRESENTATION_CONTEXT('2D SPACE',''
  ) );
#2276 = ORIENTED_EDGE('',*,*,#2230,.T.);
#2277 = ORIENTED_EDGE('',*,*,#1454,.F.);
#2278 = ORIENTED_EDGE('',*,*,#2279,.F.);
#2279 = EDGE_CURVE('',#2255,#1404,#2280,.T.);
#2280 = SURFACE_CURVE('',#2281,(#2285,#2292),.PCURVE_S1.);
#2281 = LINE('',#2282,#2283);
#2282 = CARTESIAN_POINT('',(-1.9775390625E-02,-0.810791015625,0.5));
#2283 = VECTOR('',#2284,1.);
#2284 = DIRECTION('',(0.,0.,1.));
#2285 = PCURVE('',#1484,#2286);
#2286 = DEFINITIONAL_REPRESENTATION('',(#2287),#2291);
#2287 = LINE('',#2288,#2289);
#2288 = CARTESIAN_POINT('',(1.,0.));
#2289 = VECTOR('',#2290,1.);
#2290 = DIRECTION('',(0.,-1.));
#2291 = ( GEOMETRIC_REPRESENTATION_CONTEXT(2) 
PARAMETRIC_REPRESENTATION_CONTEXT() REPRESENTATION_CONTEXT('2D SPACE',''
  ) );
#2292 = PCURVE('',#1433,#2293);
#2293 = DEFINITIONAL_REPRESENTATION('',(#2294),#2298);
#2294 = LINE('',#2295,#2296);
#2295 = CARTESIAN_POINT('',(0.,0.));
#2296 = VECTOR('',#2297,1.);
#2297 = DIRECTION('',(0.,-1.));
#2298 = ( GEOMETRIC_REPRESENTATION_CONTEXT(2) 
PARAMETRIC_REPRESENTATION_CONTEXT() REPRESENTATION_CONTEXT('2D SPACE',''
  ) );
#2299 = ADVANCED_FACE('',(#2300),#1433,.F.);
#2300 = FACE_BOUND('',#2301,.F.);
#2301 = EDGE_LOOP('',(#2302,#2325,#2326,#2327));
#2302 = ORIENTED_EDGE('',*,*,#2303,.F.);
#2303 = EDGE_CURVE('',#2255,#2304,#2306,.T.);
#2304 = VERTEX_POINT('',#2305);
#2305 = CARTESIAN_POINT('',(0.302490234375,-0.667236328125,0.5));
#2306 = SURFACE_CURVE('',#2307,(#2311,#2318),.PCURVE_S1.);
#2307 = B_SPLINE_CURVE_WITH_KNOTS('',2,(#2308,#2309,#2310),
  .UNSPECIFIED.,.F.,.F.,(3,3),(0.,1.),.PIECEWISE_BEZIER_KNOTS.);
#2308 = CARTESIAN_POINT('',(-1.9775390625E-02,-0.810791015625,0.5));
#2309 = CARTESIAN_POINT('',(0.170654296875,-0.810791015625,0.5));
#2310 = CARTESIAN_POINT('',(0.302490234375,-0.667236328125,0.5));
#2311 = PCURVE('',#1433,#2312);
#2312 = DEFINITIONAL_REPRESENTATION('',(#2313),#2317);
#2313 = LINE('',#2314,#2315);
#2314 = CARTESIAN_POINT('',(0.,0.));
#2315 = VECTOR('',#2316,1.);
#2316 = DIRECTION('',(1.,0.));
#2317 = ( GEOMETRIC_REPRESENTATION_CONTEXT(2) 
PARAMETRIC_REPRESENTATION_CONTEXT() REPRESENTATION_CONTEXT('2D SPACE',''
  ) );
#2318 = PCURVE('',#1901,#2319);
#2319 = DEFINITIONAL_REPRESENTATION('',(#2320),#2324);
#2320 = B_SPLINE_CURVE_WITH_KNOTS('',2,(#2321,#2322,#2323),
  .UNSPECIFIED.,.F.,.F.,(3,3),(0.,1.),.PIECEWISE_BEZIER_KNOTS.);
#2321 = CARTESIAN_POINT('',(0.814453125,0.18017578125));
#2322 = CARTESIAN_POINT('',(1.0048828125,0.18017578125));
#2323 = CARTESIAN_POINT('',(1.13671875,0.32373046875));
#2324 = ( GEOMETRIC_REPRESENTATION_CONTEXT(2) 
PARAMETRIC_REPRESENTATION_CONTEXT() REPRESENTATION_CONTEXT('2D SPACE',''
  ) );
#2325 = ORIENTED_EDGE('',*,*,#2279,.T.);
#2326 = ORIENTED_EDGE('',*,*,#1403,.F.);
#2327 = ORIENTED_EDGE('',*,*,#2328,.F.);
#2328 = EDGE_CURVE('',#2304,#1359,#2329,.T.);
#2329 = SURFACE_CURVE('',#2330,(#2334,#2341),.PCURVE_S1.);
#2330 = LINE('',#2331,#2332);
#2331 = CARTESIAN_POINT('',(0.302490234375,-0.667236328125,0.5));
#2332 = VECTOR('',#2333,1.);
#2333 = DIRECTION('',(0.,0.,1.));
#2334 = PCURVE('',#1433,#2335);
#2335 = DEFINITIONAL_REPRESENTATION('',(#2336),#2340);
#2336 = LINE('',#2337,#2338);
#2337 = CARTESIAN_POINT('',(1.,0.));
#2338 = VECTOR('',#2339,1.);
#2339 = DIRECTION('',(0.,-1.));
#2340 = ( GEOMETRIC_REPRESENTATION_CONTEXT(2) 
PARAMETRIC_REPRESENTATION_CONTEXT() REPRESENTATION_CONTEXT('2D SPACE',''
  ) );
#2341 = PCURVE('',#1384,#2342);
#2342 = DEFINITIONAL_REPRESENTATION('',(#2343),#2347);
#2343 = LINE('',#2344,#2345);
#2344 = CARTESIAN_POINT('',(0.,0.));
#2345 = VECTOR('',#2346,1.);
#2346 = DIRECTION('',(0.,-1.));
#2347 = ( GEOMETRIC_REPRESENTATION_CONTEXT(2) 
PARAMETRIC_REPRESENTATION_CONTEXT() REPRESENTATION_CONTEXT('2D SPACE',''
  ) );
#2348 = ADVANCED_FACE('',(#2349),#1384,.F.);
#2349 = FACE_BOUND('',#2350,.F.);
#2350 = EDGE_LOOP('',(#2351,#2374,#2375,#2376));
#2351 = ORIENTED_EDGE('',*,*,#2352,.F.);
#2352 = EDGE_CURVE('',#2304,#2353,#2355,.T.);
#2353 = VERTEX_POINT('',#2354);
#2354 = CARTESIAN_POINT('',(0.434326171875,-0.286376953125,0.5));
#2355 = SURFACE_CURVE('',#2356,(#2360,#2367),.PCURVE_S1.);
#2356 = B_SPLINE_CURVE_WITH_KNOTS('',2,(#2357,#2358,#2359),
  .UNSPECIFIED.,.F.,.F.,(3,3),(0.,1.),.PIECEWISE_BEZIER_KNOTS.);
#2357 = CARTESIAN_POINT('',(0.302490234375,-0.667236328125,0.5));
#2358 = CARTESIAN_POINT('',(0.434326171875,-0.523681640625,0.5));
#2359 = CARTESIAN_POINT('',(0.434326171875,-0.286376953125,0.5));
#2360 = PCURVE('',#1384,#2361);
#2361 = DEFINITIONAL_REPRESENTATION('',(#2362),#2366);
#2362 = LINE('',#2363,#2364);
#2363 = CARTESIAN_POINT('',(0.,0.));
#2364 = VECTOR('',#2365,1.);
#2365 = DIRECTION('',(1.,0.));
#2366 = ( GEOMETRIC_REPRESENTATION_CONTEXT(2) 
PARAMETRIC_REPRESENTATION_CONTEXT() REPRESENTATION_CONTEXT('2D SPACE',''
  ) );
#2367 = PCURVE('',#1901,#2368);
#2368 = DEFINITIONAL_REPRESENTATION('',(#2369),#2373);
#2369 = B_SPLINE_CURVE_WITH_KNOTS('',2,(#2370,#2371,#2372),
  .UNSPECIFIED.,.F.,.F.,(3,3),(0.,1.),.PIECEWISE_BEZIER_KNOTS.);
#2370 = CARTESIAN_POINT('',(1.13671875,0.32373046875));
#2371 = CARTESIAN_POINT('',(1.2685546875,0.46728515625));
#2372 = CARTESIAN_POINT('',(1.2685546875,0.70458984375));
#2373 = ( GEOMETRIC_REPRESENTATION_CONTEXT(2) 
PARAMETRIC_REPRESENTATION_CONTEXT() REPRESENTATION_CONTEXT('2D SPACE',''
  ) );
#2374 = ORIENTED_EDGE('',*,*,#2328,.T.);
#2375 = ORIENTED_EDGE('',*,*,#1358,.F.);
#2376 = ORIENTED_EDGE('',*,*,#2377,.F.);
#2377 = EDGE_CURVE('',#2353,#1309,#2378,.T.);
#2378 = SURFACE_CURVE('',#2379,(#2383,#2390),.PCURVE_S1.);
#2379 = LINE('',#2380,#2381);
#2380 = CARTESIAN_POINT('',(0.434326171875,-0.286376953125,0.5));
#2381 = VECTOR('',#2382,1.);
#2382 = DIRECTION('',(0.,0.,1.));
#2383 = PCURVE('',#1384,#2384);
#2384 = DEFINITIONAL_REPRESENTATION('',(#2385),#2389);
#2385 = LINE('',#2386,#2387);
#2386 = CARTESIAN_POINT('',(1.,0.));
#2387 = VECTOR('',#2388,1.);
#2388 = DIRECTION('',(0.,-1.));
#2389 = ( GEOMETRIC_REPRESENTATION_CONTEXT(2) 
PARAMETRIC_REPRESENTATION_CONTEXT() REPRESENTATION_CONTEXT('2D SPACE',''
  ) );
#2390 = PCURVE('',#1266,#2391);
#2391 = DEFINITIONAL_REPRESENTATION('',(#2392),#2396);
#2392 = LINE('',#2393,#2394);
#2393 = CARTESIAN_POINT('',(0.,0.));
#2394 = VECTOR('',#2395,1.);
#2395 = DIRECTION('',(0.,-1.));
#2396 = ( GEOMETRIC_REPRESENTATION_CONTEXT(2) 
PARAMETRIC_REPRESENTATION_CONTEXT() REPRESENTATION_CONTEXT('2D SPACE',''
  ) );
#2397 = ADVANCED_FACE('',(#2398),#1266,.F.);
#2398 = FACE_BOUND('',#2399,.F.);
#2399 = EDGE_LOOP('',(#2400,#2423,#2424,#2425,#2426));
#2400 = ORIENTED_EDGE('',*,*,#2401,.F.);
#2401 = EDGE_CURVE('',#2353,#2402,#2404,.T.);
#2402 = VERTEX_POINT('',#2403);
#2403 = CARTESIAN_POINT('',(0.3076171875,6.9580078125E-02,0.5));
#2404 = SURFACE_CURVE('',#2405,(#2409,#2416),.PCURVE_S1.);
#2405 = B_SPLINE_CURVE_WITH_KNOTS('',2,(#2406,#2407,#2408),
  .UNSPECIFIED.,.F.,.F.,(3,3),(0.,1.),.PIECEWISE_BEZIER_KNOTS.);
#2406 = CARTESIAN_POINT('',(0.434326171875,-0.286376953125,0.5));
#2407 = CARTESIAN_POINT('',(0.434326171875,-6.0791015625E-02,0.5));
#2408 = CARTESIAN_POINT('',(0.3076171875,6.9580078125E-02,0.5));
#2409 = PCURVE('',#1266,#2410);
#2410 = DEFINITIONAL_REPRESENTATION('',(#2411),#2415);
#2411 = LINE('',#2412,#2413);
#2412 = CARTESIAN_POINT('',(0.,0.));
#2413 = VECTOR('',#2414,1.);
#2414 = DIRECTION('',(1.,0.));
#2415 = ( GEOMETRIC_REPRESENTATION_CONTEXT(2) 
PARAMETRIC_REPRESENTATION_CONTEXT() REPRESENTATION_CONTEXT('2D SPACE',''
  ) );
#2416 = PCURVE('',#1901,#2417);
#2417 = DEFINITIONAL_REPRESENTATION('',(#2418),#2422);
#2418 = B_SPLINE_CURVE_WITH_KNOTS('',2,(#2419,#2420,#2421),
  .UNSPECIFIED.,.F.,.F.,(3,3),(0.,1.),.PIECEWISE_BEZIER_KNOTS.);
#2419 = CARTESIAN_POINT('',(1.2685546875,0.70458984375));
#2420 = CARTESIAN_POINT('',(1.2685546875,0.93017578125));
#2421 = CARTESIAN_POINT('',(1.141845703125,1.060546875));
#2422 = ( GEOMETRIC_REPRESENTATION_CONTEXT(2) 
PARAMETRIC_REPRESENTATION_CONTEXT() REPRESENTATION_CONTEXT('2D SPACE',''
  ) );
#2423 = ORIENTED_EDGE('',*,*,#2377,.T.);
#2424 = ORIENTED_EDGE('',*,*,#1308,.F.);
#2425 = ORIENTED_EDGE('',*,*,#1244,.F.);
#2426 = ORIENTED_EDGE('',*,*,#2427,.F.);
#2427 = EDGE_CURVE('',#2402,#1173,#2428,.T.);
#2428 = SURFACE_CURVE('',#2429,(#2433,#2440),.PCURVE_S1.);
#2429 = LINE('',#2430,#2431);
#2430 = CARTESIAN_POINT('',(0.3076171875,6.9580078125E-02,0.5));
#2431 = VECTOR('',#2432,1.);
#2432 = DIRECTION('',(0.,0.,1.));
#2433 = PCURVE('',#1266,#2434);
#2434 = DEFINITIONAL_REPRESENTATION('',(#2435),#2439);
#2435 = LINE('',#2436,#2437);
#2436 = CARTESIAN_POINT('',(1.,0.));
#2437 = VECTOR('',#2438,1.);
#2438 = DIRECTION('',(0.,-1.));
#2439 = ( GEOMETRIC_REPRESENTATION_CONTEXT(2) 
PARAMETRIC_REPRESENTATION_CONTEXT() REPRESENTATION_CONTEXT('2D SPACE',''
  ) );
#2440 = PCURVE('',#1216,#2441);
#2441 = DEFINITIONAL_REPRESENTATION('',(#2442),#2446);
#2442 = LINE('',#2443,#2444);
#2443 = CARTESIAN_POINT('',(0.,0.));
#2444 = VECTOR('',#2445,1.);
#2445 = DIRECTION('',(0.,-1.));
#2446 = ( GEOMETRIC_REPRESENTATION_CONTEXT(2) 
PARAMETRIC_REPRESENTATION_CONTEXT() REPRESENTATION_CONTEXT('2D SPACE',''
  ) );
#2447 = ADVANCED_FACE('',(#2448),#1216,.F.);
#2448 = FACE_BOUND('',#2449,.F.);
#2449 = EDGE_LOOP('',(#2450,#2473,#2474,#2475));
#2450 = ORIENTED_EDGE('',*,*,#2451,.F.);
#2451 = EDGE_CURVE('',#2402,#2452,#2454,.T.);
#2452 = VERTEX_POINT('',#2453);
#2453 = CARTESIAN_POINT('',(-2.4169921875E-02,0.199951171875,0.5));
#2454 = SURFACE_CURVE('',#2455,(#2459,#2466),.PCURVE_S1.);
#2455 = B_SPLINE_CURVE_WITH_KNOTS('',2,(#2456,#2457,#2458),
  .UNSPECIFIED.,.F.,.F.,(3,3),(0.,1.),.PIECEWISE_BEZIER_KNOTS.);
#2456 = CARTESIAN_POINT('',(0.3076171875,6.9580078125E-02,0.5));
#2457 = CARTESIAN_POINT('',(0.180908203125,0.199951171875,0.5));
#2458 = CARTESIAN_POINT('',(-2.4169921875E-02,0.199951171875,0.5));
#2459 = PCURVE('',#1216,#2460);
#2460 = DEFINITIONAL_REPRESENTATION('',(#2461),#2465);
#2461 = LINE('',#2462,#2463);
#2462 = CARTESIAN_POINT('',(0.,0.));
#2463 = VECTOR('',#2464,1.);
#2464 = DIRECTION('',(1.,0.));
#2465 = ( GEOMETRIC_REPRESENTATION_CONTEXT(2) 
PARAMETRIC_REPRESENTATION_CONTEXT() REPRESENTATION_CONTEXT('2D SPACE',''
  ) );
#2466 = PCURVE('',#1901,#2467);
#2467 = DEFINITIONAL_REPRESENTATION('',(#2468),#2472);
#2468 = B_SPLINE_CURVE_WITH_KNOTS('',2,(#2469,#2470,#2471),
  .UNSPECIFIED.,.F.,.F.,(3,3),(0.,1.),.PIECEWISE_BEZIER_KNOTS.);
#2469 = CARTESIAN_POINT('',(1.141845703125,1.060546875));
#2470 = CARTESIAN_POINT('',(1.01513671875,1.19091796875));
#2471 = CARTESIAN_POINT('',(0.81005859375,1.19091796875));
#2472 = ( GEOMETRIC_REPRESENTATION_CONTEXT(2) 
PARAMETRIC_REPRESENTATION_CONTEXT() REPRESENTATION_CONTEXT('2D SPACE',''
  ) );
#2473 = ORIENTED_EDGE('',*,*,#2427,.T.);
#2474 = ORIENTED_EDGE('',*,*,#1172,.F.);
#2475 = ORIENTED_EDGE('',*,*,#2476,.F.);
#2476 = EDGE_CURVE('',#2452,#1116,#2477,.T.);
#2477 = SURFACE_CURVE('',#2478,(#2482,#2489),.PCURVE_S1.);
#2478 = LINE('',#2479,#2480);
#2479 = CARTESIAN_POINT('',(-2.4169921875E-02,0.199951171875,0.5));
#2480 = VECTOR('',#2481,1.);
#2481 = DIRECTION('',(0.,0.,1.));
#2482 = PCURVE('',#1216,#2483);
#2483 = DEFINITIONAL_REPRESENTATION('',(#2484),#2488);
#2484 = LINE('',#2485,#2486);
#2485 = CARTESIAN_POINT('',(1.,0.));
#2486 = VECTOR('',#2487,1.);
#2487 = DIRECTION('',(0.,-1.));
#2488 = ( GEOMETRIC_REPRESENTATION_CONTEXT(2) 
PARAMETRIC_REPRESENTATION_CONTEXT() REPRESENTATION_CONTEXT('2D SPACE',''
  ) );
#2489 = PCURVE('',#1149,#2490);
#2490 = DEFINITIONAL_REPRESENTATION('',(#2491),#2495);
#2491 = LINE('',#2492,#2493);
#2492 = CARTESIAN_POINT('',(0.,0.));
#2493 = VECTOR('',#2494,1.);
#2494 = DIRECTION('',(0.,-1.));
#2495 = ( GEOMETRIC_REPRESENTATION_CONTEXT(2) 
PARAMETRIC_REPRESENTATION_CONTEXT() REPRESENTATION_CONTEXT('2D SPACE',''
  ) );
#2496 = ADVANCED_FACE('',(#2497),#1149,.F.);
#2497 = FACE_BOUND('',#2498,.F.);
#2498 = EDGE_LOOP('',(#2499,#2522,#2523,#2524));
#2499 = ORIENTED_EDGE('',*,*,#2500,.F.);
#2500 = EDGE_CURVE('',#2452,#2501,#2503,.T.);
#2501 = VERTEX_POINT('',#2502);
#2502 = CARTESIAN_POINT('',(-0.254150390625,0.14208984375,0.5));
#2503 = SURFACE_CURVE('',#2504,(#2508,#2515),.PCURVE_S1.);
#2504 = B_SPLINE_CURVE_WITH_KNOTS('',2,(#2505,#2506,#2507),
  .UNSPECIFIED.,.F.,.F.,(3,3),(0.,1.),.PIECEWISE_BEZIER_KNOTS.);
#2505 = CARTESIAN_POINT('',(-2.4169921875E-02,0.199951171875,0.5));
#2506 = CARTESIAN_POINT('',(-0.151611328125,0.199951171875,0.5));
#2507 = CARTESIAN_POINT('',(-0.254150390625,0.14208984375,0.5));
#2508 = PCURVE('',#1149,#2509);
#2509 = DEFINITIONAL_REPRESENTATION('',(#2510),#2514);
#2510 = LINE('',#2511,#2512);
#2511 = CARTESIAN_POINT('',(0.,0.));
#2512 = VECTOR('',#2513,1.);
#2513 = DIRECTION('',(1.,0.));
#2514 = ( GEOMETRIC_REPRESENTATION_CONTEXT(2) 
PARAMETRIC_REPRESENTATION_CONTEXT() REPRESENTATION_CONTEXT('2D SPACE',''
  ) );
#2515 = PCURVE('',#1901,#2516);
#2516 = DEFINITIONAL_REPRESENTATION('',(#2517),#2521);
#2517 = B_SPLINE_CURVE_WITH_KNOTS('',2,(#2518,#2519,#2520),
  .UNSPECIFIED.,.F.,.F.,(3,3),(0.,1.),.PIECEWISE_BEZIER_KNOTS.);
#2518 = CARTESIAN_POINT('',(0.81005859375,1.19091796875));
#2519 = CARTESIAN_POINT('',(0.6826171875,1.19091796875));
#2520 = CARTESIAN_POINT('',(0.580078125,1.133056640625));
#2521 = ( GEOMETRIC_REPRESENTATION_CONTEXT(2) 
PARAMETRIC_REPRESENTATION_CONTEXT() REPRESENTATION_CONTEXT('2D SPACE',''
  ) );
#2522 = ORIENTED_EDGE('',*,*,#2476,.T.);
#2523 = ORIENTED_EDGE('',*,*,#1115,.F.);
#2524 = ORIENTED_EDGE('',*,*,#2525,.F.);
#2525 = EDGE_CURVE('',#2501,#1071,#2526,.T.);
#2526 = SURFACE_CURVE('',#2527,(#2531,#2538),.PCURVE_S1.);
#2527 = LINE('',#2528,#2529);
#2528 = CARTESIAN_POINT('',(-0.254150390625,0.14208984375,0.5));
#2529 = VECTOR('',#2530,1.);
#2530 = DIRECTION('',(0.,0.,1.));
#2531 = PCURVE('',#1149,#2532);
#2532 = DEFINITIONAL_REPRESENTATION('',(#2533),#2537);
#2533 = LINE('',#2534,#2535);
#2534 = CARTESIAN_POINT('',(1.,0.));
#2535 = VECTOR('',#2536,1.);
#2536 = DIRECTION('',(0.,-1.));
#2537 = ( GEOMETRIC_REPRESENTATION_CONTEXT(2) 
PARAMETRIC_REPRESENTATION_CONTEXT() REPRESENTATION_CONTEXT('2D SPACE',''
  ) );
#2538 = PCURVE('',#1096,#2539);
#2539 = DEFINITIONAL_REPRESENTATION('',(#2540),#2544);
#2540 = LINE('',#2541,#2542);
#2541 = CARTESIAN_POINT('',(0.,0.));
#2542 = VECTOR('',#2543,1.);
#2543 = DIRECTION('',(0.,-1.));
#2544 = ( GEOMETRIC_REPRESENTATION_CONTEXT(2) 
PARAMETRIC_REPRESENTATION_CONTEXT() REPRESENTATION_CONTEXT('2D SPACE',''
  ) );
#2545 = ADVANCED_FACE('',(#2546),#1096,.F.);
#2546 = FACE_BOUND('',#2547,.F.);
#2547 = EDGE_LOOP('',(#2548,#2571,#2572,#2573));
#2548 = ORIENTED_EDGE('',*,*,#2549,.F.);
#2549 = EDGE_CURVE('',#2501,#2550,#2552,.T.);
#2550 = VERTEX_POINT('',#2551);
#2551 = CARTESIAN_POINT('',(-0.415283203125,-8.056640625E-03,0.5));
#2552 = SURFACE_CURVE('',#2553,(#2557,#2564),.PCURVE_S1.);
#2553 = B_SPLINE_CURVE_WITH_KNOTS('',2,(#2554,#2555,#2556),
  .UNSPECIFIED.,.F.,.F.,(3,3),(0.,1.),.PIECEWISE_BEZIER_KNOTS.);
#2554 = CARTESIAN_POINT('',(-0.254150390625,0.14208984375,0.5));
#2555 = CARTESIAN_POINT('',(-0.356689453125,8.4228515625E-02,0.5));
#2556 = CARTESIAN_POINT('',(-0.415283203125,-8.056640625E-03,0.5));
#2557 = PCURVE('',#1096,#2558);
#2558 = DEFINITIONAL_REPRESENTATION('',(#2559),#2563);
#2559 = LINE('',#2560,#2561);
#2560 = CARTESIAN_POINT('',(0.,0.));
#2561 = VECTOR('',#2562,1.);
#2562 = DIRECTION('',(1.,0.));
#2563 = ( GEOMETRIC_REPRESENTATION_CONTEXT(2) 
PARAMETRIC_REPRESENTATION_CONTEXT() REPRESENTATION_CONTEXT('2D SPACE',''
  ) );
#2564 = PCURVE('',#1901,#2565);
#2565 = DEFINITIONAL_REPRESENTATION('',(#2566),#2570);
#2566 = B_SPLINE_CURVE_WITH_KNOTS('',2,(#2567,#2568,#2569),
  .UNSPECIFIED.,.F.,.F.,(3,3),(0.,1.),.PIECEWISE_BEZIER_KNOTS.);
#2567 = CARTESIAN_POINT('',(0.580078125,1.133056640625));
#2568 = CARTESIAN_POINT('',(0.4775390625,1.0751953125));
#2569 = CARTESIAN_POINT('',(0.4189453125,0.98291015625));
#2570 = ( GEOMETRIC_REPRESENTATION_CONTEXT(2) 
PARAMETRIC_REPRESENTATION_CONTEXT() REPRESENTATION_CONTEXT('2D SPACE',''
  ) );
#2571 = ORIENTED_EDGE('',*,*,#2525,.T.);
#2572 = ORIENTED_EDGE('',*,*,#1070,.F.);
#2573 = ORIENTED_EDGE('',*,*,#2574,.F.);
#2574 = EDGE_CURVE('',#2550,#1036,#2575,.T.);
#2575 = SURFACE_CURVE('',#2576,(#2580,#2587),.PCURVE_S1.);
#2576 = LINE('',#2577,#2578);
#2577 = CARTESIAN_POINT('',(-0.415283203125,-8.056640625E-03,0.5));
#2578 = VECTOR('',#2579,1.);
#2579 = DIRECTION('',(0.,0.,1.));
#2580 = PCURVE('',#1096,#2581);
#2581 = DEFINITIONAL_REPRESENTATION('',(#2582),#2586);
#2582 = LINE('',#2583,#2584);
#2583 = CARTESIAN_POINT('',(1.,0.));
#2584 = VECTOR('',#2585,1.);
#2585 = DIRECTION('',(0.,-1.));
#2586 = ( GEOMETRIC_REPRESENTATION_CONTEXT(2) 
PARAMETRIC_REPRESENTATION_CONTEXT() REPRESENTATION_CONTEXT('2D SPACE',''
  ) );
#2587 = PCURVE('',#1058,#2588);
#2588 = DEFINITIONAL_REPRESENTATION('',(#2589),#2593);
#2589 = LINE('',#2590,#2591);
#2590 = CARTESIAN_POINT('',(0.,0.));
#2591 = VECTOR('',#2592,1.);
#2592 = DIRECTION('',(0.,-1.));
#2593 = ( GEOMETRIC_REPRESENTATION_CONTEXT(2) 
PARAMETRIC_REPRESENTATION_CONTEXT() REPRESENTATION_CONTEXT('2D SPACE',''
  ) );
#2594 = ADVANCED_FACE('',(#2595),#1058,.F.);
#2595 = FACE_BOUND('',#2596,.F.);
#2596 = EDGE_LOOP('',(#2597,#2620,#2621,#2622));
#2597 = ORIENTED_EDGE('',*,*,#2598,.F.);
#2598 = EDGE_CURVE('',#2550,#2599,#2601,.T.);
#2599 = VERTEX_POINT('',#2600);
#2600 = CARTESIAN_POINT('',(-0.662841796875,2.4169921875E-02,0.5));
#2601 = SURFACE_CURVE('',#2602,(#2606,#2613),.PCURVE_S1.);
#2602 = LINE('',#2603,#2604);
#2603 = CARTESIAN_POINT('',(-0.415283203125,-8.056640625E-03,0.5));
#2604 = VECTOR('',#2605,1.);
#2605 = DIRECTION('',(-0.991633098704,0.129088332376,0.));
#2606 = PCURVE('',#1058,#2607);
#2607 = DEFINITIONAL_REPRESENTATION('',(#2608),#2612);
#2608 = LINE('',#2609,#2610);
#2609 = CARTESIAN_POINT('',(0.,0.));
#2610 = VECTOR('',#2611,1.);
#2611 = DIRECTION('',(1.,0.));
#2612 = ( GEOMETRIC_REPRESENTATION_CONTEXT(2) 
PARAMETRIC_REPRESENTATION_CONTEXT() REPRESENTATION_CONTEXT('2D SPACE',''
  ) );
#2613 = PCURVE('',#1901,#2614);
#2614 = DEFINITIONAL_REPRESENTATION('',(#2615),#2619);
#2615 = LINE('',#2616,#2617);
#2616 = CARTESIAN_POINT('',(0.4189453125,0.98291015625));
#2617 = VECTOR('',#2618,1.);
#2618 = DIRECTION('',(-0.991633098704,0.129088332376));
#2619 = ( GEOMETRIC_REPRESENTATION_CONTEXT(2) 
PARAMETRIC_REPRESENTATION_CONTEXT() REPRESENTATION_CONTEXT('2D SPACE',''
  ) );
#2620 = ORIENTED_EDGE('',*,*,#2574,.T.);
#2621 = ORIENTED_EDGE('',*,*,#1035,.F.);
#2622 = ORIENTED_EDGE('',*,*,#2623,.F.);
#2623 = EDGE_CURVE('',#2599,#987,#2624,.T.);
#2624 = SURFACE_CURVE('',#2625,(#2629,#2636),.PCURVE_S1.);
#2625 = LINE('',#2626,#2627);
#2626 = CARTESIAN_POINT('',(-0.662841796875,2.4169921875E-02,0.5));
#2627 = VECTOR('',#2628,1.);
#2628 = DIRECTION('',(0.,0.,1.));
#2629 = PCURVE('',#1058,#2630);
#2630 = DEFINITIONAL_REPRESENTATION('',(#2631),#2635);
#2631 = LINE('',#2632,#2633);
#2632 = CARTESIAN_POINT('',(0.249647368642,0.));
#2633 = VECTOR('',#2634,1.);
#2634 = DIRECTION('',(0.,-1.));
#2635 = ( GEOMETRIC_REPRESENTATION_CONTEXT(2) 
PARAMETRIC_REPRESENTATION_CONTEXT() REPRESENTATION_CONTEXT('2D SPACE',''
  ) );
#2636 = PCURVE('',#1023,#2637);
#2637 = DEFINITIONAL_REPRESENTATION('',(#2638),#2642);
#2638 = LINE('',#2639,#2640);
#2639 = CARTESIAN_POINT('',(0.,0.));
#2640 = VECTOR('',#2641,1.);
#2641 = DIRECTION('',(0.,-1.));
#2642 = ( GEOMETRIC_REPRESENTATION_CONTEXT(2) 
PARAMETRIC_REPRESENTATION_CONTEXT() REPRESENTATION_CONTEXT('2D SPACE',''
  ) );
#2643 = ADVANCED_FACE('',(#2644),#1023,.F.);
#2644 = FACE_BOUND('',#2645,.F.);
#2645 = EDGE_LOOP('',(#2646,#2669,#2670,#2671));
#2646 = ORIENTED_EDGE('',*,*,#2647,.F.);
#2647 = EDGE_CURVE('',#2599,#2648,#2650,.T.);
#2648 = VERTEX_POINT('',#2649);
#2649 = CARTESIAN_POINT('',(-0.454833984375,1.127197265625,0.5));
#2650 = SURFACE_CURVE('',#2651,(#2655,#2662),.PCURVE_S1.);
#2651 = LINE('',#2652,#2653);
#2652 = CARTESIAN_POINT('',(-0.662841796875,2.4169921875E-02,0.5));
#2653 = VECTOR('',#2654,1.);
#2654 = DIRECTION('',(0.18531275207,0.982679593723,0.));
#2655 = PCURVE('',#1023,#2656);
#2656 = DEFINITIONAL_REPRESENTATION('',(#2657),#2661);
#2657 = LINE('',#2658,#2659);
#2658 = CARTESIAN_POINT('',(0.,0.));
#2659 = VECTOR('',#2660,1.);
#2660 = DIRECTION('',(1.,0.));
#2661 = ( GEOMETRIC_REPRESENTATION_CONTEXT(2) 
PARAMETRIC_REPRESENTATION_CONTEXT() REPRESENTATION_CONTEXT('2D SPACE',''
  ) );
#2662 = PCURVE('',#1901,#2663);
#2663 = DEFINITIONAL_REPRESENTATION('',(#2664),#2668);
#2664 = LINE('',#2665,#2666);
#2665 = CARTESIAN_POINT('',(0.17138671875,1.01513671875));
#2666 = VECTOR('',#2667,1.);
#2667 = DIRECTION('',(0.18531275207,0.982679593723));
#2668 = ( GEOMETRIC_REPRESENTATION_CONTEXT(2) 
PARAMETRIC_REPRESENTATION_CONTEXT() REPRESENTATION_CONTEXT('2D SPACE',''
  ) );
#2669 = ORIENTED_EDGE('',*,*,#2623,.T.);
#2670 = ORIENTED_EDGE('',*,*,#986,.F.);
#2671 = ORIENTED_EDGE('',*,*,#2672,.F.);
#2672 = EDGE_CURVE('',#2648,#945,#2673,.T.);
#2673 = SURFACE_CURVE('',#2674,(#2678,#2685),.PCURVE_S1.);
#2674 = LINE('',#2675,#2676);
#2675 = CARTESIAN_POINT('',(-0.454833984375,1.127197265625,0.5));
#2676 = VECTOR('',#2677,1.);
#2677 = DIRECTION('',(0.,0.,1.));
#2678 = PCURVE('',#1023,#2679);
#2679 = DEFINITIONAL_REPRESENTATION('',(#2680),#2684);
#2680 = LINE('',#2681,#2682);
#2681 = CARTESIAN_POINT('',(1.122468962208,0.));
#2682 = VECTOR('',#2683,1.);
#2683 = DIRECTION('',(0.,-1.));
#2684 = ( GEOMETRIC_REPRESENTATION_CONTEXT(2) 
PARAMETRIC_REPRESENTATION_CONTEXT() REPRESENTATION_CONTEXT('2D SPACE',''
  ) );
#2685 = PCURVE('',#974,#2686);
#2686 = DEFINITIONAL_REPRESENTATION('',(#2687),#2691);
#2687 = LINE('',#2688,#2689);
#2688 = CARTESIAN_POINT('',(0.,0.));
#2689 = VECTOR('',#2690,1.);
#2690 = DIRECTION('',(0.,-1.));
#2691 = ( GEOMETRIC_REPRESENTATION_CONTEXT(2) 
PARAMETRIC_REPRESENTATION_CONTEXT() REPRESENTATION_CONTEXT('2D SPACE',''
  ) );
#2692 = ADVANCED_FACE('',(#2693),#974,.F.);
#2693 = FACE_BOUND('',#2694,.F.);
#2694 = EDGE_LOOP('',(#2695,#2718,#2719,#2720));
#2695 = ORIENTED_EDGE('',*,*,#2696,.F.);
#2696 = EDGE_CURVE('',#2648,#2697,#2699,.T.);
#2697 = VERTEX_POINT('',#2698);
#2698 = CARTESIAN_POINT('',(0.613037109375,1.127197265625,0.5));
#2699 = SURFACE_CURVE('',#2700,(#2704,#2711),.PCURVE_S1.);
#2700 = LINE('',#2701,#2702);
#2701 = CARTESIAN_POINT('',(-0.454833984375,1.127197265625,0.5));
#2702 = VECTOR('',#2703,1.);
#2703 = DIRECTION('',(1.,0.,0.));
#2704 = PCURVE('',#974,#2705);
#2705 = DEFINITIONAL_REPRESENTATION('',(#2706),#2710);
#2706 = LINE('',#2707,#2708);
#2707 = CARTESIAN_POINT('',(0.,0.));
#2708 = VECTOR('',#2709,1.);
#2709 = DIRECTION('',(1.,0.));
#2710 = ( GEOMETRIC_REPRESENTATION_CONTEXT(2) 
PARAMETRIC_REPRESENTATION_CONTEXT() REPRESENTATION_CONTEXT('2D SPACE',''
  ) );
#2711 = PCURVE('',#1901,#2712);
#2712 = DEFINITIONAL_REPRESENTATION('',(#2713),#2717);
#2713 = LINE('',#2714,#2715);
#2714 = CARTESIAN_POINT('',(0.37939453125,2.1181640625));
#2715 = VECTOR('',#2716,1.);
#2716 = DIRECTION('',(1.,0.));
#2717 = ( GEOMETRIC_REPRESENTATION_CONTEXT(2) 
PARAMETRIC_REPRESENTATION_CONTEXT() REPRESENTATION_CONTEXT('2D SPACE',''
  ) );
#2718 = ORIENTED_EDGE('',*,*,#2672,.T.);
#2719 = ORIENTED_EDGE('',*,*,#944,.F.);
#2720 = ORIENTED_EDGE('',*,*,#2721,.F.);
#2721 = EDGE_CURVE('',#2697,#913,#2722,.T.);
#2722 = SURFACE_CURVE('',#2723,(#2727,#2734),.PCURVE_S1.);
#2723 = LINE('',#2724,#2725);
#2724 = CARTESIAN_POINT('',(0.613037109375,1.127197265625,0.5));
#2725 = VECTOR('',#2726,1.);
#2726 = DIRECTION('',(0.,0.,1.));
#2727 = PCURVE('',#974,#2728);
#2728 = DEFINITIONAL_REPRESENTATION('',(#2729),#2733);
#2729 = LINE('',#2730,#2731);
#2730 = CARTESIAN_POINT('',(1.06787109375,0.));
#2731 = VECTOR('',#2732,1.);
#2732 = DIRECTION('',(0.,-1.));
#2733 = ( GEOMETRIC_REPRESENTATION_CONTEXT(2) 
PARAMETRIC_REPRESENTATION_CONTEXT() REPRESENTATION_CONTEXT('2D SPACE',''
  ) );
#2734 = PCURVE('',#932,#2735);
#2735 = DEFINITIONAL_REPRESENTATION('',(#2736),#2740);
#2736 = LINE('',#2737,#2738);
#2737 = CARTESIAN_POINT('',(0.,0.));
#2738 = VECTOR('',#2739,1.);
#2739 = DIRECTION('',(0.,-1.));
#2740 = ( GEOMETRIC_REPRESENTATION_CONTEXT(2) 
PARAMETRIC_REPRESENTATION_CONTEXT() REPRESENTATION_CONTEXT('2D SPACE',''
  ) );
#2741 = ADVANCED_FACE('',(#2742),#932,.F.);
#2742 = FACE_BOUND('',#2743,.F.);
#2743 = EDGE_LOOP('',(#2744,#2767,#2768,#2769));
#2744 = ORIENTED_EDGE('',*,*,#2745,.F.);
#2745 = EDGE_CURVE('',#2697,#2746,#2748,.T.);
#2746 = VERTEX_POINT('',#2747);
#2747 = CARTESIAN_POINT('',(0.613037109375,0.875244140625,0.5));
#2748 = SURFACE_CURVE('',#2749,(#2753,#2760),.PCURVE_S1.);
#2749 = LINE('',#2750,#2751);
#2750 = CARTESIAN_POINT('',(0.613037109375,1.127197265625,0.5));
#2751 = VECTOR('',#2752,1.);
#2752 = DIRECTION('',(0.,-1.,0.));
#2753 = PCURVE('',#932,#2754);
#2754 = DEFINITIONAL_REPRESENTATION('',(#2755),#2759);
#2755 = LINE('',#2756,#2757);
#2756 = CARTESIAN_POINT('',(0.,0.));
#2757 = VECTOR('',#2758,1.);
#2758 = DIRECTION('',(1.,0.));
#2759 = ( GEOMETRIC_REPRESENTATION_CONTEXT(2) 
PARAMETRIC_REPRESENTATION_CONTEXT() REPRESENTATION_CONTEXT('2D SPACE',''
  ) );
#2760 = PCURVE('',#1901,#2761);
#2761 = DEFINITIONAL_REPRESENTATION('',(#2762),#2766);
#2762 = LINE('',#2763,#2764);
#2763 = CARTESIAN_POINT('',(1.447265625,2.1181640625));
#2764 = VECTOR('',#2765,1.);
#2765 = DIRECTION('',(0.,-1.));
#2766 = ( GEOMETRIC_REPRESENTATION_CONTEXT(2) 
PARAMETRIC_REPRESENTATION_CONTEXT() REPRESENTATION_CONTEXT('2D SPACE',''
  ) );
#2767 = ORIENTED_EDGE('',*,*,#2721,.T.);
#2768 = ORIENTED_EDGE('',*,*,#912,.F.);
#2769 = ORIENTED_EDGE('',*,*,#2770,.F.);
#2770 = EDGE_CURVE('',#2746,#873,#2771,.T.);
#2771 = SURFACE_CURVE('',#2772,(#2776,#2783),.PCURVE_S1.);
#2772 = LINE('',#2773,#2774);
#2773 = CARTESIAN_POINT('',(0.613037109375,0.875244140625,0.5));
#2774 = VECTOR('',#2775,1.);
#2775 = DIRECTION('',(0.,0.,1.));
#2776 = PCURVE('',#932,#2777);
#2777 = DEFINITIONAL_REPRESENTATION('',(#2778),#2782);
#2778 = LINE('',#2779,#2780);
#2779 = CARTESIAN_POINT('',(0.251953125,0.));
#2780 = VECTOR('',#2781,1.);
#2781 = DIRECTION('',(0.,-1.));
#2782 = ( GEOMETRIC_REPRESENTATION_CONTEXT(2) 
PARAMETRIC_REPRESENTATION_CONTEXT() REPRESENTATION_CONTEXT('2D SPACE',''
  ) );
#2783 = PCURVE('',#900,#2784);
#2784 = DEFINITIONAL_REPRESENTATION('',(#2785),#2789);
#2785 = LINE('',#2786,#2787);
#2786 = CARTESIAN_POINT('',(0.,-0.));
#2787 = VECTOR('',#2788,1.);
#2788 = DIRECTION('',(0.,-1.));
#2789 = ( GEOMETRIC_REPRESENTATION_CONTEXT(2) 
PARAMETRIC_REPRESENTATION_CONTEXT() REPRESENTATION_CONTEXT('2D SPACE',''
  ) );
#2790 = ADVANCED_FACE('',(#2791),#900,.F.);
#2791 = FACE_BOUND('',#2792,.F.);
#2792 = EDGE_LOOP('',(#2793,#2816,#2817,#2818));
#2793 = ORIENTED_EDGE('',*,*,#2794,.F.);
#2794 = EDGE_CURVE('',#2746,#2795,#2797,.T.);
#2795 = VERTEX_POINT('',#2796);
#2796 = CARTESIAN_POINT('',(-0.243896484375,0.875244140625,0.5));
#2797 = SURFACE_CURVE('',#2798,(#2802,#2809),.PCURVE_S1.);
#2798 = LINE('',#2799,#2800);
#2799 = CARTESIAN_POINT('',(0.613037109375,0.875244140625,0.5));
#2800 = VECTOR('',#2801,1.);
#2801 = DIRECTION('',(-1.,0.,0.));
#2802 = PCURVE('',#900,#2803);
#2803 = DEFINITIONAL_REPRESENTATION('',(#2804),#2808);
#2804 = LINE('',#2805,#2806);
#2805 = CARTESIAN_POINT('',(0.,-0.));
#2806 = VECTOR('',#2807,1.);
#2807 = DIRECTION('',(1.,0.));
#2808 = ( GEOMETRIC_REPRESENTATION_CONTEXT(2) 
PARAMETRIC_REPRESENTATION_CONTEXT() REPRESENTATION_CONTEXT('2D SPACE',''
  ) );
#2809 = PCURVE('',#1901,#2810);
#2810 = DEFINITIONAL_REPRESENTATION('',(#2811),#2815);
#2811 = LINE('',#2812,#2813);
#2812 = CARTESIAN_POINT('',(1.447265625,1.8662109375));
#2813 = VECTOR('',#2814,1.);
#2814 = DIRECTION('',(-1.,0.));
#2815 = ( GEOMETRIC_REPRESENTATION_CONTEXT(2) 
PARAMETRIC_REPRESENTATION_CONTEXT() REPRESENTATION_CONTEXT('2D SPACE',''
  ) );
#2816 = ORIENTED_EDGE('',*,*,#2770,.T.);
#2817 = ORIENTED_EDGE('',*,*,#872,.F.);
#2818 = ORIENTED_EDGE('',*,*,#2819,.F.);
#2819 = EDGE_CURVE('',#2795,#831,#2820,.T.);
#2820 = SURFACE_CURVE('',#2821,(#2825,#2832),.PCURVE_S1.);
#2821 = LINE('',#2822,#2823);
#2822 = CARTESIAN_POINT('',(-0.243896484375,0.875244140625,0.5));
#2823 = VECTOR('',#2824,1.);
#2824 = DIRECTION('',(0.,0.,1.));
#2825 = PCURVE('',#900,#2826);
#2826 = DEFINITIONAL_REPRESENTATION('',(#2827),#2831);
#2827 = LINE('',#2828,#2829);
#2828 = CARTESIAN_POINT('',(0.85693359375,0.));
#2829 = VECTOR('',#2830,1.);
#2830 = DIRECTION('',(0.,-1.));
#2831 = ( GEOMETRIC_REPRESENTATION_CONTEXT(2) 
PARAMETRIC_REPRESENTATION_CONTEXT() REPRESENTATION_CONTEXT('2D SPACE',''
  ) );
#2832 = PCURVE('',#860,#2833);
#2833 = DEFINITIONAL_REPRESENTATION('',(#2834),#2838);
#2834 = LINE('',#2835,#2836);
#2835 = CARTESIAN_POINT('',(0.,0.));
#2836 = VECTOR('',#2837,1.);
#2837 = DIRECTION('',(0.,-1.));
#2838 = ( GEOMETRIC_REPRESENTATION_CONTEXT(2) 
PARAMETRIC_REPRESENTATION_CONTEXT() REPRESENTATION_CONTEXT('2D SPACE',''
  ) );
#2839 = ADVANCED_FACE('',(#2840),#860,.F.);
#2840 = FACE_BOUND('',#2841,.F.);
#2841 = EDGE_LOOP('',(#2842,#2865,#2866,#2867));
#2842 = ORIENTED_EDGE('',*,*,#2843,.F.);
#2843 = EDGE_CURVE('',#2795,#2844,#2846,.T.);
#2844 = VERTEX_POINT('',#2845);
#2845 = CARTESIAN_POINT('',(-0.359619140625,0.298095703125,0.5));
#2846 = SURFACE_CURVE('',#2847,(#2851,#2858),.PCURVE_S1.);
#2847 = LINE('',#2848,#2849);
#2848 = CARTESIAN_POINT('',(-0.243896484375,0.875244140625,0.5));
#2849 = VECTOR('',#2850,1.);
#2850 = DIRECTION('',(-0.196594677209,-0.980484845825,0.));
#2851 = PCURVE('',#860,#2852);
#2852 = DEFINITIONAL_REPRESENTATION('',(#2853),#2857);
#2853 = LINE('',#2854,#2855);
#2854 = CARTESIAN_POINT('',(0.,0.));
#2855 = VECTOR('',#2856,1.);
#2856 = DIRECTION('',(1.,-0.));
#2857 = ( GEOMETRIC_REPRESENTATION_CONTEXT(2) 
PARAMETRIC_REPRESENTATION_CONTEXT() REPRESENTATION_CONTEXT('2D SPACE',''
  ) );
#2858 = PCURVE('',#1901,#2859);
#2859 = DEFINITIONAL_REPRESENTATION('',(#2860),#2864);
#2860 = LINE('',#2861,#2862);
#2861 = CARTESIAN_POINT('',(0.59033203125,1.8662109375));
#2862 = VECTOR('',#2863,1.);
#2863 = DIRECTION('',(-0.196594677209,-0.980484845825));
#2864 = ( GEOMETRIC_REPRESENTATION_CONTEXT(2) 
PARAMETRIC_REPRESENTATION_CONTEXT() REPRESENTATION_CONTEXT('2D SPACE',''
  ) );
#2865 = ORIENTED_EDGE('',*,*,#2819,.T.);
#2866 = ORIENTED_EDGE('',*,*,#830,.F.);
#2867 = ORIENTED_EDGE('',*,*,#2868,.F.);
#2868 = EDGE_CURVE('',#2844,#774,#2869,.T.);
#2869 = SURFACE_CURVE('',#2870,(#2874,#2881),.PCURVE_S1.);
#2870 = LINE('',#2871,#2872);
#2871 = CARTESIAN_POINT('',(-0.359619140625,0.298095703125,0.5));
#2872 = VECTOR('',#2873,1.);
#2873 = DIRECTION('',(0.,0.,1.));
#2874 = PCURVE('',#860,#2875);
#2875 = DEFINITIONAL_REPRESENTATION('',(#2876),#2880);
#2876 = LINE('',#2877,#2878);
#2877 = CARTESIAN_POINT('',(0.588635755012,-0.));
#2878 = VECTOR('',#2879,1.);
#2879 = DIRECTION('',(0.,-1.));
#2880 = ( GEOMETRIC_REPRESENTATION_CONTEXT(2) 
PARAMETRIC_REPRESENTATION_CONTEXT() REPRESENTATION_CONTEXT('2D SPACE',''
  ) );
#2881 = PCURVE('',#807,#2882);
#2882 = DEFINITIONAL_REPRESENTATION('',(#2883),#2887);
#2883 = LINE('',#2884,#2885);
#2884 = CARTESIAN_POINT('',(0.,0.));
#2885 = VECTOR('',#2886,1.);
#2886 = DIRECTION('',(0.,-1.));
#2887 = ( GEOMETRIC_REPRESENTATION_CONTEXT(2) 
PARAMETRIC_REPRESENTATION_CONTEXT() REPRESENTATION_CONTEXT('2D SPACE',''
  ) );
#2888 = ADVANCED_FACE('',(#2889),#807,.F.);
#2889 = FACE_BOUND('',#2890,.F.);
#2890 = EDGE_LOOP('',(#2891,#2914,#2915,#2916));
#2891 = ORIENTED_EDGE('',*,*,#2892,.F.);
#2892 = EDGE_CURVE('',#2844,#2893,#2895,.T.);
#2893 = VERTEX_POINT('',#2894);
#2894 = CARTESIAN_POINT('',(4.6142578125E-02,0.432861328125,0.5));
#2895 = SURFACE_CURVE('',#2896,(#2900,#2907),.PCURVE_S1.);
#2896 = B_SPLINE_CURVE_WITH_KNOTS('',2,(#2897,#2898,#2899),
  .UNSPECIFIED.,.F.,.F.,(3,3),(0.,1.),.PIECEWISE_BEZIER_KNOTS.);
#2897 = CARTESIAN_POINT('',(-0.359619140625,0.298095703125,0.5));
#2898 = CARTESIAN_POINT('',(-0.166259765625,0.432861328125,0.5));
#2899 = CARTESIAN_POINT('',(4.6142578125E-02,0.432861328125,0.5));
#2900 = PCURVE('',#807,#2901);
#2901 = DEFINITIONAL_REPRESENTATION('',(#2902),#2906);
#2902 = LINE('',#2903,#2904);
#2903 = CARTESIAN_POINT('',(0.,0.));
#2904 = VECTOR('',#2905,1.);
#2905 = DIRECTION('',(1.,0.));
#2906 = ( GEOMETRIC_REPRESENTATION_CONTEXT(2) 
PARAMETRIC_REPRESENTATION_CONTEXT() REPRESENTATION_CONTEXT('2D SPACE',''
  ) );
#2907 = PCURVE('',#1901,#2908);
#2908 = DEFINITIONAL_REPRESENTATION('',(#2909),#2913);
#2909 = B_SPLINE_CURVE_WITH_KNOTS('',2,(#2910,#2911,#2912),
  .UNSPECIFIED.,.F.,.F.,(3,3),(0.,1.),.PIECEWISE_BEZIER_KNOTS.);
#2910 = CARTESIAN_POINT('',(0.474609375,1.2890625));
#2911 = CARTESIAN_POINT('',(0.66796875,1.423828125));
#2912 = CARTESIAN_POINT('',(0.88037109375,1.423828125));
#2913 = ( GEOMETRIC_REPRESENTATION_CONTEXT(2) 
PARAMETRIC_REPRESENTATION_CONTEXT() REPRESENTATION_CONTEXT('2D SPACE',''
  ) );
#2914 = ORIENTED_EDGE('',*,*,#2868,.T.);
#2915 = ORIENTED_EDGE('',*,*,#773,.F.);
#2916 = ORIENTED_EDGE('',*,*,#2917,.F.);
#2917 = EDGE_CURVE('',#2893,#711,#2918,.T.);
#2918 = SURFACE_CURVE('',#2919,(#2923,#2930),.PCURVE_S1.);
#2919 = LINE('',#2920,#2921);
#2920 = CARTESIAN_POINT('',(4.6142578125E-02,0.432861328125,0.5));
#2921 = VECTOR('',#2922,1.);
#2922 = DIRECTION('',(0.,0.,1.));
#2923 = PCURVE('',#807,#2924);
#2924 = DEFINITIONAL_REPRESENTATION('',(#2925),#2929);
#2925 = LINE('',#2926,#2927);
#2926 = CARTESIAN_POINT('',(1.,0.));
#2927 = VECTOR('',#2928,1.);
#2928 = DIRECTION('',(0.,-1.));
#2929 = ( GEOMETRIC_REPRESENTATION_CONTEXT(2) 
PARAMETRIC_REPRESENTATION_CONTEXT() REPRESENTATION_CONTEXT('2D SPACE',''
  ) );
#2930 = PCURVE('',#748,#2931);
#2931 = DEFINITIONAL_REPRESENTATION('',(#2932),#2936);
#2932 = LINE('',#2933,#2934);
#2933 = CARTESIAN_POINT('',(0.,0.));
#2934 = VECTOR('',#2935,1.);
#2935 = DIRECTION('',(0.,-1.));
#2936 = ( GEOMETRIC_REPRESENTATION_CONTEXT(2) 
PARAMETRIC_REPRESENTATION_CONTEXT() REPRESENTATION_CONTEXT('2D SPACE',''
  ) );
#2937 = ADVANCED_FACE('',(#2938),#748,.F.);
#2938 = FACE_BOUND('',#2939,.F.);
#2939 = EDGE_LOOP('',(#2940,#2961,#2962,#2963));
#2940 = ORIENTED_EDGE('',*,*,#2941,.F.);
#2941 = EDGE_CURVE('',#2893,#1884,#2942,.T.);
#2942 = SURFACE_CURVE('',#2943,(#2947,#2954),.PCURVE_S1.);
#2943 = B_SPLINE_CURVE_WITH_KNOTS('',2,(#2944,#2945,#2946),
  .UNSPECIFIED.,.F.,.F.,(3,3),(0.,1.),.PIECEWISE_BEZIER_KNOTS.);
#2944 = CARTESIAN_POINT('',(4.6142578125E-02,0.432861328125,0.5));
#2945 = CARTESIAN_POINT('',(0.327392578125,0.432861328125,0.5));
#2946 = CARTESIAN_POINT('',(0.520751953125,0.238037109375,0.5));
#2947 = PCURVE('',#748,#2948);
#2948 = DEFINITIONAL_REPRESENTATION('',(#2949),#2953);
#2949 = LINE('',#2950,#2951);
#2950 = CARTESIAN_POINT('',(0.,0.));
#2951 = VECTOR('',#2952,1.);
#2952 = DIRECTION('',(1.,0.));
#2953 = ( GEOMETRIC_REPRESENTATION_CONTEXT(2) 
PARAMETRIC_REPRESENTATION_CONTEXT() REPRESENTATION_CONTEXT('2D SPACE',''
  ) );
#2954 = PCURVE('',#1901,#2955);
#2955 = DEFINITIONAL_REPRESENTATION('',(#2956),#2960);
#2956 = B_SPLINE_CURVE_WITH_KNOTS('',2,(#2957,#2958,#2959),
  .UNSPECIFIED.,.F.,.F.,(3,3),(0.,1.),.PIECEWISE_BEZIER_KNOTS.);
#2957 = CARTESIAN_POINT('',(0.88037109375,1.423828125));
#2958 = CARTESIAN_POINT('',(1.16162109375,1.423828125));
#2959 = CARTESIAN_POINT('',(1.35498046875,1.22900390625));
#2960 = ( GEOMETRIC_REPRESENTATION_CONTEXT(2) 
PARAMETRIC_REPRESENTATION_CONTEXT() REPRESENTATION_CONTEXT('2D SPACE',''
  ) );
#2961 = ORIENTED_EDGE('',*,*,#2917,.T.);
#2962 = ORIENTED_EDGE('',*,*,#710,.F.);
#2963 = ORIENTED_EDGE('',*,*,#1913,.F.);
#2964 = ADVANCED_FACE('',(#2965),#1868,.T.);
#2965 = FACE_BOUND('',#2966,.T.);
#2966 = EDGE_LOOP('',(#2967,#2990,#3017,#3018));
#2967 = ORIENTED_EDGE('',*,*,#2968,.T.);
#2968 = EDGE_CURVE('',#1852,#2969,#2971,.T.);
#2969 = VERTEX_POINT('',#2970);
#2970 = CARTESIAN_POINT('',(1.5,0.,-3.));
#2971 = SEAM_CURVE('',#2972,(#2976,#2983),.PCURVE_S1.);
#2972 = LINE('',#2973,#2974);
#2973 = CARTESIAN_POINT('',(1.5,0.,-2.5));
#2974 = VECTOR('',#2975,1.);
#2975 = DIRECTION('',(-0.,-0.,-1.));
#2976 = PCURVE('',#1868,#2977);
#2977 = DEFINITIONAL_REPRESENTATION('',(#2978),#2982);
#2978 = LINE('',#2979,#2980);
#2979 = CARTESIAN_POINT('',(0.,0.));
#2980 = VECTOR('',#2981,1.);
#2981 = DIRECTION('',(0.,-1.));
#2982 = ( GEOMETRIC_REPRESENTATION_CONTEXT(2) 
PARAMETRIC_REPRESENTATION_CONTEXT() REPRESENTATION_CONTEXT('2D SPACE',''
  ) );
#2983 = PCURVE('',#1868,#2984);
#2984 = DEFINITIONAL_REPRESENTATION('',(#2985),#2989);
#2985 = LINE('',#2986,#2987);
#2986 = CARTESIAN_POINT('',(6.28318530718,0.));
#2987 = VECTOR('',#2988,1.);
#2988 = DIRECTION('',(0.,-1.));
#2989 = ( GEOMETRIC_REPRESENTATION_CONTEXT(2) 
PARAMETRIC_REPRESENTATION_CONTEXT() REPRESENTATION_CONTEXT('2D SPACE',''
  ) );
#2990 = ORIENTED_EDGE('',*,*,#2991,.T.);
#2991 = EDGE_CURVE('',#2969,#2969,#2992,.T.);
#2992 = SURFACE_CURVE('',#2993,(#2998,#3005),.PCURVE_S1.);
#2993 = CIRCLE('',#2994,1.5);
#2994 = AXIS2_PLACEMENT_3D('',#2995,#2996,#2997);
#2995 = CARTESIAN_POINT('',(0.,0.,-3.));
#2996 = DIRECTION('',(0.,0.,1.));
#2997 = DIRECTION('',(1.,0.,0.));
#2998 = PCURVE('',#1868,#2999);
#2999 = DEFINITIONAL_REPRESENTATION('',(#3000),#3004);
#3000 = LINE('',#3001,#3002);
#3001 = CARTESIAN_POINT('',(0.,-0.5));
#3002 = VECTOR('',#3003,1.);
#3003 = DIRECTION('',(1.,0.));
#3004 = ( GEOMETRIC_REPRESENTATION_CONTEXT(2) 
PARAMETRIC_REPRESENTATION_CONTEXT() REPRESENTATION_CONTEXT('2D SPACE',''
  ) );
#3005 = PCURVE('',#3006,#3011);
#3006 = PLANE('',#3007);
#3007 = AXIS2_PLACEMENT_3D('',#3008,#3009,#3010);
#3008 = CARTESIAN_POINT('',(-8.546500828371E-17,5.272100442092E-17,-3.)
  );
#3009 = DIRECTION('',(0.,0.,1.));
#3010 = DIRECTION('',(1.,0.,-0.));
#3011 = DEFINITIONAL_REPRESENTATION('',(#3012),#3016);
#3012 = CIRCLE('',#3013,1.5);
#3013 = AXIS2_PLACEMENT_2D('',#3014,#3015);
#3014 = CARTESIAN_POINT('',(8.546500828371E-17,-5.272100442092E-17));
#3015 = DIRECTION('',(1.,0.));
#3016 = ( GEOMETRIC_REPRESENTATION_CONTEXT(2) 
PARAMETRIC_REPRESENTATION_CONTEXT() REPRESENTATION_CONTEXT('2D SPACE',''
  ) );
#3017 = ORIENTED_EDGE('',*,*,#2968,.F.);
#3018 = ORIENTED_EDGE('',*,*,#1851,.F.);
#3019 = ADVANCED_FACE('',(#3020),#1901,.T.);
#3020 = FACE_BOUND('',#3021,.F.);
#3021 = EDGE_LOOP('',(#3022,#3023,#3024,#3025,#3026,#3027,#3028,#3029,
    #3030,#3031,#3032,#3033,#3034,#3035,#3036,#3037,#3038,#3039,#3040,
    #3041,#3042,#3043));
#3022 = ORIENTED_EDGE('',*,*,#2156,.T.);
#3023 = ORIENTED_EDGE('',*,*,#2205,.T.);
#3024 = ORIENTED_EDGE('',*,*,#2254,.T.);
#3025 = ORIENTED_EDGE('',*,*,#2303,.T.);
#3026 = ORIENTED_EDGE('',*,*,#2352,.T.);
#3027 = ORIENTED_EDGE('',*,*,#2401,.T.);
#3028 = ORIENTED_EDGE('',*,*,#2451,.T.);
#3029 = ORIENTED_EDGE('',*,*,#2500,.T.);
#3030 = ORIENTED_EDGE('',*,*,#2549,.T.);
#3031 = ORIENTED_EDGE('',*,*,#2598,.T.);
#3032 = ORIENTED_EDGE('',*,*,#2647,.T.);
#3033 = ORIENTED_EDGE('',*,*,#2696,.T.);
#3034 = ORIENTED_EDGE('',*,*,#2745,.T.);
#3035 = ORIENTED_EDGE('',*,*,#2794,.T.);
#3036 = ORIENTED_EDGE('',*,*,#2843,.T.);
#3037 = ORIENTED_EDGE('',*,*,#2892,.T.);
#3038 = ORIENTED_EDGE('',*,*,#2941,.T.);
#3039 = ORIENTED_EDGE('',*,*,#1883,.T.);
#3040 = ORIENTED_EDGE('',*,*,#1960,.T.);
#3041 = ORIENTED_EDGE('',*,*,#2009,.T.);
#3042 = ORIENTED_EDGE('',*,*,#2058,.T.);
#3043 = ORIENTED_EDGE('',*,*,#2107,.T.);
#3044 = ADVANCED_FACE('',(#3045),#3006,.F.);
#3045 = FACE_BOUND('',#3046,.F.);
#3046 = EDGE_LOOP('',(#3047));
#3047 = ORIENTED_EDGE('',*,*,#2991,.T.);
#3048 = ( GEOMETRIC_REPRESENTATION_CONTEXT(3) 
GLOBAL_UNCERTAINTY_ASSIGNED_CONTEXT((#3052)) 
GLOBAL_UNIT_ASSIGNED_CONTEXT((#3049,#3050,#3051)) REPRESENTATION_CONTEXT
('Context #1','3D Context with UNIT and UNCERTAINTY') );
#3049 = ( LENGTH_UNIT() NAMED_UNIT(*) SI_UNIT(.MILLI.,.METRE.) );
#3050 = ( NAMED_UNIT(*) PLANE_ANGLE_UNIT() SI_UNIT($,.RADIAN.) );
#3051 = ( NAMED_UNIT(*) SI_UNIT($,.STERADIAN.) SOLID_ANGLE_UNIT() );
#3052 = UNCERTAINTY_MEASURE_WITH_UNIT(LENGTH_MEASURE(1.E-06),#3049,
  'distance_accuracy_value','confusion accuracy');
#3053 = PRODUCT_RELATED_PRODUCT_CATEGORY('part',$,(#7));
ENDSEC;
END-ISO-10303-21;
