ISO-10303-21;
HEADER;
FILE_DESCRIPTION(('Open CASCADE Model'),'2;1');
FILE_NAME('Open CASCADE Shape Model','2026-08-01T03:07:21',('Author'),(
    'Open CASCADE'),'Open CASCADE STEP processor 7.9','Open CASCADE 7.9'
  ,'Unknown');
FILE_SCHEMA(('AUTOMOTIVE_DESIGN { 1 0 10303 214 1 1 1 1 }'));
ENDSEC;
DATA;
#1 = APPLICATION_PROTOCOL_DEFINITION('international standard',
  'automotive_design',2000,#2);
#2 = APPLICATION_CONTEXT(
  'core data for automotive mechanical design processes');
#3 = SHAPE_DEFINITION_REPRESENTATION(#4,#10);
#4 = PRODUCT_DEFINITION_SHAPE('','',#5);
#5 = PRODUCT_DEFINITION('design','',#6,#9);
#6 = PRODUCT_DEFINITION_FORMATION('','',#7);
#7 = PRODUCT('Open CASCADE STEP translator 7.9 3',
  'Open CASCADE STEP translator 7.9 3','',(#8));
#8 = PRODUCT_CONTEXT('',#2,'mechanical');
#9 = PRODUCT_DEFINITION_CONTEXT('part definition',#2,'design');
#10 = ADVANCED_BREP_SHAPE_REPRESENTATION('',(#11,#15),#3356);
#11 = AXIS2_PLACEMENT_3D('',#12,#13,#14);
#12 = CARTESIAN_POINT('',(0.,0.,0.));
#13 = DIRECTION('',(0.,0.,1.));
#14 = DIRECTION('',(1.,0.,-0.));
#15 = MANIFOLD_SOLID_BREP('',#16);
#16 = CLOSED_SHELL('',(#17,#139,#209,#288,#333,#396,#403,#458,#513,#517,
    #552,#2246,#2323,#2372,#2421,#2470,#2519,#2568,#2617,#2666,#2715,
    #2765,#2814,#2863,#2912,#2961,#3010,#3059,#3108,#3157,#3206,#3255,
    #3304,#3331));
#17 = ADVANCED_FACE('',(#18),#32,.T.);
#18 = FACE_BOUND('',#19,.T.);
#19 = EDGE_LOOP('',(#20,#53,#86,#112));
#20 = ORIENTED_EDGE('',*,*,#21,.T.);
#21 = EDGE_CURVE('',#22,#24,#26,.T.);
#22 = VERTEX_POINT('',#23);
#23 = CARTESIAN_POINT('',(2.819131071802,4.25,-2.5));
#24 = VERTEX_POINT('',#25);
#25 = CARTESIAN_POINT('',(2.819131071802,4.25,-1.5));
#26 = SURFACE_CURVE('',#27,(#31,#42),.PCURVE_S1.);
#27 = LINE('',#28,#29);
#28 = CARTESIAN_POINT('',(2.819131071802,4.25,-1.5));
#29 = VECTOR('',#30,1.);
#30 = DIRECTION('',(0.,0.,1.));
#31 = PCURVE('',#32,#37);
#32 = CYLINDRICAL_SURFACE('',#33,5.1);
#33 = AXIS2_PLACEMENT_3D('',#34,#35,#36);
#34 = CARTESIAN_POINT('',(0.,0.,-1.5));
#35 = DIRECTION('',(0.,0.,1.));
#36 = DIRECTION('',(1.,0.,0.));
#37 = DEFINITIONAL_REPRESENTATION('',(#38),#41);
#38 = B_SPLINE_CURVE_WITH_KNOTS('',1,(#39,#40),.UNSPECIFIED.,.F.,.F.,(2,
    2),(-1.,0.),.PIECEWISE_BEZIER_KNOTS.);
#39 = CARTESIAN_POINT('',(7.268296090517,-1.));
#40 = CARTESIAN_POINT('',(7.268296090517,0.));
#41 = ( GEOMETRIC_REPRESENTATION_CONTEXT(2) 
PARAMETRIC_REPRESENTATION_CONTEXT() REPRESENTATION_CONTEXT('2D SPACE',''
  ) );
#42 = PCURVE('',#43,#48);
#43 = PLANE('',#44);
#44 = AXIS2_PLACEMENT_3D('',#45,#46,#47);
#45 = CARTESIAN_POINT('',(-10.2,4.25,-50.));
#46 = DIRECTION('',(0.,1.,0.));
#47 = DIRECTION('',(0.,0.,1.));
#48 = DEFINITIONAL_REPRESENTATION('',(#49),#52);
#49 = B_SPLINE_CURVE_WITH_KNOTS('',1,(#50,#51),.UNSPECIFIED.,.F.,.F.,(2,
    2),(-1.0000006,5.999999999062E-07),.PIECEWISE_BEZIER_KNOTS.);
#50 = CARTESIAN_POINT('',(47.4999994,13.019131071802));
#51 = CARTESIAN_POINT('',(48.5000006,13.019131071802));
#52 = ( GEOMETRIC_REPRESENTATION_CONTEXT(2) 
PARAMETRIC_REPRESENTATION_CONTEXT() REPRESENTATION_CONTEXT('2D SPACE',''
  ) );
#53 = ORIENTED_EDGE('',*,*,#54,.T.);
#54 = EDGE_CURVE('',#24,#55,#57,.T.);
#55 = VERTEX_POINT('',#56);
#56 = CARTESIAN_POINT('',(2.819131071802,-4.25,-1.5));
#57 = SURFACE_CURVE('',#58,(#63,#70),.PCURVE_S1.);
#58 = CIRCLE('',#59,5.1);
#59 = AXIS2_PLACEMENT_3D('',#60,#61,#62);
#60 = CARTESIAN_POINT('',(0.,0.,-1.5));
#61 = DIRECTION('',(0.,0.,-1.));
#62 = DIRECTION('',(0.552770798393,0.833333333333,0.));
#63 = PCURVE('',#32,#64);
#64 = DEFINITIONAL_REPRESENTATION('',(#65),#69);
#65 = LINE('',#66,#67);
#66 = CARTESIAN_POINT('',(7.268296090517,0.));
#67 = VECTOR('',#68,1.);
#68 = DIRECTION('',(-1.,-0.));
#69 = ( GEOMETRIC_REPRESENTATION_CONTEXT(2) 
PARAMETRIC_REPRESENTATION_CONTEXT() REPRESENTATION_CONTEXT('2D SPACE',''
  ) );
#70 = PCURVE('',#71,#76);
#71 = PLANE('',#72);
#72 = AXIS2_PLACEMENT_3D('',#73,#74,#75);
#73 = CARTESIAN_POINT('',(-2.681255161842E-16,5.961865926976E-16,-1.5));
#74 = DIRECTION('',(0.,0.,1.));
#75 = DIRECTION('',(1.,0.,-0.));
#76 = DEFINITIONAL_REPRESENTATION('',(#77),#85);
#77 = ( BOUNDED_CURVE() B_SPLINE_CURVE(2,(#78,#79,#80,#81,#82,#83,#84),
.UNSPECIFIED.,.T.,.F.) B_SPLINE_CURVE_WITH_KNOTS((1,2,2,2,2,1),(
    -2.094395102393,0.,2.094395102393,4.188790204786,6.28318530718,
8.377580409573),.UNSPECIFIED.) CURVE() GEOMETRIC_REPRESENTATION_ITEM() 
RATIONAL_B_SPLINE_CURVE((1.,0.5,1.,0.5,1.,0.5,1.)) REPRESENTATION_ITEM(
  '') );
#78 = CARTESIAN_POINT('',(2.819131071802,4.25));
#79 = CARTESIAN_POINT('',(10.18034700397,-0.632878249557));
#80 = CARTESIAN_POINT('',(2.271042430183,-4.566439124779));
#81 = CARTESIAN_POINT('',(-5.638262143604,-8.5));
#82 = CARTESIAN_POINT('',(-5.090173501985,0.316439124779));
#83 = CARTESIAN_POINT('',(-4.542084860366,9.132878249557));
#84 = CARTESIAN_POINT('',(2.819131071802,4.25));
#85 = ( GEOMETRIC_REPRESENTATION_CONTEXT(2) 
PARAMETRIC_REPRESENTATION_CONTEXT() REPRESENTATION_CONTEXT('2D SPACE',''
  ) );
#86 = ORIENTED_EDGE('',*,*,#87,.F.);
#87 = EDGE_CURVE('',#88,#55,#90,.T.);
#88 = VERTEX_POINT('',#89);
#89 = CARTESIAN_POINT('',(2.819131071802,-4.25,-2.5));
#90 = SURFACE_CURVE('',#91,(#95,#101),.PCURVE_S1.);
#91 = LINE('',#92,#93);
#92 = CARTESIAN_POINT('',(2.819131071802,-4.25,-1.5));
#93 = VECTOR('',#94,1.);
#94 = DIRECTION('',(0.,0.,1.));
#95 = PCURVE('',#32,#96);
#96 = DEFINITIONAL_REPRESENTATION('',(#97),#100);
#97 = B_SPLINE_CURVE_WITH_KNOTS('',1,(#98,#99),.UNSPECIFIED.,.F.,.F.,(2,
    2),(-1.0000006,5.999999999062E-07),.PIECEWISE_BEZIER_KNOTS.);
#98 = CARTESIAN_POINT('',(5.298074523842,-1.0000006));
#99 = CARTESIAN_POINT('',(5.298074523842,5.999999999062E-07));
#100 = ( GEOMETRIC_REPRESENTATION_CONTEXT(2) 
PARAMETRIC_REPRESENTATION_CONTEXT() REPRESENTATION_CONTEXT('2D SPACE',''
  ) );
#101 = PCURVE('',#102,#107);
#102 = PLANE('',#103);
#103 = AXIS2_PLACEMENT_3D('',#104,#105,#106);
#104 = CARTESIAN_POINT('',(-10.2,-4.25,-50.));
#105 = DIRECTION('',(0.,1.,0.));
#106 = DIRECTION('',(0.,0.,1.));
#107 = DEFINITIONAL_REPRESENTATION('',(#108),#111);
#108 = B_SPLINE_CURVE_WITH_KNOTS('',1,(#109,#110),.UNSPECIFIED.,.F.,.F.,
  (2,2),(-1.0000006,5.999999999062E-07),.PIECEWISE_BEZIER_KNOTS.);
#109 = CARTESIAN_POINT('',(47.4999994,13.019131071802));
#110 = CARTESIAN_POINT('',(48.5000006,13.019131071802));
#111 = ( GEOMETRIC_REPRESENTATION_CONTEXT(2) 
PARAMETRIC_REPRESENTATION_CONTEXT() REPRESENTATION_CONTEXT('2D SPACE',''
  ) );
#112 = ORIENTED_EDGE('',*,*,#113,.T.);
#113 = EDGE_CURVE('',#88,#22,#114,.T.);
#114 = SURFACE_CURVE('',#115,(#120,#127),.PCURVE_S1.);
#115 = CIRCLE('',#116,5.1);
#116 = AXIS2_PLACEMENT_3D('',#117,#118,#119);
#117 = CARTESIAN_POINT('',(0.,0.,-2.5));
#118 = DIRECTION('',(0.,0.,1.));
#119 = DIRECTION('',(-0.552770798393,0.833333333333,0.));
#120 = PCURVE('',#32,#121);
#121 = DEFINITIONAL_REPRESENTATION('',(#122),#126);
#122 = LINE('',#123,#124);
#123 = CARTESIAN_POINT('',(2.156481870252,-1.));
#124 = VECTOR('',#125,1.);
#125 = DIRECTION('',(1.,0.));
#126 = ( GEOMETRIC_REPRESENTATION_CONTEXT(2) 
PARAMETRIC_REPRESENTATION_CONTEXT() REPRESENTATION_CONTEXT('2D SPACE',''
  ) );
#127 = PCURVE('',#128,#133);
#128 = PLANE('',#129);
#129 = AXIS2_PLACEMENT_3D('',#130,#131,#132);
#130 = CARTESIAN_POINT('',(-2.681255161842E-16,5.961865926976E-16,-2.5)
  );
#131 = DIRECTION('',(0.,0.,1.));
#132 = DIRECTION('',(1.,0.,-0.));
#133 = DEFINITIONAL_REPRESENTATION('',(#134),#138);
#134 = CIRCLE('',#135,5.1);
#135 = AXIS2_PLACEMENT_2D('',#136,#137);
#136 = CARTESIAN_POINT('',(2.681255161842E-16,-5.961865926976E-16));
#137 = DIRECTION('',(-0.552770798393,0.833333333333));
#138 = ( GEOMETRIC_REPRESENTATION_CONTEXT(2) 
PARAMETRIC_REPRESENTATION_CONTEXT() REPRESENTATION_CONTEXT('2D SPACE',''
  ) );
#139 = ADVANCED_FACE('',(#140),#43,.T.);
#140 = FACE_BOUND('',#141,.T.);
#141 = EDGE_LOOP('',(#142,#143,#164,#190));
#142 = ORIENTED_EDGE('',*,*,#21,.F.);
#143 = ORIENTED_EDGE('',*,*,#144,.T.);
#144 = EDGE_CURVE('',#22,#145,#147,.T.);
#145 = VERTEX_POINT('',#146);
#146 = CARTESIAN_POINT('',(-2.819131071802,4.25,-2.5));
#147 = SURFACE_CURVE('',#148,(#152,#158),.PCURVE_S1.);
#148 = LINE('',#149,#150);
#149 = CARTESIAN_POINT('',(-5.1,4.25,-2.5));
#150 = VECTOR('',#151,1.);
#151 = DIRECTION('',(-1.,0.,0.));
#152 = PCURVE('',#43,#153);
#153 = DEFINITIONAL_REPRESENTATION('',(#154),#157);
#154 = B_SPLINE_CURVE_WITH_KNOTS('',1,(#155,#156),.UNSPECIFIED.,.F.,.F.,
  (2,2),(-10.2,0.),.PIECEWISE_BEZIER_KNOTS.);
#155 = CARTESIAN_POINT('',(47.5,15.3));
#156 = CARTESIAN_POINT('',(47.5,5.1));
#157 = ( GEOMETRIC_REPRESENTATION_CONTEXT(2) 
PARAMETRIC_REPRESENTATION_CONTEXT() REPRESENTATION_CONTEXT('2D SPACE',''
  ) );
#158 = PCURVE('',#128,#159);
#159 = DEFINITIONAL_REPRESENTATION('',(#160),#163);
#160 = B_SPLINE_CURVE_WITH_KNOTS('',1,(#161,#162),.UNSPECIFIED.,.F.,.F.,
  (2,2),(-10.2,0.),.PIECEWISE_BEZIER_KNOTS.);
#161 = CARTESIAN_POINT('',(5.1,4.25));
#162 = CARTESIAN_POINT('',(-5.1,4.25));
#163 = ( GEOMETRIC_REPRESENTATION_CONTEXT(2) 
PARAMETRIC_REPRESENTATION_CONTEXT() REPRESENTATION_CONTEXT('2D SPACE',''
  ) );
#164 = ORIENTED_EDGE('',*,*,#165,.T.);
#165 = EDGE_CURVE('',#145,#166,#168,.T.);
#166 = VERTEX_POINT('',#167);
#167 = CARTESIAN_POINT('',(-2.819131071802,4.25,-1.5));
#168 = SURFACE_CURVE('',#169,(#173,#179),.PCURVE_S1.);
#169 = LINE('',#170,#171);
#170 = CARTESIAN_POINT('',(-2.819131071802,4.25,-1.5));
#171 = VECTOR('',#172,1.);
#172 = DIRECTION('',(0.,0.,1.));
#173 = PCURVE('',#43,#174);
#174 = DEFINITIONAL_REPRESENTATION('',(#175),#178);
#175 = B_SPLINE_CURVE_WITH_KNOTS('',1,(#176,#177),.UNSPECIFIED.,.F.,.F.,
  (2,2),(-1.0000006,5.999999999062E-07),.PIECEWISE_BEZIER_KNOTS.);
#176 = CARTESIAN_POINT('',(47.4999994,7.380868928198));
#177 = CARTESIAN_POINT('',(48.5000006,7.380868928198));
#178 = ( GEOMETRIC_REPRESENTATION_CONTEXT(2) 
PARAMETRIC_REPRESENTATION_CONTEXT() REPRESENTATION_CONTEXT('2D SPACE',''
  ) );
#179 = PCURVE('',#180,#185);
#180 = CYLINDRICAL_SURFACE('',#181,5.1);
#181 = AXIS2_PLACEMENT_3D('',#182,#183,#184);
#182 = CARTESIAN_POINT('',(0.,0.,-1.5));
#183 = DIRECTION('',(0.,0.,1.));
#184 = DIRECTION('',(1.,0.,0.));
#185 = DEFINITIONAL_REPRESENTATION('',(#186),#189);
#186 = B_SPLINE_CURVE_WITH_KNOTS('',1,(#187,#188),.UNSPECIFIED.,.F.,.F.,
  (2,2),(-1.,0.),.PIECEWISE_BEZIER_KNOTS.);
#187 = CARTESIAN_POINT('',(2.156481870252,-1.));
#188 = CARTESIAN_POINT('',(2.156481870252,0.));
#189 = ( GEOMETRIC_REPRESENTATION_CONTEXT(2) 
PARAMETRIC_REPRESENTATION_CONTEXT() REPRESENTATION_CONTEXT('2D SPACE',''
  ) );
#190 = ORIENTED_EDGE('',*,*,#191,.F.);
#191 = EDGE_CURVE('',#24,#166,#192,.T.);
#192 = SURFACE_CURVE('',#193,(#197,#203),.PCURVE_S1.);
#193 = LINE('',#194,#195);
#194 = CARTESIAN_POINT('',(-5.1,4.25,-1.5));
#195 = VECTOR('',#196,1.);
#196 = DIRECTION('',(-1.,0.,0.));
#197 = PCURVE('',#43,#198);
#198 = DEFINITIONAL_REPRESENTATION('',(#199),#202);
#199 = B_SPLINE_CURVE_WITH_KNOTS('',1,(#200,#201),.UNSPECIFIED.,.F.,.F.,
  (2,2),(-10.2,0.),.PIECEWISE_BEZIER_KNOTS.);
#200 = CARTESIAN_POINT('',(48.5,15.3));
#201 = CARTESIAN_POINT('',(48.5,5.1));
#202 = ( GEOMETRIC_REPRESENTATION_CONTEXT(2) 
PARAMETRIC_REPRESENTATION_CONTEXT() REPRESENTATION_CONTEXT('2D SPACE',''
  ) );
#203 = PCURVE('',#71,#204);
#204 = DEFINITIONAL_REPRESENTATION('',(#205),#208);
#205 = B_SPLINE_CURVE_WITH_KNOTS('',1,(#206,#207),.UNSPECIFIED.,.F.,.F.,
  (2,2),(-10.2,0.),.PIECEWISE_BEZIER_KNOTS.);
#206 = CARTESIAN_POINT('',(5.1,4.25));
#207 = CARTESIAN_POINT('',(-5.1,4.25));
#208 = ( GEOMETRIC_REPRESENTATION_CONTEXT(2) 
PARAMETRIC_REPRESENTATION_CONTEXT() REPRESENTATION_CONTEXT('2D SPACE',''
  ) );
#209 = ADVANCED_FACE('',(#210,#257),#128,.F.);
#210 = FACE_BOUND('',#211,.F.);
#211 = EDGE_LOOP('',(#212,#213,#237,#256));
#212 = ORIENTED_EDGE('',*,*,#144,.T.);
#213 = ORIENTED_EDGE('',*,*,#214,.T.);
#214 = EDGE_CURVE('',#145,#215,#217,.T.);
#215 = VERTEX_POINT('',#216);
#216 = CARTESIAN_POINT('',(-2.819131071802,-4.25,-2.5));
#217 = SURFACE_CURVE('',#218,(#223,#230),.PCURVE_S1.);
#218 = CIRCLE('',#219,5.1);
#219 = AXIS2_PLACEMENT_3D('',#220,#221,#222);
#220 = CARTESIAN_POINT('',(0.,0.,-2.5));
#221 = DIRECTION('',(0.,0.,1.));
#222 = DIRECTION('',(-0.552770798393,0.833333333333,0.));
#223 = PCURVE('',#128,#224);
#224 = DEFINITIONAL_REPRESENTATION('',(#225),#229);
#225 = CIRCLE('',#226,5.1);
#226 = AXIS2_PLACEMENT_2D('',#227,#228);
#227 = CARTESIAN_POINT('',(2.681255161842E-16,-5.961865926976E-16));
#228 = DIRECTION('',(-0.552770798393,0.833333333333));
#229 = ( GEOMETRIC_REPRESENTATION_CONTEXT(2) 
PARAMETRIC_REPRESENTATION_CONTEXT() REPRESENTATION_CONTEXT('2D SPACE',''
  ) );
#230 = PCURVE('',#180,#231);
#231 = DEFINITIONAL_REPRESENTATION('',(#232),#236);
#232 = LINE('',#233,#234);
#233 = CARTESIAN_POINT('',(2.156481870252,-1.));
#234 = VECTOR('',#235,1.);
#235 = DIRECTION('',(1.,0.));
#236 = ( GEOMETRIC_REPRESENTATION_CONTEXT(2) 
PARAMETRIC_REPRESENTATION_CONTEXT() REPRESENTATION_CONTEXT('2D SPACE',''
  ) );
#237 = ORIENTED_EDGE('',*,*,#238,.F.);
#238 = EDGE_CURVE('',#88,#215,#239,.T.);
#239 = SURFACE_CURVE('',#240,(#244,#250),.PCURVE_S1.);
#240 = LINE('',#241,#242);
#241 = CARTESIAN_POINT('',(-5.1,-4.25,-2.5));
#242 = VECTOR('',#243,1.);
#243 = DIRECTION('',(-1.,0.,0.));
#244 = PCURVE('',#128,#245);
#245 = DEFINITIONAL_REPRESENTATION('',(#246),#249);
#246 = B_SPLINE_CURVE_WITH_KNOTS('',1,(#247,#248),.UNSPECIFIED.,.F.,.F.,
  (2,2),(-10.2,1.7763568394E-15),.PIECEWISE_BEZIER_KNOTS.);
#247 = CARTESIAN_POINT('',(5.1,-4.25));
#248 = CARTESIAN_POINT('',(-5.1,-4.25));
#249 = ( GEOMETRIC_REPRESENTATION_CONTEXT(2) 
PARAMETRIC_REPRESENTATION_CONTEXT() REPRESENTATION_CONTEXT('2D SPACE',''
  ) );
#250 = PCURVE('',#102,#251);
#251 = DEFINITIONAL_REPRESENTATION('',(#252),#255);
#252 = B_SPLINE_CURVE_WITH_KNOTS('',1,(#253,#254),.UNSPECIFIED.,.F.,.F.,
  (2,2),(-10.2,1.7763568394E-15),.PIECEWISE_BEZIER_KNOTS.);
#253 = CARTESIAN_POINT('',(47.5,15.3));
#254 = CARTESIAN_POINT('',(47.5,5.1));
#255 = ( GEOMETRIC_REPRESENTATION_CONTEXT(2) 
PARAMETRIC_REPRESENTATION_CONTEXT() REPRESENTATION_CONTEXT('2D SPACE',''
  ) );
#256 = ORIENTED_EDGE('',*,*,#113,.T.);
#257 = FACE_BOUND('',#258,.F.);
#258 = EDGE_LOOP('',(#259));
#259 = ORIENTED_EDGE('',*,*,#260,.F.);
#260 = EDGE_CURVE('',#261,#261,#263,.T.);
#261 = VERTEX_POINT('',#262);
#262 = CARTESIAN_POINT('',(1.5,0.,-2.5));
#263 = SURFACE_CURVE('',#264,(#269,#276),.PCURVE_S1.);
#264 = CIRCLE('',#265,1.5);
#265 = AXIS2_PLACEMENT_3D('',#266,#267,#268);
#266 = CARTESIAN_POINT('',(0.,0.,-2.5));
#267 = DIRECTION('',(0.,0.,1.));
#268 = DIRECTION('',(1.,0.,0.));
#269 = PCURVE('',#128,#270);
#270 = DEFINITIONAL_REPRESENTATION('',(#271),#275);
#271 = CIRCLE('',#272,1.5);
#272 = AXIS2_PLACEMENT_2D('',#273,#274);
#273 = CARTESIAN_POINT('',(2.681255161842E-16,-5.961865926976E-16));
#274 = DIRECTION('',(1.,0.));
#275 = ( GEOMETRIC_REPRESENTATION_CONTEXT(2) 
PARAMETRIC_REPRESENTATION_CONTEXT() REPRESENTATION_CONTEXT('2D SPACE',''
  ) );
#276 = PCURVE('',#277,#282);
#277 = CYLINDRICAL_SURFACE('',#278,1.5);
#278 = AXIS2_PLACEMENT_3D('',#279,#280,#281);
#279 = CARTESIAN_POINT('',(0.,0.,-2.5));
#280 = DIRECTION('',(0.,0.,1.));
#281 = DIRECTION('',(1.,0.,0.));
#282 = DEFINITIONAL_REPRESENTATION('',(#283),#287);
#283 = LINE('',#284,#285);
#284 = CARTESIAN_POINT('',(0.,0.));
#285 = VECTOR('',#286,1.);
#286 = DIRECTION('',(1.,0.));
#287 = ( GEOMETRIC_REPRESENTATION_CONTEXT(2) 
PARAMETRIC_REPRESENTATION_CONTEXT() REPRESENTATION_CONTEXT('2D SPACE',''
  ) );
#288 = ADVANCED_FACE('',(#289),#102,.F.);
#289 = FACE_BOUND('',#290,.F.);
#290 = EDGE_LOOP('',(#291,#292,#293,#314));
#291 = ORIENTED_EDGE('',*,*,#87,.F.);
#292 = ORIENTED_EDGE('',*,*,#238,.T.);
#293 = ORIENTED_EDGE('',*,*,#294,.T.);
#294 = EDGE_CURVE('',#215,#295,#297,.T.);
#295 = VERTEX_POINT('',#296);
#296 = CARTESIAN_POINT('',(-2.819131071802,-4.25,-1.5));
#297 = SURFACE_CURVE('',#298,(#302,#308),.PCURVE_S1.);
#298 = LINE('',#299,#300);
#299 = CARTESIAN_POINT('',(-2.819131071802,-4.25,-1.5));
#300 = VECTOR('',#301,1.);
#301 = DIRECTION('',(0.,0.,1.));
#302 = PCURVE('',#102,#303);
#303 = DEFINITIONAL_REPRESENTATION('',(#304),#307);
#304 = B_SPLINE_CURVE_WITH_KNOTS('',1,(#305,#306),.UNSPECIFIED.,.F.,.F.,
  (2,2),(-1.0000006,5.999999999062E-07),.PIECEWISE_BEZIER_KNOTS.);
#305 = CARTESIAN_POINT('',(47.4999994,7.380868928198));
#306 = CARTESIAN_POINT('',(48.5000006,7.380868928198));
#307 = ( GEOMETRIC_REPRESENTATION_CONTEXT(2) 
PARAMETRIC_REPRESENTATION_CONTEXT() REPRESENTATION_CONTEXT('2D SPACE',''
  ) );
#308 = PCURVE('',#180,#309);
#309 = DEFINITIONAL_REPRESENTATION('',(#310),#313);
#310 = B_SPLINE_CURVE_WITH_KNOTS('',1,(#311,#312),.UNSPECIFIED.,.F.,.F.,
  (2,2),(-1.0000006,5.999999999062E-07),.PIECEWISE_BEZIER_KNOTS.);
#311 = CARTESIAN_POINT('',(4.126703436928,-1.0000006));
#312 = CARTESIAN_POINT('',(4.126703436928,5.999999999062E-07));
#313 = ( GEOMETRIC_REPRESENTATION_CONTEXT(2) 
PARAMETRIC_REPRESENTATION_CONTEXT() REPRESENTATION_CONTEXT('2D SPACE',''
  ) );
#314 = ORIENTED_EDGE('',*,*,#315,.F.);
#315 = EDGE_CURVE('',#55,#295,#316,.T.);
#316 = SURFACE_CURVE('',#317,(#321,#327),.PCURVE_S1.);
#317 = LINE('',#318,#319);
#318 = CARTESIAN_POINT('',(-5.1,-4.25,-1.5));
#319 = VECTOR('',#320,1.);
#320 = DIRECTION('',(-1.,0.,0.));
#321 = PCURVE('',#102,#322);
#322 = DEFINITIONAL_REPRESENTATION('',(#323),#326);
#323 = B_SPLINE_CURVE_WITH_KNOTS('',1,(#324,#325),.UNSPECIFIED.,.F.,.F.,
  (2,2),(-10.2,0.),.PIECEWISE_BEZIER_KNOTS.);
#324 = CARTESIAN_POINT('',(48.5,15.3));
#325 = CARTESIAN_POINT('',(48.5,5.1));
#326 = ( GEOMETRIC_REPRESENTATION_CONTEXT(2) 
PARAMETRIC_REPRESENTATION_CONTEXT() REPRESENTATION_CONTEXT('2D SPACE',''
  ) );
#327 = PCURVE('',#71,#328);
#328 = DEFINITIONAL_REPRESENTATION('',(#329),#332);
#329 = B_SPLINE_CURVE_WITH_KNOTS('',1,(#330,#331),.UNSPECIFIED.,.F.,.F.,
  (2,2),(-10.2,0.),.PIECEWISE_BEZIER_KNOTS.);
#330 = CARTESIAN_POINT('',(5.1,-4.25));
#331 = CARTESIAN_POINT('',(-5.1,-4.25));
#332 = ( GEOMETRIC_REPRESENTATION_CONTEXT(2) 
PARAMETRIC_REPRESENTATION_CONTEXT() REPRESENTATION_CONTEXT('2D SPACE',''
  ) );
#333 = ADVANCED_FACE('',(#334,#365),#71,.T.);
#334 = FACE_BOUND('',#335,.T.);
#335 = EDGE_LOOP('',(#336,#337,#338,#364));
#336 = ORIENTED_EDGE('',*,*,#54,.F.);
#337 = ORIENTED_EDGE('',*,*,#191,.T.);
#338 = ORIENTED_EDGE('',*,*,#339,.F.);
#339 = EDGE_CURVE('',#295,#166,#340,.T.);
#340 = SURFACE_CURVE('',#341,(#346,#357),.PCURVE_S1.);
#341 = CIRCLE('',#342,5.1);
#342 = AXIS2_PLACEMENT_3D('',#343,#344,#345);
#343 = CARTESIAN_POINT('',(0.,0.,-1.5));
#344 = DIRECTION('',(0.,0.,-1.));
#345 = DIRECTION('',(0.552770798393,0.833333333333,0.));
#346 = PCURVE('',#71,#347);
#347 = DEFINITIONAL_REPRESENTATION('',(#348),#356);
#348 = ( BOUNDED_CURVE() B_SPLINE_CURVE(2,(#349,#350,#351,#352,#353,#354
,#355),.UNSPECIFIED.,.T.,.F.) B_SPLINE_CURVE_WITH_KNOTS((1,2,2,2,2,1),(
    -2.094395102393,0.,2.094395102393,4.188790204786,6.28318530718,
8.377580409573),.UNSPECIFIED.) CURVE() GEOMETRIC_REPRESENTATION_ITEM() 
RATIONAL_B_SPLINE_CURVE((1.,0.5,1.,0.5,1.,0.5,1.)) REPRESENTATION_ITEM(
  '') );
#349 = CARTESIAN_POINT('',(2.819131071802,4.25));
#350 = CARTESIAN_POINT('',(10.18034700397,-0.632878249557));
#351 = CARTESIAN_POINT('',(2.271042430183,-4.566439124779));
#352 = CARTESIAN_POINT('',(-5.638262143604,-8.5));
#353 = CARTESIAN_POINT('',(-5.090173501985,0.316439124779));
#354 = CARTESIAN_POINT('',(-4.542084860366,9.132878249557));
#355 = CARTESIAN_POINT('',(2.819131071802,4.25));
#356 = ( GEOMETRIC_REPRESENTATION_CONTEXT(2) 
PARAMETRIC_REPRESENTATION_CONTEXT() REPRESENTATION_CONTEXT('2D SPACE',''
  ) );
#357 = PCURVE('',#180,#358);
#358 = DEFINITIONAL_REPRESENTATION('',(#359),#363);
#359 = LINE('',#360,#361);
#360 = CARTESIAN_POINT('',(7.268296090517,0.));
#361 = VECTOR('',#362,1.);
#362 = DIRECTION('',(-1.,-0.));
#363 = ( GEOMETRIC_REPRESENTATION_CONTEXT(2) 
PARAMETRIC_REPRESENTATION_CONTEXT() REPRESENTATION_CONTEXT('2D SPACE',''
  ) );
#364 = ORIENTED_EDGE('',*,*,#315,.F.);
#365 = FACE_BOUND('',#366,.T.);
#366 = EDGE_LOOP('',(#367));
#367 = ORIENTED_EDGE('',*,*,#368,.F.);
#368 = EDGE_CURVE('',#369,#369,#371,.T.);
#369 = VERTEX_POINT('',#370);
#370 = CARTESIAN_POINT('',(3.85,0.,-1.5));
#371 = SURFACE_CURVE('',#372,(#377,#384),.PCURVE_S1.);
#372 = CIRCLE('',#373,3.85);
#373 = AXIS2_PLACEMENT_3D('',#374,#375,#376);
#374 = CARTESIAN_POINT('',(0.,0.,-1.5));
#375 = DIRECTION('',(0.,0.,1.));
#376 = DIRECTION('',(1.,0.,0.));
#377 = PCURVE('',#71,#378);
#378 = DEFINITIONAL_REPRESENTATION('',(#379),#383);
#379 = CIRCLE('',#380,3.85);
#380 = AXIS2_PLACEMENT_2D('',#381,#382);
#381 = CARTESIAN_POINT('',(2.681255161842E-16,-5.961865926976E-16));
#382 = DIRECTION('',(1.,0.));
#383 = ( GEOMETRIC_REPRESENTATION_CONTEXT(2) 
PARAMETRIC_REPRESENTATION_CONTEXT() REPRESENTATION_CONTEXT('2D SPACE',''
  ) );
#384 = PCURVE('',#385,#390);
#385 = CYLINDRICAL_SURFACE('',#386,3.85);
#386 = AXIS2_PLACEMENT_3D('',#387,#388,#389);
#387 = CARTESIAN_POINT('',(0.,0.,0.));
#388 = DIRECTION('',(0.,0.,1.));
#389 = DIRECTION('',(1.,0.,0.));
#390 = DEFINITIONAL_REPRESENTATION('',(#391),#395);
#391 = LINE('',#392,#393);
#392 = CARTESIAN_POINT('',(0.,-1.5));
#393 = VECTOR('',#394,1.);
#394 = DIRECTION('',(1.,0.));
#395 = ( GEOMETRIC_REPRESENTATION_CONTEXT(2) 
PARAMETRIC_REPRESENTATION_CONTEXT() REPRESENTATION_CONTEXT('2D SPACE',''
  ) );
#396 = ADVANCED_FACE('',(#397),#180,.T.);
#397 = FACE_BOUND('',#398,.T.);
#398 = EDGE_LOOP('',(#399,#400,#401,#402));
#399 = ORIENTED_EDGE('',*,*,#294,.T.);
#400 = ORIENTED_EDGE('',*,*,#339,.T.);
#401 = ORIENTED_EDGE('',*,*,#165,.F.);
#402 = ORIENTED_EDGE('',*,*,#214,.T.);
#403 = ADVANCED_FACE('',(#404),#277,.T.);
#404 = FACE_BOUND('',#405,.T.);
#405 = EDGE_LOOP('',(#406,#429,#456,#457));
#406 = ORIENTED_EDGE('',*,*,#407,.T.);
#407 = EDGE_CURVE('',#261,#408,#410,.T.);
#408 = VERTEX_POINT('',#409);
#409 = CARTESIAN_POINT('',(1.5,0.,-3.));
#410 = SEAM_CURVE('',#411,(#415,#422),.PCURVE_S1.);
#411 = LINE('',#412,#413);
#412 = CARTESIAN_POINT('',(1.5,0.,-2.5));
#413 = VECTOR('',#414,1.);
#414 = DIRECTION('',(-0.,-0.,-1.));
#415 = PCURVE('',#277,#416);
#416 = DEFINITIONAL_REPRESENTATION('',(#417),#421);
#417 = LINE('',#418,#419);
#418 = CARTESIAN_POINT('',(0.,0.));
#419 = VECTOR('',#420,1.);
#420 = DIRECTION('',(0.,-1.));
#421 = ( GEOMETRIC_REPRESENTATION_CONTEXT(2) 
PARAMETRIC_REPRESENTATION_CONTEXT() REPRESENTATION_CONTEXT('2D SPACE',''
  ) );
#422 = PCURVE('',#277,#423);
#423 = DEFINITIONAL_REPRESENTATION('',(#424),#428);
#424 = LINE('',#425,#426);
#425 = CARTESIAN_POINT('',(6.28318530718,0.));
#426 = VECTOR('',#427,1.);
#427 = DIRECTION('',(0.,-1.));
#428 = ( GEOMETRIC_REPRESENTATION_CONTEXT(2) 
PARAMETRIC_REPRESENTATION_CONTEXT() REPRESENTATION_CONTEXT('2D SPACE',''
  ) );
#429 = ORIENTED_EDGE('',*,*,#430,.T.);
#430 = EDGE_CURVE('',#408,#408,#431,.T.);
#431 = SURFACE_CURVE('',#432,(#437,#444),.PCURVE_S1.);
#432 = CIRCLE('',#433,1.5);
#433 = AXIS2_PLACEMENT_3D('',#434,#435,#436);
#434 = CARTESIAN_POINT('',(0.,0.,-3.));
#435 = DIRECTION('',(0.,0.,1.));
#436 = DIRECTION('',(1.,0.,0.));
#437 = PCURVE('',#277,#438);
#438 = DEFINITIONAL_REPRESENTATION('',(#439),#443);
#439 = LINE('',#440,#441);
#440 = CARTESIAN_POINT('',(0.,-0.5));
#441 = VECTOR('',#442,1.);
#442 = DIRECTION('',(1.,0.));
#443 = ( GEOMETRIC_REPRESENTATION_CONTEXT(2) 
PARAMETRIC_REPRESENTATION_CONTEXT() REPRESENTATION_CONTEXT('2D SPACE',''
  ) );
#444 = PCURVE('',#445,#450);
#445 = PLANE('',#446);
#446 = AXIS2_PLACEMENT_3D('',#447,#448,#449);
#447 = CARTESIAN_POINT('',(-8.546500828371E-17,5.272100442092E-17,-3.));
#448 = DIRECTION('',(0.,0.,1.));
#449 = DIRECTION('',(1.,0.,-0.));
#450 = DEFINITIONAL_REPRESENTATION('',(#451),#455);
#451 = CIRCLE('',#452,1.5);
#452 = AXIS2_PLACEMENT_2D('',#453,#454);
#453 = CARTESIAN_POINT('',(8.546500828371E-17,-5.272100442092E-17));
#454 = DIRECTION('',(1.,0.));
#455 = ( GEOMETRIC_REPRESENTATION_CONTEXT(2) 
PARAMETRIC_REPRESENTATION_CONTEXT() REPRESENTATION_CONTEXT('2D SPACE',''
  ) );
#456 = ORIENTED_EDGE('',*,*,#407,.F.);
#457 = ORIENTED_EDGE('',*,*,#260,.F.);
#458 = ADVANCED_FACE('',(#459),#385,.T.);
#459 = FACE_BOUND('',#460,.T.);
#460 = EDGE_LOOP('',(#461,#462,#485,#512));
#461 = ORIENTED_EDGE('',*,*,#368,.T.);
#462 = ORIENTED_EDGE('',*,*,#463,.T.);
#463 = EDGE_CURVE('',#369,#464,#466,.T.);
#464 = VERTEX_POINT('',#465);
#465 = CARTESIAN_POINT('',(3.85,0.,1.));
#466 = SEAM_CURVE('',#467,(#471,#478),.PCURVE_S1.);
#467 = LINE('',#468,#469);
#468 = CARTESIAN_POINT('',(3.85,0.,-1.5));
#469 = VECTOR('',#470,1.);
#470 = DIRECTION('',(0.,0.,1.));
#471 = PCURVE('',#385,#472);
#472 = DEFINITIONAL_REPRESENTATION('',(#473),#477);
#473 = LINE('',#474,#475);
#474 = CARTESIAN_POINT('',(6.28318530718,-1.5));
#475 = VECTOR('',#476,1.);
#476 = DIRECTION('',(-0.,1.));
#477 = ( GEOMETRIC_REPRESENTATION_CONTEXT(2) 
PARAMETRIC_REPRESENTATION_CONTEXT() REPRESENTATION_CONTEXT('2D SPACE',''
  ) );
#478 = PCURVE('',#385,#479);
#479 = DEFINITIONAL_REPRESENTATION('',(#480),#484);
#480 = LINE('',#481,#482);
#481 = CARTESIAN_POINT('',(0.,-1.5));
#482 = VECTOR('',#483,1.);
#483 = DIRECTION('',(-0.,1.));
#484 = ( GEOMETRIC_REPRESENTATION_CONTEXT(2) 
PARAMETRIC_REPRESENTATION_CONTEXT() REPRESENTATION_CONTEXT('2D SPACE',''
  ) );
#485 = ORIENTED_EDGE('',*,*,#486,.F.);
#486 = EDGE_CURVE('',#464,#464,#487,.T.);
#487 = SURFACE_CURVE('',#488,(#493,#500),.PCURVE_S1.);
#488 = CIRCLE('',#489,3.85);
#489 = AXIS2_PLACEMENT_3D('',#490,#491,#492);
#490 = CARTESIAN_POINT('',(0.,0.,1.));
#491 = DIRECTION('',(0.,0.,1.));
#492 = DIRECTION('',(1.,0.,0.));
#493 = PCURVE('',#385,#494);
#494 = DEFINITIONAL_REPRESENTATION('',(#495),#499);
#495 = LINE('',#496,#497);
#496 = CARTESIAN_POINT('',(-0.,1.));
#497 = VECTOR('',#498,1.);
#498 = DIRECTION('',(1.,-0.));
#499 = ( GEOMETRIC_REPRESENTATION_CONTEXT(2) 
PARAMETRIC_REPRESENTATION_CONTEXT() REPRESENTATION_CONTEXT('2D SPACE',''
  ) );
#500 = PCURVE('',#501,#506);
#501 = PLANE('',#502);
#502 = AXIS2_PLACEMENT_3D('',#503,#504,#505);
#503 = CARTESIAN_POINT('',(-2.663844414038E-16,1.980162493145E-16,1.));
#504 = DIRECTION('',(0.,0.,1.));
#505 = DIRECTION('',(1.,0.,-0.));
#506 = DEFINITIONAL_REPRESENTATION('',(#507),#511);
#507 = CIRCLE('',#508,3.85);
#508 = AXIS2_PLACEMENT_2D('',#509,#510);
#509 = CARTESIAN_POINT('',(2.663844414038E-16,-1.980162493145E-16));
#510 = DIRECTION('',(1.,0.));
#511 = ( GEOMETRIC_REPRESENTATION_CONTEXT(2) 
PARAMETRIC_REPRESENTATION_CONTEXT() REPRESENTATION_CONTEXT('2D SPACE',''
  ) );
#512 = ORIENTED_EDGE('',*,*,#463,.F.);
#513 = ADVANCED_FACE('',(#514),#445,.F.);
#514 = FACE_BOUND('',#515,.F.);
#515 = EDGE_LOOP('',(#516));
#516 = ORIENTED_EDGE('',*,*,#430,.T.);
#517 = ADVANCED_FACE('',(#518,#521),#501,.T.);
#518 = FACE_BOUND('',#519,.T.);
#519 = EDGE_LOOP('',(#520));
#520 = ORIENTED_EDGE('',*,*,#486,.T.);
#521 = FACE_BOUND('',#522,.T.);
#522 = EDGE_LOOP('',(#523));
#523 = ORIENTED_EDGE('',*,*,#524,.F.);
#524 = EDGE_CURVE('',#525,#525,#527,.T.);
#525 = VERTEX_POINT('',#526);
#526 = CARTESIAN_POINT('',(2.915733183952,-7.14148662179E-16,1.));
#527 = SURFACE_CURVE('',#528,(#533,#540),.PCURVE_S1.);
#528 = CIRCLE('',#529,2.915733183952);
#529 = AXIS2_PLACEMENT_3D('',#530,#531,#532);
#530 = CARTESIAN_POINT('',(0.,0.,1.));
#531 = DIRECTION('',(0.,0.,1.));
#532 = DIRECTION('',(1.,0.,-0.));
#533 = PCURVE('',#501,#534);
#534 = DEFINITIONAL_REPRESENTATION('',(#535),#539);
#535 = CIRCLE('',#536,2.915733183952);
#536 = AXIS2_PLACEMENT_2D('',#537,#538);
#537 = CARTESIAN_POINT('',(2.663844414038E-16,-1.980162493145E-16));
#538 = DIRECTION('',(1.,0.));
#539 = ( GEOMETRIC_REPRESENTATION_CONTEXT(2) 
PARAMETRIC_REPRESENTATION_CONTEXT() REPRESENTATION_CONTEXT('2D SPACE',''
  ) );
#540 = PCURVE('',#541,#546);
#541 = SPHERICAL_SURFACE('',#542,12.32);
#542 = AXIS2_PLACEMENT_3D('',#543,#544,#545);
#543 = CARTESIAN_POINT('',(0.,0.,12.97));
#544 = DIRECTION('',(0.,0.,1.));
#545 = DIRECTION('',(1.,0.,0.));
#546 = DEFINITIONAL_REPRESENTATION('',(#547),#551);
#547 = LINE('',#548,#549);
#548 = CARTESIAN_POINT('',(0.,-1.331862728963));
#549 = VECTOR('',#550,1.);
#550 = DIRECTION('',(1.,0.));
#551 = ( GEOMETRIC_REPRESENTATION_CONTEXT(2) 
PARAMETRIC_REPRESENTATION_CONTEXT() REPRESENTATION_CONTEXT('2D SPACE',''
  ) );
#552 = ADVANCED_FACE('',(#553),#541,.F.);
#553 = FACE_BOUND('',#554,.F.);
#554 = EDGE_LOOP('',(#555,#579,#580,#581,#620,#668,#710,#773,#830,#887,
    #959,#993,#1044,#1101,#1173,#1230,#1299,#1452,#1476,#1477,#1659,
    #1758,#1803,#1842,#1891,#1924,#1973,#2015,#2102));
#555 = ORIENTED_EDGE('',*,*,#556,.T.);
#556 = EDGE_CURVE('',#557,#525,#559,.T.);
#557 = VERTEX_POINT('',#558);
#558 = CARTESIAN_POINT('',(0.39547772499,-9.686410600857E-17,
    0.656349145398));
#559 = SEAM_CURVE('',#560,(#565,#572),.PCURVE_S1.);
#560 = CIRCLE('',#561,12.32);
#561 = AXIS2_PLACEMENT_3D('',#562,#563,#564);
#562 = CARTESIAN_POINT('',(0.,0.,12.97));
#563 = DIRECTION('',(-2.449293598295E-16,-1.,0.));
#564 = DIRECTION('',(1.,-2.449293598295E-16,0.));
#565 = PCURVE('',#541,#566);
#566 = DEFINITIONAL_REPRESENTATION('',(#567),#571);
#567 = LINE('',#568,#569);
#568 = CARTESIAN_POINT('',(6.28318530718,-6.28318530718));
#569 = VECTOR('',#570,1.);
#570 = DIRECTION('',(0.,1.));
#571 = ( GEOMETRIC_REPRESENTATION_CONTEXT(2) 
PARAMETRIC_REPRESENTATION_CONTEXT() REPRESENTATION_CONTEXT('2D SPACE',''
  ) );
#572 = PCURVE('',#541,#573);
#573 = DEFINITIONAL_REPRESENTATION('',(#574),#578);
#574 = LINE('',#575,#576);
#575 = CARTESIAN_POINT('',(0.,-6.28318530718));
#576 = VECTOR('',#577,1.);
#577 = DIRECTION('',(0.,1.));
#578 = ( GEOMETRIC_REPRESENTATION_CONTEXT(2) 
PARAMETRIC_REPRESENTATION_CONTEXT() REPRESENTATION_CONTEXT('2D SPACE',''
  ) );
#579 = ORIENTED_EDGE('',*,*,#524,.F.);
#580 = ORIENTED_EDGE('',*,*,#556,.F.);
#581 = ORIENTED_EDGE('',*,*,#582,.T.);
#582 = EDGE_CURVE('',#557,#583,#585,.T.);
#583 = VERTEX_POINT('',#584);
#584 = CARTESIAN_POINT('',(0.4453125,5.3466796875E-02,0.65816674581));
#585 = SURFACE_CURVE('',#586,(#593,#603),.PCURVE_S1.);
#586 = B_SPLINE_CURVE_WITH_KNOTS('',5,(#587,#588,#589,#590,#591,#592),
  .UNSPECIFIED.,.F.,.F.,(6,6),(0.,1.),.PIECEWISE_BEZIER_KNOTS.);
#587 = CARTESIAN_POINT('',(0.39547772499,-3.15647489623E-15,
    0.656349145398));
#588 = CARTESIAN_POINT('',(0.405831079643,1.066673251334E-02,
    0.656681664258));
#589 = CARTESIAN_POINT('',(0.416086350406,2.141925436702E-02,
    0.657033471697));
#590 = CARTESIAN_POINT('',(0.426148223336,3.218636522626E-02,
    0.657401494045));
#591 = CARTESIAN_POINT('',(0.435918627815,4.289165932552E-02,
    0.657781049599));
#592 = CARTESIAN_POINT('',(0.4453125,5.3466796875E-02,0.65816674581));
#593 = PCURVE('',#541,#594);
#594 = DEFINITIONAL_REPRESENTATION('',(#595),#602);
#595 = B_SPLINE_CURVE_WITH_KNOTS('',5,(#596,#597,#598,#599,#600,#601),
  .UNSPECIFIED.,.F.,.F.,(6,6),(0.,1.),.PIECEWISE_BEZIER_KNOTS.);
#596 = CARTESIAN_POINT('',(0.,-1.538690346613));
#597 = CARTESIAN_POINT('',(2.697176563767E-02,-1.537849543607));
#598 = CARTESIAN_POINT('',(5.239517054675E-02,-1.536987471098));
#599 = CARTESIAN_POINT('',(7.624466290675E-02,-1.536114755635));
#600 = CARTESIAN_POINT('',(9.858037627071E-02,-1.53524313322));
#601 = CARTESIAN_POINT('',(0.119493781067,-1.534383184636));
#602 = ( GEOMETRIC_REPRESENTATION_CONTEXT(2) 
PARAMETRIC_REPRESENTATION_CONTEXT() REPRESENTATION_CONTEXT('2D SPACE',''
  ) );
#603 = PCURVE('',#604,#611);
#604 = SURFACE_OF_LINEAR_EXTRUSION('',#605,#609);
#605 = B_SPLINE_CURVE_WITH_KNOTS('',2,(#606,#607,#608),.UNSPECIFIED.,.F.
  ,.F.,(3,3),(0.,1.),.PIECEWISE_BEZIER_KNOTS.);
#606 = CARTESIAN_POINT('',(0.4453125,5.3466796875E-02,0.5));
#607 = CARTESIAN_POINT('',(0.322998046875,-8.4228515625E-02,0.5));
#608 = CARTESIAN_POINT('',(3.8818359375E-02,-0.324462890625,0.5));
#609 = VECTOR('',#610,1.);
#610 = DIRECTION('',(-0.,-0.,-1.));
#611 = DEFINITIONAL_REPRESENTATION('',(#612),#619);
#612 = B_SPLINE_CURVE_WITH_KNOTS('',5,(#613,#614,#615,#616,#617,#618),
  .UNSPECIFIED.,.F.,.F.,(6,6),(0.,1.),.PIECEWISE_BEZIER_KNOTS.);
#613 = CARTESIAN_POINT('',(0.181837540531,-0.156349145398));
#614 = CARTESIAN_POINT('',(0.147723812674,-0.156681664258));
#615 = CARTESIAN_POINT('',(0.112381706074,-0.157033471697));
#616 = CARTESIAN_POINT('',(7.590107519805E-02,-0.157401494045));
#617 = CARTESIAN_POINT('',(3.840049947047E-02,-0.157781049599));
#618 = CARTESIAN_POINT('',(0.,-0.15816674581));
#619 = ( GEOMETRIC_REPRESENTATION_CONTEXT(2) 
PARAMETRIC_REPRESENTATION_CONTEXT() REPRESENTATION_CONTEXT('2D SPACE',''
  ) );
#620 = ORIENTED_EDGE('',*,*,#621,.T.);
#621 = EDGE_CURVE('',#583,#622,#624,.T.);
#622 = VERTEX_POINT('',#623);
#623 = CARTESIAN_POINT('',(0.620361328125,0.315673828125,0.669678790503)
  );
#624 = SURFACE_CURVE('',#625,(#635,#648),.PCURVE_S1.);
#625 = B_SPLINE_CURVE_WITH_KNOTS('',8,(#626,#627,#628,#629,#630,#631,
    #632,#633,#634),.UNSPECIFIED.,.F.,.F.,(9,9),(0.,1.),
  .PIECEWISE_BEZIER_KNOTS.);
#626 = CARTESIAN_POINT('',(0.4453125,5.3466796875E-02,0.65816674581));
#627 = CARTESIAN_POINT('',(0.473668986612,8.538906922857E-02,
    0.659331014307));
#628 = CARTESIAN_POINT('',(0.500930333515,0.118079249307,0.66062836129)
  );
#629 = CARTESIAN_POINT('',(0.526565585585,0.151197056741,0.662036065875)
  );
#630 = CARTESIAN_POINT('',(0.550156747892,0.184440662248,0.66352281668)
  );
#631 = CARTESIAN_POINT('',(0.571455890675,0.21760893558,0.665056056862)
  );
#632 = CARTESIAN_POINT('',(0.590310593885,0.250571192616,0.666607737138)
  );
#633 = CARTESIAN_POINT('',(0.606634497376,0.283263255523,0.66815470311)
  );
#634 = CARTESIAN_POINT('',(0.620361328125,0.315673828125,0.669678790503)
  );
#635 = PCURVE('',#541,#636);
#636 = DEFINITIONAL_REPRESENTATION('',(#637),#647);
#637 = B_SPLINE_CURVE_WITH_KNOTS('',8,(#638,#639,#640,#641,#642,#643,
    #644,#645,#646),.UNSPECIFIED.,.F.,.F.,(9,9),(0.,1.),
  .PIECEWISE_BEZIER_KNOTS.);
#638 = CARTESIAN_POINT('',(0.119493781067,-1.534383184636));
#639 = CARTESIAN_POINT('',(0.182623305447,-1.531787330656));
#640 = CARTESIAN_POINT('',(0.237461564722,-1.529106151165));
#641 = CARTESIAN_POINT('',(0.285554091141,-1.526414695845));
#642 = CARTESIAN_POINT('',(0.32859712908,-1.523773580082));
#643 = CARTESIAN_POINT('',(0.367776268755,-1.521219744312));
#644 = CARTESIAN_POINT('',(0.404047998798,-1.518776824066));
#645 = CARTESIAN_POINT('',(0.438150845524,-1.516457524863));
#646 = CARTESIAN_POINT('',(0.470706315294,-1.514267929765));
#647 = ( GEOMETRIC_REPRESENTATION_CONTEXT(2) 
PARAMETRIC_REPRESENTATION_CONTEXT() REPRESENTATION_CONTEXT('2D SPACE',''
  ) );
#648 = PCURVE('',#649,#656);
#649 = SURFACE_OF_LINEAR_EXTRUSION('',#650,#654);
#650 = B_SPLINE_CURVE_WITH_KNOTS('',2,(#651,#652,#653),.UNSPECIFIED.,.F.
  ,.F.,(3,3),(0.,1.),.PIECEWISE_BEZIER_KNOTS.);
#651 = CARTESIAN_POINT('',(0.620361328125,0.315673828125,0.5));
#652 = CARTESIAN_POINT('',(0.567626953125,0.191162109375,0.5));
#653 = CARTESIAN_POINT('',(0.4453125,5.3466796875E-02,0.5));
#654 = VECTOR('',#655,1.);
#655 = DIRECTION('',(-0.,-0.,-1.));
#656 = DEFINITIONAL_REPRESENTATION('',(#657),#667);
#657 = B_SPLINE_CURVE_WITH_KNOTS('',8,(#658,#659,#660,#661,#662,#663,
    #664,#665,#666),.UNSPECIFIED.,.F.,.F.,(9,9),(0.,1.),
  .PIECEWISE_BEZIER_KNOTS.);
#658 = CARTESIAN_POINT('',(1.,-0.15816674581));
#659 = CARTESIAN_POINT('',(0.88408366351,-0.159331014307));
#660 = CARTESIAN_POINT('',(0.763908645696,-0.16062836129));
#661 = CARTESIAN_POINT('',(0.640521394631,-0.162036065875));
#662 = CARTESIAN_POINT('',(0.514893925484,-0.16352281668));
#663 = CARTESIAN_POINT('',(0.387699282964,-0.165056056862));
#664 = CARTESIAN_POINT('',(0.259381950936,-0.166607737138));
#665 = CARTESIAN_POINT('',(0.130150691548,-0.16815470311));
#666 = CARTESIAN_POINT('',(0.,-0.169678790503));
#667 = ( GEOMETRIC_REPRESENTATION_CONTEXT(2) 
PARAMETRIC_REPRESENTATION_CONTEXT() REPRESENTATION_CONTEXT('2D SPACE',''
  ) );
#668 = ORIENTED_EDGE('',*,*,#669,.T.);
#669 = EDGE_CURVE('',#622,#670,#672,.T.);
#670 = VERTEX_POINT('',#671);
#671 = CARTESIAN_POINT('',(0.673095703125,0.569091796875,0.681571430766)
  );
#672 = SURFACE_CURVE('',#673,(#681,#692),.PCURVE_S1.);
#673 = B_SPLINE_CURVE_WITH_KNOTS('',6,(#674,#675,#676,#677,#678,#679,
    #680),.UNSPECIFIED.,.F.,.F.,(7,7),(0.,1.),.PIECEWISE_BEZIER_KNOTS.);
#674 = CARTESIAN_POINT('',(0.620361328125,0.315673828125,0.669678790503)
  );
#675 = CARTESIAN_POINT('',(0.637828454004,0.356915653116,0.671618162148)
  );
#676 = CARTESIAN_POINT('',(0.651903342534,0.398633665911,0.673594741064)
  );
#677 = CARTESIAN_POINT('',(0.662495079406,0.440756884687,0.675587623266)
  );
#678 = CARTESIAN_POINT('',(0.669563964541,0.48323464746,0.677583343681)
  );
#679 = CARTESIAN_POINT('',(0.673095703125,0.526024480834,0.679576931947)
  );
#680 = CARTESIAN_POINT('',(0.673095703125,0.569091796875,0.681571430766)
  );
#681 = PCURVE('',#541,#682);
#682 = DEFINITIONAL_REPRESENTATION('',(#683),#691);
#683 = B_SPLINE_CURVE_WITH_KNOTS('',6,(#684,#685,#686,#687,#688,#689,
    #690),.UNSPECIFIED.,.F.,.F.,(7,7),(0.,1.),.PIECEWISE_BEZIER_KNOTS.);
#684 = CARTESIAN_POINT('',(0.470706315294,-1.514267929765));
#685 = CARTESIAN_POINT('',(0.51213251912,-1.511481712473));
#686 = CARTESIAN_POINT('',(0.551483865404,-1.50880667335));
#687 = CARTESIAN_POINT('',(0.589681367819,-1.506248083612));
#688 = CARTESIAN_POINT('',(0.627245006782,-1.503800503807));
#689 = CARTESIAN_POINT('',(0.664554749395,-1.501453094551));
#690 = CARTESIAN_POINT('',(0.701866573375,-1.499190302154));
#691 = ( GEOMETRIC_REPRESENTATION_CONTEXT(2) 
PARAMETRIC_REPRESENTATION_CONTEXT() REPRESENTATION_CONTEXT('2D SPACE',''
  ) );
#692 = PCURVE('',#693,#700);
#693 = SURFACE_OF_LINEAR_EXTRUSION('',#694,#698);
#694 = B_SPLINE_CURVE_WITH_KNOTS('',2,(#695,#696,#697),.UNSPECIFIED.,.F.
  ,.F.,(3,3),(0.,1.),.PIECEWISE_BEZIER_KNOTS.);
#695 = CARTESIAN_POINT('',(0.673095703125,0.569091796875,0.5));
#696 = CARTESIAN_POINT('',(0.673095703125,0.440185546875,0.5));
#697 = CARTESIAN_POINT('',(0.620361328125,0.315673828125,0.5));
#698 = VECTOR('',#699,1.);
#699 = DIRECTION('',(-0.,-0.,-1.));
#700 = DEFINITIONAL_REPRESENTATION('',(#701),#709);
#701 = B_SPLINE_CURVE_WITH_KNOTS('',6,(#702,#703,#704,#705,#706,#707,
    #708),.UNSPECIFIED.,.F.,.F.,(7,7),(0.,1.),.PIECEWISE_BEZIER_KNOTS.);
#702 = CARTESIAN_POINT('',(1.,-0.169678790503));
#703 = CARTESIAN_POINT('',(0.834385769447,-0.171618162148));
#704 = CARTESIAN_POINT('',(0.668020988171,-0.173594741064));
#705 = CARTESIAN_POINT('',(0.501210366054,-0.175587623266));
#706 = CARTESIAN_POINT('',(0.334163242525,-0.177583343681));
#707 = CARTESIAN_POINT('',(0.167048983434,-0.179576931947));
#708 = CARTESIAN_POINT('',(0.,-0.181571430766));
#709 = ( GEOMETRIC_REPRESENTATION_CONTEXT(2) 
PARAMETRIC_REPRESENTATION_CONTEXT() REPRESENTATION_CONTEXT('2D SPACE',''
  ) );
#710 = ORIENTED_EDGE('',*,*,#711,.T.);
#711 = EDGE_CURVE('',#670,#712,#714,.T.);
#712 = VERTEX_POINT('',#713);
#713 = CARTESIAN_POINT('',(0.492919921875,0.993896484375,0.700052985894)
  );
#714 = SURFACE_CURVE('',#715,(#730,#748),.PCURVE_S1.);
#715 = B_SPLINE_CURVE_WITH_KNOTS('',5,(#716,#717,#718,#719,#720,#721,
    #722,#723,#724,#725,#726,#727,#728,#729),.UNSPECIFIED.,.F.,.F.,(6,4,
    4,6),(0.,0.190010794717,0.564058026268,1.),.UNSPECIFIED.);
#716 = CARTESIAN_POINT('',(0.673095703125,0.569091796875,0.681571430766)
  );
#717 = CARTESIAN_POINT('',(0.673095703125,0.587967194502,0.682445572963)
  );
#718 = CARTESIAN_POINT('',(0.672470956385,0.606663207804,0.683313514933)
  );
#719 = CARTESIAN_POINT('',(0.67120761233,0.625158948119,0.684172116552)
  );
#720 = CARTESIAN_POINT('',(0.669295388218,0.64343584552,0.685018649227)
  );
#721 = CARTESIAN_POINT('',(0.661672668889,0.696993981392,0.687488924715)
  );
#722 = CARTESIAN_POINT('',(0.65407712961,0.731599289342,0.689071347653)
  );
#723 = CARTESIAN_POINT('',(0.643889330033,0.76516862961,0.690580461107)
  );
#724 = CARTESIAN_POINT('',(0.631109566896,0.797608986892,0.692006126679)
  );
#725 = CARTESIAN_POINT('',(0.597919207447,0.86526808962,0.694909315326)
  );
#726 = CARTESIAN_POINT('',(0.57659527845,0.900059471846,0.696356435277)
  );
#727 = CARTESIAN_POINT('',(0.551881489293,0.933120438614,0.697685351524)
  );
#728 = CARTESIAN_POINT('',(0.523926521914,0.964402401411,0.698909517672)
  );
#729 = CARTESIAN_POINT('',(0.492919921875,0.993896484375,0.700052985894)
  );
#730 = PCURVE('',#541,#731);
#731 = DEFINITIONAL_REPRESENTATION('',(#732),#747);
#732 = B_SPLINE_CURVE_WITH_KNOTS('',5,(#733,#734,#735,#736,#737,#738,
    #739,#740,#741,#742,#743,#744,#745,#746),.UNSPECIFIED.,.F.,.F.,(6,4,
    4,6),(0.,0.190010794717,0.564058026268,1.),.UNSPECIFIED.);
#733 = CARTESIAN_POINT('',(0.701866573375,-1.499190302154));
#734 = CARTESIAN_POINT('',(0.718219473406,-1.498198573155));
#735 = CARTESIAN_POINT('',(0.734309374279,-1.497231029334));
#736 = CARTESIAN_POINT('',(0.750183160318,-1.496289513959));
#737 = CARTESIAN_POINT('',(0.765882839115,-1.495375346049));
#738 = CARTESIAN_POINT('',(0.81208162073,-1.492745127646));
#739 = CARTESIAN_POINT('',(0.842187136433,-1.491110000964));
#740 = CARTESIAN_POINT('',(0.872045490879,-1.489590134446));
#741 = CARTESIAN_POINT('',(0.90187282165,-1.488184360968));
#742 = CARTESIAN_POINT('',(0.966751956257,-1.485372727304));
#743 = CARTESIAN_POINT('',(1.001852653473,-1.48400529463));
#744 = CARTESIAN_POINT('',(1.037393603422,-1.482773140551));
#745 = CARTESIAN_POINT('',(1.07354594547,-1.481655005123));
#746 = CARTESIAN_POINT('',(1.110396418215,-1.480624309793));
#747 = ( GEOMETRIC_REPRESENTATION_CONTEXT(2) 
PARAMETRIC_REPRESENTATION_CONTEXT() REPRESENTATION_CONTEXT('2D SPACE',''
  ) );
#748 = PCURVE('',#749,#756);
#749 = SURFACE_OF_LINEAR_EXTRUSION('',#750,#754);
#750 = B_SPLINE_CURVE_WITH_KNOTS('',2,(#751,#752,#753),.UNSPECIFIED.,.F.
  ,.F.,(3,3),(0.,1.),.PIECEWISE_BEZIER_KNOTS.);
#751 = CARTESIAN_POINT('',(0.492919921875,0.993896484375,0.5));
#752 = CARTESIAN_POINT('',(0.673095703125,0.822509765625,0.5));
#753 = CARTESIAN_POINT('',(0.673095703125,0.569091796875,0.5));
#754 = VECTOR('',#755,1.);
#755 = DIRECTION('',(-0.,-0.,-1.));
#756 = DEFINITIONAL_REPRESENTATION('',(#757),#772);
#757 = B_SPLINE_CURVE_WITH_KNOTS('',5,(#758,#759,#760,#761,#762,#763,
    #764,#765,#766,#767,#768,#769,#770,#771),.UNSPECIFIED.,.F.,.F.,(6,4,
    4,6),(0.,0.190010794717,0.564058026268,1.),.UNSPECIFIED.);
#758 = CARTESIAN_POINT('',(1.,-0.181571430766));
#759 = CARTESIAN_POINT('',(0.962758367688,-0.182445572963));
#760 = CARTESIAN_POINT('',(0.92530946275,-0.183313514933));
#761 = CARTESIAN_POINT('',(0.887682057239,-0.184172116552));
#762 = CARTESIAN_POINT('',(0.849903553222,-0.185018649227));
#763 = CARTESIAN_POINT('',(0.737384613633,-0.187488924715));
#764 = CARTESIAN_POINT('',(0.662284493776,-0.189071347653));
#765 = CARTESIAN_POINT('',(0.586899768235,-0.190580461107));
#766 = CARTESIAN_POINT('',(0.511414225091,-0.192006126679));
#767 = CARTESIAN_POINT('',(0.348106624811,-0.194909315326));
#768 = CARTESIAN_POINT('',(0.26030733038,-0.196356435277));
#769 = CARTESIAN_POINT('',(0.172877118876,-0.197685351524));
#770 = CARTESIAN_POINT('',(8.604541582708E-02,-0.198909517672));
#771 = CARTESIAN_POINT('',(0.,-0.200052985894));
#772 = ( GEOMETRIC_REPRESENTATION_CONTEXT(2) 
PARAMETRIC_REPRESENTATION_CONTEXT() REPRESENTATION_CONTEXT('2D SPACE',''
  ) );
#773 = ORIENTED_EDGE('',*,*,#774,.T.);
#774 = EDGE_CURVE('',#712,#775,#777,.T.);
#775 = VERTEX_POINT('',#776);
#776 = CARTESIAN_POINT('',(3.662109375E-03,1.165283203125,0.705233322828
    ));
#777 = SURFACE_CURVE('',#778,(#791,#807),.PCURVE_S1.);
#778 = B_SPLINE_CURVE_WITH_KNOTS('',6,(#779,#780,#781,#782,#783,#784,
    #785,#786,#787,#788,#789,#790),.UNSPECIFIED.,.F.,.F.,(7,5,7),(0.,
    0.136868801673,1.),.UNSPECIFIED.);
#779 = CARTESIAN_POINT('',(0.492919921875,0.993896484375,0.700052985894)
  );
#780 = CARTESIAN_POINT('',(0.484523272256,1.00188354133,0.700362639387)
  );
#781 = CARTESIAN_POINT('',(0.47595150797,1.009654058093,0.700660861584)
  );
#782 = CARTESIAN_POINT('',(0.467205994269,1.017205518462,0.700947406283)
  );
#783 = CARTESIAN_POINT('',(0.458288331429,1.02453575232,0.701222093291)
  );
#784 = CARTESIAN_POINT('',(0.449200354749,1.031642935632,0.701484808419)
  );
#785 = CARTESIAN_POINT('',(0.381571939201,1.08192944896,0.70331645349));
#786 = CARTESIAN_POINT('',(0.316496205978,1.116413692966,0.704419947633)
  );
#787 = CARTESIAN_POINT('',(0.245265368035,1.141571446918,0.70503109238)
  );
#788 = CARTESIAN_POINT('',(0.168740175643,1.157643297671,0.705250955264)
  );
#789 = CARTESIAN_POINT('',(8.790796574544E-02,1.165283203125,
    0.705258477611));
#790 = CARTESIAN_POINT('',(3.662109375E-03,1.165283203125,0.705233322828
    ));
#791 = PCURVE('',#541,#792);
#792 = DEFINITIONAL_REPRESENTATION('',(#793),#806);
#793 = B_SPLINE_CURVE_WITH_KNOTS('',6,(#794,#795,#796,#797,#798,#799,
    #800,#801,#802,#803,#804,#805),.UNSPECIFIED.,.F.,.F.,(7,5,7),(0.,
    0.136868801673,1.),.UNSPECIFIED.);
#794 = CARTESIAN_POINT('',(1.110396418215,-1.480624309793));
#795 = CARTESIAN_POINT('',(1.12037560031,-1.480345195426));
#796 = CARTESIAN_POINT('',(1.130335532876,-1.480077419307));
#797 = CARTESIAN_POINT('',(1.140281808573,-1.47982104455));
#798 = CARTESIAN_POINT('',(1.150219840571,-1.479576086127));
#799 = CARTESIAN_POINT('',(1.160154862551,-1.479342510867));
#800 = CARTESIAN_POINT('',(1.232757720449,-1.477718522015));
#801 = CARTESIAN_POINT('',(1.295518493848,-1.476765950796));
#802 = CARTESIAN_POINT('',(1.359600069528,-1.476243719859));
#803 = CARTESIAN_POINT('',(1.426009753075,-1.476054295021));
#804 = CARTESIAN_POINT('',(1.495357908551,-1.476047994635));
#805 = CARTESIAN_POINT('',(1.56765365958,-1.476069581369));
#806 = ( GEOMETRIC_REPRESENTATION_CONTEXT(2) 
PARAMETRIC_REPRESENTATION_CONTEXT() REPRESENTATION_CONTEXT('2D SPACE',''
  ) );
#807 = PCURVE('',#808,#815);
#808 = SURFACE_OF_LINEAR_EXTRUSION('',#809,#813);
#809 = B_SPLINE_CURVE_WITH_KNOTS('',2,(#810,#811,#812),.UNSPECIFIED.,.F.
  ,.F.,(3,3),(0.,1.),.PIECEWISE_BEZIER_KNOTS.);
#810 = CARTESIAN_POINT('',(3.662109375E-03,1.165283203125,0.5));
#811 = CARTESIAN_POINT('',(0.312744140625,1.165283203125,0.5));
#812 = CARTESIAN_POINT('',(0.492919921875,0.993896484375,0.5));
#813 = VECTOR('',#814,1.);
#814 = DIRECTION('',(-0.,-0.,-1.));
#815 = DEFINITIONAL_REPRESENTATION('',(#816),#829);
#816 = B_SPLINE_CURVE_WITH_KNOTS('',6,(#817,#818,#819,#820,#821,#822,
    #823,#824,#825,#826,#827,#828),.UNSPECIFIED.,.F.,.F.,(7,5,7),(0.,
    0.136868801673,1.),.UNSPECIFIED.);
#817 = CARTESIAN_POINT('',(1.,-0.200052985894));
#818 = CARTESIAN_POINT('',(0.976698728428,-0.200362639387));
#819 = CARTESIAN_POINT('',(0.953377645239,-0.200660861584));
#820 = CARTESIAN_POINT('',(0.93004202052,-0.200947406283));
#821 = CARTESIAN_POINT('',(0.906697083469,-0.201222093291));
#822 = CARTESIAN_POINT('',(0.883348022388,-0.201484808419));
#823 = CARTESIAN_POINT('',(0.712761026547,-0.20331645349));
#824 = CARTESIAN_POINT('',(0.5655305322,-0.204419947633));
#825 = CARTESIAN_POINT('',(0.419690754767,-0.20503109238));
#826 = CARTESIAN_POINT('',(0.276341395926,-0.205250955264));
#827 = CARTESIAN_POINT('',(0.136283976182,-0.205258477611));
#828 = CARTESIAN_POINT('',(0.,-0.205233322828));
#829 = ( GEOMETRIC_REPRESENTATION_CONTEXT(2) 
PARAMETRIC_REPRESENTATION_CONTEXT() REPRESENTATION_CONTEXT('2D SPACE',''
  ) );
#830 = ORIENTED_EDGE('',*,*,#831,.T.);
#831 = EDGE_CURVE('',#775,#832,#834,.T.);
#832 = VERTEX_POINT('',#833);
#833 = CARTESIAN_POINT('',(-0.484130859375,1.00634765625,0.700717962906)
  );
#834 = SURFACE_CURVE('',#835,(#848,#864),.PCURVE_S1.);
#835 = B_SPLINE_CURVE_WITH_KNOTS('',6,(#836,#837,#838,#839,#840,#841,
    #842,#843,#844,#845,#846,#847),.UNSPECIFIED.,.F.,.F.,(7,5,7),(0.,
    0.931791803172,1.),.UNSPECIFIED.);
#836 = CARTESIAN_POINT('',(3.662109375E-03,1.165283203125,0.705233322828
    ));
#837 = CARTESIAN_POINT('',(-8.638253640639E-02,1.165283203125,
    0.705206436598));
#838 = CARTESIAN_POINT('',(-0.172554571954,1.157033771505,0.705189950282
    ));
#839 = CARTESIAN_POINT('',(-0.25384633001,1.139646525125,0.704973670617)
  );
#840 = CARTESIAN_POINT('',(-0.329123797876,1.112374528531,0.704344303223
    ));
#841 = CARTESIAN_POINT('',(-0.397405402513,1.074941714143,0.703179902541
    ));
#842 = CARTESIAN_POINT('',(-0.462533311054,1.02437048448,0.70137498765)
  );
#843 = CARTESIAN_POINT('',(-0.46693493644,1.020869137764,0.701249101689)
  );
#844 = CARTESIAN_POINT('',(-0.471295707644,1.017315985485,0.701120445284
    ));
#845 = CARTESIAN_POINT('',(-0.47561541476,1.013711214631,0.700989027576)
  );
#846 = CARTESIAN_POINT('',(-0.479893860335,1.01005503041,0.700854861325)
  );
#847 = CARTESIAN_POINT('',(-0.484130859375,1.00634765625,0.700717962906)
  );
#848 = PCURVE('',#541,#849);
#849 = DEFINITIONAL_REPRESENTATION('',(#850),#863);
#850 = B_SPLINE_CURVE_WITH_KNOTS('',6,(#851,#852,#853,#854,#855,#856,
    #857,#858,#859,#860,#861,#862),.UNSPECIFIED.,.F.,.F.,(7,5,7),(0.,
    0.931791803172,1.),.UNSPECIFIED.);
#851 = CARTESIAN_POINT('',(1.56765365958,-1.476069581369));
#852 = CARTESIAN_POINT('',(1.6449256534,-1.476092653956));
#853 = CARTESIAN_POINT('',(1.71889823803,-1.476106587595));
#854 = CARTESIAN_POINT('',(1.789489469343,-1.476293227633));
#855 = CARTESIAN_POINT('',(1.857383228832,-1.476831099941));
#856 = CARTESIAN_POINT('',(1.923756462882,-1.477836407616));
#857 = CARTESIAN_POINT('',(1.994915552847,-1.479440373402));
#858 = CARTESIAN_POINT('',(1.999768902233,-1.479552400511));
#859 = CARTESIAN_POINT('',(2.004622555868,-1.479667060312));
#860 = CARTESIAN_POINT('',(2.009477112197,-1.479784359403));
#861 = CARTESIAN_POINT('',(2.014333180041,-1.479904301778));
#862 = CARTESIAN_POINT('',(2.019191378594,-1.480026888832));
#863 = ( GEOMETRIC_REPRESENTATION_CONTEXT(2) 
PARAMETRIC_REPRESENTATION_CONTEXT() REPRESENTATION_CONTEXT('2D SPACE',''
  ) );
#864 = PCURVE('',#865,#872);
#865 = SURFACE_OF_LINEAR_EXTRUSION('',#866,#870);
#866 = B_SPLINE_CURVE_WITH_KNOTS('',2,(#867,#868,#869),.UNSPECIFIED.,.F.
  ,.F.,(3,3),(0.,1.),.PIECEWISE_BEZIER_KNOTS.);
#867 = CARTESIAN_POINT('',(-0.484130859375,1.00634765625,0.5));
#868 = CARTESIAN_POINT('',(-0.302490234375,1.165283203125,0.5));
#869 = CARTESIAN_POINT('',(3.662109375E-03,1.165283203125,0.5));
#870 = VECTOR('',#871,1.);
#871 = DIRECTION('',(-0.,-0.,-1.));
#872 = DEFINITIONAL_REPRESENTATION('',(#873),#886);
#873 = B_SPLINE_CURVE_WITH_KNOTS('',6,(#874,#875,#876,#877,#878,#879,
    #880,#881,#882,#883,#884,#885),.UNSPECIFIED.,.F.,.F.,(7,5,7),(0.,
    0.931791803172,1.),.UNSPECIFIED.);
#874 = CARTESIAN_POINT('',(1.,-0.205233322828));
#875 = CARTESIAN_POINT('',(0.852941439745,-0.205206436598));
#876 = CARTESIAN_POINT('',(0.701652831632,-0.205189950282));
#877 = CARTESIAN_POINT('',(0.546643234148,-0.204973670617));
#878 = CARTESIAN_POINT('',(0.388809024381,-0.204344303223));
#879 = CARTESIAN_POINT('',(0.229400068473,-0.203179902541));
#880 = CARTESIAN_POINT('',(5.833176750884E-02,-0.20137498765));
#881 = CARTESIAN_POINT('',(4.666336769662E-02,-0.201249101689));
#882 = CARTESIAN_POINT('',(3.499540750006E-02,-0.201120445284));
#883 = CARTESIAN_POINT('',(2.332846897372E-02,-0.200989027576));
#884 = CARTESIAN_POINT('',(1.166313714218E-02,-0.200854861325));
#885 = CARTESIAN_POINT('',(0.,-0.200717962906));
#886 = ( GEOMETRIC_REPRESENTATION_CONTEXT(2) 
PARAMETRIC_REPRESENTATION_CONTEXT() REPRESENTATION_CONTEXT('2D SPACE',''
  ) );
#887 = ORIENTED_EDGE('',*,*,#888,.T.);
#888 = EDGE_CURVE('',#832,#889,#891,.T.);
#889 = VERTEX_POINT('',#890);
#890 = CARTESIAN_POINT('',(-0.693603515625,0.544189453125,0.681583828572
    ));
#891 = SURFACE_CURVE('',#892,(#910,#931),.PCURVE_S1.);
#892 = B_SPLINE_CURVE_WITH_KNOTS('',6,(#893,#894,#895,#896,#897,#898,
    #899,#900,#901,#902,#903,#904,#905,#906,#907,#908,#909),
  .UNSPECIFIED.,.F.,.F.,(7,5,5,7),(0.,9.146210613132E-02,0.559691650247,
    1.),.UNSPECIFIED.);
#893 = CARTESIAN_POINT('',(-0.484130859375,1.00634765625,0.700717962906)
  );
#894 = CARTESIAN_POINT('',(-0.489817177342,1.001372128029,0.700534236657
    ));
#895 = CARTESIAN_POINT('',(-0.495415796374,0.996309357724,0.700345481191
    ));
#896 = CARTESIAN_POINT('',(-0.500926026848,0.991159650532,0.700151670937
    ));
#897 = CARTESIAN_POINT('',(-0.50634722915,0.985923371407,0.699952793097)
  );
#898 = CARTESIAN_POINT('',(-0.511678813668,0.980600945067,0.699748847646
    ));
#899 = CARTESIAN_POINT('',(-0.543753113322,0.94750677713,0.698469894677)
  );
#900 = CARTESIAN_POINT('',(-0.568223731299,0.917575155785,0.697267496146
    ));
#901 = CARTESIAN_POINT('',(-0.590258219834,0.885463859395,0.695934159262
    ));
#902 = CARTESIAN_POINT('',(-0.609822351885,0.851279284633,0.694480964053
    ));
#903 = CARTESIAN_POINT('',(-0.626922070268,0.815168100691,0.69292703431)
  );
#904 = CARTESIAN_POINT('',(-0.655410444093,0.741722999906,0.689766124467
    ));
#905 = CARTESIAN_POINT('',(-0.667078703239,0.704590570759,0.688167800157
    ));
#906 = CARTESIAN_POINT('',(-0.676648263148,0.666072750363,0.686524050687
    ));
#907 = CARTESIAN_POINT('',(-0.684188103696,0.626353578086,0.68486052452)
  );
#908 = CARTESIAN_POINT('',(-0.689798090095,0.585648562845,0.683205042684
    ));
#909 = CARTESIAN_POINT('',(-0.693603515625,0.544189453125,0.681583828572
    ));
#910 = PCURVE('',#541,#911);
#911 = DEFINITIONAL_REPRESENTATION('',(#912),#930);
#912 = B_SPLINE_CURVE_WITH_KNOTS('',6,(#913,#914,#915,#916,#917,#918,
    #919,#920,#921,#922,#923,#924,#925,#926,#927,#928,#929),
  .UNSPECIFIED.,.F.,.F.,(7,5,5,7),(0.,9.146210613132E-02,0.559691650247,
    1.),.UNSPECIFIED.);
#913 = CARTESIAN_POINT('',(2.019191378594,-1.480026888832));
#914 = CARTESIAN_POINT('',(2.025711385196,-1.480191408332));
#915 = CARTESIAN_POINT('',(2.032222775168,-1.48036078812));
#916 = CARTESIAN_POINT('',(2.038726871291,-1.480535090697));
#917 = CARTESIAN_POINT('',(2.045225045694,-1.480714369882));
#918 = CARTESIAN_POINT('',(2.051718719847,-1.480898670818));
#919 = CARTESIAN_POINT('',(2.091437460302,-1.482057431938));
#920 = CARTESIAN_POINT('',(2.124586861,-1.483159405899));
#921 = CARTESIAN_POINT('',(2.157853200351,-1.484398843618));
#922 = CARTESIAN_POINT('',(2.191468879466,-1.485774365731));
#923 = CARTESIAN_POINT('',(2.2256993428,-1.487277877106));
#924 = CARTESIAN_POINT('',(2.29388391644,-1.490413988331));
#925 = CARTESIAN_POINT('',(2.327732422798,-1.49203354693));
#926 = CARTESIAN_POINT('',(2.362631678988,-1.493740231019));
#927 = CARTESIAN_POINT('',(2.398847163346,-1.495516058342));
#928 = CARTESIAN_POINT('',(2.43666051353,-1.497337303952));
#929 = CARTESIAN_POINT('',(2.476323336772,-1.499176238015));
#930 = ( GEOMETRIC_REPRESENTATION_CONTEXT(2) 
PARAMETRIC_REPRESENTATION_CONTEXT() REPRESENTATION_CONTEXT('2D SPACE',''
  ) );
#931 = PCURVE('',#932,#939);
#932 = SURFACE_OF_LINEAR_EXTRUSION('',#933,#937);
#933 = B_SPLINE_CURVE_WITH_KNOTS('',2,(#934,#935,#936),.UNSPECIFIED.,.F.
  ,.F.,(3,3),(0.,1.),.PIECEWISE_BEZIER_KNOTS.);
#934 = CARTESIAN_POINT('',(-0.693603515625,0.544189453125,0.5));
#935 = CARTESIAN_POINT('',(-0.665771484375,0.847412109375,0.5));
#936 = CARTESIAN_POINT('',(-0.484130859375,1.00634765625,0.5));
#937 = VECTOR('',#938,1.);
#938 = DIRECTION('',(-0.,-0.,-1.));
#939 = DEFINITIONAL_REPRESENTATION('',(#940),#958);
#940 = B_SPLINE_CURVE_WITH_KNOTS('',6,(#941,#942,#943,#944,#945,#946,
    #947,#948,#949,#950,#951,#952,#953,#954,#955,#956,#957),
  .UNSPECIFIED.,.F.,.F.,(7,5,5,7),(0.,9.146210613132E-02,0.559691650247,
    1.),.UNSPECIFIED.);
#941 = CARTESIAN_POINT('',(1.,-0.200717962906));
#942 = CARTESIAN_POINT('',(0.98434733979,-0.200534236657));
#943 = CARTESIAN_POINT('',(0.968687130764,-0.200345481191));
#944 = CARTESIAN_POINT('',(0.953020818463,-0.200151670937));
#945 = CARTESIAN_POINT('',(0.937349867941,-0.199952793097));
#946 = CARTESIAN_POINT('',(0.921675763762,-0.199748847646));
#947 = CARTESIAN_POINT('',(0.825749823918,-0.198469894677));
#948 = CARTESIAN_POINT('',(0.745454815641,-0.197267496146));
#949 = CARTESIAN_POINT('',(0.665320202442,-0.195934159262));
#950 = CARTESIAN_POINT('',(0.585556266046,-0.194480964053));
#951 = CARTESIAN_POINT('',(0.506377219421,-0.19292703431));
#952 = CARTESIAN_POINT('',(0.35429666853,-0.189766124467));
#953 = CARTESIAN_POINT('',(0.281302845185,-0.188167800157));
#954 = CARTESIAN_POINT('',(0.209194737394,-0.186524050687));
#955 = CARTESIAN_POINT('',(0.138153514564,-0.18486052452));
#956 = CARTESIAN_POINT('',(6.836413583482E-02,-0.183205042684));
#957 = CARTESIAN_POINT('',(0.,-0.181583828572));
#958 = ( GEOMETRIC_REPRESENTATION_CONTEXT(2) 
PARAMETRIC_REPRESENTATION_CONTEXT() REPRESENTATION_CONTEXT('2D SPACE',''
  ) );
#959 = ORIENTED_EDGE('',*,*,#960,.T.);
#960 = EDGE_CURVE('',#889,#961,#963,.T.);
#961 = VERTEX_POINT('',#962);
#962 = CARTESIAN_POINT('',(-0.422607421875,0.516357421875,0.668082345429
    ));
#963 = SURFACE_CURVE('',#964,(#969,#981),.PCURVE_S1.);
#964 = CIRCLE('',#965,12.311013314154);
#965 = AXIS2_PLACEMENT_3D('',#966,#967,#968);
#966 = CARTESIAN_POINT('',(4.80667049845E-02,0.468017916954,12.97));
#967 = DIRECTION('',(-0.102165304181,-0.994767435445,0.));
#968 = DIRECTION('',(0.994767435445,-0.102165304181,0.));
#969 = PCURVE('',#541,#970);
#970 = DEFINITIONAL_REPRESENTATION('',(#971),#980);
#971 = B_SPLINE_CURVE_WITH_KNOTS('',7,(#972,#973,#974,#975,#976,#977,
    #978,#979),.UNSPECIFIED.,.F.,.F.,(8,8),(4.651790558573,
    4.673946452432),.PIECEWISE_BEZIER_KNOTS.);
#972 = CARTESIAN_POINT('',(2.476323336772,-1.499176238015));
#973 = CARTESIAN_POINT('',(2.452779370337,-1.501852978696));
#974 = CARTESIAN_POINT('',(2.427180419217,-1.50448332237));
#975 = CARTESIAN_POINT('',(2.399246960498,-1.507059990823));
#976 = CARTESIAN_POINT('',(2.368647175049,-1.509573967752));
#977 = CARTESIAN_POINT('',(2.334993802035,-1.512013996995));
#978 = CARTESIAN_POINT('',(2.297826369302,-1.514365537035));
#979 = CARTESIAN_POINT('',(2.25668030171,-1.516609944393));
#980 = ( GEOMETRIC_REPRESENTATION_CONTEXT(2) 
PARAMETRIC_REPRESENTATION_CONTEXT() REPRESENTATION_CONTEXT('2D SPACE',''
  ) );
#981 = PCURVE('',#982,#987);
#982 = PLANE('',#983);
#983 = AXIS2_PLACEMENT_3D('',#984,#985,#986);
#984 = CARTESIAN_POINT('',(-0.422607421875,0.516357421875,0.5));
#985 = DIRECTION('',(-0.102165304181,-0.994767435445,0.));
#986 = DIRECTION('',(-0.994767435445,0.102165304181,0.));
#987 = DEFINITIONAL_REPRESENTATION('',(#988),#992);
#988 = CIRCLE('',#989,12.311013314154);
#989 = AXIS2_PLACEMENT_2D('',#990,#991);
#990 = CARTESIAN_POINT('',(-0.47314991433,-12.47));
#991 = DIRECTION('',(-1.,0.));
#992 = ( GEOMETRIC_REPRESENTATION_CONTEXT(2) 
PARAMETRIC_REPRESENTATION_CONTEXT() REPRESENTATION_CONTEXT('2D SPACE',''
  ) );
#993 = ORIENTED_EDGE('',*,*,#994,.T.);
#994 = EDGE_CURVE('',#961,#995,#997,.T.);
#995 = VERTEX_POINT('',#996);
#996 = CARTESIAN_POINT('',(-0.306884765625,0.832763671875,0.682008853867
    ));
#997 = SURFACE_CURVE('',#998,(#1009,#1023),.PCURVE_S1.);
#998 = B_SPLINE_CURVE_WITH_KNOTS('',5,(#999,#1000,#1001,#1002,#1003,
    #1004,#1005,#1006,#1007,#1008),.UNSPECIFIED.,.F.,.F.,(6,4,6),(0.,
    0.481775837614,1.),.UNSPECIFIED.);
#999 = CARTESIAN_POINT('',(-0.422607421875,0.516357421875,0.668082345429
    ));
#1000 = CARTESIAN_POINT('',(-0.422334141756,0.554070078353,
    0.669655898464));
#1001 = CARTESIAN_POINT('',(-0.41960304282,0.59044918751,0.671233856418)
  );
#1002 = CARTESIAN_POINT('',(-0.414265308945,0.625207821482,
    0.672778651002));
#1003 = CARTESIAN_POINT('',(-0.406253696124,0.658167565221,
    0.674258721787));
#1004 = CARTESIAN_POINT('',(-0.384028819194,0.722599617956,
    0.677155680127));
#1005 = CARTESIAN_POINT('',(-0.369393028746,0.75376864953,0.67855921622)
  );
#1006 = CARTESIAN_POINT('',(-0.351615246674,0.782564141013,
    0.679839870461));
#1007 = CARTESIAN_POINT('',(-0.330743249625,0.808905187875,
    0.680987802231));
#1008 = CARTESIAN_POINT('',(-0.306884765625,0.832763671875,
    0.682008853867));
#1009 = PCURVE('',#541,#1010);
#1010 = DEFINITIONAL_REPRESENTATION('',(#1011),#1022);
#1011 = B_SPLINE_CURVE_WITH_KNOTS('',5,(#1012,#1013,#1014,#1015,#1016,
    #1017,#1018,#1019,#1020,#1021),.UNSPECIFIED.,.F.,.F.,(6,4,6),(0.,
    0.481775837614,1.),.UNSPECIFIED.);
#1012 = CARTESIAN_POINT('',(2.25668030171,-1.516609944393));
#1013 = CARTESIAN_POINT('',(2.220566277658,-1.514251676887));
#1014 = CARTESIAN_POINT('',(2.186792578346,-1.512015046099));
#1015 = CARTESIAN_POINT('',(2.154448601814,-1.509929437187));
#1016 = CARTESIAN_POINT('',(2.122944288617,-1.508007173674));
#1017 = CARTESIAN_POINT('',(2.058327309447,-1.504361589599));
#1018 = CARTESIAN_POINT('',(2.025275351392,-1.502664426792));
#1019 = CARTESIAN_POINT('',(1.992091511822,-1.501162586933));
#1020 = CARTESIAN_POINT('',(1.958387962919,-1.49984621129));
#1021 = CARTESIAN_POINT('',(1.923868227501,-1.498695743238));
#1022 = ( GEOMETRIC_REPRESENTATION_CONTEXT(2) 
PARAMETRIC_REPRESENTATION_CONTEXT() REPRESENTATION_CONTEXT('2D SPACE',''
  ) );
#1023 = PCURVE('',#1024,#1031);
#1024 = SURFACE_OF_LINEAR_EXTRUSION('',#1025,#1029);
#1025 = B_SPLINE_CURVE_WITH_KNOTS('',2,(#1026,#1027,#1028),
  .UNSPECIFIED.,.F.,.F.,(3,3),(0.,1.),.PIECEWISE_BEZIER_KNOTS.);
#1026 = CARTESIAN_POINT('',(-0.306884765625,0.832763671875,0.5));
#1027 = CARTESIAN_POINT('',(-0.421142578125,0.718505859375,0.5));
#1028 = CARTESIAN_POINT('',(-0.422607421875,0.516357421875,0.5));
#1029 = VECTOR('',#1030,1.);
#1030 = DIRECTION('',(-0.,-0.,-1.));
#1031 = DEFINITIONAL_REPRESENTATION('',(#1032),#1043);
#1032 = B_SPLINE_CURVE_WITH_KNOTS('',5,(#1033,#1034,#1035,#1036,#1037,
    #1038,#1039,#1040,#1041,#1042),.UNSPECIFIED.,.F.,.F.,(6,4,6),(0.,
    0.481775837614,1.),.UNSPECIFIED.);
#1033 = CARTESIAN_POINT('',(1.,-0.168082345429));
#1034 = CARTESIAN_POINT('',(0.906720385911,-0.169655898464));
#1035 = CARTESIAN_POINT('',(0.812010213178,-0.171233856418));
#1036 = CARTESIAN_POINT('',(0.716289982948,-0.172778651002));
#1037 = CARTESIAN_POINT('',(0.619869639632,-0.174258721787));
#1038 = CARTESIAN_POINT('',(0.418801733567,-0.177155680127));
#1039 = CARTESIAN_POINT('',(0.31409031156,-0.17855921622));
#1040 = CARTESIAN_POINT('',(0.209195001718,-0.179839870461));
#1041 = CARTESIAN_POINT('',(0.104406357333,-0.180987802231));
#1042 = CARTESIAN_POINT('',(0.,-0.182008853867));
#1043 = ( GEOMETRIC_REPRESENTATION_CONTEXT(2) 
PARAMETRIC_REPRESENTATION_CONTEXT() REPRESENTATION_CONTEXT('2D SPACE',''
  ) );
#1044 = ORIENTED_EDGE('',*,*,#1045,.T.);
#1045 = EDGE_CURVE('',#995,#1046,#1048,.T.);
#1046 = VERTEX_POINT('',#1047);
#1047 = CARTESIAN_POINT('',(-2.197265625E-03,0.947021484375,
    0.686452243747));
#1048 = SURFACE_CURVE('',#1049,(#1062,#1078),.PCURVE_S1.);
#1049 = B_SPLINE_CURVE_WITH_KNOTS('',6,(#1050,#1051,#1052,#1053,#1054,
    #1055,#1056,#1057,#1058,#1059,#1060,#1061),.UNSPECIFIED.,.F.,.F.,(7,
    5,7),(0.,0.718408400662,1.),.UNSPECIFIED.);
#1050 = CARTESIAN_POINT('',(-0.306884765625,0.832763671875,
    0.682008853867));
#1051 = CARTESIAN_POINT('',(-0.27928179292,0.86036664458,0.683190155263)
  );
#1052 = CARTESIAN_POINT('',(-0.24892100227,0.884058932853,0.684186507062
    ));
#1053 = CARTESIAN_POINT('',(-0.215862176711,0.90369910541,0.684978052487
    ));
#1054 = CARTESIAN_POINT('',(-0.180216916463,0.919241167843,0.68556319766
    ));
#1055 = CARTESIAN_POINT('',(-0.142146558107,0.930722919268,
    0.685960365456));
#1056 = CARTESIAN_POINT('',(-8.605611552733E-02,0.941206759451,
    0.686296064523));
#1057 = CARTESIAN_POINT('',(-6.991932406435E-02,0.943552037959,
    0.686366616535));
#1058 = CARTESIAN_POINT('',(-5.345230147242E-02,0.945297189933,
    0.686415155092));
#1059 = CARTESIAN_POINT('',(-3.666752996518E-02,0.946450440648,
    0.686443905299));
#1060 = CARTESIAN_POINT('',(-1.95780110694E-02,0.947021484375,
    0.686455352793));
#1061 = CARTESIAN_POINT('',(-2.197265625E-03,0.947021484375,
    0.686452243747));
#1062 = PCURVE('',#541,#1063);
#1063 = DEFINITIONAL_REPRESENTATION('',(#1064),#1077);
#1064 = B_SPLINE_CURVE_WITH_KNOTS('',6,(#1065,#1066,#1067,#1068,#1069,
    #1070,#1071,#1072,#1073,#1074,#1075,#1076),.UNSPECIFIED.,.F.,.F.,(7,
    5,7),(0.,0.718408400662,1.),.UNSPECIFIED.);
#1065 = CARTESIAN_POINT('',(1.923868227501,-1.498695743238));
#1066 = CARTESIAN_POINT('',(1.883930764812,-1.497364714065));
#1067 = CARTESIAN_POINT('',(1.844367686236,-1.496271520242));
#1068 = CARTESIAN_POINT('',(1.804559115911,-1.495418748886));
#1069 = CARTESIAN_POINT('',(1.763996787629,-1.494794162184));
#1070 = CARTESIAN_POINT('',(1.722235026879,-1.494372319011));
#1071 = CARTESIAN_POINT('',(1.661950769454,-1.494016617619));
#1072 = CARTESIAN_POINT('',(1.644737390633,-1.49394201201));
#1073 = CARTESIAN_POINT('',(1.627264846485,-1.49389075135));
#1074 = CARTESIAN_POINT('',(1.609514313766,-1.493860401731));
#1075 = CARTESIAN_POINT('',(1.591469472954,-1.493848307301));
#1076 = CARTESIAN_POINT('',(1.573116508246,-1.493851590265));
#1077 = ( GEOMETRIC_REPRESENTATION_CONTEXT(2) 
PARAMETRIC_REPRESENTATION_CONTEXT() REPRESENTATION_CONTEXT('2D SPACE',''
  ) );
#1078 = PCURVE('',#1079,#1086);
#1079 = SURFACE_OF_LINEAR_EXTRUSION('',#1080,#1084);
#1080 = B_SPLINE_CURVE_WITH_KNOTS('',2,(#1081,#1082,#1083),
  .UNSPECIFIED.,.F.,.F.,(3,3),(0.,1.),.PIECEWISE_BEZIER_KNOTS.);
#1081 = CARTESIAN_POINT('',(-2.197265625E-03,0.947021484375,0.5));
#1082 = CARTESIAN_POINT('',(-0.192626953125,0.947021484375,0.5));
#1083 = CARTESIAN_POINT('',(-0.306884765625,0.832763671875,0.5));
#1084 = VECTOR('',#1085,1.);
#1085 = DIRECTION('',(-0.,-0.,-1.));
#1086 = DEFINITIONAL_REPRESENTATION('',(#1087),#1100);
#1087 = B_SPLINE_CURVE_WITH_KNOTS('',6,(#1088,#1089,#1090,#1091,#1092,
    #1093,#1094,#1095,#1096,#1097,#1098,#1099),.UNSPECIFIED.,.F.,.F.,(7,
    5,7),(0.,0.718408400662,1.),.UNSPECIFIED.);
#1088 = CARTESIAN_POINT('',(1.,-0.182008853867));
#1089 = CARTESIAN_POINT('',(0.879207504059,-0.183190155263));
#1090 = CARTESIAN_POINT('',(0.758019337172,-0.184186507062));
#1091 = CARTESIAN_POINT('',(0.636840033312,-0.184978052487));
#1092 = CARTESIAN_POINT('',(0.516043124471,-0.18556319766));
#1093 = CARTESIAN_POINT('',(0.395986057987,-0.185960365456));
#1094 = CARTESIAN_POINT('',(0.230361490208,-0.186296064523));
#1095 = CARTESIAN_POINT('',(0.183886828876,-0.186366616535));
#1096 = CARTESIAN_POINT('',(0.137595577043,-0.186415155092));
#1097 = CARTESIAN_POINT('',(9.150611077358E-02,-0.186443905299));
#1098 = CARTESIAN_POINT('',(4.563559829505E-02,-0.186455352793));
#1099 = CARTESIAN_POINT('',(0.,-0.186452243747));
#1100 = ( GEOMETRIC_REPRESENTATION_CONTEXT(2) 
PARAMETRIC_REPRESENTATION_CONTEXT() REPRESENTATION_CONTEXT('2D SPACE',''
  ) );
#1101 = ORIENTED_EDGE('',*,*,#1102,.T.);
#1102 = EDGE_CURVE('',#1046,#1103,#1105,.T.);
#1103 = VERTEX_POINT('',#1104);
#1104 = CARTESIAN_POINT('',(0.2900390625,0.83935546875,0.682048187786));
#1105 = SURFACE_CURVE('',#1106,(#1124,#1145),.PCURVE_S1.);
#1106 = B_SPLINE_CURVE_WITH_KNOTS('',6,(#1107,#1108,#1109,#1110,#1111,
    #1112,#1113,#1114,#1115,#1116,#1117,#1118,#1119,#1120,#1121,#1122,
    #1123),.UNSPECIFIED.,.F.,.F.,(7,5,5,7),(0.,0.15579980713,
    0.912690679717,1.),.UNSPECIFIED.);
#1107 = CARTESIAN_POINT('',(-2.197265625E-03,0.947021484375,
    0.686452243747));
#1108 = CARTESIAN_POINT('',(6.93821977883E-03,0.947021484375,
    0.686450609603));
#1109 = CARTESIAN_POINT('',(1.59912666009E-02,0.9468554127,
    0.686444340078));
#1110 = CARTESIAN_POINT('',(2.495999341741E-02,0.946521721376,
    0.686433039071));
#1111 = CARTESIAN_POINT('',(3.384255708555E-02,0.946018974486,
    0.686416330947));
#1112 = CARTESIAN_POINT('',(4.26371527435E-02,0.945345848169,
    0.686393860534));
#1113 = CARTESIAN_POINT('',(9.363108983734E-02,0.94039740925,
    0.686226509845));
#1114 = CARTESIAN_POINT('',(0.133803867857,0.932243865546,0.685943834301
    ));
#1115 = CARTESIAN_POINT('',(0.171654967196,0.919901742827,0.685479090654
    ));
#1116 = CARTESIAN_POINT('',(0.207012184382,0.903301610444,0.684806857406
    ));
#1117 = CARTESIAN_POINT('',(0.239749495054,0.882456066771,0.683921729487
    ));
#1118 = CARTESIAN_POINT('',(0.273254042689,0.854588824752,0.682712646886
    ));
#1119 = CARTESIAN_POINT('',(0.276683276092,0.851651636442,0.682584953492
    ));
#1120 = CARTESIAN_POINT('',(0.280076499719,0.848659521202,0.682454634457
    ));
#1121 = CARTESIAN_POINT('',(0.283433604246,0.845612656252,0.682321714523
    ));
#1122 = CARTESIAN_POINT('',(0.286754489109,0.842511235342,0.682186221803
    ));
#1123 = CARTESIAN_POINT('',(0.2900390625,0.83935546875,0.682048187786));
#1124 = PCURVE('',#541,#1125);
#1125 = DEFINITIONAL_REPRESENTATION('',(#1126),#1144);
#1126 = B_SPLINE_CURVE_WITH_KNOTS('',6,(#1127,#1128,#1129,#1130,#1131,
    #1132,#1133,#1134,#1135,#1136,#1137,#1138,#1139,#1140,#1141,#1142,
    #1143),.UNSPECIFIED.,.F.,.F.,(7,5,5,7),(0.,0.15579980713,
    0.912690679717,1.),.UNSPECIFIED.);
#1127 = CARTESIAN_POINT('',(1.573116508246,-1.493851590265));
#1128 = CARTESIAN_POINT('',(1.563470015135,-1.493853315822));
#1129 = CARTESIAN_POINT('',(1.553910466292,-1.493859936384));
#1130 = CARTESIAN_POINT('',(1.544435471727,-1.493871869874));
#1131 = CARTESIAN_POINT('',(1.535042440789,-1.49388951638));
#1132 = CARTESIAN_POINT('',(1.525728582167,-1.493913258148));
#1133 = CARTESIAN_POINT('',(1.471613349149,-1.494090181159));
#1134 = CARTESIAN_POINT('',(1.428532263198,-1.494389350001));
#1135 = CARTESIAN_POINT('',(1.38690918564,-1.494882709534));
#1136 = CARTESIAN_POINT('',(1.346296727003,-1.495601066588));
#1137 = CARTESIAN_POINT('',(1.306188107823,-1.496561867929));
#1138 = CARTESIAN_POINT('',(1.261329760821,-1.497906919338));
#1139 = CARTESIAN_POINT('',(1.256688919611,-1.49804929004));
#1140 = CARTESIAN_POINT('',(1.25204565676,-1.498194927012));
#1141 = CARTESIAN_POINT('',(1.247399007908,-1.498343831776));
#1142 = CARTESIAN_POINT('',(1.242747988539,-1.498496003181));
#1143 = CARTESIAN_POINT('',(1.238091593976,-1.498651437408));
#1144 = ( GEOMETRIC_REPRESENTATION_CONTEXT(2) 
PARAMETRIC_REPRESENTATION_CONTEXT() REPRESENTATION_CONTEXT('2D SPACE',''
  ) );
#1145 = PCURVE('',#1146,#1153);
#1146 = SURFACE_OF_LINEAR_EXTRUSION('',#1147,#1151);
#1147 = B_SPLINE_CURVE_WITH_KNOTS('',2,(#1148,#1149,#1150),
  .UNSPECIFIED.,.F.,.F.,(3,3),(0.,1.),.PIECEWISE_BEZIER_KNOTS.);
#1148 = CARTESIAN_POINT('',(0.2900390625,0.83935546875,0.5));
#1149 = CARTESIAN_POINT('',(0.177978515625,0.947021484375,0.5));
#1150 = CARTESIAN_POINT('',(-2.197265625E-03,0.947021484375,0.5));
#1151 = VECTOR('',#1152,1.);
#1152 = DIRECTION('',(-0.,-0.,-1.));
#1153 = DEFINITIONAL_REPRESENTATION('',(#1154),#1172);
#1154 = B_SPLINE_CURVE_WITH_KNOTS('',6,(#1155,#1156,#1157,#1158,#1159,
    #1160,#1161,#1162,#1163,#1164,#1165,#1166,#1167,#1168,#1169,#1170,
    #1171),.UNSPECIFIED.,.F.,.F.,(7,5,5,7),(0.,0.15579980713,
    0.912690679717,1.),.UNSPECIFIED.);
#1155 = CARTESIAN_POINT('',(1.,-0.186452243747));
#1156 = CARTESIAN_POINT('',(0.974648409069,-0.186450609603));
#1157 = CARTESIAN_POINT('',(0.949234026204,-0.186444340078));
#1158 = CARTESIAN_POINT('',(0.923759354773,-0.186433039071));
#1159 = CARTESIAN_POINT('',(0.898226988648,-0.186416330947));
#1160 = CARTESIAN_POINT('',(0.872639612202,-0.186393860534));
#1161 = CARTESIAN_POINT('',(0.72244022983,-0.186226509845));
#1162 = CARTESIAN_POINT('',(0.596643238443,-0.185943834301));
#1163 = CARTESIAN_POINT('',(0.469935362551,-0.185479090654));
#1164 = CARTESIAN_POINT('',(0.342672582179,-0.184806857406));
#1165 = CARTESIAN_POINT('',(0.215226741868,-0.183921729487));
#1166 = CARTESIAN_POINT('',(7.332408644398E-02,-0.182712646886));
#1167 = CARTESIAN_POINT('',(5.865104175681E-02,-0.182584953492));
#1168 = CARTESIAN_POINT('',(4.398149389733E-02,-0.182454634457));
#1169 = CARTESIAN_POINT('',(2.9316057377E-02,-0.182321714523));
#1170 = CARTESIAN_POINT('',(1.465535142736E-02,-0.182186221803));
#1171 = CARTESIAN_POINT('',(0.,-0.182048187786));
#1172 = ( GEOMETRIC_REPRESENTATION_CONTEXT(2) 
PARAMETRIC_REPRESENTATION_CONTEXT() REPRESENTATION_CONTEXT('2D SPACE',''
  ) );
#1173 = ORIENTED_EDGE('',*,*,#1174,.T.);
#1174 = EDGE_CURVE('',#1103,#1175,#1177,.T.);
#1175 = VERTEX_POINT('',#1176);
#1176 = CARTESIAN_POINT('',(0.402099609375,0.574951171875,0.669994022193
    ));
#1177 = SURFACE_CURVE('',#1178,(#1191,#1207),.PCURVE_S1.);
#1178 = B_SPLINE_CURVE_WITH_KNOTS('',6,(#1179,#1180,#1181,#1182,#1183,
    #1184,#1185,#1186,#1187,#1188,#1189,#1190),.UNSPECIFIED.,.F.,.F.,(7,
    5,7),(0.,0.259998972578,1.),.UNSPECIFIED.);
#1179 = CARTESIAN_POINT('',(0.2900390625,0.83935546875,0.682048187786));
#1180 = CARTESIAN_POINT('',(0.29961831393,0.830151874239,0.681645620266)
  );
#1181 = CARTESIAN_POINT('',(0.308732379244,0.820708046473,0.681232914852
    ));
#1182 = CARTESIAN_POINT('',(0.317374073979,0.811023789468,0.680809059642
    ));
#1183 = CARTESIAN_POINT('',(0.325536881359,0.801099365689,0.680373228205
    ));
#1184 = CARTESIAN_POINT('',(0.333214952297,0.790935496052,0.679924779578
    ));
#1185 = CARTESIAN_POINT('',(0.360861804226,0.750927122062,0.678149690598
    ));
#1186 = CARTESIAN_POINT('',(0.3773530373,0.71938938641,0.676730187733));
#1187 = CARTESIAN_POINT('',(0.389755802557,0.6859497913,0.675194572032)
  );
#1188 = CARTESIAN_POINT('',(0.398006261164,0.650666489717,0.673545677188
    ));
#1189 = CARTESIAN_POINT('',(0.402099609375,0.613624360949,0.671801760776
    ));
#1190 = CARTESIAN_POINT('',(0.402099609375,0.574951171875,0.669994022193
    ));
#1191 = PCURVE('',#541,#1192);
#1192 = DEFINITIONAL_REPRESENTATION('',(#1193),#1206);
#1193 = B_SPLINE_CURVE_WITH_KNOTS('',6,(#1194,#1195,#1196,#1197,#1198,
    #1199,#1200,#1201,#1202,#1203,#1204,#1205),.UNSPECIFIED.,.F.,.F.,(7,
    5,7),(0.,0.259998972578,1.),.UNSPECIFIED.);
#1194 = CARTESIAN_POINT('',(1.238091593976,-1.498651437408));
#1195 = CARTESIAN_POINT('',(1.224511512497,-1.499104751541));
#1196 = CARTESIAN_POINT('',(1.211133774151,-1.499572894975));
#1197 = CARTESIAN_POINT('',(1.197954516473,-1.50005742182));
#1198 = CARTESIAN_POINT('',(1.184968483997,-1.500559784958));
#1199 = CARTESIAN_POINT('',(1.172169028258,-1.50108133604));
#1200 = CARTESIAN_POINT('',(1.123626834642,-1.503165919074));
#1201 = CARTESIAN_POINT('',(1.089149772804,-1.504874125309));
#1202 = CARTESIAN_POINT('',(1.055937481201,-1.506776548916));
#1203 = CARTESIAN_POINT('',(1.023703197514,-1.508894348004));
#1204 = CARTESIAN_POINT('',(0.992088382368,-1.51124027975));
#1205 = CARTESIAN_POINT('',(0.96049796864,-1.5138168469));
#1206 = ( GEOMETRIC_REPRESENTATION_CONTEXT(2) 
PARAMETRIC_REPRESENTATION_CONTEXT() REPRESENTATION_CONTEXT('2D SPACE',''
  ) );
#1207 = PCURVE('',#1208,#1215);
#1208 = SURFACE_OF_LINEAR_EXTRUSION('',#1209,#1213);
#1209 = B_SPLINE_CURVE_WITH_KNOTS('',2,(#1210,#1211,#1212),
  .UNSPECIFIED.,.F.,.F.,(3,3),(0.,1.),.PIECEWISE_BEZIER_KNOTS.);
#1210 = CARTESIAN_POINT('',(0.402099609375,0.574951171875,0.5));
#1211 = CARTESIAN_POINT('',(0.402099609375,0.731689453125,0.5));
#1212 = CARTESIAN_POINT('',(0.2900390625,0.83935546875,0.5));
#1213 = VECTOR('',#1214,1.);
#1214 = DIRECTION('',(-0.,-0.,-1.));
#1215 = DEFINITIONAL_REPRESENTATION('',(#1216),#1229);
#1216 = B_SPLINE_CURVE_WITH_KNOTS('',6,(#1217,#1218,#1219,#1220,#1221,
    #1222,#1223,#1224,#1225,#1226,#1227,#1228),.UNSPECIFIED.,.F.,.F.,(7,
    5,7),(0.,0.259998972578,1.),.UNSPECIFIED.);
#1217 = CARTESIAN_POINT('',(1.,-0.182048187786));
#1218 = CARTESIAN_POINT('',(0.957258590569,-0.181645620266));
#1219 = CARTESIAN_POINT('',(0.914400667478,-0.181232914852));
#1220 = CARTESIAN_POINT('',(0.871435641806,-0.180809059642));
#1221 = CARTESIAN_POINT('',(0.828373454381,-0.180373228205));
#1222 = CARTESIAN_POINT('',(0.785224575779,-0.179924779578));
#1223 = CARTESIAN_POINT('',(0.618975574765,-0.178149690598));
#1224 = CARTESIAN_POINT('',(0.495331923617,-0.176730187733));
#1225 = CARTESIAN_POINT('',(0.371332632924,-0.175194572032));
#1226 = CARTESIAN_POINT('',(0.247252391649,-0.173545677188));
#1227 = CARTESIAN_POINT('',(0.123368677917,-0.171801760776));
#1228 = CARTESIAN_POINT('',(0.,-0.169994022193));
#1229 = ( GEOMETRIC_REPRESENTATION_CONTEXT(2) 
PARAMETRIC_REPRESENTATION_CONTEXT() REPRESENTATION_CONTEXT('2D SPACE',''
  ) );
#1230 = ORIENTED_EDGE('',*,*,#1231,.T.);
#1231 = EDGE_CURVE('',#1175,#1232,#1234,.T.);
#1232 = VERTEX_POINT('',#1233);
#1233 = CARTESIAN_POINT('',(0.279052734375,0.2578125,0.655859255056));
#1234 = SURFACE_CURVE('',#1235,(#1252,#1272),.PCURVE_S1.);
#1235 = B_SPLINE_CURVE_WITH_KNOTS('',8,(#1236,#1237,#1238,#1239,#1240,
    #1241,#1242,#1243,#1244,#1245,#1246,#1247,#1248,#1249,#1250,#1251),
  .UNSPECIFIED.,.F.,.F.,(9,7,9),(0.,0.916502273446,1.),.UNSPECIFIED.);
#1236 = CARTESIAN_POINT('',(0.402099609375,0.574951171875,0.669994022193
    ));
#1237 = CARTESIAN_POINT('',(0.402099609375,0.540444773518,0.668381055971
    ));
#1238 = CARTESIAN_POINT('',(0.398349488054,0.505336840259,0.666728249107
    ));
#1239 = CARTESIAN_POINT('',(0.390832466347,0.469680267755,0.665044314478
    ));
#1240 = CARTESIAN_POINT('',(0.379566616887,0.433530780466,0.663344763293
    ));
#1241 = CARTESIAN_POINT('',(0.364598231275,0.396943675797,0.661651835652
    ));
#1242 = CARTESIAN_POINT('',(0.346007413302,0.359980937041,0.659993673425
    ));
#1243 = CARTESIAN_POINT('',(0.323891795658,0.322701505742,0.658403179396
    ));
#1244 = CARTESIAN_POINT('',(0.296083089753,0.281779303153,0.656781399106
    ));
#1245 = CARTESIAN_POINT('',(0.293733146059,0.278360517984,0.656646848392
    ));
#1246 = CARTESIAN_POINT('',(0.291355337968,0.274939926637,0.656513189512
    ));
#1247 = CARTESIAN_POINT('',(0.288949786162,0.271517600636,0.656380450293
    ));
#1248 = CARTESIAN_POINT('',(0.286516616439,0.268093614917,0.656248658803
    ));
#1249 = CARTESIAN_POINT('',(0.284055959704,0.264668047828,0.656117843355
    ));
#1250 = CARTESIAN_POINT('',(0.281567951973,0.261240981131,0.655988032506
    ));
#1251 = CARTESIAN_POINT('',(0.279052734375,0.2578125,0.655859255056));
#1252 = PCURVE('',#541,#1253);
#1253 = DEFINITIONAL_REPRESENTATION('',(#1254),#1271);
#1254 = B_SPLINE_CURVE_WITH_KNOTS('',8,(#1255,#1256,#1257,#1258,#1259,
    #1260,#1261,#1262,#1263,#1264,#1265,#1266,#1267,#1268,#1269,#1270),
  .UNSPECIFIED.,.F.,.F.,(9,7,9),(0.,0.916502273446,1.),.UNSPECIFIED.);
#1255 = CARTESIAN_POINT('',(0.96049796864,-1.5138168469));
#1256 = CARTESIAN_POINT('',(0.93231122153,-1.516115805289));
#1257 = CARTESIAN_POINT('',(0.905416228632,-1.518577437308));
#1258 = CARTESIAN_POINT('',(0.879730756366,-1.52121559708));
#1259 = CARTESIAN_POINT('',(0.855117615163,-1.524040492413));
#1260 = CARTESIAN_POINT('',(0.831435994092,-1.527058949735));
#1261 = CARTESIAN_POINT('',(0.808413350535,-1.530273621724));
#1262 = CARTESIAN_POINT('',(0.785793640198,-1.533684747018));
#1263 = CARTESIAN_POINT('',(0.760671016075,-1.537613724868));
#1264 = CARTESIAN_POINT('',(0.758569959087,-1.537943360808));
#1265 = CARTESIAN_POINT('',(0.756464922609,-1.538274567004));
#1266 = CARTESIAN_POINT('',(0.754355251544,-1.538607337866));
#1267 = CARTESIAN_POINT('',(0.752240240195,-1.538941667181));
#1268 = CARTESIAN_POINT('',(0.750119132271,-1.539277548108));
#1269 = CARTESIAN_POINT('',(0.747991120881,-1.539614973185));
#1270 = CARTESIAN_POINT('',(0.745855348536,-1.539953934323));
#1271 = ( GEOMETRIC_REPRESENTATION_CONTEXT(2) 
PARAMETRIC_REPRESENTATION_CONTEXT() REPRESENTATION_CONTEXT('2D SPACE',''
  ) );
#1272 = PCURVE('',#1273,#1280);
#1273 = SURFACE_OF_LINEAR_EXTRUSION('',#1274,#1278);
#1274 = B_SPLINE_CURVE_WITH_KNOTS('',2,(#1275,#1276,#1277),
  .UNSPECIFIED.,.F.,.F.,(3,3),(0.,1.),.PIECEWISE_BEZIER_KNOTS.);
#1275 = CARTESIAN_POINT('',(0.279052734375,0.2578125,0.5));
#1276 = CARTESIAN_POINT('',(0.402099609375,0.425537109375,0.5));
#1277 = CARTESIAN_POINT('',(0.402099609375,0.574951171875,0.5));
#1278 = VECTOR('',#1279,1.);
#1279 = DIRECTION('',(-0.,-0.,-1.));
#1280 = DEFINITIONAL_REPRESENTATION('',(#1281),#1298);
#1281 = B_SPLINE_CURVE_WITH_KNOTS('',8,(#1282,#1283,#1284,#1285,#1286,
    #1287,#1288,#1289,#1290,#1291,#1292,#1293,#1294,#1295,#1296,#1297),
  .UNSPECIFIED.,.F.,.F.,(9,7,9),(0.,0.916502273446,1.),.UNSPECIFIED.);
#1282 = CARTESIAN_POINT('',(1.,-0.169994022193));
#1283 = CARTESIAN_POINT('',(0.884527608113,-0.168381055971));
#1284 = CARTESIAN_POINT('',(0.76890971073,-0.166728249107));
#1285 = CARTESIAN_POINT('',(0.653331673746,-0.165044314478));
#1286 = CARTESIAN_POINT('',(0.537970974026,-0.163344763293));
#1287 = CARTESIAN_POINT('',(0.42298960695,-0.161651835652));
#1288 = CARTESIAN_POINT('',(0.308555103884,-0.159993673425));
#1289 = CARTESIAN_POINT('',(0.194816088292,-0.158403179396));
#1290 = CARTESIAN_POINT('',(7.172191064434E-02,-0.156781399106));
#1291 = CARTESIAN_POINT('',(6.145148791459E-02,-0.156646848392));
#1292 = CARTESIAN_POINT('',(5.118889681182E-02,-0.156513189512));
#1293 = CARTESIAN_POINT('',(4.0934316583E-02,-0.156380450293));
#1294 = CARTESIAN_POINT('',(3.068793535092E-02,-0.156248658803));
#1295 = CARTESIAN_POINT('',(2.044995011416E-02,-0.156117843355));
#1296 = CARTESIAN_POINT('',(1.022056674712E-02,-0.155988032506));
#1297 = CARTESIAN_POINT('',(0.,-0.155859255056));
#1298 = ( GEOMETRIC_REPRESENTATION_CONTEXT(2) 
PARAMETRIC_REPRESENTATION_CONTEXT() REPRESENTATION_CONTEXT('2D SPACE',''
  ) );
#1299 = ORIENTED_EDGE('',*,*,#1300,.T.);
#1300 = EDGE_CURVE('',#1232,#1301,#1303,.T.);
#1301 = VERTEX_POINT('',#1302);
#1302 = CARTESIAN_POINT('',(3.488738588444E-02,-8.544945090798E-18,
    0.650049396596));
#1303 = SURFACE_CURVE('',#1304,(#1349,#1397),.PCURVE_S1.);
#1304 = B_SPLINE_CURVE_WITH_KNOTS('',8,(#1305,#1306,#1307,#1308,#1309,
    #1310,#1311,#1312,#1313,#1314,#1315,#1316,#1317,#1318,#1319,#1320,
    #1321,#1322,#1323,#1324,#1325,#1326,#1327,#1328,#1329,#1330,#1331,
    #1332,#1333,#1334,#1335,#1336,#1337,#1338,#1339,#1340,#1341,#1342,
    #1343,#1344,#1345,#1346,#1347,#1348),.UNSPECIFIED.,.F.,.F.,(9,7,7,7,
    7,7,9),(0.,0.341581163645,0.423626635748,0.519911786844,
    0.602126864626,0.656525425246,1.),.UNSPECIFIED.);
#1305 = CARTESIAN_POINT('',(0.279052734375,0.2578125,0.655859255056));
#1306 = CARTESIAN_POINT('',(0.267728751778,0.242376833246,0.655279474762
    ));
#1307 = CARTESIAN_POINT('',(0.25543380727,0.226537705724,0.654703288132)
  );
#1308 = CARTESIAN_POINT('',(0.242197422504,0.210299069489,0.654137048875
    ));
#1309 = CARTESIAN_POINT('',(0.228056636759,0.193681601436,0.653587887271
    ));
#1310 = CARTESIAN_POINT('',(0.21306727167,0.176728435792,0.653063889857)
  );
#1311 = CARTESIAN_POINT('',(0.197325034326,0.159519920964,0.652573804726
    ));
#1312 = CARTESIAN_POINT('',(0.180975327704,0.142179344849,0.652126463134
    ));
#1313 = CARTESIAN_POINT('',(0.160288781215,0.120801853566,0.651633727588
    ));
#1314 = CARTESIAN_POINT('',(0.156265642341,0.116669995623,0.651541240328
    ));
#1315 = CARTESIAN_POINT('',(0.15223030655,0.112550443028,0.651451806509)
  );
#1316 = CARTESIAN_POINT('',(0.148188778532,0.108448533728,0.651365552572
    ));
#1317 = CARTESIAN_POINT('',(0.144148552007,0.104370980339,0.651282611342
    ));
#1318 = CARTESIAN_POINT('',(0.140118589466,0.100325805537,0.651203112609
    ));
#1319 = CARTESIAN_POINT('',(0.136109301923,9.63222774648E-02,
    0.6511271737));
#1320 = CARTESIAN_POINT('',(0.12746555308,8.773360861423E-02,
    0.650970060978));
#1321 = CARTESIAN_POINT('',(0.122842082061,8.316682886159E-02,
    0.650890237315));
#1322 = CARTESIAN_POINT('',(0.118283601517,7.868987196249E-02,
    0.650815641499));
#1323 = CARTESIAN_POINT('',(0.113815039525,7.432484570305E-02,
    0.650746423441));
#1324 = CARTESIAN_POINT('',(0.109462764971,7.009478308189E-02,
    0.650682648565));
#1325 = CARTESIAN_POINT('',(0.105252586194,6.602182582575E-02,
    0.65062428585));
#1326 = CARTESIAN_POINT('',(0.101207749629,6.212540790514E-02,
    0.650571195868));
#1327 = CARTESIAN_POINT('',(9.40503045828E-02,5.52568743762E-02,
    0.650482067237));
#1328 = CARTESIAN_POINT('',(9.088674925778E-02,5.223188031482E-02,
    0.650444664124));
#1329 = CARTESIAN_POINT('',(8.786805928956E-02,4.93548896976E-02,
    0.650410752656));
#1330 = CARTESIAN_POINT('',(8.500032829954E-02,4.662996318308E-02,
    0.650380104739));
#1331 = CARTESIAN_POINT('',(8.228496901439E-02,4.405681491056E-02,
    0.650352447381));
#1332 = CARTESIAN_POINT('',(7.971972555664E-02,4.163183815415E-02,
    0.650327489054));
#1333 = CARTESIAN_POINT('',(7.729968573533E-02,3.934913097693E-02,
    0.650304946068));
#1334 = CARTESIAN_POINT('',(7.350878357214E-02,3.578053139835E-02,
    0.650271086167));
#1335 = CARTESIAN_POINT('',(7.205974702618E-02,3.441846677622E-02,
    0.650258548343));
#1336 = CARTESIAN_POINT('',(7.066908551716E-02,3.311304971857E-02,
    0.650246878791));
#1337 = CARTESIAN_POINT('',(6.933445595762E-02,3.186181186188E-02,
    0.650236005694));
#1338 = CARTESIAN_POINT('',(6.805335066324E-02,3.066216652369E-02,
    0.650225862265));
#1339 = CARTESIAN_POINT('',(6.682317766178E-02,2.95114804472E-02,
    0.650216386932));
#1340 = CARTESIAN_POINT('',(6.564134100208E-02,2.840714554593E-02,
    0.650207523514));
#1341 = CARTESIAN_POINT('',(5.733244808576E-02,2.065064564671E-02,
    0.650146801582));
#1342 = CARTESIAN_POINT('',(5.201535011906E-02,1.572946934094E-02,
    0.65011693866));
#1343 = CARTESIAN_POINT('',(4.782148331892E-02,1.185985527558E-02,
    0.650096229582));
#1344 = CARTESIAN_POINT('',(4.438505784471E-02,8.698370603353E-03,
    0.650081348617));
#1345 = CARTESIAN_POINT('',(4.149589824437E-02,6.047300093792E-03,
    0.650070394223));
#1346 = CARTESIAN_POINT('',(3.901118171853E-02,3.770060348428E-03,
    0.650061688233));
#1347 = CARTESIAN_POINT('',(3.683208691249E-02,1.776694790873E-03,
    0.650054903561));
#1348 = CARTESIAN_POINT('',(3.488738588443E-02,1.381879351518E-17,
    0.650049396596));
#1349 = PCURVE('',#541,#1350);
#1350 = DEFINITIONAL_REPRESENTATION('',(#1351),#1396);
#1351 = B_SPLINE_CURVE_WITH_KNOTS('',8,(#1352,#1353,#1354,#1355,#1356,
    #1357,#1358,#1359,#1360,#1361,#1362,#1363,#1364,#1365,#1366,#1367,
    #1368,#1369,#1370,#1371,#1372,#1373,#1374,#1375,#1376,#1377,#1378,
    #1379,#1380,#1381,#1382,#1383,#1384,#1385,#1386,#1387,#1388,#1389,
    #1390,#1391,#1392,#1393,#1394,#1395),.UNSPECIFIED.,.F.,.F.,(9,7,7,7,
    7,7,9),(0.,0.341581163645,0.423626635748,0.519911786844,
    0.602126864626,0.656525425246,1.),.UNSPECIFIED.);
#1352 = CARTESIAN_POINT('',(0.745855348536,-1.539953934323));
#1353 = CARTESIAN_POINT('',(0.736239699821,-1.541480001106));
#1354 = CARTESIAN_POINT('',(0.726491058962,-1.543082874632));
#1355 = CARTESIAN_POINT('',(0.71644185085,-1.544761055619));
#1356 = CARTESIAN_POINT('',(0.705884712167,-1.546511489706));
#1357 = CARTESIAN_POINT('',(0.694557637329,-1.548328643754));
#1358 = CARTESIAN_POINT('',(0.682040174924,-1.55020235672));
#1359 = CARTESIAN_POINT('',(0.667726351619,-1.552116932384));
#1360 = CARTESIAN_POINT('',(0.645953496139,-1.554504147108));
#1361 = CARTESIAN_POINT('',(0.641551971916,-1.554966809394));
#1362 = CARTESIAN_POINT('',(0.63694713589,-1.555429296254));
#1363 = CARTESIAN_POINT('',(0.632118329828,-1.555890940321));
#1364 = CARTESIAN_POINT('',(0.627043349816,-1.5563509083));
#1365 = CARTESIAN_POINT('',(0.621698934866,-1.556808206154));
#1366 = CARTESIAN_POINT('',(0.616061255512,-1.557261684295));
#1367 = CARTESIAN_POINT('',(0.603118034681,-1.558236217626));
#1368 = CARTESIAN_POINT('',(0.595690873673,-1.558755486498));
#1369 = CARTESIAN_POINT('',(0.587791264952,-1.559265476951));
#1370 = CARTESIAN_POINT('',(0.579387659932,-1.559763462082));
#1371 = CARTESIAN_POINT('',(0.570456619621,-1.560246585199));
#1372 = CARTESIAN_POINT('',(0.560988818372,-1.560712084502));
#1373 = CARTESIAN_POINT('',(0.55099504763,-1.561157517761));
#1374 = CARTESIAN_POINT('',(0.531561239115,-1.561942574996));
#1375 = CARTESIAN_POINT('',(0.522250950439,-1.562288267388));
#1376 = CARTESIAN_POINT('',(0.512603148779,-1.562616863997));
#1377 = CARTESIAN_POINT('',(0.502645403433,-1.562927803989));
#1378 = CARTESIAN_POINT('',(0.492409151313,-1.56322104753));
#1379 = CARTESIAN_POINT('',(0.481927790399,-1.563496957446));
#1380 = CARTESIAN_POINT('',(0.471234773195,-1.563756180884));
#1381 = CARTESIAN_POINT('',(0.453167405198,-1.564160546386));
#1382 = CARTESIAN_POINT('',(0.445893114805,-1.564314636905));
#1383 = CARTESIAN_POINT('',(0.43854689248,-1.564462059896));
#1384 = CARTESIAN_POINT('',(0.431136251595,-1.564603097232));
#1385 = CARTESIAN_POINT('',(0.423668073976,-1.56473804649));
#1386 = CARTESIAN_POINT('',(0.416148528466,-1.564867212147));
#1387 = CARTESIAN_POINT('',(0.408582989485,-1.564990896779));
#1388 = CARTESIAN_POINT('',(0.352944855144,-1.565857577191));
#1389 = CARTESIAN_POINT('',(0.303453514668,-1.56639584986));
#1390 = CARTESIAN_POINT('',(0.253242248012,-1.566808164776));
#1391 = CARTESIAN_POINT('',(0.20273404998,-1.567135464449));
#1392 = CARTESIAN_POINT('',(0.152154698927,-1.567401234614));
#1393 = CARTESIAN_POINT('',(0.101576519285,-1.567621441726));
#1394 = CARTESIAN_POINT('',(5.092656689035E-02,-1.567806704933));
#1395 = CARTESIAN_POINT('',(0.,-1.567964554675));
#1396 = ( GEOMETRIC_REPRESENTATION_CONTEXT(2) 
PARAMETRIC_REPRESENTATION_CONTEXT() REPRESENTATION_CONTEXT('2D SPACE',''
  ) );
#1397 = PCURVE('',#1398,#1405);
#1398 = SURFACE_OF_LINEAR_EXTRUSION('',#1399,#1403);
#1399 = B_SPLINE_CURVE_WITH_KNOTS('',2,(#1400,#1401,#1402),
  .UNSPECIFIED.,.F.,.F.,(3,3),(0.,1.),.PIECEWISE_BEZIER_KNOTS.);
#1400 = CARTESIAN_POINT('',(-0.194091796875,-0.197021484375,0.5));
#1401 = CARTESIAN_POINT('',(0.156005859375,9.0087890625E-02,0.5));
#1402 = CARTESIAN_POINT('',(0.279052734375,0.2578125,0.5));
#1403 = VECTOR('',#1404,1.);
#1404 = DIRECTION('',(-0.,-0.,-1.));
#1405 = DEFINITIONAL_REPRESENTATION('',(#1406),#1451);
#1406 = B_SPLINE_CURVE_WITH_KNOTS('',8,(#1407,#1408,#1409,#1410,#1411,
    #1412,#1413,#1414,#1415,#1416,#1417,#1418,#1419,#1420,#1421,#1422,
    #1423,#1424,#1425,#1426,#1427,#1428,#1429,#1430,#1431,#1432,#1433,
    #1434,#1435,#1436,#1437,#1438,#1439,#1440,#1441,#1442,#1443,#1444,
    #1445,#1446,#1447,#1448,#1449,#1450),.UNSPECIFIED.,.F.,.F.,(9,7,7,7,
    7,7,9),(0.,0.341581163645,0.423626635748,0.519911786844,
    0.602126864626,0.656525425246,1.),.UNSPECIFIED.);
#1407 = CARTESIAN_POINT('',(1.,-0.155859255056));
#1408 = CARTESIAN_POINT('',(0.95398508659,-0.155279474762));
#1409 = CARTESIAN_POINT('',(0.908489835739,-0.154703288132));
#1410 = CARTESIAN_POINT('',(0.863458093436,-0.154137048875));
#1411 = CARTESIAN_POINT('',(0.818895690273,-0.153587887271));
#1412 = CARTESIAN_POINT('',(0.774869516566,-0.153063889857));
#1413 = CARTESIAN_POINT('',(0.731525288286,-0.152573804726));
#1414 = CARTESIAN_POINT('',(0.689090298445,-0.152126463134));
#1415 = CARTESIAN_POINT('',(0.638130369609,-0.151633727588));
#1416 = CARTESIAN_POINT('',(0.628344150136,-0.151541240328));
#1417 = CARTESIAN_POINT('',(0.618648774753,-0.151451806509));
#1418 = CARTESIAN_POINT('',(0.609054826466,-0.151365552572));
#1419 = CARTESIAN_POINT('',(0.599575760006,-0.151282611342));
#1420 = CARTESIAN_POINT('',(0.590227639999,-0.151203112609));
#1421 = CARTESIAN_POINT('',(0.581028879142,-0.1511271737));
#1422 = CARTESIAN_POINT('',(0.561404031905,-0.150970060978));
#1423 = CARTESIAN_POINT('',(0.551039009202,-0.150890237315));
#1424 = CARTESIAN_POINT('',(0.54094406671,-0.150815641499));
#1425 = CARTESIAN_POINT('',(0.531162884967,-0.150746423441));
#1426 = CARTESIAN_POINT('',(0.521739958029,-0.150682648565));
#1427 = CARTESIAN_POINT('',(0.512716884884,-0.15062428585));
#1428 = CARTESIAN_POINT('',(0.504128660876,-0.150571195868));
#1429 = CARTESIAN_POINT('',(0.489059116688,-0.150482067237));
#1430 = CARTESIAN_POINT('',(0.482451176367,-0.150444664124));
#1431 = CARTESIAN_POINT('',(0.47619184934,-0.150410752656));
#1432 = CARTESIAN_POINT('',(0.470285292784,-0.150380104739));
#1433 = CARTESIAN_POINT('',(0.464726514349,-0.150352447381));
#1434 = CARTESIAN_POINT('',(0.459503766631,-0.150327489054));
#1435 = CARTESIAN_POINT('',(0.454600941642,-0.150304946068));
#1436 = CARTESIAN_POINT('',(0.446955675878,-0.150271086167));
#1437 = CARTESIAN_POINT('',(0.44404304603,-0.150258548343));
#1438 = CARTESIAN_POINT('',(0.441256372989,-0.150246878791));
#1439 = CARTESIAN_POINT('',(0.43858965654,-0.150236005694));
#1440 = CARTESIAN_POINT('',(0.436036742274,-0.150225862265));
#1441 = CARTESIAN_POINT('',(0.433591464833,-0.150216386932));
#1442 = CARTESIAN_POINT('',(0.431247791172,-0.150207523514));
#1443 = CARTESIAN_POINT('',(0.414807096565,-0.150146801582));
#1444 = CARTESIAN_POINT('',(0.404492143719,-0.15011693866));
#1445 = CARTESIAN_POINT('',(0.396414301319,-0.150096229582));
#1446 = CARTESIAN_POINT('',(0.389840266467,-0.150081348617));
#1447 = CARTESIAN_POINT('',(0.384346826492,-0.150070394223));
#1448 = CARTESIAN_POINT('',(0.37963557911,-0.150061688233));
#1449 = CARTESIAN_POINT('',(0.375522125452,-0.150054903561));
#1450 = CARTESIAN_POINT('',(0.371862077807,-0.150049396596));
#1451 = ( GEOMETRIC_REPRESENTATION_CONTEXT(2) 
PARAMETRIC_REPRESENTATION_CONTEXT() REPRESENTATION_CONTEXT('2D SPACE',''
  ) );
#1452 = ORIENTED_EDGE('',*,*,#1453,.F.);
#1453 = EDGE_CURVE('',#1454,#1301,#1456,.T.);
#1454 = VERTEX_POINT('',#1455);
#1455 = CARTESIAN_POINT('',(7.543824282748E-16,-1.847704052239E-31,0.65)
  );
#1456 = SEAM_CURVE('',#1457,(#1462,#1469),.PCURVE_S1.);
#1457 = CIRCLE('',#1458,12.32);
#1458 = AXIS2_PLACEMENT_3D('',#1459,#1460,#1461);
#1459 = CARTESIAN_POINT('',(0.,0.,12.97));
#1460 = DIRECTION('',(-2.449293598295E-16,-1.,0.));
#1461 = DIRECTION('',(1.,-2.449293598295E-16,0.));
#1462 = PCURVE('',#541,#1463);
#1463 = DEFINITIONAL_REPRESENTATION('',(#1464),#1468);
#1464 = LINE('',#1465,#1466);
#1465 = CARTESIAN_POINT('',(6.28318530718,-6.28318530718));
#1466 = VECTOR('',#1467,1.);
#1467 = DIRECTION('',(0.,1.));
#1468 = ( GEOMETRIC_REPRESENTATION_CONTEXT(2) 
PARAMETRIC_REPRESENTATION_CONTEXT() REPRESENTATION_CONTEXT('2D SPACE',''
  ) );
#1469 = PCURVE('',#541,#1470);
#1470 = DEFINITIONAL_REPRESENTATION('',(#1471),#1475);
#1471 = LINE('',#1472,#1473);
#1472 = CARTESIAN_POINT('',(0.,-6.28318530718));
#1473 = VECTOR('',#1474,1.);
#1474 = DIRECTION('',(0.,1.));
#1475 = ( GEOMETRIC_REPRESENTATION_CONTEXT(2) 
PARAMETRIC_REPRESENTATION_CONTEXT() REPRESENTATION_CONTEXT('2D SPACE',''
  ) );
#1476 = ORIENTED_EDGE('',*,*,#1453,.T.);
#1477 = ORIENTED_EDGE('',*,*,#1478,.T.);
#1478 = EDGE_CURVE('',#1301,#1479,#1481,.T.);
#1479 = VERTEX_POINT('',#1480);
#1480 = CARTESIAN_POINT('',(-0.194091796875,-0.197021484375,
    0.653104656242));
#1481 = SURFACE_CURVE('',#1482,(#1539,#1599),.PCURVE_S1.);
#1482 = B_SPLINE_CURVE_WITH_KNOTS('',7,(#1483,#1484,#1485,#1486,#1487,
    #1488,#1489,#1490,#1491,#1492,#1493,#1494,#1495,#1496,#1497,#1498,
    #1499,#1500,#1501,#1502,#1503,#1504,#1505,#1506,#1507,#1508,#1509,
    #1510,#1511,#1512,#1513,#1514,#1515,#1516,#1517,#1518,#1519,#1520,
    #1521,#1522,#1523,#1524,#1525,#1526,#1527,#1528,#1529,#1530,#1531,
    #1532,#1533,#1534,#1535,#1536,#1537,#1538),.UNSPECIFIED.,.F.,.F.,(8,
    6,6,6,6,6,6,6,6,8),(0.,0.249084670308,0.564378207561,0.680533689564,
    0.77070912072,0.843171509157,0.861064826919,0.893357965775,
    0.941667601968,1.),.UNSPECIFIED.);
#1483 = CARTESIAN_POINT('',(3.488738588443E-02,0.,0.650049396596));
#1484 = CARTESIAN_POINT('',(3.145960181314E-02,-3.131651609082E-03,
    0.650039689867));
#1485 = CARTESIAN_POINT('',(2.880200544301E-02,-5.551131173097E-03,
    0.650034199183));
#1486 = CARTESIAN_POINT('',(2.65248256111E-02,-7.621417446964E-03,
    0.650030212374));
#1487 = CARTESIAN_POINT('',(2.452787754746E-02,-9.433586530145E-03,
    0.650027531365));
#1488 = CARTESIAN_POINT('',(2.270193363258E-02,-1.108876987645E-02,
    0.650025538042));
#1489 = CARTESIAN_POINT('',(2.099752327426E-02,-1.263180453159E-02,
    0.650024172159));
#1490 = CARTESIAN_POINT('',(1.729372624E-02,-1.598104668688E-02,
    0.650022186891));
#1491 = CARTESIAN_POINT('',(1.533785608769E-02,-1.774680121025E-02,
    0.650021869222));
#1492 = CARTESIAN_POINT('',(1.339553510692E-02,-1.949794969751E-02,
    0.65002216427));
#1493 = CARTESIAN_POINT('',(1.140426764705E-02,-2.129098533435E-02,
    0.650023042918));
#1494 = CARTESIAN_POINT('',(9.267623867045E-03,-2.321202095329E-02,
    0.650024747911));
#1495 = CARTESIAN_POINT('',(6.9009202132E-03,-2.533703800726E-02,
    0.650027382556));
#1496 = CARTESIAN_POINT('',(2.96860260435E-03,-2.885914603109E-02,
    0.650034076468));
#1497 = CARTESIAN_POINT('',(1.841078229338E-03,-2.986834023154E-02,
    0.650036186082));
#1498 = CARTESIAN_POINT('',(6.309392781477E-04,-3.095067042445E-02,
    0.650038667769));
#1499 = CARTESIAN_POINT('',(-6.802206771502E-04,-3.212237078037E-02,
    0.650041622547));
#1500 = CARTESIAN_POINT('',(-2.115406406229E-03,-3.340372440812E-02,
    0.65004517808));
#1501 = CARTESIAN_POINT('',(-3.707340536023E-03,-3.482350799213E-02,
    0.650049537514));
#1502 = CARTESIAN_POINT('',(-6.907253717086E-03,-3.76734371293E-02,
    0.650059395063));
#1503 = CARTESIAN_POINT('',(-8.431846519991E-03,-3.903008966092E-02,
    0.650064422191));
#1504 = CARTESIAN_POINT('',(-1.010707407414E-02,-4.051936729171E-02,
    0.650070340193));
#1505 = CARTESIAN_POINT('',(-1.19665609578E-02,-4.217060592974E-02,
    0.650077428548));
#1506 = CARTESIAN_POINT('',(-1.405305768919E-02,-4.402111066291E-02,
    0.650086038007));
#1507 = CARTESIAN_POINT('',(-1.642860115152E-02,-4.61247989323E-02,
    0.65009674422));
#1508 = CARTESIAN_POINT('',(-2.141762583743E-02,-5.053370331781E-02,
    0.650121898738));
#1509 = CARTESIAN_POINT('',(-2.389028455451E-02,-5.271601323144E-02,
    0.650135189762));
#1510 = CARTESIAN_POINT('',(-2.666823440899E-02,-5.516419425318E-02,
    0.650151165428));
#1511 = CARTESIAN_POINT('',(-2.981936271625E-02,-5.793651285104E-02,
    0.650170697725));
#1512 = CARTESIAN_POINT('',(-3.343610641191E-02,-6.11120843349E-02,
    0.650195027334));
#1513 = CARTESIAN_POINT('',(-3.76410660008E-02,-6.479480419373E-02,
    0.650226143893));
#1514 = CARTESIAN_POINT('',(-4.380719720571E-02,-7.017643991578E-02,
    0.65027764827));
#1515 = CARTESIAN_POINT('',(-4.507306055723E-02,-7.128047456427E-02,
    0.650288466291));
#1516 = CARTESIAN_POINT('',(-4.638584856013E-02,-7.24245894218E-02,
    0.650299952507));
#1517 = CARTESIAN_POINT('',(-4.774762140399E-02,-7.361047273433E-02,
    0.650312160494));
#1518 = CARTESIAN_POINT('',(-4.916034710861E-02,-7.483971955322E-02,
    0.650325147723));
#1519 = CARTESIAN_POINT('',(-5.062590152399E-02,-7.611383173531E-02,
    0.650338975554));
#1520 = CARTESIAN_POINT('',(-5.48896041248E-02,-7.981719776298E-02,
    0.650380300002));
#1521 = CARTESIAN_POINT('',(-5.781141800007E-02,-8.235123807675E-02,
    0.650409847538));
#1522 = CARTESIAN_POINT('',(-6.092079373275E-02,-8.504359370809E-02,
    0.65044271858));
#1523 = CARTESIAN_POINT('',(-6.422503686619E-02,-8.789962286386E-02,
    0.650479328062));
#1524 = CARTESIAN_POINT('',(-6.772788103447E-02,-9.092148502143E-02,
    0.650520099453));
#1525 = CARTESIAN_POINT('',(-7.142789428629E-02,-9.410683881628E-02,
    0.650565425075));
#1526 = CARTESIAN_POINT('',(-8.113470779919E-02,-0.102445135739,
    0.650690726262));
#1527 = CARTESIAN_POINT('',(-8.737783780543E-02,-0.107792451224,
    0.650776764575));
#1528 = CARTESIAN_POINT('',(-9.40186097216E-02,-0.113462068663,
    0.650874790518));
#1529 = CARTESIAN_POINT('',(-0.101013699342,-0.11941336081,
    0.650985654947));
#1530 = CARTESIAN_POINT('',(-0.108312219575,-0.125600125025,
    0.651109865665));
#1531 = CARTESIAN_POINT('',(-0.11586366144,-0.131977551813,
    0.651247609305));
#1532 = CARTESIAN_POINT('',(-0.132998079331,-0.146394480138,
    0.651581666846));
#1533 = CARTESIAN_POINT('',(-0.142679255916,-0.15450578699,
    0.651784237767));
#1534 = CARTESIAN_POINT('',(-0.152611946752,-0.162791610914,
    0.652007105111));
#1535 = CARTESIAN_POINT('',(-0.162748218917,-0.171210378052,
    0.652250444682));
#1536 = CARTESIAN_POINT('',(-0.173052621705,-0.179731946275,
    0.652514324523));
#1537 = CARTESIAN_POINT('',(-0.183503403934,-0.188338116105,
    0.65279890303));
#1538 = CARTESIAN_POINT('',(-0.194091796875,-0.197021484375,
    0.653104656242));
#1539 = PCURVE('',#541,#1540);
#1540 = DEFINITIONAL_REPRESENTATION('',(#1541),#1598);
#1541 = B_SPLINE_CURVE_WITH_KNOTS('',7,(#1542,#1543,#1544,#1545,#1546,
    #1547,#1548,#1549,#1550,#1551,#1552,#1553,#1554,#1555,#1556,#1557,
    #1558,#1559,#1560,#1561,#1562,#1563,#1564,#1565,#1566,#1567,#1568,
    #1569,#1570,#1571,#1572,#1573,#1574,#1575,#1576,#1577,#1578,#1579,
    #1580,#1581,#1582,#1583,#1584,#1585,#1586,#1587,#1588,#1589,#1590,
    #1591,#1592,#1593,#1594,#1595,#1596,#1597),.UNSPECIFIED.,.F.,.F.,(8,
    6,6,6,6,6,6,6,6,8),(0.,0.249084670308,0.564378207561,0.680533689564,
    0.77070912072,0.843171509157,0.861064826919,0.893357965775,
    0.941667601968,1.),.UNSPECIFIED.);
#1542 = CARTESIAN_POINT('',(6.28318530718,-1.567964554675));
#1543 = CARTESIAN_POINT('',(6.193420725234,-1.568242785018));
#1544 = CARTESIAN_POINT('',(6.103507325742,-1.568431898366));
#1545 = CARTESIAN_POINT('',(6.013532547567,-1.568574199759));
#1546 = CARTESIAN_POINT('',(5.923527703034,-1.568679570194));
#1547 = CARTESIAN_POINT('',(5.833514503824,-1.568758668561));
#1548 = CARTESIAN_POINT('',(5.74349196997,-1.568815066954));
#1549 = CARTESIAN_POINT('',(5.539469446223,-1.568897929553));
#1550 = CARTESIAN_POINT('',(5.425484339772,-1.568912392395));
#1551 = CARTESIAN_POINT('',(5.311496410946,-1.568899876458));
#1552 = CARTESIAN_POINT('',(5.197509435186,-1.568860593041));
#1553 = CARTESIAN_POINT('',(5.083534031468,-1.568789502019));
#1554 = CARTESIAN_POINT('',(4.969582895829,-1.568680833334));
#1555 = CARTESIAN_POINT('',(4.813731398681,-1.568443460332));
#1556 = CARTESIAN_POINT('',(4.771782672045,-1.568370750759));
#1557 = CARTESIAN_POINT('',(4.729844368419,-1.568287885284));
#1558 = CARTESIAN_POINT('',(4.687919636555,-1.568192991316));
#1559 = CARTESIAN_POINT('',(4.646014194605,-1.568083684394));
#1560 = CARTESIAN_POINT('',(4.604137144009,-1.567956520848));
#1561 = CARTESIAN_POINT('',(4.529825112601,-1.567688958537));
#1562 = CARTESIAN_POINT('',(4.497380046612,-1.567557891879));
#1563 = CARTESIAN_POINT('',(4.464966882291,-1.567410092752));
#1564 = CARTESIAN_POINT('',(4.432596009706,-1.567241972335));
#1565 = CARTESIAN_POINT('',(4.400288658476,-1.567048946674));
#1566 = CARTESIAN_POINT('',(4.36807978816,-1.566824353617));
#1567 = CARTESIAN_POINT('',(4.310264865143,-1.566342694357));
#1568 = CARTESIAN_POINT('',(4.284631308148,-1.566100908549));
#1569 = CARTESIAN_POINT('',(4.259123708985,-1.565826014105));
#1570 = CARTESIAN_POINT('',(4.233789461131,-1.565510728348));
#1571 = CARTESIAN_POINT('',(4.208731833319,-1.565145103911));
#1572 = CARTESIAN_POINT('',(4.184111660296,-1.564715975178));
#1573 = CARTESIAN_POINT('',(4.154222924598,-1.564081512832));
#1574 = CARTESIAN_POINT('',(4.148345111041,-1.563951046629));
#1575 = CARTESIAN_POINT('',(4.14251235258,-1.563815528027));
#1576 = CARTESIAN_POINT('',(4.136728935501,-1.563674737265));
#1577 = CARTESIAN_POINT('',(4.130999488695,-1.563528464837));
#1578 = CARTESIAN_POINT('',(4.125328983654,-1.563376511497));
#1579 = CARTESIAN_POINT('',(4.109604801862,-1.562933855226));
#1580 = CARTESIAN_POINT('',(4.099694124819,-1.562629862655));
#1581 = CARTESIAN_POINT('',(4.090024588023,-1.562305725081));
#1582 = CARTESIAN_POINT('',(4.080630227171,-1.561960678669));
#1583 = CARTESIAN_POINT('',(4.071543012592,-1.561594350036));
#1584 = CARTESIAN_POINT('',(4.062790632857,-1.561206925086));
#1585 = CARTESIAN_POINT('',(4.041833565996,-1.560189548755));
#1586 = CARTESIAN_POINT('',(4.030064280064,-1.55953436233));
#1587 = CARTESIAN_POINT('',(4.01916364664,-1.558836835629));
#1588 = CARTESIAN_POINT('',(4.009132212568,-1.558101778237));
#1589 = CARTESIAN_POINT('',(3.999924336552,-1.557334801913));
#1590 = CARTESIAN_POINT('',(3.991472524262,-1.556541441344));
#1591 = CARTESIAN_POINT('',(3.974327294637,-1.554742099268));
#1592 = CARTESIAN_POINT('',(3.965945693793,-1.55372596961));
#1593 = CARTESIAN_POINT('',(3.958416129067,-1.552684276097));
#1594 = CARTESIAN_POINT('',(3.95160579677,-1.551622282215));
#1595 = CARTESIAN_POINT('',(3.945403685347,-1.550543859237));
#1596 = CARTESIAN_POINT('',(3.939720888799,-1.549451384171));
#1597 = CARTESIAN_POINT('',(3.934481313597,-1.54834585227));
#1598 = ( GEOMETRIC_REPRESENTATION_CONTEXT(2) 
PARAMETRIC_REPRESENTATION_CONTEXT() REPRESENTATION_CONTEXT('2D SPACE',''
  ) );
#1599 = PCURVE('',#1398,#1600);
#1600 = DEFINITIONAL_REPRESENTATION('',(#1601),#1658);
#1601 = B_SPLINE_CURVE_WITH_KNOTS('',7,(#1602,#1603,#1604,#1605,#1606,
    #1607,#1608,#1609,#1610,#1611,#1612,#1613,#1614,#1615,#1616,#1617,
    #1618,#1619,#1620,#1621,#1622,#1623,#1624,#1625,#1626,#1627,#1628,
    #1629,#1630,#1631,#1632,#1633,#1634,#1635,#1636,#1637,#1638,#1639,
    #1640,#1641,#1642,#1643,#1644,#1645,#1646,#1647,#1648,#1649,#1650,
    #1651,#1652,#1653,#1654,#1655,#1656,#1657),.UNSPECIFIED.,.F.,.F.,(8,
    6,6,6,6,6,6,6,6,8),(0.,0.249084670308,0.564378207561,0.680533689564,
    0.77070912072,0.843171509157,0.861064826919,0.893357965775,
    0.941667601968,1.),.UNSPECIFIED.);
#1602 = CARTESIAN_POINT('',(0.371862077807,-0.150049396596));
#1603 = CARTESIAN_POINT('',(0.365410776122,-0.150039689867));
#1604 = CARTESIAN_POINT('',(0.360450375146,-0.150034199183));
#1605 = CARTESIAN_POINT('',(0.356213908686,-0.150030212374));
#1606 = CARTESIAN_POINT('',(0.352515023845,-0.150027531365));
#1607 = CARTESIAN_POINT('',(0.349141643259,-0.150025538042));
#1608 = CARTESIAN_POINT('',(0.346002405858,-0.150024172159));
#1609 = CARTESIAN_POINT('',(0.339199439,-0.150022186891));
#1610 = CARTESIAN_POINT('',(0.335620987762,-0.150021869222));
#1611 = CARTESIAN_POINT('',(0.332078846829,-0.15002216427));
#1612 = CARTESIAN_POINT('',(0.328458323686,-0.150023042918));
#1613 = CARTESIAN_POINT('',(0.324587571033,-0.150024747911));
#1614 = CARTESIAN_POINT('',(0.320313936314,-0.150027382556));
#1615 = CARTESIAN_POINT('',(0.313255168035,-0.150034076468));
#1616 = CARTESIAN_POINT('',(0.31123463174,-0.150036186082));
#1617 = CARTESIAN_POINT('',(0.30906997269,-0.150038667769));
#1618 = CARTESIAN_POINT('',(0.306729373835,-0.150041622547));
#1619 = CARTESIAN_POINT('',(0.304173102141,-0.15004517808));
#1620 = CARTESIAN_POINT('',(0.301345002164,-0.150049537514));
#1621 = CARTESIAN_POINT('',(0.295679457721,-0.150059395063));
#1622 = CARTESIAN_POINT('',(0.292985899561,-0.150064422191));
#1623 = CARTESIAN_POINT('',(0.290033084052,-0.150070340193));
#1624 = CARTESIAN_POINT('',(0.286764443368,-0.150077428548));
#1625 = CARTESIAN_POINT('',(0.283108021774,-0.150086038007));
#1626 = CARTESIAN_POINT('',(0.278960456548,-0.15009674422));
#1627 = CARTESIAN_POINT('',(0.270294454625,-0.150121898738));
#1628 = CARTESIAN_POINT('',(0.26601314705,-0.150135189762));
#1629 = CARTESIAN_POINT('',(0.261220573896,-0.150151165428));
#1630 = CARTESIAN_POINT('',(0.255807195191,-0.150170697725));
#1631 = CARTESIAN_POINT('',(0.249624934522,-0.150195027334));
#1632 = CARTESIAN_POINT('',(0.242482425432,-0.150226143893));
#1633 = CARTESIAN_POINT('',(0.232099371847,-0.15027764827));
#1634 = CARTESIAN_POINT('',(0.229971576359,-0.150288466291));
#1635 = CARTESIAN_POINT('',(0.227769008681,-0.150299952507));
#1636 = CARTESIAN_POINT('',(0.225488732728,-0.150312160494));
#1637 = CARTESIAN_POINT('',(0.223128029501,-0.150325147723));
#1638 = CARTESIAN_POINT('',(0.220684397088,-0.150338975554));
#1639 = CARTESIAN_POINT('',(0.213591590543,-0.150380300002));
#1640 = CARTESIAN_POINT('',(0.208749444054,-0.150409847538));
#1641 = CARTESIAN_POINT('',(0.203617592943,-0.15044271858));
#1642 = CARTESIAN_POINT('',(0.198188675435,-0.150479328062));
#1643 = CARTESIAN_POINT('',(0.192461738813,-0.150520099453));
#1644 = CARTESIAN_POINT('',(0.186444492001,-0.150565425075));
#1645 = CARTESIAN_POINT('',(0.170747488254,-0.150690726262));
#1646 = CARTESIAN_POINT('',(0.160727483177,-0.150776764575));
#1647 = CARTESIAN_POINT('',(0.150158007454,-0.150874790518));
#1648 = CARTESIAN_POINT('',(0.139125675811,-0.150985654947));
#1649 = CARTESIAN_POINT('',(0.127724862112,-0.151109865665));
#1650 = CARTESIAN_POINT('',(0.116044143939,-0.151247609305));
#1651 = CARTESIAN_POINT('',(8.980051127858E-02,-0.151581666846));
#1652 = CARTESIAN_POINT('',(7.513970465093E-02,-0.151784237767));
#1653 = CARTESIAN_POINT('',(6.027375877434E-02,-0.152007105111));
#1654 = CARTESIAN_POINT('',(4.528212183372E-02,-0.152250444682));
#1655 = CARTESIAN_POINT('',(3.022061441541E-02,-0.152514324523));
#1656 = CARTESIAN_POINT('',(1.512205630687E-02,-0.15279890303));
#1657 = CARTESIAN_POINT('',(0.,-0.153104656242));
#1658 = ( GEOMETRIC_REPRESENTATION_CONTEXT(2) 
PARAMETRIC_REPRESENTATION_CONTEXT() REPRESENTATION_CONTEXT('2D SPACE',''
  ) );
#1659 = ORIENTED_EDGE('',*,*,#1660,.T.);
#1660 = EDGE_CURVE('',#1479,#1661,#1663,.T.);
#1661 = VERTEX_POINT('',#1662);
#1662 = CARTESIAN_POINT('',(-0.5390625,-0.522216796875,0.672882401223));
#1663 = SURFACE_CURVE('',#1664,(#1691,#1721),.PCURVE_S1.);
#1664 = B_SPLINE_CURVE_WITH_KNOTS('',7,(#1665,#1666,#1667,#1668,#1669,
    #1670,#1671,#1672,#1673,#1674,#1675,#1676,#1677,#1678,#1679,#1680,
    #1681,#1682,#1683,#1684,#1685,#1686,#1687,#1688,#1689,#1690),
  .UNSPECIFIED.,.F.,.F.,(8,6,6,6,8),(0.,0.278640893417,0.525120825258,
    0.781262716206,1.),.UNSPECIFIED.);
#1665 = CARTESIAN_POINT('',(-0.194091796875,-0.197021484375,
    0.653104656242));
#1666 = CARTESIAN_POINT('',(-0.211004366686,-0.210859041493,
    0.653592513526));
#1667 = CARTESIAN_POINT('',(-0.227778444872,-0.224724100108,
    0.654123881568));
#1668 = CARTESIAN_POINT('',(-0.244337538976,-0.238560356814,
    0.654695990861));
#1669 = CARTESIAN_POINT('',(-0.260635926953,-0.252333777274,
    0.655305753809));
#1670 = CARTESIAN_POINT('',(-0.276646570779,-0.266024400295,
    0.655950221137));
#1671 = CARTESIAN_POINT('',(-0.292358468727,-0.279625322029,
    0.656626906309));
#1672 = CARTESIAN_POINT('',(-0.32140685203,-0.305095504036,
    0.657959405964));
#1673 = CARTESIAN_POINT('',(-0.334800648956,-0.316976825283,
    0.658608268678));
#1674 = CARTESIAN_POINT('',(-0.347946408638,-0.328780069149,
    0.659278849495));
#1675 = CARTESIAN_POINT('',(-0.360837925775,-0.340501664806,
    0.659969442047));
#1676 = CARTESIAN_POINT('',(-0.373469806562,-0.352138655202,
    0.660678345951));
#1677 = CARTESIAN_POINT('',(-0.385837310605,-0.363688614924,
    0.661403879976));
#1678 = CARTESIAN_POINT('',(-0.410509348575,-0.387059788047,
    0.662913938507));
#1679 = CARTESIAN_POINT('',(-0.422792080575,-0.398873574073,
    0.663699639835));
#1680 = CARTESIAN_POINT('',(-0.434779315548,-0.410588397569,
    0.664499624317));
#1681 = CARTESIAN_POINT('',(-0.446466106153,-0.422201791691,
    0.665312016904));
#1682 = CARTESIAN_POINT('',(-0.457847631165,-0.433711354459,
    0.666134949418));
#1683 = CARTESIAN_POINT('',(-0.468919195659,-0.445114751907,0.6669665676
    ));
#1684 = CARTESIAN_POINT('',(-0.488862408143,-0.466055277044,
    0.668521066151));
#1685 = CARTESIAN_POINT('',(-0.497819180187,-0.475621725942,
    0.669242090178));
#1686 = CARTESIAN_POINT('',(-0.506543661585,-0.485107619964,
    0.669966962121));
#1687 = CARTESIAN_POINT('',(-0.515033010429,-0.494511514261,
    0.670694546282));
#1688 = CARTESIAN_POINT('',(-0.523284428639,-0.503831967089,
    0.671423719374));
#1689 = CARTESIAN_POINT('',(-0.531295161968,-0.513067539807,
    0.672153370513));
#1690 = CARTESIAN_POINT('',(-0.5390625,-0.522216796875,0.672882401223));
#1691 = PCURVE('',#541,#1692);
#1692 = DEFINITIONAL_REPRESENTATION('',(#1693),#1720);
#1693 = B_SPLINE_CURVE_WITH_KNOTS('',7,(#1694,#1695,#1696,#1697,#1698,
    #1699,#1700,#1701,#1702,#1703,#1704,#1705,#1706,#1707,#1708,#1709,
    #1710,#1711,#1712,#1713,#1714,#1715,#1716,#1717,#1718,#1719),
  .UNSPECIFIED.,.F.,.F.,(8,6,6,6,8),(0.,0.278640893417,0.525120825258,
    0.781262716206,1.),.UNSPECIFIED.);
#1694 = CARTESIAN_POINT('',(3.934481313597,-1.54834585227));
#1695 = CARTESIAN_POINT('',(3.926030653829,-1.54658187476));
#1696 = CARTESIAN_POINT('',(3.919555394234,-1.544822245506));
#1697 = CARTESIAN_POINT('',(3.914451047266,-1.543075526447));
#1698 = CARTESIAN_POINT('',(3.910401503279,-1.541346764262));
#1699 = CARTESIAN_POINT('',(3.907179580763,-1.539638974682));
#1700 = CARTESIAN_POINT('',(3.904632555808,-1.537953380308));
#1701 = CARTESIAN_POINT('',(3.900889287567,-1.534818347343));
#1702 = CARTESIAN_POINT('',(3.899571710831,-1.533364921912));
#1703 = CARTESIAN_POINT('',(3.898616996372,-1.531930332022));
#1704 = CARTESIAN_POINT('',(3.897970048532,-1.530515194471));
#1705 = CARTESIAN_POINT('',(3.897591411164,-1.529120018429));
#1706 = CARTESIAN_POINT('',(3.897451435681,-1.527745227854));
#1707 = CARTESIAN_POINT('',(3.897600324663,-1.524984061734));
#1708 = CARTESIAN_POINT('',(3.897906477712,-1.523599381085));
#1709 = CARTESIAN_POINT('',(3.89841579454,-1.522237580302));
#1710 = CARTESIAN_POINT('',(3.899107777437,-1.520899073947));
#1711 = CARTESIAN_POINT('',(3.899966966029,-1.519584254523));
#1712 = CARTESIAN_POINT('',(3.90098135859,-1.518293494188));
#1713 = CARTESIAN_POINT('',(3.903130989105,-1.515945724536));
#1714 = CARTESIAN_POINT('',(3.904226878943,-1.514882109516));
#1715 = CARTESIAN_POINT('',(3.905422670639,-1.513836525718));
#1716 = CARTESIAN_POINT('',(3.906713415461,-1.512809190662));
#1717 = CARTESIAN_POINT('',(3.908095048187,-1.511800315088));
#1718 = CARTESIAN_POINT('',(3.9095643871,-1.510810102953));
#1719 = CARTESIAN_POINT('',(3.911119133995,-1.509838751431));
#1720 = ( GEOMETRIC_REPRESENTATION_CONTEXT(2) 
PARAMETRIC_REPRESENTATION_CONTEXT() REPRESENTATION_CONTEXT('2D SPACE',''
  ) );
#1721 = PCURVE('',#1722,#1729);
#1722 = SURFACE_OF_LINEAR_EXTRUSION('',#1723,#1727);
#1723 = B_SPLINE_CURVE_WITH_KNOTS('',2,(#1724,#1725,#1726),
  .UNSPECIFIED.,.F.,.F.,(3,3),(0.,1.),.PIECEWISE_BEZIER_KNOTS.);
#1724 = CARTESIAN_POINT('',(-0.5390625,-0.522216796875,0.5));
#1725 = CARTESIAN_POINT('',(-0.419677734375,-0.381591796875,0.5));
#1726 = CARTESIAN_POINT('',(-0.194091796875,-0.197021484375,0.5));
#1727 = VECTOR('',#1728,1.);
#1728 = DIRECTION('',(-0.,-0.,-1.));
#1729 = DEFINITIONAL_REPRESENTATION('',(#1730),#1757);
#1730 = B_SPLINE_CURVE_WITH_KNOTS('',7,(#1731,#1732,#1733,#1734,#1735,
    #1736,#1737,#1738,#1739,#1740,#1741,#1742,#1743,#1744,#1745,#1746,
    #1747,#1748,#1749,#1750,#1751,#1752,#1753,#1754,#1755,#1756),
  .UNSPECIFIED.,.F.,.F.,(8,6,6,6,8),(0.,0.278640893417,0.525120825258,
    0.781262716206,1.),.UNSPECIFIED.);
#1731 = CARTESIAN_POINT('',(1.,-0.153104656242));
#1732 = CARTESIAN_POINT('',(0.962514130981,-0.153592513526));
#1733 = CARTESIAN_POINT('',(0.924563428163,-0.154123881568));
#1734 = CARTESIAN_POINT('',(0.886283005351,-0.154695990861));
#1735 = CARTESIAN_POINT('',(0.847755706992,-0.155305753809));
#1736 = CARTESIAN_POINT('',(0.809029618046,-0.155950221137));
#1737 = CARTESIAN_POINT('',(0.77011762657,-0.156626906309));
#1738 = CARTESIAN_POINT('',(0.696397436303,-0.157959405964));
#1739 = CARTESIAN_POINT('',(0.661653113836,-0.158608268678));
#1740 = CARTESIAN_POINT('',(0.62677418529,-0.159278849495));
#1741 = CARTESIAN_POINT('',(0.591766148735,-0.159969442047));
#1742 = CARTESIAN_POINT('',(0.55663297862,-0.160678345951));
#1743 = CARTESIAN_POINT('',(0.521377217411,-0.161403879976));
#1744 = CARTESIAN_POINT('',(0.449236140537,-0.162913938507));
#1745 = CARTESIAN_POINT('',(0.412342087568,-0.163699639835));
#1746 = CARTESIAN_POINT('',(0.375320261211,-0.164499624317));
#1747 = CARTESIAN_POINT('',(0.338172961674,-0.165312016904));
#1748 = CARTESIAN_POINT('',(0.300902419661,-0.166134949418));
#1749 = CARTESIAN_POINT('',(0.263510779557,-0.1669665676));
#1750 = CARTESIAN_POINT('',(0.193967103021,-0.168521066151));
#1751 = CARTESIAN_POINT('',(0.161847418339,-0.169242090178));
#1752 = CARTESIAN_POINT('',(0.129642419919,-0.169966962121));
#1753 = CARTESIAN_POINT('',(9.735358151633E-02,-0.170694546282));
#1754 = CARTESIAN_POINT('',(6.49824592895E-02,-0.171423719374));
#1755 = CARTESIAN_POINT('',(3.253069179741E-02,-0.172153370513));
#1756 = CARTESIAN_POINT('',(0.,-0.172882401223));
#1757 = ( GEOMETRIC_REPRESENTATION_CONTEXT(2) 
PARAMETRIC_REPRESENTATION_CONTEXT() REPRESENTATION_CONTEXT('2D SPACE',''
  ) );
#1758 = ORIENTED_EDGE('',*,*,#1759,.T.);
#1759 = EDGE_CURVE('',#1661,#1760,#1762,.T.);
#1760 = VERTEX_POINT('',#1761);
#1761 = CARTESIAN_POINT('',(-0.712646484375,-0.807861328125,
    0.69718878729));
#1762 = SURFACE_CURVE('',#1763,(#1772,#1784),.PCURVE_S1.);
#1763 = B_SPLINE_CURVE_WITH_KNOTS('',7,(#1764,#1765,#1766,#1767,#1768,
    #1769,#1770,#1771),.UNSPECIFIED.,.F.,.F.,(8,8),(0.,1.),
  .PIECEWISE_BEZIER_KNOTS.);
#1764 = CARTESIAN_POINT('',(-0.5390625,-0.522216796875,0.672882401223));
#1765 = CARTESIAN_POINT('',(-0.57288892555,-0.562061420836,
    0.676057298845));
#1766 = CARTESIAN_POINT('',(-0.603782754334,-0.602253297872,
    0.679378520736));
#1767 = CARTESIAN_POINT('',(-0.631691381431,-0.642779081099,
    0.682814201528));
#1768 = CARTESIAN_POINT('',(-0.656566305191,-0.683621219938,
    0.686335563214));
#1769 = CARTESIAN_POINT('',(-0.678368810697,-0.724761535338,
    0.689917789641));
#1770 = CARTESIAN_POINT('',(-0.697069061143,-0.766181195692,
    0.693540644882));
#1771 = CARTESIAN_POINT('',(-0.712646484375,-0.807861328125,
    0.69718878729));
#1772 = PCURVE('',#541,#1773);
#1773 = DEFINITIONAL_REPRESENTATION('',(#1774),#1783);
#1774 = B_SPLINE_CURVE_WITH_KNOTS('',7,(#1775,#1776,#1777,#1778,#1779,
    #1780,#1781,#1782),.UNSPECIFIED.,.F.,.F.,(8,8),(0.,1.),
  .PIECEWISE_BEZIER_KNOTS.);
#1775 = CARTESIAN_POINT('',(3.911119133995,-1.509838751431));
#1776 = CARTESIAN_POINT('',(3.917889990354,-1.505608557019));
#1777 = CARTESIAN_POINT('',(3.926616616851,-1.501525461356));
#1778 = CARTESIAN_POINT('',(3.936837337847,-1.497588976281));
#1779 = CARTESIAN_POINT('',(3.94835787086,-1.493796998902));
#1780 = CARTESIAN_POINT('',(3.961032960321,-1.490145894905));
#1781 = CARTESIAN_POINT('',(3.974778414492,-1.486630462315));
#1782 = CARTESIAN_POINT('',(3.9895295814,-1.483243984095));
#1783 = ( GEOMETRIC_REPRESENTATION_CONTEXT(2) 
PARAMETRIC_REPRESENTATION_CONTEXT() REPRESENTATION_CONTEXT('2D SPACE',''
  ) );
#1784 = PCURVE('',#1785,#1792);
#1785 = SURFACE_OF_LINEAR_EXTRUSION('',#1786,#1790);
#1786 = B_SPLINE_CURVE_WITH_KNOTS('',2,(#1787,#1788,#1789),
  .UNSPECIFIED.,.F.,.F.,(3,3),(0.,1.),.PIECEWISE_BEZIER_KNOTS.);
#1787 = CARTESIAN_POINT('',(-0.712646484375,-0.807861328125,0.5));
#1788 = CARTESIAN_POINT('',(-0.658447265625,-0.662841796875,0.5));
#1789 = CARTESIAN_POINT('',(-0.5390625,-0.522216796875,0.5));
#1790 = VECTOR('',#1791,1.);
#1791 = DIRECTION('',(-0.,-0.,-1.));
#1792 = DEFINITIONAL_REPRESENTATION('',(#1793),#1802);
#1793 = B_SPLINE_CURVE_WITH_KNOTS('',7,(#1794,#1795,#1796,#1797,#1798,
    #1799,#1800,#1801),.UNSPECIFIED.,.F.,.F.,(8,8),(0.,1.),
  .PIECEWISE_BEZIER_KNOTS.);
#1794 = CARTESIAN_POINT('',(1.,-0.172882401223));
#1795 = CARTESIAN_POINT('',(0.858330225918,-0.176057298845));
#1796 = CARTESIAN_POINT('',(0.71615750406,-0.179378520736));
#1797 = CARTESIAN_POINT('',(0.573538647826,-0.182814201528));
#1798 = CARTESIAN_POINT('',(0.430543677649,-0.186335563214));
#1799 = CARTESIAN_POINT('',(0.287242508674,-0.189917789641));
#1800 = CARTESIAN_POINT('',(0.143705237748,-0.193540644882));
#1801 = CARTESIAN_POINT('',(0.,-0.19718878729));
#1802 = ( GEOMETRIC_REPRESENTATION_CONTEXT(2) 
PARAMETRIC_REPRESENTATION_CONTEXT() REPRESENTATION_CONTEXT('2D SPACE',''
  ) );
#1803 = ORIENTED_EDGE('',*,*,#1804,.T.);
#1804 = EDGE_CURVE('',#1760,#1805,#1807,.T.);
#1805 = VERTEX_POINT('',#1806);
#1806 = CARTESIAN_POINT('',(-0.743408203125,-0.990966796875,
    0.71244196216));
#1807 = SURFACE_CURVE('',#1808,(#1815,#1825),.PCURVE_S1.);
#1808 = B_SPLINE_CURVE_WITH_KNOTS('',5,(#1809,#1810,#1811,#1812,#1813,
    #1814),.UNSPECIFIED.,.F.,.F.,(6,6),(0.,1.),
  .PIECEWISE_BEZIER_KNOTS.);
#1809 = CARTESIAN_POINT('',(-0.712646484375,-0.807861328125,
    0.69718878729));
#1810 = CARTESIAN_POINT('',(-0.726136692856,-0.843053176336,
    0.700288638027));
#1811 = CARTESIAN_POINT('',(-0.735957263219,-0.878978615182,
    0.703369350239));
#1812 = CARTESIAN_POINT('',(-0.742101478683,-0.915619962308,0.7064196659
    ));
#1813 = CARTESIAN_POINT('',(-0.744577745844,-0.952956658492,
    0.709439950069));
#1814 = CARTESIAN_POINT('',(-0.743408203125,-0.990966796875,
    0.71244196216));
#1815 = PCURVE('',#541,#1816);
#1816 = DEFINITIONAL_REPRESENTATION('',(#1817),#1824);
#1817 = B_SPLINE_CURVE_WITH_KNOTS('',5,(#1818,#1819,#1820,#1821,#1822,
    #1823),.UNSPECIFIED.,.F.,.F.,(6,6),(0.,1.),
  .PIECEWISE_BEZIER_KNOTS.);
#1818 = CARTESIAN_POINT('',(3.9895295814,-1.483243984095));
#1819 = CARTESIAN_POINT('',(4.001749373589,-1.48036647115));
#1820 = CARTESIAN_POINT('',(4.015972313694,-1.477624644439));
#1821 = CARTESIAN_POINT('',(4.031965403791,-1.475006621067));
#1822 = CARTESIAN_POINT('',(4.049601982174,-1.472495949682));
#1823 = CARTESIAN_POINT('',(4.068769626351,-1.470072662969));
#1824 = ( GEOMETRIC_REPRESENTATION_CONTEXT(2) 
PARAMETRIC_REPRESENTATION_CONTEXT() REPRESENTATION_CONTEXT('2D SPACE',''
  ) );
#1825 = PCURVE('',#1826,#1833);
#1826 = SURFACE_OF_LINEAR_EXTRUSION('',#1827,#1831);
#1827 = B_SPLINE_CURVE_WITH_KNOTS('',2,(#1828,#1829,#1830),
  .UNSPECIFIED.,.F.,.F.,(3,3),(0.,1.),.PIECEWISE_BEZIER_KNOTS.);
#1828 = CARTESIAN_POINT('',(-0.743408203125,-0.990966796875,0.5));
#1829 = CARTESIAN_POINT('',(-0.746337890625,-0.895751953125,0.5));
#1830 = CARTESIAN_POINT('',(-0.712646484375,-0.807861328125,0.5));
#1831 = VECTOR('',#1832,1.);
#1832 = DIRECTION('',(-0.,-0.,-1.));
#1833 = DEFINITIONAL_REPRESENTATION('',(#1834),#1841);
#1834 = B_SPLINE_CURVE_WITH_KNOTS('',5,(#1835,#1836,#1837,#1838,#1839,
    #1840),.UNSPECIFIED.,.F.,.F.,(6,6),(0.,1.),
  .PIECEWISE_BEZIER_KNOTS.);
#1835 = CARTESIAN_POINT('',(1.,-0.19718878729));
#1836 = CARTESIAN_POINT('',(0.799797485733,-0.200288638027));
#1837 = CARTESIAN_POINT('',(0.599596752046,-0.203369350239));
#1838 = CARTESIAN_POINT('',(0.399498326948,-0.2064196659));
#1839 = CARTESIAN_POINT('',(0.19960195746,-0.209439950069));
#1840 = CARTESIAN_POINT('',(0.,-0.21244196216));
#1841 = ( GEOMETRIC_REPRESENTATION_CONTEXT(2) 
PARAMETRIC_REPRESENTATION_CONTEXT() REPRESENTATION_CONTEXT('2D SPACE',''
  ) );
#1842 = ORIENTED_EDGE('',*,*,#1843,.T.);
#1843 = EDGE_CURVE('',#1805,#1844,#1846,.T.);
#1844 = VERTEX_POINT('',#1845);
#1845 = CARTESIAN_POINT('',(0.676025390625,-0.990966796875,
    0.708541095012));
#1846 = SURFACE_CURVE('',#1847,(#1852,#1879),.PCURVE_S1.);
#1847 = CIRCLE('',#1848,12.280080814371);
#1848 = AXIS2_PLACEMENT_3D('',#1849,#1850,#1851);
#1849 = CARTESIAN_POINT('',(0.,-0.990966796875,12.97));
#1850 = DIRECTION('',(0.,-1.,0.));
#1851 = DIRECTION('',(0.,-0.,-1.));
#1852 = PCURVE('',#541,#1853);
#1853 = DEFINITIONAL_REPRESENTATION('',(#1854),#1878);
#1854 = B_SPLINE_CURVE_WITH_KNOTS('',8,(#1855,#1856,#1857,#1858,#1859,
    #1860,#1861,#1862,#1863,#1864,#1865,#1866,#1867,#1868,#1869,#1870,
    #1871,#1872,#1873,#1874,#1875,#1876,#1877),.UNSPECIFIED.,.F.,.F.,(9,
    7,7,9),(6.22261054056,6.251523834464,6.294893775319,6.338263716174),
  .UNSPECIFIED.);
#1855 = CARTESIAN_POINT('',(4.068769626351,-1.470072662969));
#1856 = CARTESIAN_POINT('',(4.097375510362,-1.472241501883));
#1857 = CARTESIAN_POINT('',(4.127391690063,-1.474315824802));
#1858 = CARTESIAN_POINT('',(4.158867999685,-1.476287489433));
#1859 = CARTESIAN_POINT('',(4.191841100671,-1.478147733924));
#1860 = CARTESIAN_POINT('',(4.22632837008,-1.479887240772));
#1861 = CARTESIAN_POINT('',(4.26231768475,-1.481496338709));
#1862 = CARTESIAN_POINT('',(4.299757536555,-1.482965366534));
#1863 = CARTESIAN_POINT('',(4.396743480466,-1.486265007319));
#1864 = CARTESIAN_POINT('',(4.457982796343,-1.487909158031));
#1865 = CARTESIAN_POINT('',(4.521945697099,-1.489186925615));
#1866 = CARTESIAN_POINT('',(4.588085525842,-1.490070488512));
#1867 = CARTESIAN_POINT('',(4.655595571793,-1.490538370638));
#1868 = CARTESIAN_POINT('',(4.723450336396,-1.490582173842));
#1869 = CARTESIAN_POINT('',(4.79068123273,-1.490207163414));
#1870 = CARTESIAN_POINT('',(4.922262457538,-1.488650346711));
#1871 = CARTESIAN_POINT('',(4.986612744271,-1.487468554895));
#1872 = CARTESIAN_POINT('',(5.048708084331,-1.485898735031));
#1873 = CARTESIAN_POINT('',(5.107885372636,-1.483966809179));
#1874 = CARTESIAN_POINT('',(5.163767434156,-1.481705258973));
#1875 = CARTESIAN_POINT('',(5.216226497057,-1.479148130198));
#1876 = CARTESIAN_POINT('',(5.265284761887,-1.476327289568));
#1877 = CARTESIAN_POINT('',(5.3110601038,-1.473272174286));
#1878 = ( GEOMETRIC_REPRESENTATION_CONTEXT(2) 
PARAMETRIC_REPRESENTATION_CONTEXT() REPRESENTATION_CONTEXT('2D SPACE',''
  ) );
#1879 = PCURVE('',#1880,#1885);
#1880 = PLANE('',#1881);
#1881 = AXIS2_PLACEMENT_3D('',#1882,#1883,#1884);
#1882 = CARTESIAN_POINT('',(0.676025390625,-0.990966796875,0.5));
#1883 = DIRECTION('',(0.,-1.,0.));
#1884 = DIRECTION('',(-1.,0.,0.));
#1885 = DEFINITIONAL_REPRESENTATION('',(#1886),#1890);
#1886 = CIRCLE('',#1887,12.280080814371);
#1887 = AXIS2_PLACEMENT_2D('',#1888,#1889);
#1888 = CARTESIAN_POINT('',(0.676025390625,-12.47));
#1889 = DIRECTION('',(-0.,1.));
#1890 = ( GEOMETRIC_REPRESENTATION_CONTEXT(2) 
PARAMETRIC_REPRESENTATION_CONTEXT() REPRESENTATION_CONTEXT('2D SPACE',''
  ) );
#1891 = ORIENTED_EDGE('',*,*,#1892,.T.);
#1892 = EDGE_CURVE('',#1844,#1893,#1895,.T.);
#1893 = VERTEX_POINT('',#1894);
#1894 = CARTESIAN_POINT('',(0.676025390625,-0.737548828125,
    0.690691737831));
#1895 = SURFACE_CURVE('',#1896,(#1901,#1912),.PCURVE_S1.);
#1896 = CIRCLE('',#1897,12.301438520402);
#1897 = AXIS2_PLACEMENT_3D('',#1898,#1899,#1900);
#1898 = CARTESIAN_POINT('',(0.676025390625,0.,12.97));
#1899 = DIRECTION('',(1.,0.,0.));
#1900 = DIRECTION('',(-0.,0.,1.));
#1901 = PCURVE('',#541,#1902);
#1902 = DEFINITIONAL_REPRESENTATION('',(#1903),#1911);
#1903 = B_SPLINE_CURVE_WITH_KNOTS('',6,(#1904,#1905,#1906,#1907,#1908,
    #1909,#1910),.UNSPECIFIED.,.F.,.F.,(7,7),(3.060948285166,
    3.08160036665),.PIECEWISE_BEZIER_KNOTS.);
#1904 = CARTESIAN_POINT('',(5.3110601038,-1.473272174286));
#1905 = CARTESIAN_POINT('',(5.330886749139,-1.476115570853));
#1906 = CARTESIAN_POINT('',(5.352102932958,-1.478912817694));
#1907 = CARTESIAN_POINT('',(5.374862974032,-1.481657857839));
#1908 = CARTESIAN_POINT('',(5.399343101705,-1.484343394252));
#1909 = CARTESIAN_POINT('',(5.425746915219,-1.486960457873));
#1910 = CARTESIAN_POINT('',(5.454291278296,-1.489497857026));
#1911 = ( GEOMETRIC_REPRESENTATION_CONTEXT(2) 
PARAMETRIC_REPRESENTATION_CONTEXT() REPRESENTATION_CONTEXT('2D SPACE',''
  ) );
#1912 = PCURVE('',#1913,#1918);
#1913 = PLANE('',#1914);
#1914 = AXIS2_PLACEMENT_3D('',#1915,#1916,#1917);
#1915 = CARTESIAN_POINT('',(0.676025390625,-0.737548828125,0.5));
#1916 = DIRECTION('',(1.,0.,0.));
#1917 = DIRECTION('',(0.,-1.,0.));
#1918 = DEFINITIONAL_REPRESENTATION('',(#1919),#1923);
#1919 = CIRCLE('',#1920,12.301438520402);
#1920 = AXIS2_PLACEMENT_2D('',#1921,#1922);
#1921 = CARTESIAN_POINT('',(-0.737548828125,-12.47));
#1922 = DIRECTION('',(0.,-1.));
#1923 = ( GEOMETRIC_REPRESENTATION_CONTEXT(2) 
PARAMETRIC_REPRESENTATION_CONTEXT() REPRESENTATION_CONTEXT('2D SPACE',''
  ) );
#1924 = ORIENTED_EDGE('',*,*,#1925,.T.);
#1925 = EDGE_CURVE('',#1893,#1926,#1928,.T.);
#1926 = VERTEX_POINT('',#1927);
#1927 = CARTESIAN_POINT('',(-0.377197265625,-0.737548828125,
    0.67788285327));
#1928 = SURFACE_CURVE('',#1929,(#1934,#1961),.PCURVE_S1.);
#1929 = CIRCLE('',#1930,12.297903143468);
#1930 = AXIS2_PLACEMENT_3D('',#1931,#1932,#1933);
#1931 = CARTESIAN_POINT('',(0.,-0.737548828125,12.97));
#1932 = DIRECTION('',(0.,1.,0.));
#1933 = DIRECTION('',(0.,-0.,1.));
#1934 = PCURVE('',#541,#1935);
#1935 = DEFINITIONAL_REPRESENTATION('',(#1936),#1960);
#1936 = B_SPLINE_CURVE_WITH_KNOTS('',8,(#1937,#1938,#1939,#1940,#1941,
    #1942,#1943,#1944,#1945,#1946,#1947,#1948,#1949,#1950,#1951,#1952,
    #1953,#1954,#1955,#1956,#1957,#1958,#1959),.UNSPECIFIED.,.F.,.F.,(9,
    7,7,9),(3.086594145794,3.12943164182,3.150850389833,3.172269137846),
  .UNSPECIFIED.);
#1937 = CARTESIAN_POINT('',(5.454291278296,-1.489497857026));
#1938 = CARTESIAN_POINT('',(5.405843971776,-1.493115973401));
#1939 = CARTESIAN_POINT('',(5.352463055874,-1.496515520531));
#1940 = CARTESIAN_POINT('',(5.293617345917,-1.49965766837));
#1941 = CARTESIAN_POINT('',(5.228824591767,-1.50249539073));
#1942 = CARTESIAN_POINT('',(5.157771349548,-1.504974547623));
#1943 = CARTESIAN_POINT('',(5.080533618315,-1.507031501523));
#1944 = CARTESIAN_POINT('',(4.998196477528,-1.508609901788));
#1945 = CARTESIAN_POINT('',(4.869568663495,-1.510206057756));
#1946 = CARTESIAN_POINT('',(4.82583910225,-1.510609532977));
#1947 = CARTESIAN_POINT('',(4.781466939118,-1.510879958812));
#1948 = CARTESIAN_POINT('',(4.736701415377,-1.511014111472));
#1949 = CARTESIAN_POINT('',(4.691821045477,-1.511010436739));
#1950 = CARTESIAN_POINT('',(4.647110786315,-1.510869247195));
#1951 = CARTESIAN_POINT('',(4.602837550912,-1.510592657068));
#1952 = CARTESIAN_POINT('',(4.515635038874,-1.509775774565));
#1953 = CARTESIAN_POINT('',(4.472705780976,-1.509235483153));
#1954 = CARTESIAN_POINT('',(4.430683374678,-1.508566893558));
#1955 = CARTESIAN_POINT('',(4.38977118426,-1.507775018075));
#1956 = CARTESIAN_POINT('',(4.35012541774,-1.506865994793));
#1957 = CARTESIAN_POINT('',(4.311852916433,-1.505846618568));
#1958 = CARTESIAN_POINT('',(4.275017144057,-1.504723901796));
#1959 = CARTESIAN_POINT('',(4.23964711835,-1.50350482929));
#1960 = ( GEOMETRIC_REPRESENTATION_CONTEXT(2) 
PARAMETRIC_REPRESENTATION_CONTEXT() REPRESENTATION_CONTEXT('2D SPACE',''
  ) );
#1961 = PCURVE('',#1962,#1967);
#1962 = PLANE('',#1963);
#1963 = AXIS2_PLACEMENT_3D('',#1964,#1965,#1966);
#1964 = CARTESIAN_POINT('',(-0.377197265625,-0.737548828125,0.5));
#1965 = DIRECTION('',(0.,1.,0.));
#1966 = DIRECTION('',(1.,0.,0.));
#1967 = DEFINITIONAL_REPRESENTATION('',(#1968),#1972);
#1968 = CIRCLE('',#1969,12.297903143468);
#1969 = AXIS2_PLACEMENT_2D('',#1970,#1971);
#1970 = CARTESIAN_POINT('',(0.377197265625,-12.47));
#1971 = DIRECTION('',(0.,-1.));
#1972 = ( GEOMETRIC_REPRESENTATION_CONTEXT(2) 
PARAMETRIC_REPRESENTATION_CONTEXT() REPRESENTATION_CONTEXT('2D SPACE',''
  ) );
#1973 = ORIENTED_EDGE('',*,*,#1974,.T.);
#1974 = EDGE_CURVE('',#1926,#1975,#1977,.T.);
#1975 = VERTEX_POINT('',#1976);
#1976 = CARTESIAN_POINT('',(-0.265869140625,-0.5947265625,0.667235517335
    ));
#1977 = SURFACE_CURVE('',#1978,(#1986,#1997),.PCURVE_S1.);
#1978 = B_SPLINE_CURVE_WITH_KNOTS('',6,(#1979,#1980,#1981,#1982,#1983,
    #1984,#1985),.UNSPECIFIED.,.F.,.F.,(7,7),(0.,1.),
  .PIECEWISE_BEZIER_KNOTS.);
#1979 = CARTESIAN_POINT('',(-0.377197265625,-0.737548828125,
    0.67788285327));
#1980 = CARTESIAN_POINT('',(-0.362493747098,-0.713533081198,
    0.675990672069));
#1981 = CARTESIAN_POINT('',(-0.346230830266,-0.689590823277,
    0.674132808041));
#1982 = CARTESIAN_POINT('',(-0.328416673696,-0.6657254531,0.672317443035
    ));
#1983 = CARTESIAN_POINT('',(-0.309065176209,-0.641947091611,
    0.670554668692));
#1984 = CARTESIAN_POINT('',(-0.288201499099,-0.618272636109,
    0.668856369332));
#1985 = CARTESIAN_POINT('',(-0.265869140625,-0.5947265625,0.667235517335
    ));
#1986 = PCURVE('',#541,#1987);
#1987 = DEFINITIONAL_REPRESENTATION('',(#1988),#1996);
#1988 = B_SPLINE_CURVE_WITH_KNOTS('',6,(#1989,#1990,#1991,#1992,#1993,
    #1994,#1995),.UNSPECIFIED.,.F.,.F.,(7,7),(0.,1.),
  .PIECEWISE_BEZIER_KNOTS.);
#1989 = CARTESIAN_POINT('',(4.23964711835,-1.50350482929));
#1990 = CARTESIAN_POINT('',(4.242249483434,-1.505788953042));
#1991 = CARTESIAN_POINT('',(4.246779945086,-1.50812454491));
#1992 = CARTESIAN_POINT('',(4.253534202719,-1.510509626636));
#1993 = CARTESIAN_POINT('',(4.262910020796,-1.512939551908));
#1994 = CARTESIAN_POINT('',(4.275450693427,-1.515406211985));
#1995 = CARTESIAN_POINT('',(4.291995704435,-1.517894283121));
#1996 = ( GEOMETRIC_REPRESENTATION_CONTEXT(2) 
PARAMETRIC_REPRESENTATION_CONTEXT() REPRESENTATION_CONTEXT('2D SPACE',''
  ) );
#1997 = PCURVE('',#1998,#2005);
#1998 = SURFACE_OF_LINEAR_EXTRUSION('',#1999,#2003);
#1999 = B_SPLINE_CURVE_WITH_KNOTS('',2,(#2000,#2001,#2002),
  .UNSPECIFIED.,.F.,.F.,(3,3),(0.,1.),.PIECEWISE_BEZIER_KNOTS.);
#2000 = CARTESIAN_POINT('',(-0.265869140625,-0.5947265625,0.5));
#2001 = CARTESIAN_POINT('',(-0.333251953125,-0.665771484375,0.5));
#2002 = CARTESIAN_POINT('',(-0.377197265625,-0.737548828125,0.5));
#2003 = VECTOR('',#2004,1.);
#2004 = DIRECTION('',(-0.,-0.,-1.));
#2005 = DEFINITIONAL_REPRESENTATION('',(#2006),#2014);
#2006 = B_SPLINE_CURVE_WITH_KNOTS('',6,(#2007,#2008,#2009,#2010,#2011,
    #2012,#2013),.UNSPECIFIED.,.F.,.F.,(7,7),(0.,1.),
  .PIECEWISE_BEZIER_KNOTS.);
#2007 = CARTESIAN_POINT('',(1.,-0.17788285327));
#2008 = CARTESIAN_POINT('',(0.832706633651,-0.175990672069));
#2009 = CARTESIAN_POINT('',(0.665582492145,-0.174132808041));
#2010 = CARTESIAN_POINT('',(0.498652549239,-0.172317443035));
#2011 = CARTESIAN_POINT('',(0.331988952514,-0.170554668692));
#2012 = CARTESIAN_POINT('',(0.165712573028,-0.168856369332));
#2013 = CARTESIAN_POINT('',(0.,-0.167235517335));
#2014 = ( GEOMETRIC_REPRESENTATION_CONTEXT(2) 
PARAMETRIC_REPRESENTATION_CONTEXT() REPRESENTATION_CONTEXT('2D SPACE',''
  ) );
#2015 = ORIENTED_EDGE('',*,*,#2016,.T.);
#2016 = EDGE_CURVE('',#1975,#2017,#2019,.T.);
#2017 = VERTEX_POINT('',#2018);
#2018 = CARTESIAN_POINT('',(3.8818359375E-02,-0.324462890625,
    0.654334489457));
#2019 = SURFACE_CURVE('',#2020,(#2043,#2069),.PCURVE_S1.);
#2020 = B_SPLINE_CURVE_WITH_KNOTS('',6,(#2021,#2022,#2023,#2024,#2025,
    #2026,#2027,#2028,#2029,#2030,#2031,#2032,#2033,#2034,#2035,#2036,
    #2037,#2038,#2039,#2040,#2041,#2042),.UNSPECIFIED.,.F.,.F.,(7,5,5,5,
    7),(0.,0.400850215842,0.696089976771,0.896407218325,1.),
  .UNSPECIFIED.);
#2021 = CARTESIAN_POINT('',(-0.265869140625,-0.5947265625,0.667235517335
    ));
#2022 = CARTESIAN_POINT('',(-0.254848317788,-0.5831067819,0.666435641105
    ));
#2023 = CARTESIAN_POINT('',(-0.241228123568,-0.569564674118,
    0.665511751359));
#2024 = CARTESIAN_POINT('',(-0.22515884655,-0.554222874369,
    0.664491657467));
#2025 = CARTESIAN_POINT('',(-0.206853487642,-0.537256329645,
    0.663411619117));
#2026 = CARTESIAN_POINT('',(-0.186646716231,-0.518936990921,
    0.662314996465));
#2027 = CARTESIAN_POINT('',(-0.149045282864,-0.485411041029,
    0.660450097661));
#2028 = CARTESIAN_POINT('',(-0.132312960063,-0.470656488519,
    0.659671475694));
#2029 = CARTESIAN_POINT('',(-0.114996419879,-0.455529373688,
    0.658921781518));
#2030 = CARTESIAN_POINT('',(-9.73456955831E-02,-0.44023154385,
    0.658217032696));
#2031 = CARTESIAN_POINT('',(-7.964356929434E-02,-0.424988594666,
    0.657568365797));
#2032 = CARTESIAN_POINT('',(-5.027264424973E-02,-0.399833021745,
    0.65658249183));
#2033 = CARTESIAN_POINT('',(-3.849093064384E-02,-0.389779743331,
    0.656212103496));
#2034 = CARTESIAN_POINT('',(-2.688042425874E-02,-0.379905123615,
    0.655871526236));
#2035 = CARTESIAN_POINT('',(-1.550081581197E-02,-0.370254774416,
    0.655560738222));
#2036 = CARTESIAN_POINT('',(-4.391446079767E-03,-0.360857366393,
    0.655278598346));
#2037 = CARTESIAN_POINT('',(1.202369035948E-02,-0.347002961365,
    0.654891474156));
#2038 = CARTESIAN_POINT('',(1.754195083435E-02,-0.342351174779,
    0.654766724328));
#2039 = CARTESIAN_POINT('',(2.298088729696E-02,-0.337771442441,
    0.654648930887));
#2040 = CARTESIAN_POINT('',(2.833953604773E-02,-0.333264097883,
    0.654537823371));
#2041 = CARTESIAN_POINT('',(3.361818213898E-02,-0.328828471514,
    0.654433112357));
#2042 = CARTESIAN_POINT('',(3.8818359375E-02,-0.324462890625,
    0.654334489457));
#2043 = PCURVE('',#541,#2044);
#2044 = DEFINITIONAL_REPRESENTATION('',(#2045),#2068);
#2045 = B_SPLINE_CURVE_WITH_KNOTS('',6,(#2046,#2047,#2048,#2049,#2050,
    #2051,#2052,#2053,#2054,#2055,#2056,#2057,#2058,#2059,#2060,#2061,
    #2062,#2063,#2064,#2065,#2066,#2067),.UNSPECIFIED.,.F.,.F.,(7,5,5,5,
    7),(0.,0.400850215842,0.696089976771,0.896407218325,1.),
  .UNSPECIFIED.);
#2046 = CARTESIAN_POINT('',(4.291995704435,-1.517894283121));
#2047 = CARTESIAN_POINT('',(4.300160522108,-1.519122124382));
#2048 = CARTESIAN_POINT('',(4.311217179338,-1.520574518971));
#2049 = CARTESIAN_POINT('',(4.325496779903,-1.5222320711));
#2050 = CARTESIAN_POINT('',(4.343473408745,-1.524066542053));
#2051 = CARTESIAN_POINT('',(4.365861971462,-1.526033796612));
#2052 = CARTESIAN_POINT('',(4.413740195538,-1.529578093223));
#2053 = CARTESIAN_POINT('',(4.436857786141,-1.531121335111));
#2054 = CARTESIAN_POINT('',(4.463064815346,-1.532679309104));
#2055 = CARTESIAN_POINT('',(4.492623017031,-1.534221340297));
#2056 = CARTESIAN_POINT('',(4.525656739431,-1.535714108416));
#2057 = CARTESIAN_POINT('',(4.586593161068,-1.538091515243));
#2058 = CARTESIAN_POINT('',(4.612736739597,-1.539017613998));
#2059 = CARTESIAN_POINT('',(4.640332175954,-1.539900208459));
#2060 = CARTESIAN_POINT('',(4.669276761016,-1.54073327415));
#2061 = CARTESIAN_POINT('',(4.699437423385,-1.541513183116));
#2062 = CARTESIAN_POINT('',(4.746811817691,-1.542613642391));
#2063 = CARTESIAN_POINT('',(4.763246534046,-1.542974177843));
#2064 = CARTESIAN_POINT('',(4.7799478674,-1.543319979654));
#2065 = CARTESIAN_POINT('',(4.79689658615,-1.543651004546));
#2066 = CARTESIAN_POINT('',(4.814073976901,-1.543967325223));
#2067 = CARTESIAN_POINT('',(4.831461844463,-1.544269130371));
#2068 = ( GEOMETRIC_REPRESENTATION_CONTEXT(2) 
PARAMETRIC_REPRESENTATION_CONTEXT() REPRESENTATION_CONTEXT('2D SPACE',''
  ) );
#2069 = PCURVE('',#2070,#2077);
#2070 = SURFACE_OF_LINEAR_EXTRUSION('',#2071,#2075);
#2071 = B_SPLINE_CURVE_WITH_KNOTS('',2,(#2072,#2073,#2074),
  .UNSPECIFIED.,.F.,.F.,(3,3),(0.,1.),.PIECEWISE_BEZIER_KNOTS.);
#2072 = CARTESIAN_POINT('',(3.8818359375E-02,-0.324462890625,0.5));
#2073 = CARTESIAN_POINT('',(-0.198486328125,-0.523681640625,0.5));
#2074 = CARTESIAN_POINT('',(-0.265869140625,-0.5947265625,0.5));
#2075 = VECTOR('',#2076,1.);
#2076 = DIRECTION('',(-0.,-0.,-1.));
#2077 = DEFINITIONAL_REPRESENTATION('',(#2078),#2101);
#2078 = B_SPLINE_CURVE_WITH_KNOTS('',6,(#2079,#2080,#2081,#2082,#2083,
    #2084,#2085,#2086,#2087,#2088,#2089,#2090,#2091,#2092,#2093,#2094,
    #2095,#2096,#2097,#2098,#2099,#2100),.UNSPECIFIED.,.F.,.F.,(7,5,5,5,
    7),(0.,0.400850215842,0.696089976771,0.896407218325,1.),
  .UNSPECIFIED.);
#2079 = CARTESIAN_POINT('',(1.,-0.167235517335));
#2080 = CARTESIAN_POINT('',(0.918222300107,-0.166435641105));
#2081 = CARTESIAN_POINT('',(0.837394415708,-0.165511751359));
#2082 = CARTESIAN_POINT('',(0.757745629434,-0.164491657467));
#2083 = CARTESIAN_POINT('',(0.679629058466,-0.163411619117));
#2084 = CARTESIAN_POINT('',(0.603527119559,-0.162314996465));
#2085 = CARTESIAN_POINT('',(0.475844837175,-0.160450097661));
#2086 = CARTESIAN_POINT('',(0.423088509392,-0.159671475694));
#2087 = CARTESIAN_POINT('',(0.372016844276,-0.158921781518));
#2088 = CARTESIAN_POINT('',(0.322957397548,-0.158217032696));
#2089 = CARTESIAN_POINT('',(0.276214120349,-0.157568365797));
#2090 = CARTESIAN_POINT('',(0.20200119305,-0.15658249183));
#2091 = CARTESIAN_POINT('',(0.173159409994,-0.156212103496));
#2092 = CARTESIAN_POINT('',(0.145542200676,-0.155871526236));
#2093 = CARTESIAN_POINT('',(0.119164069848,-0.155560738222));
#2094 = CARTESIAN_POINT('',(9.400017507695E-02,-0.155278598346));
#2095 = CARTESIAN_POINT('',(5.758846948453E-02,-0.154891474156));
#2096 = CARTESIAN_POINT('',(4.54873495087E-02,-0.154766724328));
#2097 = CARTESIAN_POINT('',(3.36884282201E-02,-0.154648930887));
#2098 = CARTESIAN_POINT('',(2.21819764324E-02,-0.154537823371));
#2099 = CARTESIAN_POINT('',(1.095675203639E-02,-0.154433112357));
#2100 = CARTESIAN_POINT('',(0.,-0.154334489457));
#2101 = ( GEOMETRIC_REPRESENTATION_CONTEXT(2) 
PARAMETRIC_REPRESENTATION_CONTEXT() REPRESENTATION_CONTEXT('2D SPACE',''
  ) );
#2102 = ORIENTED_EDGE('',*,*,#2103,.T.);
#2103 = EDGE_CURVE('',#2017,#557,#2104,.T.);
#2104 = SURFACE_CURVE('',#2105,(#2150,#2198),.PCURVE_S1.);
#2105 = B_SPLINE_CURVE_WITH_KNOTS('',7,(#2106,#2107,#2108,#2109,#2110,
    #2111,#2112,#2113,#2114,#2115,#2116,#2117,#2118,#2119,#2120,#2121,
    #2122,#2123,#2124,#2125,#2126,#2127,#2128,#2129,#2130,#2131,#2132,
    #2133,#2134,#2135,#2136,#2137,#2138,#2139,#2140,#2141,#2142,#2143,
    #2144,#2145,#2146,#2147,#2148,#2149),.UNSPECIFIED.,.F.,.F.,(8,6,6,6,
    6,6,6,8),(0.,0.216342508089,0.335415858273,0.455569087689,
    0.673363910255,0.965479519089,0.981405015381,1.),.UNSPECIFIED.);
#2106 = CARTESIAN_POINT('',(3.8818359375E-02,-0.324462890625,
    0.654334489457));
#2107 = CARTESIAN_POINT('',(5.237782338954E-02,-0.313000250943,
    0.654075238744));
#2108 = CARTESIAN_POINT('',(6.522705065187E-02,-0.302092469271,
    0.653858238375));
#2109 = CARTESIAN_POINT('',(7.746225225335E-02,-0.291664213188,
    0.653676345715));
#2110 = CARTESIAN_POINT('',(8.9175092269E-02,-0.281642256888,
    0.653524124133));
#2111 = CARTESIAN_POINT('',(0.100449839888,-0.271958128231,0.6533974654)
  );
#2112 = CARTESIAN_POINT('',(0.111363404477,-0.262548238864,
    0.653293293703));
#2113 = CARTESIAN_POINT('',(0.127836093604,-0.248289677557,
    0.653163149957));
#2114 = CARTESIAN_POINT('',(0.133596166789,-0.243292691562,
    0.653123075757));
#2115 = CARTESIAN_POINT('',(0.139280169514,-0.238350686092,
    0.653088763714));
#2116 = CARTESIAN_POINT('',(0.144899303731,-0.233454115821,
    0.653059911961));
#2117 = CARTESIAN_POINT('',(0.150464276975,-0.228593743476,
    0.653036281714));
#2118 = CARTESIAN_POINT('',(0.155985302357,-0.223760639831,
    0.653017697276));
#2119 = CARTESIAN_POINT('',(0.16700865467,-0.214088065161,0.652990270988
    ));
#2120 = CARTESIAN_POINT('',(0.172510394869,-0.209248896769,
    0.652981514054));
#2121 = CARTESIAN_POINT('',(0.177987340102,-0.204419801265,
    0.652977655045));
#2122 = CARTESIAN_POINT('',(0.183449187696,-0.199592041189,
    0.652978624279));
#2123 = CARTESIAN_POINT('',(0.188905311366,-0.194757018884,0.65298440257
    ));
#2124 = CARTESIAN_POINT('',(0.194364761216,-0.189906276496,
    0.652995021239));
#2125 = CARTESIAN_POINT('',(0.209754140491,-0.176195262749,
    0.653038732138));
#2126 = CARTESIAN_POINT('',(0.219710592994,-0.167280944608,
    0.653083066356));
#2127 = CARTESIAN_POINT('',(0.229759540022,-0.158237185095,
    0.653144041885));
#2128 = CARTESIAN_POINT('',(0.239949645618,-0.149015475336,
    0.653222632958));
#2129 = CARTESIAN_POINT('',(0.250325604929,-0.139568646897,
    0.653320320673));
#2130 = CARTESIAN_POINT('',(0.260925908674,-0.129852322543,
    0.653439024095));
#2131 = CARTESIAN_POINT('',(0.286331143602,-0.106386057394,
    0.653771313374));
#2132 = CARTESIAN_POINT('',(0.30134484488,-9.238341504133E-02,
    0.654003555092));
#2133 = CARTESIAN_POINT('',(0.316867273818,-7.774518520817E-02,
    0.654282912982));
#2134 = CARTESIAN_POINT('',(0.332897523932,-6.242999461263E-02,
    0.654614904277));
#2135 = CARTESIAN_POINT('',(0.349361074218,-4.645055418986E-02,
    0.655004851681));
#2136 = CARTESIAN_POINT('',(0.366045605604,-2.993484496424E-02,
    0.655452755035));
#2137 = CARTESIAN_POINT('',(0.38355789863,-1.218599687834E-02,
    0.655978053361));
#2138 = CARTESIAN_POINT('',(0.384460188023,-1.127034774237E-02,
    0.656005274669));
#2139 = CARTESIAN_POINT('',(0.385359394269,-1.035665173079E-02,
    0.656032558188));
#2140 = CARTESIAN_POINT('',(0.386255517369,-9.444908843534E-03,
    0.656059902363));
#2141 = CARTESIAN_POINT('',(0.387148557322,-8.535119080587E-03,
    0.656087305645));
#2142 = CARTESIAN_POINT('',(0.388038514129,-7.627282441956E-03,
    0.656114766491));
#2143 = CARTESIAN_POINT('',(0.389960922365,-5.663667997007E-03,
    0.656174412716));
#2144 = CARTESIAN_POINT('',(0.390850866286,-4.75303643731E-03,
    0.656202228163));
#2145 = CARTESIAN_POINT('',(0.391767682463,-3.814066245216E-03,
    0.656230991149));
#2146 = CARTESIAN_POINT('',(0.39277950417,-2.776396226073E-03,
    0.656262907589));
#2147 = CARTESIAN_POINT('',(0.393849008104,-1.677421642019E-03,
    0.656296906041));
#2148 = CARTESIAN_POINT('',(0.394832287458,-6.64973860034E-04,
    0.656328415866));
#2149 = CARTESIAN_POINT('',(0.39547772499,-1.110223024625E-16,
    0.656349145398));
#2150 = PCURVE('',#541,#2151);
#2151 = DEFINITIONAL_REPRESENTATION('',(#2152),#2197);
#2152 = B_SPLINE_CURVE_WITH_KNOTS('',7,(#2153,#2154,#2155,#2156,#2157,
    #2158,#2159,#2160,#2161,#2162,#2163,#2164,#2165,#2166,#2167,#2168,
    #2169,#2170,#2171,#2172,#2173,#2174,#2175,#2176,#2177,#2178,#2179,
    #2180,#2181,#2182,#2183,#2184,#2185,#2186,#2187,#2188,#2189,#2190,
    #2191,#2192,#2193,#2194,#2195,#2196),.UNSPECIFIED.,.F.,.F.,(8,6,6,6,
    6,6,6,8),(0.,0.216342508089,0.335415858273,0.455569087689,
    0.673363910255,0.965479519089,0.981405015381,1.),.UNSPECIFIED.);
#2153 = CARTESIAN_POINT('',(4.831461844463,-1.544269130371));
#2154 = CARTESIAN_POINT('',(4.876829574208,-1.545062487692));
#2155 = CARTESIAN_POINT('',(4.923002825187,-1.545754226454));
#2156 = CARTESIAN_POINT('',(4.969824776196,-1.546353440987));
#2157 = CARTESIAN_POINT('',(5.017155514652,-1.546868371861));
#2158 = CARTESIAN_POINT('',(5.064876742981,-1.547306000202));
#2159 = CARTESIAN_POINT('',(5.11289248322,-1.547671912783));
#2160 = CARTESIAN_POINT('',(5.187673037043,-1.548134743966));
#2161 = CARTESIAN_POINT('',(5.214284523347,-1.548278628854));
#2162 = CARTESIAN_POINT('',(5.240946459206,-1.54840280051));
#2163 = CARTESIAN_POINT('',(5.267645543942,-1.548507855939));
#2164 = CARTESIAN_POINT('',(5.294368955711,-1.548594281201));
#2165 = CARTESIAN_POINT('',(5.321104351503,-1.548662451416));
#2166 = CARTESIAN_POINT('',(5.374817847845,-1.548763265188));
#2167 = CARTESIAN_POINT('',(5.401795512913,-1.548795587726));
#2168 = CARTESIAN_POINT('',(5.428760679631,-1.548809868797));
#2169 = CARTESIAN_POINT('',(5.455700669095,-1.548806284678));
#2170 = CARTESIAN_POINT('',(5.482602306207,-1.548784917513));
#2171 = CARTESIAN_POINT('',(5.509451919679,-1.5487457553));
#2172 = CARTESIAN_POINT('',(5.584784105519,-1.54858525638));
#2173 = CARTESIAN_POINT('',(5.633109642788,-1.548423030143));
#2174 = CARTESIAN_POINT('',(5.681133503493,-1.548201432901));
#2175 = CARTESIAN_POINT('',(5.728757604999,-1.547919009734));
#2176 = CARTESIAN_POINT('',(5.775860863129,-1.547573625958));
#2177 = CARTESIAN_POINT('',(5.822300211907,-1.547162931065));
#2178 = CARTESIAN_POINT('',(5.929097849167,-1.546044193437));
#2179 = CARTESIAN_POINT('',(5.98883354888,-1.545282145496));
#2180 = CARTESIAN_POINT('',(6.046667494483,-1.544394972211));
#2181 = CARTESIAN_POINT('',(6.102074056037,-1.543381738226));
#2182 = CARTESIAN_POINT('',(6.154499578642,-1.542248038475));
#2183 = CARTESIAN_POINT('',(6.203535929366,-1.54101470514));
#2184 = CARTESIAN_POINT('',(6.251430686388,-1.539642727792));
#2185 = CARTESIAN_POINT('',(6.253888255754,-1.539571819795));
#2186 = CARTESIAN_POINT('',(6.256327481192,-1.539500937876));
#2187 = CARTESIAN_POINT('',(6.258748570112,-1.539430085824));
#2188 = CARTESIAN_POINT('',(6.261151727276,-1.539359267354));
#2189 = CARTESIAN_POINT('',(6.263537154796,-1.539288486101));
#2190 = CARTESIAN_POINT('',(6.268669864844,-1.539135147383));
#2191 = CARTESIAN_POINT('',(6.271033570569,-1.53906388805));
#2192 = CARTESIAN_POINT('',(6.27346199653,-1.538990330778));
#2193 = CARTESIAN_POINT('',(6.276131776867,-1.538908921539));
#2194 = CARTESIAN_POINT('',(6.278938334443,-1.538822525443));
#2195 = CARTESIAN_POINT('',(6.281503862643,-1.538742763036));
#2196 = CARTESIAN_POINT('',(6.28318530718,-1.538690346613));
#2197 = ( GEOMETRIC_REPRESENTATION_CONTEXT(2) 
PARAMETRIC_REPRESENTATION_CONTEXT() REPRESENTATION_CONTEXT('2D SPACE',''
  ) );
#2198 = PCURVE('',#604,#2199);
#2199 = DEFINITIONAL_REPRESENTATION('',(#2200),#2245);
#2200 = B_SPLINE_CURVE_WITH_KNOTS('',7,(#2201,#2202,#2203,#2204,#2205,
    #2206,#2207,#2208,#2209,#2210,#2211,#2212,#2213,#2214,#2215,#2216,
    #2217,#2218,#2219,#2220,#2221,#2222,#2223,#2224,#2225,#2226,#2227,
    #2228,#2229,#2230,#2231,#2232,#2233,#2234,#2235,#2236,#2237,#2238,
    #2239,#2240,#2241,#2242,#2243,#2244),.UNSPECIFIED.,.F.,.F.,(8,6,6,6,
    6,6,6,8),(0.,0.216342508089,0.335415858273,0.455569087689,
    0.673363910255,0.965479519089,0.981405015381,1.),.UNSPECIFIED.);
#2201 = CARTESIAN_POINT('',(1.,-0.154334489457));
#2202 = CARTESIAN_POINT('',(0.97614279871,-0.154075238744));
#2203 = CARTESIAN_POINT('',(0.953156984713,-0.153858238375));
#2204 = CARTESIAN_POINT('',(0.930923109652,-0.153676345715));
#2205 = CARTESIAN_POINT('',(0.90931529908,-0.153524124133));
#2206 = CARTESIAN_POINT('',(0.888208252513,-0.1533974654));
#2207 = CARTESIAN_POINT('',(0.867478508503,-0.153293293703));
#2208 = CARTESIAN_POINT('',(0.835728738031,-0.153163149957));
#2209 = CARTESIAN_POINT('',(0.824534189865,-0.153123075757));
#2210 = CARTESIAN_POINT('',(0.813396035768,-0.153088763714));
#2211 = CARTESIAN_POINT('',(0.802293938415,-0.153059911961));
#2212 = CARTESIAN_POINT('',(0.79120751764,-0.153036281714));
#2213 = CARTESIAN_POINT('',(0.780116350435,-0.153017697276));
#2214 = CARTESIAN_POINT('',(0.757782776741,-0.152990270988));
#2215 = CARTESIAN_POINT('',(0.746539796812,-0.152981514054));
#2216 = CARTESIAN_POINT('',(0.735250028711,-0.152977655045));
#2217 = CARTESIAN_POINT('',(0.723891928565,-0.152978624279));
#2218 = CARTESIAN_POINT('',(0.712443411083,-0.15298440257));
#2219 = CARTESIAN_POINT('',(0.700881849553,-0.152995021239));
#2220 = CARTESIAN_POINT('',(0.667980196754,-0.153038732138));
#2221 = CARTESIAN_POINT('',(0.646330819761,-0.153083066356));
#2222 = CARTESIAN_POINT('',(0.62409311585,-0.153144041885));
#2223 = CARTESIAN_POINT('',(0.601120260021,-0.153222632958));
#2224 = CARTESIAN_POINT('',(0.577255679951,-0.153320320673));
#2225 = CARTESIAN_POINT('',(0.552333343178,-0.153439024095));
#2226 = CARTESIAN_POINT('',(0.491111591052,-0.153771313374));
#2227 = CARTESIAN_POINT('',(0.453811952133,-0.154003555092));
#2228 = CARTESIAN_POINT('',(0.413910493466,-0.154282912982));
#2229 = CARTESIAN_POINT('',(0.371058877577,-0.154614904277));
#2230 = CARTESIAN_POINT('',(0.324970637578,-0.155004851681));
#2231 = CARTESIAN_POINT('',(0.275591632693,-0.155452755035));
#2232 = CARTESIAN_POINT('',(0.220326955277,-0.155978053361));
#2233 = CARTESIAN_POINT('',(0.217469812509,-0.156005274669));
#2234 = CARTESIAN_POINT('',(0.21461266974,-0.156032558188));
#2235 = CARTESIAN_POINT('',(0.211755526969,-0.156059902363));
#2236 = CARTESIAN_POINT('',(0.208898384196,-0.156087305645));
#2237 = CARTESIAN_POINT('',(0.206041241422,-0.156114766491));
#2238 = CARTESIAN_POINT('',(0.199848031436,-0.156174412716));
#2239 = CARTESIAN_POINT('',(0.196967444403,-0.156202230176));
#2240 = CARTESIAN_POINT('',(0.193993202504,-0.156230991437));
#2241 = CARTESIAN_POINT('',(0.190699222759,-0.156262904969));
#2242 = CARTESIAN_POINT('',(0.187199306866,-0.15629690406));
#2243 = CARTESIAN_POINT('',(0.183963973811,-0.156328418854));
#2244 = CARTESIAN_POINT('',(0.181837292472,-0.156349148385));
#2245 = ( GEOMETRIC_REPRESENTATION_CONTEXT(2) 
PARAMETRIC_REPRESENTATION_CONTEXT() REPRESENTATION_CONTEXT('2D SPACE',''
  ) );
#2246 = ADVANCED_FACE('',(#2247),#604,.F.);
#2247 = FACE_BOUND('',#2248,.F.);
#2248 = EDGE_LOOP('',(#2249,#2279,#2300,#2301,#2302));
#2249 = ORIENTED_EDGE('',*,*,#2250,.F.);
#2250 = EDGE_CURVE('',#2251,#2253,#2255,.T.);
#2251 = VERTEX_POINT('',#2252);
#2252 = CARTESIAN_POINT('',(0.4453125,5.3466796875E-02,0.5));
#2253 = VERTEX_POINT('',#2254);
#2254 = CARTESIAN_POINT('',(3.8818359375E-02,-0.324462890625,0.5));
#2255 = SURFACE_CURVE('',#2256,(#2260,#2267),.PCURVE_S1.);
#2256 = B_SPLINE_CURVE_WITH_KNOTS('',2,(#2257,#2258,#2259),
  .UNSPECIFIED.,.F.,.F.,(3,3),(0.,1.),.PIECEWISE_BEZIER_KNOTS.);
#2257 = CARTESIAN_POINT('',(0.4453125,5.3466796875E-02,0.5));
#2258 = CARTESIAN_POINT('',(0.322998046875,-8.4228515625E-02,0.5));
#2259 = CARTESIAN_POINT('',(3.8818359375E-02,-0.324462890625,0.5));
#2260 = PCURVE('',#604,#2261);
#2261 = DEFINITIONAL_REPRESENTATION('',(#2262),#2266);
#2262 = LINE('',#2263,#2264);
#2263 = CARTESIAN_POINT('',(0.,0.));
#2264 = VECTOR('',#2265,1.);
#2265 = DIRECTION('',(1.,0.));
#2266 = ( GEOMETRIC_REPRESENTATION_CONTEXT(2) 
PARAMETRIC_REPRESENTATION_CONTEXT() REPRESENTATION_CONTEXT('2D SPACE',''
  ) );
#2267 = PCURVE('',#2268,#2273);
#2268 = PLANE('',#2269);
#2269 = AXIS2_PLACEMENT_3D('',#2270,#2271,#2272);
#2270 = CARTESIAN_POINT('',(-0.834228515625,-0.990966796875,0.5));
#2271 = DIRECTION('',(0.,0.,1.));
#2272 = DIRECTION('',(1.,0.,0.));
#2273 = DEFINITIONAL_REPRESENTATION('',(#2274),#2278);
#2274 = B_SPLINE_CURVE_WITH_KNOTS('',2,(#2275,#2276,#2277),
  .UNSPECIFIED.,.F.,.F.,(3,3),(0.,1.),.PIECEWISE_BEZIER_KNOTS.);
#2275 = CARTESIAN_POINT('',(1.279541015625,1.04443359375));
#2276 = CARTESIAN_POINT('',(1.1572265625,0.90673828125));
#2277 = CARTESIAN_POINT('',(0.873046875,0.66650390625));
#2278 = ( GEOMETRIC_REPRESENTATION_CONTEXT(2) 
PARAMETRIC_REPRESENTATION_CONTEXT() REPRESENTATION_CONTEXT('2D SPACE',''
  ) );
#2279 = ORIENTED_EDGE('',*,*,#2280,.T.);
#2280 = EDGE_CURVE('',#2251,#583,#2281,.T.);
#2281 = SURFACE_CURVE('',#2282,(#2286,#2293),.PCURVE_S1.);
#2282 = LINE('',#2283,#2284);
#2283 = CARTESIAN_POINT('',(0.4453125,5.3466796875E-02,0.5));
#2284 = VECTOR('',#2285,1.);
#2285 = DIRECTION('',(0.,0.,1.));
#2286 = PCURVE('',#604,#2287);
#2287 = DEFINITIONAL_REPRESENTATION('',(#2288),#2292);
#2288 = LINE('',#2289,#2290);
#2289 = CARTESIAN_POINT('',(0.,0.));
#2290 = VECTOR('',#2291,1.);
#2291 = DIRECTION('',(0.,-1.));
#2292 = ( GEOMETRIC_REPRESENTATION_CONTEXT(2) 
PARAMETRIC_REPRESENTATION_CONTEXT() REPRESENTATION_CONTEXT('2D SPACE',''
  ) );
#2293 = PCURVE('',#649,#2294);
#2294 = DEFINITIONAL_REPRESENTATION('',(#2295),#2299);
#2295 = LINE('',#2296,#2297);
#2296 = CARTESIAN_POINT('',(1.,0.));
#2297 = VECTOR('',#2298,1.);
#2298 = DIRECTION('',(0.,-1.));
#2299 = ( GEOMETRIC_REPRESENTATION_CONTEXT(2) 
PARAMETRIC_REPRESENTATION_CONTEXT() REPRESENTATION_CONTEXT('2D SPACE',''
  ) );
#2300 = ORIENTED_EDGE('',*,*,#582,.F.);
#2301 = ORIENTED_EDGE('',*,*,#2103,.F.);
#2302 = ORIENTED_EDGE('',*,*,#2303,.F.);
#2303 = EDGE_CURVE('',#2253,#2017,#2304,.T.);
#2304 = SURFACE_CURVE('',#2305,(#2309,#2316),.PCURVE_S1.);
#2305 = LINE('',#2306,#2307);
#2306 = CARTESIAN_POINT('',(3.8818359375E-02,-0.324462890625,0.5));
#2307 = VECTOR('',#2308,1.);
#2308 = DIRECTION('',(0.,0.,1.));
#2309 = PCURVE('',#604,#2310);
#2310 = DEFINITIONAL_REPRESENTATION('',(#2311),#2315);
#2311 = LINE('',#2312,#2313);
#2312 = CARTESIAN_POINT('',(1.,0.));
#2313 = VECTOR('',#2314,1.);
#2314 = DIRECTION('',(0.,-1.));
#2315 = ( GEOMETRIC_REPRESENTATION_CONTEXT(2) 
PARAMETRIC_REPRESENTATION_CONTEXT() REPRESENTATION_CONTEXT('2D SPACE',''
  ) );
#2316 = PCURVE('',#2070,#2317);
#2317 = DEFINITIONAL_REPRESENTATION('',(#2318),#2322);
#2318 = LINE('',#2319,#2320);
#2319 = CARTESIAN_POINT('',(0.,0.));
#2320 = VECTOR('',#2321,1.);
#2321 = DIRECTION('',(0.,-1.));
#2322 = ( GEOMETRIC_REPRESENTATION_CONTEXT(2) 
PARAMETRIC_REPRESENTATION_CONTEXT() REPRESENTATION_CONTEXT('2D SPACE',''
  ) );
#2323 = ADVANCED_FACE('',(#2324),#2070,.F.);
#2324 = FACE_BOUND('',#2325,.F.);
#2325 = EDGE_LOOP('',(#2326,#2349,#2350,#2351));
#2326 = ORIENTED_EDGE('',*,*,#2327,.F.);
#2327 = EDGE_CURVE('',#2253,#2328,#2330,.T.);
#2328 = VERTEX_POINT('',#2329);
#2329 = CARTESIAN_POINT('',(-0.265869140625,-0.5947265625,0.5));
#2330 = SURFACE_CURVE('',#2331,(#2335,#2342),.PCURVE_S1.);
#2331 = B_SPLINE_CURVE_WITH_KNOTS('',2,(#2332,#2333,#2334),
  .UNSPECIFIED.,.F.,.F.,(3,3),(0.,1.),.PIECEWISE_BEZIER_KNOTS.);
#2332 = CARTESIAN_POINT('',(3.8818359375E-02,-0.324462890625,0.5));
#2333 = CARTESIAN_POINT('',(-0.198486328125,-0.523681640625,0.5));
#2334 = CARTESIAN_POINT('',(-0.265869140625,-0.5947265625,0.5));
#2335 = PCURVE('',#2070,#2336);
#2336 = DEFINITIONAL_REPRESENTATION('',(#2337),#2341);
#2337 = LINE('',#2338,#2339);
#2338 = CARTESIAN_POINT('',(0.,0.));
#2339 = VECTOR('',#2340,1.);
#2340 = DIRECTION('',(1.,0.));
#2341 = ( GEOMETRIC_REPRESENTATION_CONTEXT(2) 
PARAMETRIC_REPRESENTATION_CONTEXT() REPRESENTATION_CONTEXT('2D SPACE',''
  ) );
#2342 = PCURVE('',#2268,#2343);
#2343 = DEFINITIONAL_REPRESENTATION('',(#2344),#2348);
#2344 = B_SPLINE_CURVE_WITH_KNOTS('',2,(#2345,#2346,#2347),
  .UNSPECIFIED.,.F.,.F.,(3,3),(0.,1.),.PIECEWISE_BEZIER_KNOTS.);
#2345 = CARTESIAN_POINT('',(0.873046875,0.66650390625));
#2346 = CARTESIAN_POINT('',(0.6357421875,0.46728515625));
#2347 = CARTESIAN_POINT('',(0.568359375,0.396240234375));
#2348 = ( GEOMETRIC_REPRESENTATION_CONTEXT(2) 
PARAMETRIC_REPRESENTATION_CONTEXT() REPRESENTATION_CONTEXT('2D SPACE',''
  ) );
#2349 = ORIENTED_EDGE('',*,*,#2303,.T.);
#2350 = ORIENTED_EDGE('',*,*,#2016,.F.);
#2351 = ORIENTED_EDGE('',*,*,#2352,.F.);
#2352 = EDGE_CURVE('',#2328,#1975,#2353,.T.);
#2353 = SURFACE_CURVE('',#2354,(#2358,#2365),.PCURVE_S1.);
#2354 = LINE('',#2355,#2356);
#2355 = CARTESIAN_POINT('',(-0.265869140625,-0.5947265625,0.5));
#2356 = VECTOR('',#2357,1.);
#2357 = DIRECTION('',(0.,0.,1.));
#2358 = PCURVE('',#2070,#2359);
#2359 = DEFINITIONAL_REPRESENTATION('',(#2360),#2364);
#2360 = LINE('',#2361,#2362);
#2361 = CARTESIAN_POINT('',(1.,0.));
#2362 = VECTOR('',#2363,1.);
#2363 = DIRECTION('',(0.,-1.));
#2364 = ( GEOMETRIC_REPRESENTATION_CONTEXT(2) 
PARAMETRIC_REPRESENTATION_CONTEXT() REPRESENTATION_CONTEXT('2D SPACE',''
  ) );
#2365 = PCURVE('',#1998,#2366);
#2366 = DEFINITIONAL_REPRESENTATION('',(#2367),#2371);
#2367 = LINE('',#2368,#2369);
#2368 = CARTESIAN_POINT('',(0.,0.));
#2369 = VECTOR('',#2370,1.);
#2370 = DIRECTION('',(0.,-1.));
#2371 = ( GEOMETRIC_REPRESENTATION_CONTEXT(2) 
PARAMETRIC_REPRESENTATION_CONTEXT() REPRESENTATION_CONTEXT('2D SPACE',''
  ) );
#2372 = ADVANCED_FACE('',(#2373),#1998,.F.);
#2373 = FACE_BOUND('',#2374,.F.);
#2374 = EDGE_LOOP('',(#2375,#2398,#2399,#2400));
#2375 = ORIENTED_EDGE('',*,*,#2376,.F.);
#2376 = EDGE_CURVE('',#2328,#2377,#2379,.T.);
#2377 = VERTEX_POINT('',#2378);
#2378 = CARTESIAN_POINT('',(-0.377197265625,-0.737548828125,0.5));
#2379 = SURFACE_CURVE('',#2380,(#2384,#2391),.PCURVE_S1.);
#2380 = B_SPLINE_CURVE_WITH_KNOTS('',2,(#2381,#2382,#2383),
  .UNSPECIFIED.,.F.,.F.,(3,3),(0.,1.),.PIECEWISE_BEZIER_KNOTS.);
#2381 = CARTESIAN_POINT('',(-0.265869140625,-0.5947265625,0.5));
#2382 = CARTESIAN_POINT('',(-0.333251953125,-0.665771484375,0.5));
#2383 = CARTESIAN_POINT('',(-0.377197265625,-0.737548828125,0.5));
#2384 = PCURVE('',#1998,#2385);
#2385 = DEFINITIONAL_REPRESENTATION('',(#2386),#2390);
#2386 = LINE('',#2387,#2388);
#2387 = CARTESIAN_POINT('',(0.,0.));
#2388 = VECTOR('',#2389,1.);
#2389 = DIRECTION('',(1.,0.));
#2390 = ( GEOMETRIC_REPRESENTATION_CONTEXT(2) 
PARAMETRIC_REPRESENTATION_CONTEXT() REPRESENTATION_CONTEXT('2D SPACE',''
  ) );
#2391 = PCURVE('',#2268,#2392);
#2392 = DEFINITIONAL_REPRESENTATION('',(#2393),#2397);
#2393 = B_SPLINE_CURVE_WITH_KNOTS('',2,(#2394,#2395,#2396),
  .UNSPECIFIED.,.F.,.F.,(3,3),(0.,1.),.PIECEWISE_BEZIER_KNOTS.);
#2394 = CARTESIAN_POINT('',(0.568359375,0.396240234375));
#2395 = CARTESIAN_POINT('',(0.5009765625,0.3251953125));
#2396 = CARTESIAN_POINT('',(0.45703125,0.25341796875));
#2397 = ( GEOMETRIC_REPRESENTATION_CONTEXT(2) 
PARAMETRIC_REPRESENTATION_CONTEXT() REPRESENTATION_CONTEXT('2D SPACE',''
  ) );
#2398 = ORIENTED_EDGE('',*,*,#2352,.T.);
#2399 = ORIENTED_EDGE('',*,*,#1974,.F.);
#2400 = ORIENTED_EDGE('',*,*,#2401,.F.);
#2401 = EDGE_CURVE('',#2377,#1926,#2402,.T.);
#2402 = SURFACE_CURVE('',#2403,(#2407,#2414),.PCURVE_S1.);
#2403 = LINE('',#2404,#2405);
#2404 = CARTESIAN_POINT('',(-0.377197265625,-0.737548828125,0.5));
#2405 = VECTOR('',#2406,1.);
#2406 = DIRECTION('',(0.,0.,1.));
#2407 = PCURVE('',#1998,#2408);
#2408 = DEFINITIONAL_REPRESENTATION('',(#2409),#2413);
#2409 = LINE('',#2410,#2411);
#2410 = CARTESIAN_POINT('',(1.,0.));
#2411 = VECTOR('',#2412,1.);
#2412 = DIRECTION('',(0.,-1.));
#2413 = ( GEOMETRIC_REPRESENTATION_CONTEXT(2) 
PARAMETRIC_REPRESENTATION_CONTEXT() REPRESENTATION_CONTEXT('2D SPACE',''
  ) );
#2414 = PCURVE('',#1962,#2415);
#2415 = DEFINITIONAL_REPRESENTATION('',(#2416),#2420);
#2416 = LINE('',#2417,#2418);
#2417 = CARTESIAN_POINT('',(0.,0.));
#2418 = VECTOR('',#2419,1.);
#2419 = DIRECTION('',(0.,-1.));
#2420 = ( GEOMETRIC_REPRESENTATION_CONTEXT(2) 
PARAMETRIC_REPRESENTATION_CONTEXT() REPRESENTATION_CONTEXT('2D SPACE',''
  ) );
#2421 = ADVANCED_FACE('',(#2422),#1962,.F.);
#2422 = FACE_BOUND('',#2423,.F.);
#2423 = EDGE_LOOP('',(#2424,#2447,#2448,#2449));
#2424 = ORIENTED_EDGE('',*,*,#2425,.F.);
#2425 = EDGE_CURVE('',#2377,#2426,#2428,.T.);
#2426 = VERTEX_POINT('',#2427);
#2427 = CARTESIAN_POINT('',(0.676025390625,-0.737548828125,0.5));
#2428 = SURFACE_CURVE('',#2429,(#2433,#2440),.PCURVE_S1.);
#2429 = LINE('',#2430,#2431);
#2430 = CARTESIAN_POINT('',(-0.377197265625,-0.737548828125,0.5));
#2431 = VECTOR('',#2432,1.);
#2432 = DIRECTION('',(1.,0.,0.));
#2433 = PCURVE('',#1962,#2434);
#2434 = DEFINITIONAL_REPRESENTATION('',(#2435),#2439);
#2435 = LINE('',#2436,#2437);
#2436 = CARTESIAN_POINT('',(0.,0.));
#2437 = VECTOR('',#2438,1.);
#2438 = DIRECTION('',(1.,0.));
#2439 = ( GEOMETRIC_REPRESENTATION_CONTEXT(2) 
PARAMETRIC_REPRESENTATION_CONTEXT() REPRESENTATION_CONTEXT('2D SPACE',''
  ) );
#2440 = PCURVE('',#2268,#2441);
#2441 = DEFINITIONAL_REPRESENTATION('',(#2442),#2446);
#2442 = LINE('',#2443,#2444);
#2443 = CARTESIAN_POINT('',(0.45703125,0.25341796875));
#2444 = VECTOR('',#2445,1.);
#2445 = DIRECTION('',(1.,0.));
#2446 = ( GEOMETRIC_REPRESENTATION_CONTEXT(2) 
PARAMETRIC_REPRESENTATION_CONTEXT() REPRESENTATION_CONTEXT('2D SPACE',''
  ) );
#2447 = ORIENTED_EDGE('',*,*,#2401,.T.);
#2448 = ORIENTED_EDGE('',*,*,#1925,.F.);
#2449 = ORIENTED_EDGE('',*,*,#2450,.F.);
#2450 = EDGE_CURVE('',#2426,#1893,#2451,.T.);
#2451 = SURFACE_CURVE('',#2452,(#2456,#2463),.PCURVE_S1.);
#2452 = LINE('',#2453,#2454);
#2453 = CARTESIAN_POINT('',(0.676025390625,-0.737548828125,0.5));
#2454 = VECTOR('',#2455,1.);
#2455 = DIRECTION('',(0.,0.,1.));
#2456 = PCURVE('',#1962,#2457);
#2457 = DEFINITIONAL_REPRESENTATION('',(#2458),#2462);
#2458 = LINE('',#2459,#2460);
#2459 = CARTESIAN_POINT('',(1.05322265625,0.));
#2460 = VECTOR('',#2461,1.);
#2461 = DIRECTION('',(0.,-1.));
#2462 = ( GEOMETRIC_REPRESENTATION_CONTEXT(2) 
PARAMETRIC_REPRESENTATION_CONTEXT() REPRESENTATION_CONTEXT('2D SPACE',''
  ) );
#2463 = PCURVE('',#1913,#2464);
#2464 = DEFINITIONAL_REPRESENTATION('',(#2465),#2469);
#2465 = LINE('',#2466,#2467);
#2466 = CARTESIAN_POINT('',(0.,0.));
#2467 = VECTOR('',#2468,1.);
#2468 = DIRECTION('',(0.,-1.));
#2469 = ( GEOMETRIC_REPRESENTATION_CONTEXT(2) 
PARAMETRIC_REPRESENTATION_CONTEXT() REPRESENTATION_CONTEXT('2D SPACE',''
  ) );
#2470 = ADVANCED_FACE('',(#2471),#1913,.F.);
#2471 = FACE_BOUND('',#2472,.F.);
#2472 = EDGE_LOOP('',(#2473,#2496,#2497,#2498));
#2473 = ORIENTED_EDGE('',*,*,#2474,.F.);
#2474 = EDGE_CURVE('',#2426,#2475,#2477,.T.);
#2475 = VERTEX_POINT('',#2476);
#2476 = CARTESIAN_POINT('',(0.676025390625,-0.990966796875,0.5));
#2477 = SURFACE_CURVE('',#2478,(#2482,#2489),.PCURVE_S1.);
#2478 = LINE('',#2479,#2480);
#2479 = CARTESIAN_POINT('',(0.676025390625,-0.737548828125,0.5));
#2480 = VECTOR('',#2481,1.);
#2481 = DIRECTION('',(0.,-1.,0.));
#2482 = PCURVE('',#1913,#2483);
#2483 = DEFINITIONAL_REPRESENTATION('',(#2484),#2488);
#2484 = LINE('',#2485,#2486);
#2485 = CARTESIAN_POINT('',(0.,0.));
#2486 = VECTOR('',#2487,1.);
#2487 = DIRECTION('',(1.,0.));
#2488 = ( GEOMETRIC_REPRESENTATION_CONTEXT(2) 
PARAMETRIC_REPRESENTATION_CONTEXT() REPRESENTATION_CONTEXT('2D SPACE',''
  ) );
#2489 = PCURVE('',#2268,#2490);
#2490 = DEFINITIONAL_REPRESENTATION('',(#2491),#2495);
#2491 = LINE('',#2492,#2493);
#2492 = CARTESIAN_POINT('',(1.51025390625,0.25341796875));
#2493 = VECTOR('',#2494,1.);
#2494 = DIRECTION('',(0.,-1.));
#2495 = ( GEOMETRIC_REPRESENTATION_CONTEXT(2) 
PARAMETRIC_REPRESENTATION_CONTEXT() REPRESENTATION_CONTEXT('2D SPACE',''
  ) );
#2496 = ORIENTED_EDGE('',*,*,#2450,.T.);
#2497 = ORIENTED_EDGE('',*,*,#1892,.F.);
#2498 = ORIENTED_EDGE('',*,*,#2499,.F.);
#2499 = EDGE_CURVE('',#2475,#1844,#2500,.T.);
#2500 = SURFACE_CURVE('',#2501,(#2505,#2512),.PCURVE_S1.);
#2501 = LINE('',#2502,#2503);
#2502 = CARTESIAN_POINT('',(0.676025390625,-0.990966796875,0.5));
#2503 = VECTOR('',#2504,1.);
#2504 = DIRECTION('',(0.,0.,1.));
#2505 = PCURVE('',#1913,#2506);
#2506 = DEFINITIONAL_REPRESENTATION('',(#2507),#2511);
#2507 = LINE('',#2508,#2509);
#2508 = CARTESIAN_POINT('',(0.25341796875,0.));
#2509 = VECTOR('',#2510,1.);
#2510 = DIRECTION('',(0.,-1.));
#2511 = ( GEOMETRIC_REPRESENTATION_CONTEXT(2) 
PARAMETRIC_REPRESENTATION_CONTEXT() REPRESENTATION_CONTEXT('2D SPACE',''
  ) );
#2512 = PCURVE('',#1880,#2513);
#2513 = DEFINITIONAL_REPRESENTATION('',(#2514),#2518);
#2514 = LINE('',#2515,#2516);
#2515 = CARTESIAN_POINT('',(0.,-0.));
#2516 = VECTOR('',#2517,1.);
#2517 = DIRECTION('',(0.,-1.));
#2518 = ( GEOMETRIC_REPRESENTATION_CONTEXT(2) 
PARAMETRIC_REPRESENTATION_CONTEXT() REPRESENTATION_CONTEXT('2D SPACE',''
  ) );
#2519 = ADVANCED_FACE('',(#2520),#1880,.F.);
#2520 = FACE_BOUND('',#2521,.F.);
#2521 = EDGE_LOOP('',(#2522,#2545,#2546,#2547));
#2522 = ORIENTED_EDGE('',*,*,#2523,.F.);
#2523 = EDGE_CURVE('',#2475,#2524,#2526,.T.);
#2524 = VERTEX_POINT('',#2525);
#2525 = CARTESIAN_POINT('',(-0.743408203125,-0.990966796875,0.5));
#2526 = SURFACE_CURVE('',#2527,(#2531,#2538),.PCURVE_S1.);
#2527 = LINE('',#2528,#2529);
#2528 = CARTESIAN_POINT('',(0.676025390625,-0.990966796875,0.5));
#2529 = VECTOR('',#2530,1.);
#2530 = DIRECTION('',(-1.,0.,0.));
#2531 = PCURVE('',#1880,#2532);
#2532 = DEFINITIONAL_REPRESENTATION('',(#2533),#2537);
#2533 = LINE('',#2534,#2535);
#2534 = CARTESIAN_POINT('',(0.,-0.));
#2535 = VECTOR('',#2536,1.);
#2536 = DIRECTION('',(1.,0.));
#2537 = ( GEOMETRIC_REPRESENTATION_CONTEXT(2) 
PARAMETRIC_REPRESENTATION_CONTEXT() REPRESENTATION_CONTEXT('2D SPACE',''
  ) );
#2538 = PCURVE('',#2268,#2539);
#2539 = DEFINITIONAL_REPRESENTATION('',(#2540),#2544);
#2540 = LINE('',#2541,#2542);
#2541 = CARTESIAN_POINT('',(1.51025390625,0.));
#2542 = VECTOR('',#2543,1.);
#2543 = DIRECTION('',(-1.,0.));
#2544 = ( GEOMETRIC_REPRESENTATION_CONTEXT(2) 
PARAMETRIC_REPRESENTATION_CONTEXT() REPRESENTATION_CONTEXT('2D SPACE',''
  ) );
#2545 = ORIENTED_EDGE('',*,*,#2499,.T.);
#2546 = ORIENTED_EDGE('',*,*,#1843,.F.);
#2547 = ORIENTED_EDGE('',*,*,#2548,.F.);
#2548 = EDGE_CURVE('',#2524,#1805,#2549,.T.);
#2549 = SURFACE_CURVE('',#2550,(#2554,#2561),.PCURVE_S1.);
#2550 = LINE('',#2551,#2552);
#2551 = CARTESIAN_POINT('',(-0.743408203125,-0.990966796875,0.5));
#2552 = VECTOR('',#2553,1.);
#2553 = DIRECTION('',(0.,0.,1.));
#2554 = PCURVE('',#1880,#2555);
#2555 = DEFINITIONAL_REPRESENTATION('',(#2556),#2560);
#2556 = LINE('',#2557,#2558);
#2557 = CARTESIAN_POINT('',(1.41943359375,0.));
#2558 = VECTOR('',#2559,1.);
#2559 = DIRECTION('',(0.,-1.));
#2560 = ( GEOMETRIC_REPRESENTATION_CONTEXT(2) 
PARAMETRIC_REPRESENTATION_CONTEXT() REPRESENTATION_CONTEXT('2D SPACE',''
  ) );
#2561 = PCURVE('',#1826,#2562);
#2562 = DEFINITIONAL_REPRESENTATION('',(#2563),#2567);
#2563 = LINE('',#2564,#2565);
#2564 = CARTESIAN_POINT('',(0.,0.));
#2565 = VECTOR('',#2566,1.);
#2566 = DIRECTION('',(0.,-1.));
#2567 = ( GEOMETRIC_REPRESENTATION_CONTEXT(2) 
PARAMETRIC_REPRESENTATION_CONTEXT() REPRESENTATION_CONTEXT('2D SPACE',''
  ) );
#2568 = ADVANCED_FACE('',(#2569),#1826,.F.);
#2569 = FACE_BOUND('',#2570,.F.);
#2570 = EDGE_LOOP('',(#2571,#2594,#2595,#2596));
#2571 = ORIENTED_EDGE('',*,*,#2572,.F.);
#2572 = EDGE_CURVE('',#2524,#2573,#2575,.T.);
#2573 = VERTEX_POINT('',#2574);
#2574 = CARTESIAN_POINT('',(-0.712646484375,-0.807861328125,0.5));
#2575 = SURFACE_CURVE('',#2576,(#2580,#2587),.PCURVE_S1.);
#2576 = B_SPLINE_CURVE_WITH_KNOTS('',2,(#2577,#2578,#2579),
  .UNSPECIFIED.,.F.,.F.,(3,3),(0.,1.),.PIECEWISE_BEZIER_KNOTS.);
#2577 = CARTESIAN_POINT('',(-0.743408203125,-0.990966796875,0.5));
#2578 = CARTESIAN_POINT('',(-0.746337890625,-0.895751953125,0.5));
#2579 = CARTESIAN_POINT('',(-0.712646484375,-0.807861328125,0.5));
#2580 = PCURVE('',#1826,#2581);
#2581 = DEFINITIONAL_REPRESENTATION('',(#2582),#2586);
#2582 = LINE('',#2583,#2584);
#2583 = CARTESIAN_POINT('',(0.,0.));
#2584 = VECTOR('',#2585,1.);
#2585 = DIRECTION('',(1.,0.));
#2586 = ( GEOMETRIC_REPRESENTATION_CONTEXT(2) 
PARAMETRIC_REPRESENTATION_CONTEXT() REPRESENTATION_CONTEXT('2D SPACE',''
  ) );
#2587 = PCURVE('',#2268,#2588);
#2588 = DEFINITIONAL_REPRESENTATION('',(#2589),#2593);
#2589 = B_SPLINE_CURVE_WITH_KNOTS('',2,(#2590,#2591,#2592),
  .UNSPECIFIED.,.F.,.F.,(3,3),(0.,1.),.PIECEWISE_BEZIER_KNOTS.);
#2590 = CARTESIAN_POINT('',(9.08203125E-02,0.));
#2591 = CARTESIAN_POINT('',(8.7890625E-02,9.521484375E-02));
#2592 = CARTESIAN_POINT('',(0.12158203125,0.18310546875));
#2593 = ( GEOMETRIC_REPRESENTATION_CONTEXT(2) 
PARAMETRIC_REPRESENTATION_CONTEXT() REPRESENTATION_CONTEXT('2D SPACE',''
  ) );
#2594 = ORIENTED_EDGE('',*,*,#2548,.T.);
#2595 = ORIENTED_EDGE('',*,*,#1804,.F.);
#2596 = ORIENTED_EDGE('',*,*,#2597,.F.);
#2597 = EDGE_CURVE('',#2573,#1760,#2598,.T.);
#2598 = SURFACE_CURVE('',#2599,(#2603,#2610),.PCURVE_S1.);
#2599 = LINE('',#2600,#2601);
#2600 = CARTESIAN_POINT('',(-0.712646484375,-0.807861328125,0.5));
#2601 = VECTOR('',#2602,1.);
#2602 = DIRECTION('',(0.,0.,1.));
#2603 = PCURVE('',#1826,#2604);
#2604 = DEFINITIONAL_REPRESENTATION('',(#2605),#2609);
#2605 = LINE('',#2606,#2607);
#2606 = CARTESIAN_POINT('',(1.,0.));
#2607 = VECTOR('',#2608,1.);
#2608 = DIRECTION('',(0.,-1.));
#2609 = ( GEOMETRIC_REPRESENTATION_CONTEXT(2) 
PARAMETRIC_REPRESENTATION_CONTEXT() REPRESENTATION_CONTEXT('2D SPACE',''
  ) );
#2610 = PCURVE('',#1785,#2611);
#2611 = DEFINITIONAL_REPRESENTATION('',(#2612),#2616);
#2612 = LINE('',#2613,#2614);
#2613 = CARTESIAN_POINT('',(0.,0.));
#2614 = VECTOR('',#2615,1.);
#2615 = DIRECTION('',(0.,-1.));
#2616 = ( GEOMETRIC_REPRESENTATION_CONTEXT(2) 
PARAMETRIC_REPRESENTATION_CONTEXT() REPRESENTATION_CONTEXT('2D SPACE',''
  ) );
#2617 = ADVANCED_FACE('',(#2618),#1785,.F.);
#2618 = FACE_BOUND('',#2619,.F.);
#2619 = EDGE_LOOP('',(#2620,#2643,#2644,#2645));
#2620 = ORIENTED_EDGE('',*,*,#2621,.F.);
#2621 = EDGE_CURVE('',#2573,#2622,#2624,.T.);
#2622 = VERTEX_POINT('',#2623);
#2623 = CARTESIAN_POINT('',(-0.5390625,-0.522216796875,0.5));
#2624 = SURFACE_CURVE('',#2625,(#2629,#2636),.PCURVE_S1.);
#2625 = B_SPLINE_CURVE_WITH_KNOTS('',2,(#2626,#2627,#2628),
  .UNSPECIFIED.,.F.,.F.,(3,3),(0.,1.),.PIECEWISE_BEZIER_KNOTS.);
#2626 = CARTESIAN_POINT('',(-0.712646484375,-0.807861328125,0.5));
#2627 = CARTESIAN_POINT('',(-0.658447265625,-0.662841796875,0.5));
#2628 = CARTESIAN_POINT('',(-0.5390625,-0.522216796875,0.5));
#2629 = PCURVE('',#1785,#2630);
#2630 = DEFINITIONAL_REPRESENTATION('',(#2631),#2635);
#2631 = LINE('',#2632,#2633);
#2632 = CARTESIAN_POINT('',(0.,0.));
#2633 = VECTOR('',#2634,1.);
#2634 = DIRECTION('',(1.,0.));
#2635 = ( GEOMETRIC_REPRESENTATION_CONTEXT(2) 
PARAMETRIC_REPRESENTATION_CONTEXT() REPRESENTATION_CONTEXT('2D SPACE',''
  ) );
#2636 = PCURVE('',#2268,#2637);
#2637 = DEFINITIONAL_REPRESENTATION('',(#2638),#2642);
#2638 = B_SPLINE_CURVE_WITH_KNOTS('',2,(#2639,#2640,#2641),
  .UNSPECIFIED.,.F.,.F.,(3,3),(0.,1.),.PIECEWISE_BEZIER_KNOTS.);
#2639 = CARTESIAN_POINT('',(0.12158203125,0.18310546875));
#2640 = CARTESIAN_POINT('',(0.17578125,0.328125));
#2641 = CARTESIAN_POINT('',(0.295166015625,0.46875));
#2642 = ( GEOMETRIC_REPRESENTATION_CONTEXT(2) 
PARAMETRIC_REPRESENTATION_CONTEXT() REPRESENTATION_CONTEXT('2D SPACE',''
  ) );
#2643 = ORIENTED_EDGE('',*,*,#2597,.T.);
#2644 = ORIENTED_EDGE('',*,*,#1759,.F.);
#2645 = ORIENTED_EDGE('',*,*,#2646,.F.);
#2646 = EDGE_CURVE('',#2622,#1661,#2647,.T.);
#2647 = SURFACE_CURVE('',#2648,(#2652,#2659),.PCURVE_S1.);
#2648 = LINE('',#2649,#2650);
#2649 = CARTESIAN_POINT('',(-0.5390625,-0.522216796875,0.5));
#2650 = VECTOR('',#2651,1.);
#2651 = DIRECTION('',(0.,0.,1.));
#2652 = PCURVE('',#1785,#2653);
#2653 = DEFINITIONAL_REPRESENTATION('',(#2654),#2658);
#2654 = LINE('',#2655,#2656);
#2655 = CARTESIAN_POINT('',(1.,0.));
#2656 = VECTOR('',#2657,1.);
#2657 = DIRECTION('',(0.,-1.));
#2658 = ( GEOMETRIC_REPRESENTATION_CONTEXT(2) 
PARAMETRIC_REPRESENTATION_CONTEXT() REPRESENTATION_CONTEXT('2D SPACE',''
  ) );
#2659 = PCURVE('',#1722,#2660);
#2660 = DEFINITIONAL_REPRESENTATION('',(#2661),#2665);
#2661 = LINE('',#2662,#2663);
#2662 = CARTESIAN_POINT('',(0.,0.));
#2663 = VECTOR('',#2664,1.);
#2664 = DIRECTION('',(0.,-1.));
#2665 = ( GEOMETRIC_REPRESENTATION_CONTEXT(2) 
PARAMETRIC_REPRESENTATION_CONTEXT() REPRESENTATION_CONTEXT('2D SPACE',''
  ) );
#2666 = ADVANCED_FACE('',(#2667),#1722,.F.);
#2667 = FACE_BOUND('',#2668,.F.);
#2668 = EDGE_LOOP('',(#2669,#2692,#2693,#2694));
#2669 = ORIENTED_EDGE('',*,*,#2670,.F.);
#2670 = EDGE_CURVE('',#2622,#2671,#2673,.T.);
#2671 = VERTEX_POINT('',#2672);
#2672 = CARTESIAN_POINT('',(-0.194091796875,-0.197021484375,0.5));
#2673 = SURFACE_CURVE('',#2674,(#2678,#2685),.PCURVE_S1.);
#2674 = B_SPLINE_CURVE_WITH_KNOTS('',2,(#2675,#2676,#2677),
  .UNSPECIFIED.,.F.,.F.,(3,3),(0.,1.),.PIECEWISE_BEZIER_KNOTS.);
#2675 = CARTESIAN_POINT('',(-0.5390625,-0.522216796875,0.5));
#2676 = CARTESIAN_POINT('',(-0.419677734375,-0.381591796875,0.5));
#2677 = CARTESIAN_POINT('',(-0.194091796875,-0.197021484375,0.5));
#2678 = PCURVE('',#1722,#2679);
#2679 = DEFINITIONAL_REPRESENTATION('',(#2680),#2684);
#2680 = LINE('',#2681,#2682);
#2681 = CARTESIAN_POINT('',(0.,0.));
#2682 = VECTOR('',#2683,1.);
#2683 = DIRECTION('',(1.,0.));
#2684 = ( GEOMETRIC_REPRESENTATION_CONTEXT(2) 
PARAMETRIC_REPRESENTATION_CONTEXT() REPRESENTATION_CONTEXT('2D SPACE',''
  ) );
#2685 = PCURVE('',#2268,#2686);
#2686 = DEFINITIONAL_REPRESENTATION('',(#2687),#2691);
#2687 = B_SPLINE_CURVE_WITH_KNOTS('',2,(#2688,#2689,#2690),
  .UNSPECIFIED.,.F.,.F.,(3,3),(0.,1.),.PIECEWISE_BEZIER_KNOTS.);
#2688 = CARTESIAN_POINT('',(0.295166015625,0.46875));
#2689 = CARTESIAN_POINT('',(0.41455078125,0.609375));
#2690 = CARTESIAN_POINT('',(0.64013671875,0.7939453125));
#2691 = ( GEOMETRIC_REPRESENTATION_CONTEXT(2) 
PARAMETRIC_REPRESENTATION_CONTEXT() REPRESENTATION_CONTEXT('2D SPACE',''
  ) );
#2692 = ORIENTED_EDGE('',*,*,#2646,.T.);
#2693 = ORIENTED_EDGE('',*,*,#1660,.F.);
#2694 = ORIENTED_EDGE('',*,*,#2695,.F.);
#2695 = EDGE_CURVE('',#2671,#1479,#2696,.T.);
#2696 = SURFACE_CURVE('',#2697,(#2701,#2708),.PCURVE_S1.);
#2697 = LINE('',#2698,#2699);
#2698 = CARTESIAN_POINT('',(-0.194091796875,-0.197021484375,0.5));
#2699 = VECTOR('',#2700,1.);
#2700 = DIRECTION('',(0.,0.,1.));
#2701 = PCURVE('',#1722,#2702);
#2702 = DEFINITIONAL_REPRESENTATION('',(#2703),#2707);
#2703 = LINE('',#2704,#2705);
#2704 = CARTESIAN_POINT('',(1.,0.));
#2705 = VECTOR('',#2706,1.);
#2706 = DIRECTION('',(0.,-1.));
#2707 = ( GEOMETRIC_REPRESENTATION_CONTEXT(2) 
PARAMETRIC_REPRESENTATION_CONTEXT() REPRESENTATION_CONTEXT('2D SPACE',''
  ) );
#2708 = PCURVE('',#1398,#2709);
#2709 = DEFINITIONAL_REPRESENTATION('',(#2710),#2714);
#2710 = LINE('',#2711,#2712);
#2711 = CARTESIAN_POINT('',(0.,0.));
#2712 = VECTOR('',#2713,1.);
#2713 = DIRECTION('',(0.,-1.));
#2714 = ( GEOMETRIC_REPRESENTATION_CONTEXT(2) 
PARAMETRIC_REPRESENTATION_CONTEXT() REPRESENTATION_CONTEXT('2D SPACE',''
  ) );
#2715 = ADVANCED_FACE('',(#2716),#1398,.F.);
#2716 = FACE_BOUND('',#2717,.F.);
#2717 = EDGE_LOOP('',(#2718,#2741,#2742,#2743,#2744));
#2718 = ORIENTED_EDGE('',*,*,#2719,.F.);
#2719 = EDGE_CURVE('',#2671,#2720,#2722,.T.);
#2720 = VERTEX_POINT('',#2721);
#2721 = CARTESIAN_POINT('',(0.279052734375,0.2578125,0.5));
#2722 = SURFACE_CURVE('',#2723,(#2727,#2734),.PCURVE_S1.);
#2723 = B_SPLINE_CURVE_WITH_KNOTS('',2,(#2724,#2725,#2726),
  .UNSPECIFIED.,.F.,.F.,(3,3),(0.,1.),.PIECEWISE_BEZIER_KNOTS.);
#2724 = CARTESIAN_POINT('',(-0.194091796875,-0.197021484375,0.5));
#2725 = CARTESIAN_POINT('',(0.156005859375,9.0087890625E-02,0.5));
#2726 = CARTESIAN_POINT('',(0.279052734375,0.2578125,0.5));
#2727 = PCURVE('',#1398,#2728);
#2728 = DEFINITIONAL_REPRESENTATION('',(#2729),#2733);
#2729 = LINE('',#2730,#2731);
#2730 = CARTESIAN_POINT('',(0.,0.));
#2731 = VECTOR('',#2732,1.);
#2732 = DIRECTION('',(1.,0.));
#2733 = ( GEOMETRIC_REPRESENTATION_CONTEXT(2) 
PARAMETRIC_REPRESENTATION_CONTEXT() REPRESENTATION_CONTEXT('2D SPACE',''
  ) );
#2734 = PCURVE('',#2268,#2735);
#2735 = DEFINITIONAL_REPRESENTATION('',(#2736),#2740);
#2736 = B_SPLINE_CURVE_WITH_KNOTS('',2,(#2737,#2738,#2739),
  .UNSPECIFIED.,.F.,.F.,(3,3),(0.,1.),.PIECEWISE_BEZIER_KNOTS.);
#2737 = CARTESIAN_POINT('',(0.64013671875,0.7939453125));
#2738 = CARTESIAN_POINT('',(0.990234375,1.0810546875));
#2739 = CARTESIAN_POINT('',(1.11328125,1.248779296875));
#2740 = ( GEOMETRIC_REPRESENTATION_CONTEXT(2) 
PARAMETRIC_REPRESENTATION_CONTEXT() REPRESENTATION_CONTEXT('2D SPACE',''
  ) );
#2741 = ORIENTED_EDGE('',*,*,#2695,.T.);
#2742 = ORIENTED_EDGE('',*,*,#1478,.F.);
#2743 = ORIENTED_EDGE('',*,*,#1300,.F.);
#2744 = ORIENTED_EDGE('',*,*,#2745,.F.);
#2745 = EDGE_CURVE('',#2720,#1232,#2746,.T.);
#2746 = SURFACE_CURVE('',#2747,(#2751,#2758),.PCURVE_S1.);
#2747 = LINE('',#2748,#2749);
#2748 = CARTESIAN_POINT('',(0.279052734375,0.2578125,0.5));
#2749 = VECTOR('',#2750,1.);
#2750 = DIRECTION('',(0.,0.,1.));
#2751 = PCURVE('',#1398,#2752);
#2752 = DEFINITIONAL_REPRESENTATION('',(#2753),#2757);
#2753 = LINE('',#2754,#2755);
#2754 = CARTESIAN_POINT('',(1.,0.));
#2755 = VECTOR('',#2756,1.);
#2756 = DIRECTION('',(0.,-1.));
#2757 = ( GEOMETRIC_REPRESENTATION_CONTEXT(2) 
PARAMETRIC_REPRESENTATION_CONTEXT() REPRESENTATION_CONTEXT('2D SPACE',''
  ) );
#2758 = PCURVE('',#1273,#2759);
#2759 = DEFINITIONAL_REPRESENTATION('',(#2760),#2764);
#2760 = LINE('',#2761,#2762);
#2761 = CARTESIAN_POINT('',(0.,0.));
#2762 = VECTOR('',#2763,1.);
#2763 = DIRECTION('',(0.,-1.));
#2764 = ( GEOMETRIC_REPRESENTATION_CONTEXT(2) 
PARAMETRIC_REPRESENTATION_CONTEXT() REPRESENTATION_CONTEXT('2D SPACE',''
  ) );
#2765 = ADVANCED_FACE('',(#2766),#1273,.F.);
#2766 = FACE_BOUND('',#2767,.F.);
#2767 = EDGE_LOOP('',(#2768,#2791,#2792,#2793));
#2768 = ORIENTED_EDGE('',*,*,#2769,.F.);
#2769 = EDGE_CURVE('',#2720,#2770,#2772,.T.);
#2770 = VERTEX_POINT('',#2771);
#2771 = CARTESIAN_POINT('',(0.402099609375,0.574951171875,0.5));
#2772 = SURFACE_CURVE('',#2773,(#2777,#2784),.PCURVE_S1.);
#2773 = B_SPLINE_CURVE_WITH_KNOTS('',2,(#2774,#2775,#2776),
  .UNSPECIFIED.,.F.,.F.,(3,3),(0.,1.),.PIECEWISE_BEZIER_KNOTS.);
#2774 = CARTESIAN_POINT('',(0.279052734375,0.2578125,0.5));
#2775 = CARTESIAN_POINT('',(0.402099609375,0.425537109375,0.5));
#2776 = CARTESIAN_POINT('',(0.402099609375,0.574951171875,0.5));
#2777 = PCURVE('',#1273,#2778);
#2778 = DEFINITIONAL_REPRESENTATION('',(#2779),#2783);
#2779 = LINE('',#2780,#2781);
#2780 = CARTESIAN_POINT('',(0.,0.));
#2781 = VECTOR('',#2782,1.);
#2782 = DIRECTION('',(1.,0.));
#2783 = ( GEOMETRIC_REPRESENTATION_CONTEXT(2) 
PARAMETRIC_REPRESENTATION_CONTEXT() REPRESENTATION_CONTEXT('2D SPACE',''
  ) );
#2784 = PCURVE('',#2268,#2785);
#2785 = DEFINITIONAL_REPRESENTATION('',(#2786),#2790);
#2786 = B_SPLINE_CURVE_WITH_KNOTS('',2,(#2787,#2788,#2789),
  .UNSPECIFIED.,.F.,.F.,(3,3),(0.,1.),.PIECEWISE_BEZIER_KNOTS.);
#2787 = CARTESIAN_POINT('',(1.11328125,1.248779296875));
#2788 = CARTESIAN_POINT('',(1.236328125,1.41650390625));
#2789 = CARTESIAN_POINT('',(1.236328125,1.56591796875));
#2790 = ( GEOMETRIC_REPRESENTATION_CONTEXT(2) 
PARAMETRIC_REPRESENTATION_CONTEXT() REPRESENTATION_CONTEXT('2D SPACE',''
  ) );
#2791 = ORIENTED_EDGE('',*,*,#2745,.T.);
#2792 = ORIENTED_EDGE('',*,*,#1231,.F.);
#2793 = ORIENTED_EDGE('',*,*,#2794,.F.);
#2794 = EDGE_CURVE('',#2770,#1175,#2795,.T.);
#2795 = SURFACE_CURVE('',#2796,(#2800,#2807),.PCURVE_S1.);
#2796 = LINE('',#2797,#2798);
#2797 = CARTESIAN_POINT('',(0.402099609375,0.574951171875,0.5));
#2798 = VECTOR('',#2799,1.);
#2799 = DIRECTION('',(0.,0.,1.));
#2800 = PCURVE('',#1273,#2801);
#2801 = DEFINITIONAL_REPRESENTATION('',(#2802),#2806);
#2802 = LINE('',#2803,#2804);
#2803 = CARTESIAN_POINT('',(1.,0.));
#2804 = VECTOR('',#2805,1.);
#2805 = DIRECTION('',(0.,-1.));
#2806 = ( GEOMETRIC_REPRESENTATION_CONTEXT(2) 
PARAMETRIC_REPRESENTATION_CONTEXT() REPRESENTATION_CONTEXT('2D SPACE',''
  ) );
#2807 = PCURVE('',#1208,#2808);
#2808 = DEFINITIONAL_REPRESENTATION('',(#2809),#2813);
#2809 = LINE('',#2810,#2811);
#2810 = CARTESIAN_POINT('',(0.,0.));
#2811 = VECTOR('',#2812,1.);
#2812 = DIRECTION('',(0.,-1.));
#2813 = ( GEOMETRIC_REPRESENTATION_CONTEXT(2) 
PARAMETRIC_REPRESENTATION_CONTEXT() REPRESENTATION_CONTEXT('2D SPACE',''
  ) );
#2814 = ADVANCED_FACE('',(#2815),#1208,.F.);
#2815 = FACE_BOUND('',#2816,.F.);
#2816 = EDGE_LOOP('',(#2817,#2840,#2841,#2842));
#2817 = ORIENTED_EDGE('',*,*,#2818,.F.);
#2818 = EDGE_CURVE('',#2770,#2819,#2821,.T.);
#2819 = VERTEX_POINT('',#2820);
#2820 = CARTESIAN_POINT('',(0.2900390625,0.83935546875,0.5));
#2821 = SURFACE_CURVE('',#2822,(#2826,#2833),.PCURVE_S1.);
#2822 = B_SPLINE_CURVE_WITH_KNOTS('',2,(#2823,#2824,#2825),
  .UNSPECIFIED.,.F.,.F.,(3,3),(0.,1.),.PIECEWISE_BEZIER_KNOTS.);
#2823 = CARTESIAN_POINT('',(0.402099609375,0.574951171875,0.5));
#2824 = CARTESIAN_POINT('',(0.402099609375,0.731689453125,0.5));
#2825 = CARTESIAN_POINT('',(0.2900390625,0.83935546875,0.5));
#2826 = PCURVE('',#1208,#2827);
#2827 = DEFINITIONAL_REPRESENTATION('',(#2828),#2832);
#2828 = LINE('',#2829,#2830);
#2829 = CARTESIAN_POINT('',(0.,0.));
#2830 = VECTOR('',#2831,1.);
#2831 = DIRECTION('',(1.,0.));
#2832 = ( GEOMETRIC_REPRESENTATION_CONTEXT(2) 
PARAMETRIC_REPRESENTATION_CONTEXT() REPRESENTATION_CONTEXT('2D SPACE',''
  ) );
#2833 = PCURVE('',#2268,#2834);
#2834 = DEFINITIONAL_REPRESENTATION('',(#2835),#2839);
#2835 = B_SPLINE_CURVE_WITH_KNOTS('',2,(#2836,#2837,#2838),
  .UNSPECIFIED.,.F.,.F.,(3,3),(0.,1.),.PIECEWISE_BEZIER_KNOTS.);
#2836 = CARTESIAN_POINT('',(1.236328125,1.56591796875));
#2837 = CARTESIAN_POINT('',(1.236328125,1.72265625));
#2838 = CARTESIAN_POINT('',(1.124267578125,1.830322265625));
#2839 = ( GEOMETRIC_REPRESENTATION_CONTEXT(2) 
PARAMETRIC_REPRESENTATION_CONTEXT() REPRESENTATION_CONTEXT('2D SPACE',''
  ) );
#2840 = ORIENTED_EDGE('',*,*,#2794,.T.);
#2841 = ORIENTED_EDGE('',*,*,#1174,.F.);
#2842 = ORIENTED_EDGE('',*,*,#2843,.F.);
#2843 = EDGE_CURVE('',#2819,#1103,#2844,.T.);
#2844 = SURFACE_CURVE('',#2845,(#2849,#2856),.PCURVE_S1.);
#2845 = LINE('',#2846,#2847);
#2846 = CARTESIAN_POINT('',(0.2900390625,0.83935546875,0.5));
#2847 = VECTOR('',#2848,1.);
#2848 = DIRECTION('',(0.,0.,1.));
#2849 = PCURVE('',#1208,#2850);
#2850 = DEFINITIONAL_REPRESENTATION('',(#2851),#2855);
#2851 = LINE('',#2852,#2853);
#2852 = CARTESIAN_POINT('',(1.,0.));
#2853 = VECTOR('',#2854,1.);
#2854 = DIRECTION('',(0.,-1.));
#2855 = ( GEOMETRIC_REPRESENTATION_CONTEXT(2) 
PARAMETRIC_REPRESENTATION_CONTEXT() REPRESENTATION_CONTEXT('2D SPACE',''
  ) );
#2856 = PCURVE('',#1146,#2857);
#2857 = DEFINITIONAL_REPRESENTATION('',(#2858),#2862);
#2858 = LINE('',#2859,#2860);
#2859 = CARTESIAN_POINT('',(0.,0.));
#2860 = VECTOR('',#2861,1.);
#2861 = DIRECTION('',(0.,-1.));
#2862 = ( GEOMETRIC_REPRESENTATION_CONTEXT(2) 
PARAMETRIC_REPRESENTATION_CONTEXT() REPRESENTATION_CONTEXT('2D SPACE',''
  ) );
#2863 = ADVANCED_FACE('',(#2864),#1146,.F.);
#2864 = FACE_BOUND('',#2865,.F.);
#2865 = EDGE_LOOP('',(#2866,#2889,#2890,#2891));
#2866 = ORIENTED_EDGE('',*,*,#2867,.F.);
#2867 = EDGE_CURVE('',#2819,#2868,#2870,.T.);
#2868 = VERTEX_POINT('',#2869);
#2869 = CARTESIAN_POINT('',(-2.197265625E-03,0.947021484375,0.5));
#2870 = SURFACE_CURVE('',#2871,(#2875,#2882),.PCURVE_S1.);
#2871 = B_SPLINE_CURVE_WITH_KNOTS('',2,(#2872,#2873,#2874),
  .UNSPECIFIED.,.F.,.F.,(3,3),(0.,1.),.PIECEWISE_BEZIER_KNOTS.);
#2872 = CARTESIAN_POINT('',(0.2900390625,0.83935546875,0.5));
#2873 = CARTESIAN_POINT('',(0.177978515625,0.947021484375,0.5));
#2874 = CARTESIAN_POINT('',(-2.197265625E-03,0.947021484375,0.5));
#2875 = PCURVE('',#1146,#2876);
#2876 = DEFINITIONAL_REPRESENTATION('',(#2877),#2881);
#2877 = LINE('',#2878,#2879);
#2878 = CARTESIAN_POINT('',(0.,0.));
#2879 = VECTOR('',#2880,1.);
#2880 = DIRECTION('',(1.,0.));
#2881 = ( GEOMETRIC_REPRESENTATION_CONTEXT(2) 
PARAMETRIC_REPRESENTATION_CONTEXT() REPRESENTATION_CONTEXT('2D SPACE',''
  ) );
#2882 = PCURVE('',#2268,#2883);
#2883 = DEFINITIONAL_REPRESENTATION('',(#2884),#2888);
#2884 = B_SPLINE_CURVE_WITH_KNOTS('',2,(#2885,#2886,#2887),
  .UNSPECIFIED.,.F.,.F.,(3,3),(0.,1.),.PIECEWISE_BEZIER_KNOTS.);
#2885 = CARTESIAN_POINT('',(1.124267578125,1.830322265625));
#2886 = CARTESIAN_POINT('',(1.01220703125,1.93798828125));
#2887 = CARTESIAN_POINT('',(0.83203125,1.93798828125));
#2888 = ( GEOMETRIC_REPRESENTATION_CONTEXT(2) 
PARAMETRIC_REPRESENTATION_CONTEXT() REPRESENTATION_CONTEXT('2D SPACE',''
  ) );
#2889 = ORIENTED_EDGE('',*,*,#2843,.T.);
#2890 = ORIENTED_EDGE('',*,*,#1102,.F.);
#2891 = ORIENTED_EDGE('',*,*,#2892,.F.);
#2892 = EDGE_CURVE('',#2868,#1046,#2893,.T.);
#2893 = SURFACE_CURVE('',#2894,(#2898,#2905),.PCURVE_S1.);
#2894 = LINE('',#2895,#2896);
#2895 = CARTESIAN_POINT('',(-2.197265625E-03,0.947021484375,0.5));
#2896 = VECTOR('',#2897,1.);
#2897 = DIRECTION('',(0.,0.,1.));
#2898 = PCURVE('',#1146,#2899);
#2899 = DEFINITIONAL_REPRESENTATION('',(#2900),#2904);
#2900 = LINE('',#2901,#2902);
#2901 = CARTESIAN_POINT('',(1.,0.));
#2902 = VECTOR('',#2903,1.);
#2903 = DIRECTION('',(0.,-1.));
#2904 = ( GEOMETRIC_REPRESENTATION_CONTEXT(2) 
PARAMETRIC_REPRESENTATION_CONTEXT() REPRESENTATION_CONTEXT('2D SPACE',''
  ) );
#2905 = PCURVE('',#1079,#2906);
#2906 = DEFINITIONAL_REPRESENTATION('',(#2907),#2911);
#2907 = LINE('',#2908,#2909);
#2908 = CARTESIAN_POINT('',(0.,0.));
#2909 = VECTOR('',#2910,1.);
#2910 = DIRECTION('',(0.,-1.));
#2911 = ( GEOMETRIC_REPRESENTATION_CONTEXT(2) 
PARAMETRIC_REPRESENTATION_CONTEXT() REPRESENTATION_CONTEXT('2D SPACE',''
  ) );
#2912 = ADVANCED_FACE('',(#2913),#1079,.F.);
#2913 = FACE_BOUND('',#2914,.F.);
#2914 = EDGE_LOOP('',(#2915,#2938,#2939,#2940));
#2915 = ORIENTED_EDGE('',*,*,#2916,.F.);
#2916 = EDGE_CURVE('',#2868,#2917,#2919,.T.);
#2917 = VERTEX_POINT('',#2918);
#2918 = CARTESIAN_POINT('',(-0.306884765625,0.832763671875,0.5));
#2919 = SURFACE_CURVE('',#2920,(#2924,#2931),.PCURVE_S1.);
#2920 = B_SPLINE_CURVE_WITH_KNOTS('',2,(#2921,#2922,#2923),
  .UNSPECIFIED.,.F.,.F.,(3,3),(0.,1.),.PIECEWISE_BEZIER_KNOTS.);
#2921 = CARTESIAN_POINT('',(-2.197265625E-03,0.947021484375,0.5));
#2922 = CARTESIAN_POINT('',(-0.192626953125,0.947021484375,0.5));
#2923 = CARTESIAN_POINT('',(-0.306884765625,0.832763671875,0.5));
#2924 = PCURVE('',#1079,#2925);
#2925 = DEFINITIONAL_REPRESENTATION('',(#2926),#2930);
#2926 = LINE('',#2927,#2928);
#2927 = CARTESIAN_POINT('',(0.,0.));
#2928 = VECTOR('',#2929,1.);
#2929 = DIRECTION('',(1.,0.));
#2930 = ( GEOMETRIC_REPRESENTATION_CONTEXT(2) 
PARAMETRIC_REPRESENTATION_CONTEXT() REPRESENTATION_CONTEXT('2D SPACE',''
  ) );
#2931 = PCURVE('',#2268,#2932);
#2932 = DEFINITIONAL_REPRESENTATION('',(#2933),#2937);
#2933 = B_SPLINE_CURVE_WITH_KNOTS('',2,(#2934,#2935,#2936),
  .UNSPECIFIED.,.F.,.F.,(3,3),(0.,1.),.PIECEWISE_BEZIER_KNOTS.);
#2934 = CARTESIAN_POINT('',(0.83203125,1.93798828125));
#2935 = CARTESIAN_POINT('',(0.6416015625,1.93798828125));
#2936 = CARTESIAN_POINT('',(0.52734375,1.82373046875));
#2937 = ( GEOMETRIC_REPRESENTATION_CONTEXT(2) 
PARAMETRIC_REPRESENTATION_CONTEXT() REPRESENTATION_CONTEXT('2D SPACE',''
  ) );
#2938 = ORIENTED_EDGE('',*,*,#2892,.T.);
#2939 = ORIENTED_EDGE('',*,*,#1045,.F.);
#2940 = ORIENTED_EDGE('',*,*,#2941,.F.);
#2941 = EDGE_CURVE('',#2917,#995,#2942,.T.);
#2942 = SURFACE_CURVE('',#2943,(#2947,#2954),.PCURVE_S1.);
#2943 = LINE('',#2944,#2945);
#2944 = CARTESIAN_POINT('',(-0.306884765625,0.832763671875,0.5));
#2945 = VECTOR('',#2946,1.);
#2946 = DIRECTION('',(0.,0.,1.));
#2947 = PCURVE('',#1079,#2948);
#2948 = DEFINITIONAL_REPRESENTATION('',(#2949),#2953);
#2949 = LINE('',#2950,#2951);
#2950 = CARTESIAN_POINT('',(1.,0.));
#2951 = VECTOR('',#2952,1.);
#2952 = DIRECTION('',(0.,-1.));
#2953 = ( GEOMETRIC_REPRESENTATION_CONTEXT(2) 
PARAMETRIC_REPRESENTATION_CONTEXT() REPRESENTATION_CONTEXT('2D SPACE',''
  ) );
#2954 = PCURVE('',#1024,#2955);
#2955 = DEFINITIONAL_REPRESENTATION('',(#2956),#2960);
#2956 = LINE('',#2957,#2958);
#2957 = CARTESIAN_POINT('',(0.,0.));
#2958 = VECTOR('',#2959,1.);
#2959 = DIRECTION('',(0.,-1.));
#2960 = ( GEOMETRIC_REPRESENTATION_CONTEXT(2) 
PARAMETRIC_REPRESENTATION_CONTEXT() REPRESENTATION_CONTEXT('2D SPACE',''
  ) );
#2961 = ADVANCED_FACE('',(#2962),#1024,.F.);
#2962 = FACE_BOUND('',#2963,.F.);
#2963 = EDGE_LOOP('',(#2964,#2987,#2988,#2989));
#2964 = ORIENTED_EDGE('',*,*,#2965,.F.);
#2965 = EDGE_CURVE('',#2917,#2966,#2968,.T.);
#2966 = VERTEX_POINT('',#2967);
#2967 = CARTESIAN_POINT('',(-0.422607421875,0.516357421875,0.5));
#2968 = SURFACE_CURVE('',#2969,(#2973,#2980),.PCURVE_S1.);
#2969 = B_SPLINE_CURVE_WITH_KNOTS('',2,(#2970,#2971,#2972),
  .UNSPECIFIED.,.F.,.F.,(3,3),(0.,1.),.PIECEWISE_BEZIER_KNOTS.);
#2970 = CARTESIAN_POINT('',(-0.306884765625,0.832763671875,0.5));
#2971 = CARTESIAN_POINT('',(-0.421142578125,0.718505859375,0.5));
#2972 = CARTESIAN_POINT('',(-0.422607421875,0.516357421875,0.5));
#2973 = PCURVE('',#1024,#2974);
#2974 = DEFINITIONAL_REPRESENTATION('',(#2975),#2979);
#2975 = LINE('',#2976,#2977);
#2976 = CARTESIAN_POINT('',(0.,0.));
#2977 = VECTOR('',#2978,1.);
#2978 = DIRECTION('',(1.,0.));
#2979 = ( GEOMETRIC_REPRESENTATION_CONTEXT(2) 
PARAMETRIC_REPRESENTATION_CONTEXT() REPRESENTATION_CONTEXT('2D SPACE',''
  ) );
#2980 = PCURVE('',#2268,#2981);
#2981 = DEFINITIONAL_REPRESENTATION('',(#2982),#2986);
#2982 = B_SPLINE_CURVE_WITH_KNOTS('',2,(#2983,#2984,#2985),
  .UNSPECIFIED.,.F.,.F.,(3,3),(0.,1.),.PIECEWISE_BEZIER_KNOTS.);
#2983 = CARTESIAN_POINT('',(0.52734375,1.82373046875));
#2984 = CARTESIAN_POINT('',(0.4130859375,1.70947265625));
#2985 = CARTESIAN_POINT('',(0.41162109375,1.50732421875));
#2986 = ( GEOMETRIC_REPRESENTATION_CONTEXT(2) 
PARAMETRIC_REPRESENTATION_CONTEXT() REPRESENTATION_CONTEXT('2D SPACE',''
  ) );
#2987 = ORIENTED_EDGE('',*,*,#2941,.T.);
#2988 = ORIENTED_EDGE('',*,*,#994,.F.);
#2989 = ORIENTED_EDGE('',*,*,#2990,.F.);
#2990 = EDGE_CURVE('',#2966,#961,#2991,.T.);
#2991 = SURFACE_CURVE('',#2992,(#2996,#3003),.PCURVE_S1.);
#2992 = LINE('',#2993,#2994);
#2993 = CARTESIAN_POINT('',(-0.422607421875,0.516357421875,0.5));
#2994 = VECTOR('',#2995,1.);
#2995 = DIRECTION('',(0.,0.,1.));
#2996 = PCURVE('',#1024,#2997);
#2997 = DEFINITIONAL_REPRESENTATION('',(#2998),#3002);
#2998 = LINE('',#2999,#3000);
#2999 = CARTESIAN_POINT('',(1.,0.));
#3000 = VECTOR('',#3001,1.);
#3001 = DIRECTION('',(0.,-1.));
#3002 = ( GEOMETRIC_REPRESENTATION_CONTEXT(2) 
PARAMETRIC_REPRESENTATION_CONTEXT() REPRESENTATION_CONTEXT('2D SPACE',''
  ) );
#3003 = PCURVE('',#982,#3004);
#3004 = DEFINITIONAL_REPRESENTATION('',(#3005),#3009);
#3005 = LINE('',#3006,#3007);
#3006 = CARTESIAN_POINT('',(0.,0.));
#3007 = VECTOR('',#3008,1.);
#3008 = DIRECTION('',(0.,-1.));
#3009 = ( GEOMETRIC_REPRESENTATION_CONTEXT(2) 
PARAMETRIC_REPRESENTATION_CONTEXT() REPRESENTATION_CONTEXT('2D SPACE',''
  ) );
#3010 = ADVANCED_FACE('',(#3011),#982,.F.);
#3011 = FACE_BOUND('',#3012,.F.);
#3012 = EDGE_LOOP('',(#3013,#3036,#3037,#3038));
#3013 = ORIENTED_EDGE('',*,*,#3014,.F.);
#3014 = EDGE_CURVE('',#2966,#3015,#3017,.T.);
#3015 = VERTEX_POINT('',#3016);
#3016 = CARTESIAN_POINT('',(-0.693603515625,0.544189453125,0.5));
#3017 = SURFACE_CURVE('',#3018,(#3022,#3029),.PCURVE_S1.);
#3018 = LINE('',#3019,#3020);
#3019 = CARTESIAN_POINT('',(-0.422607421875,0.516357421875,0.5));
#3020 = VECTOR('',#3021,1.);
#3021 = DIRECTION('',(-0.994767435445,0.102165304181,0.));
#3022 = PCURVE('',#982,#3023);
#3023 = DEFINITIONAL_REPRESENTATION('',(#3024),#3028);
#3024 = LINE('',#3025,#3026);
#3025 = CARTESIAN_POINT('',(0.,0.));
#3026 = VECTOR('',#3027,1.);
#3027 = DIRECTION('',(1.,0.));
#3028 = ( GEOMETRIC_REPRESENTATION_CONTEXT(2) 
PARAMETRIC_REPRESENTATION_CONTEXT() REPRESENTATION_CONTEXT('2D SPACE',''
  ) );
#3029 = PCURVE('',#2268,#3030);
#3030 = DEFINITIONAL_REPRESENTATION('',(#3031),#3035);
#3031 = LINE('',#3032,#3033);
#3032 = CARTESIAN_POINT('',(0.41162109375,1.50732421875));
#3033 = VECTOR('',#3034,1.);
#3034 = DIRECTION('',(-0.994767435445,0.102165304181));
#3035 = ( GEOMETRIC_REPRESENTATION_CONTEXT(2) 
PARAMETRIC_REPRESENTATION_CONTEXT() REPRESENTATION_CONTEXT('2D SPACE',''
  ) );
#3036 = ORIENTED_EDGE('',*,*,#2990,.T.);
#3037 = ORIENTED_EDGE('',*,*,#960,.F.);
#3038 = ORIENTED_EDGE('',*,*,#3039,.F.);
#3039 = EDGE_CURVE('',#3015,#889,#3040,.T.);
#3040 = SURFACE_CURVE('',#3041,(#3045,#3052),.PCURVE_S1.);
#3041 = LINE('',#3042,#3043);
#3042 = CARTESIAN_POINT('',(-0.693603515625,0.544189453125,0.5));
#3043 = VECTOR('',#3044,1.);
#3044 = DIRECTION('',(0.,0.,1.));
#3045 = PCURVE('',#982,#3046);
#3046 = DEFINITIONAL_REPRESENTATION('',(#3047),#3051);
#3047 = LINE('',#3048,#3049);
#3048 = CARTESIAN_POINT('',(0.272421557134,0.));
#3049 = VECTOR('',#3050,1.);
#3050 = DIRECTION('',(0.,-1.));
#3051 = ( GEOMETRIC_REPRESENTATION_CONTEXT(2) 
PARAMETRIC_REPRESENTATION_CONTEXT() REPRESENTATION_CONTEXT('2D SPACE',''
  ) );
#3052 = PCURVE('',#932,#3053);
#3053 = DEFINITIONAL_REPRESENTATION('',(#3054),#3058);
#3054 = LINE('',#3055,#3056);
#3055 = CARTESIAN_POINT('',(0.,0.));
#3056 = VECTOR('',#3057,1.);
#3057 = DIRECTION('',(0.,-1.));
#3058 = ( GEOMETRIC_REPRESENTATION_CONTEXT(2) 
PARAMETRIC_REPRESENTATION_CONTEXT() REPRESENTATION_CONTEXT('2D SPACE',''
  ) );
#3059 = ADVANCED_FACE('',(#3060),#932,.F.);
#3060 = FACE_BOUND('',#3061,.F.);
#3061 = EDGE_LOOP('',(#3062,#3085,#3086,#3087));
#3062 = ORIENTED_EDGE('',*,*,#3063,.F.);
#3063 = EDGE_CURVE('',#3015,#3064,#3066,.T.);
#3064 = VERTEX_POINT('',#3065);
#3065 = CARTESIAN_POINT('',(-0.484130859375,1.00634765625,0.5));
#3066 = SURFACE_CURVE('',#3067,(#3071,#3078),.PCURVE_S1.);
#3067 = B_SPLINE_CURVE_WITH_KNOTS('',2,(#3068,#3069,#3070),
  .UNSPECIFIED.,.F.,.F.,(3,3),(0.,1.),.PIECEWISE_BEZIER_KNOTS.);
#3068 = CARTESIAN_POINT('',(-0.693603515625,0.544189453125,0.5));
#3069 = CARTESIAN_POINT('',(-0.665771484375,0.847412109375,0.5));
#3070 = CARTESIAN_POINT('',(-0.484130859375,1.00634765625,0.5));
#3071 = PCURVE('',#932,#3072);
#3072 = DEFINITIONAL_REPRESENTATION('',(#3073),#3077);
#3073 = LINE('',#3074,#3075);
#3074 = CARTESIAN_POINT('',(0.,0.));
#3075 = VECTOR('',#3076,1.);
#3076 = DIRECTION('',(1.,0.));
#3077 = ( GEOMETRIC_REPRESENTATION_CONTEXT(2) 
PARAMETRIC_REPRESENTATION_CONTEXT() REPRESENTATION_CONTEXT('2D SPACE',''
  ) );
#3078 = PCURVE('',#2268,#3079);
#3079 = DEFINITIONAL_REPRESENTATION('',(#3080),#3084);
#3080 = B_SPLINE_CURVE_WITH_KNOTS('',2,(#3081,#3082,#3083),
  .UNSPECIFIED.,.F.,.F.,(3,3),(0.,1.),.PIECEWISE_BEZIER_KNOTS.);
#3081 = CARTESIAN_POINT('',(0.140625,1.53515625));
#3082 = CARTESIAN_POINT('',(0.16845703125,1.83837890625));
#3083 = CARTESIAN_POINT('',(0.35009765625,1.997314453125));
#3084 = ( GEOMETRIC_REPRESENTATION_CONTEXT(2) 
PARAMETRIC_REPRESENTATION_CONTEXT() REPRESENTATION_CONTEXT('2D SPACE',''
  ) );
#3085 = ORIENTED_EDGE('',*,*,#3039,.T.);
#3086 = ORIENTED_EDGE('',*,*,#888,.F.);
#3087 = ORIENTED_EDGE('',*,*,#3088,.F.);
#3088 = EDGE_CURVE('',#3064,#832,#3089,.T.);
#3089 = SURFACE_CURVE('',#3090,(#3094,#3101),.PCURVE_S1.);
#3090 = LINE('',#3091,#3092);
#3091 = CARTESIAN_POINT('',(-0.484130859375,1.00634765625,0.5));
#3092 = VECTOR('',#3093,1.);
#3093 = DIRECTION('',(0.,0.,1.));
#3094 = PCURVE('',#932,#3095);
#3095 = DEFINITIONAL_REPRESENTATION('',(#3096),#3100);
#3096 = LINE('',#3097,#3098);
#3097 = CARTESIAN_POINT('',(1.,0.));
#3098 = VECTOR('',#3099,1.);
#3099 = DIRECTION('',(0.,-1.));
#3100 = ( GEOMETRIC_REPRESENTATION_CONTEXT(2) 
PARAMETRIC_REPRESENTATION_CONTEXT() REPRESENTATION_CONTEXT('2D SPACE',''
  ) );
#3101 = PCURVE('',#865,#3102);
#3102 = DEFINITIONAL_REPRESENTATION('',(#3103),#3107);
#3103 = LINE('',#3104,#3105);
#3104 = CARTESIAN_POINT('',(0.,0.));
#3105 = VECTOR('',#3106,1.);
#3106 = DIRECTION('',(0.,-1.));
#3107 = ( GEOMETRIC_REPRESENTATION_CONTEXT(2) 
PARAMETRIC_REPRESENTATION_CONTEXT() REPRESENTATION_CONTEXT('2D SPACE',''
  ) );
#3108 = ADVANCED_FACE('',(#3109),#865,.F.);
#3109 = FACE_BOUND('',#3110,.F.);
#3110 = EDGE_LOOP('',(#3111,#3134,#3135,#3136));
#3111 = ORIENTED_EDGE('',*,*,#3112,.F.);
#3112 = EDGE_CURVE('',#3064,#3113,#3115,.T.);
#3113 = VERTEX_POINT('',#3114);
#3114 = CARTESIAN_POINT('',(3.662109375E-03,1.165283203125,0.5));
#3115 = SURFACE_CURVE('',#3116,(#3120,#3127),.PCURVE_S1.);
#3116 = B_SPLINE_CURVE_WITH_KNOTS('',2,(#3117,#3118,#3119),
  .UNSPECIFIED.,.F.,.F.,(3,3),(0.,1.),.PIECEWISE_BEZIER_KNOTS.);
#3117 = CARTESIAN_POINT('',(-0.484130859375,1.00634765625,0.5));
#3118 = CARTESIAN_POINT('',(-0.302490234375,1.165283203125,0.5));
#3119 = CARTESIAN_POINT('',(3.662109375E-03,1.165283203125,0.5));
#3120 = PCURVE('',#865,#3121);
#3121 = DEFINITIONAL_REPRESENTATION('',(#3122),#3126);
#3122 = LINE('',#3123,#3124);
#3123 = CARTESIAN_POINT('',(0.,0.));
#3124 = VECTOR('',#3125,1.);
#3125 = DIRECTION('',(1.,0.));
#3126 = ( GEOMETRIC_REPRESENTATION_CONTEXT(2) 
PARAMETRIC_REPRESENTATION_CONTEXT() REPRESENTATION_CONTEXT('2D SPACE',''
  ) );
#3127 = PCURVE('',#2268,#3128);
#3128 = DEFINITIONAL_REPRESENTATION('',(#3129),#3133);
#3129 = B_SPLINE_CURVE_WITH_KNOTS('',2,(#3130,#3131,#3132),
  .UNSPECIFIED.,.F.,.F.,(3,3),(0.,1.),.PIECEWISE_BEZIER_KNOTS.);
#3130 = CARTESIAN_POINT('',(0.35009765625,1.997314453125));
#3131 = CARTESIAN_POINT('',(0.53173828125,2.15625));
#3132 = CARTESIAN_POINT('',(0.837890625,2.15625));
#3133 = ( GEOMETRIC_REPRESENTATION_CONTEXT(2) 
PARAMETRIC_REPRESENTATION_CONTEXT() REPRESENTATION_CONTEXT('2D SPACE',''
  ) );
#3134 = ORIENTED_EDGE('',*,*,#3088,.T.);
#3135 = ORIENTED_EDGE('',*,*,#831,.F.);
#3136 = ORIENTED_EDGE('',*,*,#3137,.F.);
#3137 = EDGE_CURVE('',#3113,#775,#3138,.T.);
#3138 = SURFACE_CURVE('',#3139,(#3143,#3150),.PCURVE_S1.);
#3139 = LINE('',#3140,#3141);
#3140 = CARTESIAN_POINT('',(3.662109375E-03,1.165283203125,0.5));
#3141 = VECTOR('',#3142,1.);
#3142 = DIRECTION('',(0.,0.,1.));
#3143 = PCURVE('',#865,#3144);
#3144 = DEFINITIONAL_REPRESENTATION('',(#3145),#3149);
#3145 = LINE('',#3146,#3147);
#3146 = CARTESIAN_POINT('',(1.,0.));
#3147 = VECTOR('',#3148,1.);
#3148 = DIRECTION('',(0.,-1.));
#3149 = ( GEOMETRIC_REPRESENTATION_CONTEXT(2) 
PARAMETRIC_REPRESENTATION_CONTEXT() REPRESENTATION_CONTEXT('2D SPACE',''
  ) );
#3150 = PCURVE('',#808,#3151);
#3151 = DEFINITIONAL_REPRESENTATION('',(#3152),#3156);
#3152 = LINE('',#3153,#3154);
#3153 = CARTESIAN_POINT('',(0.,0.));
#3154 = VECTOR('',#3155,1.);
#3155 = DIRECTION('',(0.,-1.));
#3156 = ( GEOMETRIC_REPRESENTATION_CONTEXT(2) 
PARAMETRIC_REPRESENTATION_CONTEXT() REPRESENTATION_CONTEXT('2D SPACE',''
  ) );
#3157 = ADVANCED_FACE('',(#3158),#808,.F.);
#3158 = FACE_BOUND('',#3159,.F.);
#3159 = EDGE_LOOP('',(#3160,#3183,#3184,#3185));
#3160 = ORIENTED_EDGE('',*,*,#3161,.F.);
#3161 = EDGE_CURVE('',#3113,#3162,#3164,.T.);
#3162 = VERTEX_POINT('',#3163);
#3163 = CARTESIAN_POINT('',(0.492919921875,0.993896484375,0.5));
#3164 = SURFACE_CURVE('',#3165,(#3169,#3176),.PCURVE_S1.);
#3165 = B_SPLINE_CURVE_WITH_KNOTS('',2,(#3166,#3167,#3168),
  .UNSPECIFIED.,.F.,.F.,(3,3),(0.,1.),.PIECEWISE_BEZIER_KNOTS.);
#3166 = CARTESIAN_POINT('',(3.662109375E-03,1.165283203125,0.5));
#3167 = CARTESIAN_POINT('',(0.312744140625,1.165283203125,0.5));
#3168 = CARTESIAN_POINT('',(0.492919921875,0.993896484375,0.5));
#3169 = PCURVE('',#808,#3170);
#3170 = DEFINITIONAL_REPRESENTATION('',(#3171),#3175);
#3171 = LINE('',#3172,#3173);
#3172 = CARTESIAN_POINT('',(0.,0.));
#3173 = VECTOR('',#3174,1.);
#3174 = DIRECTION('',(1.,0.));
#3175 = ( GEOMETRIC_REPRESENTATION_CONTEXT(2) 
PARAMETRIC_REPRESENTATION_CONTEXT() REPRESENTATION_CONTEXT('2D SPACE',''
  ) );
#3176 = PCURVE('',#2268,#3177);
#3177 = DEFINITIONAL_REPRESENTATION('',(#3178),#3182);
#3178 = B_SPLINE_CURVE_WITH_KNOTS('',2,(#3179,#3180,#3181),
  .UNSPECIFIED.,.F.,.F.,(3,3),(0.,1.),.PIECEWISE_BEZIER_KNOTS.);
#3179 = CARTESIAN_POINT('',(0.837890625,2.15625));
#3180 = CARTESIAN_POINT('',(1.14697265625,2.15625));
#3181 = CARTESIAN_POINT('',(1.3271484375,1.98486328125));
#3182 = ( GEOMETRIC_REPRESENTATION_CONTEXT(2) 
PARAMETRIC_REPRESENTATION_CONTEXT() REPRESENTATION_CONTEXT('2D SPACE',''
  ) );
#3183 = ORIENTED_EDGE('',*,*,#3137,.T.);
#3184 = ORIENTED_EDGE('',*,*,#774,.F.);
#3185 = ORIENTED_EDGE('',*,*,#3186,.F.);
#3186 = EDGE_CURVE('',#3162,#712,#3187,.T.);
#3187 = SURFACE_CURVE('',#3188,(#3192,#3199),.PCURVE_S1.);
#3188 = LINE('',#3189,#3190);
#3189 = CARTESIAN_POINT('',(0.492919921875,0.993896484375,0.5));
#3190 = VECTOR('',#3191,1.);
#3191 = DIRECTION('',(0.,0.,1.));
#3192 = PCURVE('',#808,#3193);
#3193 = DEFINITIONAL_REPRESENTATION('',(#3194),#3198);
#3194 = LINE('',#3195,#3196);
#3195 = CARTESIAN_POINT('',(1.,0.));
#3196 = VECTOR('',#3197,1.);
#3197 = DIRECTION('',(0.,-1.));
#3198 = ( GEOMETRIC_REPRESENTATION_CONTEXT(2) 
PARAMETRIC_REPRESENTATION_CONTEXT() REPRESENTATION_CONTEXT('2D SPACE',''
  ) );
#3199 = PCURVE('',#749,#3200);
#3200 = DEFINITIONAL_REPRESENTATION('',(#3201),#3205);
#3201 = LINE('',#3202,#3203);
#3202 = CARTESIAN_POINT('',(0.,0.));
#3203 = VECTOR('',#3204,1.);
#3204 = DIRECTION('',(0.,-1.));
#3205 = ( GEOMETRIC_REPRESENTATION_CONTEXT(2) 
PARAMETRIC_REPRESENTATION_CONTEXT() REPRESENTATION_CONTEXT('2D SPACE',''
  ) );
#3206 = ADVANCED_FACE('',(#3207),#749,.F.);
#3207 = FACE_BOUND('',#3208,.F.);
#3208 = EDGE_LOOP('',(#3209,#3232,#3233,#3234));
#3209 = ORIENTED_EDGE('',*,*,#3210,.F.);
#3210 = EDGE_CURVE('',#3162,#3211,#3213,.T.);
#3211 = VERTEX_POINT('',#3212);
#3212 = CARTESIAN_POINT('',(0.673095703125,0.569091796875,0.5));
#3213 = SURFACE_CURVE('',#3214,(#3218,#3225),.PCURVE_S1.);
#3214 = B_SPLINE_CURVE_WITH_KNOTS('',2,(#3215,#3216,#3217),
  .UNSPECIFIED.,.F.,.F.,(3,3),(0.,1.),.PIECEWISE_BEZIER_KNOTS.);
#3215 = CARTESIAN_POINT('',(0.492919921875,0.993896484375,0.5));
#3216 = CARTESIAN_POINT('',(0.673095703125,0.822509765625,0.5));
#3217 = CARTESIAN_POINT('',(0.673095703125,0.569091796875,0.5));
#3218 = PCURVE('',#749,#3219);
#3219 = DEFINITIONAL_REPRESENTATION('',(#3220),#3224);
#3220 = LINE('',#3221,#3222);
#3221 = CARTESIAN_POINT('',(0.,0.));
#3222 = VECTOR('',#3223,1.);
#3223 = DIRECTION('',(1.,0.));
#3224 = ( GEOMETRIC_REPRESENTATION_CONTEXT(2) 
PARAMETRIC_REPRESENTATION_CONTEXT() REPRESENTATION_CONTEXT('2D SPACE',''
  ) );
#3225 = PCURVE('',#2268,#3226);
#3226 = DEFINITIONAL_REPRESENTATION('',(#3227),#3231);
#3227 = B_SPLINE_CURVE_WITH_KNOTS('',2,(#3228,#3229,#3230),
  .UNSPECIFIED.,.F.,.F.,(3,3),(0.,1.),.PIECEWISE_BEZIER_KNOTS.);
#3228 = CARTESIAN_POINT('',(1.3271484375,1.98486328125));
#3229 = CARTESIAN_POINT('',(1.50732421875,1.8134765625));
#3230 = CARTESIAN_POINT('',(1.50732421875,1.56005859375));
#3231 = ( GEOMETRIC_REPRESENTATION_CONTEXT(2) 
PARAMETRIC_REPRESENTATION_CONTEXT() REPRESENTATION_CONTEXT('2D SPACE',''
  ) );
#3232 = ORIENTED_EDGE('',*,*,#3186,.T.);
#3233 = ORIENTED_EDGE('',*,*,#711,.F.);
#3234 = ORIENTED_EDGE('',*,*,#3235,.F.);
#3235 = EDGE_CURVE('',#3211,#670,#3236,.T.);
#3236 = SURFACE_CURVE('',#3237,(#3241,#3248),.PCURVE_S1.);
#3237 = LINE('',#3238,#3239);
#3238 = CARTESIAN_POINT('',(0.673095703125,0.569091796875,0.5));
#3239 = VECTOR('',#3240,1.);
#3240 = DIRECTION('',(0.,0.,1.));
#3241 = PCURVE('',#749,#3242);
#3242 = DEFINITIONAL_REPRESENTATION('',(#3243),#3247);
#3243 = LINE('',#3244,#3245);
#3244 = CARTESIAN_POINT('',(1.,0.));
#3245 = VECTOR('',#3246,1.);
#3246 = DIRECTION('',(0.,-1.));
#3247 = ( GEOMETRIC_REPRESENTATION_CONTEXT(2) 
PARAMETRIC_REPRESENTATION_CONTEXT() REPRESENTATION_CONTEXT('2D SPACE',''
  ) );
#3248 = PCURVE('',#693,#3249);
#3249 = DEFINITIONAL_REPRESENTATION('',(#3250),#3254);
#3250 = LINE('',#3251,#3252);
#3251 = CARTESIAN_POINT('',(0.,0.));
#3252 = VECTOR('',#3253,1.);
#3253 = DIRECTION('',(0.,-1.));
#3254 = ( GEOMETRIC_REPRESENTATION_CONTEXT(2) 
PARAMETRIC_REPRESENTATION_CONTEXT() REPRESENTATION_CONTEXT('2D SPACE',''
  ) );
#3255 = ADVANCED_FACE('',(#3256),#693,.F.);
#3256 = FACE_BOUND('',#3257,.F.);
#3257 = EDGE_LOOP('',(#3258,#3281,#3282,#3283));
#3258 = ORIENTED_EDGE('',*,*,#3259,.F.);
#3259 = EDGE_CURVE('',#3211,#3260,#3262,.T.);
#3260 = VERTEX_POINT('',#3261);
#3261 = CARTESIAN_POINT('',(0.620361328125,0.315673828125,0.5));
#3262 = SURFACE_CURVE('',#3263,(#3267,#3274),.PCURVE_S1.);
#3263 = B_SPLINE_CURVE_WITH_KNOTS('',2,(#3264,#3265,#3266),
  .UNSPECIFIED.,.F.,.F.,(3,3),(0.,1.),.PIECEWISE_BEZIER_KNOTS.);
#3264 = CARTESIAN_POINT('',(0.673095703125,0.569091796875,0.5));
#3265 = CARTESIAN_POINT('',(0.673095703125,0.440185546875,0.5));
#3266 = CARTESIAN_POINT('',(0.620361328125,0.315673828125,0.5));
#3267 = PCURVE('',#693,#3268);
#3268 = DEFINITIONAL_REPRESENTATION('',(#3269),#3273);
#3269 = LINE('',#3270,#3271);
#3270 = CARTESIAN_POINT('',(0.,0.));
#3271 = VECTOR('',#3272,1.);
#3272 = DIRECTION('',(1.,0.));
#3273 = ( GEOMETRIC_REPRESENTATION_CONTEXT(2) 
PARAMETRIC_REPRESENTATION_CONTEXT() REPRESENTATION_CONTEXT('2D SPACE',''
  ) );
#3274 = PCURVE('',#2268,#3275);
#3275 = DEFINITIONAL_REPRESENTATION('',(#3276),#3280);
#3276 = B_SPLINE_CURVE_WITH_KNOTS('',2,(#3277,#3278,#3279),
  .UNSPECIFIED.,.F.,.F.,(3,3),(0.,1.),.PIECEWISE_BEZIER_KNOTS.);
#3277 = CARTESIAN_POINT('',(1.50732421875,1.56005859375));
#3278 = CARTESIAN_POINT('',(1.50732421875,1.43115234375));
#3279 = CARTESIAN_POINT('',(1.45458984375,1.306640625));
#3280 = ( GEOMETRIC_REPRESENTATION_CONTEXT(2) 
PARAMETRIC_REPRESENTATION_CONTEXT() REPRESENTATION_CONTEXT('2D SPACE',''
  ) );
#3281 = ORIENTED_EDGE('',*,*,#3235,.T.);
#3282 = ORIENTED_EDGE('',*,*,#669,.F.);
#3283 = ORIENTED_EDGE('',*,*,#3284,.F.);
#3284 = EDGE_CURVE('',#3260,#622,#3285,.T.);
#3285 = SURFACE_CURVE('',#3286,(#3290,#3297),.PCURVE_S1.);
#3286 = LINE('',#3287,#3288);
#3287 = CARTESIAN_POINT('',(0.620361328125,0.315673828125,0.5));
#3288 = VECTOR('',#3289,1.);
#3289 = DIRECTION('',(0.,0.,1.));
#3290 = PCURVE('',#693,#3291);
#3291 = DEFINITIONAL_REPRESENTATION('',(#3292),#3296);
#3292 = LINE('',#3293,#3294);
#3293 = CARTESIAN_POINT('',(1.,0.));
#3294 = VECTOR('',#3295,1.);
#3295 = DIRECTION('',(0.,-1.));
#3296 = ( GEOMETRIC_REPRESENTATION_CONTEXT(2) 
PARAMETRIC_REPRESENTATION_CONTEXT() REPRESENTATION_CONTEXT('2D SPACE',''
  ) );
#3297 = PCURVE('',#649,#3298);
#3298 = DEFINITIONAL_REPRESENTATION('',(#3299),#3303);
#3299 = LINE('',#3300,#3301);
#3300 = CARTESIAN_POINT('',(0.,0.));
#3301 = VECTOR('',#3302,1.);
#3302 = DIRECTION('',(0.,-1.));
#3303 = ( GEOMETRIC_REPRESENTATION_CONTEXT(2) 
PARAMETRIC_REPRESENTATION_CONTEXT() REPRESENTATION_CONTEXT('2D SPACE',''
  ) );
#3304 = ADVANCED_FACE('',(#3305),#649,.F.);
#3305 = FACE_BOUND('',#3306,.F.);
#3306 = EDGE_LOOP('',(#3307,#3328,#3329,#3330));
#3307 = ORIENTED_EDGE('',*,*,#3308,.F.);
#3308 = EDGE_CURVE('',#3260,#2251,#3309,.T.);
#3309 = SURFACE_CURVE('',#3310,(#3314,#3321),.PCURVE_S1.);
#3310 = B_SPLINE_CURVE_WITH_KNOTS('',2,(#3311,#3312,#3313),
  .UNSPECIFIED.,.F.,.F.,(3,3),(0.,1.),.PIECEWISE_BEZIER_KNOTS.);
#3311 = CARTESIAN_POINT('',(0.620361328125,0.315673828125,0.5));
#3312 = CARTESIAN_POINT('',(0.567626953125,0.191162109375,0.5));
#3313 = CARTESIAN_POINT('',(0.4453125,5.3466796875E-02,0.5));
#3314 = PCURVE('',#649,#3315);
#3315 = DEFINITIONAL_REPRESENTATION('',(#3316),#3320);
#3316 = LINE('',#3317,#3318);
#3317 = CARTESIAN_POINT('',(0.,0.));
#3318 = VECTOR('',#3319,1.);
#3319 = DIRECTION('',(1.,0.));
#3320 = ( GEOMETRIC_REPRESENTATION_CONTEXT(2) 
PARAMETRIC_REPRESENTATION_CONTEXT() REPRESENTATION_CONTEXT('2D SPACE',''
  ) );
#3321 = PCURVE('',#2268,#3322);
#3322 = DEFINITIONAL_REPRESENTATION('',(#3323),#3327);
#3323 = B_SPLINE_CURVE_WITH_KNOTS('',2,(#3324,#3325,#3326),
  .UNSPECIFIED.,.F.,.F.,(3,3),(0.,1.),.PIECEWISE_BEZIER_KNOTS.);
#3324 = CARTESIAN_POINT('',(1.45458984375,1.306640625));
#3325 = CARTESIAN_POINT('',(1.40185546875,1.18212890625));
#3326 = CARTESIAN_POINT('',(1.279541015625,1.04443359375));
#3327 = ( GEOMETRIC_REPRESENTATION_CONTEXT(2) 
PARAMETRIC_REPRESENTATION_CONTEXT() REPRESENTATION_CONTEXT('2D SPACE',''
  ) );
#3328 = ORIENTED_EDGE('',*,*,#3284,.T.);
#3329 = ORIENTED_EDGE('',*,*,#621,.F.);
#3330 = ORIENTED_EDGE('',*,*,#2280,.F.);
#3331 = ADVANCED_FACE('',(#3332),#2268,.T.);
#3332 = FACE_BOUND('',#3333,.F.);
#3333 = EDGE_LOOP('',(#3334,#3335,#3336,#3337,#3338,#3339,#3340,#3341,
    #3342,#3343,#3344,#3345,#3346,#3347,#3348,#3349,#3350,#3351,#3352,
    #3353,#3354,#3355));
#3334 = ORIENTED_EDGE('',*,*,#2425,.T.);
#3335 = ORIENTED_EDGE('',*,*,#2474,.T.);
#3336 = ORIENTED_EDGE('',*,*,#2523,.T.);
#3337 = ORIENTED_EDGE('',*,*,#2572,.T.);
#3338 = ORIENTED_EDGE('',*,*,#2621,.T.);
#3339 = ORIENTED_EDGE('',*,*,#2670,.T.);
#3340 = ORIENTED_EDGE('',*,*,#2719,.T.);
#3341 = ORIENTED_EDGE('',*,*,#2769,.T.);
#3342 = ORIENTED_EDGE('',*,*,#2818,.T.);
#3343 = ORIENTED_EDGE('',*,*,#2867,.T.);
#3344 = ORIENTED_EDGE('',*,*,#2916,.T.);
#3345 = ORIENTED_EDGE('',*,*,#2965,.T.);
#3346 = ORIENTED_EDGE('',*,*,#3014,.T.);
#3347 = ORIENTED_EDGE('',*,*,#3063,.T.);
#3348 = ORIENTED_EDGE('',*,*,#3112,.T.);
#3349 = ORIENTED_EDGE('',*,*,#3161,.T.);
#3350 = ORIENTED_EDGE('',*,*,#3210,.T.);
#3351 = ORIENTED_EDGE('',*,*,#3259,.T.);
#3352 = ORIENTED_EDGE('',*,*,#3308,.T.);
#3353 = ORIENTED_EDGE('',*,*,#2250,.T.);
#3354 = ORIENTED_EDGE('',*,*,#2327,.T.);
#3355 = ORIENTED_EDGE('',*,*,#2376,.T.);
#3356 = ( GEOMETRIC_REPRESENTATION_CONTEXT(3) 
GLOBAL_UNCERTAINTY_ASSIGNED_CONTEXT((#3360)) 
GLOBAL_UNIT_ASSIGNED_CONTEXT((#3357,#3358,#3359)) REPRESENTATION_CONTEXT
('Context #1','3D Context with UNIT and UNCERTAINTY') );
#3357 = ( LENGTH_UNIT() NAMED_UNIT(*) SI_UNIT(.MILLI.,.METRE.) );
#3358 = ( NAMED_UNIT(*) PLANE_ANGLE_UNIT() SI_UNIT($,.RADIAN.) );
#3359 = ( NAMED_UNIT(*) SI_UNIT($,.STERADIAN.) SOLID_ANGLE_UNIT() );
#3360 = UNCERTAINTY_MEASURE_WITH_UNIT(LENGTH_MEASURE(2.E-06),#3357,
  'distance_accuracy_value','confusion accuracy');
#3361 = PRODUCT_RELATED_PRODUCT_CATEGORY('part',$,(#7));
ENDSEC;
END-ISO-10303-21;
