ISO-10303-21;
HEADER;
FILE_DESCRIPTION(('Open CASCADE Model'),'2;1');
FILE_NAME('Open CASCADE Shape Model','2026-07-31T15:36:23',('Author'),(
    'Open CASCADE'),'Open CASCADE STEP processor 7.9','Open CASCADE 7.9'
  ,'Unknown');
FILE_SCHEMA(('AUTOMOTIVE_DESIGN { 1 0 10303 214 1 1 1 1 }'));
ENDSEC;
DATA;
#1 = APPLICATION_PROTOCOL_DEFINITION('international standard',
  'automotive_design',2000,#2);
#2 = APPLICATION_CONTEXT(
  'core data for automotive mechanical design processes');
#3 = SHAPE_DEFINITION_REPRESENTATION(#4,#10);
#4 = PRODUCT_DEFINITION_SHAPE('','',#5);
#5 = PRODUCT_DEFINITION('design','',#6,#9);
#6 = PRODUCT_DEFINITION_FORMATION('','',#7);
#7 = PRODUCT('Open CASCADE STEP translator 7.9 5',
  'Open CASCADE STEP translator 7.9 5','',(#8));
#8 = PRODUCT_CONTEXT('',#2,'mechanical');
#9 = PRODUCT_DEFINITION_CONTEXT('part definition',#2,'design');
#10 = ADVANCED_BREP_SHAPE_REPRESENTATION('',(#11,#15),#2252);
#11 = AXIS2_PLACEMENT_3D('',#12,#13,#14);
#12 = CARTESIAN_POINT('',(0.,0.,0.));
#13 = DIRECTION('',(0.,0.,1.));
#14 = DIRECTION('',(1.,0.,-0.));
#15 = MANIFOLD_SOLID_BREP('',#16);
#16 = CLOSED_SHELL('',(#17,#139,#209,#288,#333,#396,#403,#458,#513,#548,
    #583,#638,#1159,#1194,#1271,#1320,#1369,#1418,#1467,#1516,#1565,
    #1614,#1663,#1712,#1739,#1794,#1894,#1898,#2009,#2137,#2220));
#17 = ADVANCED_FACE('',(#18),#32,.T.);
#18 = FACE_BOUND('',#19,.T.);
#19 = EDGE_LOOP('',(#20,#53,#86,#112));
#20 = ORIENTED_EDGE('',*,*,#21,.T.);
#21 = EDGE_CURVE('',#22,#24,#26,.T.);
#22 = VERTEX_POINT('',#23);
#23 = CARTESIAN_POINT('',(2.819131071802,4.25,-2.5));
#24 = VERTEX_POINT('',#25);
#25 = CARTESIAN_POINT('',(2.819131071802,4.25,-1.5));
#26 = SURFACE_CURVE('',#27,(#31,#42),.PCURVE_S1.);
#27 = LINE('',#28,#29);
#28 = CARTESIAN_POINT('',(2.819131071802,4.25,-1.5));
#29 = VECTOR('',#30,1.);
#30 = DIRECTION('',(0.,0.,1.));
#31 = PCURVE('',#32,#37);
#32 = CYLINDRICAL_SURFACE('',#33,5.1);
#33 = AXIS2_PLACEMENT_3D('',#34,#35,#36);
#34 = CARTESIAN_POINT('',(0.,0.,-1.5));
#35 = DIRECTION('',(0.,0.,1.));
#36 = DIRECTION('',(1.,0.,0.));
#37 = DEFINITIONAL_REPRESENTATION('',(#38),#41);
#38 = B_SPLINE_CURVE_WITH_KNOTS('',1,(#39,#40),.UNSPECIFIED.,.F.,.F.,(2,
    2),(-1.,0.),.PIECEWISE_BEZIER_KNOTS.);
#39 = CARTESIAN_POINT('',(7.268296090517,-1.));
#40 = CARTESIAN_POINT('',(7.268296090517,0.));
#41 = ( GEOMETRIC_REPRESENTATION_CONTEXT(2) 
PARAMETRIC_REPRESENTATION_CONTEXT() REPRESENTATION_CONTEXT('2D SPACE',''
  ) );
#42 = PCURVE('',#43,#48);
#43 = PLANE('',#44);
#44 = AXIS2_PLACEMENT_3D('',#45,#46,#47);
#45 = CARTESIAN_POINT('',(-10.2,4.25,-50.));
#46 = DIRECTION('',(0.,1.,0.));
#47 = DIRECTION('',(0.,0.,1.));
#48 = DEFINITIONAL_REPRESENTATION('',(#49),#52);
#49 = B_SPLINE_CURVE_WITH_KNOTS('',1,(#50,#51),.UNSPECIFIED.,.F.,.F.,(2,
    2),(-1.0000006,5.999999999062E-07),.PIECEWISE_BEZIER_KNOTS.);
#50 = CARTESIAN_POINT('',(47.4999994,13.019131071802));
#51 = CARTESIAN_POINT('',(48.5000006,13.019131071802));
#52 = ( GEOMETRIC_REPRESENTATION_CONTEXT(2) 
PARAMETRIC_REPRESENTATION_CONTEXT() REPRESENTATION_CONTEXT('2D SPACE',''
  ) );
#53 = ORIENTED_EDGE('',*,*,#54,.T.);
#54 = EDGE_CURVE('',#24,#55,#57,.T.);
#55 = VERTEX_POINT('',#56);
#56 = CARTESIAN_POINT('',(2.819131071802,-4.25,-1.5));
#57 = SURFACE_CURVE('',#58,(#63,#70),.PCURVE_S1.);
#58 = CIRCLE('',#59,5.1);
#59 = AXIS2_PLACEMENT_3D('',#60,#61,#62);
#60 = CARTESIAN_POINT('',(0.,0.,-1.5));
#61 = DIRECTION('',(0.,0.,-1.));
#62 = DIRECTION('',(0.552770798393,0.833333333333,0.));
#63 = PCURVE('',#32,#64);
#64 = DEFINITIONAL_REPRESENTATION('',(#65),#69);
#65 = LINE('',#66,#67);
#66 = CARTESIAN_POINT('',(7.268296090517,0.));
#67 = VECTOR('',#68,1.);
#68 = DIRECTION('',(-1.,-0.));
#69 = ( GEOMETRIC_REPRESENTATION_CONTEXT(2) 
PARAMETRIC_REPRESENTATION_CONTEXT() REPRESENTATION_CONTEXT('2D SPACE',''
  ) );
#70 = PCURVE('',#71,#76);
#71 = PLANE('',#72);
#72 = AXIS2_PLACEMENT_3D('',#73,#74,#75);
#73 = CARTESIAN_POINT('',(-2.681255161842E-16,5.961865926976E-16,-1.5));
#74 = DIRECTION('',(0.,0.,1.));
#75 = DIRECTION('',(1.,0.,-0.));
#76 = DEFINITIONAL_REPRESENTATION('',(#77),#85);
#77 = ( BOUNDED_CURVE() B_SPLINE_CURVE(2,(#78,#79,#80,#81,#82,#83,#84),
.UNSPECIFIED.,.T.,.F.) B_SPLINE_CURVE_WITH_KNOTS((1,2,2,2,2,1),(
    -2.094395102393,0.,2.094395102393,4.188790204786,6.28318530718,
8.377580409573),.UNSPECIFIED.) CURVE() GEOMETRIC_REPRESENTATION_ITEM() 
RATIONAL_B_SPLINE_CURVE((1.,0.5,1.,0.5,1.,0.5,1.)) REPRESENTATION_ITEM(
  '') );
#78 = CARTESIAN_POINT('',(2.819131071802,4.25));
#79 = CARTESIAN_POINT('',(10.18034700397,-0.632878249557));
#80 = CARTESIAN_POINT('',(2.271042430183,-4.566439124779));
#81 = CARTESIAN_POINT('',(-5.638262143604,-8.5));
#82 = CARTESIAN_POINT('',(-5.090173501985,0.316439124779));
#83 = CARTESIAN_POINT('',(-4.542084860366,9.132878249557));
#84 = CARTESIAN_POINT('',(2.819131071802,4.25));
#85 = ( GEOMETRIC_REPRESENTATION_CONTEXT(2) 
PARAMETRIC_REPRESENTATION_CONTEXT() REPRESENTATION_CONTEXT('2D SPACE',''
  ) );
#86 = ORIENTED_EDGE('',*,*,#87,.F.);
#87 = EDGE_CURVE('',#88,#55,#90,.T.);
#88 = VERTEX_POINT('',#89);
#89 = CARTESIAN_POINT('',(2.819131071802,-4.25,-2.5));
#90 = SURFACE_CURVE('',#91,(#95,#101),.PCURVE_S1.);
#91 = LINE('',#92,#93);
#92 = CARTESIAN_POINT('',(2.819131071802,-4.25,-1.5));
#93 = VECTOR('',#94,1.);
#94 = DIRECTION('',(0.,0.,1.));
#95 = PCURVE('',#32,#96);
#96 = DEFINITIONAL_REPRESENTATION('',(#97),#100);
#97 = B_SPLINE_CURVE_WITH_KNOTS('',1,(#98,#99),.UNSPECIFIED.,.F.,.F.,(2,
    2),(-1.0000006,5.999999999062E-07),.PIECEWISE_BEZIER_KNOTS.);
#98 = CARTESIAN_POINT('',(5.298074523842,-1.0000006));
#99 = CARTESIAN_POINT('',(5.298074523842,5.999999999062E-07));
#100 = ( GEOMETRIC_REPRESENTATION_CONTEXT(2) 
PARAMETRIC_REPRESENTATION_CONTEXT() REPRESENTATION_CONTEXT('2D SPACE',''
  ) );
#101 = PCURVE('',#102,#107);
#102 = PLANE('',#103);
#103 = AXIS2_PLACEMENT_3D('',#104,#105,#106);
#104 = CARTESIAN_POINT('',(-10.2,-4.25,-50.));
#105 = DIRECTION('',(0.,1.,0.));
#106 = DIRECTION('',(0.,0.,1.));
#107 = DEFINITIONAL_REPRESENTATION('',(#108),#111);
#108 = B_SPLINE_CURVE_WITH_KNOTS('',1,(#109,#110),.UNSPECIFIED.,.F.,.F.,
  (2,2),(-1.0000006,5.999999999062E-07),.PIECEWISE_BEZIER_KNOTS.);
#109 = CARTESIAN_POINT('',(47.4999994,13.019131071802));
#110 = CARTESIAN_POINT('',(48.5000006,13.019131071802));
#111 = ( GEOMETRIC_REPRESENTATION_CONTEXT(2) 
PARAMETRIC_REPRESENTATION_CONTEXT() REPRESENTATION_CONTEXT('2D SPACE',''
  ) );
#112 = ORIENTED_EDGE('',*,*,#113,.T.);
#113 = EDGE_CURVE('',#88,#22,#114,.T.);
#114 = SURFACE_CURVE('',#115,(#120,#127),.PCURVE_S1.);
#115 = CIRCLE('',#116,5.1);
#116 = AXIS2_PLACEMENT_3D('',#117,#118,#119);
#117 = CARTESIAN_POINT('',(0.,0.,-2.5));
#118 = DIRECTION('',(0.,0.,1.));
#119 = DIRECTION('',(-0.552770798393,0.833333333333,0.));
#120 = PCURVE('',#32,#121);
#121 = DEFINITIONAL_REPRESENTATION('',(#122),#126);
#122 = LINE('',#123,#124);
#123 = CARTESIAN_POINT('',(2.156481870252,-1.));
#124 = VECTOR('',#125,1.);
#125 = DIRECTION('',(1.,0.));
#126 = ( GEOMETRIC_REPRESENTATION_CONTEXT(2) 
PARAMETRIC_REPRESENTATION_CONTEXT() REPRESENTATION_CONTEXT('2D SPACE',''
  ) );
#127 = PCURVE('',#128,#133);
#128 = PLANE('',#129);
#129 = AXIS2_PLACEMENT_3D('',#130,#131,#132);
#130 = CARTESIAN_POINT('',(-2.681255161842E-16,5.961865926976E-16,-2.5)
  );
#131 = DIRECTION('',(0.,0.,1.));
#132 = DIRECTION('',(1.,0.,-0.));
#133 = DEFINITIONAL_REPRESENTATION('',(#134),#138);
#134 = CIRCLE('',#135,5.1);
#135 = AXIS2_PLACEMENT_2D('',#136,#137);
#136 = CARTESIAN_POINT('',(2.681255161842E-16,-5.961865926976E-16));
#137 = DIRECTION('',(-0.552770798393,0.833333333333));
#138 = ( GEOMETRIC_REPRESENTATION_CONTEXT(2) 
PARAMETRIC_REPRESENTATION_CONTEXT() REPRESENTATION_CONTEXT('2D SPACE',''
  ) );
#139 = ADVANCED_FACE('',(#140),#43,.T.);
#140 = FACE_BOUND('',#141,.T.);
#141 = EDGE_LOOP('',(#142,#143,#164,#190));
#142 = ORIENTED_EDGE('',*,*,#21,.F.);
#143 = ORIENTED_EDGE('',*,*,#144,.T.);
#144 = EDGE_CURVE('',#22,#145,#147,.T.);
#145 = VERTEX_POINT('',#146);
#146 = CARTESIAN_POINT('',(-2.819131071802,4.25,-2.5));
#147 = SURFACE_CURVE('',#148,(#152,#158),.PCURVE_S1.);
#148 = LINE('',#149,#150);
#149 = CARTESIAN_POINT('',(-5.1,4.25,-2.5));
#150 = VECTOR('',#151,1.);
#151 = DIRECTION('',(-1.,0.,0.));
#152 = PCURVE('',#43,#153);
#153 = DEFINITIONAL_REPRESENTATION('',(#154),#157);
#154 = B_SPLINE_CURVE_WITH_KNOTS('',1,(#155,#156),.UNSPECIFIED.,.F.,.F.,
  (2,2),(-10.2,0.),.PIECEWISE_BEZIER_KNOTS.);
#155 = CARTESIAN_POINT('',(47.5,15.3));
#156 = CARTESIAN_POINT('',(47.5,5.1));
#157 = ( GEOMETRIC_REPRESENTATION_CONTEXT(2) 
PARAMETRIC_REPRESENTATION_CONTEXT() REPRESENTATION_CONTEXT('2D SPACE',''
  ) );
#158 = PCURVE('',#128,#159);
#159 = DEFINITIONAL_REPRESENTATION('',(#160),#163);
#160 = B_SPLINE_CURVE_WITH_KNOTS('',1,(#161,#162),.UNSPECIFIED.,.F.,.F.,
  (2,2),(-10.2,0.),.PIECEWISE_BEZIER_KNOTS.);
#161 = CARTESIAN_POINT('',(5.1,4.25));
#162 = CARTESIAN_POINT('',(-5.1,4.25));
#163 = ( GEOMETRIC_REPRESENTATION_CONTEXT(2) 
PARAMETRIC_REPRESENTATION_CONTEXT() REPRESENTATION_CONTEXT('2D SPACE',''
  ) );
#164 = ORIENTED_EDGE('',*,*,#165,.T.);
#165 = EDGE_CURVE('',#145,#166,#168,.T.);
#166 = VERTEX_POINT('',#167);
#167 = CARTESIAN_POINT('',(-2.819131071802,4.25,-1.5));
#168 = SURFACE_CURVE('',#169,(#173,#179),.PCURVE_S1.);
#169 = LINE('',#170,#171);
#170 = CARTESIAN_POINT('',(-2.819131071802,4.25,-1.5));
#171 = VECTOR('',#172,1.);
#172 = DIRECTION('',(0.,0.,1.));
#173 = PCURVE('',#43,#174);
#174 = DEFINITIONAL_REPRESENTATION('',(#175),#178);
#175 = B_SPLINE_CURVE_WITH_KNOTS('',1,(#176,#177),.UNSPECIFIED.,.F.,.F.,
  (2,2),(-1.0000006,5.999999999062E-07),.PIECEWISE_BEZIER_KNOTS.);
#176 = CARTESIAN_POINT('',(47.4999994,7.380868928198));
#177 = CARTESIAN_POINT('',(48.5000006,7.380868928198));
#178 = ( GEOMETRIC_REPRESENTATION_CONTEXT(2) 
PARAMETRIC_REPRESENTATION_CONTEXT() REPRESENTATION_CONTEXT('2D SPACE',''
  ) );
#179 = PCURVE('',#180,#185);
#180 = CYLINDRICAL_SURFACE('',#181,5.1);
#181 = AXIS2_PLACEMENT_3D('',#182,#183,#184);
#182 = CARTESIAN_POINT('',(0.,0.,-1.5));
#183 = DIRECTION('',(0.,0.,1.));
#184 = DIRECTION('',(1.,0.,0.));
#185 = DEFINITIONAL_REPRESENTATION('',(#186),#189);
#186 = B_SPLINE_CURVE_WITH_KNOTS('',1,(#187,#188),.UNSPECIFIED.,.F.,.F.,
  (2,2),(-1.,0.),.PIECEWISE_BEZIER_KNOTS.);
#187 = CARTESIAN_POINT('',(2.156481870252,-1.));
#188 = CARTESIAN_POINT('',(2.156481870252,0.));
#189 = ( GEOMETRIC_REPRESENTATION_CONTEXT(2) 
PARAMETRIC_REPRESENTATION_CONTEXT() REPRESENTATION_CONTEXT('2D SPACE',''
  ) );
#190 = ORIENTED_EDGE('',*,*,#191,.F.);
#191 = EDGE_CURVE('',#24,#166,#192,.T.);
#192 = SURFACE_CURVE('',#193,(#197,#203),.PCURVE_S1.);
#193 = LINE('',#194,#195);
#194 = CARTESIAN_POINT('',(-5.1,4.25,-1.5));
#195 = VECTOR('',#196,1.);
#196 = DIRECTION('',(-1.,0.,0.));
#197 = PCURVE('',#43,#198);
#198 = DEFINITIONAL_REPRESENTATION('',(#199),#202);
#199 = B_SPLINE_CURVE_WITH_KNOTS('',1,(#200,#201),.UNSPECIFIED.,.F.,.F.,
  (2,2),(-10.2,0.),.PIECEWISE_BEZIER_KNOTS.);
#200 = CARTESIAN_POINT('',(48.5,15.3));
#201 = CARTESIAN_POINT('',(48.5,5.1));
#202 = ( GEOMETRIC_REPRESENTATION_CONTEXT(2) 
PARAMETRIC_REPRESENTATION_CONTEXT() REPRESENTATION_CONTEXT('2D SPACE',''
  ) );
#203 = PCURVE('',#71,#204);
#204 = DEFINITIONAL_REPRESENTATION('',(#205),#208);
#205 = B_SPLINE_CURVE_WITH_KNOTS('',1,(#206,#207),.UNSPECIFIED.,.F.,.F.,
  (2,2),(-10.2,0.),.PIECEWISE_BEZIER_KNOTS.);
#206 = CARTESIAN_POINT('',(5.1,4.25));
#207 = CARTESIAN_POINT('',(-5.1,4.25));
#208 = ( GEOMETRIC_REPRESENTATION_CONTEXT(2) 
PARAMETRIC_REPRESENTATION_CONTEXT() REPRESENTATION_CONTEXT('2D SPACE',''
  ) );
#209 = ADVANCED_FACE('',(#210,#257),#128,.F.);
#210 = FACE_BOUND('',#211,.F.);
#211 = EDGE_LOOP('',(#212,#213,#237,#256));
#212 = ORIENTED_EDGE('',*,*,#144,.T.);
#213 = ORIENTED_EDGE('',*,*,#214,.T.);
#214 = EDGE_CURVE('',#145,#215,#217,.T.);
#215 = VERTEX_POINT('',#216);
#216 = CARTESIAN_POINT('',(-2.819131071802,-4.25,-2.5));
#217 = SURFACE_CURVE('',#218,(#223,#230),.PCURVE_S1.);
#218 = CIRCLE('',#219,5.1);
#219 = AXIS2_PLACEMENT_3D('',#220,#221,#222);
#220 = CARTESIAN_POINT('',(0.,0.,-2.5));
#221 = DIRECTION('',(0.,0.,1.));
#222 = DIRECTION('',(-0.552770798393,0.833333333333,0.));
#223 = PCURVE('',#128,#224);
#224 = DEFINITIONAL_REPRESENTATION('',(#225),#229);
#225 = CIRCLE('',#226,5.1);
#226 = AXIS2_PLACEMENT_2D('',#227,#228);
#227 = CARTESIAN_POINT('',(2.681255161842E-16,-5.961865926976E-16));
#228 = DIRECTION('',(-0.552770798393,0.833333333333));
#229 = ( GEOMETRIC_REPRESENTATION_CONTEXT(2) 
PARAMETRIC_REPRESENTATION_CONTEXT() REPRESENTATION_CONTEXT('2D SPACE',''
  ) );
#230 = PCURVE('',#180,#231);
#231 = DEFINITIONAL_REPRESENTATION('',(#232),#236);
#232 = LINE('',#233,#234);
#233 = CARTESIAN_POINT('',(2.156481870252,-1.));
#234 = VECTOR('',#235,1.);
#235 = DIRECTION('',(1.,0.));
#236 = ( GEOMETRIC_REPRESENTATION_CONTEXT(2) 
PARAMETRIC_REPRESENTATION_CONTEXT() REPRESENTATION_CONTEXT('2D SPACE',''
  ) );
#237 = ORIENTED_EDGE('',*,*,#238,.F.);
#238 = EDGE_CURVE('',#88,#215,#239,.T.);
#239 = SURFACE_CURVE('',#240,(#244,#250),.PCURVE_S1.);
#240 = LINE('',#241,#242);
#241 = CARTESIAN_POINT('',(-5.1,-4.25,-2.5));
#242 = VECTOR('',#243,1.);
#243 = DIRECTION('',(-1.,0.,0.));
#244 = PCURVE('',#128,#245);
#245 = DEFINITIONAL_REPRESENTATION('',(#246),#249);
#246 = B_SPLINE_CURVE_WITH_KNOTS('',1,(#247,#248),.UNSPECIFIED.,.F.,.F.,
  (2,2),(-10.2,1.7763568394E-15),.PIECEWISE_BEZIER_KNOTS.);
#247 = CARTESIAN_POINT('',(5.1,-4.25));
#248 = CARTESIAN_POINT('',(-5.1,-4.25));
#249 = ( GEOMETRIC_REPRESENTATION_CONTEXT(2) 
PARAMETRIC_REPRESENTATION_CONTEXT() REPRESENTATION_CONTEXT('2D SPACE',''
  ) );
#250 = PCURVE('',#102,#251);
#251 = DEFINITIONAL_REPRESENTATION('',(#252),#255);
#252 = B_SPLINE_CURVE_WITH_KNOTS('',1,(#253,#254),.UNSPECIFIED.,.F.,.F.,
  (2,2),(-10.2,1.7763568394E-15),.PIECEWISE_BEZIER_KNOTS.);
#253 = CARTESIAN_POINT('',(47.5,15.3));
#254 = CARTESIAN_POINT('',(47.5,5.1));
#255 = ( GEOMETRIC_REPRESENTATION_CONTEXT(2) 
PARAMETRIC_REPRESENTATION_CONTEXT() REPRESENTATION_CONTEXT('2D SPACE',''
  ) );
#256 = ORIENTED_EDGE('',*,*,#113,.T.);
#257 = FACE_BOUND('',#258,.F.);
#258 = EDGE_LOOP('',(#259));
#259 = ORIENTED_EDGE('',*,*,#260,.F.);
#260 = EDGE_CURVE('',#261,#261,#263,.T.);
#261 = VERTEX_POINT('',#262);
#262 = CARTESIAN_POINT('',(4.,0.,-2.5));
#263 = SURFACE_CURVE('',#264,(#269,#276),.PCURVE_S1.);
#264 = CIRCLE('',#265,4.);
#265 = AXIS2_PLACEMENT_3D('',#266,#267,#268);
#266 = CARTESIAN_POINT('',(0.,0.,-2.5));
#267 = DIRECTION('',(0.,0.,1.));
#268 = DIRECTION('',(1.,0.,0.));
#269 = PCURVE('',#128,#270);
#270 = DEFINITIONAL_REPRESENTATION('',(#271),#275);
#271 = CIRCLE('',#272,4.);
#272 = AXIS2_PLACEMENT_2D('',#273,#274);
#273 = CARTESIAN_POINT('',(2.681255161842E-16,-5.961865926976E-16));
#274 = DIRECTION('',(1.,0.));
#275 = ( GEOMETRIC_REPRESENTATION_CONTEXT(2) 
PARAMETRIC_REPRESENTATION_CONTEXT() REPRESENTATION_CONTEXT('2D SPACE',''
  ) );
#276 = PCURVE('',#277,#282);
#277 = CYLINDRICAL_SURFACE('',#278,4.);
#278 = AXIS2_PLACEMENT_3D('',#279,#280,#281);
#279 = CARTESIAN_POINT('',(0.,0.,-2.5));
#280 = DIRECTION('',(0.,0.,1.));
#281 = DIRECTION('',(1.,0.,0.));
#282 = DEFINITIONAL_REPRESENTATION('',(#283),#287);
#283 = LINE('',#284,#285);
#284 = CARTESIAN_POINT('',(0.,0.));
#285 = VECTOR('',#286,1.);
#286 = DIRECTION('',(1.,0.));
#287 = ( GEOMETRIC_REPRESENTATION_CONTEXT(2) 
PARAMETRIC_REPRESENTATION_CONTEXT() REPRESENTATION_CONTEXT('2D SPACE',''
  ) );
#288 = ADVANCED_FACE('',(#289),#102,.F.);
#289 = FACE_BOUND('',#290,.F.);
#290 = EDGE_LOOP('',(#291,#292,#293,#314));
#291 = ORIENTED_EDGE('',*,*,#87,.F.);
#292 = ORIENTED_EDGE('',*,*,#238,.T.);
#293 = ORIENTED_EDGE('',*,*,#294,.T.);
#294 = EDGE_CURVE('',#215,#295,#297,.T.);
#295 = VERTEX_POINT('',#296);
#296 = CARTESIAN_POINT('',(-2.819131071802,-4.25,-1.5));
#297 = SURFACE_CURVE('',#298,(#302,#308),.PCURVE_S1.);
#298 = LINE('',#299,#300);
#299 = CARTESIAN_POINT('',(-2.819131071802,-4.25,-1.5));
#300 = VECTOR('',#301,1.);
#301 = DIRECTION('',(0.,0.,1.));
#302 = PCURVE('',#102,#303);
#303 = DEFINITIONAL_REPRESENTATION('',(#304),#307);
#304 = B_SPLINE_CURVE_WITH_KNOTS('',1,(#305,#306),.UNSPECIFIED.,.F.,.F.,
  (2,2),(-1.0000006,5.999999999062E-07),.PIECEWISE_BEZIER_KNOTS.);
#305 = CARTESIAN_POINT('',(47.4999994,7.380868928198));
#306 = CARTESIAN_POINT('',(48.5000006,7.380868928198));
#307 = ( GEOMETRIC_REPRESENTATION_CONTEXT(2) 
PARAMETRIC_REPRESENTATION_CONTEXT() REPRESENTATION_CONTEXT('2D SPACE',''
  ) );
#308 = PCURVE('',#180,#309);
#309 = DEFINITIONAL_REPRESENTATION('',(#310),#313);
#310 = B_SPLINE_CURVE_WITH_KNOTS('',1,(#311,#312),.UNSPECIFIED.,.F.,.F.,
  (2,2),(-1.0000006,5.999999999062E-07),.PIECEWISE_BEZIER_KNOTS.);
#311 = CARTESIAN_POINT('',(4.126703436928,-1.0000006));
#312 = CARTESIAN_POINT('',(4.126703436928,5.999999999062E-07));
#313 = ( GEOMETRIC_REPRESENTATION_CONTEXT(2) 
PARAMETRIC_REPRESENTATION_CONTEXT() REPRESENTATION_CONTEXT('2D SPACE',''
  ) );
#314 = ORIENTED_EDGE('',*,*,#315,.F.);
#315 = EDGE_CURVE('',#55,#295,#316,.T.);
#316 = SURFACE_CURVE('',#317,(#321,#327),.PCURVE_S1.);
#317 = LINE('',#318,#319);
#318 = CARTESIAN_POINT('',(-5.1,-4.25,-1.5));
#319 = VECTOR('',#320,1.);
#320 = DIRECTION('',(-1.,0.,0.));
#321 = PCURVE('',#102,#322);
#322 = DEFINITIONAL_REPRESENTATION('',(#323),#326);
#323 = B_SPLINE_CURVE_WITH_KNOTS('',1,(#324,#325),.UNSPECIFIED.,.F.,.F.,
  (2,2),(-10.2,0.),.PIECEWISE_BEZIER_KNOTS.);
#324 = CARTESIAN_POINT('',(48.5,15.3));
#325 = CARTESIAN_POINT('',(48.5,5.1));
#326 = ( GEOMETRIC_REPRESENTATION_CONTEXT(2) 
PARAMETRIC_REPRESENTATION_CONTEXT() REPRESENTATION_CONTEXT('2D SPACE',''
  ) );
#327 = PCURVE('',#71,#328);
#328 = DEFINITIONAL_REPRESENTATION('',(#329),#332);
#329 = B_SPLINE_CURVE_WITH_KNOTS('',1,(#330,#331),.UNSPECIFIED.,.F.,.F.,
  (2,2),(-10.2,0.),.PIECEWISE_BEZIER_KNOTS.);
#330 = CARTESIAN_POINT('',(5.1,-4.25));
#331 = CARTESIAN_POINT('',(-5.1,-4.25));
#332 = ( GEOMETRIC_REPRESENTATION_CONTEXT(2) 
PARAMETRIC_REPRESENTATION_CONTEXT() REPRESENTATION_CONTEXT('2D SPACE',''
  ) );
#333 = ADVANCED_FACE('',(#334,#365),#71,.T.);
#334 = FACE_BOUND('',#335,.T.);
#335 = EDGE_LOOP('',(#336,#337,#338,#364));
#336 = ORIENTED_EDGE('',*,*,#54,.F.);
#337 = ORIENTED_EDGE('',*,*,#191,.T.);
#338 = ORIENTED_EDGE('',*,*,#339,.F.);
#339 = EDGE_CURVE('',#295,#166,#340,.T.);
#340 = SURFACE_CURVE('',#341,(#346,#357),.PCURVE_S1.);
#341 = CIRCLE('',#342,5.1);
#342 = AXIS2_PLACEMENT_3D('',#343,#344,#345);
#343 = CARTESIAN_POINT('',(0.,0.,-1.5));
#344 = DIRECTION('',(0.,0.,-1.));
#345 = DIRECTION('',(0.552770798393,0.833333333333,0.));
#346 = PCURVE('',#71,#347);
#347 = DEFINITIONAL_REPRESENTATION('',(#348),#356);
#348 = ( BOUNDED_CURVE() B_SPLINE_CURVE(2,(#349,#350,#351,#352,#353,#354
,#355),.UNSPECIFIED.,.T.,.F.) B_SPLINE_CURVE_WITH_KNOTS((1,2,2,2,2,1),(
    -2.094395102393,0.,2.094395102393,4.188790204786,6.28318530718,
8.377580409573),.UNSPECIFIED.) CURVE() GEOMETRIC_REPRESENTATION_ITEM() 
RATIONAL_B_SPLINE_CURVE((1.,0.5,1.,0.5,1.,0.5,1.)) REPRESENTATION_ITEM(
  '') );
#349 = CARTESIAN_POINT('',(2.819131071802,4.25));
#350 = CARTESIAN_POINT('',(10.18034700397,-0.632878249557));
#351 = CARTESIAN_POINT('',(2.271042430183,-4.566439124779));
#352 = CARTESIAN_POINT('',(-5.638262143604,-8.5));
#353 = CARTESIAN_POINT('',(-5.090173501985,0.316439124779));
#354 = CARTESIAN_POINT('',(-4.542084860366,9.132878249557));
#355 = CARTESIAN_POINT('',(2.819131071802,4.25));
#356 = ( GEOMETRIC_REPRESENTATION_CONTEXT(2) 
PARAMETRIC_REPRESENTATION_CONTEXT() REPRESENTATION_CONTEXT('2D SPACE',''
  ) );
#357 = PCURVE('',#180,#358);
#358 = DEFINITIONAL_REPRESENTATION('',(#359),#363);
#359 = LINE('',#360,#361);
#360 = CARTESIAN_POINT('',(7.268296090517,0.));
#361 = VECTOR('',#362,1.);
#362 = DIRECTION('',(-1.,-0.));
#363 = ( GEOMETRIC_REPRESENTATION_CONTEXT(2) 
PARAMETRIC_REPRESENTATION_CONTEXT() REPRESENTATION_CONTEXT('2D SPACE',''
  ) );
#364 = ORIENTED_EDGE('',*,*,#315,.F.);
#365 = FACE_BOUND('',#366,.T.);
#366 = EDGE_LOOP('',(#367));
#367 = ORIENTED_EDGE('',*,*,#368,.F.);
#368 = EDGE_CURVE('',#369,#369,#371,.T.);
#369 = VERTEX_POINT('',#370);
#370 = CARTESIAN_POINT('',(3.75,0.,-1.5));
#371 = SURFACE_CURVE('',#372,(#377,#384),.PCURVE_S1.);
#372 = CIRCLE('',#373,3.75);
#373 = AXIS2_PLACEMENT_3D('',#374,#375,#376);
#374 = CARTESIAN_POINT('',(0.,0.,-1.5));
#375 = DIRECTION('',(0.,0.,1.));
#376 = DIRECTION('',(1.,0.,0.));
#377 = PCURVE('',#71,#378);
#378 = DEFINITIONAL_REPRESENTATION('',(#379),#383);
#379 = CIRCLE('',#380,3.75);
#380 = AXIS2_PLACEMENT_2D('',#381,#382);
#381 = CARTESIAN_POINT('',(2.681255161842E-16,-5.961865926976E-16));
#382 = DIRECTION('',(1.,0.));
#383 = ( GEOMETRIC_REPRESENTATION_CONTEXT(2) 
PARAMETRIC_REPRESENTATION_CONTEXT() REPRESENTATION_CONTEXT('2D SPACE',''
  ) );
#384 = PCURVE('',#385,#390);
#385 = CYLINDRICAL_SURFACE('',#386,3.75);
#386 = AXIS2_PLACEMENT_3D('',#387,#388,#389);
#387 = CARTESIAN_POINT('',(0.,0.,0.));
#388 = DIRECTION('',(0.,0.,1.));
#389 = DIRECTION('',(1.,0.,0.));
#390 = DEFINITIONAL_REPRESENTATION('',(#391),#395);
#391 = LINE('',#392,#393);
#392 = CARTESIAN_POINT('',(0.,-1.5));
#393 = VECTOR('',#394,1.);
#394 = DIRECTION('',(1.,0.));
#395 = ( GEOMETRIC_REPRESENTATION_CONTEXT(2) 
PARAMETRIC_REPRESENTATION_CONTEXT() REPRESENTATION_CONTEXT('2D SPACE',''
  ) );
#396 = ADVANCED_FACE('',(#397),#180,.T.);
#397 = FACE_BOUND('',#398,.T.);
#398 = EDGE_LOOP('',(#399,#400,#401,#402));
#399 = ORIENTED_EDGE('',*,*,#294,.T.);
#400 = ORIENTED_EDGE('',*,*,#339,.T.);
#401 = ORIENTED_EDGE('',*,*,#165,.F.);
#402 = ORIENTED_EDGE('',*,*,#214,.T.);
#403 = ADVANCED_FACE('',(#404),#277,.T.);
#404 = FACE_BOUND('',#405,.T.);
#405 = EDGE_LOOP('',(#406,#429,#456,#457));
#406 = ORIENTED_EDGE('',*,*,#407,.T.);
#407 = EDGE_CURVE('',#261,#408,#410,.T.);
#408 = VERTEX_POINT('',#409);
#409 = CARTESIAN_POINT('',(4.,0.,-5.15));
#410 = SEAM_CURVE('',#411,(#415,#422),.PCURVE_S1.);
#411 = LINE('',#412,#413);
#412 = CARTESIAN_POINT('',(4.,0.,-2.5));
#413 = VECTOR('',#414,1.);
#414 = DIRECTION('',(-0.,-0.,-1.));
#415 = PCURVE('',#277,#416);
#416 = DEFINITIONAL_REPRESENTATION('',(#417),#421);
#417 = LINE('',#418,#419);
#418 = CARTESIAN_POINT('',(0.,0.));
#419 = VECTOR('',#420,1.);
#420 = DIRECTION('',(0.,-1.));
#421 = ( GEOMETRIC_REPRESENTATION_CONTEXT(2) 
PARAMETRIC_REPRESENTATION_CONTEXT() REPRESENTATION_CONTEXT('2D SPACE',''
  ) );
#422 = PCURVE('',#277,#423);
#423 = DEFINITIONAL_REPRESENTATION('',(#424),#428);
#424 = LINE('',#425,#426);
#425 = CARTESIAN_POINT('',(6.28318530718,0.));
#426 = VECTOR('',#427,1.);
#427 = DIRECTION('',(0.,-1.));
#428 = ( GEOMETRIC_REPRESENTATION_CONTEXT(2) 
PARAMETRIC_REPRESENTATION_CONTEXT() REPRESENTATION_CONTEXT('2D SPACE',''
  ) );
#429 = ORIENTED_EDGE('',*,*,#430,.T.);
#430 = EDGE_CURVE('',#408,#408,#431,.T.);
#431 = SURFACE_CURVE('',#432,(#437,#444),.PCURVE_S1.);
#432 = CIRCLE('',#433,4.);
#433 = AXIS2_PLACEMENT_3D('',#434,#435,#436);
#434 = CARTESIAN_POINT('',(0.,0.,-5.15));
#435 = DIRECTION('',(0.,0.,1.));
#436 = DIRECTION('',(1.,0.,0.));
#437 = PCURVE('',#277,#438);
#438 = DEFINITIONAL_REPRESENTATION('',(#439),#443);
#439 = LINE('',#440,#441);
#440 = CARTESIAN_POINT('',(0.,-2.65));
#441 = VECTOR('',#442,1.);
#442 = DIRECTION('',(1.,0.));
#443 = ( GEOMETRIC_REPRESENTATION_CONTEXT(2) 
PARAMETRIC_REPRESENTATION_CONTEXT() REPRESENTATION_CONTEXT('2D SPACE',''
  ) );
#444 = PCURVE('',#445,#450);
#445 = PLANE('',#446);
#446 = AXIS2_PLACEMENT_3D('',#447,#448,#449);
#447 = CARTESIAN_POINT('',(-2.563950248511E-16,3.49503809816E-16,-5.15)
  );
#448 = DIRECTION('',(0.,0.,1.));
#449 = DIRECTION('',(1.,0.,-0.));
#450 = DEFINITIONAL_REPRESENTATION('',(#451),#455);
#451 = CIRCLE('',#452,4.);
#452 = AXIS2_PLACEMENT_2D('',#453,#454);
#453 = CARTESIAN_POINT('',(2.563950248511E-16,-3.49503809816E-16));
#454 = DIRECTION('',(1.,0.));
#455 = ( GEOMETRIC_REPRESENTATION_CONTEXT(2) 
PARAMETRIC_REPRESENTATION_CONTEXT() REPRESENTATION_CONTEXT('2D SPACE',''
  ) );
#456 = ORIENTED_EDGE('',*,*,#407,.F.);
#457 = ORIENTED_EDGE('',*,*,#260,.F.);
#458 = ADVANCED_FACE('',(#459),#385,.T.);
#459 = FACE_BOUND('',#460,.T.);
#460 = EDGE_LOOP('',(#461,#462,#485,#512));
#461 = ORIENTED_EDGE('',*,*,#368,.T.);
#462 = ORIENTED_EDGE('',*,*,#463,.T.);
#463 = EDGE_CURVE('',#369,#464,#466,.T.);
#464 = VERTEX_POINT('',#465);
#465 = CARTESIAN_POINT('',(3.75,0.,1.));
#466 = SEAM_CURVE('',#467,(#471,#478),.PCURVE_S1.);
#467 = LINE('',#468,#469);
#468 = CARTESIAN_POINT('',(3.75,0.,-1.5));
#469 = VECTOR('',#470,1.);
#470 = DIRECTION('',(0.,0.,1.));
#471 = PCURVE('',#385,#472);
#472 = DEFINITIONAL_REPRESENTATION('',(#473),#477);
#473 = LINE('',#474,#475);
#474 = CARTESIAN_POINT('',(6.28318530718,-1.5));
#475 = VECTOR('',#476,1.);
#476 = DIRECTION('',(-0.,1.));
#477 = ( GEOMETRIC_REPRESENTATION_CONTEXT(2) 
PARAMETRIC_REPRESENTATION_CONTEXT() REPRESENTATION_CONTEXT('2D SPACE',''
  ) );
#478 = PCURVE('',#385,#479);
#479 = DEFINITIONAL_REPRESENTATION('',(#480),#484);
#480 = LINE('',#481,#482);
#481 = CARTESIAN_POINT('',(0.,-1.5));
#482 = VECTOR('',#483,1.);
#483 = DIRECTION('',(-0.,1.));
#484 = ( GEOMETRIC_REPRESENTATION_CONTEXT(2) 
PARAMETRIC_REPRESENTATION_CONTEXT() REPRESENTATION_CONTEXT('2D SPACE',''
  ) );
#485 = ORIENTED_EDGE('',*,*,#486,.F.);
#486 = EDGE_CURVE('',#464,#464,#487,.T.);
#487 = SURFACE_CURVE('',#488,(#493,#500),.PCURVE_S1.);
#488 = CIRCLE('',#489,3.75);
#489 = AXIS2_PLACEMENT_3D('',#490,#491,#492);
#490 = CARTESIAN_POINT('',(0.,0.,1.));
#491 = DIRECTION('',(0.,0.,1.));
#492 = DIRECTION('',(1.,0.,0.));
#493 = PCURVE('',#385,#494);
#494 = DEFINITIONAL_REPRESENTATION('',(#495),#499);
#495 = LINE('',#496,#497);
#496 = CARTESIAN_POINT('',(-0.,1.));
#497 = VECTOR('',#498,1.);
#498 = DIRECTION('',(1.,-0.));
#499 = ( GEOMETRIC_REPRESENTATION_CONTEXT(2) 
PARAMETRIC_REPRESENTATION_CONTEXT() REPRESENTATION_CONTEXT('2D SPACE',''
  ) );
#500 = PCURVE('',#501,#506);
#501 = PLANE('',#502);
#502 = AXIS2_PLACEMENT_3D('',#503,#504,#505);
#503 = CARTESIAN_POINT('',(-2.734880265079E-16,2.924450111184E-17,1.));
#504 = DIRECTION('',(0.,0.,1.));
#505 = DIRECTION('',(1.,0.,-0.));
#506 = DEFINITIONAL_REPRESENTATION('',(#507),#511);
#507 = CIRCLE('',#508,3.75);
#508 = AXIS2_PLACEMENT_2D('',#509,#510);
#509 = CARTESIAN_POINT('',(2.734880265079E-16,-2.924450111184E-17));
#510 = DIRECTION('',(1.,0.));
#511 = ( GEOMETRIC_REPRESENTATION_CONTEXT(2) 
PARAMETRIC_REPRESENTATION_CONTEXT() REPRESENTATION_CONTEXT('2D SPACE',''
  ) );
#512 = ORIENTED_EDGE('',*,*,#463,.F.);
#513 = ADVANCED_FACE('',(#514,#517),#445,.F.);
#514 = FACE_BOUND('',#515,.F.);
#515 = EDGE_LOOP('',(#516));
#516 = ORIENTED_EDGE('',*,*,#430,.T.);
#517 = FACE_BOUND('',#518,.F.);
#518 = EDGE_LOOP('',(#519));
#519 = ORIENTED_EDGE('',*,*,#520,.F.);
#520 = EDGE_CURVE('',#521,#521,#523,.T.);
#521 = VERTEX_POINT('',#522);
#522 = CARTESIAN_POINT('',(3.,-1.407182015661E-16,-5.15));
#523 = SURFACE_CURVE('',#524,(#529,#536),.PCURVE_S1.);
#524 = CIRCLE('',#525,3.);
#525 = AXIS2_PLACEMENT_3D('',#526,#527,#528);
#526 = CARTESIAN_POINT('',(1.888075062501E-14,-1.407182015661E-16,-5.15)
  );
#527 = DIRECTION('',(0.,0.,1.));
#528 = DIRECTION('',(1.,0.,0.));
#529 = PCURVE('',#445,#530);
#530 = DEFINITIONAL_REPRESENTATION('',(#531),#535);
#531 = CIRCLE('',#532,3.);
#532 = AXIS2_PLACEMENT_2D('',#533,#534);
#533 = CARTESIAN_POINT('',(1.913714564987E-14,-4.902220113821E-16));
#534 = DIRECTION('',(1.,0.));
#535 = ( GEOMETRIC_REPRESENTATION_CONTEXT(2) 
PARAMETRIC_REPRESENTATION_CONTEXT() REPRESENTATION_CONTEXT('2D SPACE',''
  ) );
#536 = PCURVE('',#537,#542);
#537 = CYLINDRICAL_SURFACE('',#538,3.);
#538 = AXIS2_PLACEMENT_3D('',#539,#540,#541);
#539 = CARTESIAN_POINT('',(1.888075062501E-14,-1.407182015661E-16,-2.5)
  );
#540 = DIRECTION('',(0.,0.,1.));
#541 = DIRECTION('',(1.,0.,0.));
#542 = DEFINITIONAL_REPRESENTATION('',(#543),#547);
#543 = LINE('',#544,#545);
#544 = CARTESIAN_POINT('',(0.,-2.65));
#545 = VECTOR('',#546,1.);
#546 = DIRECTION('',(1.,0.));
#547 = ( GEOMETRIC_REPRESENTATION_CONTEXT(2) 
PARAMETRIC_REPRESENTATION_CONTEXT() REPRESENTATION_CONTEXT('2D SPACE',''
  ) );
#548 = ADVANCED_FACE('',(#549,#552),#501,.T.);
#549 = FACE_BOUND('',#550,.T.);
#550 = EDGE_LOOP('',(#551));
#551 = ORIENTED_EDGE('',*,*,#486,.T.);
#552 = FACE_BOUND('',#553,.T.);
#553 = EDGE_LOOP('',(#554));
#554 = ORIENTED_EDGE('',*,*,#555,.F.);
#555 = EDGE_CURVE('',#556,#556,#558,.T.);
#556 = VERTEX_POINT('',#557);
#557 = CARTESIAN_POINT('',(2.877064476163,-7.046775603348E-16,1.));
#558 = SURFACE_CURVE('',#559,(#564,#571),.PCURVE_S1.);
#559 = CIRCLE('',#560,2.877064476163);
#560 = AXIS2_PLACEMENT_3D('',#561,#562,#563);
#561 = CARTESIAN_POINT('',(0.,0.,1.));
#562 = DIRECTION('',(0.,0.,1.));
#563 = DIRECTION('',(1.,0.,-0.));
#564 = PCURVE('',#501,#565);
#565 = DEFINITIONAL_REPRESENTATION('',(#566),#570);
#566 = CIRCLE('',#567,2.877064476163);
#567 = AXIS2_PLACEMENT_2D('',#568,#569);
#568 = CARTESIAN_POINT('',(2.734880265079E-16,-2.924450111184E-17));
#569 = DIRECTION('',(1.,0.));
#570 = ( GEOMETRIC_REPRESENTATION_CONTEXT(2) 
PARAMETRIC_REPRESENTATION_CONTEXT() REPRESENTATION_CONTEXT('2D SPACE',''
  ) );
#571 = PCURVE('',#572,#577);
#572 = SPHERICAL_SURFACE('',#573,12.);
#573 = AXIS2_PLACEMENT_3D('',#574,#575,#576);
#574 = CARTESIAN_POINT('',(0.,0.,12.65));
#575 = DIRECTION('',(0.,0.,1.));
#576 = DIRECTION('',(1.,0.,0.));
#577 = DEFINITIONAL_REPRESENTATION('',(#578),#582);
#578 = LINE('',#579,#580);
#579 = CARTESIAN_POINT('',(0.,-1.328682459894));
#580 = VECTOR('',#581,1.);
#581 = DIRECTION('',(1.,0.));
#582 = ( GEOMETRIC_REPRESENTATION_CONTEXT(2) 
PARAMETRIC_REPRESENTATION_CONTEXT() REPRESENTATION_CONTEXT('2D SPACE',''
  ) );
#583 = ADVANCED_FACE('',(#584),#537,.F.);
#584 = FACE_BOUND('',#585,.F.);
#585 = EDGE_LOOP('',(#586,#609,#610,#611));
#586 = ORIENTED_EDGE('',*,*,#587,.T.);
#587 = EDGE_CURVE('',#588,#521,#590,.T.);
#588 = VERTEX_POINT('',#589);
#589 = CARTESIAN_POINT('',(3.,-1.407182015661E-16,-2.5));
#590 = SEAM_CURVE('',#591,(#595,#602),.PCURVE_S1.);
#591 = LINE('',#592,#593);
#592 = CARTESIAN_POINT('',(3.,-1.407182015661E-16,-2.5));
#593 = VECTOR('',#594,1.);
#594 = DIRECTION('',(-0.,-0.,-1.));
#595 = PCURVE('',#537,#596);
#596 = DEFINITIONAL_REPRESENTATION('',(#597),#601);
#597 = LINE('',#598,#599);
#598 = CARTESIAN_POINT('',(0.,0.));
#599 = VECTOR('',#600,1.);
#600 = DIRECTION('',(0.,-1.));
#601 = ( GEOMETRIC_REPRESENTATION_CONTEXT(2) 
PARAMETRIC_REPRESENTATION_CONTEXT() REPRESENTATION_CONTEXT('2D SPACE',''
  ) );
#602 = PCURVE('',#537,#603);
#603 = DEFINITIONAL_REPRESENTATION('',(#604),#608);
#604 = LINE('',#605,#606);
#605 = CARTESIAN_POINT('',(6.28318530718,0.));
#606 = VECTOR('',#607,1.);
#607 = DIRECTION('',(0.,-1.));
#608 = ( GEOMETRIC_REPRESENTATION_CONTEXT(2) 
PARAMETRIC_REPRESENTATION_CONTEXT() REPRESENTATION_CONTEXT('2D SPACE',''
  ) );
#609 = ORIENTED_EDGE('',*,*,#520,.T.);
#610 = ORIENTED_EDGE('',*,*,#587,.F.);
#611 = ORIENTED_EDGE('',*,*,#612,.F.);
#612 = EDGE_CURVE('',#588,#588,#613,.T.);
#613 = SURFACE_CURVE('',#614,(#619,#626),.PCURVE_S1.);
#614 = CIRCLE('',#615,3.);
#615 = AXIS2_PLACEMENT_3D('',#616,#617,#618);
#616 = CARTESIAN_POINT('',(1.888075062501E-14,-1.407182015661E-16,-2.5)
  );
#617 = DIRECTION('',(0.,0.,1.));
#618 = DIRECTION('',(1.,0.,0.));
#619 = PCURVE('',#537,#620);
#620 = DEFINITIONAL_REPRESENTATION('',(#621),#625);
#621 = LINE('',#622,#623);
#622 = CARTESIAN_POINT('',(0.,0.));
#623 = VECTOR('',#624,1.);
#624 = DIRECTION('',(1.,0.));
#625 = ( GEOMETRIC_REPRESENTATION_CONTEXT(2) 
PARAMETRIC_REPRESENTATION_CONTEXT() REPRESENTATION_CONTEXT('2D SPACE',''
  ) );
#626 = PCURVE('',#627,#632);
#627 = PLANE('',#628);
#628 = AXIS2_PLACEMENT_3D('',#629,#630,#631);
#629 = CARTESIAN_POINT('',(-2.681255161842E-16,5.961865926976E-16,-2.5)
  );
#630 = DIRECTION('',(0.,0.,1.));
#631 = DIRECTION('',(1.,0.,-0.));
#632 = DEFINITIONAL_REPRESENTATION('',(#633),#637);
#633 = CIRCLE('',#634,3.);
#634 = AXIS2_PLACEMENT_2D('',#635,#636);
#635 = CARTESIAN_POINT('',(1.91488761412E-14,-7.369047942637E-16));
#636 = DIRECTION('',(1.,0.));
#637 = ( GEOMETRIC_REPRESENTATION_CONTEXT(2) 
PARAMETRIC_REPRESENTATION_CONTEXT() REPRESENTATION_CONTEXT('2D SPACE',''
  ) );
#638 = ADVANCED_FACE('',(#639),#572,.F.);
#639 = FACE_BOUND('',#640,.F.);
#640 = EDGE_LOOP('',(#641,#665,#666,#667,#723,#755,#825,#858,#914,#956,
    #989,#1029,#1063,#1097,#1131));
#641 = ORIENTED_EDGE('',*,*,#642,.T.);
#642 = EDGE_CURVE('',#643,#556,#645,.T.);
#643 = VERTEX_POINT('',#644);
#644 = CARTESIAN_POINT('',(0.399169921875,-9.776843342802E-17,
    0.65664086365));
#645 = SEAM_CURVE('',#646,(#651,#658),.PCURVE_S1.);
#646 = CIRCLE('',#647,12.);
#647 = AXIS2_PLACEMENT_3D('',#648,#649,#650);
#648 = CARTESIAN_POINT('',(0.,0.,12.65));
#649 = DIRECTION('',(-2.449293598295E-16,-1.,0.));
#650 = DIRECTION('',(1.,-2.449293598295E-16,0.));
#651 = PCURVE('',#572,#652);
#652 = DEFINITIONAL_REPRESENTATION('',(#653),#657);
#653 = LINE('',#654,#655);
#654 = CARTESIAN_POINT('',(6.28318530718,-6.28318530718));
#655 = VECTOR('',#656,1.);
#656 = DIRECTION('',(0.,1.));
#657 = ( GEOMETRIC_REPRESENTATION_CONTEXT(2) 
PARAMETRIC_REPRESENTATION_CONTEXT() REPRESENTATION_CONTEXT('2D SPACE',''
  ) );
#658 = PCURVE('',#572,#659);
#659 = DEFINITIONAL_REPRESENTATION('',(#660),#664);
#660 = LINE('',#661,#662);
#661 = CARTESIAN_POINT('',(0.,-6.28318530718));
#662 = VECTOR('',#663,1.);
#663 = DIRECTION('',(0.,1.));
#664 = ( GEOMETRIC_REPRESENTATION_CONTEXT(2) 
PARAMETRIC_REPRESENTATION_CONTEXT() REPRESENTATION_CONTEXT('2D SPACE',''
  ) );
#665 = ORIENTED_EDGE('',*,*,#555,.F.);
#666 = ORIENTED_EDGE('',*,*,#642,.F.);
#667 = ORIENTED_EDGE('',*,*,#668,.T.);
#668 = EDGE_CURVE('',#643,#669,#671,.T.);
#669 = VERTEX_POINT('',#670);
#670 = CARTESIAN_POINT('',(0.399169921875,1.156494140625,0.712530223026)
  );
#671 = SURFACE_CURVE('',#672,(#677,#711),.PCURVE_S1.);
#672 = CIRCLE('',#673,11.99335913635);
#673 = AXIS2_PLACEMENT_3D('',#674,#675,#676);
#674 = CARTESIAN_POINT('',(0.399169921875,0.,12.65));
#675 = DIRECTION('',(1.,0.,0.));
#676 = DIRECTION('',(-0.,0.,1.));
#677 = PCURVE('',#572,#678);
#678 = DEFINITIONAL_REPRESENTATION('',(#679),#710);
#679 = B_SPLINE_CURVE_WITH_KNOTS('',8,(#680,#681,#682,#683,#684,#685,
    #686,#687,#688,#689,#690,#691,#692,#693,#694,#695,#696,#697,#698,
    #699,#700,#701,#702,#703,#704,#705,#706,#707,#708,#709),
  .UNSPECIFIED.,.F.,.F.,(9,7,7,7,9),(3.14159265359,3.153664896168,
    3.174791320681,3.20648095745,3.238170594219),.UNSPECIFIED.);
#680 = CARTESIAN_POINT('',(-3.552713678801E-15,-1.537526029092));
#681 = CARTESIAN_POINT('',(4.533994575146E-02,-1.537526029092));
#682 = CARTESIAN_POINT('',(9.067985713876E-02,-1.537447835414));
#683 = CARTESIAN_POINT('',(0.135735752663,-1.53729144904));
#684 = CARTESIAN_POINT('',(0.18022275155,-1.537057895758));
#685 = CARTESIAN_POINT('',(0.223880115528,-1.536749241049));
#686 = CARTESIAN_POINT('',(0.266490257424,-1.536368390771));
#687 = CARTESIAN_POINT('',(0.307887610556,-1.535918806689));
#688 = CARTESIAN_POINT('',(0.418068127024,-1.534503819607));
#689 = CARTESIAN_POINT('',(0.484104789421,-1.533404445086));
#690 = CARTESIAN_POINT('',(0.54542674262,-1.532126373669));
#691 = CARTESIAN_POINT('',(0.601845102488,-1.530692874852));
#692 = CARTESIAN_POINT('',(0.653568137961,-1.529126005485));
#693 = CARTESIAN_POINT('',(0.700920890381,-1.527444606825));
#694 = CARTESIAN_POINT('',(0.74428615865,-1.525664770333));
#695 = CARTESIAN_POINT('',(0.84368108004,-1.521002771305));
#696 = CARTESIAN_POINT('',(0.895201642908,-1.51801440507));
#697 = CARTESIAN_POINT('',(0.939892027404,-1.514880407294));
#698 = CARTESIAN_POINT('',(0.979036540242,-1.511633200824));
#699 = CARTESIAN_POINT('',(1.013584867982,-1.508295217423));
#700 = CARTESIAN_POINT('',(1.044311090927,-1.504883431502));
#701 = CARTESIAN_POINT('',(1.071814895237,-1.501410536479));
#702 = CARTESIAN_POINT('',(1.121345702399,-1.494362357307));
#703 = CARTESIAN_POINT('',(1.143372591689,-1.490787071902));
#704 = CARTESIAN_POINT('',(1.16314405164,-1.487170484784));
#705 = CARTESIAN_POINT('',(1.181022257259,-1.483519646421));
#706 = CARTESIAN_POINT('',(1.197287928218,-1.479839899208));
#707 = CARTESIAN_POINT('',(1.212164686615,-1.476135447886));
#708 = CARTESIAN_POINT('',(1.225833716646,-1.472409635826));
#709 = CARTESIAN_POINT('',(1.238444124927,-1.468665198199));
#710 = ( GEOMETRIC_REPRESENTATION_CONTEXT(2) 
PARAMETRIC_REPRESENTATION_CONTEXT() REPRESENTATION_CONTEXT('2D SPACE',''
  ) );
#711 = PCURVE('',#712,#717);
#712 = PLANE('',#713);
#713 = AXIS2_PLACEMENT_3D('',#714,#715,#716);
#714 = CARTESIAN_POINT('',(0.399169921875,1.156494140625,0.5));
#715 = DIRECTION('',(1.,0.,0.));
#716 = DIRECTION('',(0.,-1.,0.));
#717 = DEFINITIONAL_REPRESENTATION('',(#718),#722);
#718 = CIRCLE('',#719,11.99335913635);
#719 = AXIS2_PLACEMENT_2D('',#720,#721);
#720 = CARTESIAN_POINT('',(1.156494140625,-12.15));
#721 = DIRECTION('',(0.,-1.));
#722 = ( GEOMETRIC_REPRESENTATION_CONTEXT(2) 
PARAMETRIC_REPRESENTATION_CONTEXT() REPRESENTATION_CONTEXT('2D SPACE',''
  ) );
#723 = ORIENTED_EDGE('',*,*,#724,.T.);
#724 = EDGE_CURVE('',#669,#725,#727,.T.);
#725 = VERTEX_POINT('',#726);
#726 = CARTESIAN_POINT('',(0.183837890625,1.156494140625,0.707273136646)
  );
#727 = SURFACE_CURVE('',#728,(#733,#743),.PCURVE_S1.);
#728 = CIRCLE('',#729,11.944141714778);
#729 = AXIS2_PLACEMENT_3D('',#730,#731,#732);
#730 = CARTESIAN_POINT('',(0.,1.156494140625,12.65));
#731 = DIRECTION('',(0.,1.,0.));
#732 = DIRECTION('',(0.,-0.,1.));
#733 = PCURVE('',#572,#734);
#734 = DEFINITIONAL_REPRESENTATION('',(#735),#742);
#735 = B_SPLINE_CURVE_WITH_KNOTS('',5,(#736,#737,#738,#739,#740,#741),
  .UNSPECIFIED.,.F.,.F.,(6,6),(3.108166705305,3.126200576516),
  .PIECEWISE_BEZIER_KNOTS.);
#736 = CARTESIAN_POINT('',(1.238444124927,-1.468665198199));
#737 = CARTESIAN_POINT('',(1.271710575131,-1.469841971099));
#738 = CARTESIAN_POINT('',(1.305936837258,-1.47087697142));
#739 = CARTESIAN_POINT('',(1.341024821226,-1.47176202678));
#740 = CARTESIAN_POINT('',(1.376825949559,-1.472490006572));
#741 = CARTESIAN_POINT('',(1.413153935133,-1.473056235036));
#742 = ( GEOMETRIC_REPRESENTATION_CONTEXT(2) 
PARAMETRIC_REPRESENTATION_CONTEXT() REPRESENTATION_CONTEXT('2D SPACE',''
  ) );
#743 = PCURVE('',#744,#749);
#744 = PLANE('',#745);
#745 = AXIS2_PLACEMENT_3D('',#746,#747,#748);
#746 = CARTESIAN_POINT('',(0.183837890625,1.156494140625,0.5));
#747 = DIRECTION('',(0.,1.,0.));
#748 = DIRECTION('',(1.,0.,0.));
#749 = DEFINITIONAL_REPRESENTATION('',(#750),#754);
#750 = CIRCLE('',#751,11.944141714778);
#751 = AXIS2_PLACEMENT_2D('',#752,#753);
#752 = CARTESIAN_POINT('',(-0.183837890625,-12.15));
#753 = DIRECTION('',(0.,-1.));
#754 = ( GEOMETRIC_REPRESENTATION_CONTEXT(2) 
PARAMETRIC_REPRESENTATION_CONTEXT() REPRESENTATION_CONTEXT('2D SPACE',''
  ) );
#755 = ORIENTED_EDGE('',*,*,#756,.T.);
#756 = EDGE_CURVE('',#725,#757,#759,.T.);
#757 = VERTEX_POINT('',#758);
#758 = CARTESIAN_POINT('',(-0.796142578125,-0.235107421875,
    0.678747705629));
#759 = SURFACE_CURVE('',#760,(#765,#813),.PCURVE_S1.);
#760 = CIRCLE('',#761,11.988919483281);
#761 = AXIS2_PLACEMENT_3D('',#762,#763,#764);
#762 = CARTESIAN_POINT('',(-0.421533660172,0.296848440689,12.65));
#763 = DIRECTION('',(-0.817611345781,0.575770516134,0.));
#764 = DIRECTION('',(-0.575770516134,-0.817611345781,0.));
#765 = PCURVE('',#572,#766);
#766 = DEFINITIONAL_REPRESENTATION('',(#767),#812);
#767 = B_SPLINE_CURVE_WITH_KNOTS('',8,(#768,#769,#770,#771,#772,#773,
    #774,#775,#776,#777,#778,#779,#780,#781,#782,#783,#784,#785,#786,
    #787,#788,#789,#790,#791,#792,#793,#794,#795,#796,#797,#798,#799,
    #800,#801,#802,#803,#804,#805,#806,#807,#808,#809,#810,#811),
  .UNSPECIFIED.,.F.,.F.,(9,7,7,7,7,7,9),(4.624577597863,4.660104262622,
    4.686749261191,4.706733010118,4.721720821813,4.744202539356,
    4.766684256899),.UNSPECIFIED.);
#768 = CARTESIAN_POINT('',(1.413153935133,-1.473056235036));
#769 = CARTESIAN_POINT('',(1.433094098914,-1.477043496788));
#770 = CARTESIAN_POINT('',(1.45489654012,-1.480986202632));
#771 = CARTESIAN_POINT('',(1.478841051896,-1.48487707934));
#772 = CARTESIAN_POINT('',(1.505266785746,-1.488707082082));
#773 = CARTESIAN_POINT('',(1.53459327574,-1.492464709884));
#774 = CARTESIAN_POINT('',(1.567334001774,-1.496135154593));
#775 = CARTESIAN_POINT('',(1.604142977005,-1.499698552615));
#776 = CARTESIAN_POINT('',(1.677004722914,-1.505699532958));
#777 = CARTESIAN_POINT('',(1.710946004282,-1.508195856996));
#778 = CARTESIAN_POINT('',(1.747921509884,-1.510605174987));
#779 = CARTESIAN_POINT('',(1.788284699232,-1.512913683651));
#780 = CARTESIAN_POINT('',(1.83240720488,-1.515104735049));
#781 = CARTESIAN_POINT('',(1.880664030909,-1.517158303351));
#782 = CARTESIAN_POINT('',(1.933334949779,-1.519050567739));
#783 = CARTESIAN_POINT('',(2.033299803928,-1.522035194026));
#784 = CARTESIAN_POINT('',(2.078646125999,-1.523209266973));
#785 = CARTESIAN_POINT('',(2.126512503697,-1.524267531765));
#786 = CARTESIAN_POINT('',(2.17683975669,-1.525198765488));
#787 = CARTESIAN_POINT('',(2.229459536612,-1.525991614308));
#788 = CARTESIAN_POINT('',(2.284058333242,-1.526635728372));
#789 = CARTESIAN_POINT('',(2.34017594231,-1.527123074782));
#790 = CARTESIAN_POINT('',(2.44009872728,-1.52769310831));
#791 = CARTESIAN_POINT('',(2.483474601338,-1.527846499653));
#792 = CARTESIAN_POINT('',(2.527175206776,-1.527906935484));
#793 = CARTESIAN_POINT('',(2.570947866251,-1.527873352432));
#794 = CARTESIAN_POINT('',(2.614528460906,-1.527745877668));
#795 = CARTESIAN_POINT('',(2.657663047573,-1.527525835696));
#796 = CARTESIAN_POINT('',(2.700126974446,-1.527215595851));
#797 = CARTESIAN_POINT('',(2.804138339218,-1.526222360036));
#798 = CARTESIAN_POINT('',(2.864611643447,-1.525430551617));
#799 = CARTESIAN_POINT('',(2.922514462004,-1.524453459837));
#800 = CARTESIAN_POINT('',(2.977394342581,-1.523305766063));
#801 = CARTESIAN_POINT('',(3.029044154142,-1.522003988486));
#802 = CARTESIAN_POINT('',(3.077445581544,-1.520564514004));
#803 = CARTESIAN_POINT('',(3.122680914094,-1.519002376126));
#804 = CARTESIAN_POINT('',(3.207116545697,-1.515660088091));
#805 = CARTESIAN_POINT('',(3.246316721937,-1.513879932968));
#806 = CARTESIAN_POINT('',(3.282646821816,-1.512004400861));
#807 = CARTESIAN_POINT('',(3.316317119006,-1.51004562483));
#808 = CARTESIAN_POINT('',(3.347552296104,-1.508013979292));
#809 = CARTESIAN_POINT('',(3.376569287113,-1.505918246311));
#810 = CARTESIAN_POINT('',(3.403570229856,-1.503765924252));
#811 = CARTESIAN_POINT('',(3.428739494192,-1.501563397286));
#812 = ( GEOMETRIC_REPRESENTATION_CONTEXT(2) 
PARAMETRIC_REPRESENTATION_CONTEXT() REPRESENTATION_CONTEXT('2D SPACE',''
  ) );
#813 = PCURVE('',#814,#819);
#814 = PLANE('',#815);
#815 = AXIS2_PLACEMENT_3D('',#816,#817,#818);
#816 = CARTESIAN_POINT('',(-0.796142578125,-0.235107421875,0.5));
#817 = DIRECTION('',(-0.817611345781,0.575770516134,0.));
#818 = DIRECTION('',(0.575770516134,0.817611345781,0.));
#819 = DEFINITIONAL_REPRESENTATION('',(#820),#824);
#820 = CIRCLE('',#821,11.988919483281);
#821 = AXIS2_PLACEMENT_2D('',#822,#823);
#822 = CARTESIAN_POINT('',(0.650621918726,-12.15));
#823 = DIRECTION('',(-1.,-0.));
#824 = ( GEOMETRIC_REPRESENTATION_CONTEXT(2) 
PARAMETRIC_REPRESENTATION_CONTEXT() REPRESENTATION_CONTEXT('2D SPACE',''
  ) );
#825 = ORIENTED_EDGE('',*,*,#826,.T.);
#826 = EDGE_CURVE('',#757,#827,#829,.T.);
#827 = VERTEX_POINT('',#828);
#828 = CARTESIAN_POINT('',(-0.796142578125,-0.476806640625,
    0.685936625763));
#829 = SURFACE_CURVE('',#830,(#835,#846),.PCURVE_S1.);
#830 = CIRCLE('',#831,11.973560748386);
#831 = AXIS2_PLACEMENT_3D('',#832,#833,#834);
#832 = CARTESIAN_POINT('',(-0.796142578125,0.,12.65));
#833 = DIRECTION('',(-1.,0.,0.));
#834 = DIRECTION('',(0.,0.,-1.));
#835 = PCURVE('',#572,#836);
#836 = DEFINITIONAL_REPRESENTATION('',(#837),#845);
#837 = B_SPLINE_CURVE_WITH_KNOTS('',6,(#838,#839,#840,#841,#842,#843,
    #844),.UNSPECIFIED.,.F.,.F.,(7,7),(1.963680957019E-02,
    3.98321566671E-02),.PIECEWISE_BEZIER_KNOTS.);
#838 = CARTESIAN_POINT('',(3.428739494192,-1.501563397286));
#839 = CARTESIAN_POINT('',(3.475291306585,-1.50061011954));
#840 = CARTESIAN_POINT('',(3.520303637301,-1.499476515629));
#841 = CARTESIAN_POINT('',(3.563507101004,-1.498173748975));
#842 = CARTESIAN_POINT('',(3.604745486955,-1.496715324739));
#843 = CARTESIAN_POINT('',(3.643971840644,-1.495114935067));
#844 = CARTESIAN_POINT('',(3.681200026264,-1.493385542896));
#845 = ( GEOMETRIC_REPRESENTATION_CONTEXT(2) 
PARAMETRIC_REPRESENTATION_CONTEXT() REPRESENTATION_CONTEXT('2D SPACE',''
  ) );
#846 = PCURVE('',#847,#852);
#847 = PLANE('',#848);
#848 = AXIS2_PLACEMENT_3D('',#849,#850,#851);
#849 = CARTESIAN_POINT('',(-0.796142578125,-0.476806640625,0.5));
#850 = DIRECTION('',(-1.,0.,0.));
#851 = DIRECTION('',(0.,1.,0.));
#852 = DEFINITIONAL_REPRESENTATION('',(#853),#857);
#853 = CIRCLE('',#854,11.973560748386);
#854 = AXIS2_PLACEMENT_2D('',#855,#856);
#855 = CARTESIAN_POINT('',(0.476806640625,-12.15));
#856 = DIRECTION('',(0.,1.));
#857 = ( GEOMETRIC_REPRESENTATION_CONTEXT(2) 
PARAMETRIC_REPRESENTATION_CONTEXT() REPRESENTATION_CONTEXT('2D SPACE',''
  ) );
#858 = ORIENTED_EDGE('',*,*,#859,.T.);
#859 = EDGE_CURVE('',#827,#860,#862,.T.);
#860 = VERTEX_POINT('',#861);
#861 = CARTESIAN_POINT('',(0.135498046875,-0.476806640625,0.660242049701
    ));
#862 = SURFACE_CURVE('',#863,(#868,#902),.PCURVE_S1.);
#863 = CIRCLE('',#864,11.990523567695);
#864 = AXIS2_PLACEMENT_3D('',#865,#866,#867);
#865 = CARTESIAN_POINT('',(0.,-0.476806640625,12.65));
#866 = DIRECTION('',(0.,-1.,0.));
#867 = DIRECTION('',(0.,-0.,-1.));
#868 = PCURVE('',#572,#869);
#869 = DEFINITIONAL_REPRESENTATION('',(#870),#901);
#870 = B_SPLINE_CURVE_WITH_KNOTS('',8,(#871,#872,#873,#874,#875,#876,
    #877,#878,#879,#880,#881,#882,#883,#884,#885,#886,#887,#888,#889,
    #890,#891,#892,#893,#894,#895,#896,#897,#898,#899,#900),
  .UNSPECIFIED.,.F.,.F.,(9,7,7,7,9),(6.216738773581,6.236175574083,
    6.250753174459,6.272619575024,6.294485975588),.UNSPECIFIED.);
#871 = CARTESIAN_POINT('',(3.681200026264,-1.493385542896));
#872 = CARTESIAN_POINT('',(3.697293805285,-1.49546992225));
#873 = CARTESIAN_POINT('',(3.714379028696,-1.497531341391));
#874 = CARTESIAN_POINT('',(3.732549986506,-1.499567326882));
#875 = CARTESIAN_POINT('',(3.751912146398,-1.501575018255));
#876 = CARTESIAN_POINT('',(3.772584844602,-1.503551083173));
#877 = CARTESIAN_POINT('',(3.794702411564,-1.5054916076));
#878 = CARTESIAN_POINT('',(3.818413732421,-1.507391960943));
#879 = CARTESIAN_POINT('',(3.86298012465,-1.510637642636));
#880 = CARTESIAN_POINT('',(3.88306724187,-1.512002955791));
#881 = CARTESIAN_POINT('',(3.904209681108,-1.51334025059));
#882 = CARTESIAN_POINT('',(3.926478888696,-1.514646932379));
#883 = CARTESIAN_POINT('',(3.949949335559,-1.515920090073));
#884 = CARTESIAN_POINT('',(3.974696370805,-1.517156464458));
#885 = CARTESIAN_POINT('',(4.000792263475,-1.518352431663));
#886 = CARTESIAN_POINT('',(4.069562685915,-1.521231356964));
#887 = CARTESIAN_POINT('',(4.114002494109,-1.522858819408));
#888 = CARTESIAN_POINT('',(4.161833622775,-1.524372938354));
#889 = CARTESIAN_POINT('',(4.213223012303,-1.525758423835));
#890 = CARTESIAN_POINT('',(4.26824378788,-1.526998386221));
#891 = CARTESIAN_POINT('',(4.326797332533,-1.528074678263));
#892 = CARTESIAN_POINT('',(4.388491889729,-1.528970377135));
#893 = CARTESIAN_POINT('',(4.516891485121,-1.53037413449));
#894 = CARTESIAN_POINT('',(4.583596658681,-1.530882192554));
#895 = CARTESIAN_POINT('',(4.652169647231,-1.531183195902));
#896 = CARTESIAN_POINT('',(4.721734832036,-1.531267596864));
#897 = CARTESIAN_POINT('',(4.791188447309,-1.531131811517));
#898 = CARTESIAN_POINT('',(4.859447186444,-1.53078066055));
#899 = CARTESIAN_POINT('',(4.925672266842,-1.530224591474));
#900 = CARTESIAN_POINT('',(4.9892678975,-1.529477430852));
#901 = ( GEOMETRIC_REPRESENTATION_CONTEXT(2) 
PARAMETRIC_REPRESENTATION_CONTEXT() REPRESENTATION_CONTEXT('2D SPACE',''
  ) );
#902 = PCURVE('',#903,#908);
#903 = PLANE('',#904);
#904 = AXIS2_PLACEMENT_3D('',#905,#906,#907);
#905 = CARTESIAN_POINT('',(0.135498046875,-0.476806640625,0.5));
#906 = DIRECTION('',(0.,-1.,0.));
#907 = DIRECTION('',(-1.,0.,0.));
#908 = DEFINITIONAL_REPRESENTATION('',(#909),#913);
#909 = CIRCLE('',#910,11.990523567695);
#910 = AXIS2_PLACEMENT_2D('',#911,#912);
#911 = CARTESIAN_POINT('',(0.135498046875,-12.15));
#912 = DIRECTION('',(-0.,1.));
#913 = ( GEOMETRIC_REPRESENTATION_CONTEXT(2) 
PARAMETRIC_REPRESENTATION_CONTEXT() REPRESENTATION_CONTEXT('2D SPACE',''
  ) );
#914 = ORIENTED_EDGE('',*,*,#915,.T.);
#915 = EDGE_CURVE('',#860,#916,#918,.T.);
#916 = VERTEX_POINT('',#917);
#917 = CARTESIAN_POINT('',(0.135498046875,-0.990966796875,0.691754932818
    ));
#918 = SURFACE_CURVE('',#919,(#924,#944),.PCURVE_S1.);
#919 = CIRCLE('',#920,11.999234987252);
#920 = AXIS2_PLACEMENT_3D('',#921,#922,#923);
#921 = CARTESIAN_POINT('',(0.135498046875,0.,12.65));
#922 = DIRECTION('',(-1.,0.,0.));
#923 = DIRECTION('',(0.,0.,-1.));
#924 = PCURVE('',#572,#925);
#925 = DEFINITIONAL_REPRESENTATION('',(#926),#943);
#926 = B_SPLINE_CURVE_WITH_KNOTS('',8,(#927,#928,#929,#930,#931,#932,
    #933,#934,#935,#936,#937,#938,#939,#940,#941,#942),.UNSPECIFIED.,.F.
  ,.F.,(9,7,9),(3.974688458407E-02,6.121344178331E-02,8.267999898255E-02
    ),.UNSPECIFIED.);
#927 = CARTESIAN_POINT('',(4.9892678975,-1.529477430852));
#928 = CARTESIAN_POINT('',(4.971525875367,-1.526896310033));
#929 = CARTESIAN_POINT('',(4.956317845836,-1.524300316507));
#930 = CARTESIAN_POINT('',(4.943027831477,-1.521693165263));
#931 = CARTESIAN_POINT('',(4.931271628284,-1.519077123001));
#932 = CARTESIAN_POINT('',(4.920768130016,-1.516453846608));
#933 = CARTESIAN_POINT('',(4.911310554296,-1.513824542796));
#934 = CARTESIAN_POINT('',(4.902737662252,-1.511190151767));
#935 = CARTESIAN_POINT('',(4.887107427327,-1.5059126687));
#936 = CARTESIAN_POINT('',(4.88004998096,-1.503269577322));
#937 = CARTESIAN_POINT('',(4.873623622199,-1.500622871016));
#938 = CARTESIAN_POINT('',(4.867734100732,-1.497973094521));
#939 = CARTESIAN_POINT('',(4.862308716487,-1.495320666589));
#940 = CARTESIAN_POINT('',(4.857288832442,-1.492665924383));
#941 = CARTESIAN_POINT('',(4.852625683185,-1.49000914809));
#942 = CARTESIAN_POINT('',(4.848279479223,-1.487350565734));
#943 = ( GEOMETRIC_REPRESENTATION_CONTEXT(2) 
PARAMETRIC_REPRESENTATION_CONTEXT() REPRESENTATION_CONTEXT('2D SPACE',''
  ) );
#944 = PCURVE('',#945,#950);
#945 = PLANE('',#946);
#946 = AXIS2_PLACEMENT_3D('',#947,#948,#949);
#947 = CARTESIAN_POINT('',(0.135498046875,-0.990966796875,0.5));
#948 = DIRECTION('',(-1.,0.,0.));
#949 = DIRECTION('',(0.,1.,0.));
#950 = DEFINITIONAL_REPRESENTATION('',(#951),#955);
#951 = CIRCLE('',#952,11.999234987252);
#952 = AXIS2_PLACEMENT_2D('',#953,#954);
#953 = CARTESIAN_POINT('',(0.990966796875,-12.15));
#954 = DIRECTION('',(0.,1.));
#955 = ( GEOMETRIC_REPRESENTATION_CONTEXT(2) 
PARAMETRIC_REPRESENTATION_CONTEXT() REPRESENTATION_CONTEXT('2D SPACE',''
  ) );
#956 = ORIENTED_EDGE('',*,*,#957,.T.);
#957 = EDGE_CURVE('',#916,#958,#960,.T.);
#958 = VERTEX_POINT('',#959);
#959 = CARTESIAN_POINT('',(0.399169921875,-0.990966796875,0.697650934609
    ));
#960 = SURFACE_CURVE('',#961,(#966,#977),.PCURVE_S1.);
#961 = CIRCLE('',#962,11.959012702037);
#962 = AXIS2_PLACEMENT_3D('',#963,#964,#965);
#963 = CARTESIAN_POINT('',(0.,-0.990966796875,12.65));
#964 = DIRECTION('',(0.,-1.,0.));
#965 = DIRECTION('',(0.,-0.,-1.));
#966 = PCURVE('',#572,#967);
#967 = DEFINITIONAL_REPRESENTATION('',(#968),#976);
#968 = B_SPLINE_CURVE_WITH_KNOTS('',6,(#969,#970,#971,#972,#973,#974,
    #975),.UNSPECIFIED.,.F.,.F.,(7,7),(1.133044587196E-02,
    3.338436778543E-02),.PIECEWISE_BEZIER_KNOTS.);
#969 = CARTESIAN_POINT('',(4.848279479223,-1.487350565734));
#970 = CARTESIAN_POINT('',(4.891820473558,-1.486852615178));
#971 = CARTESIAN_POINT('',(4.934737171566,-1.486164386923));
#972 = CARTESIAN_POINT('',(4.976748068497,-1.485290977726));
#973 = CARTESIAN_POINT('',(5.01761376698,-1.484240554411));
#974 = CARTESIAN_POINT('',(5.057170090241,-1.483023262014));
#975 = CARTESIAN_POINT('',(5.095314194282,-1.481649907614));
#976 = ( GEOMETRIC_REPRESENTATION_CONTEXT(2) 
PARAMETRIC_REPRESENTATION_CONTEXT() REPRESENTATION_CONTEXT('2D SPACE',''
  ) );
#977 = PCURVE('',#978,#983);
#978 = PLANE('',#979);
#979 = AXIS2_PLACEMENT_3D('',#980,#981,#982);
#980 = CARTESIAN_POINT('',(0.399169921875,-0.990966796875,0.5));
#981 = DIRECTION('',(0.,-1.,0.));
#982 = DIRECTION('',(-1.,0.,0.));
#983 = DEFINITIONAL_REPRESENTATION('',(#984),#988);
#984 = CIRCLE('',#985,11.959012702037);
#985 = AXIS2_PLACEMENT_2D('',#986,#987);
#986 = CARTESIAN_POINT('',(0.399169921875,-12.15));
#987 = DIRECTION('',(-0.,1.));
#988 = ( GEOMETRIC_REPRESENTATION_CONTEXT(2) 
PARAMETRIC_REPRESENTATION_CONTEXT() REPRESENTATION_CONTEXT('2D SPACE',''
  ) );
#989 = ORIENTED_EDGE('',*,*,#990,.T.);
#990 = EDGE_CURVE('',#958,#991,#993,.T.);
#991 = VERTEX_POINT('',#992);
#992 = CARTESIAN_POINT('',(0.399169921875,-0.476806640625,0.666122547317
    ));
#993 = SURFACE_CURVE('',#994,(#999,#1017),.PCURVE_S1.);
#994 = CIRCLE('',#995,11.99335913635);
#995 = AXIS2_PLACEMENT_3D('',#996,#997,#998);
#996 = CARTESIAN_POINT('',(0.399169921875,0.,12.65));
#997 = DIRECTION('',(1.,0.,0.));
#998 = DIRECTION('',(-0.,0.,1.));
#999 = PCURVE('',#572,#1000);
#1000 = DEFINITIONAL_REPRESENTATION('',(#1001),#1016);
#1001 = B_SPLINE_CURVE_WITH_KNOTS('',7,(#1002,#1003,#1004,#1005,#1006,
    #1007,#1008,#1009,#1010,#1011,#1012,#1013,#1014,#1015),
  .UNSPECIFIED.,.F.,.F.,(8,6,8),(3.058872054955,3.080349170343,
    3.10182628573),.UNSPECIFIED.);
#1002 = CARTESIAN_POINT('',(5.095314194282,-1.481649907614));
#1003 = CARTESIAN_POINT('',(5.108139550972,-1.484495857485));
#1004 = CARTESIAN_POINT('',(5.121921554212,-1.487324653373));
#1005 = CARTESIAN_POINT('',(5.136781509893,-1.490134000491));
#1006 = CARTESIAN_POINT('',(5.152864913642,-1.492921093561));
#1007 = CARTESIAN_POINT('',(5.170348240051,-1.495682492277));
#1008 = CARTESIAN_POINT('',(5.189450479033,-1.4984138109));
#1009 = CARTESIAN_POINT('',(5.2314483596,-1.503804633047));
#1010 = CARTESIAN_POINT('',(5.254344049514,-1.506464135254));
#1011 = CARTESIAN_POINT('',(5.279413928274,-1.509081897703));
#1012 = CARTESIAN_POINT('',(5.306995929343,-1.511650615313));
#1013 = CARTESIAN_POINT('',(5.33749821827,-1.514160994059));
#1014 = CARTESIAN_POINT('',(5.371433391318,-1.516600784554));
#1015 = CARTESIAN_POINT('',(5.40938935497,-1.518953360637));
#1016 = ( GEOMETRIC_REPRESENTATION_CONTEXT(2) 
PARAMETRIC_REPRESENTATION_CONTEXT() REPRESENTATION_CONTEXT('2D SPACE',''
  ) );
#1017 = PCURVE('',#1018,#1023);
#1018 = PLANE('',#1019);
#1019 = AXIS2_PLACEMENT_3D('',#1020,#1021,#1022);
#1020 = CARTESIAN_POINT('',(0.399169921875,-0.476806640625,0.5));
#1021 = DIRECTION('',(1.,0.,0.));
#1022 = DIRECTION('',(0.,-1.,0.));
#1023 = DEFINITIONAL_REPRESENTATION('',(#1024),#1028);
#1024 = CIRCLE('',#1025,11.99335913635);
#1025 = AXIS2_PLACEMENT_2D('',#1026,#1027);
#1026 = CARTESIAN_POINT('',(-0.476806640625,-12.15));
#1027 = DIRECTION('',(0.,-1.));
#1028 = ( GEOMETRIC_REPRESENTATION_CONTEXT(2) 
PARAMETRIC_REPRESENTATION_CONTEXT() REPRESENTATION_CONTEXT('2D SPACE',''
  ) );
#1029 = ORIENTED_EDGE('',*,*,#1030,.T.);
#1030 = EDGE_CURVE('',#991,#1031,#1033,.T.);
#1031 = VERTEX_POINT('',#1032);
#1032 = CARTESIAN_POINT('',(0.689208984375,-0.476806640625,
    0.679300504845));
#1033 = SURFACE_CURVE('',#1034,(#1039,#1051),.PCURVE_S1.);
#1034 = CIRCLE('',#1035,11.990523567695);
#1035 = AXIS2_PLACEMENT_3D('',#1036,#1037,#1038);
#1036 = CARTESIAN_POINT('',(0.,-0.476806640625,12.65));
#1037 = DIRECTION('',(0.,-1.,0.));
#1038 = DIRECTION('',(0.,-0.,-1.));
#1039 = PCURVE('',#572,#1040);
#1040 = DEFINITIONAL_REPRESENTATION('',(#1041),#1050);
#1041 = B_SPLINE_CURVE_WITH_KNOTS('',7,(#1042,#1043,#1044,#1045,#1046,
    #1047,#1048,#1049),.UNSPECIFIED.,.F.,.F.,(8,8),(3.329660182856E-02,
    5.751117185169E-02),.PIECEWISE_BEZIER_KNOTS.);
#1042 = CARTESIAN_POINT('',(5.40938935497,-1.518953360637));
#1043 = CARTESIAN_POINT('',(5.460506350498,-1.51673281347));
#1044 = CARTESIAN_POINT('',(5.5065122822,-1.514354082318));
#1045 = CARTESIAN_POINT('',(5.547890060718,-1.51184564137));
#1046 = CARTESIAN_POINT('',(5.585238297576,-1.509230381736));
#1047 = CARTESIAN_POINT('',(5.619077245635,-1.50652569827));
#1048 = CARTESIAN_POINT('',(5.649860735559,-1.50374544684));
#1049 = CARTESIAN_POINT('',(5.677972281856,-1.500900646793));
#1050 = ( GEOMETRIC_REPRESENTATION_CONTEXT(2) 
PARAMETRIC_REPRESENTATION_CONTEXT() REPRESENTATION_CONTEXT('2D SPACE',''
  ) );
#1051 = PCURVE('',#1052,#1057);
#1052 = PLANE('',#1053);
#1053 = AXIS2_PLACEMENT_3D('',#1054,#1055,#1056);
#1054 = CARTESIAN_POINT('',(0.689208984375,-0.476806640625,0.5));
#1055 = DIRECTION('',(0.,-1.,0.));
#1056 = DIRECTION('',(-1.,0.,0.));
#1057 = DEFINITIONAL_REPRESENTATION('',(#1058),#1062);
#1058 = CIRCLE('',#1059,11.990523567695);
#1059 = AXIS2_PLACEMENT_2D('',#1060,#1061);
#1060 = CARTESIAN_POINT('',(0.689208984375,-12.15));
#1061 = DIRECTION('',(-0.,1.));
#1062 = ( GEOMETRIC_REPRESENTATION_CONTEXT(2) 
PARAMETRIC_REPRESENTATION_CONTEXT() REPRESENTATION_CONTEXT('2D SPACE',''
  ) );
#1063 = ORIENTED_EDGE('',*,*,#1064,.T.);
#1064 = EDGE_CURVE('',#1031,#1065,#1067,.T.);
#1065 = VERTEX_POINT('',#1066);
#1066 = CARTESIAN_POINT('',(0.689208984375,-0.235107421875,
    0.672115567596));
#1067 = SURFACE_CURVE('',#1068,(#1073,#1085),.PCURVE_S1.);
#1068 = CIRCLE('',#1069,11.980191608478);
#1069 = AXIS2_PLACEMENT_3D('',#1070,#1071,#1072);
#1070 = CARTESIAN_POINT('',(0.689208984375,0.,12.65));
#1071 = DIRECTION('',(1.,0.,0.));
#1072 = DIRECTION('',(-0.,0.,1.));
#1073 = PCURVE('',#572,#1074);
#1074 = DEFINITIONAL_REPRESENTATION('',(#1075),#1084);
#1075 = B_SPLINE_CURVE_WITH_KNOTS('',7,(#1076,#1077,#1078,#1079,#1080,
    #1081,#1082,#1083),.UNSPECIFIED.,.F.,.F.,(8,8),(3.101782555094,
    3.121966714101),.PIECEWISE_BEZIER_KNOTS.);
#1076 = CARTESIAN_POINT('',(5.677972281856,-1.500900646793));
#1077 = CARTESIAN_POINT('',(5.711843223213,-1.502541149717));
#1078 = CARTESIAN_POINT('',(5.747570614745,-1.504087948575));
#1079 = CARTESIAN_POINT('',(5.785210297869,-1.505531804078));
#1080 = CARTESIAN_POINT('',(5.824785037289,-1.506862761032));
#1081 = CARTESIAN_POINT('',(5.866267287064,-1.508070344504));
#1082 = CARTESIAN_POINT('',(5.909548950626,-1.50914420937));
#1083 = CARTESIAN_POINT('',(5.954437411518,-1.510075155352));
#1084 = ( GEOMETRIC_REPRESENTATION_CONTEXT(2) 
PARAMETRIC_REPRESENTATION_CONTEXT() REPRESENTATION_CONTEXT('2D SPACE',''
  ) );
#1085 = PCURVE('',#1086,#1091);
#1086 = PLANE('',#1087);
#1087 = AXIS2_PLACEMENT_3D('',#1088,#1089,#1090);
#1088 = CARTESIAN_POINT('',(0.689208984375,-0.235107421875,0.5));
#1089 = DIRECTION('',(1.,0.,0.));
#1090 = DIRECTION('',(0.,-1.,0.));
#1091 = DEFINITIONAL_REPRESENTATION('',(#1092),#1096);
#1092 = CIRCLE('',#1093,11.980191608478);
#1093 = AXIS2_PLACEMENT_2D('',#1094,#1095);
#1094 = CARTESIAN_POINT('',(-0.235107421875,-12.15));
#1095 = DIRECTION('',(0.,-1.));
#1096 = ( GEOMETRIC_REPRESENTATION_CONTEXT(2) 
PARAMETRIC_REPRESENTATION_CONTEXT() REPRESENTATION_CONTEXT('2D SPACE',''
  ) );
#1097 = ORIENTED_EDGE('',*,*,#1098,.T.);
#1098 = EDGE_CURVE('',#1065,#1099,#1101,.T.);
#1099 = VERTEX_POINT('',#1100);
#1100 = CARTESIAN_POINT('',(0.399169921875,-0.235107421875,
    0.658945506185));
#1101 = SURFACE_CURVE('',#1102,(#1107,#1119),.PCURVE_S1.);
#1102 = CIRCLE('',#1103,11.997696633112);
#1103 = AXIS2_PLACEMENT_3D('',#1104,#1105,#1106);
#1104 = CARTESIAN_POINT('',(0.,-0.235107421875,12.65));
#1105 = DIRECTION('',(0.,1.,0.));
#1106 = DIRECTION('',(0.,-0.,1.));
#1107 = PCURVE('',#572,#1108);
#1108 = DEFINITIONAL_REPRESENTATION('',(#1109),#1118);
#1109 = B_SPLINE_CURVE_WITH_KNOTS('',7,(#1110,#1111,#1112,#1113,#1114,
    #1115,#1116,#1117),.UNSPECIFIED.,.F.,.F.,(8,8),(3.08411590388,
    3.108315966161),.PIECEWISE_BEZIER_KNOTS.);
#1110 = CARTESIAN_POINT('',(5.954437411518,-1.510075155352));
#1111 = CARTESIAN_POINT('',(5.936078118696,-1.513347167425));
#1112 = CARTESIAN_POINT('',(5.91540891668,-1.516595276008));
#1113 = CARTESIAN_POINT('',(5.89192804593,-1.51981403889));
#1114 = CARTESIAN_POINT('',(5.864956496119,-1.522996182226));
#1115 = CARTESIAN_POINT('',(5.833550983021,-1.526130862827));
#1116 = CARTESIAN_POINT('',(5.7963139239,-1.52920267096));
#1117 = CARTESIAN_POINT('',(5.750900117735,-1.532181524315));
#1118 = ( GEOMETRIC_REPRESENTATION_CONTEXT(2) 
PARAMETRIC_REPRESENTATION_CONTEXT() REPRESENTATION_CONTEXT('2D SPACE',''
  ) );
#1119 = PCURVE('',#1120,#1125);
#1120 = PLANE('',#1121);
#1121 = AXIS2_PLACEMENT_3D('',#1122,#1123,#1124);
#1122 = CARTESIAN_POINT('',(0.399169921875,-0.235107421875,0.5));
#1123 = DIRECTION('',(0.,1.,0.));
#1124 = DIRECTION('',(1.,0.,0.));
#1125 = DEFINITIONAL_REPRESENTATION('',(#1126),#1130);
#1126 = CIRCLE('',#1127,11.997696633112);
#1127 = AXIS2_PLACEMENT_2D('',#1128,#1129);
#1128 = CARTESIAN_POINT('',(-0.399169921875,-12.15));
#1129 = DIRECTION('',(0.,-1.));
#1130 = ( GEOMETRIC_REPRESENTATION_CONTEXT(2) 
PARAMETRIC_REPRESENTATION_CONTEXT() REPRESENTATION_CONTEXT('2D SPACE',''
  ) );
#1131 = ORIENTED_EDGE('',*,*,#1132,.T.);
#1132 = EDGE_CURVE('',#1099,#643,#1133,.T.);
#1133 = SURFACE_CURVE('',#1134,(#1139,#1152),.PCURVE_S1.);
#1134 = CIRCLE('',#1135,11.99335913635);
#1135 = AXIS2_PLACEMENT_3D('',#1136,#1137,#1138);
#1136 = CARTESIAN_POINT('',(0.399169921875,0.,12.65));
#1137 = DIRECTION('',(1.,0.,0.));
#1138 = DIRECTION('',(-0.,0.,1.));
#1139 = PCURVE('',#572,#1140);
#1140 = DEFINITIONAL_REPRESENTATION('',(#1141),#1151);
#1141 = B_SPLINE_CURVE_WITH_KNOTS('',8,(#1142,#1143,#1144,#1145,#1146,
    #1147,#1148,#1149,#1150),.UNSPECIFIED.,.F.,.F.,(9,9),(3.121988264214
    ,3.14159265359),.PIECEWISE_BEZIER_KNOTS.);
#1142 = CARTESIAN_POINT('',(5.750900117735,-1.532181524315));
#1143 = CARTESIAN_POINT('',(5.805554408246,-1.533425186826));
#1144 = CARTESIAN_POINT('',(5.864232936115,-1.534536961147));
#1145 = CARTESIAN_POINT('',(5.926957875276,-1.535499845203));
#1146 = CARTESIAN_POINT('',(5.993541671949,-1.536295910634));
#1147 = CARTESIAN_POINT('',(6.063515887398,-1.53690742263));
#1148 = CARTESIAN_POINT('',(6.13592832021,-1.537319821049));
#1149 = CARTESIAN_POINT('',(6.209556737756,-1.537526029092));
#1150 = CARTESIAN_POINT('',(6.28318530718,-1.537526029092));
#1151 = ( GEOMETRIC_REPRESENTATION_CONTEXT(2) 
PARAMETRIC_REPRESENTATION_CONTEXT() REPRESENTATION_CONTEXT('2D SPACE',''
  ) );
#1152 = PCURVE('',#712,#1153);
#1153 = DEFINITIONAL_REPRESENTATION('',(#1154),#1158);
#1154 = CIRCLE('',#1155,11.99335913635);
#1155 = AXIS2_PLACEMENT_2D('',#1156,#1157);
#1156 = CARTESIAN_POINT('',(1.156494140625,-12.15));
#1157 = DIRECTION('',(0.,-1.));
#1158 = ( GEOMETRIC_REPRESENTATION_CONTEXT(2) 
PARAMETRIC_REPRESENTATION_CONTEXT() REPRESENTATION_CONTEXT('2D SPACE',''
  ) );
#1159 = ADVANCED_FACE('',(#1160,#1163),#627,.F.);
#1160 = FACE_BOUND('',#1161,.F.);
#1161 = EDGE_LOOP('',(#1162));
#1162 = ORIENTED_EDGE('',*,*,#612,.T.);
#1163 = FACE_BOUND('',#1164,.F.);
#1164 = EDGE_LOOP('',(#1165));
#1165 = ORIENTED_EDGE('',*,*,#1166,.F.);
#1166 = EDGE_CURVE('',#1167,#1167,#1169,.T.);
#1167 = VERTEX_POINT('',#1168);
#1168 = CARTESIAN_POINT('',(1.5,0.,-2.5));
#1169 = SURFACE_CURVE('',#1170,(#1175,#1182),.PCURVE_S1.);
#1170 = CIRCLE('',#1171,1.5);
#1171 = AXIS2_PLACEMENT_3D('',#1172,#1173,#1174);
#1172 = CARTESIAN_POINT('',(0.,0.,-2.5));
#1173 = DIRECTION('',(0.,0.,1.));
#1174 = DIRECTION('',(1.,0.,0.));
#1175 = PCURVE('',#627,#1176);
#1176 = DEFINITIONAL_REPRESENTATION('',(#1177),#1181);
#1177 = CIRCLE('',#1178,1.5);
#1178 = AXIS2_PLACEMENT_2D('',#1179,#1180);
#1179 = CARTESIAN_POINT('',(2.681255161842E-16,-5.961865926976E-16));
#1180 = DIRECTION('',(1.,0.));
#1181 = ( GEOMETRIC_REPRESENTATION_CONTEXT(2) 
PARAMETRIC_REPRESENTATION_CONTEXT() REPRESENTATION_CONTEXT('2D SPACE',''
  ) );
#1182 = PCURVE('',#1183,#1188);
#1183 = CYLINDRICAL_SURFACE('',#1184,1.5);
#1184 = AXIS2_PLACEMENT_3D('',#1185,#1186,#1187);
#1185 = CARTESIAN_POINT('',(0.,0.,-2.5));
#1186 = DIRECTION('',(0.,0.,1.));
#1187 = DIRECTION('',(1.,0.,0.));
#1188 = DEFINITIONAL_REPRESENTATION('',(#1189),#1193);
#1189 = LINE('',#1190,#1191);
#1190 = CARTESIAN_POINT('',(0.,0.));
#1191 = VECTOR('',#1192,1.);
#1192 = DIRECTION('',(1.,0.));
#1193 = ( GEOMETRIC_REPRESENTATION_CONTEXT(2) 
PARAMETRIC_REPRESENTATION_CONTEXT() REPRESENTATION_CONTEXT('2D SPACE',''
  ) );
#1194 = ADVANCED_FACE('',(#1195),#712,.F.);
#1195 = FACE_BOUND('',#1196,.F.);
#1196 = EDGE_LOOP('',(#1197,#1227,#1248,#1249,#1250));
#1197 = ORIENTED_EDGE('',*,*,#1198,.F.);
#1198 = EDGE_CURVE('',#1199,#1201,#1203,.T.);
#1199 = VERTEX_POINT('',#1200);
#1200 = CARTESIAN_POINT('',(0.399169921875,1.156494140625,0.5));
#1201 = VERTEX_POINT('',#1202);
#1202 = CARTESIAN_POINT('',(0.399169921875,-0.235107421875,0.5));
#1203 = SURFACE_CURVE('',#1204,(#1208,#1215),.PCURVE_S1.);
#1204 = LINE('',#1205,#1206);
#1205 = CARTESIAN_POINT('',(0.399169921875,1.156494140625,0.5));
#1206 = VECTOR('',#1207,1.);
#1207 = DIRECTION('',(0.,-1.,0.));
#1208 = PCURVE('',#712,#1209);
#1209 = DEFINITIONAL_REPRESENTATION('',(#1210),#1214);
#1210 = LINE('',#1211,#1212);
#1211 = CARTESIAN_POINT('',(0.,0.));
#1212 = VECTOR('',#1213,1.);
#1213 = DIRECTION('',(1.,0.));
#1214 = ( GEOMETRIC_REPRESENTATION_CONTEXT(2) 
PARAMETRIC_REPRESENTATION_CONTEXT() REPRESENTATION_CONTEXT('2D SPACE',''
  ) );
#1215 = PCURVE('',#1216,#1221);
#1216 = PLANE('',#1217);
#1217 = AXIS2_PLACEMENT_3D('',#1218,#1219,#1220);
#1218 = CARTESIAN_POINT('',(-0.834228515625,-0.990966796875,0.5));
#1219 = DIRECTION('',(0.,0.,1.));
#1220 = DIRECTION('',(1.,0.,0.));
#1221 = DEFINITIONAL_REPRESENTATION('',(#1222),#1226);
#1222 = LINE('',#1223,#1224);
#1223 = CARTESIAN_POINT('',(1.2333984375,2.1474609375));
#1224 = VECTOR('',#1225,1.);
#1225 = DIRECTION('',(0.,-1.));
#1226 = ( GEOMETRIC_REPRESENTATION_CONTEXT(2) 
PARAMETRIC_REPRESENTATION_CONTEXT() REPRESENTATION_CONTEXT('2D SPACE',''
  ) );
#1227 = ORIENTED_EDGE('',*,*,#1228,.T.);
#1228 = EDGE_CURVE('',#1199,#669,#1229,.T.);
#1229 = SURFACE_CURVE('',#1230,(#1234,#1241),.PCURVE_S1.);
#1230 = LINE('',#1231,#1232);
#1231 = CARTESIAN_POINT('',(0.399169921875,1.156494140625,0.5));
#1232 = VECTOR('',#1233,1.);
#1233 = DIRECTION('',(0.,0.,1.));
#1234 = PCURVE('',#712,#1235);
#1235 = DEFINITIONAL_REPRESENTATION('',(#1236),#1240);
#1236 = LINE('',#1237,#1238);
#1237 = CARTESIAN_POINT('',(0.,0.));
#1238 = VECTOR('',#1239,1.);
#1239 = DIRECTION('',(0.,-1.));
#1240 = ( GEOMETRIC_REPRESENTATION_CONTEXT(2) 
PARAMETRIC_REPRESENTATION_CONTEXT() REPRESENTATION_CONTEXT('2D SPACE',''
  ) );
#1241 = PCURVE('',#744,#1242);
#1242 = DEFINITIONAL_REPRESENTATION('',(#1243),#1247);
#1243 = LINE('',#1244,#1245);
#1244 = CARTESIAN_POINT('',(0.21533203125,0.));
#1245 = VECTOR('',#1246,1.);
#1246 = DIRECTION('',(0.,-1.));
#1247 = ( GEOMETRIC_REPRESENTATION_CONTEXT(2) 
PARAMETRIC_REPRESENTATION_CONTEXT() REPRESENTATION_CONTEXT('2D SPACE',''
  ) );
#1248 = ORIENTED_EDGE('',*,*,#668,.F.);
#1249 = ORIENTED_EDGE('',*,*,#1132,.F.);
#1250 = ORIENTED_EDGE('',*,*,#1251,.F.);
#1251 = EDGE_CURVE('',#1201,#1099,#1252,.T.);
#1252 = SURFACE_CURVE('',#1253,(#1257,#1264),.PCURVE_S1.);
#1253 = LINE('',#1254,#1255);
#1254 = CARTESIAN_POINT('',(0.399169921875,-0.235107421875,0.5));
#1255 = VECTOR('',#1256,1.);
#1256 = DIRECTION('',(0.,0.,1.));
#1257 = PCURVE('',#712,#1258);
#1258 = DEFINITIONAL_REPRESENTATION('',(#1259),#1263);
#1259 = LINE('',#1260,#1261);
#1260 = CARTESIAN_POINT('',(1.3916015625,0.));
#1261 = VECTOR('',#1262,1.);
#1262 = DIRECTION('',(0.,-1.));
#1263 = ( GEOMETRIC_REPRESENTATION_CONTEXT(2) 
PARAMETRIC_REPRESENTATION_CONTEXT() REPRESENTATION_CONTEXT('2D SPACE',''
  ) );
#1264 = PCURVE('',#1120,#1265);
#1265 = DEFINITIONAL_REPRESENTATION('',(#1266),#1270);
#1266 = LINE('',#1267,#1268);
#1267 = CARTESIAN_POINT('',(0.,0.));
#1268 = VECTOR('',#1269,1.);
#1269 = DIRECTION('',(0.,-1.));
#1270 = ( GEOMETRIC_REPRESENTATION_CONTEXT(2) 
PARAMETRIC_REPRESENTATION_CONTEXT() REPRESENTATION_CONTEXT('2D SPACE',''
  ) );
#1271 = ADVANCED_FACE('',(#1272),#1120,.F.);
#1272 = FACE_BOUND('',#1273,.F.);
#1273 = EDGE_LOOP('',(#1274,#1297,#1298,#1299));
#1274 = ORIENTED_EDGE('',*,*,#1275,.F.);
#1275 = EDGE_CURVE('',#1201,#1276,#1278,.T.);
#1276 = VERTEX_POINT('',#1277);
#1277 = CARTESIAN_POINT('',(0.689208984375,-0.235107421875,0.5));
#1278 = SURFACE_CURVE('',#1279,(#1283,#1290),.PCURVE_S1.);
#1279 = LINE('',#1280,#1281);
#1280 = CARTESIAN_POINT('',(0.399169921875,-0.235107421875,0.5));
#1281 = VECTOR('',#1282,1.);
#1282 = DIRECTION('',(1.,0.,0.));
#1283 = PCURVE('',#1120,#1284);
#1284 = DEFINITIONAL_REPRESENTATION('',(#1285),#1289);
#1285 = LINE('',#1286,#1287);
#1286 = CARTESIAN_POINT('',(0.,0.));
#1287 = VECTOR('',#1288,1.);
#1288 = DIRECTION('',(1.,0.));
#1289 = ( GEOMETRIC_REPRESENTATION_CONTEXT(2) 
PARAMETRIC_REPRESENTATION_CONTEXT() REPRESENTATION_CONTEXT('2D SPACE',''
  ) );
#1290 = PCURVE('',#1216,#1291);
#1291 = DEFINITIONAL_REPRESENTATION('',(#1292),#1296);
#1292 = LINE('',#1293,#1294);
#1293 = CARTESIAN_POINT('',(1.2333984375,0.755859375));
#1294 = VECTOR('',#1295,1.);
#1295 = DIRECTION('',(1.,0.));
#1296 = ( GEOMETRIC_REPRESENTATION_CONTEXT(2) 
PARAMETRIC_REPRESENTATION_CONTEXT() REPRESENTATION_CONTEXT('2D SPACE',''
  ) );
#1297 = ORIENTED_EDGE('',*,*,#1251,.T.);
#1298 = ORIENTED_EDGE('',*,*,#1098,.F.);
#1299 = ORIENTED_EDGE('',*,*,#1300,.F.);
#1300 = EDGE_CURVE('',#1276,#1065,#1301,.T.);
#1301 = SURFACE_CURVE('',#1302,(#1306,#1313),.PCURVE_S1.);
#1302 = LINE('',#1303,#1304);
#1303 = CARTESIAN_POINT('',(0.689208984375,-0.235107421875,0.5));
#1304 = VECTOR('',#1305,1.);
#1305 = DIRECTION('',(0.,0.,1.));
#1306 = PCURVE('',#1120,#1307);
#1307 = DEFINITIONAL_REPRESENTATION('',(#1308),#1312);
#1308 = LINE('',#1309,#1310);
#1309 = CARTESIAN_POINT('',(0.2900390625,0.));
#1310 = VECTOR('',#1311,1.);
#1311 = DIRECTION('',(0.,-1.));
#1312 = ( GEOMETRIC_REPRESENTATION_CONTEXT(2) 
PARAMETRIC_REPRESENTATION_CONTEXT() REPRESENTATION_CONTEXT('2D SPACE',''
  ) );
#1313 = PCURVE('',#1086,#1314);
#1314 = DEFINITIONAL_REPRESENTATION('',(#1315),#1319);
#1315 = LINE('',#1316,#1317);
#1316 = CARTESIAN_POINT('',(0.,0.));
#1317 = VECTOR('',#1318,1.);
#1318 = DIRECTION('',(0.,-1.));
#1319 = ( GEOMETRIC_REPRESENTATION_CONTEXT(2) 
PARAMETRIC_REPRESENTATION_CONTEXT() REPRESENTATION_CONTEXT('2D SPACE',''
  ) );
#1320 = ADVANCED_FACE('',(#1321),#1086,.F.);
#1321 = FACE_BOUND('',#1322,.F.);
#1322 = EDGE_LOOP('',(#1323,#1346,#1347,#1348));
#1323 = ORIENTED_EDGE('',*,*,#1324,.F.);
#1324 = EDGE_CURVE('',#1276,#1325,#1327,.T.);
#1325 = VERTEX_POINT('',#1326);
#1326 = CARTESIAN_POINT('',(0.689208984375,-0.476806640625,0.5));
#1327 = SURFACE_CURVE('',#1328,(#1332,#1339),.PCURVE_S1.);
#1328 = LINE('',#1329,#1330);
#1329 = CARTESIAN_POINT('',(0.689208984375,-0.235107421875,0.5));
#1330 = VECTOR('',#1331,1.);
#1331 = DIRECTION('',(0.,-1.,0.));
#1332 = PCURVE('',#1086,#1333);
#1333 = DEFINITIONAL_REPRESENTATION('',(#1334),#1338);
#1334 = LINE('',#1335,#1336);
#1335 = CARTESIAN_POINT('',(0.,0.));
#1336 = VECTOR('',#1337,1.);
#1337 = DIRECTION('',(1.,0.));
#1338 = ( GEOMETRIC_REPRESENTATION_CONTEXT(2) 
PARAMETRIC_REPRESENTATION_CONTEXT() REPRESENTATION_CONTEXT('2D SPACE',''
  ) );
#1339 = PCURVE('',#1216,#1340);
#1340 = DEFINITIONAL_REPRESENTATION('',(#1341),#1345);
#1341 = LINE('',#1342,#1343);
#1342 = CARTESIAN_POINT('',(1.5234375,0.755859375));
#1343 = VECTOR('',#1344,1.);
#1344 = DIRECTION('',(0.,-1.));
#1345 = ( GEOMETRIC_REPRESENTATION_CONTEXT(2) 
PARAMETRIC_REPRESENTATION_CONTEXT() REPRESENTATION_CONTEXT('2D SPACE',''
  ) );
#1346 = ORIENTED_EDGE('',*,*,#1300,.T.);
#1347 = ORIENTED_EDGE('',*,*,#1064,.F.);
#1348 = ORIENTED_EDGE('',*,*,#1349,.F.);
#1349 = EDGE_CURVE('',#1325,#1031,#1350,.T.);
#1350 = SURFACE_CURVE('',#1351,(#1355,#1362),.PCURVE_S1.);
#1351 = LINE('',#1352,#1353);
#1352 = CARTESIAN_POINT('',(0.689208984375,-0.476806640625,0.5));
#1353 = VECTOR('',#1354,1.);
#1354 = DIRECTION('',(0.,0.,1.));
#1355 = PCURVE('',#1086,#1356);
#1356 = DEFINITIONAL_REPRESENTATION('',(#1357),#1361);
#1357 = LINE('',#1358,#1359);
#1358 = CARTESIAN_POINT('',(0.24169921875,0.));
#1359 = VECTOR('',#1360,1.);
#1360 = DIRECTION('',(0.,-1.));
#1361 = ( GEOMETRIC_REPRESENTATION_CONTEXT(2) 
PARAMETRIC_REPRESENTATION_CONTEXT() REPRESENTATION_CONTEXT('2D SPACE',''
  ) );
#1362 = PCURVE('',#1052,#1363);
#1363 = DEFINITIONAL_REPRESENTATION('',(#1364),#1368);
#1364 = LINE('',#1365,#1366);
#1365 = CARTESIAN_POINT('',(0.,-0.));
#1366 = VECTOR('',#1367,1.);
#1367 = DIRECTION('',(0.,-1.));
#1368 = ( GEOMETRIC_REPRESENTATION_CONTEXT(2) 
PARAMETRIC_REPRESENTATION_CONTEXT() REPRESENTATION_CONTEXT('2D SPACE',''
  ) );
#1369 = ADVANCED_FACE('',(#1370),#1052,.F.);
#1370 = FACE_BOUND('',#1371,.F.);
#1371 = EDGE_LOOP('',(#1372,#1395,#1396,#1397));
#1372 = ORIENTED_EDGE('',*,*,#1373,.F.);
#1373 = EDGE_CURVE('',#1325,#1374,#1376,.T.);
#1374 = VERTEX_POINT('',#1375);
#1375 = CARTESIAN_POINT('',(0.399169921875,-0.476806640625,0.5));
#1376 = SURFACE_CURVE('',#1377,(#1381,#1388),.PCURVE_S1.);
#1377 = LINE('',#1378,#1379);
#1378 = CARTESIAN_POINT('',(0.689208984375,-0.476806640625,0.5));
#1379 = VECTOR('',#1380,1.);
#1380 = DIRECTION('',(-1.,0.,0.));
#1381 = PCURVE('',#1052,#1382);
#1382 = DEFINITIONAL_REPRESENTATION('',(#1383),#1387);
#1383 = LINE('',#1384,#1385);
#1384 = CARTESIAN_POINT('',(0.,-0.));
#1385 = VECTOR('',#1386,1.);
#1386 = DIRECTION('',(1.,0.));
#1387 = ( GEOMETRIC_REPRESENTATION_CONTEXT(2) 
PARAMETRIC_REPRESENTATION_CONTEXT() REPRESENTATION_CONTEXT('2D SPACE',''
  ) );
#1388 = PCURVE('',#1216,#1389);
#1389 = DEFINITIONAL_REPRESENTATION('',(#1390),#1394);
#1390 = LINE('',#1391,#1392);
#1391 = CARTESIAN_POINT('',(1.5234375,0.51416015625));
#1392 = VECTOR('',#1393,1.);
#1393 = DIRECTION('',(-1.,0.));
#1394 = ( GEOMETRIC_REPRESENTATION_CONTEXT(2) 
PARAMETRIC_REPRESENTATION_CONTEXT() REPRESENTATION_CONTEXT('2D SPACE',''
  ) );
#1395 = ORIENTED_EDGE('',*,*,#1349,.T.);
#1396 = ORIENTED_EDGE('',*,*,#1030,.F.);
#1397 = ORIENTED_EDGE('',*,*,#1398,.F.);
#1398 = EDGE_CURVE('',#1374,#991,#1399,.T.);
#1399 = SURFACE_CURVE('',#1400,(#1404,#1411),.PCURVE_S1.);
#1400 = LINE('',#1401,#1402);
#1401 = CARTESIAN_POINT('',(0.399169921875,-0.476806640625,0.5));
#1402 = VECTOR('',#1403,1.);
#1403 = DIRECTION('',(0.,0.,1.));
#1404 = PCURVE('',#1052,#1405);
#1405 = DEFINITIONAL_REPRESENTATION('',(#1406),#1410);
#1406 = LINE('',#1407,#1408);
#1407 = CARTESIAN_POINT('',(0.2900390625,0.));
#1408 = VECTOR('',#1409,1.);
#1409 = DIRECTION('',(0.,-1.));
#1410 = ( GEOMETRIC_REPRESENTATION_CONTEXT(2) 
PARAMETRIC_REPRESENTATION_CONTEXT() REPRESENTATION_CONTEXT('2D SPACE',''
  ) );
#1411 = PCURVE('',#1018,#1412);
#1412 = DEFINITIONAL_REPRESENTATION('',(#1413),#1417);
#1413 = LINE('',#1414,#1415);
#1414 = CARTESIAN_POINT('',(0.,0.));
#1415 = VECTOR('',#1416,1.);
#1416 = DIRECTION('',(0.,-1.));
#1417 = ( GEOMETRIC_REPRESENTATION_CONTEXT(2) 
PARAMETRIC_REPRESENTATION_CONTEXT() REPRESENTATION_CONTEXT('2D SPACE',''
  ) );
#1418 = ADVANCED_FACE('',(#1419),#1018,.F.);
#1419 = FACE_BOUND('',#1420,.F.);
#1420 = EDGE_LOOP('',(#1421,#1444,#1445,#1446));
#1421 = ORIENTED_EDGE('',*,*,#1422,.F.);
#1422 = EDGE_CURVE('',#1374,#1423,#1425,.T.);
#1423 = VERTEX_POINT('',#1424);
#1424 = CARTESIAN_POINT('',(0.399169921875,-0.990966796875,0.5));
#1425 = SURFACE_CURVE('',#1426,(#1430,#1437),.PCURVE_S1.);
#1426 = LINE('',#1427,#1428);
#1427 = CARTESIAN_POINT('',(0.399169921875,-0.476806640625,0.5));
#1428 = VECTOR('',#1429,1.);
#1429 = DIRECTION('',(0.,-1.,0.));
#1430 = PCURVE('',#1018,#1431);
#1431 = DEFINITIONAL_REPRESENTATION('',(#1432),#1436);
#1432 = LINE('',#1433,#1434);
#1433 = CARTESIAN_POINT('',(0.,0.));
#1434 = VECTOR('',#1435,1.);
#1435 = DIRECTION('',(1.,0.));
#1436 = ( GEOMETRIC_REPRESENTATION_CONTEXT(2) 
PARAMETRIC_REPRESENTATION_CONTEXT() REPRESENTATION_CONTEXT('2D SPACE',''
  ) );
#1437 = PCURVE('',#1216,#1438);
#1438 = DEFINITIONAL_REPRESENTATION('',(#1439),#1443);
#1439 = LINE('',#1440,#1441);
#1440 = CARTESIAN_POINT('',(1.2333984375,0.51416015625));
#1441 = VECTOR('',#1442,1.);
#1442 = DIRECTION('',(0.,-1.));
#1443 = ( GEOMETRIC_REPRESENTATION_CONTEXT(2) 
PARAMETRIC_REPRESENTATION_CONTEXT() REPRESENTATION_CONTEXT('2D SPACE',''
  ) );
#1444 = ORIENTED_EDGE('',*,*,#1398,.T.);
#1445 = ORIENTED_EDGE('',*,*,#990,.F.);
#1446 = ORIENTED_EDGE('',*,*,#1447,.F.);
#1447 = EDGE_CURVE('',#1423,#958,#1448,.T.);
#1448 = SURFACE_CURVE('',#1449,(#1453,#1460),.PCURVE_S1.);
#1449 = LINE('',#1450,#1451);
#1450 = CARTESIAN_POINT('',(0.399169921875,-0.990966796875,0.5));
#1451 = VECTOR('',#1452,1.);
#1452 = DIRECTION('',(0.,0.,1.));
#1453 = PCURVE('',#1018,#1454);
#1454 = DEFINITIONAL_REPRESENTATION('',(#1455),#1459);
#1455 = LINE('',#1456,#1457);
#1456 = CARTESIAN_POINT('',(0.51416015625,0.));
#1457 = VECTOR('',#1458,1.);
#1458 = DIRECTION('',(0.,-1.));
#1459 = ( GEOMETRIC_REPRESENTATION_CONTEXT(2) 
PARAMETRIC_REPRESENTATION_CONTEXT() REPRESENTATION_CONTEXT('2D SPACE',''
  ) );
#1460 = PCURVE('',#978,#1461);
#1461 = DEFINITIONAL_REPRESENTATION('',(#1462),#1466);
#1462 = LINE('',#1463,#1464);
#1463 = CARTESIAN_POINT('',(0.,-0.));
#1464 = VECTOR('',#1465,1.);
#1465 = DIRECTION('',(0.,-1.));
#1466 = ( GEOMETRIC_REPRESENTATION_CONTEXT(2) 
PARAMETRIC_REPRESENTATION_CONTEXT() REPRESENTATION_CONTEXT('2D SPACE',''
  ) );
#1467 = ADVANCED_FACE('',(#1468),#978,.F.);
#1468 = FACE_BOUND('',#1469,.F.);
#1469 = EDGE_LOOP('',(#1470,#1493,#1494,#1495));
#1470 = ORIENTED_EDGE('',*,*,#1471,.F.);
#1471 = EDGE_CURVE('',#1423,#1472,#1474,.T.);
#1472 = VERTEX_POINT('',#1473);
#1473 = CARTESIAN_POINT('',(0.135498046875,-0.990966796875,0.5));
#1474 = SURFACE_CURVE('',#1475,(#1479,#1486),.PCURVE_S1.);
#1475 = LINE('',#1476,#1477);
#1476 = CARTESIAN_POINT('',(0.399169921875,-0.990966796875,0.5));
#1477 = VECTOR('',#1478,1.);
#1478 = DIRECTION('',(-1.,0.,0.));
#1479 = PCURVE('',#978,#1480);
#1480 = DEFINITIONAL_REPRESENTATION('',(#1481),#1485);
#1481 = LINE('',#1482,#1483);
#1482 = CARTESIAN_POINT('',(0.,-0.));
#1483 = VECTOR('',#1484,1.);
#1484 = DIRECTION('',(1.,0.));
#1485 = ( GEOMETRIC_REPRESENTATION_CONTEXT(2) 
PARAMETRIC_REPRESENTATION_CONTEXT() REPRESENTATION_CONTEXT('2D SPACE',''
  ) );
#1486 = PCURVE('',#1216,#1487);
#1487 = DEFINITIONAL_REPRESENTATION('',(#1488),#1492);
#1488 = LINE('',#1489,#1490);
#1489 = CARTESIAN_POINT('',(1.2333984375,0.));
#1490 = VECTOR('',#1491,1.);
#1491 = DIRECTION('',(-1.,0.));
#1492 = ( GEOMETRIC_REPRESENTATION_CONTEXT(2) 
PARAMETRIC_REPRESENTATION_CONTEXT() REPRESENTATION_CONTEXT('2D SPACE',''
  ) );
#1493 = ORIENTED_EDGE('',*,*,#1447,.T.);
#1494 = ORIENTED_EDGE('',*,*,#957,.F.);
#1495 = ORIENTED_EDGE('',*,*,#1496,.F.);
#1496 = EDGE_CURVE('',#1472,#916,#1497,.T.);
#1497 = SURFACE_CURVE('',#1498,(#1502,#1509),.PCURVE_S1.);
#1498 = LINE('',#1499,#1500);
#1499 = CARTESIAN_POINT('',(0.135498046875,-0.990966796875,0.5));
#1500 = VECTOR('',#1501,1.);
#1501 = DIRECTION('',(0.,0.,1.));
#1502 = PCURVE('',#978,#1503);
#1503 = DEFINITIONAL_REPRESENTATION('',(#1504),#1508);
#1504 = LINE('',#1505,#1506);
#1505 = CARTESIAN_POINT('',(0.263671875,0.));
#1506 = VECTOR('',#1507,1.);
#1507 = DIRECTION('',(0.,-1.));
#1508 = ( GEOMETRIC_REPRESENTATION_CONTEXT(2) 
PARAMETRIC_REPRESENTATION_CONTEXT() REPRESENTATION_CONTEXT('2D SPACE',''
  ) );
#1509 = PCURVE('',#945,#1510);
#1510 = DEFINITIONAL_REPRESENTATION('',(#1511),#1515);
#1511 = LINE('',#1512,#1513);
#1512 = CARTESIAN_POINT('',(0.,0.));
#1513 = VECTOR('',#1514,1.);
#1514 = DIRECTION('',(0.,-1.));
#1515 = ( GEOMETRIC_REPRESENTATION_CONTEXT(2) 
PARAMETRIC_REPRESENTATION_CONTEXT() REPRESENTATION_CONTEXT('2D SPACE',''
  ) );
#1516 = ADVANCED_FACE('',(#1517),#945,.F.);
#1517 = FACE_BOUND('',#1518,.F.);
#1518 = EDGE_LOOP('',(#1519,#1542,#1543,#1544));
#1519 = ORIENTED_EDGE('',*,*,#1520,.F.);
#1520 = EDGE_CURVE('',#1472,#1521,#1523,.T.);
#1521 = VERTEX_POINT('',#1522);
#1522 = CARTESIAN_POINT('',(0.135498046875,-0.476806640625,0.5));
#1523 = SURFACE_CURVE('',#1524,(#1528,#1535),.PCURVE_S1.);
#1524 = LINE('',#1525,#1526);
#1525 = CARTESIAN_POINT('',(0.135498046875,-0.990966796875,0.5));
#1526 = VECTOR('',#1527,1.);
#1527 = DIRECTION('',(0.,1.,0.));
#1528 = PCURVE('',#945,#1529);
#1529 = DEFINITIONAL_REPRESENTATION('',(#1530),#1534);
#1530 = LINE('',#1531,#1532);
#1531 = CARTESIAN_POINT('',(0.,0.));
#1532 = VECTOR('',#1533,1.);
#1533 = DIRECTION('',(1.,0.));
#1534 = ( GEOMETRIC_REPRESENTATION_CONTEXT(2) 
PARAMETRIC_REPRESENTATION_CONTEXT() REPRESENTATION_CONTEXT('2D SPACE',''
  ) );
#1535 = PCURVE('',#1216,#1536);
#1536 = DEFINITIONAL_REPRESENTATION('',(#1537),#1541);
#1537 = LINE('',#1538,#1539);
#1538 = CARTESIAN_POINT('',(0.9697265625,0.));
#1539 = VECTOR('',#1540,1.);
#1540 = DIRECTION('',(0.,1.));
#1541 = ( GEOMETRIC_REPRESENTATION_CONTEXT(2) 
PARAMETRIC_REPRESENTATION_CONTEXT() REPRESENTATION_CONTEXT('2D SPACE',''
  ) );
#1542 = ORIENTED_EDGE('',*,*,#1496,.T.);
#1543 = ORIENTED_EDGE('',*,*,#915,.F.);
#1544 = ORIENTED_EDGE('',*,*,#1545,.F.);
#1545 = EDGE_CURVE('',#1521,#860,#1546,.T.);
#1546 = SURFACE_CURVE('',#1547,(#1551,#1558),.PCURVE_S1.);
#1547 = LINE('',#1548,#1549);
#1548 = CARTESIAN_POINT('',(0.135498046875,-0.476806640625,0.5));
#1549 = VECTOR('',#1550,1.);
#1550 = DIRECTION('',(0.,0.,1.));
#1551 = PCURVE('',#945,#1552);
#1552 = DEFINITIONAL_REPRESENTATION('',(#1553),#1557);
#1553 = LINE('',#1554,#1555);
#1554 = CARTESIAN_POINT('',(0.51416015625,0.));
#1555 = VECTOR('',#1556,1.);
#1556 = DIRECTION('',(0.,-1.));
#1557 = ( GEOMETRIC_REPRESENTATION_CONTEXT(2) 
PARAMETRIC_REPRESENTATION_CONTEXT() REPRESENTATION_CONTEXT('2D SPACE',''
  ) );
#1558 = PCURVE('',#903,#1559);
#1559 = DEFINITIONAL_REPRESENTATION('',(#1560),#1564);
#1560 = LINE('',#1561,#1562);
#1561 = CARTESIAN_POINT('',(0.,-0.));
#1562 = VECTOR('',#1563,1.);
#1563 = DIRECTION('',(0.,-1.));
#1564 = ( GEOMETRIC_REPRESENTATION_CONTEXT(2) 
PARAMETRIC_REPRESENTATION_CONTEXT() REPRESENTATION_CONTEXT('2D SPACE',''
  ) );
#1565 = ADVANCED_FACE('',(#1566),#903,.F.);
#1566 = FACE_BOUND('',#1567,.F.);
#1567 = EDGE_LOOP('',(#1568,#1591,#1592,#1593));
#1568 = ORIENTED_EDGE('',*,*,#1569,.F.);
#1569 = EDGE_CURVE('',#1521,#1570,#1572,.T.);
#1570 = VERTEX_POINT('',#1571);
#1571 = CARTESIAN_POINT('',(-0.796142578125,-0.476806640625,0.5));
#1572 = SURFACE_CURVE('',#1573,(#1577,#1584),.PCURVE_S1.);
#1573 = LINE('',#1574,#1575);
#1574 = CARTESIAN_POINT('',(0.135498046875,-0.476806640625,0.5));
#1575 = VECTOR('',#1576,1.);
#1576 = DIRECTION('',(-1.,0.,0.));
#1577 = PCURVE('',#903,#1578);
#1578 = DEFINITIONAL_REPRESENTATION('',(#1579),#1583);
#1579 = LINE('',#1580,#1581);
#1580 = CARTESIAN_POINT('',(0.,-0.));
#1581 = VECTOR('',#1582,1.);
#1582 = DIRECTION('',(1.,0.));
#1583 = ( GEOMETRIC_REPRESENTATION_CONTEXT(2) 
PARAMETRIC_REPRESENTATION_CONTEXT() REPRESENTATION_CONTEXT('2D SPACE',''
  ) );
#1584 = PCURVE('',#1216,#1585);
#1585 = DEFINITIONAL_REPRESENTATION('',(#1586),#1590);
#1586 = LINE('',#1587,#1588);
#1587 = CARTESIAN_POINT('',(0.9697265625,0.51416015625));
#1588 = VECTOR('',#1589,1.);
#1589 = DIRECTION('',(-1.,0.));
#1590 = ( GEOMETRIC_REPRESENTATION_CONTEXT(2) 
PARAMETRIC_REPRESENTATION_CONTEXT() REPRESENTATION_CONTEXT('2D SPACE',''
  ) );
#1591 = ORIENTED_EDGE('',*,*,#1545,.T.);
#1592 = ORIENTED_EDGE('',*,*,#859,.F.);
#1593 = ORIENTED_EDGE('',*,*,#1594,.F.);
#1594 = EDGE_CURVE('',#1570,#827,#1595,.T.);
#1595 = SURFACE_CURVE('',#1596,(#1600,#1607),.PCURVE_S1.);
#1596 = LINE('',#1597,#1598);
#1597 = CARTESIAN_POINT('',(-0.796142578125,-0.476806640625,0.5));
#1598 = VECTOR('',#1599,1.);
#1599 = DIRECTION('',(0.,0.,1.));
#1600 = PCURVE('',#903,#1601);
#1601 = DEFINITIONAL_REPRESENTATION('',(#1602),#1606);
#1602 = LINE('',#1603,#1604);
#1603 = CARTESIAN_POINT('',(0.931640625,0.));
#1604 = VECTOR('',#1605,1.);
#1605 = DIRECTION('',(0.,-1.));
#1606 = ( GEOMETRIC_REPRESENTATION_CONTEXT(2) 
PARAMETRIC_REPRESENTATION_CONTEXT() REPRESENTATION_CONTEXT('2D SPACE',''
  ) );
#1607 = PCURVE('',#847,#1608);
#1608 = DEFINITIONAL_REPRESENTATION('',(#1609),#1613);
#1609 = LINE('',#1610,#1611);
#1610 = CARTESIAN_POINT('',(0.,0.));
#1611 = VECTOR('',#1612,1.);
#1612 = DIRECTION('',(0.,-1.));
#1613 = ( GEOMETRIC_REPRESENTATION_CONTEXT(2) 
PARAMETRIC_REPRESENTATION_CONTEXT() REPRESENTATION_CONTEXT('2D SPACE',''
  ) );
#1614 = ADVANCED_FACE('',(#1615),#847,.F.);
#1615 = FACE_BOUND('',#1616,.F.);
#1616 = EDGE_LOOP('',(#1617,#1640,#1641,#1642));
#1617 = ORIENTED_EDGE('',*,*,#1618,.F.);
#1618 = EDGE_CURVE('',#1570,#1619,#1621,.T.);
#1619 = VERTEX_POINT('',#1620);
#1620 = CARTESIAN_POINT('',(-0.796142578125,-0.235107421875,0.5));
#1621 = SURFACE_CURVE('',#1622,(#1626,#1633),.PCURVE_S1.);
#1622 = LINE('',#1623,#1624);
#1623 = CARTESIAN_POINT('',(-0.796142578125,-0.476806640625,0.5));
#1624 = VECTOR('',#1625,1.);
#1625 = DIRECTION('',(0.,1.,0.));
#1626 = PCURVE('',#847,#1627);
#1627 = DEFINITIONAL_REPRESENTATION('',(#1628),#1632);
#1628 = LINE('',#1629,#1630);
#1629 = CARTESIAN_POINT('',(0.,0.));
#1630 = VECTOR('',#1631,1.);
#1631 = DIRECTION('',(1.,0.));
#1632 = ( GEOMETRIC_REPRESENTATION_CONTEXT(2) 
PARAMETRIC_REPRESENTATION_CONTEXT() REPRESENTATION_CONTEXT('2D SPACE',''
  ) );
#1633 = PCURVE('',#1216,#1634);
#1634 = DEFINITIONAL_REPRESENTATION('',(#1635),#1639);
#1635 = LINE('',#1636,#1637);
#1636 = CARTESIAN_POINT('',(3.80859375E-02,0.51416015625));
#1637 = VECTOR('',#1638,1.);
#1638 = DIRECTION('',(0.,1.));
#1639 = ( GEOMETRIC_REPRESENTATION_CONTEXT(2) 
PARAMETRIC_REPRESENTATION_CONTEXT() REPRESENTATION_CONTEXT('2D SPACE',''
  ) );
#1640 = ORIENTED_EDGE('',*,*,#1594,.T.);
#1641 = ORIENTED_EDGE('',*,*,#826,.F.);
#1642 = ORIENTED_EDGE('',*,*,#1643,.F.);
#1643 = EDGE_CURVE('',#1619,#757,#1644,.T.);
#1644 = SURFACE_CURVE('',#1645,(#1649,#1656),.PCURVE_S1.);
#1645 = LINE('',#1646,#1647);
#1646 = CARTESIAN_POINT('',(-0.796142578125,-0.235107421875,0.5));
#1647 = VECTOR('',#1648,1.);
#1648 = DIRECTION('',(0.,0.,1.));
#1649 = PCURVE('',#847,#1650);
#1650 = DEFINITIONAL_REPRESENTATION('',(#1651),#1655);
#1651 = LINE('',#1652,#1653);
#1652 = CARTESIAN_POINT('',(0.24169921875,0.));
#1653 = VECTOR('',#1654,1.);
#1654 = DIRECTION('',(0.,-1.));
#1655 = ( GEOMETRIC_REPRESENTATION_CONTEXT(2) 
PARAMETRIC_REPRESENTATION_CONTEXT() REPRESENTATION_CONTEXT('2D SPACE',''
  ) );
#1656 = PCURVE('',#814,#1657);
#1657 = DEFINITIONAL_REPRESENTATION('',(#1658),#1662);
#1658 = LINE('',#1659,#1660);
#1659 = CARTESIAN_POINT('',(0.,0.));
#1660 = VECTOR('',#1661,1.);
#1661 = DIRECTION('',(0.,-1.));
#1662 = ( GEOMETRIC_REPRESENTATION_CONTEXT(2) 
PARAMETRIC_REPRESENTATION_CONTEXT() REPRESENTATION_CONTEXT('2D SPACE',''
  ) );
#1663 = ADVANCED_FACE('',(#1664),#814,.F.);
#1664 = FACE_BOUND('',#1665,.F.);
#1665 = EDGE_LOOP('',(#1666,#1689,#1690,#1691));
#1666 = ORIENTED_EDGE('',*,*,#1667,.F.);
#1667 = EDGE_CURVE('',#1619,#1668,#1670,.T.);
#1668 = VERTEX_POINT('',#1669);
#1669 = CARTESIAN_POINT('',(0.183837890625,1.156494140625,0.5));
#1670 = SURFACE_CURVE('',#1671,(#1675,#1682),.PCURVE_S1.);
#1671 = LINE('',#1672,#1673);
#1672 = CARTESIAN_POINT('',(-0.796142578125,-0.235107421875,0.5));
#1673 = VECTOR('',#1674,1.);
#1674 = DIRECTION('',(0.575770516134,0.817611345781,0.));
#1675 = PCURVE('',#814,#1676);
#1676 = DEFINITIONAL_REPRESENTATION('',(#1677),#1681);
#1677 = LINE('',#1678,#1679);
#1678 = CARTESIAN_POINT('',(0.,0.));
#1679 = VECTOR('',#1680,1.);
#1680 = DIRECTION('',(1.,0.));
#1681 = ( GEOMETRIC_REPRESENTATION_CONTEXT(2) 
PARAMETRIC_REPRESENTATION_CONTEXT() REPRESENTATION_CONTEXT('2D SPACE',''
  ) );
#1682 = PCURVE('',#1216,#1683);
#1683 = DEFINITIONAL_REPRESENTATION('',(#1684),#1688);
#1684 = LINE('',#1685,#1686);
#1685 = CARTESIAN_POINT('',(3.80859375E-02,0.755859375));
#1686 = VECTOR('',#1687,1.);
#1687 = DIRECTION('',(0.575770516134,0.817611345781));
#1688 = ( GEOMETRIC_REPRESENTATION_CONTEXT(2) 
PARAMETRIC_REPRESENTATION_CONTEXT() REPRESENTATION_CONTEXT('2D SPACE',''
  ) );
#1689 = ORIENTED_EDGE('',*,*,#1643,.T.);
#1690 = ORIENTED_EDGE('',*,*,#756,.F.);
#1691 = ORIENTED_EDGE('',*,*,#1692,.F.);
#1692 = EDGE_CURVE('',#1668,#725,#1693,.T.);
#1693 = SURFACE_CURVE('',#1694,(#1698,#1705),.PCURVE_S1.);
#1694 = LINE('',#1695,#1696);
#1695 = CARTESIAN_POINT('',(0.183837890625,1.156494140625,0.5));
#1696 = VECTOR('',#1697,1.);
#1697 = DIRECTION('',(0.,0.,1.));
#1698 = PCURVE('',#814,#1699);
#1699 = DEFINITIONAL_REPRESENTATION('',(#1700),#1704);
#1700 = LINE('',#1701,#1702);
#1701 = CARTESIAN_POINT('',(1.702033086601,0.));
#1702 = VECTOR('',#1703,1.);
#1703 = DIRECTION('',(0.,-1.));
#1704 = ( GEOMETRIC_REPRESENTATION_CONTEXT(2) 
PARAMETRIC_REPRESENTATION_CONTEXT() REPRESENTATION_CONTEXT('2D SPACE',''
  ) );
#1705 = PCURVE('',#744,#1706);
#1706 = DEFINITIONAL_REPRESENTATION('',(#1707),#1711);
#1707 = LINE('',#1708,#1709);
#1708 = CARTESIAN_POINT('',(0.,0.));
#1709 = VECTOR('',#1710,1.);
#1710 = DIRECTION('',(0.,-1.));
#1711 = ( GEOMETRIC_REPRESENTATION_CONTEXT(2) 
PARAMETRIC_REPRESENTATION_CONTEXT() REPRESENTATION_CONTEXT('2D SPACE',''
  ) );
#1712 = ADVANCED_FACE('',(#1713),#744,.F.);
#1713 = FACE_BOUND('',#1714,.F.);
#1714 = EDGE_LOOP('',(#1715,#1736,#1737,#1738));
#1715 = ORIENTED_EDGE('',*,*,#1716,.F.);
#1716 = EDGE_CURVE('',#1668,#1199,#1717,.T.);
#1717 = SURFACE_CURVE('',#1718,(#1722,#1729),.PCURVE_S1.);
#1718 = LINE('',#1719,#1720);
#1719 = CARTESIAN_POINT('',(0.183837890625,1.156494140625,0.5));
#1720 = VECTOR('',#1721,1.);
#1721 = DIRECTION('',(1.,0.,0.));
#1722 = PCURVE('',#744,#1723);
#1723 = DEFINITIONAL_REPRESENTATION('',(#1724),#1728);
#1724 = LINE('',#1725,#1726);
#1725 = CARTESIAN_POINT('',(0.,0.));
#1726 = VECTOR('',#1727,1.);
#1727 = DIRECTION('',(1.,0.));
#1728 = ( GEOMETRIC_REPRESENTATION_CONTEXT(2) 
PARAMETRIC_REPRESENTATION_CONTEXT() REPRESENTATION_CONTEXT('2D SPACE',''
  ) );
#1729 = PCURVE('',#1216,#1730);
#1730 = DEFINITIONAL_REPRESENTATION('',(#1731),#1735);
#1731 = LINE('',#1732,#1733);
#1732 = CARTESIAN_POINT('',(1.01806640625,2.1474609375));
#1733 = VECTOR('',#1734,1.);
#1734 = DIRECTION('',(1.,0.));
#1735 = ( GEOMETRIC_REPRESENTATION_CONTEXT(2) 
PARAMETRIC_REPRESENTATION_CONTEXT() REPRESENTATION_CONTEXT('2D SPACE',''
  ) );
#1736 = ORIENTED_EDGE('',*,*,#1692,.T.);
#1737 = ORIENTED_EDGE('',*,*,#724,.F.);
#1738 = ORIENTED_EDGE('',*,*,#1228,.F.);
#1739 = ADVANCED_FACE('',(#1740),#1183,.T.);
#1740 = FACE_BOUND('',#1741,.T.);
#1741 = EDGE_LOOP('',(#1742,#1765,#1792,#1793));
#1742 = ORIENTED_EDGE('',*,*,#1743,.T.);
#1743 = EDGE_CURVE('',#1167,#1744,#1746,.T.);
#1744 = VERTEX_POINT('',#1745);
#1745 = CARTESIAN_POINT('',(1.5,0.,-3.));
#1746 = SEAM_CURVE('',#1747,(#1751,#1758),.PCURVE_S1.);
#1747 = LINE('',#1748,#1749);
#1748 = CARTESIAN_POINT('',(1.5,0.,-2.5));
#1749 = VECTOR('',#1750,1.);
#1750 = DIRECTION('',(-0.,-0.,-1.));
#1751 = PCURVE('',#1183,#1752);
#1752 = DEFINITIONAL_REPRESENTATION('',(#1753),#1757);
#1753 = LINE('',#1754,#1755);
#1754 = CARTESIAN_POINT('',(0.,0.));
#1755 = VECTOR('',#1756,1.);
#1756 = DIRECTION('',(0.,-1.));
#1757 = ( GEOMETRIC_REPRESENTATION_CONTEXT(2) 
PARAMETRIC_REPRESENTATION_CONTEXT() REPRESENTATION_CONTEXT('2D SPACE',''
  ) );
#1758 = PCURVE('',#1183,#1759);
#1759 = DEFINITIONAL_REPRESENTATION('',(#1760),#1764);
#1760 = LINE('',#1761,#1762);
#1761 = CARTESIAN_POINT('',(6.28318530718,0.));
#1762 = VECTOR('',#1763,1.);
#1763 = DIRECTION('',(0.,-1.));
#1764 = ( GEOMETRIC_REPRESENTATION_CONTEXT(2) 
PARAMETRIC_REPRESENTATION_CONTEXT() REPRESENTATION_CONTEXT('2D SPACE',''
  ) );
#1765 = ORIENTED_EDGE('',*,*,#1766,.T.);
#1766 = EDGE_CURVE('',#1744,#1744,#1767,.T.);
#1767 = SURFACE_CURVE('',#1768,(#1773,#1780),.PCURVE_S1.);
#1768 = CIRCLE('',#1769,1.5);
#1769 = AXIS2_PLACEMENT_3D('',#1770,#1771,#1772);
#1770 = CARTESIAN_POINT('',(0.,0.,-3.));
#1771 = DIRECTION('',(0.,0.,1.));
#1772 = DIRECTION('',(1.,0.,0.));
#1773 = PCURVE('',#1183,#1774);
#1774 = DEFINITIONAL_REPRESENTATION('',(#1775),#1779);
#1775 = LINE('',#1776,#1777);
#1776 = CARTESIAN_POINT('',(0.,-0.5));
#1777 = VECTOR('',#1778,1.);
#1778 = DIRECTION('',(1.,0.));
#1779 = ( GEOMETRIC_REPRESENTATION_CONTEXT(2) 
PARAMETRIC_REPRESENTATION_CONTEXT() REPRESENTATION_CONTEXT('2D SPACE',''
  ) );
#1780 = PCURVE('',#1781,#1786);
#1781 = PLANE('',#1782);
#1782 = AXIS2_PLACEMENT_3D('',#1783,#1784,#1785);
#1783 = CARTESIAN_POINT('',(-8.546500828371E-17,5.272100442092E-17,-3.)
  );
#1784 = DIRECTION('',(0.,0.,1.));
#1785 = DIRECTION('',(1.,0.,-0.));
#1786 = DEFINITIONAL_REPRESENTATION('',(#1787),#1791);
#1787 = CIRCLE('',#1788,1.5);
#1788 = AXIS2_PLACEMENT_2D('',#1789,#1790);
#1789 = CARTESIAN_POINT('',(8.546500828371E-17,-5.272100442092E-17));
#1790 = DIRECTION('',(1.,0.));
#1791 = ( GEOMETRIC_REPRESENTATION_CONTEXT(2) 
PARAMETRIC_REPRESENTATION_CONTEXT() REPRESENTATION_CONTEXT('2D SPACE',''
  ) );
#1792 = ORIENTED_EDGE('',*,*,#1743,.F.);
#1793 = ORIENTED_EDGE('',*,*,#1166,.F.);
#1794 = ADVANCED_FACE('',(#1795,#1808),#1216,.T.);
#1795 = FACE_BOUND('',#1796,.F.);
#1796 = EDGE_LOOP('',(#1797,#1798,#1799,#1800,#1801,#1802,#1803,#1804,
    #1805,#1806,#1807));
#1797 = ORIENTED_EDGE('',*,*,#1471,.T.);
#1798 = ORIENTED_EDGE('',*,*,#1520,.T.);
#1799 = ORIENTED_EDGE('',*,*,#1569,.T.);
#1800 = ORIENTED_EDGE('',*,*,#1618,.T.);
#1801 = ORIENTED_EDGE('',*,*,#1667,.T.);
#1802 = ORIENTED_EDGE('',*,*,#1716,.T.);
#1803 = ORIENTED_EDGE('',*,*,#1198,.T.);
#1804 = ORIENTED_EDGE('',*,*,#1275,.T.);
#1805 = ORIENTED_EDGE('',*,*,#1324,.T.);
#1806 = ORIENTED_EDGE('',*,*,#1373,.T.);
#1807 = ORIENTED_EDGE('',*,*,#1422,.T.);
#1808 = FACE_BOUND('',#1809,.F.);
#1809 = EDGE_LOOP('',(#1810,#1840,#1868));
#1810 = ORIENTED_EDGE('',*,*,#1811,.T.);
#1811 = EDGE_CURVE('',#1812,#1814,#1816,.T.);
#1812 = VERTEX_POINT('',#1813);
#1813 = CARTESIAN_POINT('',(-0.536865234375,-0.235107421875,0.5));
#1814 = VERTEX_POINT('',#1815);
#1815 = CARTESIAN_POINT('',(0.135498046875,-0.235107421875,0.5));
#1816 = SURFACE_CURVE('',#1817,(#1821,#1828),.PCURVE_S1.);
#1817 = LINE('',#1818,#1819);
#1818 = CARTESIAN_POINT('',(-0.536865234375,-0.235107421875,0.5));
#1819 = VECTOR('',#1820,1.);
#1820 = DIRECTION('',(1.,0.,0.));
#1821 = PCURVE('',#1216,#1822);
#1822 = DEFINITIONAL_REPRESENTATION('',(#1823),#1827);
#1823 = LINE('',#1824,#1825);
#1824 = CARTESIAN_POINT('',(0.29736328125,0.755859375));
#1825 = VECTOR('',#1826,1.);
#1826 = DIRECTION('',(1.,0.));
#1827 = ( GEOMETRIC_REPRESENTATION_CONTEXT(2) 
PARAMETRIC_REPRESENTATION_CONTEXT() REPRESENTATION_CONTEXT('2D SPACE',''
  ) );
#1828 = PCURVE('',#1829,#1834);
#1829 = PLANE('',#1830);
#1830 = AXIS2_PLACEMENT_3D('',#1831,#1832,#1833);
#1831 = CARTESIAN_POINT('',(-0.536865234375,-0.235107421875,0.5));
#1832 = DIRECTION('',(0.,1.,0.));
#1833 = DIRECTION('',(1.,0.,0.));
#1834 = DEFINITIONAL_REPRESENTATION('',(#1835),#1839);
#1835 = LINE('',#1836,#1837);
#1836 = CARTESIAN_POINT('',(0.,0.));
#1837 = VECTOR('',#1838,1.);
#1838 = DIRECTION('',(1.,0.));
#1839 = ( GEOMETRIC_REPRESENTATION_CONTEXT(2) 
PARAMETRIC_REPRESENTATION_CONTEXT() REPRESENTATION_CONTEXT('2D SPACE',''
  ) );
#1840 = ORIENTED_EDGE('',*,*,#1841,.T.);
#1841 = EDGE_CURVE('',#1814,#1842,#1844,.T.);
#1842 = VERTEX_POINT('',#1843);
#1843 = CARTESIAN_POINT('',(0.135498046875,0.733154296875,0.5));
#1844 = SURFACE_CURVE('',#1845,(#1849,#1856),.PCURVE_S1.);
#1845 = LINE('',#1846,#1847);
#1846 = CARTESIAN_POINT('',(0.135498046875,-0.235107421875,0.5));
#1847 = VECTOR('',#1848,1.);
#1848 = DIRECTION('',(0.,1.,0.));
#1849 = PCURVE('',#1216,#1850);
#1850 = DEFINITIONAL_REPRESENTATION('',(#1851),#1855);
#1851 = LINE('',#1852,#1853);
#1852 = CARTESIAN_POINT('',(0.9697265625,0.755859375));
#1853 = VECTOR('',#1854,1.);
#1854 = DIRECTION('',(0.,1.));
#1855 = ( GEOMETRIC_REPRESENTATION_CONTEXT(2) 
PARAMETRIC_REPRESENTATION_CONTEXT() REPRESENTATION_CONTEXT('2D SPACE',''
  ) );
#1856 = PCURVE('',#1857,#1862);
#1857 = PLANE('',#1858);
#1858 = AXIS2_PLACEMENT_3D('',#1859,#1860,#1861);
#1859 = CARTESIAN_POINT('',(0.135498046875,-0.235107421875,0.5));
#1860 = DIRECTION('',(-1.,0.,0.));
#1861 = DIRECTION('',(0.,1.,0.));
#1862 = DEFINITIONAL_REPRESENTATION('',(#1863),#1867);
#1863 = LINE('',#1864,#1865);
#1864 = CARTESIAN_POINT('',(0.,0.));
#1865 = VECTOR('',#1866,1.);
#1866 = DIRECTION('',(1.,0.));
#1867 = ( GEOMETRIC_REPRESENTATION_CONTEXT(2) 
PARAMETRIC_REPRESENTATION_CONTEXT() REPRESENTATION_CONTEXT('2D SPACE',''
  ) );
#1868 = ORIENTED_EDGE('',*,*,#1869,.T.);
#1869 = EDGE_CURVE('',#1842,#1812,#1870,.T.);
#1870 = SURFACE_CURVE('',#1871,(#1875,#1882),.PCURVE_S1.);
#1871 = LINE('',#1872,#1873);
#1872 = CARTESIAN_POINT('',(0.135498046875,0.733154296875,0.5));
#1873 = VECTOR('',#1874,1.);
#1874 = DIRECTION('',(-0.570372521864,-0.82138613715,0.));
#1875 = PCURVE('',#1216,#1876);
#1876 = DEFINITIONAL_REPRESENTATION('',(#1877),#1881);
#1877 = LINE('',#1878,#1879);
#1878 = CARTESIAN_POINT('',(0.9697265625,1.72412109375));
#1879 = VECTOR('',#1880,1.);
#1880 = DIRECTION('',(-0.570372521864,-0.82138613715));
#1881 = ( GEOMETRIC_REPRESENTATION_CONTEXT(2) 
PARAMETRIC_REPRESENTATION_CONTEXT() REPRESENTATION_CONTEXT('2D SPACE',''
  ) );
#1882 = PCURVE('',#1883,#1888);
#1883 = PLANE('',#1884);
#1884 = AXIS2_PLACEMENT_3D('',#1885,#1886,#1887);
#1885 = CARTESIAN_POINT('',(0.135498046875,0.733154296875,0.5));
#1886 = DIRECTION('',(0.82138613715,-0.570372521864,0.));
#1887 = DIRECTION('',(-0.570372521864,-0.82138613715,0.));
#1888 = DEFINITIONAL_REPRESENTATION('',(#1889),#1893);
#1889 = LINE('',#1890,#1891);
#1890 = CARTESIAN_POINT('',(0.,0.));
#1891 = VECTOR('',#1892,1.);
#1892 = DIRECTION('',(1.,-0.));
#1893 = ( GEOMETRIC_REPRESENTATION_CONTEXT(2) 
PARAMETRIC_REPRESENTATION_CONTEXT() REPRESENTATION_CONTEXT('2D SPACE',''
  ) );
#1894 = ADVANCED_FACE('',(#1895),#1781,.F.);
#1895 = FACE_BOUND('',#1896,.F.);
#1896 = EDGE_LOOP('',(#1897));
#1897 = ORIENTED_EDGE('',*,*,#1766,.T.);
#1898 = ADVANCED_FACE('',(#1899),#1829,.F.);
#1899 = FACE_BOUND('',#1900,.F.);
#1900 = EDGE_LOOP('',(#1901,#1902,#1925,#1988));
#1901 = ORIENTED_EDGE('',*,*,#1811,.F.);
#1902 = ORIENTED_EDGE('',*,*,#1903,.T.);
#1903 = EDGE_CURVE('',#1812,#1904,#1906,.T.);
#1904 = VERTEX_POINT('',#1905);
#1905 = CARTESIAN_POINT('',(-0.536865234375,-0.235107421875,
    0.664321036324));
#1906 = SURFACE_CURVE('',#1907,(#1911,#1918),.PCURVE_S1.);
#1907 = LINE('',#1908,#1909);
#1908 = CARTESIAN_POINT('',(-0.536865234375,-0.235107421875,0.5));
#1909 = VECTOR('',#1910,1.);
#1910 = DIRECTION('',(0.,0.,1.));
#1911 = PCURVE('',#1829,#1912);
#1912 = DEFINITIONAL_REPRESENTATION('',(#1913),#1917);
#1913 = LINE('',#1914,#1915);
#1914 = CARTESIAN_POINT('',(0.,0.));
#1915 = VECTOR('',#1916,1.);
#1916 = DIRECTION('',(0.,-1.));
#1917 = ( GEOMETRIC_REPRESENTATION_CONTEXT(2) 
PARAMETRIC_REPRESENTATION_CONTEXT() REPRESENTATION_CONTEXT('2D SPACE',''
  ) );
#1918 = PCURVE('',#1883,#1919);
#1919 = DEFINITIONAL_REPRESENTATION('',(#1920),#1924);
#1920 = LINE('',#1921,#1922);
#1921 = CARTESIAN_POINT('',(1.17881429325,-0.));
#1922 = VECTOR('',#1923,1.);
#1923 = DIRECTION('',(0.,-1.));
#1924 = ( GEOMETRIC_REPRESENTATION_CONTEXT(2) 
PARAMETRIC_REPRESENTATION_CONTEXT() REPRESENTATION_CONTEXT('2D SPACE',''
  ) );
#1925 = ORIENTED_EDGE('',*,*,#1926,.F.);
#1926 = EDGE_CURVE('',#1927,#1904,#1929,.T.);
#1927 = VERTEX_POINT('',#1928);
#1928 = CARTESIAN_POINT('',(0.135498046875,-0.235107421875,
    0.653068526516));
#1929 = SURFACE_CURVE('',#1930,(#1935,#1942),.PCURVE_S1.);
#1930 = CIRCLE('',#1931,11.997696633112);
#1931 = AXIS2_PLACEMENT_3D('',#1932,#1933,#1934);
#1932 = CARTESIAN_POINT('',(0.,-0.235107421875,12.65));
#1933 = DIRECTION('',(0.,1.,0.));
#1934 = DIRECTION('',(0.,-0.,1.));
#1935 = PCURVE('',#1829,#1936);
#1936 = DEFINITIONAL_REPRESENTATION('',(#1937),#1941);
#1937 = CIRCLE('',#1938,11.997696633112);
#1938 = AXIS2_PLACEMENT_2D('',#1939,#1940);
#1939 = CARTESIAN_POINT('',(0.536865234375,-12.15));
#1940 = DIRECTION('',(0.,-1.));
#1941 = ( GEOMETRIC_REPRESENTATION_CONTEXT(2) 
PARAMETRIC_REPRESENTATION_CONTEXT() REPRESENTATION_CONTEXT('2D SPACE',''
  ) );
#1942 = PCURVE('',#1943,#1948);
#1943 = SPHERICAL_SURFACE('',#1944,12.);
#1944 = AXIS2_PLACEMENT_3D('',#1945,#1946,#1947);
#1945 = CARTESIAN_POINT('',(0.,0.,12.65));
#1946 = DIRECTION('',(0.,0.,1.));
#1947 = DIRECTION('',(1.,0.,0.));
#1948 = DEFINITIONAL_REPRESENTATION('',(#1949),#1987);
#1949 = B_SPLINE_CURVE_WITH_KNOTS('',8,(#1950,#1951,#1952,#1953,#1954,
    #1955,#1956,#1957,#1958,#1959,#1960,#1961,#1962,#1963,#1964,#1965,
    #1966,#1967,#1968,#1969,#1970,#1971,#1972,#1973,#1974,#1975,#1976,
    #1977,#1978,#1979,#1980,#1981,#1982,#1983,#1984,#1985,#1986),
  .UNSPECIFIED.,.F.,.F.,(9,7,7,7,7,9),(3.130298741802,3.137305768934,
    3.143436917674,3.15416642797,3.170260693415,3.186354958859),
  .UNSPECIFIED.);
#1950 = CARTESIAN_POINT('',(5.235217702691,-1.548181223801));
#1951 = CARTESIAN_POINT('',(5.20166753172,-1.548618578756));
#1952 = CARTESIAN_POINT('',(5.166634195345,-1.549026836441));
#1953 = CARTESIAN_POINT('',(5.130118087946,-1.549403745179));
#1954 = CARTESIAN_POINT('',(5.09214815034,-1.54974698752));
#1955 = CARTESIAN_POINT('',(5.052790590345,-1.550054238754));
#1956 = CARTESIAN_POINT('',(5.012158123108,-1.55032328725));
#1957 = CARTESIAN_POINT('',(4.970413136873,-1.550552180802));
#1958 = CARTESIAN_POINT('',(4.890435111277,-1.550903147664));
#1959 = CARTESIAN_POINT('',(4.852415341345,-1.551034996888));
#1960 = CARTESIAN_POINT('',(4.813834653186,-1.551133868095));
#1961 = CARTESIAN_POINT('',(4.774852281985,-1.551198947198));
#1962 = CARTESIAN_POINT('',(4.73564703256,-1.551229718581));
#1963 = CARTESIAN_POINT('',(4.696407020189,-1.551226010709));
#1964 = CARTESIAN_POINT('',(4.657317513318,-1.55118800478));
#1965 = CARTESIAN_POINT('',(4.55071055522,-1.550990524354));
#1966 = CARTESIAN_POINT('',(4.483860106453,-1.550761326746));
#1967 = CARTESIAN_POINT('',(4.418925553512,-1.550431247605));
#1968 = CARTESIAN_POINT('',(4.356721498577,-1.550005861253));
#1969 = CARTESIAN_POINT('',(4.297779198575,-1.549493159897));
#1970 = CARTESIAN_POINT('',(4.242323289119,-1.548901744493));
#1971 = CARTESIAN_POINT('',(4.190397447947,-1.54824000576));
#1972 = CARTESIAN_POINT('',(4.069201683885,-1.546429308536));
#1973 = CARTESIAN_POINT('',(4.004241176836,-1.545202163982));
#1974 = CARTESIAN_POINT('',(3.946763916243,-1.543860633235));
#1975 = CARTESIAN_POINT('',(3.895865908868,-1.542427684472));
#1976 = CARTESIAN_POINT('',(3.850611922542,-1.540920756328));
#1977 = CARTESIAN_POINT('',(3.810202011461,-1.53935287315));
#1978 = CARTESIAN_POINT('',(3.773942302618,-1.537734516879));
#1979 = CARTESIAN_POINT('',(3.708571354635,-1.534412961497));
#1980 = CARTESIAN_POINT('',(3.679460020873,-1.532709771889));
#1981 = CARTESIAN_POINT('',(3.653345043511,-1.530972284516));
#1982 = CARTESIAN_POINT('',(3.629762203415,-1.529206419449));
#1983 = CARTESIAN_POINT('',(3.608343097736,-1.527416678841));
#1984 = CARTESIAN_POINT('',(3.588791841201,-1.525606597577));
#1985 = CARTESIAN_POINT('',(3.570864666973,-1.523778997779));
#1986 = CARTESIAN_POINT('',(3.554360876925,-1.521936176481));
#1987 = ( GEOMETRIC_REPRESENTATION_CONTEXT(2) 
PARAMETRIC_REPRESENTATION_CONTEXT() REPRESENTATION_CONTEXT('2D SPACE',''
  ) );
#1988 = ORIENTED_EDGE('',*,*,#1989,.F.);
#1989 = EDGE_CURVE('',#1814,#1927,#1990,.T.);
#1990 = SURFACE_CURVE('',#1991,(#1995,#2002),.PCURVE_S1.);
#1991 = LINE('',#1992,#1993);
#1992 = CARTESIAN_POINT('',(0.135498046875,-0.235107421875,0.5));
#1993 = VECTOR('',#1994,1.);
#1994 = DIRECTION('',(0.,0.,1.));
#1995 = PCURVE('',#1829,#1996);
#1996 = DEFINITIONAL_REPRESENTATION('',(#1997),#2001);
#1997 = LINE('',#1998,#1999);
#1998 = CARTESIAN_POINT('',(0.67236328125,0.));
#1999 = VECTOR('',#2000,1.);
#2000 = DIRECTION('',(0.,-1.));
#2001 = ( GEOMETRIC_REPRESENTATION_CONTEXT(2) 
PARAMETRIC_REPRESENTATION_CONTEXT() REPRESENTATION_CONTEXT('2D SPACE',''
  ) );
#2002 = PCURVE('',#1857,#2003);
#2003 = DEFINITIONAL_REPRESENTATION('',(#2004),#2008);
#2004 = LINE('',#2005,#2006);
#2005 = CARTESIAN_POINT('',(0.,0.));
#2006 = VECTOR('',#2007,1.);
#2007 = DIRECTION('',(0.,-1.));
#2008 = ( GEOMETRIC_REPRESENTATION_CONTEXT(2) 
PARAMETRIC_REPRESENTATION_CONTEXT() REPRESENTATION_CONTEXT('2D SPACE',''
  ) );
#2009 = ADVANCED_FACE('',(#2010),#1857,.F.);
#2010 = FACE_BOUND('',#2011,.F.);
#2011 = EDGE_LOOP('',(#2012,#2013,#2014,#2058,#2116));
#2012 = ORIENTED_EDGE('',*,*,#1841,.F.);
#2013 = ORIENTED_EDGE('',*,*,#1989,.T.);
#2014 = ORIENTED_EDGE('',*,*,#2015,.F.);
#2015 = EDGE_CURVE('',#2016,#1927,#2018,.T.);
#2016 = VERTEX_POINT('',#2017);
#2017 = CARTESIAN_POINT('',(0.135498046875,-3.318744987924E-17,
    0.650765012748));
#2018 = SURFACE_CURVE('',#2019,(#2024,#2031),.PCURVE_S1.);
#2019 = CIRCLE('',#2020,11.999234987252);
#2020 = AXIS2_PLACEMENT_3D('',#2021,#2022,#2023);
#2021 = CARTESIAN_POINT('',(0.135498046875,0.,12.65));
#2022 = DIRECTION('',(-1.,0.,0.));
#2023 = DIRECTION('',(0.,0.,-1.));
#2024 = PCURVE('',#1857,#2025);
#2025 = DEFINITIONAL_REPRESENTATION('',(#2026),#2030);
#2026 = CIRCLE('',#2027,11.999234987252);
#2027 = AXIS2_PLACEMENT_2D('',#2028,#2029);
#2028 = CARTESIAN_POINT('',(0.235107421875,-12.15));
#2029 = DIRECTION('',(0.,1.));
#2030 = ( GEOMETRIC_REPRESENTATION_CONTEXT(2) 
PARAMETRIC_REPRESENTATION_CONTEXT() REPRESENTATION_CONTEXT('2D SPACE',''
  ) );
#2031 = PCURVE('',#1943,#2032);
#2032 = DEFINITIONAL_REPRESENTATION('',(#2033),#2057);
#2033 = B_SPLINE_CURVE_WITH_KNOTS('',8,(#2034,#2035,#2036,#2037,#2038,
    #2039,#2040,#2041,#2042,#2043,#2044,#2045,#2046,#2047,#2048,#2049,
    #2050,#2051,#2052,#2053,#2054,#2055,#2056),.UNSPECIFIED.,.F.,.F.,(9,
    7,7,9),(0.,4.898697040661E-03,1.224674260165E-02,1.959478816265E-02)
  ,.UNSPECIFIED.);
#2034 = CARTESIAN_POINT('',(6.28318530718,-1.559504582934));
#2035 = CARTESIAN_POINT('',(6.228958864181,-1.559504582934));
#2036 = CARTESIAN_POINT('',(6.174732424412,-1.559466634457));
#2037 = CARTESIAN_POINT('',(6.120991948275,-1.559390738051));
#2038 = CARTESIAN_POINT('',(6.068223477609,-1.559277605525));
#2039 = CARTESIAN_POINT('',(6.016858170619,-1.559128672068));
#2040 = CARTESIAN_POINT('',(5.967216283576,-1.558945896553));
#2041 = CARTESIAN_POINT('',(5.91951367015,-1.558731500799));
#2042 = CARTESIAN_POINT('',(5.80542049274,-1.558122262986));
#2043 = CARTESIAN_POINT('',(5.741611531215,-1.557690796994));
#2044 = CARTESIAN_POINT('',(5.682876037855,-1.557201235198));
#2045 = CARTESIAN_POINT('',(5.629183750926,-1.556661915191));
#2046 = CARTESIAN_POINT('',(5.580187927294,-1.556080270754));
#2047 = CARTESIAN_POINT('',(5.535484674598,-1.55546251705));
#2048 = CARTESIAN_POINT('',(5.494646306416,-1.554813857334));
#2049 = CARTESIAN_POINT('',(5.419896139988,-1.553463345834));
#2050 = CARTESIAN_POINT('',(5.385984311235,-1.552761494102));
#2051 = CARTESIAN_POINT('',(5.355132900088,-1.552037360543));
#2052 = CARTESIAN_POINT('',(5.326962608065,-1.551294371118));
#2053 = CARTESIAN_POINT('',(5.30114521295,-1.550535251586));
#2054 = CARTESIAN_POINT('',(5.277402403143,-1.549762200686));
#2055 = CARTESIAN_POINT('',(5.255494505373,-1.54897702648));
#2056 = CARTESIAN_POINT('',(5.235217702691,-1.548181223801));
#2057 = ( GEOMETRIC_REPRESENTATION_CONTEXT(2) 
PARAMETRIC_REPRESENTATION_CONTEXT() REPRESENTATION_CONTEXT('2D SPACE',''
  ) );
#2058 = ORIENTED_EDGE('',*,*,#2059,.F.);
#2059 = EDGE_CURVE('',#2060,#2016,#2062,.T.);
#2060 = VERTEX_POINT('',#2061);
#2061 = CARTESIAN_POINT('',(0.135498046875,0.733154296875,0.673183851446
    ));
#2062 = SURFACE_CURVE('',#2063,(#2068,#2075),.PCURVE_S1.);
#2063 = CIRCLE('',#2064,11.999234987252);
#2064 = AXIS2_PLACEMENT_3D('',#2065,#2066,#2067);
#2065 = CARTESIAN_POINT('',(0.135498046875,0.,12.65));
#2066 = DIRECTION('',(-1.,0.,0.));
#2067 = DIRECTION('',(0.,0.,-1.));
#2068 = PCURVE('',#1857,#2069);
#2069 = DEFINITIONAL_REPRESENTATION('',(#2070),#2074);
#2070 = CIRCLE('',#2071,11.999234987252);
#2071 = AXIS2_PLACEMENT_2D('',#2072,#2073);
#2072 = CARTESIAN_POINT('',(0.235107421875,-12.15));
#2073 = DIRECTION('',(0.,1.));
#2074 = ( GEOMETRIC_REPRESENTATION_CONTEXT(2) 
PARAMETRIC_REPRESENTATION_CONTEXT() REPRESENTATION_CONTEXT('2D SPACE',''
  ) );
#2075 = PCURVE('',#1943,#2076);
#2076 = DEFINITIONAL_REPRESENTATION('',(#2077),#2115);
#2077 = B_SPLINE_CURVE_WITH_KNOTS('',8,(#2078,#2079,#2080,#2081,#2082,
    #2083,#2084,#2085,#2086,#2087,#2088,#2089,#2090,#2091,#2092,#2093,
    #2094,#2095,#2096,#2097,#2098,#2099,#2100,#2101,#2102,#2103,#2104,
    #2105,#2106,#2107,#2108,#2109,#2110,#2111,#2112,#2113,#2114),
  .UNSPECIFIED.,.F.,.F.,(9,7,7,7,7,9),(6.222047139886,6.237331681709,
    6.260258494445,6.271721900812,6.277453603996,6.28318530718),
  .UNSPECIFIED.);
#2078 = CARTESIAN_POINT('',(1.388043265671,-1.508625432685));
#2079 = CARTESIAN_POINT('',(1.382465506522,-1.510504183892));
#2080 = CARTESIAN_POINT('',(1.37650217336,-1.512380721337));
#2081 = CARTESIAN_POINT('',(1.370107460863,-1.514254779207));
#2082 = CARTESIAN_POINT('',(1.36322616047,-1.516126035823));
#2083 = CARTESIAN_POINT('',(1.355792403969,-1.517994106752));
#2084 = CARTESIAN_POINT('',(1.347725605565,-1.519858520184));
#2085 = CARTESIAN_POINT('',(1.33892360239,-1.521718674555));
#2086 = CARTESIAN_POINT('',(1.314747080131,-1.526356434249));
#2087 = CARTESIAN_POINT('',(1.298286522588,-1.529127721624));
#2088 = CARTESIAN_POINT('',(1.279421157797,-1.531884995332));
#2089 = CARTESIAN_POINT('',(1.257531000507,-1.534624445536));
#2090 = CARTESIAN_POINT('',(1.23176407716,-1.537341186674));
#2091 = CARTESIAN_POINT('',(1.200794623221,-1.540026654612));
#2092 = CARTESIAN_POINT('',(1.162646055645,-1.542669232658));
#2093 = CARTESIAN_POINT('',(1.088334465669,-1.546525558546));
#2094 = CARTESIAN_POINT('',(1.060715976696,-1.547793076633));
#2095 = CARTESIAN_POINT('',(1.0297212757,-1.549039056738));
#2096 = CARTESIAN_POINT('',(0.994690426208,-1.550258833051));
#2097 = CARTESIAN_POINT('',(0.954751215824,-1.551446062339));
#2098 = CARTESIAN_POINT('',(0.908827885002,-1.552592275816));
#2099 = CARTESIAN_POINT('',(0.855399928534,-1.553684907632));
#2100 = CARTESIAN_POINT('',(0.76166461386,-1.555216128385));
#2101 = CARTESIAN_POINT('',(0.72815407508,-1.555708581066));
#2102 = CARTESIAN_POINT('',(0.692183096014,-1.556180801813));
#2103 = CARTESIAN_POINT('',(0.653556886352,-1.556630160818));
#2104 = CARTESIAN_POINT('',(0.612089509118,-1.557053642726));
#2105 = CARTESIAN_POINT('',(0.567635863856,-1.557447818561));
#2106 = CARTESIAN_POINT('',(0.520139748103,-1.557808932235));
#2107 = CARTESIAN_POINT('',(0.419241710806,-1.558457489536));
#2108 = CARTESIAN_POINT('',(0.365839729596,-1.558744933319));
#2109 = CARTESIAN_POINT('',(0.30957325519,-1.558991767593));
#2110 = CARTESIAN_POINT('',(0.250675707975,-1.559194207086));
#2111 = CARTESIAN_POINT('',(0.189564077714,-1.559348729124));
#2112 = CARTESIAN_POINT('',(0.126894887395,-1.559452631005));
#2113 = CARTESIAN_POINT('',(6.344745825258E-02,-1.559504582934));
#2114 = CARTESIAN_POINT('',(2.1690090829E-14,-1.559504582934));
#2115 = ( GEOMETRIC_REPRESENTATION_CONTEXT(2) 
PARAMETRIC_REPRESENTATION_CONTEXT() REPRESENTATION_CONTEXT('2D SPACE',''
  ) );
#2116 = ORIENTED_EDGE('',*,*,#2117,.F.);
#2117 = EDGE_CURVE('',#1842,#2060,#2118,.T.);
#2118 = SURFACE_CURVE('',#2119,(#2123,#2130),.PCURVE_S1.);
#2119 = LINE('',#2120,#2121);
#2120 = CARTESIAN_POINT('',(0.135498046875,0.733154296875,0.5));
#2121 = VECTOR('',#2122,1.);
#2122 = DIRECTION('',(0.,0.,1.));
#2123 = PCURVE('',#1857,#2124);
#2124 = DEFINITIONAL_REPRESENTATION('',(#2125),#2129);
#2125 = LINE('',#2126,#2127);
#2126 = CARTESIAN_POINT('',(0.96826171875,0.));
#2127 = VECTOR('',#2128,1.);
#2128 = DIRECTION('',(0.,-1.));
#2129 = ( GEOMETRIC_REPRESENTATION_CONTEXT(2) 
PARAMETRIC_REPRESENTATION_CONTEXT() REPRESENTATION_CONTEXT('2D SPACE',''
  ) );
#2130 = PCURVE('',#1883,#2131);
#2131 = DEFINITIONAL_REPRESENTATION('',(#2132),#2136);
#2132 = LINE('',#2133,#2134);
#2133 = CARTESIAN_POINT('',(0.,0.));
#2134 = VECTOR('',#2135,1.);
#2135 = DIRECTION('',(0.,-1.));
#2136 = ( GEOMETRIC_REPRESENTATION_CONTEXT(2) 
PARAMETRIC_REPRESENTATION_CONTEXT() REPRESENTATION_CONTEXT('2D SPACE',''
  ) );
#2137 = ADVANCED_FACE('',(#2138),#1883,.F.);
#2138 = FACE_BOUND('',#2139,.F.);
#2139 = EDGE_LOOP('',(#2140,#2141,#2142,#2219));
#2140 = ORIENTED_EDGE('',*,*,#1869,.F.);
#2141 = ORIENTED_EDGE('',*,*,#2117,.T.);
#2142 = ORIENTED_EDGE('',*,*,#2143,.F.);
#2143 = EDGE_CURVE('',#1904,#2060,#2144,.T.);
#2144 = SURFACE_CURVE('',#2145,(#2150,#2157),.PCURVE_S1.);
#2145 = CIRCLE('',#2146,11.996075517757);
#2146 = AXIS2_PLACEMENT_3D('',#2147,#2148,#2149);
#2147 = CARTESIAN_POINT('',(-0.252062745913,0.175032980899,12.65));
#2148 = DIRECTION('',(0.82138613715,-0.570372521864,0.));
#2149 = DIRECTION('',(0.570372521864,0.82138613715,0.));
#2150 = PCURVE('',#1883,#2151);
#2151 = DEFINITIONAL_REPRESENTATION('',(#2152),#2156);
#2152 = CIRCLE('',#2153,11.996075517757);
#2153 = AXIS2_PLACEMENT_2D('',#2154,#2155);
#2154 = CARTESIAN_POINT('',(0.679487138549,-12.15));
#2155 = DIRECTION('',(-1.,0.));
#2156 = ( GEOMETRIC_REPRESENTATION_CONTEXT(2) 
PARAMETRIC_REPRESENTATION_CONTEXT() REPRESENTATION_CONTEXT('2D SPACE',''
  ) );
#2157 = PCURVE('',#1943,#2158);
#2158 = DEFINITIONAL_REPRESENTATION('',(#2159),#2218);
#2159 = B_SPLINE_CURVE_WITH_KNOTS('',8,(#2160,#2161,#2162,#2163,#2164,
    #2165,#2166,#2167,#2168,#2169,#2170,#2171,#2172,#2173,#2174,#2175,
    #2176,#2177,#2178,#2179,#2180,#2181,#2182,#2183,#2184,#2185,#2186,
    #2187,#2188,#2189,#2190,#2191,#2192,#2193,#2194,#2195,#2196,#2197,
    #2198,#2199,#2200,#2201,#2202,#2203,#2204,#2205,#2206,#2207,#2208,
    #2209,#2210,#2211,#2212,#2213,#2214,#2215,#2216,#2217),
  .UNSPECIFIED.,.F.,.F.,(9,7,7,7,7,7,7,7,9),(4.670752742481,
    4.683041370304,4.69379391965,4.703202400327,4.71143482092,
    4.725841556957,4.736646608985,4.752854187026,4.769061765068),
  .UNSPECIFIED.);
#2160 = CARTESIAN_POINT('',(3.554360876925,-1.521936176481));
#2161 = CARTESIAN_POINT('',(3.537912961031,-1.523244862183));
#2162 = CARTESIAN_POINT('',(3.520457735203,-1.524538429322));
#2163 = CARTESIAN_POINT('',(3.501900595246,-1.52581525755));
#2164 = CARTESIAN_POINT('',(3.482136089162,-1.527073476374));
#2165 = CARTESIAN_POINT('',(3.461045338883,-1.528310909994));
#2166 = CARTESIAN_POINT('',(3.438495230235,-1.529525008538));
#2167 = CARTESIAN_POINT('',(3.414339371139,-1.530712765698));
#2168 = CARTESIAN_POINT('',(3.365742084079,-1.532883747695));
#2169 = CARTESIAN_POINT('',(3.341713894591,-1.533873981608));
#2170 = CARTESIAN_POINT('',(3.316231045223,-1.534838936159));
#2171 = CARTESIAN_POINT('',(3.289183501328,-1.535775914876));
#2172 = CARTESIAN_POINT('',(3.260457259804,-1.536681843816));
#2173 = CARTESIAN_POINT('',(3.229940011293,-1.537553236889));
#2174 = CARTESIAN_POINT('',(3.197531602729,-1.53838619588));
#2175 = CARTESIAN_POINT('',(3.133083535561,-1.539867913272));
#2176 = CARTESIAN_POINT('',(3.101504215251,-1.540526682814));
#2177 = CARTESIAN_POINT('',(3.068372688663,-1.541149892806));
#2178 = CARTESIAN_POINT('',(3.033657051167,-1.54173447409));
#2179 = CARTESIAN_POINT('',(2.997349503613,-1.542277178377));
#2180 = CARTESIAN_POINT('',(2.959478525939,-1.542774666537));
#2181 = CARTESIAN_POINT('',(2.920119754992,-1.543223657363));
#2182 = CARTESIAN_POINT('',(2.843769195597,-1.543968933765));
#2183 = CARTESIAN_POINT('',(2.807096522739,-1.544277290803));
#2184 = CARTESIAN_POINT('',(2.769465923391,-1.544544195693));
#2185 = CARTESIAN_POINT('',(2.730991450756,-1.544767775189));
#2186 = CARTESIAN_POINT('',(2.691818317111,-1.544946427255));
#2187 = CARTESIAN_POINT('',(2.652119317951,-1.545078924491));
#2188 = CARTESIAN_POINT('',(2.612086089067,-1.545164490067));
#2189 = CARTESIAN_POINT('',(2.501616134706,-1.545269969348));
#2190 = CARTESIAN_POINT('',(2.430895663521,-1.545192508943));
#2191 = CARTESIAN_POINT('',(2.360808056106,-1.544968959767));
#2192 = CARTESIAN_POINT('',(2.292462689926,-1.544602302779));
#2193 = CARTESIAN_POINT('',(2.226821149043,-1.544100623972));
#2194 = CARTESIAN_POINT('',(2.164452733542,-1.543475011364));
#2195 = CARTESIAN_POINT('',(2.105654405069,-1.542737290047));
#2196 = CARTESIAN_POINT('',(2.009155673625,-1.541270497807));
#2197 = CARTESIAN_POINT('',(1.969855639424,-1.540585369569));
#2198 = CARTESIAN_POINT('',(1.932649407665,-1.53984866304));
#2199 = CARTESIAN_POINT('',(1.897507334299,-1.53906521491));
#2200 = CARTESIAN_POINT('',(1.864356754087,-1.538239560467));
#2201 = CARTESIAN_POINT('',(1.833100599382,-1.537375814292));
#2202 = CARTESIAN_POINT('',(1.803630777391,-1.536477645056));
#2203 = CARTESIAN_POINT('',(1.734144598695,-1.534154393435));
#2204 = CARTESIAN_POINT('',(1.696222377253,-1.532690392));
#2205 = CARTESIAN_POINT('',(1.661693931748,-1.531167427388));
#2206 = CARTESIAN_POINT('',(1.630168339918,-1.529594535766));
#2207 = CARTESIAN_POINT('',(1.601292880376,-1.527978970119));
#2208 = CARTESIAN_POINT('',(1.574762192805,-1.526326594336));
#2209 = CARTESIAN_POINT('',(1.550309433161,-1.524642248506));
#2210 = CARTESIAN_POINT('',(1.505101910731,-1.521217612393));
#2211 = CARTESIAN_POINT('',(1.484347120354,-1.51947732352));
#2212 = CARTESIAN_POINT('',(1.465211798487,-1.517713062906));
#2213 = CARTESIAN_POINT('',(1.447503358166,-1.515928014289));
#2214 = CARTESIAN_POINT('',(1.431059739046,-1.514124756797));
#2215 = CARTESIAN_POINT('',(1.415743815963,-1.512305424043));
#2216 = CARTESIAN_POINT('',(1.401438604801,-1.510471811574));
#2217 = CARTESIAN_POINT('',(1.388043265671,-1.508625432685));
#2218 = ( GEOMETRIC_REPRESENTATION_CONTEXT(2) 
PARAMETRIC_REPRESENTATION_CONTEXT() REPRESENTATION_CONTEXT('2D SPACE',''
  ) );
#2219 = ORIENTED_EDGE('',*,*,#1903,.F.);
#2220 = ADVANCED_FACE('',(#2221),#1943,.F.);
#2221 = FACE_BOUND('',#2222,.F.);
#2222 = EDGE_LOOP('',(#2223,#2224,#2248,#2249,#2250,#2251));
#2223 = ORIENTED_EDGE('',*,*,#2059,.T.);
#2224 = ORIENTED_EDGE('',*,*,#2225,.F.);
#2225 = EDGE_CURVE('',#2226,#2016,#2228,.T.);
#2226 = VERTEX_POINT('',#2227);
#2227 = CARTESIAN_POINT('',(7.347880794884E-16,-1.799711739194E-31,0.65)
  );
#2228 = SEAM_CURVE('',#2229,(#2234,#2241),.PCURVE_S1.);
#2229 = CIRCLE('',#2230,12.);
#2230 = AXIS2_PLACEMENT_3D('',#2231,#2232,#2233);
#2231 = CARTESIAN_POINT('',(0.,0.,12.65));
#2232 = DIRECTION('',(-2.449293598295E-16,-1.,0.));
#2233 = DIRECTION('',(1.,-2.449293598295E-16,0.));
#2234 = PCURVE('',#1943,#2235);
#2235 = DEFINITIONAL_REPRESENTATION('',(#2236),#2240);
#2236 = LINE('',#2237,#2238);
#2237 = CARTESIAN_POINT('',(6.28318530718,-6.28318530718));
#2238 = VECTOR('',#2239,1.);
#2239 = DIRECTION('',(0.,1.));
#2240 = ( GEOMETRIC_REPRESENTATION_CONTEXT(2) 
PARAMETRIC_REPRESENTATION_CONTEXT() REPRESENTATION_CONTEXT('2D SPACE',''
  ) );
#2241 = PCURVE('',#1943,#2242);
#2242 = DEFINITIONAL_REPRESENTATION('',(#2243),#2247);
#2243 = LINE('',#2244,#2245);
#2244 = CARTESIAN_POINT('',(0.,-6.28318530718));
#2245 = VECTOR('',#2246,1.);
#2246 = DIRECTION('',(0.,1.));
#2247 = ( GEOMETRIC_REPRESENTATION_CONTEXT(2) 
PARAMETRIC_REPRESENTATION_CONTEXT() REPRESENTATION_CONTEXT('2D SPACE',''
  ) );
#2248 = ORIENTED_EDGE('',*,*,#2225,.T.);
#2249 = ORIENTED_EDGE('',*,*,#2015,.T.);
#2250 = ORIENTED_EDGE('',*,*,#1926,.T.);
#2251 = ORIENTED_EDGE('',*,*,#2143,.T.);
#2252 = ( GEOMETRIC_REPRESENTATION_CONTEXT(3) 
GLOBAL_UNCERTAINTY_ASSIGNED_CONTEXT((#2256)) 
GLOBAL_UNIT_ASSIGNED_CONTEXT((#2253,#2254,#2255)) REPRESENTATION_CONTEXT
('Context #1','3D Context with UNIT and UNCERTAINTY') );
#2253 = ( LENGTH_UNIT() NAMED_UNIT(*) SI_UNIT(.MILLI.,.METRE.) );
#2254 = ( NAMED_UNIT(*) PLANE_ANGLE_UNIT() SI_UNIT($,.RADIAN.) );
#2255 = ( NAMED_UNIT(*) SI_UNIT($,.STERADIAN.) SOLID_ANGLE_UNIT() );
#2256 = UNCERTAINTY_MEASURE_WITH_UNIT(LENGTH_MEASURE(1.E-07),#2253,
  'distance_accuracy_value','confusion accuracy');
#2257 = PRODUCT_RELATED_PRODUCT_CATEGORY('part',$,(#7));
ENDSEC;
END-ISO-10303-21;
