ISO-10303-21;
HEADER;
FILE_DESCRIPTION(('Open CASCADE Model'),'2;1');
FILE_NAME('Open CASCADE Shape Model','2026-08-01T03:07:21',('Author'),(
    'Open CASCADE'),'Open CASCADE STEP processor 7.9','Open CASCADE 7.9'
  ,'Unknown');
FILE_SCHEMA(('AUTOMOTIVE_DESIGN { 1 0 10303 214 1 1 1 1 }'));
ENDSEC;
DATA;
#1 = APPLICATION_PROTOCOL_DEFINITION('international standard',
  'automotive_design',2000,#2);
#2 = APPLICATION_CONTEXT(
  'core data for automotive mechanical design processes');
#3 = SHAPE_DEFINITION_REPRESENTATION(#4,#10);
#4 = PRODUCT_DEFINITION_SHAPE('','',#5);
#5 = PRODUCT_DEFINITION('design','',#6,#9);
#6 = PRODUCT_DEFINITION_FORMATION('','',#7);
#7 = PRODUCT('Open CASCADE STEP translator 7.9 4',
  'Open CASCADE STEP translator 7.9 4','',(#8));
#8 = PRODUCT_CONTEXT('',#2,'mechanical');
#9 = PRODUCT_DEFINITION_CONTEXT('part definition',#2,'design');
#10 = ADVANCED_BREP_SHAPE_REPRESENTATION('',(#11,#15),#3933);
#11 = AXIS2_PLACEMENT_3D('',#12,#13,#14);
#12 = CARTESIAN_POINT('',(0.,0.,0.));
#13 = DIRECTION('',(0.,0.,1.));
#14 = DIRECTION('',(1.,0.,-0.));
#15 = MANIFOLD_SOLID_BREP('',#16);
#16 = CLOSED_SHELL('',(#17,#139,#209,#288,#333,#396,#403,#458,#513,#517,
    #552,#2423,#2500,#2549,#2598,#2647,#2696,#2745,#2794,#2843,#2892,
    #2941,#2990,#3039,#3089,#3138,#3187,#3236,#3285,#3334,#3383,#3432,
    #3481,#3530,#3579,#3628,#3677,#3726,#3775,#3824,#3873,#3900));
#17 = ADVANCED_FACE('',(#18),#32,.T.);
#18 = FACE_BOUND('',#19,.T.);
#19 = EDGE_LOOP('',(#20,#53,#86,#112));
#20 = ORIENTED_EDGE('',*,*,#21,.T.);
#21 = EDGE_CURVE('',#22,#24,#26,.T.);
#22 = VERTEX_POINT('',#23);
#23 = CARTESIAN_POINT('',(2.819131071802,4.25,-2.5));
#24 = VERTEX_POINT('',#25);
#25 = CARTESIAN_POINT('',(2.819131071802,4.25,-1.5));
#26 = SURFACE_CURVE('',#27,(#31,#42),.PCURVE_S1.);
#27 = LINE('',#28,#29);
#28 = CARTESIAN_POINT('',(2.819131071802,4.25,-1.5));
#29 = VECTOR('',#30,1.);
#30 = DIRECTION('',(0.,0.,1.));
#31 = PCURVE('',#32,#37);
#32 = CYLINDRICAL_SURFACE('',#33,5.1);
#33 = AXIS2_PLACEMENT_3D('',#34,#35,#36);
#34 = CARTESIAN_POINT('',(0.,0.,-1.5));
#35 = DIRECTION('',(0.,0.,1.));
#36 = DIRECTION('',(1.,0.,0.));
#37 = DEFINITIONAL_REPRESENTATION('',(#38),#41);
#38 = B_SPLINE_CURVE_WITH_KNOTS('',1,(#39,#40),.UNSPECIFIED.,.F.,.F.,(2,
    2),(-1.,0.),.PIECEWISE_BEZIER_KNOTS.);
#39 = CARTESIAN_POINT('',(7.268296090517,-1.));
#40 = CARTESIAN_POINT('',(7.268296090517,0.));
#41 = ( GEOMETRIC_REPRESENTATION_CONTEXT(2) 
PARAMETRIC_REPRESENTATION_CONTEXT() REPRESENTATION_CONTEXT('2D SPACE',''
  ) );
#42 = PCURVE('',#43,#48);
#43 = PLANE('',#44);
#44 = AXIS2_PLACEMENT_3D('',#45,#46,#47);
#45 = CARTESIAN_POINT('',(-10.2,4.25,-50.));
#46 = DIRECTION('',(0.,1.,0.));
#47 = DIRECTION('',(0.,0.,1.));
#48 = DEFINITIONAL_REPRESENTATION('',(#49),#52);
#49 = B_SPLINE_CURVE_WITH_KNOTS('',1,(#50,#51),.UNSPECIFIED.,.F.,.F.,(2,
    2),(-1.0000006,5.999999999062E-07),.PIECEWISE_BEZIER_KNOTS.);
#50 = CARTESIAN_POINT('',(47.4999994,13.019131071802));
#51 = CARTESIAN_POINT('',(48.5000006,13.019131071802));
#52 = ( GEOMETRIC_REPRESENTATION_CONTEXT(2) 
PARAMETRIC_REPRESENTATION_CONTEXT() REPRESENTATION_CONTEXT('2D SPACE',''
  ) );
#53 = ORIENTED_EDGE('',*,*,#54,.T.);
#54 = EDGE_CURVE('',#24,#55,#57,.T.);
#55 = VERTEX_POINT('',#56);
#56 = CARTESIAN_POINT('',(2.819131071802,-4.25,-1.5));
#57 = SURFACE_CURVE('',#58,(#63,#70),.PCURVE_S1.);
#58 = CIRCLE('',#59,5.1);
#59 = AXIS2_PLACEMENT_3D('',#60,#61,#62);
#60 = CARTESIAN_POINT('',(0.,0.,-1.5));
#61 = DIRECTION('',(0.,0.,-1.));
#62 = DIRECTION('',(0.552770798393,0.833333333333,0.));
#63 = PCURVE('',#32,#64);
#64 = DEFINITIONAL_REPRESENTATION('',(#65),#69);
#65 = LINE('',#66,#67);
#66 = CARTESIAN_POINT('',(7.268296090517,0.));
#67 = VECTOR('',#68,1.);
#68 = DIRECTION('',(-1.,-0.));
#69 = ( GEOMETRIC_REPRESENTATION_CONTEXT(2) 
PARAMETRIC_REPRESENTATION_CONTEXT() REPRESENTATION_CONTEXT('2D SPACE',''
  ) );
#70 = PCURVE('',#71,#76);
#71 = PLANE('',#72);
#72 = AXIS2_PLACEMENT_3D('',#73,#74,#75);
#73 = CARTESIAN_POINT('',(-2.681255161842E-16,5.961865926976E-16,-1.5));
#74 = DIRECTION('',(0.,0.,1.));
#75 = DIRECTION('',(1.,0.,-0.));
#76 = DEFINITIONAL_REPRESENTATION('',(#77),#85);
#77 = ( BOUNDED_CURVE() B_SPLINE_CURVE(2,(#78,#79,#80,#81,#82,#83,#84),
.UNSPECIFIED.,.T.,.F.) B_SPLINE_CURVE_WITH_KNOTS((1,2,2,2,2,1),(
    -2.094395102393,0.,2.094395102393,4.188790204786,6.28318530718,
8.377580409573),.UNSPECIFIED.) CURVE() GEOMETRIC_REPRESENTATION_ITEM() 
RATIONAL_B_SPLINE_CURVE((1.,0.5,1.,0.5,1.,0.5,1.)) REPRESENTATION_ITEM(
  '') );
#78 = CARTESIAN_POINT('',(2.819131071802,4.25));
#79 = CARTESIAN_POINT('',(10.18034700397,-0.632878249557));
#80 = CARTESIAN_POINT('',(2.271042430183,-4.566439124779));
#81 = CARTESIAN_POINT('',(-5.638262143604,-8.5));
#82 = CARTESIAN_POINT('',(-5.090173501985,0.316439124779));
#83 = CARTESIAN_POINT('',(-4.542084860366,9.132878249557));
#84 = CARTESIAN_POINT('',(2.819131071802,4.25));
#85 = ( GEOMETRIC_REPRESENTATION_CONTEXT(2) 
PARAMETRIC_REPRESENTATION_CONTEXT() REPRESENTATION_CONTEXT('2D SPACE',''
  ) );
#86 = ORIENTED_EDGE('',*,*,#87,.F.);
#87 = EDGE_CURVE('',#88,#55,#90,.T.);
#88 = VERTEX_POINT('',#89);
#89 = CARTESIAN_POINT('',(2.819131071802,-4.25,-2.5));
#90 = SURFACE_CURVE('',#91,(#95,#101),.PCURVE_S1.);
#91 = LINE('',#92,#93);
#92 = CARTESIAN_POINT('',(2.819131071802,-4.25,-1.5));
#93 = VECTOR('',#94,1.);
#94 = DIRECTION('',(0.,0.,1.));
#95 = PCURVE('',#32,#96);
#96 = DEFINITIONAL_REPRESENTATION('',(#97),#100);
#97 = B_SPLINE_CURVE_WITH_KNOTS('',1,(#98,#99),.UNSPECIFIED.,.F.,.F.,(2,
    2),(-1.0000006,5.999999999062E-07),.PIECEWISE_BEZIER_KNOTS.);
#98 = CARTESIAN_POINT('',(5.298074523842,-1.0000006));
#99 = CARTESIAN_POINT('',(5.298074523842,5.999999999062E-07));
#100 = ( GEOMETRIC_REPRESENTATION_CONTEXT(2) 
PARAMETRIC_REPRESENTATION_CONTEXT() REPRESENTATION_CONTEXT('2D SPACE',''
  ) );
#101 = PCURVE('',#102,#107);
#102 = PLANE('',#103);
#103 = AXIS2_PLACEMENT_3D('',#104,#105,#106);
#104 = CARTESIAN_POINT('',(-10.2,-4.25,-50.));
#105 = DIRECTION('',(0.,1.,0.));
#106 = DIRECTION('',(0.,0.,1.));
#107 = DEFINITIONAL_REPRESENTATION('',(#108),#111);
#108 = B_SPLINE_CURVE_WITH_KNOTS('',1,(#109,#110),.UNSPECIFIED.,.F.,.F.,
  (2,2),(-1.0000006,5.999999999062E-07),.PIECEWISE_BEZIER_KNOTS.);
#109 = CARTESIAN_POINT('',(47.4999994,13.019131071802));
#110 = CARTESIAN_POINT('',(48.5000006,13.019131071802));
#111 = ( GEOMETRIC_REPRESENTATION_CONTEXT(2) 
PARAMETRIC_REPRESENTATION_CONTEXT() REPRESENTATION_CONTEXT('2D SPACE',''
  ) );
#112 = ORIENTED_EDGE('',*,*,#113,.T.);
#113 = EDGE_CURVE('',#88,#22,#114,.T.);
#114 = SURFACE_CURVE('',#115,(#120,#127),.PCURVE_S1.);
#115 = CIRCLE('',#116,5.1);
#116 = AXIS2_PLACEMENT_3D('',#117,#118,#119);
#117 = CARTESIAN_POINT('',(0.,0.,-2.5));
#118 = DIRECTION('',(0.,0.,1.));
#119 = DIRECTION('',(-0.552770798393,0.833333333333,0.));
#120 = PCURVE('',#32,#121);
#121 = DEFINITIONAL_REPRESENTATION('',(#122),#126);
#122 = LINE('',#123,#124);
#123 = CARTESIAN_POINT('',(2.156481870252,-1.));
#124 = VECTOR('',#125,1.);
#125 = DIRECTION('',(1.,0.));
#126 = ( GEOMETRIC_REPRESENTATION_CONTEXT(2) 
PARAMETRIC_REPRESENTATION_CONTEXT() REPRESENTATION_CONTEXT('2D SPACE',''
  ) );
#127 = PCURVE('',#128,#133);
#128 = PLANE('',#129);
#129 = AXIS2_PLACEMENT_3D('',#130,#131,#132);
#130 = CARTESIAN_POINT('',(-2.681255161842E-16,5.961865926976E-16,-2.5)
  );
#131 = DIRECTION('',(0.,0.,1.));
#132 = DIRECTION('',(1.,0.,-0.));
#133 = DEFINITIONAL_REPRESENTATION('',(#134),#138);
#134 = CIRCLE('',#135,5.1);
#135 = AXIS2_PLACEMENT_2D('',#136,#137);
#136 = CARTESIAN_POINT('',(2.681255161842E-16,-5.961865926976E-16));
#137 = DIRECTION('',(-0.552770798393,0.833333333333));
#138 = ( GEOMETRIC_REPRESENTATION_CONTEXT(2) 
PARAMETRIC_REPRESENTATION_CONTEXT() REPRESENTATION_CONTEXT('2D SPACE',''
  ) );
#139 = ADVANCED_FACE('',(#140),#43,.T.);
#140 = FACE_BOUND('',#141,.T.);
#141 = EDGE_LOOP('',(#142,#143,#164,#190));
#142 = ORIENTED_EDGE('',*,*,#21,.F.);
#143 = ORIENTED_EDGE('',*,*,#144,.T.);
#144 = EDGE_CURVE('',#22,#145,#147,.T.);
#145 = VERTEX_POINT('',#146);
#146 = CARTESIAN_POINT('',(-2.819131071802,4.25,-2.5));
#147 = SURFACE_CURVE('',#148,(#152,#158),.PCURVE_S1.);
#148 = LINE('',#149,#150);
#149 = CARTESIAN_POINT('',(-5.1,4.25,-2.5));
#150 = VECTOR('',#151,1.);
#151 = DIRECTION('',(-1.,0.,0.));
#152 = PCURVE('',#43,#153);
#153 = DEFINITIONAL_REPRESENTATION('',(#154),#157);
#154 = B_SPLINE_CURVE_WITH_KNOTS('',1,(#155,#156),.UNSPECIFIED.,.F.,.F.,
  (2,2),(-10.2,0.),.PIECEWISE_BEZIER_KNOTS.);
#155 = CARTESIAN_POINT('',(47.5,15.3));
#156 = CARTESIAN_POINT('',(47.5,5.1));
#157 = ( GEOMETRIC_REPRESENTATION_CONTEXT(2) 
PARAMETRIC_REPRESENTATION_CONTEXT() REPRESENTATION_CONTEXT('2D SPACE',''
  ) );
#158 = PCURVE('',#128,#159);
#159 = DEFINITIONAL_REPRESENTATION('',(#160),#163);
#160 = B_SPLINE_CURVE_WITH_KNOTS('',1,(#161,#162),.UNSPECIFIED.,.F.,.F.,
  (2,2),(-10.2,0.),.PIECEWISE_BEZIER_KNOTS.);
#161 = CARTESIAN_POINT('',(5.1,4.25));
#162 = CARTESIAN_POINT('',(-5.1,4.25));
#163 = ( GEOMETRIC_REPRESENTATION_CONTEXT(2) 
PARAMETRIC_REPRESENTATION_CONTEXT() REPRESENTATION_CONTEXT('2D SPACE',''
  ) );
#164 = ORIENTED_EDGE('',*,*,#165,.T.);
#165 = EDGE_CURVE('',#145,#166,#168,.T.);
#166 = VERTEX_POINT('',#167);
#167 = CARTESIAN_POINT('',(-2.819131071802,4.25,-1.5));
#168 = SURFACE_CURVE('',#169,(#173,#179),.PCURVE_S1.);
#169 = LINE('',#170,#171);
#170 = CARTESIAN_POINT('',(-2.819131071802,4.25,-1.5));
#171 = VECTOR('',#172,1.);
#172 = DIRECTION('',(0.,0.,1.));
#173 = PCURVE('',#43,#174);
#174 = DEFINITIONAL_REPRESENTATION('',(#175),#178);
#175 = B_SPLINE_CURVE_WITH_KNOTS('',1,(#176,#177),.UNSPECIFIED.,.F.,.F.,
  (2,2),(-1.0000006,5.999999999062E-07),.PIECEWISE_BEZIER_KNOTS.);
#176 = CARTESIAN_POINT('',(47.4999994,7.380868928198));
#177 = CARTESIAN_POINT('',(48.5000006,7.380868928198));
#178 = ( GEOMETRIC_REPRESENTATION_CONTEXT(2) 
PARAMETRIC_REPRESENTATION_CONTEXT() REPRESENTATION_CONTEXT('2D SPACE',''
  ) );
#179 = PCURVE('',#180,#185);
#180 = CYLINDRICAL_SURFACE('',#181,5.1);
#181 = AXIS2_PLACEMENT_3D('',#182,#183,#184);
#182 = CARTESIAN_POINT('',(0.,0.,-1.5));
#183 = DIRECTION('',(0.,0.,1.));
#184 = DIRECTION('',(1.,0.,0.));
#185 = DEFINITIONAL_REPRESENTATION('',(#186),#189);
#186 = B_SPLINE_CURVE_WITH_KNOTS('',1,(#187,#188),.UNSPECIFIED.,.F.,.F.,
  (2,2),(-1.,0.),.PIECEWISE_BEZIER_KNOTS.);
#187 = CARTESIAN_POINT('',(2.156481870252,-1.));
#188 = CARTESIAN_POINT('',(2.156481870252,0.));
#189 = ( GEOMETRIC_REPRESENTATION_CONTEXT(2) 
PARAMETRIC_REPRESENTATION_CONTEXT() REPRESENTATION_CONTEXT('2D SPACE',''
  ) );
#190 = ORIENTED_EDGE('',*,*,#191,.F.);
#191 = EDGE_CURVE('',#24,#166,#192,.T.);
#192 = SURFACE_CURVE('',#193,(#197,#203),.PCURVE_S1.);
#193 = LINE('',#194,#195);
#194 = CARTESIAN_POINT('',(-5.1,4.25,-1.5));
#195 = VECTOR('',#196,1.);
#196 = DIRECTION('',(-1.,0.,0.));
#197 = PCURVE('',#43,#198);
#198 = DEFINITIONAL_REPRESENTATION('',(#199),#202);
#199 = B_SPLINE_CURVE_WITH_KNOTS('',1,(#200,#201),.UNSPECIFIED.,.F.,.F.,
  (2,2),(-10.2,0.),.PIECEWISE_BEZIER_KNOTS.);
#200 = CARTESIAN_POINT('',(48.5,15.3));
#201 = CARTESIAN_POINT('',(48.5,5.1));
#202 = ( GEOMETRIC_REPRESENTATION_CONTEXT(2) 
PARAMETRIC_REPRESENTATION_CONTEXT() REPRESENTATION_CONTEXT('2D SPACE',''
  ) );
#203 = PCURVE('',#71,#204);
#204 = DEFINITIONAL_REPRESENTATION('',(#205),#208);
#205 = B_SPLINE_CURVE_WITH_KNOTS('',1,(#206,#207),.UNSPECIFIED.,.F.,.F.,
  (2,2),(-10.2,0.),.PIECEWISE_BEZIER_KNOTS.);
#206 = CARTESIAN_POINT('',(5.1,4.25));
#207 = CARTESIAN_POINT('',(-5.1,4.25));
#208 = ( GEOMETRIC_REPRESENTATION_CONTEXT(2) 
PARAMETRIC_REPRESENTATION_CONTEXT() REPRESENTATION_CONTEXT('2D SPACE',''
  ) );
#209 = ADVANCED_FACE('',(#210,#257),#128,.F.);
#210 = FACE_BOUND('',#211,.F.);
#211 = EDGE_LOOP('',(#212,#213,#237,#256));
#212 = ORIENTED_EDGE('',*,*,#144,.T.);
#213 = ORIENTED_EDGE('',*,*,#214,.T.);
#214 = EDGE_CURVE('',#145,#215,#217,.T.);
#215 = VERTEX_POINT('',#216);
#216 = CARTESIAN_POINT('',(-2.819131071802,-4.25,-2.5));
#217 = SURFACE_CURVE('',#218,(#223,#230),.PCURVE_S1.);
#218 = CIRCLE('',#219,5.1);
#219 = AXIS2_PLACEMENT_3D('',#220,#221,#222);
#220 = CARTESIAN_POINT('',(0.,0.,-2.5));
#221 = DIRECTION('',(0.,0.,1.));
#222 = DIRECTION('',(-0.552770798393,0.833333333333,0.));
#223 = PCURVE('',#128,#224);
#224 = DEFINITIONAL_REPRESENTATION('',(#225),#229);
#225 = CIRCLE('',#226,5.1);
#226 = AXIS2_PLACEMENT_2D('',#227,#228);
#227 = CARTESIAN_POINT('',(2.681255161842E-16,-5.961865926976E-16));
#228 = DIRECTION('',(-0.552770798393,0.833333333333));
#229 = ( GEOMETRIC_REPRESENTATION_CONTEXT(2) 
PARAMETRIC_REPRESENTATION_CONTEXT() REPRESENTATION_CONTEXT('2D SPACE',''
  ) );
#230 = PCURVE('',#180,#231);
#231 = DEFINITIONAL_REPRESENTATION('',(#232),#236);
#232 = LINE('',#233,#234);
#233 = CARTESIAN_POINT('',(2.156481870252,-1.));
#234 = VECTOR('',#235,1.);
#235 = DIRECTION('',(1.,0.));
#236 = ( GEOMETRIC_REPRESENTATION_CONTEXT(2) 
PARAMETRIC_REPRESENTATION_CONTEXT() REPRESENTATION_CONTEXT('2D SPACE',''
  ) );
#237 = ORIENTED_EDGE('',*,*,#238,.F.);
#238 = EDGE_CURVE('',#88,#215,#239,.T.);
#239 = SURFACE_CURVE('',#240,(#244,#250),.PCURVE_S1.);
#240 = LINE('',#241,#242);
#241 = CARTESIAN_POINT('',(-5.1,-4.25,-2.5));
#242 = VECTOR('',#243,1.);
#243 = DIRECTION('',(-1.,0.,0.));
#244 = PCURVE('',#128,#245);
#245 = DEFINITIONAL_REPRESENTATION('',(#246),#249);
#246 = B_SPLINE_CURVE_WITH_KNOTS('',1,(#247,#248),.UNSPECIFIED.,.F.,.F.,
  (2,2),(-10.2,1.7763568394E-15),.PIECEWISE_BEZIER_KNOTS.);
#247 = CARTESIAN_POINT('',(5.1,-4.25));
#248 = CARTESIAN_POINT('',(-5.1,-4.25));
#249 = ( GEOMETRIC_REPRESENTATION_CONTEXT(2) 
PARAMETRIC_REPRESENTATION_CONTEXT() REPRESENTATION_CONTEXT('2D SPACE',''
  ) );
#250 = PCURVE('',#102,#251);
#251 = DEFINITIONAL_REPRESENTATION('',(#252),#255);
#252 = B_SPLINE_CURVE_WITH_KNOTS('',1,(#253,#254),.UNSPECIFIED.,.F.,.F.,
  (2,2),(-10.2,1.7763568394E-15),.PIECEWISE_BEZIER_KNOTS.);
#253 = CARTESIAN_POINT('',(47.5,15.3));
#254 = CARTESIAN_POINT('',(47.5,5.1));
#255 = ( GEOMETRIC_REPRESENTATION_CONTEXT(2) 
PARAMETRIC_REPRESENTATION_CONTEXT() REPRESENTATION_CONTEXT('2D SPACE',''
  ) );
#256 = ORIENTED_EDGE('',*,*,#113,.T.);
#257 = FACE_BOUND('',#258,.F.);
#258 = EDGE_LOOP('',(#259));
#259 = ORIENTED_EDGE('',*,*,#260,.F.);
#260 = EDGE_CURVE('',#261,#261,#263,.T.);
#261 = VERTEX_POINT('',#262);
#262 = CARTESIAN_POINT('',(1.5,0.,-2.5));
#263 = SURFACE_CURVE('',#264,(#269,#276),.PCURVE_S1.);
#264 = CIRCLE('',#265,1.5);
#265 = AXIS2_PLACEMENT_3D('',#266,#267,#268);
#266 = CARTESIAN_POINT('',(0.,0.,-2.5));
#267 = DIRECTION('',(0.,0.,1.));
#268 = DIRECTION('',(1.,0.,0.));
#269 = PCURVE('',#128,#270);
#270 = DEFINITIONAL_REPRESENTATION('',(#271),#275);
#271 = CIRCLE('',#272,1.5);
#272 = AXIS2_PLACEMENT_2D('',#273,#274);
#273 = CARTESIAN_POINT('',(2.681255161842E-16,-5.961865926976E-16));
#274 = DIRECTION('',(1.,0.));
#275 = ( GEOMETRIC_REPRESENTATION_CONTEXT(2) 
PARAMETRIC_REPRESENTATION_CONTEXT() REPRESENTATION_CONTEXT('2D SPACE',''
  ) );
#276 = PCURVE('',#277,#282);
#277 = CYLINDRICAL_SURFACE('',#278,1.5);
#278 = AXIS2_PLACEMENT_3D('',#279,#280,#281);
#279 = CARTESIAN_POINT('',(0.,0.,-2.5));
#280 = DIRECTION('',(0.,0.,1.));
#281 = DIRECTION('',(1.,0.,0.));
#282 = DEFINITIONAL_REPRESENTATION('',(#283),#287);
#283 = LINE('',#284,#285);
#284 = CARTESIAN_POINT('',(0.,0.));
#285 = VECTOR('',#286,1.);
#286 = DIRECTION('',(1.,0.));
#287 = ( GEOMETRIC_REPRESENTATION_CONTEXT(2) 
PARAMETRIC_REPRESENTATION_CONTEXT() REPRESENTATION_CONTEXT('2D SPACE',''
  ) );
#288 = ADVANCED_FACE('',(#289),#102,.F.);
#289 = FACE_BOUND('',#290,.F.);
#290 = EDGE_LOOP('',(#291,#292,#293,#314));
#291 = ORIENTED_EDGE('',*,*,#87,.F.);
#292 = ORIENTED_EDGE('',*,*,#238,.T.);
#293 = ORIENTED_EDGE('',*,*,#294,.T.);
#294 = EDGE_CURVE('',#215,#295,#297,.T.);
#295 = VERTEX_POINT('',#296);
#296 = CARTESIAN_POINT('',(-2.819131071802,-4.25,-1.5));
#297 = SURFACE_CURVE('',#298,(#302,#308),.PCURVE_S1.);
#298 = LINE('',#299,#300);
#299 = CARTESIAN_POINT('',(-2.819131071802,-4.25,-1.5));
#300 = VECTOR('',#301,1.);
#301 = DIRECTION('',(0.,0.,1.));
#302 = PCURVE('',#102,#303);
#303 = DEFINITIONAL_REPRESENTATION('',(#304),#307);
#304 = B_SPLINE_CURVE_WITH_KNOTS('',1,(#305,#306),.UNSPECIFIED.,.F.,.F.,
  (2,2),(-1.0000006,5.999999999062E-07),.PIECEWISE_BEZIER_KNOTS.);
#305 = CARTESIAN_POINT('',(47.4999994,7.380868928198));
#306 = CARTESIAN_POINT('',(48.5000006,7.380868928198));
#307 = ( GEOMETRIC_REPRESENTATION_CONTEXT(2) 
PARAMETRIC_REPRESENTATION_CONTEXT() REPRESENTATION_CONTEXT('2D SPACE',''
  ) );
#308 = PCURVE('',#180,#309);
#309 = DEFINITIONAL_REPRESENTATION('',(#310),#313);
#310 = B_SPLINE_CURVE_WITH_KNOTS('',1,(#311,#312),.UNSPECIFIED.,.F.,.F.,
  (2,2),(-1.0000006,5.999999999062E-07),.PIECEWISE_BEZIER_KNOTS.);
#311 = CARTESIAN_POINT('',(4.126703436928,-1.0000006));
#312 = CARTESIAN_POINT('',(4.126703436928,5.999999999062E-07));
#313 = ( GEOMETRIC_REPRESENTATION_CONTEXT(2) 
PARAMETRIC_REPRESENTATION_CONTEXT() REPRESENTATION_CONTEXT('2D SPACE',''
  ) );
#314 = ORIENTED_EDGE('',*,*,#315,.F.);
#315 = EDGE_CURVE('',#55,#295,#316,.T.);
#316 = SURFACE_CURVE('',#317,(#321,#327),.PCURVE_S1.);
#317 = LINE('',#318,#319);
#318 = CARTESIAN_POINT('',(-5.1,-4.25,-1.5));
#319 = VECTOR('',#320,1.);
#320 = DIRECTION('',(-1.,0.,0.));
#321 = PCURVE('',#102,#322);
#322 = DEFINITIONAL_REPRESENTATION('',(#323),#326);
#323 = B_SPLINE_CURVE_WITH_KNOTS('',1,(#324,#325),.UNSPECIFIED.,.F.,.F.,
  (2,2),(-10.2,0.),.PIECEWISE_BEZIER_KNOTS.);
#324 = CARTESIAN_POINT('',(48.5,15.3));
#325 = CARTESIAN_POINT('',(48.5,5.1));
#326 = ( GEOMETRIC_REPRESENTATION_CONTEXT(2) 
PARAMETRIC_REPRESENTATION_CONTEXT() REPRESENTATION_CONTEXT('2D SPACE',''
  ) );
#327 = PCURVE('',#71,#328);
#328 = DEFINITIONAL_REPRESENTATION('',(#329),#332);
#329 = B_SPLINE_CURVE_WITH_KNOTS('',1,(#330,#331),.UNSPECIFIED.,.F.,.F.,
  (2,2),(-10.2,0.),.PIECEWISE_BEZIER_KNOTS.);
#330 = CARTESIAN_POINT('',(5.1,-4.25));
#331 = CARTESIAN_POINT('',(-5.1,-4.25));
#332 = ( GEOMETRIC_REPRESENTATION_CONTEXT(2) 
PARAMETRIC_REPRESENTATION_CONTEXT() REPRESENTATION_CONTEXT('2D SPACE',''
  ) );
#333 = ADVANCED_FACE('',(#334,#365),#71,.T.);
#334 = FACE_BOUND('',#335,.T.);
#335 = EDGE_LOOP('',(#336,#337,#338,#364));
#336 = ORIENTED_EDGE('',*,*,#54,.F.);
#337 = ORIENTED_EDGE('',*,*,#191,.T.);
#338 = ORIENTED_EDGE('',*,*,#339,.F.);
#339 = EDGE_CURVE('',#295,#166,#340,.T.);
#340 = SURFACE_CURVE('',#341,(#346,#357),.PCURVE_S1.);
#341 = CIRCLE('',#342,5.1);
#342 = AXIS2_PLACEMENT_3D('',#343,#344,#345);
#343 = CARTESIAN_POINT('',(0.,0.,-1.5));
#344 = DIRECTION('',(0.,0.,-1.));
#345 = DIRECTION('',(0.552770798393,0.833333333333,0.));
#346 = PCURVE('',#71,#347);
#347 = DEFINITIONAL_REPRESENTATION('',(#348),#356);
#348 = ( BOUNDED_CURVE() B_SPLINE_CURVE(2,(#349,#350,#351,#352,#353,#354
,#355),.UNSPECIFIED.,.T.,.F.) B_SPLINE_CURVE_WITH_KNOTS((1,2,2,2,2,1),(
    -2.094395102393,0.,2.094395102393,4.188790204786,6.28318530718,
8.377580409573),.UNSPECIFIED.) CURVE() GEOMETRIC_REPRESENTATION_ITEM() 
RATIONAL_B_SPLINE_CURVE((1.,0.5,1.,0.5,1.,0.5,1.)) REPRESENTATION_ITEM(
  '') );
#349 = CARTESIAN_POINT('',(2.819131071802,4.25));
#350 = CARTESIAN_POINT('',(10.18034700397,-0.632878249557));
#351 = CARTESIAN_POINT('',(2.271042430183,-4.566439124779));
#352 = CARTESIAN_POINT('',(-5.638262143604,-8.5));
#353 = CARTESIAN_POINT('',(-5.090173501985,0.316439124779));
#354 = CARTESIAN_POINT('',(-4.542084860366,9.132878249557));
#355 = CARTESIAN_POINT('',(2.819131071802,4.25));
#356 = ( GEOMETRIC_REPRESENTATION_CONTEXT(2) 
PARAMETRIC_REPRESENTATION_CONTEXT() REPRESENTATION_CONTEXT('2D SPACE',''
  ) );
#357 = PCURVE('',#180,#358);
#358 = DEFINITIONAL_REPRESENTATION('',(#359),#363);
#359 = LINE('',#360,#361);
#360 = CARTESIAN_POINT('',(7.268296090517,0.));
#361 = VECTOR('',#362,1.);
#362 = DIRECTION('',(-1.,-0.));
#363 = ( GEOMETRIC_REPRESENTATION_CONTEXT(2) 
PARAMETRIC_REPRESENTATION_CONTEXT() REPRESENTATION_CONTEXT('2D SPACE',''
  ) );
#364 = ORIENTED_EDGE('',*,*,#315,.F.);
#365 = FACE_BOUND('',#366,.T.);
#366 = EDGE_LOOP('',(#367));
#367 = ORIENTED_EDGE('',*,*,#368,.F.);
#368 = EDGE_CURVE('',#369,#369,#371,.T.);
#369 = VERTEX_POINT('',#370);
#370 = CARTESIAN_POINT('',(3.8,0.,-1.5));
#371 = SURFACE_CURVE('',#372,(#377,#384),.PCURVE_S1.);
#372 = CIRCLE('',#373,3.8);
#373 = AXIS2_PLACEMENT_3D('',#374,#375,#376);
#374 = CARTESIAN_POINT('',(0.,0.,-1.5));
#375 = DIRECTION('',(0.,0.,1.));
#376 = DIRECTION('',(1.,0.,0.));
#377 = PCURVE('',#71,#378);
#378 = DEFINITIONAL_REPRESENTATION('',(#379),#383);
#379 = CIRCLE('',#380,3.8);
#380 = AXIS2_PLACEMENT_2D('',#381,#382);
#381 = CARTESIAN_POINT('',(2.681255161842E-16,-5.961865926976E-16));
#382 = DIRECTION('',(1.,0.));
#383 = ( GEOMETRIC_REPRESENTATION_CONTEXT(2) 
PARAMETRIC_REPRESENTATION_CONTEXT() REPRESENTATION_CONTEXT('2D SPACE',''
  ) );
#384 = PCURVE('',#385,#390);
#385 = CYLINDRICAL_SURFACE('',#386,3.8);
#386 = AXIS2_PLACEMENT_3D('',#387,#388,#389);
#387 = CARTESIAN_POINT('',(0.,0.,0.));
#388 = DIRECTION('',(0.,0.,1.));
#389 = DIRECTION('',(1.,0.,0.));
#390 = DEFINITIONAL_REPRESENTATION('',(#391),#395);
#391 = LINE('',#392,#393);
#392 = CARTESIAN_POINT('',(0.,-1.5));
#393 = VECTOR('',#394,1.);
#394 = DIRECTION('',(1.,0.));
#395 = ( GEOMETRIC_REPRESENTATION_CONTEXT(2) 
PARAMETRIC_REPRESENTATION_CONTEXT() REPRESENTATION_CONTEXT('2D SPACE',''
  ) );
#396 = ADVANCED_FACE('',(#397),#180,.T.);
#397 = FACE_BOUND('',#398,.T.);
#398 = EDGE_LOOP('',(#399,#400,#401,#402));
#399 = ORIENTED_EDGE('',*,*,#294,.T.);
#400 = ORIENTED_EDGE('',*,*,#339,.T.);
#401 = ORIENTED_EDGE('',*,*,#165,.F.);
#402 = ORIENTED_EDGE('',*,*,#214,.T.);
#403 = ADVANCED_FACE('',(#404),#277,.T.);
#404 = FACE_BOUND('',#405,.T.);
#405 = EDGE_LOOP('',(#406,#429,#456,#457));
#406 = ORIENTED_EDGE('',*,*,#407,.T.);
#407 = EDGE_CURVE('',#261,#408,#410,.T.);
#408 = VERTEX_POINT('',#409);
#409 = CARTESIAN_POINT('',(1.5,0.,-3.));
#410 = SEAM_CURVE('',#411,(#415,#422),.PCURVE_S1.);
#411 = LINE('',#412,#413);
#412 = CARTESIAN_POINT('',(1.5,0.,-2.5));
#413 = VECTOR('',#414,1.);
#414 = DIRECTION('',(-0.,-0.,-1.));
#415 = PCURVE('',#277,#416);
#416 = DEFINITIONAL_REPRESENTATION('',(#417),#421);
#417 = LINE('',#418,#419);
#418 = CARTESIAN_POINT('',(0.,0.));
#419 = VECTOR('',#420,1.);
#420 = DIRECTION('',(0.,-1.));
#421 = ( GEOMETRIC_REPRESENTATION_CONTEXT(2) 
PARAMETRIC_REPRESENTATION_CONTEXT() REPRESENTATION_CONTEXT('2D SPACE',''
  ) );
#422 = PCURVE('',#277,#423);
#423 = DEFINITIONAL_REPRESENTATION('',(#424),#428);
#424 = LINE('',#425,#426);
#425 = CARTESIAN_POINT('',(6.28318530718,0.));
#426 = VECTOR('',#427,1.);
#427 = DIRECTION('',(0.,-1.));
#428 = ( GEOMETRIC_REPRESENTATION_CONTEXT(2) 
PARAMETRIC_REPRESENTATION_CONTEXT() REPRESENTATION_CONTEXT('2D SPACE',''
  ) );
#429 = ORIENTED_EDGE('',*,*,#430,.T.);
#430 = EDGE_CURVE('',#408,#408,#431,.T.);
#431 = SURFACE_CURVE('',#432,(#437,#444),.PCURVE_S1.);
#432 = CIRCLE('',#433,1.5);
#433 = AXIS2_PLACEMENT_3D('',#434,#435,#436);
#434 = CARTESIAN_POINT('',(0.,0.,-3.));
#435 = DIRECTION('',(0.,0.,1.));
#436 = DIRECTION('',(1.,0.,0.));
#437 = PCURVE('',#277,#438);
#438 = DEFINITIONAL_REPRESENTATION('',(#439),#443);
#439 = LINE('',#440,#441);
#440 = CARTESIAN_POINT('',(0.,-0.5));
#441 = VECTOR('',#442,1.);
#442 = DIRECTION('',(1.,0.));
#443 = ( GEOMETRIC_REPRESENTATION_CONTEXT(2) 
PARAMETRIC_REPRESENTATION_CONTEXT() REPRESENTATION_CONTEXT('2D SPACE',''
  ) );
#444 = PCURVE('',#445,#450);
#445 = PLANE('',#446);
#446 = AXIS2_PLACEMENT_3D('',#447,#448,#449);
#447 = CARTESIAN_POINT('',(-8.546500828371E-17,5.272100442092E-17,-3.));
#448 = DIRECTION('',(0.,0.,1.));
#449 = DIRECTION('',(1.,0.,-0.));
#450 = DEFINITIONAL_REPRESENTATION('',(#451),#455);
#451 = CIRCLE('',#452,1.5);
#452 = AXIS2_PLACEMENT_2D('',#453,#454);
#453 = CARTESIAN_POINT('',(8.546500828371E-17,-5.272100442092E-17));
#454 = DIRECTION('',(1.,0.));
#455 = ( GEOMETRIC_REPRESENTATION_CONTEXT(2) 
PARAMETRIC_REPRESENTATION_CONTEXT() REPRESENTATION_CONTEXT('2D SPACE',''
  ) );
#456 = ORIENTED_EDGE('',*,*,#407,.F.);
#457 = ORIENTED_EDGE('',*,*,#260,.F.);
#458 = ADVANCED_FACE('',(#459),#385,.T.);
#459 = FACE_BOUND('',#460,.T.);
#460 = EDGE_LOOP('',(#461,#462,#485,#512));
#461 = ORIENTED_EDGE('',*,*,#368,.T.);
#462 = ORIENTED_EDGE('',*,*,#463,.T.);
#463 = EDGE_CURVE('',#369,#464,#466,.T.);
#464 = VERTEX_POINT('',#465);
#465 = CARTESIAN_POINT('',(3.8,0.,1.));
#466 = SEAM_CURVE('',#467,(#471,#478),.PCURVE_S1.);
#467 = LINE('',#468,#469);
#468 = CARTESIAN_POINT('',(3.8,0.,-1.5));
#469 = VECTOR('',#470,1.);
#470 = DIRECTION('',(0.,0.,1.));
#471 = PCURVE('',#385,#472);
#472 = DEFINITIONAL_REPRESENTATION('',(#473),#477);
#473 = LINE('',#474,#475);
#474 = CARTESIAN_POINT('',(6.28318530718,-1.5));
#475 = VECTOR('',#476,1.);
#476 = DIRECTION('',(-0.,1.));
#477 = ( GEOMETRIC_REPRESENTATION_CONTEXT(2) 
PARAMETRIC_REPRESENTATION_CONTEXT() REPRESENTATION_CONTEXT('2D SPACE',''
  ) );
#478 = PCURVE('',#385,#479);
#479 = DEFINITIONAL_REPRESENTATION('',(#480),#484);
#480 = LINE('',#481,#482);
#481 = CARTESIAN_POINT('',(0.,-1.5));
#482 = VECTOR('',#483,1.);
#483 = DIRECTION('',(-0.,1.));
#484 = ( GEOMETRIC_REPRESENTATION_CONTEXT(2) 
PARAMETRIC_REPRESENTATION_CONTEXT() REPRESENTATION_CONTEXT('2D SPACE',''
  ) );
#485 = ORIENTED_EDGE('',*,*,#486,.F.);
#486 = EDGE_CURVE('',#464,#464,#487,.T.);
#487 = SURFACE_CURVE('',#488,(#493,#500),.PCURVE_S1.);
#488 = CIRCLE('',#489,3.8);
#489 = AXIS2_PLACEMENT_3D('',#490,#491,#492);
#490 = CARTESIAN_POINT('',(0.,0.,1.));
#491 = DIRECTION('',(0.,0.,1.));
#492 = DIRECTION('',(1.,0.,0.));
#493 = PCURVE('',#385,#494);
#494 = DEFINITIONAL_REPRESENTATION('',(#495),#499);
#495 = LINE('',#496,#497);
#496 = CARTESIAN_POINT('',(-0.,1.));
#497 = VECTOR('',#498,1.);
#498 = DIRECTION('',(1.,-0.));
#499 = ( GEOMETRIC_REPRESENTATION_CONTEXT(2) 
PARAMETRIC_REPRESENTATION_CONTEXT() REPRESENTATION_CONTEXT('2D SPACE',''
  ) );
#500 = PCURVE('',#501,#506);
#501 = PLANE('',#502);
#502 = AXIS2_PLACEMENT_3D('',#503,#504,#505);
#503 = CARTESIAN_POINT('',(-4.498158330722E-16,2.047307385657E-16,1.));
#504 = DIRECTION('',(0.,0.,1.));
#505 = DIRECTION('',(1.,0.,-0.));
#506 = DEFINITIONAL_REPRESENTATION('',(#507),#511);
#507 = CIRCLE('',#508,3.8);
#508 = AXIS2_PLACEMENT_2D('',#509,#510);
#509 = CARTESIAN_POINT('',(4.498158330722E-16,-2.047307385657E-16));
#510 = DIRECTION('',(1.,0.));
#511 = ( GEOMETRIC_REPRESENTATION_CONTEXT(2) 
PARAMETRIC_REPRESENTATION_CONTEXT() REPRESENTATION_CONTEXT('2D SPACE',''
  ) );
#512 = ORIENTED_EDGE('',*,*,#463,.F.);
#513 = ADVANCED_FACE('',(#514),#445,.F.);
#514 = FACE_BOUND('',#515,.F.);
#515 = EDGE_LOOP('',(#516));
#516 = ORIENTED_EDGE('',*,*,#430,.T.);
#517 = ADVANCED_FACE('',(#518,#521),#501,.T.);
#518 = FACE_BOUND('',#519,.T.);
#519 = EDGE_LOOP('',(#520));
#520 = ORIENTED_EDGE('',*,*,#486,.T.);
#521 = FACE_BOUND('',#522,.T.);
#522 = EDGE_LOOP('',(#523));
#523 = ORIENTED_EDGE('',*,*,#524,.F.);
#524 = EDGE_CURVE('',#525,#525,#527,.T.);
#525 = VERTEX_POINT('',#526);
#526 = CARTESIAN_POINT('',(2.896463360721,-7.094289167109E-16,1.));
#527 = SURFACE_CURVE('',#528,(#533,#540),.PCURVE_S1.);
#528 = CIRCLE('',#529,2.896463360721);
#529 = AXIS2_PLACEMENT_3D('',#530,#531,#532);
#530 = CARTESIAN_POINT('',(0.,0.,1.));
#531 = DIRECTION('',(0.,0.,1.));
#532 = DIRECTION('',(1.,0.,-0.));
#533 = PCURVE('',#501,#534);
#534 = DEFINITIONAL_REPRESENTATION('',(#535),#539);
#535 = CIRCLE('',#536,2.896463360721);
#536 = AXIS2_PLACEMENT_2D('',#537,#538);
#537 = CARTESIAN_POINT('',(4.498158330722E-16,-2.047307385657E-16));
#538 = DIRECTION('',(1.,0.));
#539 = ( GEOMETRIC_REPRESENTATION_CONTEXT(2) 
PARAMETRIC_REPRESENTATION_CONTEXT() REPRESENTATION_CONTEXT('2D SPACE',''
  ) );
#540 = PCURVE('',#541,#546);
#541 = SPHERICAL_SURFACE('',#542,12.16);
#542 = AXIS2_PLACEMENT_3D('',#543,#544,#545);
#543 = CARTESIAN_POINT('',(0.,0.,12.81));
#544 = DIRECTION('',(0.,0.,1.));
#545 = DIRECTION('',(1.,0.,0.));
#546 = DEFINITIONAL_REPRESENTATION('',(#547),#551);
#547 = LINE('',#548,#549);
#548 = CARTESIAN_POINT('',(0.,-1.33028836321));
#549 = VECTOR('',#550,1.);
#550 = DIRECTION('',(1.,0.));
#551 = ( GEOMETRIC_REPRESENTATION_CONTEXT(2) 
PARAMETRIC_REPRESENTATION_CONTEXT() REPRESENTATION_CONTEXT('2D SPACE',''
  ) );
#552 = ADVANCED_FACE('',(#553),#541,.F.);
#553 = FACE_BOUND('',#554,.F.);
#554 = EDGE_LOOP('',(#555,#579,#580,#581,#629,#692,#734,#785,#836,#878,
    #935,#1007,#1041,#1098,#1155,#1197,#1254,#1311,#1428,#1467,#1513,
    #1630,#1762,#1786,#1787,#1819,#1864,#1936,#1987,#2044,#2089,#2123,
    #2180,#2237,#2294,#2351,#2396));
#555 = ORIENTED_EDGE('',*,*,#556,.T.);
#556 = EDGE_CURVE('',#557,#525,#559,.T.);
#557 = VERTEX_POINT('',#558);
#558 = CARTESIAN_POINT('',(0.584495884608,-1.431602028401E-16,
    0.664055633222));
#559 = SEAM_CURVE('',#560,(#565,#572),.PCURVE_S1.);
#560 = CIRCLE('',#561,12.16);
#561 = AXIS2_PLACEMENT_3D('',#562,#563,#564);
#562 = CARTESIAN_POINT('',(0.,0.,12.81));
#563 = DIRECTION('',(-2.449293598295E-16,-1.,0.));
#564 = DIRECTION('',(1.,-2.449293598295E-16,0.));
#565 = PCURVE('',#541,#566);
#566 = DEFINITIONAL_REPRESENTATION('',(#567),#571);
#567 = LINE('',#568,#569);
#568 = CARTESIAN_POINT('',(6.28318530718,-6.28318530718));
#569 = VECTOR('',#570,1.);
#570 = DIRECTION('',(0.,1.));
#571 = ( GEOMETRIC_REPRESENTATION_CONTEXT(2) 
PARAMETRIC_REPRESENTATION_CONTEXT() REPRESENTATION_CONTEXT('2D SPACE',''
  ) );
#572 = PCURVE('',#541,#573);
#573 = DEFINITIONAL_REPRESENTATION('',(#574),#578);
#574 = LINE('',#575,#576);
#575 = CARTESIAN_POINT('',(0.,-6.28318530718));
#576 = VECTOR('',#577,1.);
#577 = DIRECTION('',(0.,1.));
#578 = ( GEOMETRIC_REPRESENTATION_CONTEXT(2) 
PARAMETRIC_REPRESENTATION_CONTEXT() REPRESENTATION_CONTEXT('2D SPACE',''
  ) );
#579 = ORIENTED_EDGE('',*,*,#524,.F.);
#580 = ORIENTED_EDGE('',*,*,#556,.F.);
#581 = ORIENTED_EDGE('',*,*,#582,.T.);
#582 = EDGE_CURVE('',#557,#583,#585,.T.);
#583 = VERTEX_POINT('',#584);
#584 = CARTESIAN_POINT('',(0.296630859375,0.172119140625,0.654837099623)
  );
#585 = SURFACE_CURVE('',#586,(#596,#609),.PCURVE_S1.);
#586 = B_SPLINE_CURVE_WITH_KNOTS('',8,(#587,#588,#589,#590,#591,#592,
    #593,#594,#595),.UNSPECIFIED.,.F.,.F.,(9,9),(0.,1.),
  .PIECEWISE_BEZIER_KNOTS.);
#587 = CARTESIAN_POINT('',(0.584495884608,-5.054286698856E-18,
    0.664055633222));
#588 = CARTESIAN_POINT('',(0.557395373249,3.364185535679E-02,
    0.662751482891));
#589 = CARTESIAN_POINT('',(0.527307973717,6.388348951689E-02,
    0.661479376487));
#590 = CARTESIAN_POINT('',(0.494268920286,9.071463003088E-02,
    0.660229807077));
#591 = CARTESIAN_POINT('',(0.458388782763,0.114048088114,0.659006502809)
  );
#592 = CARTESIAN_POINT('',(0.419963305608,0.133797791043,0.657824508957)
  );
#593 = CARTESIAN_POINT('',(0.379494980986,0.149920171991,0.656714471831)
  );
#594 = CARTESIAN_POINT('',(0.337999350574,0.162572565733,0.655711462469)
  );
#595 = CARTESIAN_POINT('',(0.296630859375,0.172119140625,0.654837099623)
  );
#596 = PCURVE('',#541,#597);
#597 = DEFINITIONAL_REPRESENTATION('',(#598),#608);
#598 = B_SPLINE_CURVE_WITH_KNOTS('',8,(#599,#600,#601,#602,#603,#604,
    #605,#606,#607),.UNSPECIFIED.,.F.,.F.,(9,9),(0.,1.),
  .PIECEWISE_BEZIER_KNOTS.);
#599 = CARTESIAN_POINT('',(0.,-1.522710702348));
#600 = CARTESIAN_POINT('',(5.755704401466E-02,-1.524941941891));
#601 = CARTESIAN_POINT('',(0.115396223695,-1.527236634186));
#602 = CARTESIAN_POINT('',(0.174150510005,-1.529622478084));
#603 = CARTESIAN_POINT('',(0.234636128803,-1.532114944967));
#604 = CARTESIAN_POINT('',(0.298065248227,-1.534709163788));
#605 = CARTESIAN_POINT('',(0.365993820938,-1.53737848574));
#606 = CARTESIAN_POINT('',(0.441152377326,-1.540039909354));
#607 = CARTESIAN_POINT('',(0.525768533989,-1.542589442058));
#608 = ( GEOMETRIC_REPRESENTATION_CONTEXT(2) 
PARAMETRIC_REPRESENTATION_CONTEXT() REPRESENTATION_CONTEXT('2D SPACE',''
  ) );
#609 = PCURVE('',#610,#617);
#610 = SURFACE_OF_LINEAR_EXTRUSION('',#611,#615);
#611 = B_SPLINE_CURVE_WITH_KNOTS('',2,(#612,#613,#614),.UNSPECIFIED.,.F.
  ,.F.,(3,3),(0.,1.),.PIECEWISE_BEZIER_KNOTS.);
#612 = CARTESIAN_POINT('',(0.296630859375,0.172119140625,0.5));
#613 = CARTESIAN_POINT('',(0.487060546875,0.128173828125,0.5));
#614 = CARTESIAN_POINT('',(0.592529296875,-1.025390625E-02,0.5));
#615 = VECTOR('',#616,1.);
#616 = DIRECTION('',(-0.,-0.,-1.));
#617 = DEFINITIONAL_REPRESENTATION('',(#618),#628);
#618 = B_SPLINE_CURVE_WITH_KNOTS('',8,(#619,#620,#621,#622,#623,#624,
    #625,#626,#627),.UNSPECIFIED.,.F.,.F.,(9,9),(0.,1.),
  .PIECEWISE_BEZIER_KNOTS.);
#619 = CARTESIAN_POINT('',(0.962482606967,-0.164055633222));
#620 = CARTESIAN_POINT('',(0.837775063013,-0.162751482891));
#621 = CARTESIAN_POINT('',(0.713221196334,-0.161479376487));
#622 = CARTESIAN_POINT('',(0.588917706676,-0.160229807077));
#623 = CARTESIAN_POINT('',(0.465275498754,-0.159006502809));
#624 = CARTESIAN_POINT('',(0.343105942492,-0.157824508957));
#625 = CARTESIAN_POINT('',(0.223586852651,-0.156714471831));
#626 = CARTESIAN_POINT('',(0.108618807661,-0.155711462469));
#627 = CARTESIAN_POINT('',(0.,-0.154837099623));
#628 = ( GEOMETRIC_REPRESENTATION_CONTEXT(2) 
PARAMETRIC_REPRESENTATION_CONTEXT() REPRESENTATION_CONTEXT('2D SPACE',''
  ) );
#629 = ORIENTED_EDGE('',*,*,#630,.T.);
#630 = EDGE_CURVE('',#583,#631,#633,.T.);
#631 = VERTEX_POINT('',#632);
#632 = CARTESIAN_POINT('',(0.517822265625,0.353759765625,0.666182061252)
  );
#633 = SURFACE_CURVE('',#634,(#649,#667),.PCURVE_S1.);
#634 = B_SPLINE_CURVE_WITH_KNOTS('',7,(#635,#636,#637,#638,#639,#640,
    #641,#642,#643,#644,#645,#646,#647,#648),.UNSPECIFIED.,.F.,.F.,(8,6,
    8),(0.,0.337357769442,1.),.UNSPECIFIED.);
#635 = CARTESIAN_POINT('',(0.296630859375,0.172119140625,0.654837099623)
  );
#636 = CARTESIAN_POINT('',(0.310640206142,0.178563440138,0.655270231775)
  );
#637 = CARTESIAN_POINT('',(0.324322897794,0.185283740038,0.655722142093)
  );
#638 = CARTESIAN_POINT('',(0.337653680316,0.192274591638,0.65619117273)
  );
#639 = CARTESIAN_POINT('',(0.350615471262,0.199530742094,0.656675740423)
  );
#640 = CARTESIAN_POINT('',(0.363197960861,0.207047937193,0.657174439708)
  );
#641 = CARTESIAN_POINT('',(0.375396267101,0.214823788039,0.657686114455)
  );
#642 = CARTESIAN_POINT('',(0.410413624833,0.238640976597,0.65923871915)
  );
#643 = CARTESIAN_POINT('',(0.432120084606,0.255414299559,0.660313706266)
  );
#644 = CARTESIAN_POINT('',(0.452312151896,0.273170293073,0.661427583002)
  );
#645 = CARTESIAN_POINT('',(0.470977190199,0.291895704463,0.66257447157)
  );
#646 = CARTESIAN_POINT('',(0.488113396447,0.311576300052,0.663750302436)
  );
#647 = CARTESIAN_POINT('',(0.503725490977,0.332199992634,0.664952908765)
  );
#648 = CARTESIAN_POINT('',(0.517822265625,0.353759765625,0.666182061252)
  );
#649 = PCURVE('',#541,#650);
#650 = DEFINITIONAL_REPRESENTATION('',(#651),#666);
#651 = B_SPLINE_CURVE_WITH_KNOTS('',7,(#652,#653,#654,#655,#656,#657,
    #658,#659,#660,#661,#662,#663,#664,#665),.UNSPECIFIED.,.F.,.F.,(8,6,
    8),(0.,0.337357769442,1.),.UNSPECIFIED.);
#652 = CARTESIAN_POINT('',(0.525768533989,-1.542589442058));
#653 = CARTESIAN_POINT('',(0.52151993308,-1.541326482874));
#654 = CARTESIAN_POINT('',(0.518889100557,-1.540074725789));
#655 = CARTESIAN_POINT('',(0.517588431179,-1.538836891355));
#656 = CARTESIAN_POINT('',(0.51741273267,-1.537614672121));
#657 = CARTESIAN_POINT('',(0.518207493032,-1.536408971195));
#658 = CARTESIAN_POINT('',(0.519850654035,-1.535220061489));
#659 = CARTESIAN_POINT('',(0.526956572661,-1.531744831484));
#660 = CARTESIAN_POINT('',(0.534571463133,-1.529506944782));
#661 = CARTESIAN_POINT('',(0.544367765956,-1.527333184668));
#662 = CARTESIAN_POINT('',(0.555979942745,-1.525220692093));
#663 = CARTESIAN_POINT('',(0.569130728266,-1.523165067177));
#664 = CARTESIAN_POINT('',(0.583633195683,-1.521160630883));
#665 = CARTESIAN_POINT('',(0.599339986248,-1.519200651097));
#666 = ( GEOMETRIC_REPRESENTATION_CONTEXT(2) 
PARAMETRIC_REPRESENTATION_CONTEXT() REPRESENTATION_CONTEXT('2D SPACE',''
  ) );
#667 = PCURVE('',#668,#675);
#668 = SURFACE_OF_LINEAR_EXTRUSION('',#669,#673);
#669 = B_SPLINE_CURVE_WITH_KNOTS('',2,(#670,#671,#672),.UNSPECIFIED.,.F.
  ,.F.,(3,3),(0.,1.),.PIECEWISE_BEZIER_KNOTS.);
#670 = CARTESIAN_POINT('',(0.517822265625,0.353759765625,0.5));
#671 = CARTESIAN_POINT('',(0.443115234375,0.239501953125,0.5));
#672 = CARTESIAN_POINT('',(0.296630859375,0.172119140625,0.5));
#673 = VECTOR('',#674,1.);
#674 = DIRECTION('',(-0.,-0.,-1.));
#675 = DEFINITIONAL_REPRESENTATION('',(#676),#691);
#676 = B_SPLINE_CURVE_WITH_KNOTS('',7,(#677,#678,#679,#680,#681,#682,
    #683,#684,#685,#686,#687,#688,#689,#690),.UNSPECIFIED.,.F.,.F.,(8,6,
    8),(0.,0.337357769442,1.),.UNSPECIFIED.);
#677 = CARTESIAN_POINT('',(1.,-0.154837099623));
#678 = CARTESIAN_POINT('',(0.9521814297,-0.155270231775));
#679 = CARTESIAN_POINT('',(0.904170660367,-0.155722142093));
#680 = CARTESIAN_POINT('',(0.856034976983,-0.15619117273));
#681 = CARTESIAN_POINT('',(0.807824698838,-0.156675740423));
#682 = CARTESIAN_POINT('',(0.759573519245,-0.157174439708));
#683 = CARTESIAN_POINT('',(0.711298541192,-0.157686114455));
#684 = CARTESIAN_POINT('',(0.568131444795,-0.15923871915));
#685 = CARTESIAN_POINT('',(0.473222782849,-0.160313706266));
#686 = CARTESIAN_POINT('',(0.378333503328,-0.161427583002));
#687 = CARTESIAN_POINT('',(0.283529554113,-0.16257447157));
#688 = CARTESIAN_POINT('',(0.188858195442,-0.163750302436));
#689 = CARTESIAN_POINT('',(9.434704078011E-02,-0.164952908765));
#690 = CARTESIAN_POINT('',(0.,-0.166182061252));
#691 = ( GEOMETRIC_REPRESENTATION_CONTEXT(2) 
PARAMETRIC_REPRESENTATION_CONTEXT() REPRESENTATION_CONTEXT('2D SPACE',''
  ) );
#692 = ORIENTED_EDGE('',*,*,#693,.T.);
#693 = EDGE_CURVE('',#631,#694,#696,.T.);
#694 = VERTEX_POINT('',#695);
#695 = CARTESIAN_POINT('',(0.592529296875,0.607177734375,0.679631323359)
  );
#696 = SURFACE_CURVE('',#697,(#705,#716),.PCURVE_S1.);
#697 = B_SPLINE_CURVE_WITH_KNOTS('',6,(#698,#699,#700,#701,#702,#703,
    #704),.UNSPECIFIED.,.F.,.F.,(7,7),(0.,1.),.PIECEWISE_BEZIER_KNOTS.);
#698 = CARTESIAN_POINT('',(0.517822265625,0.353759765625,0.666182061252)
  );
#699 = CARTESIAN_POINT('',(0.542827568485,0.39200317,0.668362370648));
#700 = CARTESIAN_POINT('',(0.56281195725,0.431921704604,0.67058416241));
#701 = CARTESIAN_POINT('',(0.577742731711,0.473466771884,0.672821870837)
  );
#702 = CARTESIAN_POINT('',(0.587630026368,0.5165743119,0.675066826537));
#703 = CARTESIAN_POINT('',(0.592529296875,0.561170812953,0.677328476755)
  );
#704 = CARTESIAN_POINT('',(0.592529296875,0.607177734375,0.679631323359)
  );
#705 = PCURVE('',#541,#706);
#706 = DEFINITIONAL_REPRESENTATION('',(#707),#715);
#707 = B_SPLINE_CURVE_WITH_KNOTS('',6,(#708,#709,#710,#711,#712,#713,
    #714),.UNSPECIFIED.,.F.,.F.,(7,7),(0.,1.),.PIECEWISE_BEZIER_KNOTS.);
#708 = CARTESIAN_POINT('',(0.599339986248,-1.519200651097));
#709 = CARTESIAN_POINT('',(0.627201186052,-1.515723977221));
#710 = CARTESIAN_POINT('',(0.657282204752,-1.512462032244));
#711 = CARTESIAN_POINT('',(0.689440606375,-1.509390436853));
#712 = CARTESIAN_POINT('',(0.723624842349,-1.506477801814));
#713 = CARTESIAN_POINT('',(0.759732987003,-1.50368555403));
#714 = CARTESIAN_POINT('',(0.797607568888,-1.500971162867));
#715 = ( GEOMETRIC_REPRESENTATION_CONTEXT(2) 
PARAMETRIC_REPRESENTATION_CONTEXT() REPRESENTATION_CONTEXT('2D SPACE',''
  ) );
#716 = PCURVE('',#717,#724);
#717 = SURFACE_OF_LINEAR_EXTRUSION('',#718,#722);
#718 = B_SPLINE_CURVE_WITH_KNOTS('',2,(#719,#720,#721),.UNSPECIFIED.,.F.
  ,.F.,(3,3),(0.,1.),.PIECEWISE_BEZIER_KNOTS.);
#719 = CARTESIAN_POINT('',(0.592529296875,0.607177734375,0.5));
#720 = CARTESIAN_POINT('',(0.592529296875,0.468017578125,0.5));
#721 = CARTESIAN_POINT('',(0.517822265625,0.353759765625,0.5));
#722 = VECTOR('',#723,1.);
#723 = DIRECTION('',(-0.,-0.,-1.));
#724 = DEFINITIONAL_REPRESENTATION('',(#725),#733);
#725 = B_SPLINE_CURVE_WITH_KNOTS('',6,(#726,#727,#728,#729,#730,#731,
    #732),.UNSPECIFIED.,.F.,.F.,(7,7),(0.,1.),.PIECEWISE_BEZIER_KNOTS.);
#726 = CARTESIAN_POINT('',(1.,-0.166182061252));
#727 = CARTESIAN_POINT('',(0.832644247523,-0.168362370648));
#728 = CARTESIAN_POINT('',(0.665283133606,-0.17058416241));
#729 = CARTESIAN_POINT('',(0.498130432163,-0.172821870837));
#730 = CARTESIAN_POINT('',(0.331404171744,-0.175066826537));
#731 = CARTESIAN_POINT('',(0.165302061531,-0.177328476755));
#732 = CARTESIAN_POINT('',(0.,-0.179631323359));
#733 = ( GEOMETRIC_REPRESENTATION_CONTEXT(2) 
PARAMETRIC_REPRESENTATION_CONTEXT() REPRESENTATION_CONTEXT('2D SPACE',''
  ) );
#734 = ORIENTED_EDGE('',*,*,#735,.T.);
#735 = EDGE_CURVE('',#694,#736,#738,.T.);
#736 = VERTEX_POINT('',#737);
#737 = CARTESIAN_POINT('',(0.51416015625,0.884033203125,0.693081058722)
  );
#738 = SURFACE_CURVE('',#739,(#750,#764),.PCURVE_S1.);
#739 = B_SPLINE_CURVE_WITH_KNOTS('',5,(#740,#741,#742,#743,#744,#745,
    #746,#747,#748,#749),.UNSPECIFIED.,.F.,.F.,(6,4,6),(0.,
    0.707004761638,1.),.UNSPECIFIED.);
#740 = CARTESIAN_POINT('',(0.592529296875,0.607177734375,0.679631323359)
  );
#741 = CARTESIAN_POINT('',(0.592529296875,0.648631198432,0.681706249609)
  );
#742 = CARTESIAN_POINT('',(0.588606734779,0.689360654245,0.683730871494)
  );
#743 = CARTESIAN_POINT('',(0.580730714582,0.729287347336,0.685687187634)
  );
#744 = CARTESIAN_POINT('',(0.568923560187,0.768355597747,0.687571963419)
  );
#745 = CARTESIAN_POINT('',(0.546748471121,0.82233968548,0.690151959862)
  );
#746 = CARTESIAN_POINT('',(0.539586485934,0.83800203389,0.690897458325)
  );
#747 = CARTESIAN_POINT('',(0.531764044495,0.853506673418,0.691633302164)
  );
#748 = CARTESIAN_POINT('',(0.523286486169,0.868851084194,0.692360652648)
  );
#749 = CARTESIAN_POINT('',(0.51416015625,0.884033203125,0.693081058722)
  );
#750 = PCURVE('',#541,#751);
#751 = DEFINITIONAL_REPRESENTATION('',(#752),#763);
#752 = B_SPLINE_CURVE_WITH_KNOTS('',5,(#753,#754,#755,#756,#757,#758,
    #759,#760,#761,#762),.UNSPECIFIED.,.F.,.F.,(6,4,6),(0.,
    0.707004761638,1.),.UNSPECIFIED.);
#753 = CARTESIAN_POINT('',(0.797607568888,-1.500971162867));
#754 = CARTESIAN_POINT('',(0.831733577981,-1.498525423986));
#755 = CARTESIAN_POINT('',(0.86558998132,-1.496245915273));
#756 = CARTESIAN_POINT('',(0.899669350681,-1.494124578995));
#757 = CARTESIAN_POINT('',(0.934259104292,-1.492143577512));
#758 = CARTESIAN_POINT('',(0.984178815729,-1.489505648421));
#759 = CARTESIAN_POINT('',(0.998925847219,-1.488752664036));
#760 = CARTESIAN_POINT('',(1.013807097732,-1.488017850229));
#761 = CARTESIAN_POINT('',(1.028832935222,-1.487299281417));
#762 = CARTESIAN_POINT('',(1.044010670314,-1.486594852139));
#763 = ( GEOMETRIC_REPRESENTATION_CONTEXT(2) 
PARAMETRIC_REPRESENTATION_CONTEXT() REPRESENTATION_CONTEXT('2D SPACE',''
  ) );
#764 = PCURVE('',#765,#772);
#765 = SURFACE_OF_LINEAR_EXTRUSION('',#766,#770);
#766 = B_SPLINE_CURVE_WITH_KNOTS('',2,(#767,#768,#769),.UNSPECIFIED.,.F.
  ,.F.,(3,3),(0.,1.),.PIECEWISE_BEZIER_KNOTS.);
#767 = CARTESIAN_POINT('',(0.51416015625,0.884033203125,0.5));
#768 = CARTESIAN_POINT('',(0.592529296875,0.753662109375,0.5));
#769 = CARTESIAN_POINT('',(0.592529296875,0.607177734375,0.5));
#770 = VECTOR('',#771,1.);
#771 = DIRECTION('',(-0.,-0.,-1.));
#772 = DEFINITIONAL_REPRESENTATION('',(#773),#784);
#773 = B_SPLINE_CURVE_WITH_KNOTS('',5,(#774,#775,#776,#777,#778,#779,
    #780,#781,#782,#783),.UNSPECIFIED.,.F.,.F.,(6,4,6),(0.,
    0.707004761638,1.),.UNSPECIFIED.);
#774 = CARTESIAN_POINT('',(1.,-0.179631323359));
#775 = CARTESIAN_POINT('',(0.858505509353,-0.181706249609));
#776 = CARTESIAN_POINT('',(0.716729419215,-0.183730871494));
#777 = CARTESIAN_POINT('',(0.574918861842,-0.185687187634));
#778 = CARTESIAN_POINT('',(0.433279558565,-0.187571963419));
#779 = CARTESIAN_POINT('',(0.233451242952,-0.190151959862));
#780 = CARTESIAN_POINT('',(0.174964096754,-0.190897458325));
#781 = CARTESIAN_POINT('',(0.116551750821,-0.191633302164));
#782 = CARTESIAN_POINT('',(5.822655350184E-02,-0.192360652648));
#783 = CARTESIAN_POINT('',(0.,-0.193081058722));
#784 = ( GEOMETRIC_REPRESENTATION_CONTEXT(2) 
PARAMETRIC_REPRESENTATION_CONTEXT() REPRESENTATION_CONTEXT('2D SPACE',''
  ) );
#785 = ORIENTED_EDGE('',*,*,#786,.T.);
#786 = EDGE_CURVE('',#736,#787,#789,.T.);
#787 = VERTEX_POINT('',#788);
#788 = CARTESIAN_POINT('',(0.287841796875,1.08984375,0.702358293187));
#789 = SURFACE_CURVE('',#790,(#801,#815),.PCURVE_S1.);
#790 = B_SPLINE_CURVE_WITH_KNOTS('',5,(#791,#792,#793,#794,#795,#796,
    #797,#798,#799,#800),.UNSPECIFIED.,.F.,.F.,(6,4,6),(0.,
    0.655173129533,1.),.UNSPECIFIED.);
#791 = CARTESIAN_POINT('',(0.51416015625,0.884033203125,0.693081058722)
  );
#792 = CARTESIAN_POINT('',(0.49355419623,0.918312276802,0.694707633578)
  );
#793 = CARTESIAN_POINT('',(0.469912591464,0.950266276554,0.69620107654)
  );
#794 = CARTESIAN_POINT('',(0.443254353169,0.979821968824,0.69754956881)
  );
#795 = CARTESIAN_POINT('',(0.413636899224,1.006944609519,0.698755924561)
  );
#796 = CARTESIAN_POINT('',(0.36405005156,1.044621714915,0.700404857234)
  );
#797 = CARTESIAN_POINT('',(0.346155942104,1.056938585571,0.700938534481)
  );
#798 = CARTESIAN_POINT('',(0.32747957479,1.068579697606,0.701439661214)
  );
#799 = CARTESIAN_POINT('',(0.308035890496,1.079546761669,0.70191151715)
  );
#800 = CARTESIAN_POINT('',(0.287841796875,1.08984375,0.702358293187));
#801 = PCURVE('',#541,#802);
#802 = DEFINITIONAL_REPRESENTATION('',(#803),#814);
#803 = B_SPLINE_CURVE_WITH_KNOTS('',5,(#804,#805,#806,#807,#808,#809,
    #810,#811,#812,#813),.UNSPECIFIED.,.F.,.F.,(6,4,6),(0.,
    0.655173129533,1.),.UNSPECIFIED.);
#804 = CARTESIAN_POINT('',(1.044010670314,-1.486594852139));
#805 = CARTESIAN_POINT('',(1.078279845905,-1.485004350626));
#806 = CARTESIAN_POINT('',(1.112357705424,-1.483581513461));
#807 = CARTESIAN_POINT('',(1.146633189848,-1.48232196314));
#808 = CARTESIAN_POINT('',(1.181400644259,-1.481211766955));
#809 = CARTESIAN_POINT('',(1.235566825995,-1.479712448645));
#810 = CARTESIAN_POINT('',(1.254444405634,-1.479230870532));
#811 = CARTESIAN_POINT('',(1.27355486582,-1.478781567922));
#812 = CARTESIAN_POINT('',(1.292925905422,-1.478360852287));
#813 = CARTESIAN_POINT('',(1.312579666332,-1.477964498197));
#814 = ( GEOMETRIC_REPRESENTATION_CONTEXT(2) 
PARAMETRIC_REPRESENTATION_CONTEXT() REPRESENTATION_CONTEXT('2D SPACE',''
  ) );
#815 = PCURVE('',#816,#823);
#816 = SURFACE_OF_LINEAR_EXTRUSION('',#817,#821);
#817 = B_SPLINE_CURVE_WITH_KNOTS('',2,(#818,#819,#820),.UNSPECIFIED.,.F.
  ,.F.,(3,3),(0.,1.),.PIECEWISE_BEZIER_KNOTS.);
#818 = CARTESIAN_POINT('',(0.287841796875,1.08984375,0.5));
#819 = CARTESIAN_POINT('',(0.435791015625,1.014404296875,0.5));
#820 = CARTESIAN_POINT('',(0.51416015625,0.884033203125,0.5));
#821 = VECTOR('',#822,1.);
#822 = DIRECTION('',(-0.,-0.,-1.));
#823 = DEFINITIONAL_REPRESENTATION('',(#824),#835);
#824 = B_SPLINE_CURVE_WITH_KNOTS('',5,(#825,#826,#827,#828,#829,#830,
    #831,#832,#833,#834),.UNSPECIFIED.,.F.,.F.,(6,4,6),(0.,
    0.655173129533,1.),.UNSPECIFIED.);
#825 = CARTESIAN_POINT('',(1.,-0.193081058722));
#826 = CARTESIAN_POINT('',(0.868532691215,-0.194707633578));
#827 = CARTESIAN_POINT('',(0.736879450336,-0.19620107654));
#828 = CARTESIAN_POINT('',(0.605269786678,-0.19754956881));
#829 = CARTESIAN_POINT('',(0.473911964346,-0.198755924561));
#830 = CARTESIAN_POINT('',(0.274099152006,-0.200404857234));
#831 = CARTESIAN_POINT('',(0.205321589444,-0.200938534481));
#832 = CARTESIAN_POINT('',(0.136695364234,-0.201439661214));
#833 = CARTESIAN_POINT('',(6.824670583385E-02,-0.20191151715));
#834 = CARTESIAN_POINT('',(0.,-0.202358293187));
#835 = ( GEOMETRIC_REPRESENTATION_CONTEXT(2) 
PARAMETRIC_REPRESENTATION_CONTEXT() REPRESENTATION_CONTEXT('2D SPACE',''
  ) );
#836 = ORIENTED_EDGE('',*,*,#837,.T.);
#837 = EDGE_CURVE('',#787,#838,#840,.T.);
#838 = VERTEX_POINT('',#839);
#839 = CARTESIAN_POINT('',(-3.5888671875E-02,1.165283203125,
    0.706016066611));
#840 = SURFACE_CURVE('',#841,(#849,#860),.PCURVE_S1.);
#841 = B_SPLINE_CURVE_WITH_KNOTS('',6,(#842,#843,#844,#845,#846,#847,
    #848),.UNSPECIFIED.,.F.,.F.,(7,7),(0.,1.),.PIECEWISE_BEZIER_KNOTS.);
#842 = CARTESIAN_POINT('',(0.287841796875,1.08984375,0.702358293187));
#843 = CARTESIAN_POINT('',(0.238466450734,1.115020287884,0.703450678015)
  );
#844 = CARTESIAN_POINT('',(0.187124701997,1.135209793023,0.704351985888)
  );
#845 = CARTESIAN_POINT('',(0.133902683003,1.150319968287,0.705045279469)
  );
#846 = CARTESIAN_POINT('',(7.890704083396E-02,1.160329391401,
    0.705534041714));
#847 = CARTESIAN_POINT('',(2.226374006936E-02,1.165283203125,
    0.705843642982));
#848 = CARTESIAN_POINT('',(-3.5888671875E-02,1.165283203125,
    0.706016066611));
#849 = PCURVE('',#541,#850);
#850 = DEFINITIONAL_REPRESENTATION('',(#851),#859);
#851 = B_SPLINE_CURVE_WITH_KNOTS('',6,(#852,#853,#854,#855,#856,#857,
    #858),.UNSPECIFIED.,.F.,.F.,(7,7),(0.,1.),.PIECEWISE_BEZIER_KNOTS.);
#852 = CARTESIAN_POINT('',(1.312579666332,-1.477964498197));
#853 = CARTESIAN_POINT('',(1.360633877933,-1.476995396995));
#854 = CARTESIAN_POINT('',(1.408044376665,-1.476207919141));
#855 = CARTESIAN_POINT('',(1.455369057952,-1.475608544033));
#856 = CARTESIAN_POINT('',(1.503112201645,-1.47518791282));
#857 = CARTESIAN_POINT('',(1.551728023393,-1.474922085259));
#858 = CARTESIAN_POINT('',(1.601584834732,-1.47477418824));
#859 = ( GEOMETRIC_REPRESENTATION_CONTEXT(2) 
PARAMETRIC_REPRESENTATION_CONTEXT() REPRESENTATION_CONTEXT('2D SPACE',''
  ) );
#860 = PCURVE('',#861,#868);
#861 = SURFACE_OF_LINEAR_EXTRUSION('',#862,#866);
#862 = B_SPLINE_CURVE_WITH_KNOTS('',2,(#863,#864,#865),.UNSPECIFIED.,.F.
  ,.F.,(3,3),(0.,1.),.PIECEWISE_BEZIER_KNOTS.);
#863 = CARTESIAN_POINT('',(-3.5888671875E-02,1.165283203125,0.5));
#864 = CARTESIAN_POINT('',(0.139892578125,1.165283203125,0.5));
#865 = CARTESIAN_POINT('',(0.287841796875,1.08984375,0.5));
#866 = VECTOR('',#867,1.);
#867 = DIRECTION('',(-0.,-0.,-1.));
#868 = DEFINITIONAL_REPRESENTATION('',(#869),#877);
#869 = B_SPLINE_CURVE_WITH_KNOTS('',6,(#870,#871,#872,#873,#874,#875,
    #876),.UNSPECIFIED.,.F.,.F.,(7,7),(0.,1.),.PIECEWISE_BEZIER_KNOTS.);
#870 = CARTESIAN_POINT('',(1.,-0.202358293187));
#871 = CARTESIAN_POINT('',(0.833134143734,-0.203450678015));
#872 = CARTESIAN_POINT('',(0.665908390047,-0.204351985888));
#873 = CARTESIAN_POINT('',(0.498664594815,-0.205045279469));
#874 = CARTESIAN_POINT('',(0.331728590416,-0.205534041714));
#875 = CARTESIAN_POINT('',(0.165411305086,-0.205843642982));
#876 = CARTESIAN_POINT('',(0.,-0.206016066611));
#877 = ( GEOMETRIC_REPRESENTATION_CONTEXT(2) 
PARAMETRIC_REPRESENTATION_CONTEXT() REPRESENTATION_CONTEXT('2D SPACE',''
  ) );
#878 = ORIENTED_EDGE('',*,*,#879,.T.);
#879 = EDGE_CURVE('',#838,#880,#882,.T.);
#880 = VERTEX_POINT('',#881);
#881 = CARTESIAN_POINT('',(-0.462158203125,1.01953125,0.701632404591));
#882 = SURFACE_CURVE('',#883,(#896,#912),.PCURVE_S1.);
#883 = B_SPLINE_CURVE_WITH_KNOTS('',6,(#884,#885,#886,#887,#888,#889,
    #890,#891,#892,#893,#894,#895),.UNSPECIFIED.,.F.,.F.,(7,5,7),(0.,
    0.752172928425,1.),.UNSPECIFIED.);
#884 = CARTESIAN_POINT('',(-3.5888671875E-02,1.165283203125,
    0.706016066611));
#885 = CARTESIAN_POINT('',(-9.794977968031E-02,1.165283203125,
    0.706200079639));
#886 = CARTESIAN_POINT('',(-0.157981137181,1.160098504926,0.706260757911
    ));
#887 = CARTESIAN_POINT('',(-0.215633109238,1.149434497198,0.706122027717
    ));
#888 = CARTESIAN_POINT('',(-0.270568225508,1.133089890871,0.705720952167
    ));
#889 = CARTESIAN_POINT('',(-0.322500886947,1.11100929041,0.705026113331)
  );
#890 = CARTESIAN_POINT('',(-0.387268337554,1.074189299079,0.703717267723
    ));
#891 = CARTESIAN_POINT('',(-0.402970647428,1.064454630637,0.703361446485
    ));
#892 = CARTESIAN_POINT('',(-0.418316691287,1.054114440603,0.702974312373
    ));
#893 = CARTESIAN_POINT('',(-0.433300051463,1.043174814987,0.702556403836
    ));
#894 = CARTESIAN_POINT('',(-0.447915340895,1.031643769589,0.702108656784
    ));
#895 = CARTESIAN_POINT('',(-0.462158203125,1.01953125,0.701632404591));
#896 = PCURVE('',#541,#897);
#897 = DEFINITIONAL_REPRESENTATION('',(#898),#911);
#898 = B_SPLINE_CURVE_WITH_KNOTS('',6,(#899,#900,#901,#902,#903,#904,
    #905,#906,#907,#908,#909,#910),.UNSPECIFIED.,.F.,.F.,(7,5,7),(0.,
    0.752172928425,1.),.UNSPECIFIED.);
#899 = CARTESIAN_POINT('',(1.601584834732,-1.47477418824));
#900 = CARTESIAN_POINT('',(1.654792755778,-1.47461635037));
#901 = CARTESIAN_POINT('',(1.706188094044,-1.474564589478));
#902 = CARTESIAN_POINT('',(1.756027173754,-1.474683542569));
#903 = CARTESIAN_POINT('',(1.804737742401,-1.475025859679));
#904 = CARTESIAN_POINT('',(1.852840530484,-1.475623229507));
#905 = CARTESIAN_POINT('',(1.916767253721,-1.476766174833));
#906 = CARTESIAN_POINT('',(1.932608283956,-1.477077909017));
#907 = CARTESIAN_POINT('',(1.948468931124,-1.477418395063));
#908 = CARTESIAN_POINT('',(1.964371407247,-1.477787612683));
#909 = CARTESIAN_POINT('',(1.980338777056,-1.478185250827));
#910 = CARTESIAN_POINT('',(1.99639495799,-1.478610707687));
#911 = ( GEOMETRIC_REPRESENTATION_CONTEXT(2) 
PARAMETRIC_REPRESENTATION_CONTEXT() REPRESENTATION_CONTEXT('2D SPACE',''
  ) );
#912 = PCURVE('',#913,#920);
#913 = SURFACE_OF_LINEAR_EXTRUSION('',#914,#918);
#914 = B_SPLINE_CURVE_WITH_KNOTS('',2,(#915,#916,#917),.UNSPECIFIED.,.F.
  ,.F.,(3,3),(0.,1.),.PIECEWISE_BEZIER_KNOTS.);
#915 = CARTESIAN_POINT('',(-0.462158203125,1.01953125,0.5));
#916 = CARTESIAN_POINT('',(-0.290771484375,1.165283203125,0.5));
#917 = CARTESIAN_POINT('',(-3.5888671875E-02,1.165283203125,0.5));
#918 = VECTOR('',#919,1.);
#919 = DIRECTION('',(-0.,-0.,-1.));
#920 = DEFINITIONAL_REPRESENTATION('',(#921),#934);
#921 = B_SPLINE_CURVE_WITH_KNOTS('',6,(#922,#923,#924,#925,#926,#927,
    #928,#929,#930,#931,#932,#933),.UNSPECIFIED.,.F.,.F.,(7,5,7),(0.,
    0.752172928425,1.),.UNSPECIFIED.);
#922 = CARTESIAN_POINT('',(1.,-0.206016066611));
#923 = CARTESIAN_POINT('',(0.878255604612,-0.206200079639));
#924 = CARTESIAN_POINT('',(0.75466648242,-0.206260757911));
#925 = CARTESIAN_POINT('',(0.629587429455,-0.206122027717));
#926 = CARTESIAN_POINT('',(0.503454251906,-0.205720952167));
#927 = CARTESIAN_POINT('',(0.37676495299,-0.205026113331));
#928 = CARTESIAN_POINT('',(0.208334000115,-0.203717267723));
#929 = CARTESIAN_POINT('',(0.166591377499,-0.203361446485));
#930 = CARTESIAN_POINT('',(0.124867163928,-0.202974312373));
#931 = CARTESIAN_POINT('',(8.318078818744E-02,-0.202556403836));
#932 = CARTESIAN_POINT('',(4.155182599356E-02,-0.202108656784));
#933 = CARTESIAN_POINT('',(0.,-0.201632404591));
#934 = ( GEOMETRIC_REPRESENTATION_CONTEXT(2) 
PARAMETRIC_REPRESENTATION_CONTEXT() REPRESENTATION_CONTEXT('2D SPACE',''
  ) );
#935 = ORIENTED_EDGE('',*,*,#936,.T.);
#936 = EDGE_CURVE('',#880,#937,#939,.T.);
#937 = VERTEX_POINT('',#938);
#938 = CARTESIAN_POINT('',(-0.681884765625,0.608642578125,0.684399504416
    ));
#939 = SURFACE_CURVE('',#940,(#958,#979),.PCURVE_S1.);
#940 = B_SPLINE_CURVE_WITH_KNOTS('',6,(#941,#942,#943,#944,#945,#946,
    #947,#948,#949,#950,#951,#952,#953,#954,#955,#956,#957),
  .UNSPECIFIED.,.F.,.F.,(7,5,5,7),(0.,0.119726502958,0.437451672676,1.),
  .UNSPECIFIED.);
#941 = CARTESIAN_POINT('',(-0.462158203125,1.01953125,0.701632404591));
#942 = CARTESIAN_POINT('',(-0.469122748683,1.013608409974,0.701399524426
    ));
#943 = CARTESIAN_POINT('',(-0.475968470657,1.007564657421,0.701160217112
    ));
#944 = CARTESIAN_POINT('',(-0.482694410297,1.001400435417,0.700914442477
    ));
#945 = CARTESIAN_POINT('',(-0.48929968766,0.995116285052,0.700662183396)
  );
#946 = CARTESIAN_POINT('',(-0.495783501605,0.988712845433,0.700403445786
    ));
#947 = CARTESIAN_POINT('',(-0.519027351741,0.964883065637,0.699434516011
    ));
#948 = CARTESIAN_POINT('',(-0.535049165877,0.946740382319,0.698685341054
    ));
#949 = CARTESIAN_POINT('',(-0.55019692265,0.927776559333,0.697891308166)
  );
#950 = CARTESIAN_POINT('',(-0.564461416695,0.908010355687,0.697054108701
    ));
#951 = CARTESIAN_POINT('',(-0.577837886828,0.887465533784,0.696176550948
    ));
#952 = CARTESIAN_POINT('',(-0.612436874354,0.828467571869,0.693644293599
    ));
#953 = CARTESIAN_POINT('',(-0.631762565935,0.788414432156,0.691911801559
    ));
#954 = CARTESIAN_POINT('',(-0.648303358612,0.746169965071,0.690086500081
    ));
#955 = CARTESIAN_POINT('',(-0.662102424594,0.701942845507,0.68819989318)
  );
#956 = CARTESIAN_POINT('',(-0.673250847486,0.655998310949,0.686290988312
    ));
#957 = CARTESIAN_POINT('',(-0.681884765625,0.608642578125,0.684399504416
    ));
#958 = PCURVE('',#541,#959);
#959 = DEFINITIONAL_REPRESENTATION('',(#960),#978);
#960 = B_SPLINE_CURVE_WITH_KNOTS('',6,(#961,#962,#963,#964,#965,#966,
    #967,#968,#969,#970,#971,#972,#973,#974,#975,#976,#977),
  .UNSPECIFIED.,.F.,.F.,(7,5,5,7),(0.,0.119726502958,0.437451672676,1.),
  .UNSPECIFIED.);
#961 = CARTESIAN_POINT('',(1.99639495799,-1.478610707687));
#962 = CARTESIAN_POINT('',(2.00424618914,-1.478818749697));
#963 = CARTESIAN_POINT('',(2.012087738958,-1.47903309511));
#964 = CARTESIAN_POINT('',(2.019921849671,-1.479253843828));
#965 = CARTESIAN_POINT('',(2.027750860381,-1.479481079937));
#966 = CARTESIAN_POINT('',(2.035577207065,-1.479714871704));
#967 = CARTESIAN_POINT('',(2.064172304886,-1.480593234693));
#968 = CARTESIAN_POINT('',(2.084940287578,-1.481277723451));
#969 = CARTESIAN_POINT('',(2.10575467395,-1.482009746168));
#970 = CARTESIAN_POINT('',(2.126667620409,-1.482789439396));
#971 = CARTESIAN_POINT('',(2.147736136467,-1.48361606793));
#972 = CARTESIAN_POINT('',(2.206709922326,-1.486031868126));
#973 = CARTESIAN_POINT('',(2.245078437893,-1.487717746869));
#974 = CARTESIAN_POINT('',(2.284473435888,-1.489536595812));
#975 = CARTESIAN_POINT('',(2.325282285086,-1.491470381762));
#976 = CARTESIAN_POINT('',(2.367944154771,-1.493490709963));
#977 = CARTESIAN_POINT('',(2.412887362484,-1.495560146593));
#978 = ( GEOMETRIC_REPRESENTATION_CONTEXT(2) 
PARAMETRIC_REPRESENTATION_CONTEXT() REPRESENTATION_CONTEXT('2D SPACE',''
  ) );
#979 = PCURVE('',#980,#987);
#980 = SURFACE_OF_LINEAR_EXTRUSION('',#981,#985);
#981 = B_SPLINE_CURVE_WITH_KNOTS('',2,(#982,#983,#984),.UNSPECIFIED.,.F.
  ,.F.,(3,3),(0.,1.),.PIECEWISE_BEZIER_KNOTS.);
#982 = CARTESIAN_POINT('',(-0.681884765625,0.608642578125,0.5));
#983 = CARTESIAN_POINT('',(-0.633544921875,0.873779296875,0.5));
#984 = CARTESIAN_POINT('',(-0.462158203125,1.01953125,0.5));
#985 = VECTOR('',#986,1.);
#986 = DIRECTION('',(-0.,-0.,-1.));
#987 = DEFINITIONAL_REPRESENTATION('',(#988),#1006);
#988 = B_SPLINE_CURVE_WITH_KNOTS('',6,(#989,#990,#991,#992,#993,#994,
    #995,#996,#997,#998,#999,#1000,#1001,#1002,#1003,#1004,#1005),
  .UNSPECIFIED.,.F.,.F.,(7,5,5,7),(0.,0.119726502958,0.437451672676,1.),
  .UNSPECIFIED.);
#989 = CARTESIAN_POINT('',(1.,-0.201632404591));
#990 = CARTESIAN_POINT('',(0.979681781619,-0.201399524426));
#991 = CARTESIAN_POINT('',(0.959354549335,-0.201160217112));
#992 = CARTESIAN_POINT('',(0.939020503666,-0.200914442477));
#993 = CARTESIAN_POINT('',(0.918681879671,-0.200662183396));
#994 = CARTESIAN_POINT('',(0.898340946952,-0.200403445786));
#995 = CARTESIAN_POINT('',(0.824020083772,-0.199434516011));
#996 = CARTESIAN_POINT('',(0.770040005926,-0.198685341054));
#997 = CARTESIAN_POINT('',(0.716103038364,-0.197891308166));
#998 = CARTESIAN_POINT('',(0.662253551347,-0.197054108701));
#999 = CARTESIAN_POINT('',(0.608537023143,-0.196176550948));
#1000 = CARTESIAN_POINT('',(0.460210129856,-0.193644293599));
#1001 = CARTESIAN_POINT('',(0.365984931095,-0.191911801559));
#1002 = CARTESIAN_POINT('',(0.272578042665,-0.190086500081));
#1003 = CARTESIAN_POINT('',(0.180256719893,-0.18819989318));
#1004 = CARTESIAN_POINT('',(8.930436539999E-02,-0.186290988312));
#1005 = CARTESIAN_POINT('',(0.,-0.184399504416));
#1006 = ( GEOMETRIC_REPRESENTATION_CONTEXT(2) 
PARAMETRIC_REPRESENTATION_CONTEXT() REPRESENTATION_CONTEXT('2D SPACE',''
  ) );
#1007 = ORIENTED_EDGE('',*,*,#1008,.T.);
#1008 = EDGE_CURVE('',#937,#1009,#1011,.T.);
#1009 = VERTEX_POINT('',#1010);
#1010 = CARTESIAN_POINT('',(-0.418212890625,0.561767578125,
    0.670184714491));
#1011 = SURFACE_CURVE('',#1012,(#1017,#1029),.PCURVE_S1.);
#1012 = CIRCLE('',#1013,12.15052680562);
#1013 = AXIS2_PLACEMENT_3D('',#1014,#1015,#1016);
#1014 = CARTESIAN_POINT('',(8.399746439684E-02,0.472485737232,12.81));
#1015 = DIRECTION('',(-0.175033334717,-0.984562507786,0.));
#1016 = DIRECTION('',(0.984562507786,-0.175033334717,0.));
#1017 = PCURVE('',#541,#1018);
#1018 = DEFINITIONAL_REPRESENTATION('',(#1019),#1028);
#1019 = B_SPLINE_CURVE_WITH_KNOTS('',7,(#1020,#1021,#1022,#1023,#1024,
    #1025,#1026,#1027),.UNSPECIFIED.,.F.,.F.,(8,8),(4.648323997733,
    4.670396173201),.PIECEWISE_BEZIER_KNOTS.);
#1020 = CARTESIAN_POINT('',(2.412887362484,-1.495560146593));
#1021 = CARTESIAN_POINT('',(2.390924207189,-1.498243731145));
#1022 = CARTESIAN_POINT('',(2.36713136146,-1.50088489408));
#1023 = CARTESIAN_POINT('',(2.341269635798,-1.503477283132));
#1024 = CARTESIAN_POINT('',(2.31305642817,-1.50601309671));
#1025 = CARTESIAN_POINT('',(2.28216176198,-1.508482660429));
#1026 = CARTESIAN_POINT('',(2.248194053205,-1.510873622252));
#1027 = CARTESIAN_POINT('',(2.210741709097,-1.513170176337));
#1028 = ( GEOMETRIC_REPRESENTATION_CONTEXT(2) 
PARAMETRIC_REPRESENTATION_CONTEXT() REPRESENTATION_CONTEXT('2D SPACE',''
  ) );
#1029 = PCURVE('',#1030,#1035);
#1030 = PLANE('',#1031);
#1031 = AXIS2_PLACEMENT_3D('',#1032,#1033,#1034);
#1032 = CARTESIAN_POINT('',(-0.418212890625,0.561767578125,0.5));
#1033 = DIRECTION('',(-0.175033334717,-0.984562507786,0.));
#1034 = DIRECTION('',(-0.984562507786,0.175033334717,0.));
#1035 = DEFINITIONAL_REPRESENTATION('',(#1036),#1040);
#1036 = CIRCLE('',#1037,12.15052680562);
#1037 = AXIS2_PLACEMENT_2D('',#1038,#1039);
#1038 = CARTESIAN_POINT('',(-0.510084784918,-12.31));
#1039 = DIRECTION('',(-1.,0.));
#1040 = ( GEOMETRIC_REPRESENTATION_CONTEXT(2) 
PARAMETRIC_REPRESENTATION_CONTEXT() REPRESENTATION_CONTEXT('2D SPACE',''
  ) );
#1041 = ORIENTED_EDGE('',*,*,#1042,.T.);
#1042 = EDGE_CURVE('',#1009,#1043,#1045,.T.);
#1043 = VERTEX_POINT('',#1044);
#1044 = CARTESIAN_POINT('',(-0.286376953125,0.851806640625,
    0.683252138858));
#1045 = SURFACE_CURVE('',#1046,(#1059,#1075),.PCURVE_S1.);
#1046 = B_SPLINE_CURVE_WITH_KNOTS('',6,(#1047,#1048,#1049,#1050,#1051,
    #1052,#1053,#1054,#1055,#1056,#1057,#1058),.UNSPECIFIED.,.F.,.F.,(7,
    5,7),(0.,0.778128752699,1.),.UNSPECIFIED.);
#1047 = CARTESIAN_POINT('',(-0.418212890625,0.561767578125,
    0.670184714491));
#1048 = CARTESIAN_POINT('',(-0.410921581305,0.609890219639,
    0.672160396959));
#1049 = CARTESIAN_POINT('',(-0.400753466007,0.65544215917,0.674152570931
    ));
#1050 = CARTESIAN_POINT('',(-0.387533498482,0.697859543672,
    0.676091029411));
#1051 = CARTESIAN_POINT('',(-0.371176023011,0.736764743945,
    0.677909376865));
#1052 = CARTESIAN_POINT('',(-0.351655149634,0.771917559826,
    0.679559994537));
#1053 = CARTESIAN_POINT('',(-0.322519272379,0.812080396555,
    0.681429263319));
#1054 = CARTESIAN_POINT('',(-0.315799071887,0.820673725253,
    0.681828036573));
#1055 = CARTESIAN_POINT('',(-0.308823632606,0.828945785815,
    0.682210178829));
#1056 = CARTESIAN_POINT('',(-0.301593875368,0.836893524317,0.68257515562
    ));
#1057 = CARTESIAN_POINT('',(-0.29411109356,0.844514451072,0.682922565261
    ));
#1058 = CARTESIAN_POINT('',(-0.286376953125,0.851806640625,
    0.683252138858));
#1059 = PCURVE('',#541,#1060);
#1060 = DEFINITIONAL_REPRESENTATION('',(#1061),#1074);
#1061 = B_SPLINE_CURVE_WITH_KNOTS('',6,(#1062,#1063,#1064,#1065,#1066,
    #1067,#1068,#1069,#1070,#1071,#1072,#1073),.UNSPECIFIED.,.F.,.F.,(7,
    5,7),(0.,0.778128752699,1.),.UNSPECIFIED.);
#1062 = CARTESIAN_POINT('',(2.210741709097,-1.513170176337));
#1063 = CARTESIAN_POINT('',(2.161358876998,-1.510349168099));
#1064 = CARTESIAN_POINT('',(2.11666949588,-1.507670146829));
#1065 = CARTESIAN_POINT('',(2.075148465269,-1.505202084257));
#1066 = CARTESIAN_POINT('',(2.035666954351,-1.502984059851));
#1067 = CARTESIAN_POINT('',(1.997377116929,-1.501035191619));
#1068 = CARTESIAN_POINT('',(1.948773093894,-1.498881495183));
#1069 = CARTESIAN_POINT('',(1.938028057878,-1.498425875348));
#1070 = CARTESIAN_POINT('',(1.927305578508,-1.497992574613));
#1071 = CARTESIAN_POINT('',(1.916590289255,-1.497581591601));
#1072 = CARTESIAN_POINT('',(1.905867699606,-1.497192827931));
#1073 = CARTESIAN_POINT('',(1.895124195073,-1.496826088221));
#1074 = ( GEOMETRIC_REPRESENTATION_CONTEXT(2) 
PARAMETRIC_REPRESENTATION_CONTEXT() REPRESENTATION_CONTEXT('2D SPACE',''
  ) );
#1075 = PCURVE('',#1076,#1083);
#1076 = SURFACE_OF_LINEAR_EXTRUSION('',#1077,#1081);
#1077 = B_SPLINE_CURVE_WITH_KNOTS('',2,(#1078,#1079,#1080),
  .UNSPECIFIED.,.F.,.F.,(3,3),(0.,1.),.PIECEWISE_BEZIER_KNOTS.);
#1078 = CARTESIAN_POINT('',(-0.286376953125,0.851806640625,0.5));
#1079 = CARTESIAN_POINT('',(-0.388916015625,0.755126953125,0.5));
#1080 = CARTESIAN_POINT('',(-0.418212890625,0.561767578125,0.5));
#1081 = VECTOR('',#1082,1.);
#1082 = DIRECTION('',(-0.,-0.,-1.));
#1083 = DEFINITIONAL_REPRESENTATION('',(#1084),#1097);
#1084 = B_SPLINE_CURVE_WITH_KNOTS('',6,(#1085,#1086,#1087,#1088,#1089,
    #1090,#1091,#1092,#1093,#1094,#1095,#1096),.UNSPECIFIED.,.F.,.F.,(7,
    5,7),(0.,0.778128752699,1.),.UNSPECIFIED.);
#1085 = CARTESIAN_POINT('',(1.,-0.170184714491));
#1086 = CARTESIAN_POINT('',(0.875561654266,-0.172160396959));
#1087 = CARTESIAN_POINT('',(0.748479953582,-0.174152570931));
#1088 = CARTESIAN_POINT('',(0.619472025479,-0.176091029411));
#1089 = CARTESIAN_POINT('',(0.489107973451,-0.177909376865));
#1090 = CARTESIAN_POINT('',(0.357831757987,-0.179559994537));
#1091 = CARTESIAN_POINT('',(0.188410193638,-0.181429263319));
#1092 = CARTESIAN_POINT('',(0.15077734602,-0.181828036573));
#1093 = CARTESIAN_POINT('',(0.113110780822,-0.182210178829));
#1094 = CARTESIAN_POINT('',(7.54196981409E-02,-0.18257515562));
#1095 = CARTESIAN_POINT('',(3.771314192954E-02,-0.182922565261));
#1096 = CARTESIAN_POINT('',(0.,-0.183252138858));
#1097 = ( GEOMETRIC_REPRESENTATION_CONTEXT(2) 
PARAMETRIC_REPRESENTATION_CONTEXT() REPRESENTATION_CONTEXT('2D SPACE',''
  ) );
#1098 = ORIENTED_EDGE('',*,*,#1099,.T.);
#1099 = EDGE_CURVE('',#1043,#1100,#1102,.T.);
#1100 = VERTEX_POINT('',#1101);
#1101 = CARTESIAN_POINT('',(-3.0029296875E-02,0.948486328125,
    0.687084842057));
#1102 = SURFACE_CURVE('',#1103,(#1116,#1132),.PCURVE_S1.);
#1103 = B_SPLINE_CURVE_WITH_KNOTS('',6,(#1104,#1105,#1106,#1107,#1108,
    #1109,#1110,#1111,#1112,#1113,#1114,#1115),.UNSPECIFIED.,.F.,.F.,(7,
    5,7),(0.,0.110684159351,1.),.UNSPECIFIED.);
#1104 = CARTESIAN_POINT('',(-0.286376953125,0.851806640625,
    0.683252138858));
#1105 = CARTESIAN_POINT('',(-0.282587193829,0.855379842247,0.68341363122
    ));
#1106 = CARTESIAN_POINT('',(-0.278753484555,0.85887562598,0.68357133496)
  );
#1107 = CARTESIAN_POINT('',(-0.274875938086,0.862293658824,
    0.683725188198));
#1108 = CARTESIAN_POINT('',(-0.270954679543,0.865633635749,
    0.683875135286));
#1109 = CARTESIAN_POINT('',(-0.266989846384,0.868895279695,
    0.684021126811));
#1110 = CARTESIAN_POINT('',(-0.230776371917,0.897653341358,
    0.685303991312));
#1111 = CARTESIAN_POINT('',(-0.195767620734,0.918155410568,
    0.686186725788));
#1112 = CARTESIAN_POINT('',(-0.158033476813,0.933455152261,0.68678892218
    ));
#1113 = CARTESIAN_POINT('',(-0.117703137605,0.943536394231,0.68711455839
    ));
#1114 = CARTESIAN_POINT('',(-7.495956627367E-02,0.948486328125,
    0.687196137433));
#1115 = CARTESIAN_POINT('',(-3.0029296875E-02,0.948486328125,
    0.687084842057));
#1116 = PCURVE('',#541,#1117);
#1117 = DEFINITIONAL_REPRESENTATION('',(#1118),#1131);
#1118 = B_SPLINE_CURVE_WITH_KNOTS('',6,(#1119,#1120,#1121,#1122,#1123,
    #1124,#1125,#1126,#1127,#1128,#1129,#1130),.UNSPECIFIED.,.F.,.F.,(7,
    5,7),(0.,0.110684159351,1.),.UNSPECIFIED.);
#1119 = CARTESIAN_POINT('',(1.895124195073,-1.496826088221));
#1120 = CARTESIAN_POINT('',(1.889859835507,-1.496646384318));
#1121 = CARTESIAN_POINT('',(1.884607210139,-1.496471419253));
#1122 = CARTESIAN_POINT('',(1.879364651354,-1.496301210041));
#1123 = CARTESIAN_POINT('',(1.87413052645,-1.496135768916));
#1124 = CARTESIAN_POINT('',(1.868903237638,-1.495975103328));
#1125 = CARTESIAN_POINT('',(1.821723807177,-1.494566705034));
#1126 = CARTESIAN_POINT('',(1.780106673468,-1.49362266594));
#1127 = CARTESIAN_POINT('',(1.738018134043,-1.492988451212));
#1128 = CARTESIAN_POINT('',(1.694783739432,-1.492646174089));
#1129 = CARTESIAN_POINT('',(1.649769048829,-1.492560011842));
#1130 = CARTESIAN_POINT('',(1.602445986388,-1.492677293067));
#1131 = ( GEOMETRIC_REPRESENTATION_CONTEXT(2) 
PARAMETRIC_REPRESENTATION_CONTEXT() REPRESENTATION_CONTEXT('2D SPACE',''
  ) );
#1132 = PCURVE('',#1133,#1140);
#1133 = SURFACE_OF_LINEAR_EXTRUSION('',#1134,#1138);
#1134 = B_SPLINE_CURVE_WITH_KNOTS('',2,(#1135,#1136,#1137),
  .UNSPECIFIED.,.F.,.F.,(3,3),(0.,1.),.PIECEWISE_BEZIER_KNOTS.);
#1135 = CARTESIAN_POINT('',(-3.0029296875E-02,0.948486328125,0.5));
#1136 = CARTESIAN_POINT('',(-0.183837890625,0.948486328125,0.5));
#1137 = CARTESIAN_POINT('',(-0.286376953125,0.851806640625,0.5));
#1138 = VECTOR('',#1139,1.);
#1139 = DIRECTION('',(-0.,-0.,-1.));
#1140 = DEFINITIONAL_REPRESENTATION('',(#1141),#1154);
#1141 = B_SPLINE_CURVE_WITH_KNOTS('',6,(#1142,#1143,#1144,#1145,#1146,
    #1147,#1148,#1149,#1150,#1151,#1152,#1153),.UNSPECIFIED.,.F.,.F.,(7,
    5,7),(0.,0.110684159351,1.),.UNSPECIFIED.);
#1142 = CARTESIAN_POINT('',(1.,-0.183252138858));
#1143 = CARTESIAN_POINT('',(0.981520411814,-0.18341363122));
#1144 = CARTESIAN_POINT('',(0.96303141246,-0.18357133496));
#1145 = CARTESIAN_POINT('',(0.944533942634,-0.183725188198));
#1146 = CARTESIAN_POINT('',(0.92602893492,-0.183875135286));
#1147 = CARTESIAN_POINT('',(0.907517313792,-0.184021126811));
#1148 = CARTESIAN_POINT('',(0.740218593814,-0.185303991312));
#1149 = CARTESIAN_POINT('',(0.591068733284,-0.186186725788));
#1150 = CARTESIAN_POINT('',(0.442027505528,-0.18678892218));
#1151 = CARTESIAN_POINT('',(0.293542784157,-0.18711455839));
#1152 = CARTESIAN_POINT('',(0.14605903449,-0.187196137433));
#1153 = CARTESIAN_POINT('',(0.,-0.187084842057));
#1154 = ( GEOMETRIC_REPRESENTATION_CONTEXT(2) 
PARAMETRIC_REPRESENTATION_CONTEXT() REPRESENTATION_CONTEXT('2D SPACE',''
  ) );
#1155 = ORIENTED_EDGE('',*,*,#1156,.T.);
#1156 = EDGE_CURVE('',#1100,#1157,#1159,.T.);
#1157 = VERTEX_POINT('',#1158);
#1158 = CARTESIAN_POINT('',(0.223388671875,0.853271484375,0.68203127992)
  );
#1159 = SURFACE_CURVE('',#1160,(#1168,#1179),.PCURVE_S1.);
#1160 = B_SPLINE_CURVE_WITH_KNOTS('',6,(#1161,#1162,#1163,#1164,#1165,
    #1166,#1167),.UNSPECIFIED.,.F.,.F.,(7,7),(0.,1.),
  .PIECEWISE_BEZIER_KNOTS.);
#1161 = CARTESIAN_POINT('',(-3.0029296875E-02,0.948486328125,
    0.687084842057));
#1162 = CARTESIAN_POINT('',(2.079632588181E-02,0.948486328125,
    0.686958943484));
#1163 = CARTESIAN_POINT('',(6.857222668539E-02,0.942365380863,
    0.68661739032));
#1164 = CARTESIAN_POINT('',(0.112950414121,0.929841385887,0.685981573804
    ));
#1165 = CARTESIAN_POINT('',(0.153652718562,0.910773612476,0.68500048124)
  );
#1166 = CARTESIAN_POINT('',(0.190496103893,0.885182184656,0.683670520916
    ));
#1167 = CARTESIAN_POINT('',(0.223388671875,0.853271484375,0.68203127992)
  );
#1168 = PCURVE('',#541,#1169);
#1169 = DEFINITIONAL_REPRESENTATION('',(#1170),#1178);
#1170 = B_SPLINE_CURVE_WITH_KNOTS('',6,(#1171,#1172,#1173,#1174,#1175,
    #1176,#1177),.UNSPECIFIED.,.F.,.F.,(7,7),(0.,1.),
  .PIECEWISE_BEZIER_KNOTS.);
#1171 = CARTESIAN_POINT('',(1.602445986388,-1.492677293067));
#1172 = CARTESIAN_POINT('',(1.548913609406,-1.492809962899));
#1173 = CARTESIAN_POINT('',(1.498579756238,-1.493170115232));
#1174 = CARTESIAN_POINT('',(1.450868282967,-1.493842606437));
#1175 = CARTESIAN_POINT('',(1.404962701025,-1.494888007464));
#1176 = CARTESIAN_POINT('',(1.359979549127,-1.496338821242));
#1177 = CARTESIAN_POINT('',(1.314740573951,-1.498197310533));
#1178 = ( GEOMETRIC_REPRESENTATION_CONTEXT(2) 
PARAMETRIC_REPRESENTATION_CONTEXT() REPRESENTATION_CONTEXT('2D SPACE',''
  ) );
#1179 = PCURVE('',#1180,#1187);
#1180 = SURFACE_OF_LINEAR_EXTRUSION('',#1181,#1185);
#1181 = B_SPLINE_CURVE_WITH_KNOTS('',2,(#1182,#1183,#1184),
  .UNSPECIFIED.,.F.,.F.,(3,3),(0.,1.),.PIECEWISE_BEZIER_KNOTS.);
#1182 = CARTESIAN_POINT('',(0.223388671875,0.853271484375,0.5));
#1183 = CARTESIAN_POINT('',(0.125244140625,0.948486328125,0.5));
#1184 = CARTESIAN_POINT('',(-3.0029296875E-02,0.948486328125,0.5));
#1185 = VECTOR('',#1186,1.);
#1186 = DIRECTION('',(-0.,-0.,-1.));
#1187 = DEFINITIONAL_REPRESENTATION('',(#1188),#1196);
#1188 = B_SPLINE_CURVE_WITH_KNOTS('',6,(#1189,#1190,#1191,#1192,#1193,
    #1194,#1195),.UNSPECIFIED.,.F.,.F.,(7,7),(0.,1.),
  .PIECEWISE_BEZIER_KNOTS.);
#1189 = CARTESIAN_POINT('',(1.,-0.187084842057));
#1190 = CARTESIAN_POINT('',(0.836335101563,-0.186958943484));
#1191 = CARTESIAN_POINT('',(0.670664559359,-0.18661739032));
#1192 = CARTESIAN_POINT('',(0.503563910152,-0.185981573804));
#1193 = CARTESIAN_POINT('',(0.335656992759,-0.18500048124));
#1194 = CARTESIAN_POINT('',(0.167572087632,-0.183670520916));
#1195 = CARTESIAN_POINT('',(0.,-0.18203127992));
#1196 = ( GEOMETRIC_REPRESENTATION_CONTEXT(2) 
PARAMETRIC_REPRESENTATION_CONTEXT() REPRESENTATION_CONTEXT('2D SPACE',''
  ) );
#1197 = ORIENTED_EDGE('',*,*,#1198,.T.);
#1198 = EDGE_CURVE('',#1157,#1199,#1201,.T.);
#1199 = VERTEX_POINT('',#1200);
#1200 = CARTESIAN_POINT('',(0.321533203125,0.613037109375,0.669719859006
    ));
#1201 = SURFACE_CURVE('',#1202,(#1215,#1231),.PCURVE_S1.);
#1202 = B_SPLINE_CURVE_WITH_KNOTS('',6,(#1203,#1204,#1205,#1206,#1207,
    #1208,#1209,#1210,#1211,#1212,#1213,#1214),.UNSPECIFIED.,.F.,.F.,(7,
    5,7),(0.,0.235478318095,1.),.UNSPECIFIED.);
#1203 = CARTESIAN_POINT('',(0.223388671875,0.853271484375,0.68203127992)
  );
#1204 = CARTESIAN_POINT('',(0.231011122318,0.845876569766,0.681651405863
    ));
#1205 = CARTESIAN_POINT('',(0.238293098036,0.838287124125,0.681262749134
    ));
#1206 = CARTESIAN_POINT('',(0.245230843541,0.830502968153,0.680864796693
    ));
#1207 = CARTESIAN_POINT('',(0.251820947726,0.82252414842,0.680457140759)
  );
#1208 = CARTESIAN_POINT('',(0.258060343875,0.814350937367,0.680039478802
    ));
#1209 = CARTESIAN_POINT('',(0.283056130435,0.778818561677,0.678222473934
    ));
#1210 = CARTESIAN_POINT('',(0.298441256407,0.749608509672,0.676725744564
    ));
#1211 = CARTESIAN_POINT('',(0.310007088773,0.718372433908,0.675114873754
    ));
#1212 = CARTESIAN_POINT('',(0.317705277121,0.685152317212,0.673395489936
    ));
#1213 = CARTESIAN_POINT('',(0.321533203125,0.650011287942,0.671586911766
    ));
#1214 = CARTESIAN_POINT('',(0.321533203125,0.613037109375,0.669719859006
    ));
#1215 = PCURVE('',#541,#1216);
#1216 = DEFINITIONAL_REPRESENTATION('',(#1217),#1230);
#1217 = B_SPLINE_CURVE_WITH_KNOTS('',6,(#1218,#1219,#1220,#1221,#1222,
    #1223,#1224,#1225,#1226,#1227,#1228,#1229),.UNSPECIFIED.,.F.,.F.,(7,
    5,7),(0.,0.235478318095,1.),.UNSPECIFIED.);
#1218 = CARTESIAN_POINT('',(1.314740573951,-1.498197310533));
#1219 = CARTESIAN_POINT('',(1.304256994604,-1.498627992702));
#1220 = CARTESIAN_POINT('',(1.29394200216,-1.499071693459));
#1221 = CARTESIAN_POINT('',(1.283793578071,-1.499529339486));
#1222 = CARTESIAN_POINT('',(1.273809197626,-1.500001802992));
#1223 = CARTESIAN_POINT('',(1.263985829949,-1.50048990171));
#1224 = CARTESIAN_POINT('',(1.222937923613,-1.50263233755));
#1225 = CARTESIAN_POINT('',(1.19321462784,-1.504443180034));
#1226 = CARTESIAN_POINT('',(1.165033437359,-1.506452906754));
#1227 = CARTESIAN_POINT('',(1.138216327008,-1.508681130753));
#1228 = CARTESIAN_POINT('',(1.112556461933,-1.511140677902));
#1229 = CARTESIAN_POINT('',(1.087747460994,-1.513837790315));
#1230 = ( GEOMETRIC_REPRESENTATION_CONTEXT(2) 
PARAMETRIC_REPRESENTATION_CONTEXT() REPRESENTATION_CONTEXT('2D SPACE',''
  ) );
#1231 = PCURVE('',#1232,#1239);
#1232 = SURFACE_OF_LINEAR_EXTRUSION('',#1233,#1237);
#1233 = B_SPLINE_CURVE_WITH_KNOTS('',2,(#1234,#1235,#1236),
  .UNSPECIFIED.,.F.,.F.,(3,3),(0.,1.),.PIECEWISE_BEZIER_KNOTS.);
#1234 = CARTESIAN_POINT('',(0.321533203125,0.613037109375,0.5));
#1235 = CARTESIAN_POINT('',(0.321533203125,0.758056640625,0.5));
#1236 = CARTESIAN_POINT('',(0.223388671875,0.853271484375,0.5));
#1237 = VECTOR('',#1238,1.);
#1238 = DIRECTION('',(-0.,-0.,-1.));
#1239 = DEFINITIONAL_REPRESENTATION('',(#1240),#1253);
#1240 = B_SPLINE_CURVE_WITH_KNOTS('',6,(#1241,#1242,#1243,#1244,#1245,
    #1246,#1247,#1248,#1249,#1250,#1251,#1252),.UNSPECIFIED.,.F.,.F.,(7,
    5,7),(0.,0.235478318095,1.),.UNSPECIFIED.);
#1241 = CARTESIAN_POINT('',(1.,-0.18203127992));
#1242 = CARTESIAN_POINT('',(0.961167217645,-0.181651405863));
#1243 = CARTESIAN_POINT('',(0.922259435688,-0.181262749134));
#1244 = CARTESIAN_POINT('',(0.883282606679,-0.180864796693));
#1245 = CARTESIAN_POINT('',(0.844242859378,-0.180457140759));
#1246 = CARTESIAN_POINT('',(0.805146498744,-0.180039478802));
#1247 = CARTESIAN_POINT('',(0.638904047556,-0.178222473934));
#1248 = CARTESIAN_POINT('',(0.511274930825,-0.176725744564));
#1249 = CARTESIAN_POINT('',(0.383342838477,-0.175114873754));
#1250 = CARTESIAN_POINT('',(0.255337114983,-0.173395489936));
#1251 = CARTESIAN_POINT('',(0.127479996137,-0.171586911766));
#1252 = CARTESIAN_POINT('',(0.,-0.169719859006));
#1253 = ( GEOMETRIC_REPRESENTATION_CONTEXT(2) 
PARAMETRIC_REPRESENTATION_CONTEXT() REPRESENTATION_CONTEXT('2D SPACE',''
  ) );
#1254 = ORIENTED_EDGE('',*,*,#1255,.T.);
#1255 = EDGE_CURVE('',#1199,#1256,#1258,.T.);
#1256 = VERTEX_POINT('',#1257);
#1257 = CARTESIAN_POINT('',(0.186767578125,0.342041015625,0.656246431024
    ));
#1258 = SURFACE_CURVE('',#1259,(#1272,#1288),.PCURVE_S1.);
#1259 = B_SPLINE_CURVE_WITH_KNOTS('',6,(#1260,#1261,#1262,#1263,#1264,
    #1265,#1266,#1267,#1268,#1269,#1270,#1271),.UNSPECIFIED.,.F.,.F.,(7,
    5,7),(0.,0.631047791803,1.),.UNSPECIFIED.);
#1260 = CARTESIAN_POINT('',(0.321533203125,0.613037109375,0.669719859006
    ));
#1261 = CARTESIAN_POINT('',(0.321533203125,0.575535751512,0.667826185733
    ));
#1262 = CARTESIAN_POINT('',(0.318141364532,0.539980814301,0.666080288549
    ));
#1263 = CARTESIAN_POINT('',(0.311205738995,0.506394493613,0.66445238669)
  );
#1264 = CARTESIAN_POINT('',(0.30051725041,0.474973537485,0.662927735668)
  );
#1265 = CARTESIAN_POINT('',(0.285966794382,0.445980984581,0.661504046355
    ));
#1266 = CARTESIAN_POINT('',(0.257027267664,0.404212189735,0.659423817261
    ));
#1267 = CARTESIAN_POINT('',(0.245086317722,0.389709718882,0.658694612658
    ));
#1268 = CARTESIAN_POINT('',(0.23192980285,0.376176944753,0.658006684073)
  );
#1269 = CARTESIAN_POINT('',(0.217666319023,0.363691642023,0.65736547115)
  );
#1270 = CARTESIAN_POINT('',(0.20251126648,0.352308638466,0.65677732534)
  );
#1271 = CARTESIAN_POINT('',(0.186767578125,0.342041015625,0.656246431024
    ));
#1272 = PCURVE('',#541,#1273);
#1273 = DEFINITIONAL_REPRESENTATION('',(#1274),#1287);
#1274 = B_SPLINE_CURVE_WITH_KNOTS('',6,(#1275,#1276,#1277,#1278,#1279,
    #1280,#1281,#1282,#1283,#1284,#1285,#1286),.UNSPECIFIED.,.F.,.F.,(7,
    5,7),(0.,0.631047791803,1.),.UNSPECIFIED.);
#1275 = CARTESIAN_POINT('',(1.087747460994,-1.513837790315));
#1276 = CARTESIAN_POINT('',(1.062584732342,-1.516573358264));
#1277 = CARTESIAN_POINT('',(1.040169326795,-1.519252877936));
#1278 = CARTESIAN_POINT('',(1.021388725421,-1.521907716739));
#1279 = CARTESIAN_POINT('',(1.007540904113,-1.524558164495));
#1280 = CARTESIAN_POINT('',(1.000478069864,-1.527214644649));
#1281 = CARTESIAN_POINT('',(1.004360991185,-1.531393959842));
#1282 = CARTESIAN_POINT('',(1.009044278055,-1.532928643445));
#1283 = CARTESIAN_POINT('',(1.017515655842,-1.534448711215));
#1284 = CARTESIAN_POINT('',(1.030364544823,-1.535940249874));
#1285 = CARTESIAN_POINT('',(1.048169361179,-1.537380007477));
#1286 = CARTESIAN_POINT('',(1.070999627644,-1.538742286585));
#1287 = ( GEOMETRIC_REPRESENTATION_CONTEXT(2) 
PARAMETRIC_REPRESENTATION_CONTEXT() REPRESENTATION_CONTEXT('2D SPACE',''
  ) );
#1288 = PCURVE('',#1289,#1296);
#1289 = SURFACE_OF_LINEAR_EXTRUSION('',#1290,#1294);
#1290 = B_SPLINE_CURVE_WITH_KNOTS('',2,(#1291,#1292,#1293),
  .UNSPECIFIED.,.F.,.F.,(3,3),(0.,1.),.PIECEWISE_BEZIER_KNOTS.);
#1291 = CARTESIAN_POINT('',(0.186767578125,0.342041015625,0.5));
#1292 = CARTESIAN_POINT('',(0.321533203125,0.429931640625,0.5));
#1293 = CARTESIAN_POINT('',(0.321533203125,0.613037109375,0.5));
#1294 = VECTOR('',#1295,1.);
#1295 = DIRECTION('',(-0.,-0.,-1.));
#1296 = DEFINITIONAL_REPRESENTATION('',(#1297),#1310);
#1297 = B_SPLINE_CURVE_WITH_KNOTS('',6,(#1298,#1299,#1300,#1301,#1302,
    #1303,#1304,#1305,#1306,#1307,#1308,#1309),.UNSPECIFIED.,.F.,.F.,(7,
    5,7),(0.,0.631047791803,1.),.UNSPECIFIED.);
#1298 = CARTESIAN_POINT('',(1.,-0.169719859006));
#1299 = CARTESIAN_POINT('',(0.897596292128,-0.167826185733));
#1300 = CARTESIAN_POINT('',(0.793963819622,-0.166080288549));
#1301 = CARTESIAN_POINT('',(0.688870041791,-0.16445238669));
#1302 = CARTESIAN_POINT('',(0.582448846571,-0.162927735668));
#1303 = CARTESIAN_POINT('',(0.475208012447,-0.161504046355));
#1304 = CARTESIAN_POINT('',(0.30531904076,-0.159423817261));
#1305 = CARTESIAN_POINT('',(0.242680246494,-0.158694612658));
#1306 = CARTESIAN_POINT('',(0.180344211276,-0.158006684073));
#1307 = CARTESIAN_POINT('',(0.118732823359,-0.15736547115));
#1308 = CARTESIAN_POINT('',(5.841136549287E-02,-0.15677732534));
#1309 = CARTESIAN_POINT('',(0.,-0.156246431024));
#1310 = ( GEOMETRIC_REPRESENTATION_CONTEXT(2) 
PARAMETRIC_REPRESENTATION_CONTEXT() REPRESENTATION_CONTEXT('2D SPACE',''
  ) );
#1311 = ORIENTED_EDGE('',*,*,#1312,.T.);
#1312 = EDGE_CURVE('',#1256,#1313,#1315,.T.);
#1313 = VERTEX_POINT('',#1314);
#1314 = CARTESIAN_POINT('',(-0.116455078125,0.254150390625,
    0.653214002306));
#1315 = SURFACE_CURVE('',#1316,(#1349,#1385),.PCURVE_S1.);
#1316 = B_SPLINE_CURVE_WITH_KNOTS('',7,(#1317,#1318,#1319,#1320,#1321,
    #1322,#1323,#1324,#1325,#1326,#1327,#1328,#1329,#1330,#1331,#1332,
    #1333,#1334,#1335,#1336,#1337,#1338,#1339,#1340,#1341,#1342,#1343,
    #1344,#1345,#1346,#1347,#1348),.UNSPECIFIED.,.F.,.F.,(8,6,6,6,6,8),(
    0.,0.114801316579,0.57975042693,0.721858654868,0.901260376407,1.),
  .UNSPECIFIED.);
#1317 = CARTESIAN_POINT('',(0.186767578125,0.342041015625,0.656246431024
    ));
#1318 = CARTESIAN_POINT('',(0.181168365578,0.338389355269,0.65605761948)
  );
#1319 = CARTESIAN_POINT('',(0.175573226553,0.334850978398,0.655876351549
    ));
#1320 = CARTESIAN_POINT('',(0.169986650473,0.331426114547,0.655702551419
    ));
#1321 = CARTESIAN_POINT('',(0.164413134249,0.328114581511,0.655536123395
    ));
#1322 = CARTESIAN_POINT('',(0.158857123185,0.32491580127,0.655376953201)
  );
#1323 = CARTESIAN_POINT('',(0.153322951876,0.321828815923,0.65522490927)
  );
#1324 = CARTESIAN_POINT('',(0.125506528464,0.306797330788,0.654492325082
    ));
#1325 = CARTESIAN_POINT('',(0.103621935676,0.296552737838,0.654019195433
    ));
#1326 = CARTESIAN_POINT('',(8.247673260195E-02,0.288053975823,
    0.653651785573));
#1327 = CARTESIAN_POINT('',(6.217278559865E-02,0.281027288855,
    0.653371457526));
#1328 = CARTESIAN_POINT('',(4.259689230338E-02,0.275208043864,
    0.653162683506));
#1329 = CARTESIAN_POINT('',(2.356972066433E-02,0.270394781669,
    0.653014451849));
#1330 = CARTESIAN_POINT('',(-8.870072074197E-04,0.265236705938,
    0.652891670329));
#1331 = CARTESIAN_POINT('',(-6.586500224159E-03,0.264109414705,
    0.652867981085));
#1332 = CARTESIAN_POINT('',(-1.226785446653E-02,0.26305827986,
    0.652849169416));
#1333 = CARTESIAN_POINT('',(-1.793888819398E-02,0.262079882493,
    0.652835104089));
#1334 = CARTESIAN_POINT('',(-2.360770663912E-02,0.2611714096,
    0.652825698184));
#1335 = CARTESIAN_POINT('',(-2.928270200776E-02,0.260330654077,
    0.652820909093));
#1336 = CARTESIAN_POINT('',(-4.215559392646E-02,0.258578086599,
    0.652820523187));
#1337 = CARTESIAN_POINT('',(-4.936208918823E-02,0.257705544948,
    0.652827670649));
#1338 = CARTESIAN_POINT('',(-5.660953845075E-02,0.256935154214,
    0.652842180123));
#1339 = CARTESIAN_POINT('',(-6.391576238702E-02,0.256265210804,
    0.65286416944));
#1340 = CARTESIAN_POINT('',(-7.129890315635E-02,0.255695543093,
    0.652893875045));
#1341 = CARTESIAN_POINT('',(-7.877742440444E-02,0.255227511422,
    0.652931651998));
#1342 = CARTESIAN_POINT('',(-9.054899559109E-02,0.254663942113,
    0.653003468795));
#1343 = CARTESIAN_POINT('',(-9.476240089575E-02,0.254495541296,
    0.653031552615));
#1344 = CARTESIAN_POINT('',(-9.901344474596E-02,0.254359290753,
    0.653062305122));
#1345 = CARTESIAN_POINT('',(-0.103305208172,0.254255815511,
    0.653095817615));
#1346 = CARTESIAN_POINT('',(-0.107640735665,0.254185880514,
    0.653132193017));
#1347 = CARTESIAN_POINT('',(-0.112023035178,0.254150390625,
    0.653171545862));
#1348 = CARTESIAN_POINT('',(-0.116455078125,0.254150390625,
    0.653214002306));
#1349 = PCURVE('',#541,#1350);
#1350 = DEFINITIONAL_REPRESENTATION('',(#1351),#1384);
#1351 = B_SPLINE_CURVE_WITH_KNOTS('',7,(#1352,#1353,#1354,#1355,#1356,
    #1357,#1358,#1359,#1360,#1361,#1362,#1363,#1364,#1365,#1366,#1367,
    #1368,#1369,#1370,#1371,#1372,#1373,#1374,#1375,#1376,#1377,#1378,
    #1379,#1380,#1381,#1382,#1383),.UNSPECIFIED.,.F.,.F.,(8,6,6,6,6,8),(
    0.,0.114801316579,0.57975042693,0.721858654868,0.901260376407,1.),
  .UNSPECIFIED.);
#1352 = CARTESIAN_POINT('',(1.070999627644,-1.538742286585));
#1353 = CARTESIAN_POINT('',(1.079119168094,-1.539226778535));
#1354 = CARTESIAN_POINT('',(1.087655102094,-1.539700453978));
#1355 = CARTESIAN_POINT('',(1.096613422487,-1.540162821738));
#1356 = CARTESIAN_POINT('',(1.105997869669,-1.540613411433));
#1357 = CARTESIAN_POINT('',(1.115809553469,-1.541051781659));
#1358 = CARTESIAN_POINT('',(1.126046575027,-1.541477528175));
#1359 = CARTESIAN_POINT('',(1.17986514767,-1.54356199951));
#1360 = CARTESIAN_POINT('',(1.229921458813,-1.545020981742));
#1361 = CARTESIAN_POINT('',(1.286457829719,-1.546240317378));
#1362 = CARTESIAN_POINT('',(1.348388002549,-1.547220048627));
#1363 = CARTESIAN_POINT('',(1.414198642116,-1.547976936886));
#1364 = CARTESIAN_POINT('',(1.482630382748,-1.548526549201));
#1365 = CARTESIAN_POINT('',(1.574038031785,-1.548987288422));
#1366 = CARTESIAN_POINT('',(1.595590754996,-1.54907679819));
#1367 = CARTESIAN_POINT('',(1.617270305203,-1.549148250487));
#1368 = CARTESIAN_POINT('',(1.639049641038,-1.549201861182));
#1369 = CARTESIAN_POINT('',(1.660902631828,-1.549237773163));
#1370 = CARTESIAN_POINT('',(1.682804057587,-1.549256056334));
#1371 = CARTESIAN_POINT('',(1.732409087767,-1.549257529812));
#1372 = CARTESIAN_POINT('',(1.760125722662,-1.549230251441));
#1373 = CARTESIAN_POINT('',(1.787831198031,-1.549174844658));
#1374 = CARTESIAN_POINT('',(1.81547610328,-1.549091084769));
#1375 = CARTESIAN_POINT('',(1.843009932906,-1.548978550227));
#1376 = CARTESIAN_POINT('',(1.870381086496,-1.548836622633));
#1377 = CARTESIAN_POINT('',(1.912482944457,-1.5485697461));
#1378 = CARTESIAN_POINT('',(1.927363520553,-1.548465859117));
#1379 = CARTESIAN_POINT('',(1.942169602374,-1.54835269056));
#1380 = CARTESIAN_POINT('',(1.956891917445,-1.548230094136));
#1381 = CARTESIAN_POINT('',(1.971520915466,-1.548097912491));
#1382 = CARTESIAN_POINT('',(1.986046768307,-1.547955977205));
#1383 = CARTESIAN_POINT('',(2.000459370008,-1.547804108796));
#1384 = ( GEOMETRIC_REPRESENTATION_CONTEXT(2) 
PARAMETRIC_REPRESENTATION_CONTEXT() REPRESENTATION_CONTEXT('2D SPACE',''
  ) );
#1385 = PCURVE('',#1386,#1393);
#1386 = SURFACE_OF_LINEAR_EXTRUSION('',#1387,#1391);
#1387 = B_SPLINE_CURVE_WITH_KNOTS('',2,(#1388,#1389,#1390),
  .UNSPECIFIED.,.F.,.F.,(3,3),(0.,1.),.PIECEWISE_BEZIER_KNOTS.);
#1388 = CARTESIAN_POINT('',(-0.116455078125,0.254150390625,0.5));
#1389 = CARTESIAN_POINT('',(5.2001953125E-02,0.254150390625,0.5));
#1390 = CARTESIAN_POINT('',(0.186767578125,0.342041015625,0.5));
#1391 = VECTOR('',#1392,1.);
#1392 = DIRECTION('',(-0.,-0.,-1.));
#1393 = DEFINITIONAL_REPRESENTATION('',(#1394),#1427);
#1394 = B_SPLINE_CURVE_WITH_KNOTS('',7,(#1395,#1396,#1397,#1398,#1399,
    #1400,#1401,#1402,#1403,#1404,#1405,#1406,#1407,#1408,#1409,#1410,
    #1411,#1412,#1413,#1414,#1415,#1416,#1417,#1418,#1419,#1420,#1421,
    #1422,#1423,#1424,#1425,#1426),.UNSPECIFIED.,.F.,.F.,(8,6,6,6,6,8),(
    0.,0.114801316579,0.57975042693,0.721858654868,0.901260376407,1.),
  .UNSPECIFIED.);
#1395 = CARTESIAN_POINT('',(1.,-0.156246431024));
#1396 = CARTESIAN_POINT('',(0.979226109972,-0.15605761948));
#1397 = CARTESIAN_POINT('',(0.958593202061,-0.155876351549));
#1398 = CARTESIAN_POINT('',(0.938114862555,-0.155702551419));
#1399 = CARTESIAN_POINT('',(0.917804231499,-0.155536123395));
#1400 = CARTESIAN_POINT('',(0.89767384541,-0.155376953201));
#1401 = CARTESIAN_POINT('',(0.877735479994,-0.15522490927));
#1402 = CARTESIAN_POINT('',(0.778070620462,-0.154492325082));
#1403 = CARTESIAN_POINT('',(0.701458541521,-0.154019195433));
#1404 = CARTESIAN_POINT('',(0.629027424621,-0.153651785573));
#1405 = CARTESIAN_POINT('',(0.560768147551,-0.153371457526));
#1406 = CARTESIAN_POINT('',(0.496043618947,-0.153162683506));
#1407 = CARTESIAN_POINT('',(0.43409234471,-0.153014451849));
#1408 = CARTESIAN_POINT('',(0.35563319688,-0.152891670329));
#1409 = CARTESIAN_POINT('',(0.337433833882,-0.152867981085));
#1410 = CARTESIAN_POINT('',(0.319374957915,-0.152849169416));
#1411 = CARTESIAN_POINT('',(0.301429473519,-0.152835104089));
#1412 = CARTESIAN_POINT('',(0.283570122849,-0.152825698184));
#1413 = CARTESIAN_POINT('',(0.265769485674,-0.152820909093));
#1414 = CARTESIAN_POINT('',(0.225567217621,-0.152820523187));
#1415 = CARTESIAN_POINT('',(0.203184745647,-0.152827670649));
#1416 = CARTESIAN_POINT('',(0.180796942494,-0.152842180123));
#1417 = CARTESIAN_POINT('',(0.158348976029,-0.15286416944));
#1418 = CARTESIAN_POINT('',(0.135786802947,-0.152893875045));
#1419 = CARTESIAN_POINT('',(0.113057168773,-0.152931651998));
#1420 = CARTESIAN_POINT('',(7.747656403509E-02,-0.153003468795));
#1421 = CARTESIAN_POINT('',(6.477908587308E-02,-0.153031552615));
#1422 = CARTESIAN_POINT('',(5.200647201126E-02,-0.153062305122));
#1423 = CARTESIAN_POINT('',(3.915028873653E-02,-0.153095817615));
#1424 = CARTESIAN_POINT('',(2.620236998217E-02,-0.153132193017));
#1425 = CARTESIAN_POINT('',(1.315481732794E-02,-0.153171545862));
#1426 = CARTESIAN_POINT('',(0.,-0.153214002306));
#1427 = ( GEOMETRIC_REPRESENTATION_CONTEXT(2) 
PARAMETRIC_REPRESENTATION_CONTEXT() REPRESENTATION_CONTEXT('2D SPACE',''
  ) );
#1428 = ORIENTED_EDGE('',*,*,#1429,.T.);
#1429 = EDGE_CURVE('',#1313,#1430,#1432,.T.);
#1430 = VERTEX_POINT('',#1431);
#1431 = CARTESIAN_POINT('',(-0.158935546875,0.257080078125,
    0.653756775822));
#1432 = SURFACE_CURVE('',#1433,(#1440,#1450),.PCURVE_S1.);
#1433 = B_SPLINE_CURVE_WITH_KNOTS('',5,(#1434,#1435,#1436,#1437,#1438,
    #1439),.UNSPECIFIED.,.F.,.F.,(6,6),(0.,1.),
  .PIECEWISE_BEZIER_KNOTS.);
#1434 = CARTESIAN_POINT('',(-0.116455078125,0.254150390625,
    0.653214002306));
#1435 = CARTESIAN_POINT('',(-0.122917307869,0.254150390625,
    0.653275906782));
#1436 = CARTESIAN_POINT('',(-0.130401192595,0.254444902194,
    0.653358049069));
#1437 = CARTESIAN_POINT('',(-0.138900907711,0.255032241743,
    0.653463057052));
#1438 = CARTESIAN_POINT('',(-0.148412364952,0.255910835689,
    0.653594464442));
#1439 = CARTESIAN_POINT('',(-0.158935546875,0.257080078125,
    0.653756775822));
#1440 = PCURVE('',#541,#1441);
#1441 = DEFINITIONAL_REPRESENTATION('',(#1442),#1449);
#1442 = B_SPLINE_CURVE_WITH_KNOTS('',5,(#1443,#1444,#1445,#1446,#1447,
    #1448),.UNSPECIFIED.,.F.,.F.,(6,6),(0.,1.),
  .PIECEWISE_BEZIER_KNOTS.);
#1443 = CARTESIAN_POINT('',(2.000459370008,-1.547804108796));
#1444 = CARTESIAN_POINT('',(2.021473955043,-1.547582673996));
#1445 = CARTESIAN_POINT('',(2.044865854907,-1.547291514971));
#1446 = CARTESIAN_POINT('',(2.070206881939,-1.546924577723));
#1447 = CARTESIAN_POINT('',(2.0969349658,-1.546475301479));
#1448 = CARTESIAN_POINT('',(2.124515126047,-1.545938278227));
#1449 = ( GEOMETRIC_REPRESENTATION_CONTEXT(2) 
PARAMETRIC_REPRESENTATION_CONTEXT() REPRESENTATION_CONTEXT('2D SPACE',''
  ) );
#1450 = PCURVE('',#1451,#1458);
#1451 = SURFACE_OF_LINEAR_EXTRUSION('',#1452,#1456);
#1452 = B_SPLINE_CURVE_WITH_KNOTS('',2,(#1453,#1454,#1455),
  .UNSPECIFIED.,.F.,.F.,(3,3),(0.,1.),.PIECEWISE_BEZIER_KNOTS.);
#1453 = CARTESIAN_POINT('',(-0.158935546875,0.257080078125,0.5));
#1454 = CARTESIAN_POINT('',(-0.132568359375,0.254150390625,0.5));
#1455 = CARTESIAN_POINT('',(-0.116455078125,0.254150390625,0.5));
#1456 = VECTOR('',#1457,1.);
#1457 = DIRECTION('',(-0.,-0.,-1.));
#1458 = DEFINITIONAL_REPRESENTATION('',(#1459),#1466);
#1459 = B_SPLINE_CURVE_WITH_KNOTS('',5,(#1460,#1461,#1462,#1463,#1464,
    #1465),.UNSPECIFIED.,.F.,.F.,(6,6),(0.,1.),
  .PIECEWISE_BEZIER_KNOTS.);
#1460 = CARTESIAN_POINT('',(1.,-0.153214002306));
#1461 = CARTESIAN_POINT('',(0.799475052804,-0.153275906782));
#1462 = CARTESIAN_POINT('',(0.599233583154,-0.153358049069));
#1463 = CARTESIAN_POINT('',(0.399273482208,-0.153463057052));
#1464 = CARTESIAN_POINT('',(0.199550709065,-0.153594464442));
#1465 = CARTESIAN_POINT('',(0.,-0.153756775822));
#1466 = ( GEOMETRIC_REPRESENTATION_CONTEXT(2) 
PARAMETRIC_REPRESENTATION_CONTEXT() REPRESENTATION_CONTEXT('2D SPACE',''
  ) );
#1467 = ORIENTED_EDGE('',*,*,#1468,.T.);
#1468 = EDGE_CURVE('',#1430,#1469,#1471,.T.);
#1469 = VERTEX_POINT('',#1470);
#1470 = CARTESIAN_POINT('',(-0.188232421875,2.5634765625E-02,
    0.651483996221));
#1471 = SURFACE_CURVE('',#1472,(#1477,#1501),.PCURVE_S1.);
#1472 = CIRCLE('',#1473,12.158516136068);
#1473 = AXIS2_PLACEMENT_3D('',#1474,#1475,#1476);
#1474 = CARTESIAN_POINT('',(-0.188457658061,2.385539975457E-02,12.81));
#1475 = DIRECTION('',(-0.992083472687,0.125580186416,0.));
#1476 = DIRECTION('',(-0.125580186416,-0.992083472687,0.));
#1477 = PCURVE('',#541,#1478);
#1478 = DEFINITIONAL_REPRESENTATION('',(#1479),#1500);
#1479 = B_SPLINE_CURVE_WITH_KNOTS('',7,(#1480,#1481,#1482,#1483,#1484,
    #1485,#1486,#1487,#1488,#1489,#1490,#1491,#1492,#1493,#1494,#1495,
    #1496,#1497,#1498,#1499),.UNSPECIFIED.,.F.,.F.,(8,6,6,8),(
    4.693052707069,4.702647086178,4.707444275733,4.712241465288),
  .UNSPECIFIED.);
#1480 = CARTESIAN_POINT('',(2.124515126047,-1.545938278227));
#1481 = CARTESIAN_POINT('',(2.159162636319,-1.547004356872));
#1482 = CARTESIAN_POINT('',(2.197277552236,-1.548035612788));
#1483 = CARTESIAN_POINT('',(2.239349179619,-1.54902578383));
#1484 = CARTESIAN_POINT('',(2.285929316276,-1.549966983297));
#1485 = CARTESIAN_POINT('',(2.337619107743,-1.550849408995));
#1486 = CARTESIAN_POINT('',(2.394978989897,-1.551660312976));
#1487 = CARTESIAN_POINT('',(2.489727254941,-1.552748102881));
#1488 = CARTESIAN_POINT('',(2.52276153042,-1.553089272032));
#1489 = CARTESIAN_POINT('',(2.557264052766,-1.553407241817));
#1490 = CARTESIAN_POINT('',(2.593226905309,-1.55370015157));
#1491 = CARTESIAN_POINT('',(2.63060332771,-1.553966106626));
#1492 = CARTESIAN_POINT('',(2.669298959136,-1.554203280272));
#1493 = CARTESIAN_POINT('',(2.749038091312,-1.554616845399));
#1494 = CARTESIAN_POINT('',(2.790081621068,-1.55479323608));
#1495 = CARTESIAN_POINT('',(2.832154523004,-1.554937627819));
#1496 = CARTESIAN_POINT('',(2.875062144038,-1.55504861345));
#1497 = CARTESIAN_POINT('',(2.918561744218,-1.555125156081));
#1498 = CARTESIAN_POINT('',(2.962378934971,-1.555166691357));
#1499 = CARTESIAN_POINT('',(3.00623858086,-1.555173161606));
#1500 = ( GEOMETRIC_REPRESENTATION_CONTEXT(2) 
PARAMETRIC_REPRESENTATION_CONTEXT() REPRESENTATION_CONTEXT('2D SPACE',''
  ) );
#1501 = PCURVE('',#1502,#1507);
#1502 = PLANE('',#1503);
#1503 = AXIS2_PLACEMENT_3D('',#1504,#1505,#1506);
#1504 = CARTESIAN_POINT('',(-0.188232421875,2.5634765625E-02,0.5));
#1505 = DIRECTION('',(-0.992083472687,0.125580186416,0.));
#1506 = DIRECTION('',(0.125580186416,0.992083472687,0.));
#1507 = DEFINITIONAL_REPRESENTATION('',(#1508),#1512);
#1508 = CIRCLE('',#1509,12.158516136068);
#1509 = AXIS2_PLACEMENT_2D('',#1510,#1511);
#1510 = CARTESIAN_POINT('',(-1.793564674156E-03,-12.31));
#1511 = DIRECTION('',(-1.,-0.));
#1512 = ( GEOMETRIC_REPRESENTATION_CONTEXT(2) 
PARAMETRIC_REPRESENTATION_CONTEXT() REPRESENTATION_CONTEXT('2D SPACE',''
  ) );
#1513 = ORIENTED_EDGE('',*,*,#1514,.T.);
#1514 = EDGE_CURVE('',#1469,#1515,#1517,.T.);
#1515 = VERTEX_POINT('',#1516);
#1516 = CARTESIAN_POINT('',(-2.197265625E-03,5.4931640625E-02,
    0.650124273378));
#1517 = SURFACE_CURVE('',#1518,(#1551,#1587),.PCURVE_S1.);
#1518 = B_SPLINE_CURVE_WITH_KNOTS('',6,(#1519,#1520,#1521,#1522,#1523,
    #1524,#1525,#1526,#1527,#1528,#1529,#1530,#1531,#1532,#1533,#1534,
    #1535,#1536,#1537,#1538,#1539,#1540,#1541,#1542,#1543,#1544,#1545,
    #1546,#1547,#1548,#1549,#1550),.UNSPECIFIED.,.F.,.F.,(7,5,5,5,5,5,7)
  ,(0.,0.10321663325,0.272313974229,0.515103883847,0.697102605643,
    0.867150201159,1.),.UNSPECIFIED.);
#1519 = CARTESIAN_POINT('',(-0.188232421875,2.5634765625E-02,
    0.651483996221));
#1520 = CARTESIAN_POINT('',(-0.182156631506,2.723365782735E-02,
    0.651393304766));
#1521 = CARTESIAN_POINT('',(-0.176192716559,2.876797623229E-02,
    0.651308105587));
#1522 = CARTESIAN_POINT('',(-0.170344800942,3.023763822079E-02,
    0.651228172863));
#1523 = CARTESIAN_POINT('',(-0.164617573533,3.164264315559E-02,
    0.651153282));
#1524 = CARTESIAN_POINT('',(-0.159015981169,3.298318512428E-02,
    0.651083206401));
#1525 = CARTESIAN_POINT('',(-0.14458181567,3.635115707089E-02,
    0.650910419992));
#1526 = CARTESIAN_POINT('',(-0.135967622558,3.827123226929E-02,
    0.650815410299));
#1527 = CARTESIAN_POINT('',(-0.127727006565,4.00212881056E-02,
    0.650731711586));
#1528 = CARTESIAN_POINT('',(-0.119880771677,4.160607553267E-02,
    0.650658254737));
#1529 = CARTESIAN_POINT('',(-0.11244266192,4.303350236471E-02,
    0.650593937989));
#1530 = CARTESIAN_POINT('',(-9.532751484762E-02,4.615335656877E-02,
    0.650456928737));
#1531 = CARTESIAN_POINT('',(-8.608286353882E-02,4.769093837378E-02,
    0.650392768301));
#1532 = CARTESIAN_POINT('',(-7.769996645016E-02,4.895714769271E-02,
    0.650342092533));
#1533 = CARTESIAN_POINT('',(-7.010611997093E-02,5.000172465999E-02,
    0.650301591802));
#1534 = CARTESIAN_POINT('',(-6.320014837594E-02,5.086632715907E-02,
    0.650268967548));
#1535 = CARTESIAN_POINT('',(-5.214750440684E-02,5.212311223449E-02,
    0.650222595219));
#1536 = CARTESIAN_POINT('',(-4.774130698961E-02,5.257954624027E-02,
    0.650206160518));
#1537 = CARTESIAN_POINT('',(-4.361937915832E-02,5.296840518431E-02,
    0.650192419519));
#1538 = CARTESIAN_POINT('',(-3.973985689272E-02,5.3300924034E-02,
    0.650180841089));
#1539 = CARTESIAN_POINT('',(-3.606494532394E-02,5.358565816313E-02,
    0.650171044467));
#1540 = CARTESIAN_POINT('',(-2.928881750626E-02,5.405640794999E-02,
    0.65015498312));
#1541 = CARTESIAN_POINT('',(-2.616603356492E-02,5.42476673411E-02,
    0.650148529456));
#1542 = CARTESIAN_POINT('',(-2.316670063964E-02,5.440802406263E-02,
    0.650143148336));
#1543 = CARTESIAN_POINT('',(-2.026807889588E-02,5.454114305033E-02,
    0.65013867937));
#1544 = CARTESIAN_POINT('',(-1.745034873789E-02,5.464948313967E-02,
    0.650135012427));
#1545 = CARTESIAN_POINT('',(-1.254319874201E-02,5.48011839075E-02,
    0.650129764876));
#1546 = CARTESIAN_POINT('',(-1.042935324823E-02,5.485357024656E-02,
    0.650127903579));
#1547 = CARTESIAN_POINT('',(-8.345376184808E-03,5.489255347529E-02,
    0.65012644484));
#1548 = CARTESIAN_POINT('',(-6.283495295741E-03,5.491854492844E-02,
    0.650125362913));
#1549 = CARTESIAN_POINT('',(-4.236456032178E-03,5.4931640625E-02,
    0.650124641856));
#1550 = CARTESIAN_POINT('',(-2.197265625E-03,5.4931640625E-02,
    0.650124273378));
#1551 = PCURVE('',#541,#1552);
#1552 = DEFINITIONAL_REPRESENTATION('',(#1553),#1586);
#1553 = B_SPLINE_CURVE_WITH_KNOTS('',6,(#1554,#1555,#1556,#1557,#1558,
    #1559,#1560,#1561,#1562,#1563,#1564,#1565,#1566,#1567,#1568,#1569,
    #1570,#1571,#1572,#1573,#1574,#1575,#1576,#1577,#1578,#1579,#1580,
    #1581,#1582,#1583,#1584,#1585),.UNSPECIFIED.,.F.,.F.,(7,5,5,5,5,5,7)
  ,(0.,0.10321663325,0.272313974229,0.515103883847,0.697102605643,
    0.867150201159,1.),.UNSPECIFIED.);
#1554 = CARTESIAN_POINT('',(3.00623858086,-1.555173161606));
#1555 = CARTESIAN_POINT('',(2.993583199585,-1.555650560532));
#1556 = CARTESIAN_POINT('',(2.980416036513,-1.556116551721));
#1557 = CARTESIAN_POINT('',(2.966708116348,-1.556570758231));
#1558 = CARTESIAN_POINT('',(2.95243046165,-1.557012758941));
#1559 = CARTESIAN_POINT('',(2.937556294266,-1.557442118227));
#1560 = CARTESIAN_POINT('',(2.896681331291,-1.558540425741));
#1561 = CARTESIAN_POINT('',(2.869634565724,-1.559187487783));
#1562 = CARTESIAN_POINT('',(2.840831817807,-1.559797509377));
#1563 = CARTESIAN_POINT('',(2.810213172602,-1.560368799017));
#1564 = CARTESIAN_POINT('',(2.777783460999,-1.560900372554));
#1565 = CARTESIAN_POINT('',(2.694630952646,-1.562098510995));
#1566 = CARTESIAN_POINT('',(2.642073159862,-1.562723265733));
#1567 = CARTESIAN_POINT('',(2.586284977837,-1.563266026294));
#1568 = CARTESIAN_POINT('',(2.527791098063,-1.563733937409));
#1569 = CARTESIAN_POINT('',(2.467195646282,-1.564136193392));
#1570 = CARTESIAN_POINT('',(2.358381872132,-1.564740081312));
#1571 = CARTESIAN_POINT('',(2.310847465318,-1.564966814328));
#1572 = CARTESIAN_POINT('',(2.262584159289,-1.565165327797));
#1573 = CARTESIAN_POINT('',(2.213749266622,-1.565338995889));
#1574 = CARTESIAN_POINT('',(2.164466589177,-1.565490688362));
#1575 = CARTESIAN_POINT('',(2.06843417026,-1.565745989584));
#1576 = CARTESIAN_POINT('',(2.021735436432,-1.565852094989));
#1577 = CARTESIAN_POINT('',(1.97479742015,-1.565942853567));
#1578 = CARTESIAN_POINT('',(1.92768032761,-1.566019699423));
#1579 = CARTESIAN_POINT('',(1.880433232466,-1.566083712392));
#1580 = CARTESIAN_POINT('',(1.796113779941,-1.566176305756));
#1581 = CARTESIAN_POINT('',(1.759077563768,-1.56620957255));
#1582 = CARTESIAN_POINT('',(1.722007232552,-1.566235874971));
#1583 = CARTESIAN_POINT('',(1.684921406377,-1.566255487129));
#1584 = CARTESIAN_POINT('',(1.647838041553,-1.566268591686));
#1585 = CARTESIAN_POINT('',(1.610775013918,-1.566275294257));
#1586 = ( GEOMETRIC_REPRESENTATION_CONTEXT(2) 
PARAMETRIC_REPRESENTATION_CONTEXT() REPRESENTATION_CONTEXT('2D SPACE',''
  ) );
#1587 = PCURVE('',#1588,#1595);
#1588 = SURFACE_OF_LINEAR_EXTRUSION('',#1589,#1593);
#1589 = B_SPLINE_CURVE_WITH_KNOTS('',2,(#1590,#1591,#1592),
  .UNSPECIFIED.,.F.,.F.,(3,3),(0.,1.),.PIECEWISE_BEZIER_KNOTS.);
#1590 = CARTESIAN_POINT('',(-2.197265625E-03,5.4931640625E-02,0.5));
#1591 = CARTESIAN_POINT('',(-7.6904296875E-02,5.4931640625E-02,0.5));
#1592 = CARTESIAN_POINT('',(-0.188232421875,2.5634765625E-02,0.5));
#1593 = VECTOR('',#1594,1.);
#1594 = DIRECTION('',(-0.,-0.,-1.));
#1595 = DEFINITIONAL_REPRESENTATION('',(#1596),#1629);
#1596 = B_SPLINE_CURVE_WITH_KNOTS('',6,(#1597,#1598,#1599,#1600,#1601,
    #1602,#1603,#1604,#1605,#1606,#1607,#1608,#1609,#1610,#1611,#1612,
    #1613,#1614,#1615,#1616,#1617,#1618,#1619,#1620,#1621,#1622,#1623,
    #1624,#1625,#1626,#1627,#1628),.UNSPECIFIED.,.F.,.F.,(7,5,5,5,5,5,7)
  ,(0.,0.10321663325,0.272313974229,0.515103883847,0.697102605643,
    0.867150201159,1.),.UNSPECIFIED.);
#1597 = CARTESIAN_POINT('',(1.,-0.151483996221));
#1598 = CARTESIAN_POINT('',(0.972712239747,-0.151393304766));
#1599 = CARTESIAN_POINT('',(0.945633015256,-0.151308105587));
#1600 = CARTESIAN_POINT('',(0.918789235862,-0.151228172863));
#1601 = CARTESIAN_POINT('',(0.892212278017,-0.151153282));
#1602 = CARTESIAN_POINT('',(0.865936873701,-0.151083206401));
#1603 = CARTESIAN_POINT('',(0.797508237231,-0.150910419992));
#1604 = CARTESIAN_POINT('',(0.7559184497,-0.150815410299));
#1605 = CARTESIAN_POINT('',(0.71540655881,-0.150731711586));
#1606 = CARTESIAN_POINT('',(0.676151548226,-0.150658254737));
#1607 = CARTESIAN_POINT('',(0.638311560998,-0.150593937989));
#1608 = CARTESIAN_POINT('',(0.549863866745,-0.150456928737));
#1609 = CARTESIAN_POINT('',(0.500854597269,-0.150392768301));
#1610 = CARTESIAN_POINT('',(0.455342579684,-0.150342092533));
#1611 = CARTESIAN_POINT('',(0.413257349118,-0.150301591802));
#1612 = CARTESIAN_POINT('',(0.374270266017,-0.150268967548));
#1613 = CARTESIAN_POINT('',(0.310811295247,-0.150222595219));
#1614 = CARTESIAN_POINT('',(0.285139983954,-0.150206160518));
#1615 = CARTESIAN_POINT('',(0.260805901268,-0.150192419519));
#1616 = CARTESIAN_POINT('',(0.237622851122,-0.150180841089));
#1617 = CARTESIAN_POINT('',(0.21540945399,-0.150171044467));
#1618 = CARTESIAN_POINT('',(0.173996413741,-0.15015498312));
#1619 = CARTESIAN_POINT('',(0.154696291288,-0.150148529456));
#1620 = CARTESIAN_POINT('',(0.135963870949,-0.150143148336));
#1621 = CARTESIAN_POINT('',(0.117677620221,-0.15013867937));
#1622 = CARTESIAN_POINT('',(9.97254609567E-02,-0.150135012427));
#1623 = CARTESIAN_POINT('',(6.815196675435E-02,-0.150129764876));
#1624 = CARTESIAN_POINT('',(5.444266432542E-02,-0.150127903579));
#1625 = CARTESIAN_POINT('',(4.08211350432E-02,-0.15012644484));
#1626 = CARTESIAN_POINT('',(2.723880190353E-02,-0.150125362913));
#1627 = CARTESIAN_POINT('',(1.364791488203E-02,-0.150124641856));
#1628 = CARTESIAN_POINT('',(0.,-0.150124273378));
#1629 = ( GEOMETRIC_REPRESENTATION_CONTEXT(2) 
PARAMETRIC_REPRESENTATION_CONTEXT() REPRESENTATION_CONTEXT('2D SPACE',''
  ) );
#1630 = ORIENTED_EDGE('',*,*,#1631,.T.);
#1631 = EDGE_CURVE('',#1515,#1632,#1634,.T.);
#1632 = VERTEX_POINT('',#1633);
#1633 = CARTESIAN_POINT('',(0.217725606134,-5.332739332891E-17,
    0.651949351955));
#1634 = SURFACE_CURVE('',#1635,(#1673,#1714),.PCURVE_S1.);
#1635 = B_SPLINE_CURVE_WITH_KNOTS('',6,(#1636,#1637,#1638,#1639,#1640,
    #1641,#1642,#1643,#1644,#1645,#1646,#1647,#1648,#1649,#1650,#1651,
    #1652,#1653,#1654,#1655,#1656,#1657,#1658,#1659,#1660,#1661,#1662,
    #1663,#1664,#1665,#1666,#1667,#1668,#1669,#1670,#1671,#1672),
  .UNSPECIFIED.,.F.,.F.,(7,5,5,5,5,5,5,7),(0.,0.13848077174,
    0.317517898572,0.553435435284,0.736748916376,0.885855940995,
    0.948355944973,1.),.UNSPECIFIED.);
#1636 = CARTESIAN_POINT('',(-2.197265625E-03,5.4931640625E-02,
    0.650124273378));
#1637 = CARTESIAN_POINT('',(9.48665883473E-05,5.4931640625E-02,
    0.650123859195));
#1638 = CARTESIAN_POINT('',(2.378352935127E-03,5.492055622102E-02,
    0.650123914863));
#1639 = CARTESIAN_POINT('',(4.665207246093E-03,5.489842185742E-02,
    0.650124431589));
#1640 = CARTESIAN_POINT('',(6.967113414821E-03,5.486492164386E-02,
    0.650125415664));
#1641 = CARTESIAN_POINT('',(9.296161761851E-03,5.481931678121E-02,
    0.650126890402));
#1642 = CARTESIAN_POINT('',(1.472893343537E-02,5.468416654142E-02,
    0.650131493706));
#1643 = CARTESIAN_POINT('',(1.785965458993E-02,5.458569224167E-02,
    0.6501349792));
#1644 = CARTESIAN_POINT('',(2.108662455611E-02,5.446211152178E-02,
    0.650139451817));
#1645 = CARTESIAN_POINT('',(2.444133391575E-02,5.430948299116E-02,
    0.650145052655));
#1646 = CARTESIAN_POINT('',(2.796174738241E-02,5.412133700414E-02,
    0.650152014836));
#1647 = CARTESIAN_POINT('',(3.661700912722E-02,5.35787936735E-02,
    0.650172171551));
#1648 = CARTESIAN_POINT('',(4.190697129804E-02,5.319066836099E-02,
    0.650186638697));
#1649 = CARTESIAN_POINT('',(4.76816675393E-02,5.26984299543E-02,
    0.650204992776));
#1650 = CARTESIAN_POINT('',(5.407658061065E-02,5.206450818032E-02,
    0.650228552964));
#1651 = CARTESIAN_POINT('',(6.128992424127E-02,5.122711415381E-02,
    0.650259521966));
#1652 = CARTESIAN_POINT('',(7.592395817218E-02,4.916554510638E-02,
    0.650334706033));
#1653 = CARTESIAN_POINT('',(8.294045695977E-02,4.806924574954E-02,
    0.650374428876));
#1654 = CARTESIAN_POINT('',(9.065911808282E-02,4.672302221945E-02,
    0.650422799517));
#1655 = CARTESIAN_POINT('',(9.915988007881E-02,4.505577934469E-02,
    0.650482103286));
#1656 = CARTESIAN_POINT('',(0.108454261161,4.297034612573E-02,
    0.650555212905));
#1657 = CARTESIAN_POINT('',(0.126557917012,3.829957040258E-02,
    0.650716033757));
#1658 = CARTESIAN_POINT('',(0.135136594839,3.587973513649E-02,
    0.650798488509));
#1659 = CARTESIAN_POINT('',(0.144119938053,3.309490476836E-02,
    0.650892271344));
#1660 = CARTESIAN_POINT('',(0.153423873929,2.991370952542E-02,
    0.650997987047));
#1661 = CARTESIAN_POINT('',(0.162954718731,2.631552038445E-02,
    0.651115879025));
#1662 = CARTESIAN_POINT('',(0.176685526616,2.060595568366E-02,
    0.651300360923));
#1663 = CARTESIAN_POINT('',(0.180766848964,1.884468893975E-02,
    0.651356982931));
#1664 = CARTESIAN_POINT('',(0.18486813077,1.700774793076E-02,
    0.651415738627));
#1665 = CARTESIAN_POINT('',(0.188983984572,1.509453125508E-02,
    0.651476625723));
#1666 = CARTESIAN_POINT('',(0.193109483006,1.310461396948E-02,
    0.651539639604));
#1667 = CARTESIAN_POINT('',(0.200653356167,9.329885920445E-03,
    0.651658593645));
#1668 = CARTESIAN_POINT('',(0.204070101702,7.569468955721E-03,
    0.651713861967));
#1669 = CARTESIAN_POINT('',(0.207487875494,5.756358521819E-03,
    0.651770574481));
#1670 = CARTESIAN_POINT('',(0.210904386883,3.890450800705E-03,
    0.651828728232));
#1671 = CARTESIAN_POINT('',(0.214317574474,1.971676329404E-03,
    0.651888321131));
#1672 = CARTESIAN_POINT('',(0.217725606134,-1.087057777423E-15,
    0.651949351955));
#1673 = PCURVE('',#541,#1674);
#1674 = DEFINITIONAL_REPRESENTATION('',(#1675),#1713);
#1675 = B_SPLINE_CURVE_WITH_KNOTS('',6,(#1676,#1677,#1678,#1679,#1680,
    #1681,#1682,#1683,#1684,#1685,#1686,#1687,#1688,#1689,#1690,#1691,
    #1692,#1693,#1694,#1695,#1696,#1697,#1698,#1699,#1700,#1701,#1702,
    #1703,#1704,#1705,#1706,#1707,#1708,#1709,#1710,#1711,#1712),
  .UNSPECIFIED.,.F.,.F.,(7,5,5,5,5,5,5,7),(0.,0.13848077174,
    0.317517898572,0.553435435284,0.736748916376,0.885855940995,
    0.948355944973,1.),.UNSPECIFIED.);
#1676 = CARTESIAN_POINT('',(1.610775013918,-1.566275294257));
#1677 = CARTESIAN_POINT('',(1.56911467692,-1.566282828218));
#1678 = CARTESIAN_POINT('',(1.527452907409,-1.566281829483));
#1679 = CARTESIAN_POINT('',(1.485795076625,-1.566272399738));
#1680 = CARTESIAN_POINT('',(1.444146761233,-1.566254471761));
#1681 = CARTESIAN_POINT('',(1.402514105223,-1.566227798153));
#1682 = CARTESIAN_POINT('',(1.307108112929,-1.566145580357));
#1683 = CARTESIAN_POINT('',(1.253351496437,-1.566083873064));
#1684 = CARTESIAN_POINT('',(1.19964779956,-1.566005842656));
#1685 = CARTESIAN_POINT('',(1.146017099319,-1.565910008247));
#1686 = CARTESIAN_POINT('',(1.092488551398,-1.565794142909));
#1687 = CARTESIAN_POINT('',(0.968756438316,-1.565471727583));
#1688 = CARTESIAN_POINT('',(0.898689881301,-1.565248160263));
#1689 = CARTESIAN_POINT('',(0.82894783591,-1.564976723888));
#1690 = CARTESIAN_POINT('',(0.759696187126,-1.564647340339));
#1691 = CARTESIAN_POINT('',(0.691265395208,-1.564244339064));
#1692 = CARTESIAN_POINT('',(0.571924727173,-1.563366803277));
#1693 = CARTESIAN_POINT('',(0.520505945907,-1.562928213927));
#1694 = CARTESIAN_POINT('',(0.470125928717,-1.562427370484));
#1695 = CARTESIAN_POINT('',(0.421148983466,-1.561856827528));
#1696 = CARTESIAN_POINT('',(0.373925137715,-1.561214007154));
#1697 = CARTESIAN_POINT('',(0.291897459305,-1.559928845082));
#1698 = CARTESIAN_POINT('',(0.256409326276,-1.559308617952));
#1699 = CARTESIAN_POINT('',(0.222358030078,-1.558647848983));
#1700 = CARTESIAN_POINT('',(0.189738646525,-1.557952229758));
#1701 = CARTESIAN_POINT('',(0.15846466999,-1.557228230421));
#1702 = CARTESIAN_POINT('',(0.11583047169,-1.556168375827));
#1703 = CARTESIAN_POINT('',(0.103453391412,-1.555851296308));
#1704 = CARTESIAN_POINT('',(9.128211849188E-02,-1.555530566955));
#1705 = CARTESIAN_POINT('',(7.930678679418E-02,-1.5552065416));
#1706 = CARTESIAN_POINT('',(6.751716325804E-02,-1.554879535635));
#1707 = CARTESIAN_POINT('',(4.630551778044E-02,-1.554277385352));
#1708 = CARTESIAN_POINT('',(3.682801389246E-02,-1.554003097512));
#1709 = CARTESIAN_POINT('',(2.746431998625E-02,-1.553727118595));
#1710 = CARTESIAN_POINT('',(1.820875743578E-02,-1.553449585187));
#1711 = CARTESIAN_POINT('',(9.055785235433E-03,-1.553170614359));
#1712 = CARTESIAN_POINT('',(0.,-1.552890303661));
#1713 = ( GEOMETRIC_REPRESENTATION_CONTEXT(2) 
PARAMETRIC_REPRESENTATION_CONTEXT() REPRESENTATION_CONTEXT('2D SPACE',''
  ) );
#1714 = PCURVE('',#1715,#1722);
#1715 = SURFACE_OF_LINEAR_EXTRUSION('',#1716,#1720);
#1716 = B_SPLINE_CURVE_WITH_KNOTS('',2,(#1717,#1718,#1719),
  .UNSPECIFIED.,.F.,.F.,(3,3),(0.,1.),.PIECEWISE_BEZIER_KNOTS.);
#1717 = CARTESIAN_POINT('',(0.299560546875,-6.298828125E-02,0.5));
#1718 = CARTESIAN_POINT('',(0.180908203125,5.4931640625E-02,0.5));
#1719 = CARTESIAN_POINT('',(-2.197265625E-03,5.4931640625E-02,0.5));
#1720 = VECTOR('',#1721,1.);
#1721 = DIRECTION('',(-0.,-0.,-1.));
#1722 = DEFINITIONAL_REPRESENTATION('',(#1723),#1761);
#1723 = B_SPLINE_CURVE_WITH_KNOTS('',6,(#1724,#1725,#1726,#1727,#1728,
    #1729,#1730,#1731,#1732,#1733,#1734,#1735,#1736,#1737,#1738,#1739,
    #1740,#1741,#1742,#1743,#1744,#1745,#1746,#1747,#1748,#1749,#1750,
    #1751,#1752,#1753,#1754,#1755,#1756,#1757,#1758,#1759,#1760),
  .UNSPECIFIED.,.F.,.F.,(7,5,5,5,5,5,5,7),(0.,0.13848077174,
    0.317517898572,0.553435435284,0.736748916376,0.885855940995,
    0.948355944973,1.),.UNSPECIFIED.);
#1724 = CARTESIAN_POINT('',(1.,-0.150124273378));
#1725 = CARTESIAN_POINT('',(0.993740950969,-0.150123859195));
#1726 = CARTESIAN_POINT('',(0.987488967021,-0.150123914863));
#1727 = CARTESIAN_POINT('',(0.981211293797,-0.150124431589));
#1728 = CARTESIAN_POINT('',(0.974875555,-0.150125415664));
#1729 = CARTESIAN_POINT('',(0.96844763331,-0.150126890402));
#1730 = CARTESIAN_POINT('',(0.953410827884,-0.150131493706));
#1731 = CARTESIAN_POINT('',(0.94471489532,-0.1501349792));
#1732 = CARTESIAN_POINT('',(0.935718667042,-0.150139451817));
#1733 = CARTESIAN_POINT('',(0.926330270089,-0.150145052655));
#1734 = CARTESIAN_POINT('',(0.91643637929,-0.150152014836));
#1735 = CARTESIAN_POINT('',(0.891991977851,-0.150172171551));
#1736 = CARTESIAN_POINT('',(0.876967562588,-0.150186638697));
#1737 = CARTESIAN_POINT('',(0.860464107376,-0.150204992776));
#1738 = CARTESIAN_POINT('',(0.842055578888,-0.150228552964));
#1739 = CARTESIAN_POINT('',(0.821108499222,-0.150259521966));
#1740 = CARTESIAN_POINT('',(0.778070859802,-0.150334706033));
#1741 = CARTESIAN_POINT('',(0.757274871665,-0.150374428876));
#1742 = CARTESIAN_POINT('',(0.734188490843,-0.150422799517));
#1743 = CARTESIAN_POINT('',(0.708487319569,-0.150482103286));
#1744 = CARTESIAN_POINT('',(0.679994874005,-0.150555212905));
#1745 = CARTESIAN_POINT('',(0.623588512758,-0.150716033757));
#1746 = CARTESIAN_POINT('',(0.596551306353,-0.150798488509));
#1747 = CARTESIAN_POINT('',(0.567864324493,-0.150892271344));
#1748 = CARTESIAN_POINT('',(0.53771032118,-0.150997987047));
#1749 = CARTESIAN_POINT('',(0.506314325865,-0.151115879025));
#1750 = CARTESIAN_POINT('',(0.46029832246,-0.151300360923));
#1751 = CARTESIAN_POINT('',(0.446524833493,-0.151356982931));
#1752 = CARTESIAN_POINT('',(0.432583895159,-0.151415738627));
#1753 = CARTESIAN_POINT('',(0.418489321208,-0.151476625723));
#1754 = CARTESIAN_POINT('',(0.404253932384,-0.151539639604));
#1755 = CARTESIAN_POINT('',(0.378020203213,-0.151658593645));
#1756 = CARTESIAN_POINT('',(0.366062779159,-0.15171386134));
#1757 = CARTESIAN_POINT('',(0.354023844403,-0.151770573822));
#1758 = CARTESIAN_POINT('',(0.341909469597,-0.15182872845));
#1759 = CARTESIAN_POINT('',(0.329725235908,-0.151888322541));
#1760 = CARTESIAN_POINT('',(0.317476235012,-0.151949353364));
#1761 = ( GEOMETRIC_REPRESENTATION_CONTEXT(2) 
PARAMETRIC_REPRESENTATION_CONTEXT() REPRESENTATION_CONTEXT('2D SPACE',''
  ) );
#1762 = ORIENTED_EDGE('',*,*,#1763,.F.);
#1763 = EDGE_CURVE('',#1764,#1632,#1766,.T.);
#1764 = VERTEX_POINT('',#1765);
#1765 = CARTESIAN_POINT('',(7.445852538816E-16,-1.823707895717E-31,0.65)
  );
#1766 = SEAM_CURVE('',#1767,(#1772,#1779),.PCURVE_S1.);
#1767 = CIRCLE('',#1768,12.16);
#1768 = AXIS2_PLACEMENT_3D('',#1769,#1770,#1771);
#1769 = CARTESIAN_POINT('',(0.,0.,12.81));
#1770 = DIRECTION('',(-2.449293598295E-16,-1.,0.));
#1771 = DIRECTION('',(1.,-2.449293598295E-16,0.));
#1772 = PCURVE('',#541,#1773);
#1773 = DEFINITIONAL_REPRESENTATION('',(#1774),#1778);
#1774 = LINE('',#1775,#1776);
#1775 = CARTESIAN_POINT('',(6.28318530718,-6.28318530718));
#1776 = VECTOR('',#1777,1.);
#1777 = DIRECTION('',(0.,1.));
#1778 = ( GEOMETRIC_REPRESENTATION_CONTEXT(2) 
PARAMETRIC_REPRESENTATION_CONTEXT() REPRESENTATION_CONTEXT('2D SPACE',''
  ) );
#1779 = PCURVE('',#541,#1780);
#1780 = DEFINITIONAL_REPRESENTATION('',(#1781),#1785);
#1781 = LINE('',#1782,#1783);
#1782 = CARTESIAN_POINT('',(0.,-6.28318530718));
#1783 = VECTOR('',#1784,1.);
#1784 = DIRECTION('',(0.,1.));
#1785 = ( GEOMETRIC_REPRESENTATION_CONTEXT(2) 
PARAMETRIC_REPRESENTATION_CONTEXT() REPRESENTATION_CONTEXT('2D SPACE',''
  ) );
#1786 = ORIENTED_EDGE('',*,*,#1763,.T.);
#1787 = ORIENTED_EDGE('',*,*,#1788,.T.);
#1788 = EDGE_CURVE('',#1632,#1789,#1791,.T.);
#1789 = VERTEX_POINT('',#1790);
#1790 = CARTESIAN_POINT('',(0.299560546875,-6.298828125E-02,
    0.653853572979));
#1791 = SURFACE_CURVE('',#1792,(#1799,#1809),.PCURVE_S1.);
#1792 = B_SPLINE_CURVE_WITH_KNOTS('',5,(#1793,#1794,#1795,#1796,#1797,
    #1798),.UNSPECIFIED.,.F.,.F.,(6,6),(0.,1.),
  .PIECEWISE_BEZIER_KNOTS.);
#1793 = CARTESIAN_POINT('',(0.217725606134,-1.026956297778E-15,
    0.651949351955));
#1794 = CARTESIAN_POINT('',(0.234760195161,-9.855157096537E-03,
    0.652254406303));
#1795 = CARTESIAN_POINT('',(0.251655891857,-2.108461804831E-02,
    0.652596811517));
#1796 = CARTESIAN_POINT('',(0.268155846452,-3.369770064612E-02,
    0.652976510712));
#1797 = CARTESIAN_POINT('',(0.284144088461,-4.766698615987E-02,
    0.653394280654));
#1798 = CARTESIAN_POINT('',(0.299560546875,-6.298828125E-02,
    0.653853572979));
#1799 = PCURVE('',#541,#1800);
#1800 = DEFINITIONAL_REPRESENTATION('',(#1801),#1808);
#1801 = B_SPLINE_CURVE_WITH_KNOTS('',5,(#1802,#1803,#1804,#1805,#1806,
    #1807),.UNSPECIFIED.,.F.,.F.,(6,6),(0.,1.),
  .PIECEWISE_BEZIER_KNOTS.);
#1802 = CARTESIAN_POINT('',(6.28318530718,-1.552890303661));
#1803 = CARTESIAN_POINT('',(6.23792119116,-1.551489208246));
#1804 = CARTESIAN_POINT('',(6.195199793887,-1.550053638693));
#1805 = CARTESIAN_POINT('',(6.15421656291,-1.548597016215));
#1806 = CARTESIAN_POINT('',(6.11455286041,-1.547120462004));
#1807 = CARTESIAN_POINT('',(6.075935537917,-1.545620051764));
#1808 = ( GEOMETRIC_REPRESENTATION_CONTEXT(2) 
PARAMETRIC_REPRESENTATION_CONTEXT() REPRESENTATION_CONTEXT('2D SPACE',''
  ) );
#1809 = PCURVE('',#1715,#1810);
#1810 = DEFINITIONAL_REPRESENTATION('',(#1811),#1818);
#1811 = B_SPLINE_CURVE_WITH_KNOTS('',5,(#1812,#1813,#1814,#1815,#1816,
    #1817),.UNSPECIFIED.,.F.,.F.,(6,6),(0.,1.),
  .PIECEWISE_BEZIER_KNOTS.);
#1812 = CARTESIAN_POINT('',(0.31747636721,-0.151949351955));
#1813 = CARTESIAN_POINT('',(0.256251383333,-0.152254406303));
#1814 = CARTESIAN_POINT('',(0.19335446697,-0.152596811517));
#1815 = CARTESIAN_POINT('',(0.129473082069,-0.152976510712));
#1816 = CARTESIAN_POINT('',(6.49648288708E-02,-0.153394280654));
#1817 = CARTESIAN_POINT('',(0.,-0.153853572979));
#1818 = ( GEOMETRIC_REPRESENTATION_CONTEXT(2) 
PARAMETRIC_REPRESENTATION_CONTEXT() REPRESENTATION_CONTEXT('2D SPACE',''
  ) );
#1819 = ORIENTED_EDGE('',*,*,#1820,.T.);
#1820 = EDGE_CURVE('',#1789,#1821,#1823,.T.);
#1821 = VERTEX_POINT('',#1822);
#1822 = CARTESIAN_POINT('',(0.418212890625,-0.362548828125,
    0.662602899166));
#1823 = SURFACE_CURVE('',#1824,(#1833,#1845),.PCURVE_S1.);
#1824 = B_SPLINE_CURVE_WITH_KNOTS('',7,(#1825,#1826,#1827,#1828,#1829,
    #1830,#1831,#1832),.UNSPECIFIED.,.F.,.F.,(8,8),(0.,1.),
  .PIECEWISE_BEZIER_KNOTS.);
#1825 = CARTESIAN_POINT('',(0.299560546875,-6.298828125E-02,
    0.653853572979));
#1826 = CARTESIAN_POINT('',(0.3323223883,-9.554788908599E-02,
    0.654829624801));
#1827 = CARTESIAN_POINT('',(0.360962246825,-0.132089679734,
    0.655929632472));
#1828 = CARTESIAN_POINT('',(0.38402406251,-0.172188418255,0.657113317536
    ));
#1829 = CARTESIAN_POINT('',(0.401251482643,-0.21551315156,0.658353722941
    ));
#1830 = CARTESIAN_POINT('',(0.41260291297,-0.261794423428,0.659659753067
    ));
#1831 = CARTESIAN_POINT('',(0.418212890625,-0.310838448335,
    0.661059561327));
#1832 = CARTESIAN_POINT('',(0.418212890625,-0.362548828125,
    0.662602899166));
#1833 = PCURVE('',#541,#1834);
#1834 = DEFINITIONAL_REPRESENTATION('',(#1835),#1844);
#1835 = B_SPLINE_CURVE_WITH_KNOTS('',7,(#1836,#1837,#1838,#1839,#1840,
    #1841,#1842,#1843),.UNSPECIFIED.,.F.,.F.,(8,8),(0.,1.),
  .PIECEWISE_BEZIER_KNOTS.);
#1836 = CARTESIAN_POINT('',(6.075935537917,-1.545620051764));
#1837 = CARTESIAN_POINT('',(5.993869050155,-1.54243149827));
#1838 = CARTESIAN_POINT('',(5.920551045308,-1.539309212866));
#1839 = CARTESIAN_POINT('',(5.849866592809,-1.536348242284));
#1840 = CARTESIAN_POINT('',(5.779994731068,-1.533522381599));
#1841 = CARTESIAN_POINT('',(5.709949874574,-1.530780577754));
#1842 = CARTESIAN_POINT('',(5.639555020744,-1.528052292711));
#1843 = CARTESIAN_POINT('',(5.568961275235,-1.525263883264));
#1844 = ( GEOMETRIC_REPRESENTATION_CONTEXT(2) 
PARAMETRIC_REPRESENTATION_CONTEXT() REPRESENTATION_CONTEXT('2D SPACE',''
  ) );
#1845 = PCURVE('',#1846,#1853);
#1846 = SURFACE_OF_LINEAR_EXTRUSION('',#1847,#1851);
#1847 = B_SPLINE_CURVE_WITH_KNOTS('',2,(#1848,#1849,#1850),
  .UNSPECIFIED.,.F.,.F.,(3,3),(0.,1.),.PIECEWISE_BEZIER_KNOTS.);
#1848 = CARTESIAN_POINT('',(0.418212890625,-0.362548828125,0.5));
#1849 = CARTESIAN_POINT('',(0.418212890625,-0.180908203125,0.5));
#1850 = CARTESIAN_POINT('',(0.299560546875,-6.298828125E-02,0.5));
#1851 = VECTOR('',#1852,1.);
#1852 = DIRECTION('',(-0.,-0.,-1.));
#1853 = DEFINITIONAL_REPRESENTATION('',(#1854),#1863);
#1854 = B_SPLINE_CURVE_WITH_KNOTS('',7,(#1855,#1856,#1857,#1858,#1859,
    #1860,#1861,#1862),.UNSPECIFIED.,.F.,.F.,(8,8),(0.,1.),
  .PIECEWISE_BEZIER_KNOTS.);
#1855 = CARTESIAN_POINT('',(1.,-0.153853572979));
#1856 = CARTESIAN_POINT('',(0.86194186988,-0.154829624801));
#1857 = CARTESIAN_POINT('',(0.719015541006,-0.155929632472));
#1858 = CARTESIAN_POINT('',(0.574544039419,-0.157113317536));
#1859 = CARTESIAN_POINT('',(0.429817340838,-0.158353722941));
#1860 = CARTESIAN_POINT('',(0.285638662813,-0.159659753067));
#1861 = CARTESIAN_POINT('',(0.14234255082,-0.161059561327));
#1862 = CARTESIAN_POINT('',(0.,-0.162602899166));
#1863 = ( GEOMETRIC_REPRESENTATION_CONTEXT(2) 
PARAMETRIC_REPRESENTATION_CONTEXT() REPRESENTATION_CONTEXT('2D SPACE',''
  ) );
#1864 = ORIENTED_EDGE('',*,*,#1865,.T.);
#1865 = EDGE_CURVE('',#1821,#1866,#1868,.T.);
#1866 = VERTEX_POINT('',#1867);
#1867 = CARTESIAN_POINT('',(0.2900390625,-0.681884765625,0.672598692116)
  );
#1868 = SURFACE_CURVE('',#1869,(#1887,#1908),.PCURVE_S1.);
#1869 = B_SPLINE_CURVE_WITH_KNOTS('',6,(#1870,#1871,#1872,#1873,#1874,
    #1875,#1876,#1877,#1878,#1879,#1880,#1881,#1882,#1883,#1884,#1885,
    #1886),.UNSPECIFIED.,.F.,.F.,(7,5,5,7),(0.,0.658513088105,
    0.8312633109,1.),.UNSPECIFIED.);
#1870 = CARTESIAN_POINT('',(0.418212890625,-0.362548828125,
    0.662602899166));
#1871 = CARTESIAN_POINT('',(0.418212890625,-0.403097469642,
    0.663813105957));
#1872 = CARTESIAN_POINT('',(0.414726107164,-0.442768014555,
    0.665039635107));
#1873 = CARTESIAN_POINT('',(0.407495487226,-0.481143185487,
    0.666247970724));
#1874 = CARTESIAN_POINT('',(0.396426426267,-0.517944255917,0.66741024981
    ));
#1875 = CARTESIAN_POINT('',(0.381532710793,-0.553001781346,
    0.668514348279));
#1876 = CARTESIAN_POINT('',(0.357995327945,-0.594930360282,
    0.669835374365));
#1877 = CARTESIAN_POINT('',(0.352845820469,-0.603516703678,
    0.670105931491));
#1878 = CARTESIAN_POINT('',(0.347439724749,-0.611974038363,
    0.670372523579));
#1879 = CARTESIAN_POINT('',(0.341778803964,-0.620300750035,
    0.670635217997));
#1880 = CARTESIAN_POINT('',(0.335865121504,-0.628495512125,
    0.670894140643));
#1881 = CARTESIAN_POINT('',(0.323680171506,-0.644431758993,0.67139887899
    ));
#1882 = CARTESIAN_POINT('',(0.317420387008,-0.652179344372,
    0.671644858245));
#1883 = CARTESIAN_POINT('',(0.310923890254,-0.659799072097,0.67188758605
    ));
#1884 = CARTESIAN_POINT('',(0.30419307791,-0.667290195971,0.672127281946
    ));
#1885 = CARTESIAN_POINT('',(0.297230540517,-0.674652193448,
    0.672364212661));
#1886 = CARTESIAN_POINT('',(0.2900390625,-0.681884765625,0.672598692116)
  );
#1887 = PCURVE('',#541,#1888);
#1888 = DEFINITIONAL_REPRESENTATION('',(#1889),#1907);
#1889 = B_SPLINE_CURVE_WITH_KNOTS('',6,(#1890,#1891,#1892,#1893,#1894,
    #1895,#1896,#1897,#1898,#1899,#1900,#1901,#1902,#1903,#1904,#1905,
    #1906),.UNSPECIFIED.,.F.,.F.,(7,5,5,7),(0.,0.658513088105,
    0.8312633109,1.),.UNSPECIFIED.);
#1890 = CARTESIAN_POINT('',(5.568961275235,-1.525263883264));
#1891 = CARTESIAN_POINT('',(5.513605261769,-1.523077354842));
#1892 = CARTESIAN_POINT('',(5.461697840762,-1.520987253333));
#1893 = CARTESIAN_POINT('',(5.411919250408,-1.519035077254));
#1894 = CARTESIAN_POINT('',(5.363270748088,-1.517235945689));
#1895 = CARTESIAN_POINT('',(5.315037706718,-1.515585842342));
#1896 = CARTESIAN_POINT('',(5.254000308202,-1.513669775988));
#1897 = CARTESIAN_POINT('',(5.241307974994,-1.513280700588));
#1898 = CARTESIAN_POINT('',(5.228598555824,-1.512900437821));
#1899 = CARTESIAN_POINT('',(5.215863657667,-1.512528631425));
#1900 = CARTESIAN_POINT('',(5.203095825094,-1.512164871024));
#1901 = CARTESIAN_POINT('',(5.177778809148,-1.511460788392));
#1902 = CARTESIAN_POINT('',(5.165231420384,-1.511120120215));
#1903 = CARTESIAN_POINT('',(5.15264029053,-1.510786254927));
#1904 = CARTESIAN_POINT('',(5.140000112844,-1.510458721717));
#1905 = CARTESIAN_POINT('',(5.127306357281,-1.510137011629));
#1906 = CARTESIAN_POINT('',(5.114555270498,-1.509820577565));
#1907 = ( GEOMETRIC_REPRESENTATION_CONTEXT(2) 
PARAMETRIC_REPRESENTATION_CONTEXT() REPRESENTATION_CONTEXT('2D SPACE',''
  ) );
#1908 = PCURVE('',#1909,#1916);
#1909 = SURFACE_OF_LINEAR_EXTRUSION('',#1910,#1914);
#1910 = B_SPLINE_CURVE_WITH_KNOTS('',2,(#1911,#1912,#1913),
  .UNSPECIFIED.,.F.,.F.,(3,3),(0.,1.),.PIECEWISE_BEZIER_KNOTS.);
#1911 = CARTESIAN_POINT('',(0.2900390625,-0.681884765625,0.5));
#1912 = CARTESIAN_POINT('',(0.418212890625,-0.552978515625,0.5));
#1913 = CARTESIAN_POINT('',(0.418212890625,-0.362548828125,0.5));
#1914 = VECTOR('',#1915,1.);
#1915 = DIRECTION('',(-0.,-0.,-1.));
#1916 = DEFINITIONAL_REPRESENTATION('',(#1917),#1935);
#1917 = B_SPLINE_CURVE_WITH_KNOTS('',6,(#1918,#1919,#1920,#1921,#1922,
    #1923,#1924,#1925,#1926,#1927,#1928,#1929,#1930,#1931,#1932,#1933,
    #1934),.UNSPECIFIED.,.F.,.F.,(7,5,5,7),(0.,0.658513088105,
    0.8312633109,1.),.UNSPECIFIED.);
#1918 = CARTESIAN_POINT('',(1.,-0.162602899166));
#1919 = CARTESIAN_POINT('',(0.893533823299,-0.163813105957));
#1920 = CARTESIAN_POINT('',(0.784978793048,-0.165039635107));
#1921 = CARTESIAN_POINT('',(0.675106563956,-0.166247970724));
#1922 = CARTESIAN_POINT('',(0.564529740973,-0.16741024981));
#1923 = CARTESIAN_POINT('',(0.45371059977,-0.168514348279));
#1924 = CARTESIAN_POINT('',(0.313956858109,-0.169835374365));
#1925 = CARTESIAN_POINT('',(0.284922238746,-0.170105931491));
#1926 = CARTESIAN_POINT('',(0.255902969807,-0.170372523579));
#1927 = CARTESIAN_POINT('',(0.226905512022,-0.170635217997));
#1928 = CARTESIAN_POINT('',(0.197935948987,-0.170894140643));
#1929 = CARTESIAN_POINT('',(0.140736299205,-0.17139887899));
#1930 = CARTESIAN_POINT('',(0.112504666627,-0.171644858245));
#1931 = CARTESIAN_POINT('',(8.431041207843E-02,-0.17188758605));
#1932 = CARTESIAN_POINT('',(5.61585153319E-02,-0.172127281946));
#1933 = CARTESIAN_POINT('',(2.805361329313E-02,-0.172364212661));
#1934 = CARTESIAN_POINT('',(0.,-0.172598692116));
#1935 = ( GEOMETRIC_REPRESENTATION_CONTEXT(2) 
PARAMETRIC_REPRESENTATION_CONTEXT() REPRESENTATION_CONTEXT('2D SPACE',''
  ) );
#1936 = ORIENTED_EDGE('',*,*,#1937,.T.);
#1937 = EDGE_CURVE('',#1866,#1938,#1940,.T.);
#1938 = VERTEX_POINT('',#1939);
#1939 = CARTESIAN_POINT('',(-2.4169921875E-02,-0.810791015625,
    0.677084697244));
#1940 = SURFACE_CURVE('',#1941,(#1952,#1966),.PCURVE_S1.);
#1941 = B_SPLINE_CURVE_WITH_KNOTS('',5,(#1942,#1943,#1944,#1945,#1946,
    #1947,#1948,#1949,#1950,#1951),.UNSPECIFIED.,.F.,.F.,(6,4,6),(0.,
    0.464639863177,1.),.UNSPECIFIED.);
#1942 = CARTESIAN_POINT('',(0.2900390625,-0.681884765625,0.672598692116)
  );
#1943 = CARTESIAN_POINT('',(0.266488011895,-0.705570393662,
    0.673366578424));
#1944 = CARTESIAN_POINT('',(0.241494363858,-0.726758990603,
    0.674074687542));
#1945 = CARTESIAN_POINT('',(0.21509165792,-0.745267675608,0.674703030906
    ));
#1946 = CARTESIAN_POINT('',(0.187341550137,-0.760991561047,
    0.675239863841));
#1947 = CARTESIAN_POINT('',(0.124894869533,-0.788762025495,
    0.676196198339));
#1948 = CARTESIAN_POINT('',(8.978419499915E-02,-0.79988453411,
    0.676585409664));
#1949 = CARTESIAN_POINT('',(5.31213906436E-02,-0.80720580463,
    0.67684984656));
#1950 = CARTESIAN_POINT('',(1.507477655058E-02,-0.810791015625,
    0.67700651807));
#1951 = CARTESIAN_POINT('',(-2.4169921875E-02,-0.810791015625,
    0.677084697244));
#1952 = PCURVE('',#541,#1953);
#1953 = DEFINITIONAL_REPRESENTATION('',(#1954),#1965);
#1954 = B_SPLINE_CURVE_WITH_KNOTS('',5,(#1955,#1956,#1957,#1958,#1959,
    #1960,#1961,#1962,#1963,#1964),.UNSPECIFIED.,.F.,.F.,(6,4,6),(0.,
    0.464639863177,1.),.UNSPECIFIED.);
#1955 = CARTESIAN_POINT('',(5.114555270498,-1.509820577565));
#1956 = CARTESIAN_POINT('',(5.072797305116,-1.50878430176));
#1957 = CARTESIAN_POINT('',(5.032339063553,-1.507850708821));
#1958 = CARTESIAN_POINT('',(4.992703625414,-1.507037894726));
#1959 = CARTESIAN_POINT('',(4.953448406654,-1.506352193778));
#1960 = CARTESIAN_POINT('',(4.868952232823,-1.505141527799));
#1961 = CARTESIAN_POINT('',(4.823709428003,-1.50465691018));
#1962 = CARTESIAN_POINT('',(4.777873286148,-1.504329972568));
#1963 = CARTESIAN_POINT('',(4.730947509058,-1.504136624183));
#1964 = CARTESIAN_POINT('',(4.682587507922,-1.504040243663));
#1965 = ( GEOMETRIC_REPRESENTATION_CONTEXT(2) 
PARAMETRIC_REPRESENTATION_CONTEXT() REPRESENTATION_CONTEXT('2D SPACE',''
  ) );
#1966 = PCURVE('',#1967,#1974);
#1967 = SURFACE_OF_LINEAR_EXTRUSION('',#1968,#1972);
#1968 = B_SPLINE_CURVE_WITH_KNOTS('',2,(#1969,#1970,#1971),
  .UNSPECIFIED.,.F.,.F.,(3,3),(0.,1.),.PIECEWISE_BEZIER_KNOTS.);
#1969 = CARTESIAN_POINT('',(-2.4169921875E-02,-0.810791015625,0.5));
#1970 = CARTESIAN_POINT('',(0.161865234375,-0.810791015625,0.5));
#1971 = CARTESIAN_POINT('',(0.2900390625,-0.681884765625,0.5));
#1972 = VECTOR('',#1973,1.);
#1973 = DIRECTION('',(-0.,-0.,-1.));
#1974 = DEFINITIONAL_REPRESENTATION('',(#1975),#1986);
#1975 = B_SPLINE_CURVE_WITH_KNOTS('',5,(#1976,#1977,#1978,#1979,#1980,
    #1981,#1982,#1983,#1984,#1985),.UNSPECIFIED.,.F.,.F.,(6,4,6),(0.,
    0.464639863177,1.),.UNSPECIFIED.);
#1976 = CARTESIAN_POINT('',(1.,-0.172598692116));
#1977 = CARTESIAN_POINT('',(0.90812847307,-0.173366578424));
#1978 = CARTESIAN_POINT('',(0.81539213386,-0.174074687542));
#1979 = CARTESIAN_POINT('',(0.722101751833,-0.174703030906));
#1980 = CARTESIAN_POINT('',(0.62854957363,-0.175239863841));
#1981 = CARTESIAN_POINT('',(0.427211735747,-0.176196198339));
#1982 = CARTESIAN_POINT('',(0.319427903367,-0.176585409664));
#1983 = CARTESIAN_POINT('',(0.212058260797,-0.17684984656));
#1984 = CARTESIAN_POINT('',(0.105476564797,-0.17700651807));
#1985 = CARTESIAN_POINT('',(0.,-0.177084697244));
#1986 = ( GEOMETRIC_REPRESENTATION_CONTEXT(2) 
PARAMETRIC_REPRESENTATION_CONTEXT() REPRESENTATION_CONTEXT('2D SPACE',''
  ) );
#1987 = ORIENTED_EDGE('',*,*,#1988,.T.);
#1988 = EDGE_CURVE('',#1938,#1989,#1991,.T.);
#1989 = VERTEX_POINT('',#1990);
#1990 = CARTESIAN_POINT('',(-0.2900390625,-0.7119140625,0.674323022186)
  );
#1991 = SURFACE_CURVE('',#1992,(#2005,#2021),.PCURVE_S1.);
#1992 = B_SPLINE_CURVE_WITH_KNOTS('',6,(#1993,#1994,#1995,#1996,#1997,
    #1998,#1999,#2000,#2001,#2002,#2003,#2004),.UNSPECIFIED.,.F.,.F.,(7,
    5,7),(0.,0.663717551524,1.),.UNSPECIFIED.);
#1993 = CARTESIAN_POINT('',(-2.4169921875E-02,-0.810791015625,
    0.677084697244));
#1994 = CARTESIAN_POINT('',(-5.835122987635E-02,-0.810791015625,
    0.677152789662));
#1995 = CARTESIAN_POINT('',(-9.144592946882E-02,-0.807969567567,
    0.67714572714));
#1996 = CARTESIAN_POINT('',(-0.123347771162,-0.802242452495,
    0.677043904319));
#1997 = CARTESIAN_POINT('',(-0.153962806055,-0.793560783366,
    0.676833305993));
#1998 = CARTESIAN_POINT('',(-0.183214786398,-0.781916517522,
    0.676508089086));
#1999 = CARTESIAN_POINT('',(-0.225145868627,-0.759962165368,
    0.675849010738));
#2000 = CARTESIAN_POINT('',(-0.238881583048,-0.7518279228,0.675598561733
    ));
#2001 = CARTESIAN_POINT('',(-0.252244689188,-0.742946807831,
    0.675319621537));
#2002 = CARTESIAN_POINT('',(-0.265228688784,-0.733326445017,
    0.675013041819));
#2003 = CARTESIAN_POINT('',(-0.277828221014,-0.722977576598,
    0.674680204588));
#2004 = CARTESIAN_POINT('',(-0.2900390625,-0.7119140625,0.674323022186)
  );
#2005 = PCURVE('',#541,#2006);
#2006 = DEFINITIONAL_REPRESENTATION('',(#2007),#2020);
#2007 = B_SPLINE_CURVE_WITH_KNOTS('',6,(#2008,#2009,#2010,#2011,#2012,
    #2013,#2014,#2015,#2016,#2017,#2018,#2019),.UNSPECIFIED.,.F.,.F.,(7,
    5,7),(0.,0.663717551524,1.),.UNSPECIFIED.);
#2008 = CARTESIAN_POINT('',(4.682587507922,-1.504040243663));
#2009 = CARTESIAN_POINT('',(4.640466962725,-1.503956298254));
#2010 = CARTESIAN_POINT('',(4.599708732344,-1.50396512788));
#2011 = CARTESIAN_POINT('',(4.560035172998,-1.50409040374));
#2012 = CARTESIAN_POINT('',(4.521109867172,-1.504349515125));
#2013 = CARTESIAN_POINT('',(4.482565469045,-1.504752631114));
#2014 = CARTESIAN_POINT('',(4.424448352186,-1.505580787311));
#2015 = CARTESIAN_POINT('',(4.404897179354,-1.505896894011));
#2016 = CARTESIAN_POINT('',(4.385285482134,-1.506250958238));
#2017 = CARTESIAN_POINT('',(4.365557289125,-1.50664278842));
#2018 = CARTESIAN_POINT('',(4.345653775429,-1.50707165619));
#2019 = CARTESIAN_POINT('',(4.325513262654,-1.507536296391));
#2020 = ( GEOMETRIC_REPRESENTATION_CONTEXT(2) 
PARAMETRIC_REPRESENTATION_CONTEXT() REPRESENTATION_CONTEXT('2D SPACE',''
  ) );
#2021 = PCURVE('',#2022,#2029);
#2022 = SURFACE_OF_LINEAR_EXTRUSION('',#2023,#2027);
#2023 = B_SPLINE_CURVE_WITH_KNOTS('',2,(#2024,#2025,#2026),
  .UNSPECIFIED.,.F.,.F.,(3,3),(0.,1.),.PIECEWISE_BEZIER_KNOTS.);
#2024 = CARTESIAN_POINT('',(-0.2900390625,-0.7119140625,0.5));
#2025 = CARTESIAN_POINT('',(-0.180908203125,-0.810791015625,0.5));
#2026 = CARTESIAN_POINT('',(-2.4169921875E-02,-0.810791015625,0.5));
#2027 = VECTOR('',#2028,1.);
#2028 = DIRECTION('',(-0.,-0.,-1.));
#2029 = DEFINITIONAL_REPRESENTATION('',(#2030),#2043);
#2030 = B_SPLINE_CURVE_WITH_KNOTS('',6,(#2031,#2032,#2033,#2034,#2035,
    #2036,#2037,#2038,#2039,#2040,#2041,#2042),.UNSPECIFIED.,.F.,.F.,(7,
    5,7),(0.,0.663717551524,1.),.UNSPECIFIED.);
#2031 = CARTESIAN_POINT('',(1.,-0.177084697244));
#2032 = CARTESIAN_POINT('',(0.890960562637,-0.177152789662));
#2033 = CARTESIAN_POINT('',(0.781053862409,-0.17714572714));
#2034 = CARTESIAN_POINT('',(0.670489483156,-0.177043904319));
#2035 = CARTESIAN_POINT('',(0.559492037193,-0.176833305993));
#2036 = CARTESIAN_POINT('',(0.448292404165,-0.176508089086));
#2037 = CARTESIAN_POINT('',(0.280810357629,-0.175849010738));
#2038 = CARTESIAN_POINT('',(0.224499284665,-0.175598561733));
#2039 = CARTESIAN_POINT('',(0.16822969184,-0.175319621537));
#2040 = CARTESIAN_POINT('',(0.11203401968,-0.175013041819));
#2041 = CARTESIAN_POINT('',(5.594586881962E-02,-0.174680204588));
#2042 = CARTESIAN_POINT('',(0.,-0.174323022186));
#2043 = ( GEOMETRIC_REPRESENTATION_CONTEXT(2) 
PARAMETRIC_REPRESENTATION_CONTEXT() REPRESENTATION_CONTEXT('2D SPACE',''
  ) );
#2044 = ORIENTED_EDGE('',*,*,#2045,.T.);
#2045 = EDGE_CURVE('',#1989,#2046,#2048,.T.);
#2046 = VERTEX_POINT('',#2047);
#2047 = CARTESIAN_POINT('',(-0.444580078125,-0.388916015625,
    0.664354982673));
#2048 = SURFACE_CURVE('',#2049,(#2058,#2070),.PCURVE_S1.);
#2049 = B_SPLINE_CURVE_WITH_KNOTS('',7,(#2050,#2051,#2052,#2053,#2054,
    #2055,#2056,#2057),.UNSPECIFIED.,.F.,.F.,(8,8),(0.,1.),
  .PIECEWISE_BEZIER_KNOTS.);
#2050 = CARTESIAN_POINT('',(-0.2900390625,-0.7119140625,0.674323022186)
  );
#2051 = CARTESIAN_POINT('',(-0.322968439699,-0.682078720743,
    0.673359796675));
#2052 = CARTESIAN_POINT('',(-0.352292673305,-0.64579165007,
    0.672121776478));
#2053 = CARTESIAN_POINT('',(-0.377919967048,-0.60336993218,
    0.670651460625));
#2054 = CARTESIAN_POINT('',(-0.399819440573,-0.555384001772,
    0.669026666179));
#2055 = CARTESIAN_POINT('',(-0.418050793947,-0.502738970824,
    0.667363844575));
#2056 = CARTESIAN_POINT('',(-0.432851396363,-0.446802735287,
    0.665779257307));
#2057 = CARTESIAN_POINT('',(-0.444580078125,-0.388916015625,
    0.664354982673));
#2058 = PCURVE('',#541,#2059);
#2059 = DEFINITIONAL_REPRESENTATION('',(#2060),#2069);
#2060 = B_SPLINE_CURVE_WITH_KNOTS('',7,(#2061,#2062,#2063,#2064,#2065,
    #2066,#2067,#2068),.UNSPECIFIED.,.F.,.F.,(8,8),(0.,1.),
  .PIECEWISE_BEZIER_KNOTS.);
#2061 = CARTESIAN_POINT('',(4.325513262654,-1.507536296391));
#2062 = CARTESIAN_POINT('',(4.271199680503,-1.508789306879));
#2063 = CARTESIAN_POINT('',(4.215556536759,-1.510428607888));
#2064 = CARTESIAN_POINT('',(4.157081827651,-1.51243170339));
#2065 = CARTESIAN_POINT('',(4.0941438964,-1.51473862247));
#2066 = CARTESIAN_POINT('',(4.024868246974,-1.517246752467));
#2067 = CARTESIAN_POINT('',(3.947139303652,-1.519790018145));
#2068 = CARTESIAN_POINT('',(3.86030600793,-1.522201249198));
#2069 = ( GEOMETRIC_REPRESENTATION_CONTEXT(2) 
PARAMETRIC_REPRESENTATION_CONTEXT() REPRESENTATION_CONTEXT('2D SPACE',''
  ) );
#2070 = PCURVE('',#2071,#2078);
#2071 = SURFACE_OF_LINEAR_EXTRUSION('',#2072,#2076);
#2072 = B_SPLINE_CURVE_WITH_KNOTS('',2,(#2073,#2074,#2075),
  .UNSPECIFIED.,.F.,.F.,(3,3),(0.,1.),.PIECEWISE_BEZIER_KNOTS.);
#2073 = CARTESIAN_POINT('',(-0.444580078125,-0.388916015625,0.5));
#2074 = CARTESIAN_POINT('',(-0.399169921875,-0.613037109375,0.5));
#2075 = CARTESIAN_POINT('',(-0.2900390625,-0.7119140625,0.5));
#2076 = VECTOR('',#2077,1.);
#2077 = DIRECTION('',(-0.,-0.,-1.));
#2078 = DEFINITIONAL_REPRESENTATION('',(#2079),#2088);
#2079 = B_SPLINE_CURVE_WITH_KNOTS('',7,(#2080,#2081,#2082,#2083,#2084,
    #2085,#2086,#2087),.UNSPECIFIED.,.F.,.F.,(8,8),(0.,1.),
  .PIECEWISE_BEZIER_KNOTS.);
#2080 = CARTESIAN_POINT('',(1.,-0.174323022186));
#2081 = CARTESIAN_POINT('',(0.849128938472,-0.173359796675));
#2082 = CARTESIAN_POINT('',(0.699269830486,-0.172121776478));
#2083 = CARTESIAN_POINT('',(0.551216466225,-0.170651460625));
#2084 = CARTESIAN_POINT('',(0.405975833293,-0.169026666179));
#2085 = CARTESIAN_POINT('',(0.264804842923,-0.167363844575));
#2086 = CARTESIAN_POINT('',(0.129141614235,-0.165779257307));
#2087 = CARTESIAN_POINT('',(0.,-0.164354982673));
#2088 = ( GEOMETRIC_REPRESENTATION_CONTEXT(2) 
PARAMETRIC_REPRESENTATION_CONTEXT() REPRESENTATION_CONTEXT('2D SPACE',''
  ) );
#2089 = ORIENTED_EDGE('',*,*,#2090,.T.);
#2090 = EDGE_CURVE('',#2046,#2091,#2093,.T.);
#2091 = VERTEX_POINT('',#2092);
#2092 = CARTESIAN_POINT('',(-0.708251953125,-0.424072265625,
    0.678052840355));
#2093 = SURFACE_CURVE('',#2094,(#2099,#2111),.PCURVE_S1.);
#2094 = CIRCLE('',#2095,12.155609255244);
#2095 = AXIS2_PLACEMENT_3D('',#2096,#2097,#2098);
#2096 = CARTESIAN_POINT('',(4.318410548581E-02,-0.323880791144,12.81));
#2097 = DIRECTION('',(-0.132163720091,0.991227900683,0.));
#2098 = DIRECTION('',(-0.991227900683,-0.132163720091,0.));
#2099 = PCURVE('',#541,#2100);
#2100 = DEFINITIONAL_REPRESENTATION('',(#2101),#2110);
#2101 = B_SPLINE_CURVE_WITH_KNOTS('',7,(#2102,#2103,#2104,#2105,#2106,
    #2107,#2108,#2109),.UNSPECIFIED.,.F.,.F.,(8,8),(4.752881830676,
    4.774794601425),.PIECEWISE_BEZIER_KNOTS.);
#2102 = CARTESIAN_POINT('',(3.86030600793,-1.522201249198));
#2103 = CARTESIAN_POINT('',(3.824700130776,-1.519593410458));
#2104 = CARTESIAN_POINT('',(3.793554561441,-1.516913639449));
#2105 = CARTESIAN_POINT('',(3.766011042147,-1.5141781483));
#2106 = CARTESIAN_POINT('',(3.741425733641,-1.511397732377));
#2107 = CARTESIAN_POINT('',(3.719317850036,-1.508580320882));
#2108 = CARTESIAN_POINT('',(3.699308868215,-1.505731906557));
#2109 = CARTESIAN_POINT('',(3.681099190024,-1.50285716912));
#2110 = ( GEOMETRIC_REPRESENTATION_CONTEXT(2) 
PARAMETRIC_REPRESENTATION_CONTEXT() REPRESENTATION_CONTEXT('2D SPACE',''
  ) );
#2111 = PCURVE('',#2112,#2117);
#2112 = PLANE('',#2113);
#2113 = AXIS2_PLACEMENT_3D('',#2114,#2115,#2116);
#2114 = CARTESIAN_POINT('',(-0.708251953125,-0.424072265625,0.5));
#2115 = DIRECTION('',(-0.132163720091,0.991227900683,0.));
#2116 = DIRECTION('',(0.991227900683,0.132163720091,0.));
#2117 = DEFINITIONAL_REPRESENTATION('',(#2118),#2122);
#2118 = CIRCLE('',#2119,12.155609255244);
#2119 = AXIS2_PLACEMENT_2D('',#2120,#2121);
#2120 = CARTESIAN_POINT('',(0.758086064863,-12.31));
#2121 = DIRECTION('',(-1.,-0.));
#2122 = ( GEOMETRIC_REPRESENTATION_CONTEXT(2) 
PARAMETRIC_REPRESENTATION_CONTEXT() REPRESENTATION_CONTEXT('2D SPACE',''
  ) );
#2123 = ORIENTED_EDGE('',*,*,#2124,.T.);
#2124 = EDGE_CURVE('',#2091,#2125,#2127,.T.);
#2125 = VERTEX_POINT('',#2126);
#2126 = CARTESIAN_POINT('',(-0.4951171875,-0.860595703125,0.690600922224
    ));
#2127 = SURFACE_CURVE('',#2128,(#2141,#2157),.PCURVE_S1.);
#2128 = B_SPLINE_CURVE_WITH_KNOTS('',6,(#2129,#2130,#2131,#2132,#2133,
    #2134,#2135,#2136,#2137,#2138,#2139,#2140),.UNSPECIFIED.,.F.,.F.,(7,
    5,7),(0.,0.507208854709,1.),.UNSPECIFIED.);
#2129 = CARTESIAN_POINT('',(-0.708251953125,-0.424072265625,
    0.678052840355));
#2130 = CARTESIAN_POINT('',(-0.703975876148,-0.467545714889,
    0.679322821509));
#2131 = CARTESIAN_POINT('',(-0.697095484944,-0.510191223043,
    0.680600726368));
#2132 = CARTESIAN_POINT('',(-0.687462064345,-0.551767077127,
    0.681860241752));
#2133 = CARTESIAN_POINT('',(-0.674978294997,-0.592055037373,
    0.683076802499));
#2134 = CARTESIAN_POINT('',(-0.659606169318,-0.630880406006,
    0.684232817415));
#2135 = CARTESIAN_POINT('',(-0.62362805741,-0.704279321062,
    0.686374204358));
#2136 = CARTESIAN_POINT('',(-0.603183206631,-0.738942767323,
    0.687363546245));
#2137 = CARTESIAN_POINT('',(-0.580034627522,-0.771974502988,
    0.688278126233));
#2138 = CARTESIAN_POINT('',(-0.554240190855,-0.803289082006,
    0.689117135661));
#2139 = CARTESIAN_POINT('',(-0.525894167879,-0.832836073763,
    0.68988705797));
#2140 = CARTESIAN_POINT('',(-0.4951171875,-0.860595703125,0.690600922224
    ));
#2141 = PCURVE('',#541,#2142);
#2142 = DEFINITIONAL_REPRESENTATION('',(#2143),#2156);
#2143 = B_SPLINE_CURVE_WITH_KNOTS('',6,(#2144,#2145,#2146,#2147,#2148,
    #2149,#2150,#2151,#2152,#2153,#2154,#2155),.UNSPECIFIED.,.F.,.F.,(7,
    5,7),(0.,0.507208854709,1.),.UNSPECIFIED.);
#2144 = CARTESIAN_POINT('',(3.681099190024,-1.50285716912));
#2145 = CARTESIAN_POINT('',(3.728942953648,-1.50131873929));
#2146 = CARTESIAN_POINT('',(3.774950691305,-1.499812443014));
#2147 = CARTESIAN_POINT('',(3.819450471539,-1.498366931364));
#2148 = CARTESIAN_POINT('',(3.862809161712,-1.497003432188));
#2149 = CARTESIAN_POINT('',(3.905364643876,-1.495733592462));
#2150 = CARTESIAN_POINT('',(3.988274151956,-1.493421394203));
#2151 = CARTESIAN_POINT('',(4.0286565511,-1.492373565941));
#2152 = CARTESIAN_POINT('',(4.06883803991,-1.491420576776));
#2153 = CARTESIAN_POINT('',(4.109056297386,-1.490557928257));
#2154 = CARTESIAN_POINT('',(4.14950316377,-1.489774867507));
#2155 = CARTESIAN_POINT('',(4.190314884753,-1.489055867789));
#2156 = ( GEOMETRIC_REPRESENTATION_CONTEXT(2) 
PARAMETRIC_REPRESENTATION_CONTEXT() REPRESENTATION_CONTEXT('2D SPACE',''
  ) );
#2157 = PCURVE('',#2158,#2165);
#2158 = SURFACE_OF_LINEAR_EXTRUSION('',#2159,#2163);
#2159 = B_SPLINE_CURVE_WITH_KNOTS('',2,(#2160,#2161,#2162),
  .UNSPECIFIED.,.F.,.F.,(3,3),(0.,1.),.PIECEWISE_BEZIER_KNOTS.);
#2160 = CARTESIAN_POINT('',(-0.4951171875,-0.860595703125,0.5));
#2161 = CARTESIAN_POINT('',(-0.681884765625,-0.692138671875,0.5));
#2162 = CARTESIAN_POINT('',(-0.708251953125,-0.424072265625,0.5));
#2163 = VECTOR('',#2164,1.);
#2164 = DIRECTION('',(-0.,-0.,-1.));
#2165 = DEFINITIONAL_REPRESENTATION('',(#2166),#2179);
#2166 = B_SPLINE_CURVE_WITH_KNOTS('',6,(#2167,#2168,#2169,#2170,#2171,
    #2172,#2173,#2174,#2175,#2176,#2177,#2178),.UNSPECIFIED.,.F.,.F.,(7,
    5,7),(0.,0.507208854709,1.),.UNSPECIFIED.);
#2167 = CARTESIAN_POINT('',(1.,-0.178052840355));
#2168 = CARTESIAN_POINT('',(0.918912910663,-0.179322821509));
#2169 = CARTESIAN_POINT('',(0.836438273178,-0.180600726368));
#2170 = CARTESIAN_POINT('',(0.752838638297,-0.181860241752));
#2171 = CARTESIAN_POINT('',(0.668391399674,-0.183076802499));
#2172 = CARTESIAN_POINT('',(0.583362157434,-0.184232817415));
#2173 = CARTESIAN_POINT('',(0.415064270923,-0.186374204358));
#2174 = CARTESIAN_POINT('',(0.33181349684,-0.187363546245));
#2175 = CARTESIAN_POINT('',(0.24847954713,-0.188278126233));
#2176 = CARTESIAN_POINT('',(0.16527579514,-0.189117135661));
#2177 = CARTESIAN_POINT('',(8.239379845345E-02,-0.18988705797));
#2178 = CARTESIAN_POINT('',(0.,-0.190600922224));
#2179 = ( GEOMETRIC_REPRESENTATION_CONTEXT(2) 
PARAMETRIC_REPRESENTATION_CONTEXT() REPRESENTATION_CONTEXT('2D SPACE',''
  ) );
#2180 = ORIENTED_EDGE('',*,*,#2181,.T.);
#2181 = EDGE_CURVE('',#2125,#2182,#2184,.T.);
#2182 = VERTEX_POINT('',#2183);
#2183 = CARTESIAN_POINT('',(-2.5634765625E-02,-1.029052734375,
    0.693647688819));
#2184 = SURFACE_CURVE('',#2185,(#2198,#2214),.PCURVE_S1.);
#2185 = B_SPLINE_CURVE_WITH_KNOTS('',6,(#2186,#2187,#2188,#2189,#2190,
    #2191,#2192,#2193,#2194,#2195,#2196,#2197),.UNSPECIFIED.,.F.,.F.,(7,
    5,7),(0.,0.206272900654,1.),.UNSPECIFIED.);
#2186 = CARTESIAN_POINT('',(-0.4951171875,-0.860595703125,0.690600922224
    ));
#2187 = CARTESIAN_POINT('',(-0.482232813107,-0.872216903558,
    0.69089977202));
#2188 = CARTESIAN_POINT('',(-0.469040565926,-0.883387666974,
    0.691183880063));
#2189 = CARTESIAN_POINT('',(-0.455543693824,-0.894097855359,
    0.691452176993));
#2190 = CARTESIAN_POINT('',(-0.441746311474,-0.904338805056,
    0.691703830041));
#2191 = CARTESIAN_POINT('',(-0.427653400357,-0.914103326764,
    0.691938243033));
#2192 = CARTESIAN_POINT('',(-0.35792736484,-0.959103803053,0.69298934259
    ));
#2193 = CARTESIAN_POINT('',(-0.298288133219,-0.987687426895,
    0.693563259352));
#2194 = CARTESIAN_POINT('',(-0.234698908388,-1.008798522896,
    0.693855953158));
#2195 = CARTESIAN_POINT('',(-0.167664335348,-1.022469632767,
    0.693904572816));
#2196 = CARTESIAN_POINT('',(-9.778543181419E-02,-1.029052734375,
    0.693800339168));
#2197 = CARTESIAN_POINT('',(-2.5634765625E-02,-1.029052734375,
    0.693647688819));
#2198 = PCURVE('',#541,#2199);
#2199 = DEFINITIONAL_REPRESENTATION('',(#2200),#2213);
#2200 = B_SPLINE_CURVE_WITH_KNOTS('',6,(#2201,#2202,#2203,#2204,#2205,
    #2206,#2207,#2208,#2209,#2210,#2211,#2212),.UNSPECIFIED.,.F.,.F.,(7,
    5,7),(0.,0.206272900654,1.),.UNSPECIFIED.);
#2201 = CARTESIAN_POINT('',(4.190314884753,-1.489055867789));
#2202 = CARTESIAN_POINT('',(4.207400170129,-1.488754868099));
#2203 = CARTESIAN_POINT('',(4.224377274945,-1.488470046554));
#2204 = CARTESIAN_POINT('',(4.241264418281,-1.488202202725));
#2205 = CARTESIAN_POINT('',(4.258079650477,-1.487951915832));
#2206 = CARTESIAN_POINT('',(4.274840853136,-1.487719544748));
#2207 = CARTESIAN_POINT('',(4.355922206706,-1.486680548572));
#2208 = CARTESIAN_POINT('',(4.419747634084,-1.486123082349));
#2209 = CARTESIAN_POINT('',(4.484025578625,-1.485841118867));
#2210 = CARTESIAN_POINT('',(4.549683158102,-1.485793279289));
#2211 = CARTESIAN_POINT('',(4.617412909795,-1.48589430058));
#2212 = CARTESIAN_POINT('',(4.687483099364,-1.486042595223));
#2213 = ( GEOMETRIC_REPRESENTATION_CONTEXT(2) 
PARAMETRIC_REPRESENTATION_CONTEXT() REPRESENTATION_CONTEXT('2D SPACE',''
  ) );
#2214 = PCURVE('',#2215,#2222);
#2215 = SURFACE_OF_LINEAR_EXTRUSION('',#2216,#2220);
#2216 = B_SPLINE_CURVE_WITH_KNOTS('',2,(#2217,#2218,#2219),
  .UNSPECIFIED.,.F.,.F.,(3,3),(0.,1.),.PIECEWISE_BEZIER_KNOTS.);
#2217 = CARTESIAN_POINT('',(-2.5634765625E-02,-1.029052734375,0.5));
#2218 = CARTESIAN_POINT('',(-0.308349609375,-1.029052734375,0.5));
#2219 = CARTESIAN_POINT('',(-0.4951171875,-0.860595703125,0.5));
#2220 = VECTOR('',#2221,1.);
#2221 = DIRECTION('',(-0.,-0.,-1.));
#2222 = DEFINITIONAL_REPRESENTATION('',(#2223),#2236);
#2223 = B_SPLINE_CURVE_WITH_KNOTS('',6,(#2224,#2225,#2226,#2227,#2228,
    #2229,#2230,#2231,#2232,#2233,#2234,#2235),.UNSPECIFIED.,.F.,.F.,(7,
    5,7),(0.,0.206272900654,1.),.UNSPECIFIED.);
#2224 = CARTESIAN_POINT('',(1.,-0.190600922224));
#2225 = CARTESIAN_POINT('',(0.96550692973,-0.19089977202));
#2226 = CARTESIAN_POINT('',(0.930923097457,-0.191183880063));
#2227 = CARTESIAN_POINT('',(0.896264459414,-0.191452176993));
#2228 = CARTESIAN_POINT('',(0.861547019696,-0.191703830041));
#2229 = CARTESIAN_POINT('',(0.826786830267,-0.191938243033));
#2230 = CARTESIAN_POINT('',(0.65814209214,-0.19298934259));
#2231 = CARTESIAN_POINT('',(0.523873462059,-0.193563259352));
#2232 = CARTESIAN_POINT('',(0.390146187941,-0.193855953158));
#2233 = CARTESIAN_POINT('',(0.257819988311,-0.193904572816));
#2234 = CARTESIAN_POINT('',(0.127603250739,-0.193800339168));
#2235 = CARTESIAN_POINT('',(0.,-0.193647688819));
#2236 = ( GEOMETRIC_REPRESENTATION_CONTEXT(2) 
PARAMETRIC_REPRESENTATION_CONTEXT() REPRESENTATION_CONTEXT('2D SPACE',''
  ) );
#2237 = ORIENTED_EDGE('',*,*,#2238,.T.);
#2238 = EDGE_CURVE('',#2182,#2239,#2241,.T.);
#2239 = VERTEX_POINT('',#2240);
#2240 = CARTESIAN_POINT('',(0.492919921875,-0.83349609375,0.688617479333
    ));
#2241 = SURFACE_CURVE('',#2242,(#2255,#2271),.PCURVE_S1.);
#2242 = B_SPLINE_CURVE_WITH_KNOTS('',6,(#2243,#2244,#2245,#2246,#2247,
    #2248,#2249,#2250,#2251,#2252,#2253,#2254),.UNSPECIFIED.,.F.,.F.,(7,
    5,7),(0.,0.737632357947,1.),.UNSPECIFIED.);
#2243 = CARTESIAN_POINT('',(-2.5634765625E-02,-1.029052734375,
    0.693647688819));
#2244 = CARTESIAN_POINT('',(4.859971391225E-02,-1.029052734375,
    0.693490629711));
#2245 = CARTESIAN_POINT('',(0.120752651083,-1.022472511283,
    0.693324814061));
#2246 = CARTESIAN_POINT('',(0.190262805397,-1.008793190978,0.69305054613
    ));
#2247 = CARTESIAN_POINT('',(0.256502660297,-0.987632024107,
    0.692579203986));
#2248 = CARTESIAN_POINT('',(0.318909704051,-0.958949058402,
    0.691873822567));
#2249 = CARTESIAN_POINT('',(0.397775582868,-0.91037666344,0.690627921336
    ));
#2250 = CARTESIAN_POINT('',(0.417932919016,-0.896728158661,
    0.690273982715));
#2251 = CARTESIAN_POINT('',(0.437538419133,-0.88219109553,0.689893850175
    ));
#2252 = CARTESIAN_POINT('',(0.45657798361,-0.866787541644,0.689489266876
    ));
#2253 = CARTESIAN_POINT('',(0.475040884937,-0.850545032544,
    0.689062749532));
#2254 = CARTESIAN_POINT('',(0.492919921875,-0.83349609375,0.688617479333
    ));
#2255 = PCURVE('',#541,#2256);
#2256 = DEFINITIONAL_REPRESENTATION('',(#2257),#2270);
#2257 = B_SPLINE_CURVE_WITH_KNOTS('',6,(#2258,#2259,#2260,#2261,#2262,
    #2263,#2264,#2265,#2266,#2267,#2268,#2269),.UNSPECIFIED.,.F.,.F.,(7,
    5,7),(0.,0.737632357947,1.),.UNSPECIFIED.);
#2258 = CARTESIAN_POINT('',(4.687483099364,-1.486042595223));
#2259 = CARTESIAN_POINT('',(4.759577015172,-1.486195172824));
#2260 = CARTESIAN_POINT('',(4.829801224133,-1.486356519597));
#2261 = CARTESIAN_POINT('',(4.898288784277,-1.48662401374));
#2262 = CARTESIAN_POINT('',(4.965599638363,-1.487083650169));
#2263 = CARTESIAN_POINT('',(5.032596848325,-1.487778583402));
#2264 = CARTESIAN_POINT('',(5.124233754057,-1.489028023327));
#2265 = CARTESIAN_POINT('',(5.148353058195,-1.489384535185));
#2266 = CARTESIAN_POINT('',(5.172591024768,-1.489769394352));
#2267 = CARTESIAN_POINT('',(5.196991315945,-1.490181438492));
#2268 = CARTESIAN_POINT('',(5.221597691131,-1.490618723278));
#2269 = CARTESIAN_POINT('',(5.246452359222,-1.491078550801));
#2270 = ( GEOMETRIC_REPRESENTATION_CONTEXT(2) 
PARAMETRIC_REPRESENTATION_CONTEXT() REPRESENTATION_CONTEXT('2D SPACE',''
  ) );
#2271 = PCURVE('',#2272,#2279);
#2272 = SURFACE_OF_LINEAR_EXTRUSION('',#2273,#2277);
#2273 = B_SPLINE_CURVE_WITH_KNOTS('',2,(#2274,#2275,#2276),
  .UNSPECIFIED.,.F.,.F.,(3,3),(0.,1.),.PIECEWISE_BEZIER_KNOTS.);
#2274 = CARTESIAN_POINT('',(0.492919921875,-0.83349609375,0.5));
#2275 = CARTESIAN_POINT('',(0.287841796875,-1.029052734375,0.5));
#2276 = CARTESIAN_POINT('',(-2.5634765625E-02,-1.029052734375,0.5));
#2277 = VECTOR('',#2278,1.);
#2278 = DIRECTION('',(-0.,-0.,-1.));
#2279 = DEFINITIONAL_REPRESENTATION('',(#2280),#2293);
#2280 = B_SPLINE_CURVE_WITH_KNOTS('',6,(#2281,#2282,#2283,#2284,#2285,
    #2286,#2287,#2288,#2289,#2290,#2291,#2292),.UNSPECIFIED.,.F.,.F.,(7,
    5,7),(0.,0.737632357947,1.),.UNSPECIFIED.);
#2281 = CARTESIAN_POINT('',(1.,-0.193647688819));
#2282 = CARTESIAN_POINT('',(0.881594848838,-0.193490629711));
#2283 = CARTESIAN_POINT('',(0.760692027504,-0.193324814061));
#2284 = CARTESIAN_POINT('',(0.637727971934,-0.19305054613));
#2285 = CARTESIAN_POINT('',(0.513365181204,-0.192579203986));
#2286 = CARTESIAN_POINT('',(0.388465547351,-0.191873822567));
#2287 = CARTESIAN_POINT('',(0.219729004264,-0.190627921336));
#2288 = CARTESIAN_POINT('',(0.175510707288,-0.190273982715));
#2289 = CARTESIAN_POINT('',(0.131386997629,-0.189893850175));
#2290 = CARTESIAN_POINT('',(8.739987497093E-02,-0.189489266876));
#2291 = CARTESIAN_POINT('',(4.359079482013E-02,-0.189062749532));
#2292 = CARTESIAN_POINT('',(0.,-0.188617479333));
#2293 = ( GEOMETRIC_REPRESENTATION_CONTEXT(2) 
PARAMETRIC_REPRESENTATION_CONTEXT() REPRESENTATION_CONTEXT('2D SPACE',''
  ) );
#2294 = ORIENTED_EDGE('',*,*,#2295,.T.);
#2295 = EDGE_CURVE('',#2239,#2296,#2298,.T.);
#2296 = VERTEX_POINT('',#2297);
#2297 = CARTESIAN_POINT('',(0.697998046875,-0.356689453125,
    0.675290635512));
#2298 = SURFACE_CURVE('',#2299,(#2312,#2328),.PCURVE_S1.);
#2299 = B_SPLINE_CURVE_WITH_KNOTS('',6,(#2300,#2301,#2302,#2303,#2304,
    #2305,#2306,#2307,#2308,#2309,#2310,#2311),.UNSPECIFIED.,.F.,.F.,(7,
    5,7),(0.,0.497693570074,1.),.UNSPECIFIED.);
#2300 = CARTESIAN_POINT('',(0.492919921875,-0.83349609375,0.688617479333
    ));
#2301 = CARTESIAN_POINT('',(0.526511482624,-0.801464141178,
    0.687780895072));
#2302 = CARTESIAN_POINT('',(0.557148019633,-0.767722536245,
    0.686919981188));
#2303 = CARTESIAN_POINT('',(0.584633837079,-0.732282452774,0.68601084776
    ));
#2304 = CARTESIAN_POINT('',(0.608795319248,-0.69519301069,0.685036255416
    ));
#2305 = CARTESIAN_POINT('',(0.629508813277,-0.656551919526,
    0.683988336563));
#2306 = CARTESIAN_POINT('',(0.664107810854,-0.576109253606,
    0.681743943605));
#2307 = CARTESIAN_POINT('',(0.677928739774,-0.534280197593,
    0.680546084157));
#2308 = CARTESIAN_POINT('',(0.688144873984,-0.491187178633,
    0.679281673162));
#2309 = CARTESIAN_POINT('',(0.694789236708,-0.447040186444,
    0.677966007667));
#2310 = CARTESIAN_POINT('',(0.697998046875,-0.402107900893,
    0.676625672126));
#2311 = CARTESIAN_POINT('',(0.697998046875,-0.356689453125,
    0.675290635512));
#2312 = PCURVE('',#541,#2313);
#2313 = DEFINITIONAL_REPRESENTATION('',(#2314),#2327);
#2314 = B_SPLINE_CURVE_WITH_KNOTS('',6,(#2315,#2316,#2317,#2318,#2319,
    #2320,#2321,#2322,#2323,#2324,#2325,#2326),.UNSPECIFIED.,.F.,.F.,(7,
    5,7),(0.,0.497693570074,1.),.UNSPECIFIED.);
#2315 = CARTESIAN_POINT('',(5.246452359222,-1.491078550801));
#2316 = CARTESIAN_POINT('',(5.293149902047,-1.49194248571));
#2317 = CARTESIAN_POINT('',(5.339331815827,-1.492842791742));
#2318 = CARTESIAN_POINT('',(5.385070873358,-1.493805755938));
#2319 = CARTESIAN_POINT('',(5.430533527472,-1.494853602758));
#2320 = CARTESIAN_POINT('',(5.475969119045,-1.496000918302));
#2321 = CARTESIAN_POINT('',(5.567852897993,-1.498512817809));
#2322 = CARTESIAN_POINT('',(5.614307695378,-1.499879386021));
#2323 = CARTESIAN_POINT('',(5.661396346906,-1.50135440152));
#2324 = CARTESIAN_POINT('',(5.709525168726,-1.502930621592));
#2325 = CARTESIAN_POINT('',(5.759166445535,-1.504586673335));
#2326 = CARTESIAN_POINT('',(5.810762327954,-1.506289841187));
#2327 = ( GEOMETRIC_REPRESENTATION_CONTEXT(2) 
PARAMETRIC_REPRESENTATION_CONTEXT() REPRESENTATION_CONTEXT('2D SPACE',''
  ) );
#2328 = PCURVE('',#2329,#2336);
#2329 = SURFACE_OF_LINEAR_EXTRUSION('',#2330,#2334);
#2330 = B_SPLINE_CURVE_WITH_KNOTS('',2,(#2331,#2332,#2333),
  .UNSPECIFIED.,.F.,.F.,(3,3),(0.,1.),.PIECEWISE_BEZIER_KNOTS.);
#2331 = CARTESIAN_POINT('',(0.697998046875,-0.356689453125,0.5));
#2332 = CARTESIAN_POINT('',(0.697998046875,-0.637939453125,0.5));
#2333 = CARTESIAN_POINT('',(0.492919921875,-0.83349609375,0.5));
#2334 = VECTOR('',#2335,1.);
#2335 = DIRECTION('',(-0.,-0.,-1.));
#2336 = DEFINITIONAL_REPRESENTATION('',(#2337),#2350);
#2337 = B_SPLINE_CURVE_WITH_KNOTS('',6,(#2338,#2339,#2340,#2341,#2342,
    #2343,#2344,#2345,#2346,#2347,#2348,#2349),.UNSPECIFIED.,.F.,.F.,(7,
    5,7),(0.,0.497693570074,1.),.UNSPECIFIED.);
#2338 = CARTESIAN_POINT('',(1.,-0.188617479333));
#2339 = CARTESIAN_POINT('',(0.918100575697,-0.187780895072));
#2340 = CARTESIAN_POINT('',(0.83535692991,-0.186919981188));
#2341 = CARTESIAN_POINT('',(0.751934301257,-0.18601084776));
#2342 = CARTESIAN_POINT('',(0.668048985718,-0.185036255416));
#2343 = CARTESIAN_POINT('',(0.583966545544,-0.183988336563));
#2344 = CARTESIAN_POINT('',(0.4152552492,-0.181743943605));
#2345 = CARTESIAN_POINT('',(0.330625507186,-0.180546084157));
#2346 = CARTESIAN_POINT('',(0.246426567432,-0.179281673162));
#2347 = CARTESIAN_POINT('',(0.163007213453,-0.177966007667));
#2348 = CARTESIAN_POINT('',(8.074390714244E-02,-0.176625672126));
#2349 = CARTESIAN_POINT('',(0.,-0.175290635512));
#2350 = ( GEOMETRIC_REPRESENTATION_CONTEXT(2) 
PARAMETRIC_REPRESENTATION_CONTEXT() REPRESENTATION_CONTEXT('2D SPACE',''
  ) );
#2351 = ORIENTED_EDGE('',*,*,#2352,.T.);
#2352 = EDGE_CURVE('',#2296,#2353,#2355,.T.);
#2353 = VERTEX_POINT('',#2354);
#2354 = CARTESIAN_POINT('',(0.592529296875,-1.025390625E-02,
    0.664449214229));
#2355 = SURFACE_CURVE('',#2356,(#2365,#2377),.PCURVE_S1.);
#2356 = B_SPLINE_CURVE_WITH_KNOTS('',7,(#2357,#2358,#2359,#2360,#2361,
    #2362,#2363,#2364),.UNSPECIFIED.,.F.,.F.,(8,8),(0.,1.),
  .PIECEWISE_BEZIER_KNOTS.);
#2357 = CARTESIAN_POINT('',(0.697998046875,-0.356689453125,
    0.675290635512));
#2358 = CARTESIAN_POINT('',(0.697998046875,-0.298398937304,
    0.673577235415));
#2359 = CARTESIAN_POINT('',(0.693166566017,-0.242722109678,
    0.671989713312));
#2360 = CARTESIAN_POINT('',(0.683332668893,-0.189832136097,
    0.670470474366));
#2361 = CARTESIAN_POINT('',(0.668351677397,-0.139929699155,
    0.668974367572));
#2362 = CARTESIAN_POINT('',(0.648148719841,-9.323360332047E-02,
    0.66747218596));
#2363 = CARTESIAN_POINT('',(0.622775589862,-4.995216579564E-02,
    0.665958316391));
#2364 = CARTESIAN_POINT('',(0.592529296875,-1.025390625E-02,
    0.664449214229));
#2365 = PCURVE('',#541,#2366);
#2366 = DEFINITIONAL_REPRESENTATION('',(#2367),#2376);
#2367 = B_SPLINE_CURVE_WITH_KNOTS('',7,(#2368,#2369,#2370,#2371,#2372,
    #2373,#2374,#2375),.UNSPECIFIED.,.F.,.F.,(8,8),(0.,1.),
  .PIECEWISE_BEZIER_KNOTS.);
#2368 = CARTESIAN_POINT('',(5.810762327954,-1.506289841187));
#2369 = CARTESIAN_POINT('',(5.876981028686,-1.508475704807));
#2370 = CARTESIAN_POINT('',(5.942654249065,-1.510587286638));
#2371 = CARTESIAN_POINT('',(6.007564425414,-1.512687437486));
#2372 = CARTESIAN_POINT('',(6.071737455942,-1.514838958676));
#2373 = CARTESIAN_POINT('',(6.135553259373,-1.517095998973));
#2374 = CARTESIAN_POINT('',(6.199786912057,-1.519495479669));
#2375 = CARTESIAN_POINT('',(6.265881719162,-1.522041980327));
#2376 = ( GEOMETRIC_REPRESENTATION_CONTEXT(2) 
PARAMETRIC_REPRESENTATION_CONTEXT() REPRESENTATION_CONTEXT('2D SPACE',''
  ) );
#2377 = PCURVE('',#2378,#2385);
#2378 = SURFACE_OF_LINEAR_EXTRUSION('',#2379,#2383);
#2379 = B_SPLINE_CURVE_WITH_KNOTS('',2,(#2380,#2381,#2382),
  .UNSPECIFIED.,.F.,.F.,(3,3),(0.,1.),.PIECEWISE_BEZIER_KNOTS.);
#2380 = CARTESIAN_POINT('',(0.592529296875,-1.025390625E-02,0.5));
#2381 = CARTESIAN_POINT('',(0.697998046875,-0.148681640625,0.5));
#2382 = CARTESIAN_POINT('',(0.697998046875,-0.356689453125,0.5));
#2383 = VECTOR('',#2384,1.);
#2384 = DIRECTION('',(-0.,-0.,-1.));
#2385 = DEFINITIONAL_REPRESENTATION('',(#2386),#2395);
#2386 = B_SPLINE_CURVE_WITH_KNOTS('',7,(#2387,#2388,#2389,#2390,#2391,
    #2392,#2393,#2394),.UNSPECIFIED.,.F.,.F.,(8,8),(0.,1.),
  .PIECEWISE_BEZIER_KNOTS.);
#2387 = CARTESIAN_POINT('',(1.,-0.175290635512));
#2388 = CARTESIAN_POINT('',(0.859883830515,-0.173577235415));
#2389 = CARTESIAN_POINT('',(0.718388513087,-0.171989713312));
#2390 = CARTESIAN_POINT('',(0.575659224869,-0.170470474366));
#2391 = CARTESIAN_POINT('',(0.431948925662,-0.168974367572));
#2392 = CARTESIAN_POINT('',(0.287664835638,-0.16747218596));
#2393 = CARTESIAN_POINT('',(0.143389833421,-0.165958316391));
#2394 = CARTESIAN_POINT('',(0.,-0.164449214229));
#2395 = ( GEOMETRIC_REPRESENTATION_CONTEXT(2) 
PARAMETRIC_REPRESENTATION_CONTEXT() REPRESENTATION_CONTEXT('2D SPACE',''
  ) );
#2396 = ORIENTED_EDGE('',*,*,#2397,.T.);
#2397 = EDGE_CURVE('',#2353,#557,#2398,.T.);
#2398 = SURFACE_CURVE('',#2399,(#2405,#2414),.PCURVE_S1.);
#2399 = B_SPLINE_CURVE_WITH_KNOTS('',4,(#2400,#2401,#2402,#2403,#2404),
  .UNSPECIFIED.,.F.,.F.,(5,5),(0.,1.),.PIECEWISE_BEZIER_KNOTS.);
#2400 = CARTESIAN_POINT('',(0.592529296875,-1.025390625E-02,
    0.664449214229));
#2401 = CARTESIAN_POINT('',(0.590551091153,-7.657511239418E-03,
    0.66435051405));
#2402 = CARTESIAN_POINT('',(0.588552755904,-5.083008437638E-03,
    0.664252021041));
#2403 = CARTESIAN_POINT('',(0.586534333019,-2.530475761647E-03,
    0.664153728905));
#2404 = CARTESIAN_POINT('',(0.584495884608,-1.52655665886E-16,
    0.664055633222));
#2405 = PCURVE('',#541,#2406);
#2406 = DEFINITIONAL_REPRESENTATION('',(#2407),#2413);
#2407 = B_SPLINE_CURVE_WITH_KNOTS('',4,(#2408,#2409,#2410,#2411,#2412),
  .UNSPECIFIED.,.F.,.F.,(5,5),(0.,1.),.PIECEWISE_BEZIER_KNOTS.);
#2408 = CARTESIAN_POINT('',(6.265881719162,-1.522041980327));
#2409 = CARTESIAN_POINT('',(6.27020453405,-1.522208529735));
#2410 = CARTESIAN_POINT('',(6.274529173031,-1.522375487551));
#2411 = CARTESIAN_POINT('',(6.278855976848,-1.522542872795));
#2412 = CARTESIAN_POINT('',(6.28318530718,-1.522710702348));
#2413 = ( GEOMETRIC_REPRESENTATION_CONTEXT(2) 
PARAMETRIC_REPRESENTATION_CONTEXT() REPRESENTATION_CONTEXT('2D SPACE',''
  ) );
#2414 = PCURVE('',#610,#2415);
#2415 = DEFINITIONAL_REPRESENTATION('',(#2416),#2422);
#2416 = B_SPLINE_CURVE_WITH_KNOTS('',4,(#2417,#2418,#2419,#2420,#2421),
  .UNSPECIFIED.,.F.,.F.,(5,5),(0.,1.),.PIECEWISE_BEZIER_KNOTS.);
#2417 = CARTESIAN_POINT('',(1.,-0.164449214229));
#2418 = CARTESIAN_POINT('',(0.990621839538,-0.16435051405));
#2419 = CARTESIAN_POINT('',(0.981242707973,-0.164252020703));
#2420 = CARTESIAN_POINT('',(0.971862874309,-0.164153729175));
#2421 = CARTESIAN_POINT('',(0.962482612348,-0.164055633492));
#2422 = ( GEOMETRIC_REPRESENTATION_CONTEXT(2) 
PARAMETRIC_REPRESENTATION_CONTEXT() REPRESENTATION_CONTEXT('2D SPACE',''
  ) );
#2423 = ADVANCED_FACE('',(#2424),#610,.F.);
#2424 = FACE_BOUND('',#2425,.F.);
#2425 = EDGE_LOOP('',(#2426,#2456,#2477,#2478,#2479));
#2426 = ORIENTED_EDGE('',*,*,#2427,.F.);
#2427 = EDGE_CURVE('',#2428,#2430,#2432,.T.);
#2428 = VERTEX_POINT('',#2429);
#2429 = CARTESIAN_POINT('',(0.296630859375,0.172119140625,0.5));
#2430 = VERTEX_POINT('',#2431);
#2431 = CARTESIAN_POINT('',(0.592529296875,-1.025390625E-02,0.5));
#2432 = SURFACE_CURVE('',#2433,(#2437,#2444),.PCURVE_S1.);
#2433 = B_SPLINE_CURVE_WITH_KNOTS('',2,(#2434,#2435,#2436),
  .UNSPECIFIED.,.F.,.F.,(3,3),(0.,1.),.PIECEWISE_BEZIER_KNOTS.);
#2434 = CARTESIAN_POINT('',(0.296630859375,0.172119140625,0.5));
#2435 = CARTESIAN_POINT('',(0.487060546875,0.128173828125,0.5));
#2436 = CARTESIAN_POINT('',(0.592529296875,-1.025390625E-02,0.5));
#2437 = PCURVE('',#610,#2438);
#2438 = DEFINITIONAL_REPRESENTATION('',(#2439),#2443);
#2439 = LINE('',#2440,#2441);
#2440 = CARTESIAN_POINT('',(0.,0.));
#2441 = VECTOR('',#2442,1.);
#2442 = DIRECTION('',(1.,0.));
#2443 = ( GEOMETRIC_REPRESENTATION_CONTEXT(2) 
PARAMETRIC_REPRESENTATION_CONTEXT() REPRESENTATION_CONTEXT('2D SPACE',''
  ) );
#2444 = PCURVE('',#2445,#2450);
#2445 = PLANE('',#2446);
#2446 = AXIS2_PLACEMENT_3D('',#2447,#2448,#2449);
#2447 = CARTESIAN_POINT('',(-0.834228515625,-0.990966796875,0.5));
#2448 = DIRECTION('',(0.,0.,1.));
#2449 = DIRECTION('',(1.,0.,0.));
#2450 = DEFINITIONAL_REPRESENTATION('',(#2451),#2455);
#2451 = B_SPLINE_CURVE_WITH_KNOTS('',2,(#2452,#2453,#2454),
  .UNSPECIFIED.,.F.,.F.,(3,3),(0.,1.),.PIECEWISE_BEZIER_KNOTS.);
#2452 = CARTESIAN_POINT('',(1.130859375,1.1630859375));
#2453 = CARTESIAN_POINT('',(1.3212890625,1.119140625));
#2454 = CARTESIAN_POINT('',(1.4267578125,0.980712890625));
#2455 = ( GEOMETRIC_REPRESENTATION_CONTEXT(2) 
PARAMETRIC_REPRESENTATION_CONTEXT() REPRESENTATION_CONTEXT('2D SPACE',''
  ) );
#2456 = ORIENTED_EDGE('',*,*,#2457,.T.);
#2457 = EDGE_CURVE('',#2428,#583,#2458,.T.);
#2458 = SURFACE_CURVE('',#2459,(#2463,#2470),.PCURVE_S1.);
#2459 = LINE('',#2460,#2461);
#2460 = CARTESIAN_POINT('',(0.296630859375,0.172119140625,0.5));
#2461 = VECTOR('',#2462,1.);
#2462 = DIRECTION('',(0.,0.,1.));
#2463 = PCURVE('',#610,#2464);
#2464 = DEFINITIONAL_REPRESENTATION('',(#2465),#2469);
#2465 = LINE('',#2466,#2467);
#2466 = CARTESIAN_POINT('',(0.,0.));
#2467 = VECTOR('',#2468,1.);
#2468 = DIRECTION('',(0.,-1.));
#2469 = ( GEOMETRIC_REPRESENTATION_CONTEXT(2) 
PARAMETRIC_REPRESENTATION_CONTEXT() REPRESENTATION_CONTEXT('2D SPACE',''
  ) );
#2470 = PCURVE('',#668,#2471);
#2471 = DEFINITIONAL_REPRESENTATION('',(#2472),#2476);
#2472 = LINE('',#2473,#2474);
#2473 = CARTESIAN_POINT('',(1.,0.));
#2474 = VECTOR('',#2475,1.);
#2475 = DIRECTION('',(0.,-1.));
#2476 = ( GEOMETRIC_REPRESENTATION_CONTEXT(2) 
PARAMETRIC_REPRESENTATION_CONTEXT() REPRESENTATION_CONTEXT('2D SPACE',''
  ) );
#2477 = ORIENTED_EDGE('',*,*,#582,.F.);
#2478 = ORIENTED_EDGE('',*,*,#2397,.F.);
#2479 = ORIENTED_EDGE('',*,*,#2480,.F.);
#2480 = EDGE_CURVE('',#2430,#2353,#2481,.T.);
#2481 = SURFACE_CURVE('',#2482,(#2486,#2493),.PCURVE_S1.);
#2482 = LINE('',#2483,#2484);
#2483 = CARTESIAN_POINT('',(0.592529296875,-1.025390625E-02,0.5));
#2484 = VECTOR('',#2485,1.);
#2485 = DIRECTION('',(0.,0.,1.));
#2486 = PCURVE('',#610,#2487);
#2487 = DEFINITIONAL_REPRESENTATION('',(#2488),#2492);
#2488 = LINE('',#2489,#2490);
#2489 = CARTESIAN_POINT('',(1.,0.));
#2490 = VECTOR('',#2491,1.);
#2491 = DIRECTION('',(0.,-1.));
#2492 = ( GEOMETRIC_REPRESENTATION_CONTEXT(2) 
PARAMETRIC_REPRESENTATION_CONTEXT() REPRESENTATION_CONTEXT('2D SPACE',''
  ) );
#2493 = PCURVE('',#2378,#2494);
#2494 = DEFINITIONAL_REPRESENTATION('',(#2495),#2499);
#2495 = LINE('',#2496,#2497);
#2496 = CARTESIAN_POINT('',(0.,0.));
#2497 = VECTOR('',#2498,1.);
#2498 = DIRECTION('',(0.,-1.));
#2499 = ( GEOMETRIC_REPRESENTATION_CONTEXT(2) 
PARAMETRIC_REPRESENTATION_CONTEXT() REPRESENTATION_CONTEXT('2D SPACE',''
  ) );
#2500 = ADVANCED_FACE('',(#2501),#2378,.F.);
#2501 = FACE_BOUND('',#2502,.F.);
#2502 = EDGE_LOOP('',(#2503,#2526,#2527,#2528));
#2503 = ORIENTED_EDGE('',*,*,#2504,.F.);
#2504 = EDGE_CURVE('',#2430,#2505,#2507,.T.);
#2505 = VERTEX_POINT('',#2506);
#2506 = CARTESIAN_POINT('',(0.697998046875,-0.356689453125,0.5));
#2507 = SURFACE_CURVE('',#2508,(#2512,#2519),.PCURVE_S1.);
#2508 = B_SPLINE_CURVE_WITH_KNOTS('',2,(#2509,#2510,#2511),
  .UNSPECIFIED.,.F.,.F.,(3,3),(0.,1.),.PIECEWISE_BEZIER_KNOTS.);
#2509 = CARTESIAN_POINT('',(0.592529296875,-1.025390625E-02,0.5));
#2510 = CARTESIAN_POINT('',(0.697998046875,-0.148681640625,0.5));
#2511 = CARTESIAN_POINT('',(0.697998046875,-0.356689453125,0.5));
#2512 = PCURVE('',#2378,#2513);
#2513 = DEFINITIONAL_REPRESENTATION('',(#2514),#2518);
#2514 = LINE('',#2515,#2516);
#2515 = CARTESIAN_POINT('',(0.,0.));
#2516 = VECTOR('',#2517,1.);
#2517 = DIRECTION('',(1.,0.));
#2518 = ( GEOMETRIC_REPRESENTATION_CONTEXT(2) 
PARAMETRIC_REPRESENTATION_CONTEXT() REPRESENTATION_CONTEXT('2D SPACE',''
  ) );
#2519 = PCURVE('',#2445,#2520);
#2520 = DEFINITIONAL_REPRESENTATION('',(#2521),#2525);
#2521 = B_SPLINE_CURVE_WITH_KNOTS('',2,(#2522,#2523,#2524),
  .UNSPECIFIED.,.F.,.F.,(3,3),(0.,1.),.PIECEWISE_BEZIER_KNOTS.);
#2522 = CARTESIAN_POINT('',(1.4267578125,0.980712890625));
#2523 = CARTESIAN_POINT('',(1.5322265625,0.84228515625));
#2524 = CARTESIAN_POINT('',(1.5322265625,0.63427734375));
#2525 = ( GEOMETRIC_REPRESENTATION_CONTEXT(2) 
PARAMETRIC_REPRESENTATION_CONTEXT() REPRESENTATION_CONTEXT('2D SPACE',''
  ) );
#2526 = ORIENTED_EDGE('',*,*,#2480,.T.);
#2527 = ORIENTED_EDGE('',*,*,#2352,.F.);
#2528 = ORIENTED_EDGE('',*,*,#2529,.F.);
#2529 = EDGE_CURVE('',#2505,#2296,#2530,.T.);
#2530 = SURFACE_CURVE('',#2531,(#2535,#2542),.PCURVE_S1.);
#2531 = LINE('',#2532,#2533);
#2532 = CARTESIAN_POINT('',(0.697998046875,-0.356689453125,0.5));
#2533 = VECTOR('',#2534,1.);
#2534 = DIRECTION('',(0.,0.,1.));
#2535 = PCURVE('',#2378,#2536);
#2536 = DEFINITIONAL_REPRESENTATION('',(#2537),#2541);
#2537 = LINE('',#2538,#2539);
#2538 = CARTESIAN_POINT('',(1.,0.));
#2539 = VECTOR('',#2540,1.);
#2540 = DIRECTION('',(0.,-1.));
#2541 = ( GEOMETRIC_REPRESENTATION_CONTEXT(2) 
PARAMETRIC_REPRESENTATION_CONTEXT() REPRESENTATION_CONTEXT('2D SPACE',''
  ) );
#2542 = PCURVE('',#2329,#2543);
#2543 = DEFINITIONAL_REPRESENTATION('',(#2544),#2548);
#2544 = LINE('',#2545,#2546);
#2545 = CARTESIAN_POINT('',(0.,0.));
#2546 = VECTOR('',#2547,1.);
#2547 = DIRECTION('',(0.,-1.));
#2548 = ( GEOMETRIC_REPRESENTATION_CONTEXT(2) 
PARAMETRIC_REPRESENTATION_CONTEXT() REPRESENTATION_CONTEXT('2D SPACE',''
  ) );
#2549 = ADVANCED_FACE('',(#2550),#2329,.F.);
#2550 = FACE_BOUND('',#2551,.F.);
#2551 = EDGE_LOOP('',(#2552,#2575,#2576,#2577));
#2552 = ORIENTED_EDGE('',*,*,#2553,.F.);
#2553 = EDGE_CURVE('',#2505,#2554,#2556,.T.);
#2554 = VERTEX_POINT('',#2555);
#2555 = CARTESIAN_POINT('',(0.492919921875,-0.83349609375,0.5));
#2556 = SURFACE_CURVE('',#2557,(#2561,#2568),.PCURVE_S1.);
#2557 = B_SPLINE_CURVE_WITH_KNOTS('',2,(#2558,#2559,#2560),
  .UNSPECIFIED.,.F.,.F.,(3,3),(0.,1.),.PIECEWISE_BEZIER_KNOTS.);
#2558 = CARTESIAN_POINT('',(0.697998046875,-0.356689453125,0.5));
#2559 = CARTESIAN_POINT('',(0.697998046875,-0.637939453125,0.5));
#2560 = CARTESIAN_POINT('',(0.492919921875,-0.83349609375,0.5));
#2561 = PCURVE('',#2329,#2562);
#2562 = DEFINITIONAL_REPRESENTATION('',(#2563),#2567);
#2563 = LINE('',#2564,#2565);
#2564 = CARTESIAN_POINT('',(0.,0.));
#2565 = VECTOR('',#2566,1.);
#2566 = DIRECTION('',(1.,0.));
#2567 = ( GEOMETRIC_REPRESENTATION_CONTEXT(2) 
PARAMETRIC_REPRESENTATION_CONTEXT() REPRESENTATION_CONTEXT('2D SPACE',''
  ) );
#2568 = PCURVE('',#2445,#2569);
#2569 = DEFINITIONAL_REPRESENTATION('',(#2570),#2574);
#2570 = B_SPLINE_CURVE_WITH_KNOTS('',2,(#2571,#2572,#2573),
  .UNSPECIFIED.,.F.,.F.,(3,3),(0.,1.),.PIECEWISE_BEZIER_KNOTS.);
#2571 = CARTESIAN_POINT('',(1.5322265625,0.63427734375));
#2572 = CARTESIAN_POINT('',(1.5322265625,0.35302734375));
#2573 = CARTESIAN_POINT('',(1.3271484375,0.157470703125));
#2574 = ( GEOMETRIC_REPRESENTATION_CONTEXT(2) 
PARAMETRIC_REPRESENTATION_CONTEXT() REPRESENTATION_CONTEXT('2D SPACE',''
  ) );
#2575 = ORIENTED_EDGE('',*,*,#2529,.T.);
#2576 = ORIENTED_EDGE('',*,*,#2295,.F.);
#2577 = ORIENTED_EDGE('',*,*,#2578,.F.);
#2578 = EDGE_CURVE('',#2554,#2239,#2579,.T.);
#2579 = SURFACE_CURVE('',#2580,(#2584,#2591),.PCURVE_S1.);
#2580 = LINE('',#2581,#2582);
#2581 = CARTESIAN_POINT('',(0.492919921875,-0.83349609375,0.5));
#2582 = VECTOR('',#2583,1.);
#2583 = DIRECTION('',(0.,0.,1.));
#2584 = PCURVE('',#2329,#2585);
#2585 = DEFINITIONAL_REPRESENTATION('',(#2586),#2590);
#2586 = LINE('',#2587,#2588);
#2587 = CARTESIAN_POINT('',(1.,0.));
#2588 = VECTOR('',#2589,1.);
#2589 = DIRECTION('',(0.,-1.));
#2590 = ( GEOMETRIC_REPRESENTATION_CONTEXT(2) 
PARAMETRIC_REPRESENTATION_CONTEXT() REPRESENTATION_CONTEXT('2D SPACE',''
  ) );
#2591 = PCURVE('',#2272,#2592);
#2592 = DEFINITIONAL_REPRESENTATION('',(#2593),#2597);
#2593 = LINE('',#2594,#2595);
#2594 = CARTESIAN_POINT('',(0.,0.));
#2595 = VECTOR('',#2596,1.);
#2596 = DIRECTION('',(0.,-1.));
#2597 = ( GEOMETRIC_REPRESENTATION_CONTEXT(2) 
PARAMETRIC_REPRESENTATION_CONTEXT() REPRESENTATION_CONTEXT('2D SPACE',''
  ) );
#2598 = ADVANCED_FACE('',(#2599),#2272,.F.);
#2599 = FACE_BOUND('',#2600,.F.);
#2600 = EDGE_LOOP('',(#2601,#2624,#2625,#2626));
#2601 = ORIENTED_EDGE('',*,*,#2602,.F.);
#2602 = EDGE_CURVE('',#2554,#2603,#2605,.T.);
#2603 = VERTEX_POINT('',#2604);
#2604 = CARTESIAN_POINT('',(-2.5634765625E-02,-1.029052734375,0.5));
#2605 = SURFACE_CURVE('',#2606,(#2610,#2617),.PCURVE_S1.);
#2606 = B_SPLINE_CURVE_WITH_KNOTS('',2,(#2607,#2608,#2609),
  .UNSPECIFIED.,.F.,.F.,(3,3),(0.,1.),.PIECEWISE_BEZIER_KNOTS.);
#2607 = CARTESIAN_POINT('',(0.492919921875,-0.83349609375,0.5));
#2608 = CARTESIAN_POINT('',(0.287841796875,-1.029052734375,0.5));
#2609 = CARTESIAN_POINT('',(-2.5634765625E-02,-1.029052734375,0.5));
#2610 = PCURVE('',#2272,#2611);
#2611 = DEFINITIONAL_REPRESENTATION('',(#2612),#2616);
#2612 = LINE('',#2613,#2614);
#2613 = CARTESIAN_POINT('',(0.,0.));
#2614 = VECTOR('',#2615,1.);
#2615 = DIRECTION('',(1.,0.));
#2616 = ( GEOMETRIC_REPRESENTATION_CONTEXT(2) 
PARAMETRIC_REPRESENTATION_CONTEXT() REPRESENTATION_CONTEXT('2D SPACE',''
  ) );
#2617 = PCURVE('',#2445,#2618);
#2618 = DEFINITIONAL_REPRESENTATION('',(#2619),#2623);
#2619 = B_SPLINE_CURVE_WITH_KNOTS('',2,(#2620,#2621,#2622),
  .UNSPECIFIED.,.F.,.F.,(3,3),(0.,1.),.PIECEWISE_BEZIER_KNOTS.);
#2620 = CARTESIAN_POINT('',(1.3271484375,0.157470703125));
#2621 = CARTESIAN_POINT('',(1.1220703125,-3.80859375E-02));
#2622 = CARTESIAN_POINT('',(0.80859375,-3.80859375E-02));
#2623 = ( GEOMETRIC_REPRESENTATION_CONTEXT(2) 
PARAMETRIC_REPRESENTATION_CONTEXT() REPRESENTATION_CONTEXT('2D SPACE',''
  ) );
#2624 = ORIENTED_EDGE('',*,*,#2578,.T.);
#2625 = ORIENTED_EDGE('',*,*,#2238,.F.);
#2626 = ORIENTED_EDGE('',*,*,#2627,.F.);
#2627 = EDGE_CURVE('',#2603,#2182,#2628,.T.);
#2628 = SURFACE_CURVE('',#2629,(#2633,#2640),.PCURVE_S1.);
#2629 = LINE('',#2630,#2631);
#2630 = CARTESIAN_POINT('',(-2.5634765625E-02,-1.029052734375,0.5));
#2631 = VECTOR('',#2632,1.);
#2632 = DIRECTION('',(0.,0.,1.));
#2633 = PCURVE('',#2272,#2634);
#2634 = DEFINITIONAL_REPRESENTATION('',(#2635),#2639);
#2635 = LINE('',#2636,#2637);
#2636 = CARTESIAN_POINT('',(1.,0.));
#2637 = VECTOR('',#2638,1.);
#2638 = DIRECTION('',(0.,-1.));
#2639 = ( GEOMETRIC_REPRESENTATION_CONTEXT(2) 
PARAMETRIC_REPRESENTATION_CONTEXT() REPRESENTATION_CONTEXT('2D SPACE',''
  ) );
#2640 = PCURVE('',#2215,#2641);
#2641 = DEFINITIONAL_REPRESENTATION('',(#2642),#2646);
#2642 = LINE('',#2643,#2644);
#2643 = CARTESIAN_POINT('',(0.,0.));
#2644 = VECTOR('',#2645,1.);
#2645 = DIRECTION('',(0.,-1.));
#2646 = ( GEOMETRIC_REPRESENTATION_CONTEXT(2) 
PARAMETRIC_REPRESENTATION_CONTEXT() REPRESENTATION_CONTEXT('2D SPACE',''
  ) );
#2647 = ADVANCED_FACE('',(#2648),#2215,.F.);
#2648 = FACE_BOUND('',#2649,.F.);
#2649 = EDGE_LOOP('',(#2650,#2673,#2674,#2675));
#2650 = ORIENTED_EDGE('',*,*,#2651,.F.);
#2651 = EDGE_CURVE('',#2603,#2652,#2654,.T.);
#2652 = VERTEX_POINT('',#2653);
#2653 = CARTESIAN_POINT('',(-0.4951171875,-0.860595703125,0.5));
#2654 = SURFACE_CURVE('',#2655,(#2659,#2666),.PCURVE_S1.);
#2655 = B_SPLINE_CURVE_WITH_KNOTS('',2,(#2656,#2657,#2658),
  .UNSPECIFIED.,.F.,.F.,(3,3),(0.,1.),.PIECEWISE_BEZIER_KNOTS.);
#2656 = CARTESIAN_POINT('',(-2.5634765625E-02,-1.029052734375,0.5));
#2657 = CARTESIAN_POINT('',(-0.308349609375,-1.029052734375,0.5));
#2658 = CARTESIAN_POINT('',(-0.4951171875,-0.860595703125,0.5));
#2659 = PCURVE('',#2215,#2660);
#2660 = DEFINITIONAL_REPRESENTATION('',(#2661),#2665);
#2661 = LINE('',#2662,#2663);
#2662 = CARTESIAN_POINT('',(0.,0.));
#2663 = VECTOR('',#2664,1.);
#2664 = DIRECTION('',(1.,0.));
#2665 = ( GEOMETRIC_REPRESENTATION_CONTEXT(2) 
PARAMETRIC_REPRESENTATION_CONTEXT() REPRESENTATION_CONTEXT('2D SPACE',''
  ) );
#2666 = PCURVE('',#2445,#2667);
#2667 = DEFINITIONAL_REPRESENTATION('',(#2668),#2672);
#2668 = B_SPLINE_CURVE_WITH_KNOTS('',2,(#2669,#2670,#2671),
  .UNSPECIFIED.,.F.,.F.,(3,3),(0.,1.),.PIECEWISE_BEZIER_KNOTS.);
#2669 = CARTESIAN_POINT('',(0.80859375,-3.80859375E-02));
#2670 = CARTESIAN_POINT('',(0.52587890625,-3.80859375E-02));
#2671 = CARTESIAN_POINT('',(0.339111328125,0.13037109375));
#2672 = ( GEOMETRIC_REPRESENTATION_CONTEXT(2) 
PARAMETRIC_REPRESENTATION_CONTEXT() REPRESENTATION_CONTEXT('2D SPACE',''
  ) );
#2673 = ORIENTED_EDGE('',*,*,#2627,.T.);
#2674 = ORIENTED_EDGE('',*,*,#2181,.F.);
#2675 = ORIENTED_EDGE('',*,*,#2676,.F.);
#2676 = EDGE_CURVE('',#2652,#2125,#2677,.T.);
#2677 = SURFACE_CURVE('',#2678,(#2682,#2689),.PCURVE_S1.);
#2678 = LINE('',#2679,#2680);
#2679 = CARTESIAN_POINT('',(-0.4951171875,-0.860595703125,0.5));
#2680 = VECTOR('',#2681,1.);
#2681 = DIRECTION('',(0.,0.,1.));
#2682 = PCURVE('',#2215,#2683);
#2683 = DEFINITIONAL_REPRESENTATION('',(#2684),#2688);
#2684 = LINE('',#2685,#2686);
#2685 = CARTESIAN_POINT('',(1.,0.));
#2686 = VECTOR('',#2687,1.);
#2687 = DIRECTION('',(0.,-1.));
#2688 = ( GEOMETRIC_REPRESENTATION_CONTEXT(2) 
PARAMETRIC_REPRESENTATION_CONTEXT() REPRESENTATION_CONTEXT('2D SPACE',''
  ) );
#2689 = PCURVE('',#2158,#2690);
#2690 = DEFINITIONAL_REPRESENTATION('',(#2691),#2695);
#2691 = LINE('',#2692,#2693);
#2692 = CARTESIAN_POINT('',(0.,0.));
#2693 = VECTOR('',#2694,1.);
#2694 = DIRECTION('',(0.,-1.));
#2695 = ( GEOMETRIC_REPRESENTATION_CONTEXT(2) 
PARAMETRIC_REPRESENTATION_CONTEXT() REPRESENTATION_CONTEXT('2D SPACE',''
  ) );
#2696 = ADVANCED_FACE('',(#2697),#2158,.F.);
#2697 = FACE_BOUND('',#2698,.F.);
#2698 = EDGE_LOOP('',(#2699,#2722,#2723,#2724));
#2699 = ORIENTED_EDGE('',*,*,#2700,.F.);
#2700 = EDGE_CURVE('',#2652,#2701,#2703,.T.);
#2701 = VERTEX_POINT('',#2702);
#2702 = CARTESIAN_POINT('',(-0.708251953125,-0.424072265625,0.5));
#2703 = SURFACE_CURVE('',#2704,(#2708,#2715),.PCURVE_S1.);
#2704 = B_SPLINE_CURVE_WITH_KNOTS('',2,(#2705,#2706,#2707),
  .UNSPECIFIED.,.F.,.F.,(3,3),(0.,1.),.PIECEWISE_BEZIER_KNOTS.);
#2705 = CARTESIAN_POINT('',(-0.4951171875,-0.860595703125,0.5));
#2706 = CARTESIAN_POINT('',(-0.681884765625,-0.692138671875,0.5));
#2707 = CARTESIAN_POINT('',(-0.708251953125,-0.424072265625,0.5));
#2708 = PCURVE('',#2158,#2709);
#2709 = DEFINITIONAL_REPRESENTATION('',(#2710),#2714);
#2710 = LINE('',#2711,#2712);
#2711 = CARTESIAN_POINT('',(0.,0.));
#2712 = VECTOR('',#2713,1.);
#2713 = DIRECTION('',(1.,0.));
#2714 = ( GEOMETRIC_REPRESENTATION_CONTEXT(2) 
PARAMETRIC_REPRESENTATION_CONTEXT() REPRESENTATION_CONTEXT('2D SPACE',''
  ) );
#2715 = PCURVE('',#2445,#2716);
#2716 = DEFINITIONAL_REPRESENTATION('',(#2717),#2721);
#2717 = B_SPLINE_CURVE_WITH_KNOTS('',2,(#2718,#2719,#2720),
  .UNSPECIFIED.,.F.,.F.,(3,3),(0.,1.),.PIECEWISE_BEZIER_KNOTS.);
#2718 = CARTESIAN_POINT('',(0.339111328125,0.13037109375));
#2719 = CARTESIAN_POINT('',(0.15234375,0.298828125));
#2720 = CARTESIAN_POINT('',(0.1259765625,0.56689453125));
#2721 = ( GEOMETRIC_REPRESENTATION_CONTEXT(2) 
PARAMETRIC_REPRESENTATION_CONTEXT() REPRESENTATION_CONTEXT('2D SPACE',''
  ) );
#2722 = ORIENTED_EDGE('',*,*,#2676,.T.);
#2723 = ORIENTED_EDGE('',*,*,#2124,.F.);
#2724 = ORIENTED_EDGE('',*,*,#2725,.F.);
#2725 = EDGE_CURVE('',#2701,#2091,#2726,.T.);
#2726 = SURFACE_CURVE('',#2727,(#2731,#2738),.PCURVE_S1.);
#2727 = LINE('',#2728,#2729);
#2728 = CARTESIAN_POINT('',(-0.708251953125,-0.424072265625,0.5));
#2729 = VECTOR('',#2730,1.);
#2730 = DIRECTION('',(0.,0.,1.));
#2731 = PCURVE('',#2158,#2732);
#2732 = DEFINITIONAL_REPRESENTATION('',(#2733),#2737);
#2733 = LINE('',#2734,#2735);
#2734 = CARTESIAN_POINT('',(1.,0.));
#2735 = VECTOR('',#2736,1.);
#2736 = DIRECTION('',(0.,-1.));
#2737 = ( GEOMETRIC_REPRESENTATION_CONTEXT(2) 
PARAMETRIC_REPRESENTATION_CONTEXT() REPRESENTATION_CONTEXT('2D SPACE',''
  ) );
#2738 = PCURVE('',#2112,#2739);
#2739 = DEFINITIONAL_REPRESENTATION('',(#2740),#2744);
#2740 = LINE('',#2741,#2742);
#2741 = CARTESIAN_POINT('',(0.,0.));
#2742 = VECTOR('',#2743,1.);
#2743 = DIRECTION('',(0.,-1.));
#2744 = ( GEOMETRIC_REPRESENTATION_CONTEXT(2) 
PARAMETRIC_REPRESENTATION_CONTEXT() REPRESENTATION_CONTEXT('2D SPACE',''
  ) );
#2745 = ADVANCED_FACE('',(#2746),#2112,.F.);
#2746 = FACE_BOUND('',#2747,.F.);
#2747 = EDGE_LOOP('',(#2748,#2771,#2772,#2773));
#2748 = ORIENTED_EDGE('',*,*,#2749,.F.);
#2749 = EDGE_CURVE('',#2701,#2750,#2752,.T.);
#2750 = VERTEX_POINT('',#2751);
#2751 = CARTESIAN_POINT('',(-0.444580078125,-0.388916015625,0.5));
#2752 = SURFACE_CURVE('',#2753,(#2757,#2764),.PCURVE_S1.);
#2753 = LINE('',#2754,#2755);
#2754 = CARTESIAN_POINT('',(-0.708251953125,-0.424072265625,0.5));
#2755 = VECTOR('',#2756,1.);
#2756 = DIRECTION('',(0.991227900683,0.132163720091,0.));
#2757 = PCURVE('',#2112,#2758);
#2758 = DEFINITIONAL_REPRESENTATION('',(#2759),#2763);
#2759 = LINE('',#2760,#2761);
#2760 = CARTESIAN_POINT('',(0.,0.));
#2761 = VECTOR('',#2762,1.);
#2762 = DIRECTION('',(1.,0.));
#2763 = ( GEOMETRIC_REPRESENTATION_CONTEXT(2) 
PARAMETRIC_REPRESENTATION_CONTEXT() REPRESENTATION_CONTEXT('2D SPACE',''
  ) );
#2764 = PCURVE('',#2445,#2765);
#2765 = DEFINITIONAL_REPRESENTATION('',(#2766),#2770);
#2766 = LINE('',#2767,#2768);
#2767 = CARTESIAN_POINT('',(0.1259765625,0.56689453125));
#2768 = VECTOR('',#2769,1.);
#2769 = DIRECTION('',(0.991227900683,0.132163720091));
#2770 = ( GEOMETRIC_REPRESENTATION_CONTEXT(2) 
PARAMETRIC_REPRESENTATION_CONTEXT() REPRESENTATION_CONTEXT('2D SPACE',''
  ) );
#2771 = ORIENTED_EDGE('',*,*,#2725,.T.);
#2772 = ORIENTED_EDGE('',*,*,#2090,.F.);
#2773 = ORIENTED_EDGE('',*,*,#2774,.F.);
#2774 = EDGE_CURVE('',#2750,#2046,#2775,.T.);
#2775 = SURFACE_CURVE('',#2776,(#2780,#2787),.PCURVE_S1.);
#2776 = LINE('',#2777,#2778);
#2777 = CARTESIAN_POINT('',(-0.444580078125,-0.388916015625,0.5));
#2778 = VECTOR('',#2779,1.);
#2779 = DIRECTION('',(0.,0.,1.));
#2780 = PCURVE('',#2112,#2781);
#2781 = DEFINITIONAL_REPRESENTATION('',(#2782),#2786);
#2782 = LINE('',#2783,#2784);
#2783 = CARTESIAN_POINT('',(0.26600529991,0.));
#2784 = VECTOR('',#2785,1.);
#2785 = DIRECTION('',(0.,-1.));
#2786 = ( GEOMETRIC_REPRESENTATION_CONTEXT(2) 
PARAMETRIC_REPRESENTATION_CONTEXT() REPRESENTATION_CONTEXT('2D SPACE',''
  ) );
#2787 = PCURVE('',#2071,#2788);
#2788 = DEFINITIONAL_REPRESENTATION('',(#2789),#2793);
#2789 = LINE('',#2790,#2791);
#2790 = CARTESIAN_POINT('',(0.,0.));
#2791 = VECTOR('',#2792,1.);
#2792 = DIRECTION('',(0.,-1.));
#2793 = ( GEOMETRIC_REPRESENTATION_CONTEXT(2) 
PARAMETRIC_REPRESENTATION_CONTEXT() REPRESENTATION_CONTEXT('2D SPACE',''
  ) );
#2794 = ADVANCED_FACE('',(#2795),#2071,.F.);
#2795 = FACE_BOUND('',#2796,.F.);
#2796 = EDGE_LOOP('',(#2797,#2820,#2821,#2822));
#2797 = ORIENTED_EDGE('',*,*,#2798,.F.);
#2798 = EDGE_CURVE('',#2750,#2799,#2801,.T.);
#2799 = VERTEX_POINT('',#2800);
#2800 = CARTESIAN_POINT('',(-0.2900390625,-0.7119140625,0.5));
#2801 = SURFACE_CURVE('',#2802,(#2806,#2813),.PCURVE_S1.);
#2802 = B_SPLINE_CURVE_WITH_KNOTS('',2,(#2803,#2804,#2805),
  .UNSPECIFIED.,.F.,.F.,(3,3),(0.,1.),.PIECEWISE_BEZIER_KNOTS.);
#2803 = CARTESIAN_POINT('',(-0.444580078125,-0.388916015625,0.5));
#2804 = CARTESIAN_POINT('',(-0.399169921875,-0.613037109375,0.5));
#2805 = CARTESIAN_POINT('',(-0.2900390625,-0.7119140625,0.5));
#2806 = PCURVE('',#2071,#2807);
#2807 = DEFINITIONAL_REPRESENTATION('',(#2808),#2812);
#2808 = LINE('',#2809,#2810);
#2809 = CARTESIAN_POINT('',(0.,0.));
#2810 = VECTOR('',#2811,1.);
#2811 = DIRECTION('',(1.,0.));
#2812 = ( GEOMETRIC_REPRESENTATION_CONTEXT(2) 
PARAMETRIC_REPRESENTATION_CONTEXT() REPRESENTATION_CONTEXT('2D SPACE',''
  ) );
#2813 = PCURVE('',#2445,#2814);
#2814 = DEFINITIONAL_REPRESENTATION('',(#2815),#2819);
#2815 = B_SPLINE_CURVE_WITH_KNOTS('',2,(#2816,#2817,#2818),
  .UNSPECIFIED.,.F.,.F.,(3,3),(0.,1.),.PIECEWISE_BEZIER_KNOTS.);
#2816 = CARTESIAN_POINT('',(0.3896484375,0.60205078125));
#2817 = CARTESIAN_POINT('',(0.43505859375,0.3779296875));
#2818 = CARTESIAN_POINT('',(0.544189453125,0.279052734375));
#2819 = ( GEOMETRIC_REPRESENTATION_CONTEXT(2) 
PARAMETRIC_REPRESENTATION_CONTEXT() REPRESENTATION_CONTEXT('2D SPACE',''
  ) );
#2820 = ORIENTED_EDGE('',*,*,#2774,.T.);
#2821 = ORIENTED_EDGE('',*,*,#2045,.F.);
#2822 = ORIENTED_EDGE('',*,*,#2823,.F.);
#2823 = EDGE_CURVE('',#2799,#1989,#2824,.T.);
#2824 = SURFACE_CURVE('',#2825,(#2829,#2836),.PCURVE_S1.);
#2825 = LINE('',#2826,#2827);
#2826 = CARTESIAN_POINT('',(-0.2900390625,-0.7119140625,0.5));
#2827 = VECTOR('',#2828,1.);
#2828 = DIRECTION('',(0.,0.,1.));
#2829 = PCURVE('',#2071,#2830);
#2830 = DEFINITIONAL_REPRESENTATION('',(#2831),#2835);
#2831 = LINE('',#2832,#2833);
#2832 = CARTESIAN_POINT('',(1.,0.));
#2833 = VECTOR('',#2834,1.);
#2834 = DIRECTION('',(0.,-1.));
#2835 = ( GEOMETRIC_REPRESENTATION_CONTEXT(2) 
PARAMETRIC_REPRESENTATION_CONTEXT() REPRESENTATION_CONTEXT('2D SPACE',''
  ) );
#2836 = PCURVE('',#2022,#2837);
#2837 = DEFINITIONAL_REPRESENTATION('',(#2838),#2842);
#2838 = LINE('',#2839,#2840);
#2839 = CARTESIAN_POINT('',(0.,0.));
#2840 = VECTOR('',#2841,1.);
#2841 = DIRECTION('',(0.,-1.));
#2842 = ( GEOMETRIC_REPRESENTATION_CONTEXT(2) 
PARAMETRIC_REPRESENTATION_CONTEXT() REPRESENTATION_CONTEXT('2D SPACE',''
  ) );
#2843 = ADVANCED_FACE('',(#2844),#2022,.F.);
#2844 = FACE_BOUND('',#2845,.F.);
#2845 = EDGE_LOOP('',(#2846,#2869,#2870,#2871));
#2846 = ORIENTED_EDGE('',*,*,#2847,.F.);
#2847 = EDGE_CURVE('',#2799,#2848,#2850,.T.);
#2848 = VERTEX_POINT('',#2849);
#2849 = CARTESIAN_POINT('',(-2.4169921875E-02,-0.810791015625,0.5));
#2850 = SURFACE_CURVE('',#2851,(#2855,#2862),.PCURVE_S1.);
#2851 = B_SPLINE_CURVE_WITH_KNOTS('',2,(#2852,#2853,#2854),
  .UNSPECIFIED.,.F.,.F.,(3,3),(0.,1.),.PIECEWISE_BEZIER_KNOTS.);
#2852 = CARTESIAN_POINT('',(-0.2900390625,-0.7119140625,0.5));
#2853 = CARTESIAN_POINT('',(-0.180908203125,-0.810791015625,0.5));
#2854 = CARTESIAN_POINT('',(-2.4169921875E-02,-0.810791015625,0.5));
#2855 = PCURVE('',#2022,#2856);
#2856 = DEFINITIONAL_REPRESENTATION('',(#2857),#2861);
#2857 = LINE('',#2858,#2859);
#2858 = CARTESIAN_POINT('',(0.,0.));
#2859 = VECTOR('',#2860,1.);
#2860 = DIRECTION('',(1.,0.));
#2861 = ( GEOMETRIC_REPRESENTATION_CONTEXT(2) 
PARAMETRIC_REPRESENTATION_CONTEXT() REPRESENTATION_CONTEXT('2D SPACE',''
  ) );
#2862 = PCURVE('',#2445,#2863);
#2863 = DEFINITIONAL_REPRESENTATION('',(#2864),#2868);
#2864 = B_SPLINE_CURVE_WITH_KNOTS('',2,(#2865,#2866,#2867),
  .UNSPECIFIED.,.F.,.F.,(3,3),(0.,1.),.PIECEWISE_BEZIER_KNOTS.);
#2865 = CARTESIAN_POINT('',(0.544189453125,0.279052734375));
#2866 = CARTESIAN_POINT('',(0.6533203125,0.18017578125));
#2867 = CARTESIAN_POINT('',(0.81005859375,0.18017578125));
#2868 = ( GEOMETRIC_REPRESENTATION_CONTEXT(2) 
PARAMETRIC_REPRESENTATION_CONTEXT() REPRESENTATION_CONTEXT('2D SPACE',''
  ) );
#2869 = ORIENTED_EDGE('',*,*,#2823,.T.);
#2870 = ORIENTED_EDGE('',*,*,#1988,.F.);
#2871 = ORIENTED_EDGE('',*,*,#2872,.F.);
#2872 = EDGE_CURVE('',#2848,#1938,#2873,.T.);
#2873 = SURFACE_CURVE('',#2874,(#2878,#2885),.PCURVE_S1.);
#2874 = LINE('',#2875,#2876);
#2875 = CARTESIAN_POINT('',(-2.4169921875E-02,-0.810791015625,0.5));
#2876 = VECTOR('',#2877,1.);
#2877 = DIRECTION('',(0.,0.,1.));
#2878 = PCURVE('',#2022,#2879);
#2879 = DEFINITIONAL_REPRESENTATION('',(#2880),#2884);
#2880 = LINE('',#2881,#2882);
#2881 = CARTESIAN_POINT('',(1.,0.));
#2882 = VECTOR('',#2883,1.);
#2883 = DIRECTION('',(0.,-1.));
#2884 = ( GEOMETRIC_REPRESENTATION_CONTEXT(2) 
PARAMETRIC_REPRESENTATION_CONTEXT() REPRESENTATION_CONTEXT('2D SPACE',''
  ) );
#2885 = PCURVE('',#1967,#2886);
#2886 = DEFINITIONAL_REPRESENTATION('',(#2887),#2891);
#2887 = LINE('',#2888,#2889);
#2888 = CARTESIAN_POINT('',(0.,0.));
#2889 = VECTOR('',#2890,1.);
#2890 = DIRECTION('',(0.,-1.));
#2891 = ( GEOMETRIC_REPRESENTATION_CONTEXT(2) 
PARAMETRIC_REPRESENTATION_CONTEXT() REPRESENTATION_CONTEXT('2D SPACE',''
  ) );
#2892 = ADVANCED_FACE('',(#2893),#1967,.F.);
#2893 = FACE_BOUND('',#2894,.F.);
#2894 = EDGE_LOOP('',(#2895,#2918,#2919,#2920));
#2895 = ORIENTED_EDGE('',*,*,#2896,.F.);
#2896 = EDGE_CURVE('',#2848,#2897,#2899,.T.);
#2897 = VERTEX_POINT('',#2898);
#2898 = CARTESIAN_POINT('',(0.2900390625,-0.681884765625,0.5));
#2899 = SURFACE_CURVE('',#2900,(#2904,#2911),.PCURVE_S1.);
#2900 = B_SPLINE_CURVE_WITH_KNOTS('',2,(#2901,#2902,#2903),
  .UNSPECIFIED.,.F.,.F.,(3,3),(0.,1.),.PIECEWISE_BEZIER_KNOTS.);
#2901 = CARTESIAN_POINT('',(-2.4169921875E-02,-0.810791015625,0.5));
#2902 = CARTESIAN_POINT('',(0.161865234375,-0.810791015625,0.5));
#2903 = CARTESIAN_POINT('',(0.2900390625,-0.681884765625,0.5));
#2904 = PCURVE('',#1967,#2905);
#2905 = DEFINITIONAL_REPRESENTATION('',(#2906),#2910);
#2906 = LINE('',#2907,#2908);
#2907 = CARTESIAN_POINT('',(0.,0.));
#2908 = VECTOR('',#2909,1.);
#2909 = DIRECTION('',(1.,0.));
#2910 = ( GEOMETRIC_REPRESENTATION_CONTEXT(2) 
PARAMETRIC_REPRESENTATION_CONTEXT() REPRESENTATION_CONTEXT('2D SPACE',''
  ) );
#2911 = PCURVE('',#2445,#2912);
#2912 = DEFINITIONAL_REPRESENTATION('',(#2913),#2917);
#2913 = B_SPLINE_CURVE_WITH_KNOTS('',2,(#2914,#2915,#2916),
  .UNSPECIFIED.,.F.,.F.,(3,3),(0.,1.),.PIECEWISE_BEZIER_KNOTS.);
#2914 = CARTESIAN_POINT('',(0.81005859375,0.18017578125));
#2915 = CARTESIAN_POINT('',(0.99609375,0.18017578125));
#2916 = CARTESIAN_POINT('',(1.124267578125,0.30908203125));
#2917 = ( GEOMETRIC_REPRESENTATION_CONTEXT(2) 
PARAMETRIC_REPRESENTATION_CONTEXT() REPRESENTATION_CONTEXT('2D SPACE',''
  ) );
#2918 = ORIENTED_EDGE('',*,*,#2872,.T.);
#2919 = ORIENTED_EDGE('',*,*,#1937,.F.);
#2920 = ORIENTED_EDGE('',*,*,#2921,.F.);
#2921 = EDGE_CURVE('',#2897,#1866,#2922,.T.);
#2922 = SURFACE_CURVE('',#2923,(#2927,#2934),.PCURVE_S1.);
#2923 = LINE('',#2924,#2925);
#2924 = CARTESIAN_POINT('',(0.2900390625,-0.681884765625,0.5));
#2925 = VECTOR('',#2926,1.);
#2926 = DIRECTION('',(0.,0.,1.));
#2927 = PCURVE('',#1967,#2928);
#2928 = DEFINITIONAL_REPRESENTATION('',(#2929),#2933);
#2929 = LINE('',#2930,#2931);
#2930 = CARTESIAN_POINT('',(1.,0.));
#2931 = VECTOR('',#2932,1.);
#2932 = DIRECTION('',(0.,-1.));
#2933 = ( GEOMETRIC_REPRESENTATION_CONTEXT(2) 
PARAMETRIC_REPRESENTATION_CONTEXT() REPRESENTATION_CONTEXT('2D SPACE',''
  ) );
#2934 = PCURVE('',#1909,#2935);
#2935 = DEFINITIONAL_REPRESENTATION('',(#2936),#2940);
#2936 = LINE('',#2937,#2938);
#2937 = CARTESIAN_POINT('',(0.,0.));
#2938 = VECTOR('',#2939,1.);
#2939 = DIRECTION('',(0.,-1.));
#2940 = ( GEOMETRIC_REPRESENTATION_CONTEXT(2) 
PARAMETRIC_REPRESENTATION_CONTEXT() REPRESENTATION_CONTEXT('2D SPACE',''
  ) );
#2941 = ADVANCED_FACE('',(#2942),#1909,.F.);
#2942 = FACE_BOUND('',#2943,.F.);
#2943 = EDGE_LOOP('',(#2944,#2967,#2968,#2969));
#2944 = ORIENTED_EDGE('',*,*,#2945,.F.);
#2945 = EDGE_CURVE('',#2897,#2946,#2948,.T.);
#2946 = VERTEX_POINT('',#2947);
#2947 = CARTESIAN_POINT('',(0.418212890625,-0.362548828125,0.5));
#2948 = SURFACE_CURVE('',#2949,(#2953,#2960),.PCURVE_S1.);
#2949 = B_SPLINE_CURVE_WITH_KNOTS('',2,(#2950,#2951,#2952),
  .UNSPECIFIED.,.F.,.F.,(3,3),(0.,1.),.PIECEWISE_BEZIER_KNOTS.);
#2950 = CARTESIAN_POINT('',(0.2900390625,-0.681884765625,0.5));
#2951 = CARTESIAN_POINT('',(0.418212890625,-0.552978515625,0.5));
#2952 = CARTESIAN_POINT('',(0.418212890625,-0.362548828125,0.5));
#2953 = PCURVE('',#1909,#2954);
#2954 = DEFINITIONAL_REPRESENTATION('',(#2955),#2959);
#2955 = LINE('',#2956,#2957);
#2956 = CARTESIAN_POINT('',(0.,0.));
#2957 = VECTOR('',#2958,1.);
#2958 = DIRECTION('',(1.,0.));
#2959 = ( GEOMETRIC_REPRESENTATION_CONTEXT(2) 
PARAMETRIC_REPRESENTATION_CONTEXT() REPRESENTATION_CONTEXT('2D SPACE',''
  ) );
#2960 = PCURVE('',#2445,#2961);
#2961 = DEFINITIONAL_REPRESENTATION('',(#2962),#2966);
#2962 = B_SPLINE_CURVE_WITH_KNOTS('',2,(#2963,#2964,#2965),
  .UNSPECIFIED.,.F.,.F.,(3,3),(0.,1.),.PIECEWISE_BEZIER_KNOTS.);
#2963 = CARTESIAN_POINT('',(1.124267578125,0.30908203125));
#2964 = CARTESIAN_POINT('',(1.25244140625,0.43798828125));
#2965 = CARTESIAN_POINT('',(1.25244140625,0.62841796875));
#2966 = ( GEOMETRIC_REPRESENTATION_CONTEXT(2) 
PARAMETRIC_REPRESENTATION_CONTEXT() REPRESENTATION_CONTEXT('2D SPACE',''
  ) );
#2967 = ORIENTED_EDGE('',*,*,#2921,.T.);
#2968 = ORIENTED_EDGE('',*,*,#1865,.F.);
#2969 = ORIENTED_EDGE('',*,*,#2970,.F.);
#2970 = EDGE_CURVE('',#2946,#1821,#2971,.T.);
#2971 = SURFACE_CURVE('',#2972,(#2976,#2983),.PCURVE_S1.);
#2972 = LINE('',#2973,#2974);
#2973 = CARTESIAN_POINT('',(0.418212890625,-0.362548828125,0.5));
#2974 = VECTOR('',#2975,1.);
#2975 = DIRECTION('',(0.,0.,1.));
#2976 = PCURVE('',#1909,#2977);
#2977 = DEFINITIONAL_REPRESENTATION('',(#2978),#2982);
#2978 = LINE('',#2979,#2980);
#2979 = CARTESIAN_POINT('',(1.,0.));
#2980 = VECTOR('',#2981,1.);
#2981 = DIRECTION('',(0.,-1.));
#2982 = ( GEOMETRIC_REPRESENTATION_CONTEXT(2) 
PARAMETRIC_REPRESENTATION_CONTEXT() REPRESENTATION_CONTEXT('2D SPACE',''
  ) );
#2983 = PCURVE('',#1846,#2984);
#2984 = DEFINITIONAL_REPRESENTATION('',(#2985),#2989);
#2985 = LINE('',#2986,#2987);
#2986 = CARTESIAN_POINT('',(0.,0.));
#2987 = VECTOR('',#2988,1.);
#2988 = DIRECTION('',(0.,-1.));
#2989 = ( GEOMETRIC_REPRESENTATION_CONTEXT(2) 
PARAMETRIC_REPRESENTATION_CONTEXT() REPRESENTATION_CONTEXT('2D SPACE',''
  ) );
#2990 = ADVANCED_FACE('',(#2991),#1846,.F.);
#2991 = FACE_BOUND('',#2992,.F.);
#2992 = EDGE_LOOP('',(#2993,#3016,#3017,#3018));
#2993 = ORIENTED_EDGE('',*,*,#2994,.F.);
#2994 = EDGE_CURVE('',#2946,#2995,#2997,.T.);
#2995 = VERTEX_POINT('',#2996);
#2996 = CARTESIAN_POINT('',(0.299560546875,-6.298828125E-02,0.5));
#2997 = SURFACE_CURVE('',#2998,(#3002,#3009),.PCURVE_S1.);
#2998 = B_SPLINE_CURVE_WITH_KNOTS('',2,(#2999,#3000,#3001),
  .UNSPECIFIED.,.F.,.F.,(3,3),(0.,1.),.PIECEWISE_BEZIER_KNOTS.);
#2999 = CARTESIAN_POINT('',(0.418212890625,-0.362548828125,0.5));
#3000 = CARTESIAN_POINT('',(0.418212890625,-0.180908203125,0.5));
#3001 = CARTESIAN_POINT('',(0.299560546875,-6.298828125E-02,0.5));
#3002 = PCURVE('',#1846,#3003);
#3003 = DEFINITIONAL_REPRESENTATION('',(#3004),#3008);
#3004 = LINE('',#3005,#3006);
#3005 = CARTESIAN_POINT('',(0.,0.));
#3006 = VECTOR('',#3007,1.);
#3007 = DIRECTION('',(1.,0.));
#3008 = ( GEOMETRIC_REPRESENTATION_CONTEXT(2) 
PARAMETRIC_REPRESENTATION_CONTEXT() REPRESENTATION_CONTEXT('2D SPACE',''
  ) );
#3009 = PCURVE('',#2445,#3010);
#3010 = DEFINITIONAL_REPRESENTATION('',(#3011),#3015);
#3011 = B_SPLINE_CURVE_WITH_KNOTS('',2,(#3012,#3013,#3014),
  .UNSPECIFIED.,.F.,.F.,(3,3),(0.,1.),.PIECEWISE_BEZIER_KNOTS.);
#3012 = CARTESIAN_POINT('',(1.25244140625,0.62841796875));
#3013 = CARTESIAN_POINT('',(1.25244140625,0.81005859375));
#3014 = CARTESIAN_POINT('',(1.1337890625,0.927978515625));
#3015 = ( GEOMETRIC_REPRESENTATION_CONTEXT(2) 
PARAMETRIC_REPRESENTATION_CONTEXT() REPRESENTATION_CONTEXT('2D SPACE',''
  ) );
#3016 = ORIENTED_EDGE('',*,*,#2970,.T.);
#3017 = ORIENTED_EDGE('',*,*,#1820,.F.);
#3018 = ORIENTED_EDGE('',*,*,#3019,.F.);
#3019 = EDGE_CURVE('',#2995,#1789,#3020,.T.);
#3020 = SURFACE_CURVE('',#3021,(#3025,#3032),.PCURVE_S1.);
#3021 = LINE('',#3022,#3023);
#3022 = CARTESIAN_POINT('',(0.299560546875,-6.298828125E-02,0.5));
#3023 = VECTOR('',#3024,1.);
#3024 = DIRECTION('',(0.,0.,1.));
#3025 = PCURVE('',#1846,#3026);
#3026 = DEFINITIONAL_REPRESENTATION('',(#3027),#3031);
#3027 = LINE('',#3028,#3029);
#3028 = CARTESIAN_POINT('',(1.,0.));
#3029 = VECTOR('',#3030,1.);
#3030 = DIRECTION('',(0.,-1.));
#3031 = ( GEOMETRIC_REPRESENTATION_CONTEXT(2) 
PARAMETRIC_REPRESENTATION_CONTEXT() REPRESENTATION_CONTEXT('2D SPACE',''
  ) );
#3032 = PCURVE('',#1715,#3033);
#3033 = DEFINITIONAL_REPRESENTATION('',(#3034),#3038);
#3034 = LINE('',#3035,#3036);
#3035 = CARTESIAN_POINT('',(0.,0.));
#3036 = VECTOR('',#3037,1.);
#3037 = DIRECTION('',(0.,-1.));
#3038 = ( GEOMETRIC_REPRESENTATION_CONTEXT(2) 
PARAMETRIC_REPRESENTATION_CONTEXT() REPRESENTATION_CONTEXT('2D SPACE',''
  ) );
#3039 = ADVANCED_FACE('',(#3040),#1715,.F.);
#3040 = FACE_BOUND('',#3041,.F.);
#3041 = EDGE_LOOP('',(#3042,#3065,#3066,#3067,#3068));
#3042 = ORIENTED_EDGE('',*,*,#3043,.F.);
#3043 = EDGE_CURVE('',#2995,#3044,#3046,.T.);
#3044 = VERTEX_POINT('',#3045);
#3045 = CARTESIAN_POINT('',(-2.197265625E-03,5.4931640625E-02,0.5));
#3046 = SURFACE_CURVE('',#3047,(#3051,#3058),.PCURVE_S1.);
#3047 = B_SPLINE_CURVE_WITH_KNOTS('',2,(#3048,#3049,#3050),
  .UNSPECIFIED.,.F.,.F.,(3,3),(0.,1.),.PIECEWISE_BEZIER_KNOTS.);
#3048 = CARTESIAN_POINT('',(0.299560546875,-6.298828125E-02,0.5));
#3049 = CARTESIAN_POINT('',(0.180908203125,5.4931640625E-02,0.5));
#3050 = CARTESIAN_POINT('',(-2.197265625E-03,5.4931640625E-02,0.5));
#3051 = PCURVE('',#1715,#3052);
#3052 = DEFINITIONAL_REPRESENTATION('',(#3053),#3057);
#3053 = LINE('',#3054,#3055);
#3054 = CARTESIAN_POINT('',(0.,0.));
#3055 = VECTOR('',#3056,1.);
#3056 = DIRECTION('',(1.,0.));
#3057 = ( GEOMETRIC_REPRESENTATION_CONTEXT(2) 
PARAMETRIC_REPRESENTATION_CONTEXT() REPRESENTATION_CONTEXT('2D SPACE',''
  ) );
#3058 = PCURVE('',#2445,#3059);
#3059 = DEFINITIONAL_REPRESENTATION('',(#3060),#3064);
#3060 = B_SPLINE_CURVE_WITH_KNOTS('',2,(#3061,#3062,#3063),
  .UNSPECIFIED.,.F.,.F.,(3,3),(0.,1.),.PIECEWISE_BEZIER_KNOTS.);
#3061 = CARTESIAN_POINT('',(1.1337890625,0.927978515625));
#3062 = CARTESIAN_POINT('',(1.01513671875,1.0458984375));
#3063 = CARTESIAN_POINT('',(0.83203125,1.0458984375));
#3064 = ( GEOMETRIC_REPRESENTATION_CONTEXT(2) 
PARAMETRIC_REPRESENTATION_CONTEXT() REPRESENTATION_CONTEXT('2D SPACE',''
  ) );
#3065 = ORIENTED_EDGE('',*,*,#3019,.T.);
#3066 = ORIENTED_EDGE('',*,*,#1788,.F.);
#3067 = ORIENTED_EDGE('',*,*,#1631,.F.);
#3068 = ORIENTED_EDGE('',*,*,#3069,.F.);
#3069 = EDGE_CURVE('',#3044,#1515,#3070,.T.);
#3070 = SURFACE_CURVE('',#3071,(#3075,#3082),.PCURVE_S1.);
#3071 = LINE('',#3072,#3073);
#3072 = CARTESIAN_POINT('',(-2.197265625E-03,5.4931640625E-02,0.5));
#3073 = VECTOR('',#3074,1.);
#3074 = DIRECTION('',(0.,0.,1.));
#3075 = PCURVE('',#1715,#3076);
#3076 = DEFINITIONAL_REPRESENTATION('',(#3077),#3081);
#3077 = LINE('',#3078,#3079);
#3078 = CARTESIAN_POINT('',(1.,0.));
#3079 = VECTOR('',#3080,1.);
#3080 = DIRECTION('',(0.,-1.));
#3081 = ( GEOMETRIC_REPRESENTATION_CONTEXT(2) 
PARAMETRIC_REPRESENTATION_CONTEXT() REPRESENTATION_CONTEXT('2D SPACE',''
  ) );
#3082 = PCURVE('',#1588,#3083);
#3083 = DEFINITIONAL_REPRESENTATION('',(#3084),#3088);
#3084 = LINE('',#3085,#3086);
#3085 = CARTESIAN_POINT('',(0.,0.));
#3086 = VECTOR('',#3087,1.);
#3087 = DIRECTION('',(0.,-1.));
#3088 = ( GEOMETRIC_REPRESENTATION_CONTEXT(2) 
PARAMETRIC_REPRESENTATION_CONTEXT() REPRESENTATION_CONTEXT('2D SPACE',''
  ) );
#3089 = ADVANCED_FACE('',(#3090),#1588,.F.);
#3090 = FACE_BOUND('',#3091,.F.);
#3091 = EDGE_LOOP('',(#3092,#3115,#3116,#3117));
#3092 = ORIENTED_EDGE('',*,*,#3093,.F.);
#3093 = EDGE_CURVE('',#3044,#3094,#3096,.T.);
#3094 = VERTEX_POINT('',#3095);
#3095 = CARTESIAN_POINT('',(-0.188232421875,2.5634765625E-02,0.5));
#3096 = SURFACE_CURVE('',#3097,(#3101,#3108),.PCURVE_S1.);
#3097 = B_SPLINE_CURVE_WITH_KNOTS('',2,(#3098,#3099,#3100),
  .UNSPECIFIED.,.F.,.F.,(3,3),(0.,1.),.PIECEWISE_BEZIER_KNOTS.);
#3098 = CARTESIAN_POINT('',(-2.197265625E-03,5.4931640625E-02,0.5));
#3099 = CARTESIAN_POINT('',(-7.6904296875E-02,5.4931640625E-02,0.5));
#3100 = CARTESIAN_POINT('',(-0.188232421875,2.5634765625E-02,0.5));
#3101 = PCURVE('',#1588,#3102);
#3102 = DEFINITIONAL_REPRESENTATION('',(#3103),#3107);
#3103 = LINE('',#3104,#3105);
#3104 = CARTESIAN_POINT('',(0.,0.));
#3105 = VECTOR('',#3106,1.);
#3106 = DIRECTION('',(1.,0.));
#3107 = ( GEOMETRIC_REPRESENTATION_CONTEXT(2) 
PARAMETRIC_REPRESENTATION_CONTEXT() REPRESENTATION_CONTEXT('2D SPACE',''
  ) );
#3108 = PCURVE('',#2445,#3109);
#3109 = DEFINITIONAL_REPRESENTATION('',(#3110),#3114);
#3110 = B_SPLINE_CURVE_WITH_KNOTS('',2,(#3111,#3112,#3113),
  .UNSPECIFIED.,.F.,.F.,(3,3),(0.,1.),.PIECEWISE_BEZIER_KNOTS.);
#3111 = CARTESIAN_POINT('',(0.83203125,1.0458984375));
#3112 = CARTESIAN_POINT('',(0.75732421875,1.0458984375));
#3113 = CARTESIAN_POINT('',(0.64599609375,1.0166015625));
#3114 = ( GEOMETRIC_REPRESENTATION_CONTEXT(2) 
PARAMETRIC_REPRESENTATION_CONTEXT() REPRESENTATION_CONTEXT('2D SPACE',''
  ) );
#3115 = ORIENTED_EDGE('',*,*,#3069,.T.);
#3116 = ORIENTED_EDGE('',*,*,#1514,.F.);
#3117 = ORIENTED_EDGE('',*,*,#3118,.F.);
#3118 = EDGE_CURVE('',#3094,#1469,#3119,.T.);
#3119 = SURFACE_CURVE('',#3120,(#3124,#3131),.PCURVE_S1.);
#3120 = LINE('',#3121,#3122);
#3121 = CARTESIAN_POINT('',(-0.188232421875,2.5634765625E-02,0.5));
#3122 = VECTOR('',#3123,1.);
#3123 = DIRECTION('',(0.,0.,1.));
#3124 = PCURVE('',#1588,#3125);
#3125 = DEFINITIONAL_REPRESENTATION('',(#3126),#3130);
#3126 = LINE('',#3127,#3128);
#3127 = CARTESIAN_POINT('',(1.,0.));
#3128 = VECTOR('',#3129,1.);
#3129 = DIRECTION('',(0.,-1.));
#3130 = ( GEOMETRIC_REPRESENTATION_CONTEXT(2) 
PARAMETRIC_REPRESENTATION_CONTEXT() REPRESENTATION_CONTEXT('2D SPACE',''
  ) );
#3131 = PCURVE('',#1502,#3132);
#3132 = DEFINITIONAL_REPRESENTATION('',(#3133),#3137);
#3133 = LINE('',#3134,#3135);
#3134 = CARTESIAN_POINT('',(0.,0.));
#3135 = VECTOR('',#3136,1.);
#3136 = DIRECTION('',(0.,-1.));
#3137 = ( GEOMETRIC_REPRESENTATION_CONTEXT(2) 
PARAMETRIC_REPRESENTATION_CONTEXT() REPRESENTATION_CONTEXT('2D SPACE',''
  ) );
#3138 = ADVANCED_FACE('',(#3139),#1502,.F.);
#3139 = FACE_BOUND('',#3140,.F.);
#3140 = EDGE_LOOP('',(#3141,#3164,#3165,#3166));
#3141 = ORIENTED_EDGE('',*,*,#3142,.F.);
#3142 = EDGE_CURVE('',#3094,#3143,#3145,.T.);
#3143 = VERTEX_POINT('',#3144);
#3144 = CARTESIAN_POINT('',(-0.158935546875,0.257080078125,0.5));
#3145 = SURFACE_CURVE('',#3146,(#3150,#3157),.PCURVE_S1.);
#3146 = LINE('',#3147,#3148);
#3147 = CARTESIAN_POINT('',(-0.188232421875,2.5634765625E-02,0.5));
#3148 = VECTOR('',#3149,1.);
#3149 = DIRECTION('',(0.125580186416,0.992083472687,0.));
#3150 = PCURVE('',#1502,#3151);
#3151 = DEFINITIONAL_REPRESENTATION('',(#3152),#3156);
#3152 = LINE('',#3153,#3154);
#3153 = CARTESIAN_POINT('',(0.,0.));
#3154 = VECTOR('',#3155,1.);
#3155 = DIRECTION('',(1.,0.));
#3156 = ( GEOMETRIC_REPRESENTATION_CONTEXT(2) 
PARAMETRIC_REPRESENTATION_CONTEXT() REPRESENTATION_CONTEXT('2D SPACE',''
  ) );
#3157 = PCURVE('',#2445,#3158);
#3158 = DEFINITIONAL_REPRESENTATION('',(#3159),#3163);
#3159 = LINE('',#3160,#3161);
#3160 = CARTESIAN_POINT('',(0.64599609375,1.0166015625));
#3161 = VECTOR('',#3162,1.);
#3162 = DIRECTION('',(0.125580186416,0.992083472687));
#3163 = ( GEOMETRIC_REPRESENTATION_CONTEXT(2) 
PARAMETRIC_REPRESENTATION_CONTEXT() REPRESENTATION_CONTEXT('2D SPACE',''
  ) );
#3164 = ORIENTED_EDGE('',*,*,#3118,.T.);
#3165 = ORIENTED_EDGE('',*,*,#1468,.F.);
#3166 = ORIENTED_EDGE('',*,*,#3167,.F.);
#3167 = EDGE_CURVE('',#3143,#1430,#3168,.T.);
#3168 = SURFACE_CURVE('',#3169,(#3173,#3180),.PCURVE_S1.);
#3169 = LINE('',#3170,#3171);
#3170 = CARTESIAN_POINT('',(-0.158935546875,0.257080078125,0.5));
#3171 = VECTOR('',#3172,1.);
#3172 = DIRECTION('',(0.,0.,1.));
#3173 = PCURVE('',#1502,#3174);
#3174 = DEFINITIONAL_REPRESENTATION('',(#3175),#3179);
#3175 = LINE('',#3176,#3177);
#3176 = CARTESIAN_POINT('',(0.233292176386,0.));
#3177 = VECTOR('',#3178,1.);
#3178 = DIRECTION('',(0.,-1.));
#3179 = ( GEOMETRIC_REPRESENTATION_CONTEXT(2) 
PARAMETRIC_REPRESENTATION_CONTEXT() REPRESENTATION_CONTEXT('2D SPACE',''
  ) );
#3180 = PCURVE('',#1451,#3181);
#3181 = DEFINITIONAL_REPRESENTATION('',(#3182),#3186);
#3182 = LINE('',#3183,#3184);
#3183 = CARTESIAN_POINT('',(0.,0.));
#3184 = VECTOR('',#3185,1.);
#3185 = DIRECTION('',(0.,-1.));
#3186 = ( GEOMETRIC_REPRESENTATION_CONTEXT(2) 
PARAMETRIC_REPRESENTATION_CONTEXT() REPRESENTATION_CONTEXT('2D SPACE',''
  ) );
#3187 = ADVANCED_FACE('',(#3188),#1451,.F.);
#3188 = FACE_BOUND('',#3189,.F.);
#3189 = EDGE_LOOP('',(#3190,#3213,#3214,#3215));
#3190 = ORIENTED_EDGE('',*,*,#3191,.F.);
#3191 = EDGE_CURVE('',#3143,#3192,#3194,.T.);
#3192 = VERTEX_POINT('',#3193);
#3193 = CARTESIAN_POINT('',(-0.116455078125,0.254150390625,0.5));
#3194 = SURFACE_CURVE('',#3195,(#3199,#3206),.PCURVE_S1.);
#3195 = B_SPLINE_CURVE_WITH_KNOTS('',2,(#3196,#3197,#3198),
  .UNSPECIFIED.,.F.,.F.,(3,3),(0.,1.),.PIECEWISE_BEZIER_KNOTS.);
#3196 = CARTESIAN_POINT('',(-0.158935546875,0.257080078125,0.5));
#3197 = CARTESIAN_POINT('',(-0.132568359375,0.254150390625,0.5));
#3198 = CARTESIAN_POINT('',(-0.116455078125,0.254150390625,0.5));
#3199 = PCURVE('',#1451,#3200);
#3200 = DEFINITIONAL_REPRESENTATION('',(#3201),#3205);
#3201 = LINE('',#3202,#3203);
#3202 = CARTESIAN_POINT('',(0.,0.));
#3203 = VECTOR('',#3204,1.);
#3204 = DIRECTION('',(1.,0.));
#3205 = ( GEOMETRIC_REPRESENTATION_CONTEXT(2) 
PARAMETRIC_REPRESENTATION_CONTEXT() REPRESENTATION_CONTEXT('2D SPACE',''
  ) );
#3206 = PCURVE('',#2445,#3207);
#3207 = DEFINITIONAL_REPRESENTATION('',(#3208),#3212);
#3208 = B_SPLINE_CURVE_WITH_KNOTS('',2,(#3209,#3210,#3211),
  .UNSPECIFIED.,.F.,.F.,(3,3),(0.,1.),.PIECEWISE_BEZIER_KNOTS.);
#3209 = CARTESIAN_POINT('',(0.67529296875,1.248046875));
#3210 = CARTESIAN_POINT('',(0.70166015625,1.2451171875));
#3211 = CARTESIAN_POINT('',(0.7177734375,1.2451171875));
#3212 = ( GEOMETRIC_REPRESENTATION_CONTEXT(2) 
PARAMETRIC_REPRESENTATION_CONTEXT() REPRESENTATION_CONTEXT('2D SPACE',''
  ) );
#3213 = ORIENTED_EDGE('',*,*,#3167,.T.);
#3214 = ORIENTED_EDGE('',*,*,#1429,.F.);
#3215 = ORIENTED_EDGE('',*,*,#3216,.F.);
#3216 = EDGE_CURVE('',#3192,#1313,#3217,.T.);
#3217 = SURFACE_CURVE('',#3218,(#3222,#3229),.PCURVE_S1.);
#3218 = LINE('',#3219,#3220);
#3219 = CARTESIAN_POINT('',(-0.116455078125,0.254150390625,0.5));
#3220 = VECTOR('',#3221,1.);
#3221 = DIRECTION('',(0.,0.,1.));
#3222 = PCURVE('',#1451,#3223);
#3223 = DEFINITIONAL_REPRESENTATION('',(#3224),#3228);
#3224 = LINE('',#3225,#3226);
#3225 = CARTESIAN_POINT('',(1.,0.));
#3226 = VECTOR('',#3227,1.);
#3227 = DIRECTION('',(0.,-1.));
#3228 = ( GEOMETRIC_REPRESENTATION_CONTEXT(2) 
PARAMETRIC_REPRESENTATION_CONTEXT() REPRESENTATION_CONTEXT('2D SPACE',''
  ) );
#3229 = PCURVE('',#1386,#3230);
#3230 = DEFINITIONAL_REPRESENTATION('',(#3231),#3235);
#3231 = LINE('',#3232,#3233);
#3232 = CARTESIAN_POINT('',(0.,0.));
#3233 = VECTOR('',#3234,1.);
#3234 = DIRECTION('',(0.,-1.));
#3235 = ( GEOMETRIC_REPRESENTATION_CONTEXT(2) 
PARAMETRIC_REPRESENTATION_CONTEXT() REPRESENTATION_CONTEXT('2D SPACE',''
  ) );
#3236 = ADVANCED_FACE('',(#3237),#1386,.F.);
#3237 = FACE_BOUND('',#3238,.F.);
#3238 = EDGE_LOOP('',(#3239,#3262,#3263,#3264));
#3239 = ORIENTED_EDGE('',*,*,#3240,.F.);
#3240 = EDGE_CURVE('',#3192,#3241,#3243,.T.);
#3241 = VERTEX_POINT('',#3242);
#3242 = CARTESIAN_POINT('',(0.186767578125,0.342041015625,0.5));
#3243 = SURFACE_CURVE('',#3244,(#3248,#3255),.PCURVE_S1.);
#3244 = B_SPLINE_CURVE_WITH_KNOTS('',2,(#3245,#3246,#3247),
  .UNSPECIFIED.,.F.,.F.,(3,3),(0.,1.),.PIECEWISE_BEZIER_KNOTS.);
#3245 = CARTESIAN_POINT('',(-0.116455078125,0.254150390625,0.5));
#3246 = CARTESIAN_POINT('',(5.2001953125E-02,0.254150390625,0.5));
#3247 = CARTESIAN_POINT('',(0.186767578125,0.342041015625,0.5));
#3248 = PCURVE('',#1386,#3249);
#3249 = DEFINITIONAL_REPRESENTATION('',(#3250),#3254);
#3250 = LINE('',#3251,#3252);
#3251 = CARTESIAN_POINT('',(0.,0.));
#3252 = VECTOR('',#3253,1.);
#3253 = DIRECTION('',(1.,0.));
#3254 = ( GEOMETRIC_REPRESENTATION_CONTEXT(2) 
PARAMETRIC_REPRESENTATION_CONTEXT() REPRESENTATION_CONTEXT('2D SPACE',''
  ) );
#3255 = PCURVE('',#2445,#3256);
#3256 = DEFINITIONAL_REPRESENTATION('',(#3257),#3261);
#3257 = B_SPLINE_CURVE_WITH_KNOTS('',2,(#3258,#3259,#3260),
  .UNSPECIFIED.,.F.,.F.,(3,3),(0.,1.),.PIECEWISE_BEZIER_KNOTS.);
#3258 = CARTESIAN_POINT('',(0.7177734375,1.2451171875));
#3259 = CARTESIAN_POINT('',(0.88623046875,1.2451171875));
#3260 = CARTESIAN_POINT('',(1.02099609375,1.3330078125));
#3261 = ( GEOMETRIC_REPRESENTATION_CONTEXT(2) 
PARAMETRIC_REPRESENTATION_CONTEXT() REPRESENTATION_CONTEXT('2D SPACE',''
  ) );
#3262 = ORIENTED_EDGE('',*,*,#3216,.T.);
#3263 = ORIENTED_EDGE('',*,*,#1312,.F.);
#3264 = ORIENTED_EDGE('',*,*,#3265,.F.);
#3265 = EDGE_CURVE('',#3241,#1256,#3266,.T.);
#3266 = SURFACE_CURVE('',#3267,(#3271,#3278),.PCURVE_S1.);
#3267 = LINE('',#3268,#3269);
#3268 = CARTESIAN_POINT('',(0.186767578125,0.342041015625,0.5));
#3269 = VECTOR('',#3270,1.);
#3270 = DIRECTION('',(0.,0.,1.));
#3271 = PCURVE('',#1386,#3272);
#3272 = DEFINITIONAL_REPRESENTATION('',(#3273),#3277);
#3273 = LINE('',#3274,#3275);
#3274 = CARTESIAN_POINT('',(1.,0.));
#3275 = VECTOR('',#3276,1.);
#3276 = DIRECTION('',(0.,-1.));
#3277 = ( GEOMETRIC_REPRESENTATION_CONTEXT(2) 
PARAMETRIC_REPRESENTATION_CONTEXT() REPRESENTATION_CONTEXT('2D SPACE',''
  ) );
#3278 = PCURVE('',#1289,#3279);
#3279 = DEFINITIONAL_REPRESENTATION('',(#3280),#3284);
#3280 = LINE('',#3281,#3282);
#3281 = CARTESIAN_POINT('',(0.,0.));
#3282 = VECTOR('',#3283,1.);
#3283 = DIRECTION('',(0.,-1.));
#3284 = ( GEOMETRIC_REPRESENTATION_CONTEXT(2) 
PARAMETRIC_REPRESENTATION_CONTEXT() REPRESENTATION_CONTEXT('2D SPACE',''
  ) );
#3285 = ADVANCED_FACE('',(#3286),#1289,.F.);
#3286 = FACE_BOUND('',#3287,.F.);
#3287 = EDGE_LOOP('',(#3288,#3311,#3312,#3313));
#3288 = ORIENTED_EDGE('',*,*,#3289,.F.);
#3289 = EDGE_CURVE('',#3241,#3290,#3292,.T.);
#3290 = VERTEX_POINT('',#3291);
#3291 = CARTESIAN_POINT('',(0.321533203125,0.613037109375,0.5));
#3292 = SURFACE_CURVE('',#3293,(#3297,#3304),.PCURVE_S1.);
#3293 = B_SPLINE_CURVE_WITH_KNOTS('',2,(#3294,#3295,#3296),
  .UNSPECIFIED.,.F.,.F.,(3,3),(0.,1.),.PIECEWISE_BEZIER_KNOTS.);
#3294 = CARTESIAN_POINT('',(0.186767578125,0.342041015625,0.5));
#3295 = CARTESIAN_POINT('',(0.321533203125,0.429931640625,0.5));
#3296 = CARTESIAN_POINT('',(0.321533203125,0.613037109375,0.5));
#3297 = PCURVE('',#1289,#3298);
#3298 = DEFINITIONAL_REPRESENTATION('',(#3299),#3303);
#3299 = LINE('',#3300,#3301);
#3300 = CARTESIAN_POINT('',(0.,0.));
#3301 = VECTOR('',#3302,1.);
#3302 = DIRECTION('',(1.,0.));
#3303 = ( GEOMETRIC_REPRESENTATION_CONTEXT(2) 
PARAMETRIC_REPRESENTATION_CONTEXT() REPRESENTATION_CONTEXT('2D SPACE',''
  ) );
#3304 = PCURVE('',#2445,#3305);
#3305 = DEFINITIONAL_REPRESENTATION('',(#3306),#3310);
#3306 = B_SPLINE_CURVE_WITH_KNOTS('',2,(#3307,#3308,#3309),
  .UNSPECIFIED.,.F.,.F.,(3,3),(0.,1.),.PIECEWISE_BEZIER_KNOTS.);
#3307 = CARTESIAN_POINT('',(1.02099609375,1.3330078125));
#3308 = CARTESIAN_POINT('',(1.15576171875,1.4208984375));
#3309 = CARTESIAN_POINT('',(1.15576171875,1.60400390625));
#3310 = ( GEOMETRIC_REPRESENTATION_CONTEXT(2) 
PARAMETRIC_REPRESENTATION_CONTEXT() REPRESENTATION_CONTEXT('2D SPACE',''
  ) );
#3311 = ORIENTED_EDGE('',*,*,#3265,.T.);
#3312 = ORIENTED_EDGE('',*,*,#1255,.F.);
#3313 = ORIENTED_EDGE('',*,*,#3314,.F.);
#3314 = EDGE_CURVE('',#3290,#1199,#3315,.T.);
#3315 = SURFACE_CURVE('',#3316,(#3320,#3327),.PCURVE_S1.);
#3316 = LINE('',#3317,#3318);
#3317 = CARTESIAN_POINT('',(0.321533203125,0.613037109375,0.5));
#3318 = VECTOR('',#3319,1.);
#3319 = DIRECTION('',(0.,0.,1.));
#3320 = PCURVE('',#1289,#3321);
#3321 = DEFINITIONAL_REPRESENTATION('',(#3322),#3326);
#3322 = LINE('',#3323,#3324);
#3323 = CARTESIAN_POINT('',(1.,0.));
#3324 = VECTOR('',#3325,1.);
#3325 = DIRECTION('',(0.,-1.));
#3326 = ( GEOMETRIC_REPRESENTATION_CONTEXT(2) 
PARAMETRIC_REPRESENTATION_CONTEXT() REPRESENTATION_CONTEXT('2D SPACE',''
  ) );
#3327 = PCURVE('',#1232,#3328);
#3328 = DEFINITIONAL_REPRESENTATION('',(#3329),#3333);
#3329 = LINE('',#3330,#3331);
#3330 = CARTESIAN_POINT('',(0.,0.));
#3331 = VECTOR('',#3332,1.);
#3332 = DIRECTION('',(0.,-1.));
#3333 = ( GEOMETRIC_REPRESENTATION_CONTEXT(2) 
PARAMETRIC_REPRESENTATION_CONTEXT() REPRESENTATION_CONTEXT('2D SPACE',''
  ) );
#3334 = ADVANCED_FACE('',(#3335),#1232,.F.);
#3335 = FACE_BOUND('',#3336,.F.);
#3336 = EDGE_LOOP('',(#3337,#3360,#3361,#3362));
#3337 = ORIENTED_EDGE('',*,*,#3338,.F.);
#3338 = EDGE_CURVE('',#3290,#3339,#3341,.T.);
#3339 = VERTEX_POINT('',#3340);
#3340 = CARTESIAN_POINT('',(0.223388671875,0.853271484375,0.5));
#3341 = SURFACE_CURVE('',#3342,(#3346,#3353),.PCURVE_S1.);
#3342 = B_SPLINE_CURVE_WITH_KNOTS('',2,(#3343,#3344,#3345),
  .UNSPECIFIED.,.F.,.F.,(3,3),(0.,1.),.PIECEWISE_BEZIER_KNOTS.);
#3343 = CARTESIAN_POINT('',(0.321533203125,0.613037109375,0.5));
#3344 = CARTESIAN_POINT('',(0.321533203125,0.758056640625,0.5));
#3345 = CARTESIAN_POINT('',(0.223388671875,0.853271484375,0.5));
#3346 = PCURVE('',#1232,#3347);
#3347 = DEFINITIONAL_REPRESENTATION('',(#3348),#3352);
#3348 = LINE('',#3349,#3350);
#3349 = CARTESIAN_POINT('',(0.,0.));
#3350 = VECTOR('',#3351,1.);
#3351 = DIRECTION('',(1.,0.));
#3352 = ( GEOMETRIC_REPRESENTATION_CONTEXT(2) 
PARAMETRIC_REPRESENTATION_CONTEXT() REPRESENTATION_CONTEXT('2D SPACE',''
  ) );
#3353 = PCURVE('',#2445,#3354);
#3354 = DEFINITIONAL_REPRESENTATION('',(#3355),#3359);
#3355 = B_SPLINE_CURVE_WITH_KNOTS('',2,(#3356,#3357,#3358),
  .UNSPECIFIED.,.F.,.F.,(3,3),(0.,1.),.PIECEWISE_BEZIER_KNOTS.);
#3356 = CARTESIAN_POINT('',(1.15576171875,1.60400390625));
#3357 = CARTESIAN_POINT('',(1.15576171875,1.7490234375));
#3358 = CARTESIAN_POINT('',(1.0576171875,1.84423828125));
#3359 = ( GEOMETRIC_REPRESENTATION_CONTEXT(2) 
PARAMETRIC_REPRESENTATION_CONTEXT() REPRESENTATION_CONTEXT('2D SPACE',''
  ) );
#3360 = ORIENTED_EDGE('',*,*,#3314,.T.);
#3361 = ORIENTED_EDGE('',*,*,#1198,.F.);
#3362 = ORIENTED_EDGE('',*,*,#3363,.F.);
#3363 = EDGE_CURVE('',#3339,#1157,#3364,.T.);
#3364 = SURFACE_CURVE('',#3365,(#3369,#3376),.PCURVE_S1.);
#3365 = LINE('',#3366,#3367);
#3366 = CARTESIAN_POINT('',(0.223388671875,0.853271484375,0.5));
#3367 = VECTOR('',#3368,1.);
#3368 = DIRECTION('',(0.,0.,1.));
#3369 = PCURVE('',#1232,#3370);
#3370 = DEFINITIONAL_REPRESENTATION('',(#3371),#3375);
#3371 = LINE('',#3372,#3373);
#3372 = CARTESIAN_POINT('',(1.,0.));
#3373 = VECTOR('',#3374,1.);
#3374 = DIRECTION('',(0.,-1.));
#3375 = ( GEOMETRIC_REPRESENTATION_CONTEXT(2) 
PARAMETRIC_REPRESENTATION_CONTEXT() REPRESENTATION_CONTEXT('2D SPACE',''
  ) );
#3376 = PCURVE('',#1180,#3377);
#3377 = DEFINITIONAL_REPRESENTATION('',(#3378),#3382);
#3378 = LINE('',#3379,#3380);
#3379 = CARTESIAN_POINT('',(0.,0.));
#3380 = VECTOR('',#3381,1.);
#3381 = DIRECTION('',(0.,-1.));
#3382 = ( GEOMETRIC_REPRESENTATION_CONTEXT(2) 
PARAMETRIC_REPRESENTATION_CONTEXT() REPRESENTATION_CONTEXT('2D SPACE',''
  ) );
#3383 = ADVANCED_FACE('',(#3384),#1180,.F.);
#3384 = FACE_BOUND('',#3385,.F.);
#3385 = EDGE_LOOP('',(#3386,#3409,#3410,#3411));
#3386 = ORIENTED_EDGE('',*,*,#3387,.F.);
#3387 = EDGE_CURVE('',#3339,#3388,#3390,.T.);
#3388 = VERTEX_POINT('',#3389);
#3389 = CARTESIAN_POINT('',(-3.0029296875E-02,0.948486328125,0.5));
#3390 = SURFACE_CURVE('',#3391,(#3395,#3402),.PCURVE_S1.);
#3391 = B_SPLINE_CURVE_WITH_KNOTS('',2,(#3392,#3393,#3394),
  .UNSPECIFIED.,.F.,.F.,(3,3),(0.,1.),.PIECEWISE_BEZIER_KNOTS.);
#3392 = CARTESIAN_POINT('',(0.223388671875,0.853271484375,0.5));
#3393 = CARTESIAN_POINT('',(0.125244140625,0.948486328125,0.5));
#3394 = CARTESIAN_POINT('',(-3.0029296875E-02,0.948486328125,0.5));
#3395 = PCURVE('',#1180,#3396);
#3396 = DEFINITIONAL_REPRESENTATION('',(#3397),#3401);
#3397 = LINE('',#3398,#3399);
#3398 = CARTESIAN_POINT('',(0.,0.));
#3399 = VECTOR('',#3400,1.);
#3400 = DIRECTION('',(1.,0.));
#3401 = ( GEOMETRIC_REPRESENTATION_CONTEXT(2) 
PARAMETRIC_REPRESENTATION_CONTEXT() REPRESENTATION_CONTEXT('2D SPACE',''
  ) );
#3402 = PCURVE('',#2445,#3403);
#3403 = DEFINITIONAL_REPRESENTATION('',(#3404),#3408);
#3404 = B_SPLINE_CURVE_WITH_KNOTS('',2,(#3405,#3406,#3407),
  .UNSPECIFIED.,.F.,.F.,(3,3),(0.,1.),.PIECEWISE_BEZIER_KNOTS.);
#3405 = CARTESIAN_POINT('',(1.0576171875,1.84423828125));
#3406 = CARTESIAN_POINT('',(0.95947265625,1.939453125));
#3407 = CARTESIAN_POINT('',(0.80419921875,1.939453125));
#3408 = ( GEOMETRIC_REPRESENTATION_CONTEXT(2) 
PARAMETRIC_REPRESENTATION_CONTEXT() REPRESENTATION_CONTEXT('2D SPACE',''
  ) );
#3409 = ORIENTED_EDGE('',*,*,#3363,.T.);
#3410 = ORIENTED_EDGE('',*,*,#1156,.F.);
#3411 = ORIENTED_EDGE('',*,*,#3412,.F.);
#3412 = EDGE_CURVE('',#3388,#1100,#3413,.T.);
#3413 = SURFACE_CURVE('',#3414,(#3418,#3425),.PCURVE_S1.);
#3414 = LINE('',#3415,#3416);
#3415 = CARTESIAN_POINT('',(-3.0029296875E-02,0.948486328125,0.5));
#3416 = VECTOR('',#3417,1.);
#3417 = DIRECTION('',(0.,0.,1.));
#3418 = PCURVE('',#1180,#3419);
#3419 = DEFINITIONAL_REPRESENTATION('',(#3420),#3424);
#3420 = LINE('',#3421,#3422);
#3421 = CARTESIAN_POINT('',(1.,0.));
#3422 = VECTOR('',#3423,1.);
#3423 = DIRECTION('',(0.,-1.));
#3424 = ( GEOMETRIC_REPRESENTATION_CONTEXT(2) 
PARAMETRIC_REPRESENTATION_CONTEXT() REPRESENTATION_CONTEXT('2D SPACE',''
  ) );
#3425 = PCURVE('',#1133,#3426);
#3426 = DEFINITIONAL_REPRESENTATION('',(#3427),#3431);
#3427 = LINE('',#3428,#3429);
#3428 = CARTESIAN_POINT('',(0.,0.));
#3429 = VECTOR('',#3430,1.);
#3430 = DIRECTION('',(0.,-1.));
#3431 = ( GEOMETRIC_REPRESENTATION_CONTEXT(2) 
PARAMETRIC_REPRESENTATION_CONTEXT() REPRESENTATION_CONTEXT('2D SPACE',''
  ) );
#3432 = ADVANCED_FACE('',(#3433),#1133,.F.);
#3433 = FACE_BOUND('',#3434,.F.);
#3434 = EDGE_LOOP('',(#3435,#3458,#3459,#3460));
#3435 = ORIENTED_EDGE('',*,*,#3436,.F.);
#3436 = EDGE_CURVE('',#3388,#3437,#3439,.T.);
#3437 = VERTEX_POINT('',#3438);
#3438 = CARTESIAN_POINT('',(-0.286376953125,0.851806640625,0.5));
#3439 = SURFACE_CURVE('',#3440,(#3444,#3451),.PCURVE_S1.);
#3440 = B_SPLINE_CURVE_WITH_KNOTS('',2,(#3441,#3442,#3443),
  .UNSPECIFIED.,.F.,.F.,(3,3),(0.,1.),.PIECEWISE_BEZIER_KNOTS.);
#3441 = CARTESIAN_POINT('',(-3.0029296875E-02,0.948486328125,0.5));
#3442 = CARTESIAN_POINT('',(-0.183837890625,0.948486328125,0.5));
#3443 = CARTESIAN_POINT('',(-0.286376953125,0.851806640625,0.5));
#3444 = PCURVE('',#1133,#3445);
#3445 = DEFINITIONAL_REPRESENTATION('',(#3446),#3450);
#3446 = LINE('',#3447,#3448);
#3447 = CARTESIAN_POINT('',(0.,0.));
#3448 = VECTOR('',#3449,1.);
#3449 = DIRECTION('',(1.,0.));
#3450 = ( GEOMETRIC_REPRESENTATION_CONTEXT(2) 
PARAMETRIC_REPRESENTATION_CONTEXT() REPRESENTATION_CONTEXT('2D SPACE',''
  ) );
#3451 = PCURVE('',#2445,#3452);
#3452 = DEFINITIONAL_REPRESENTATION('',(#3453),#3457);
#3453 = B_SPLINE_CURVE_WITH_KNOTS('',2,(#3454,#3455,#3456),
  .UNSPECIFIED.,.F.,.F.,(3,3),(0.,1.),.PIECEWISE_BEZIER_KNOTS.);
#3454 = CARTESIAN_POINT('',(0.80419921875,1.939453125));
#3455 = CARTESIAN_POINT('',(0.650390625,1.939453125));
#3456 = CARTESIAN_POINT('',(0.5478515625,1.8427734375));
#3457 = ( GEOMETRIC_REPRESENTATION_CONTEXT(2) 
PARAMETRIC_REPRESENTATION_CONTEXT() REPRESENTATION_CONTEXT('2D SPACE',''
  ) );
#3458 = ORIENTED_EDGE('',*,*,#3412,.T.);
#3459 = ORIENTED_EDGE('',*,*,#1099,.F.);
#3460 = ORIENTED_EDGE('',*,*,#3461,.F.);
#3461 = EDGE_CURVE('',#3437,#1043,#3462,.T.);
#3462 = SURFACE_CURVE('',#3463,(#3467,#3474),.PCURVE_S1.);
#3463 = LINE('',#3464,#3465);
#3464 = CARTESIAN_POINT('',(-0.286376953125,0.851806640625,0.5));
#3465 = VECTOR('',#3466,1.);
#3466 = DIRECTION('',(0.,0.,1.));
#3467 = PCURVE('',#1133,#3468);
#3468 = DEFINITIONAL_REPRESENTATION('',(#3469),#3473);
#3469 = LINE('',#3470,#3471);
#3470 = CARTESIAN_POINT('',(1.,0.));
#3471 = VECTOR('',#3472,1.);
#3472 = DIRECTION('',(0.,-1.));
#3473 = ( GEOMETRIC_REPRESENTATION_CONTEXT(2) 
PARAMETRIC_REPRESENTATION_CONTEXT() REPRESENTATION_CONTEXT('2D SPACE',''
  ) );
#3474 = PCURVE('',#1076,#3475);
#3475 = DEFINITIONAL_REPRESENTATION('',(#3476),#3480);
#3476 = LINE('',#3477,#3478);
#3477 = CARTESIAN_POINT('',(0.,0.));
#3478 = VECTOR('',#3479,1.);
#3479 = DIRECTION('',(0.,-1.));
#3480 = ( GEOMETRIC_REPRESENTATION_CONTEXT(2) 
PARAMETRIC_REPRESENTATION_CONTEXT() REPRESENTATION_CONTEXT('2D SPACE',''
  ) );
#3481 = ADVANCED_FACE('',(#3482),#1076,.F.);
#3482 = FACE_BOUND('',#3483,.F.);
#3483 = EDGE_LOOP('',(#3484,#3507,#3508,#3509));
#3484 = ORIENTED_EDGE('',*,*,#3485,.F.);
#3485 = EDGE_CURVE('',#3437,#3486,#3488,.T.);
#3486 = VERTEX_POINT('',#3487);
#3487 = CARTESIAN_POINT('',(-0.418212890625,0.561767578125,0.5));
#3488 = SURFACE_CURVE('',#3489,(#3493,#3500),.PCURVE_S1.);
#3489 = B_SPLINE_CURVE_WITH_KNOTS('',2,(#3490,#3491,#3492),
  .UNSPECIFIED.,.F.,.F.,(3,3),(0.,1.),.PIECEWISE_BEZIER_KNOTS.);
#3490 = CARTESIAN_POINT('',(-0.286376953125,0.851806640625,0.5));
#3491 = CARTESIAN_POINT('',(-0.388916015625,0.755126953125,0.5));
#3492 = CARTESIAN_POINT('',(-0.418212890625,0.561767578125,0.5));
#3493 = PCURVE('',#1076,#3494);
#3494 = DEFINITIONAL_REPRESENTATION('',(#3495),#3499);
#3495 = LINE('',#3496,#3497);
#3496 = CARTESIAN_POINT('',(0.,0.));
#3497 = VECTOR('',#3498,1.);
#3498 = DIRECTION('',(1.,0.));
#3499 = ( GEOMETRIC_REPRESENTATION_CONTEXT(2) 
PARAMETRIC_REPRESENTATION_CONTEXT() REPRESENTATION_CONTEXT('2D SPACE',''
  ) );
#3500 = PCURVE('',#2445,#3501);
#3501 = DEFINITIONAL_REPRESENTATION('',(#3502),#3506);
#3502 = B_SPLINE_CURVE_WITH_KNOTS('',2,(#3503,#3504,#3505),
  .UNSPECIFIED.,.F.,.F.,(3,3),(0.,1.),.PIECEWISE_BEZIER_KNOTS.);
#3503 = CARTESIAN_POINT('',(0.5478515625,1.8427734375));
#3504 = CARTESIAN_POINT('',(0.4453125,1.74609375));
#3505 = CARTESIAN_POINT('',(0.416015625,1.552734375));
#3506 = ( GEOMETRIC_REPRESENTATION_CONTEXT(2) 
PARAMETRIC_REPRESENTATION_CONTEXT() REPRESENTATION_CONTEXT('2D SPACE',''
  ) );
#3507 = ORIENTED_EDGE('',*,*,#3461,.T.);
#3508 = ORIENTED_EDGE('',*,*,#1042,.F.);
#3509 = ORIENTED_EDGE('',*,*,#3510,.F.);
#3510 = EDGE_CURVE('',#3486,#1009,#3511,.T.);
#3511 = SURFACE_CURVE('',#3512,(#3516,#3523),.PCURVE_S1.);
#3512 = LINE('',#3513,#3514);
#3513 = CARTESIAN_POINT('',(-0.418212890625,0.561767578125,0.5));
#3514 = VECTOR('',#3515,1.);
#3515 = DIRECTION('',(0.,0.,1.));
#3516 = PCURVE('',#1076,#3517);
#3517 = DEFINITIONAL_REPRESENTATION('',(#3518),#3522);
#3518 = LINE('',#3519,#3520);
#3519 = CARTESIAN_POINT('',(1.,0.));
#3520 = VECTOR('',#3521,1.);
#3521 = DIRECTION('',(0.,-1.));
#3522 = ( GEOMETRIC_REPRESENTATION_CONTEXT(2) 
PARAMETRIC_REPRESENTATION_CONTEXT() REPRESENTATION_CONTEXT('2D SPACE',''
  ) );
#3523 = PCURVE('',#1030,#3524);
#3524 = DEFINITIONAL_REPRESENTATION('',(#3525),#3529);
#3525 = LINE('',#3526,#3527);
#3526 = CARTESIAN_POINT('',(0.,0.));
#3527 = VECTOR('',#3528,1.);
#3528 = DIRECTION('',(0.,-1.));
#3529 = ( GEOMETRIC_REPRESENTATION_CONTEXT(2) 
PARAMETRIC_REPRESENTATION_CONTEXT() REPRESENTATION_CONTEXT('2D SPACE',''
  ) );
#3530 = ADVANCED_FACE('',(#3531),#1030,.F.);
#3531 = FACE_BOUND('',#3532,.F.);
#3532 = EDGE_LOOP('',(#3533,#3556,#3557,#3558));
#3533 = ORIENTED_EDGE('',*,*,#3534,.F.);
#3534 = EDGE_CURVE('',#3486,#3535,#3537,.T.);
#3535 = VERTEX_POINT('',#3536);
#3536 = CARTESIAN_POINT('',(-0.681884765625,0.608642578125,0.5));
#3537 = SURFACE_CURVE('',#3538,(#3542,#3549),.PCURVE_S1.);
#3538 = LINE('',#3539,#3540);
#3539 = CARTESIAN_POINT('',(-0.418212890625,0.561767578125,0.5));
#3540 = VECTOR('',#3541,1.);
#3541 = DIRECTION('',(-0.984562507786,0.175033334717,0.));
#3542 = PCURVE('',#1030,#3543);
#3543 = DEFINITIONAL_REPRESENTATION('',(#3544),#3548);
#3544 = LINE('',#3545,#3546);
#3545 = CARTESIAN_POINT('',(0.,0.));
#3546 = VECTOR('',#3547,1.);
#3547 = DIRECTION('',(1.,0.));
#3548 = ( GEOMETRIC_REPRESENTATION_CONTEXT(2) 
PARAMETRIC_REPRESENTATION_CONTEXT() REPRESENTATION_CONTEXT('2D SPACE',''
  ) );
#3549 = PCURVE('',#2445,#3550);
#3550 = DEFINITIONAL_REPRESENTATION('',(#3551),#3555);
#3551 = LINE('',#3552,#3553);
#3552 = CARTESIAN_POINT('',(0.416015625,1.552734375));
#3553 = VECTOR('',#3554,1.);
#3554 = DIRECTION('',(-0.984562507786,0.175033334717));
#3555 = ( GEOMETRIC_REPRESENTATION_CONTEXT(2) 
PARAMETRIC_REPRESENTATION_CONTEXT() REPRESENTATION_CONTEXT('2D SPACE',''
  ) );
#3556 = ORIENTED_EDGE('',*,*,#3510,.T.);
#3557 = ORIENTED_EDGE('',*,*,#1008,.F.);
#3558 = ORIENTED_EDGE('',*,*,#3559,.F.);
#3559 = EDGE_CURVE('',#3535,#937,#3560,.T.);
#3560 = SURFACE_CURVE('',#3561,(#3565,#3572),.PCURVE_S1.);
#3561 = LINE('',#3562,#3563);
#3562 = CARTESIAN_POINT('',(-0.681884765625,0.608642578125,0.5));
#3563 = VECTOR('',#3564,1.);
#3564 = DIRECTION('',(0.,0.,1.));
#3565 = PCURVE('',#1030,#3566);
#3566 = DEFINITIONAL_REPRESENTATION('',(#3567),#3571);
#3567 = LINE('',#3568,#3569);
#3568 = CARTESIAN_POINT('',(0.267806130047,0.));
#3569 = VECTOR('',#3570,1.);
#3570 = DIRECTION('',(0.,-1.));
#3571 = ( GEOMETRIC_REPRESENTATION_CONTEXT(2) 
PARAMETRIC_REPRESENTATION_CONTEXT() REPRESENTATION_CONTEXT('2D SPACE',''
  ) );
#3572 = PCURVE('',#980,#3573);
#3573 = DEFINITIONAL_REPRESENTATION('',(#3574),#3578);
#3574 = LINE('',#3575,#3576);
#3575 = CARTESIAN_POINT('',(0.,0.));
#3576 = VECTOR('',#3577,1.);
#3577 = DIRECTION('',(0.,-1.));
#3578 = ( GEOMETRIC_REPRESENTATION_CONTEXT(2) 
PARAMETRIC_REPRESENTATION_CONTEXT() REPRESENTATION_CONTEXT('2D SPACE',''
  ) );
#3579 = ADVANCED_FACE('',(#3580),#980,.F.);
#3580 = FACE_BOUND('',#3581,.F.);
#3581 = EDGE_LOOP('',(#3582,#3605,#3606,#3607));
#3582 = ORIENTED_EDGE('',*,*,#3583,.F.);
#3583 = EDGE_CURVE('',#3535,#3584,#3586,.T.);
#3584 = VERTEX_POINT('',#3585);
#3585 = CARTESIAN_POINT('',(-0.462158203125,1.01953125,0.5));
#3586 = SURFACE_CURVE('',#3587,(#3591,#3598),.PCURVE_S1.);
#3587 = B_SPLINE_CURVE_WITH_KNOTS('',2,(#3588,#3589,#3590),
  .UNSPECIFIED.,.F.,.F.,(3,3),(0.,1.),.PIECEWISE_BEZIER_KNOTS.);
#3588 = CARTESIAN_POINT('',(-0.681884765625,0.608642578125,0.5));
#3589 = CARTESIAN_POINT('',(-0.633544921875,0.873779296875,0.5));
#3590 = CARTESIAN_POINT('',(-0.462158203125,1.01953125,0.5));
#3591 = PCURVE('',#980,#3592);
#3592 = DEFINITIONAL_REPRESENTATION('',(#3593),#3597);
#3593 = LINE('',#3594,#3595);
#3594 = CARTESIAN_POINT('',(0.,0.));
#3595 = VECTOR('',#3596,1.);
#3596 = DIRECTION('',(1.,0.));
#3597 = ( GEOMETRIC_REPRESENTATION_CONTEXT(2) 
PARAMETRIC_REPRESENTATION_CONTEXT() REPRESENTATION_CONTEXT('2D SPACE',''
  ) );
#3598 = PCURVE('',#2445,#3599);
#3599 = DEFINITIONAL_REPRESENTATION('',(#3600),#3604);
#3600 = B_SPLINE_CURVE_WITH_KNOTS('',2,(#3601,#3602,#3603),
  .UNSPECIFIED.,.F.,.F.,(3,3),(0.,1.),.PIECEWISE_BEZIER_KNOTS.);
#3601 = CARTESIAN_POINT('',(0.15234375,1.599609375));
#3602 = CARTESIAN_POINT('',(0.20068359375,1.86474609375));
#3603 = CARTESIAN_POINT('',(0.3720703125,2.010498046875));
#3604 = ( GEOMETRIC_REPRESENTATION_CONTEXT(2) 
PARAMETRIC_REPRESENTATION_CONTEXT() REPRESENTATION_CONTEXT('2D SPACE',''
  ) );
#3605 = ORIENTED_EDGE('',*,*,#3559,.T.);
#3606 = ORIENTED_EDGE('',*,*,#936,.F.);
#3607 = ORIENTED_EDGE('',*,*,#3608,.F.);
#3608 = EDGE_CURVE('',#3584,#880,#3609,.T.);
#3609 = SURFACE_CURVE('',#3610,(#3614,#3621),.PCURVE_S1.);
#3610 = LINE('',#3611,#3612);
#3611 = CARTESIAN_POINT('',(-0.462158203125,1.01953125,0.5));
#3612 = VECTOR('',#3613,1.);
#3613 = DIRECTION('',(0.,0.,1.));
#3614 = PCURVE('',#980,#3615);
#3615 = DEFINITIONAL_REPRESENTATION('',(#3616),#3620);
#3616 = LINE('',#3617,#3618);
#3617 = CARTESIAN_POINT('',(1.,0.));
#3618 = VECTOR('',#3619,1.);
#3619 = DIRECTION('',(0.,-1.));
#3620 = ( GEOMETRIC_REPRESENTATION_CONTEXT(2) 
PARAMETRIC_REPRESENTATION_CONTEXT() REPRESENTATION_CONTEXT('2D SPACE',''
  ) );
#3621 = PCURVE('',#913,#3622);
#3622 = DEFINITIONAL_REPRESENTATION('',(#3623),#3627);
#3623 = LINE('',#3624,#3625);
#3624 = CARTESIAN_POINT('',(0.,0.));
#3625 = VECTOR('',#3626,1.);
#3626 = DIRECTION('',(0.,-1.));
#3627 = ( GEOMETRIC_REPRESENTATION_CONTEXT(2) 
PARAMETRIC_REPRESENTATION_CONTEXT() REPRESENTATION_CONTEXT('2D SPACE',''
  ) );
#3628 = ADVANCED_FACE('',(#3629),#913,.F.);
#3629 = FACE_BOUND('',#3630,.F.);
#3630 = EDGE_LOOP('',(#3631,#3654,#3655,#3656));
#3631 = ORIENTED_EDGE('',*,*,#3632,.F.);
#3632 = EDGE_CURVE('',#3584,#3633,#3635,.T.);
#3633 = VERTEX_POINT('',#3634);
#3634 = CARTESIAN_POINT('',(-3.5888671875E-02,1.165283203125,0.5));
#3635 = SURFACE_CURVE('',#3636,(#3640,#3647),.PCURVE_S1.);
#3636 = B_SPLINE_CURVE_WITH_KNOTS('',2,(#3637,#3638,#3639),
  .UNSPECIFIED.,.F.,.F.,(3,3),(0.,1.),.PIECEWISE_BEZIER_KNOTS.);
#3637 = CARTESIAN_POINT('',(-0.462158203125,1.01953125,0.5));
#3638 = CARTESIAN_POINT('',(-0.290771484375,1.165283203125,0.5));
#3639 = CARTESIAN_POINT('',(-3.5888671875E-02,1.165283203125,0.5));
#3640 = PCURVE('',#913,#3641);
#3641 = DEFINITIONAL_REPRESENTATION('',(#3642),#3646);
#3642 = LINE('',#3643,#3644);
#3643 = CARTESIAN_POINT('',(0.,0.));
#3644 = VECTOR('',#3645,1.);
#3645 = DIRECTION('',(1.,0.));
#3646 = ( GEOMETRIC_REPRESENTATION_CONTEXT(2) 
PARAMETRIC_REPRESENTATION_CONTEXT() REPRESENTATION_CONTEXT('2D SPACE',''
  ) );
#3647 = PCURVE('',#2445,#3648);
#3648 = DEFINITIONAL_REPRESENTATION('',(#3649),#3653);
#3649 = B_SPLINE_CURVE_WITH_KNOTS('',2,(#3650,#3651,#3652),
  .UNSPECIFIED.,.F.,.F.,(3,3),(0.,1.),.PIECEWISE_BEZIER_KNOTS.);
#3650 = CARTESIAN_POINT('',(0.3720703125,2.010498046875));
#3651 = CARTESIAN_POINT('',(0.54345703125,2.15625));
#3652 = CARTESIAN_POINT('',(0.79833984375,2.15625));
#3653 = ( GEOMETRIC_REPRESENTATION_CONTEXT(2) 
PARAMETRIC_REPRESENTATION_CONTEXT() REPRESENTATION_CONTEXT('2D SPACE',''
  ) );
#3654 = ORIENTED_EDGE('',*,*,#3608,.T.);
#3655 = ORIENTED_EDGE('',*,*,#879,.F.);
#3656 = ORIENTED_EDGE('',*,*,#3657,.F.);
#3657 = EDGE_CURVE('',#3633,#838,#3658,.T.);
#3658 = SURFACE_CURVE('',#3659,(#3663,#3670),.PCURVE_S1.);
#3659 = LINE('',#3660,#3661);
#3660 = CARTESIAN_POINT('',(-3.5888671875E-02,1.165283203125,0.5));
#3661 = VECTOR('',#3662,1.);
#3662 = DIRECTION('',(0.,0.,1.));
#3663 = PCURVE('',#913,#3664);
#3664 = DEFINITIONAL_REPRESENTATION('',(#3665),#3669);
#3665 = LINE('',#3666,#3667);
#3666 = CARTESIAN_POINT('',(1.,0.));
#3667 = VECTOR('',#3668,1.);
#3668 = DIRECTION('',(0.,-1.));
#3669 = ( GEOMETRIC_REPRESENTATION_CONTEXT(2) 
PARAMETRIC_REPRESENTATION_CONTEXT() REPRESENTATION_CONTEXT('2D SPACE',''
  ) );
#3670 = PCURVE('',#861,#3671);
#3671 = DEFINITIONAL_REPRESENTATION('',(#3672),#3676);
#3672 = LINE('',#3673,#3674);
#3673 = CARTESIAN_POINT('',(0.,0.));
#3674 = VECTOR('',#3675,1.);
#3675 = DIRECTION('',(0.,-1.));
#3676 = ( GEOMETRIC_REPRESENTATION_CONTEXT(2) 
PARAMETRIC_REPRESENTATION_CONTEXT() REPRESENTATION_CONTEXT('2D SPACE',''
  ) );
#3677 = ADVANCED_FACE('',(#3678),#861,.F.);
#3678 = FACE_BOUND('',#3679,.F.);
#3679 = EDGE_LOOP('',(#3680,#3703,#3704,#3705));
#3680 = ORIENTED_EDGE('',*,*,#3681,.F.);
#3681 = EDGE_CURVE('',#3633,#3682,#3684,.T.);
#3682 = VERTEX_POINT('',#3683);
#3683 = CARTESIAN_POINT('',(0.287841796875,1.08984375,0.5));
#3684 = SURFACE_CURVE('',#3685,(#3689,#3696),.PCURVE_S1.);
#3685 = B_SPLINE_CURVE_WITH_KNOTS('',2,(#3686,#3687,#3688),
  .UNSPECIFIED.,.F.,.F.,(3,3),(0.,1.),.PIECEWISE_BEZIER_KNOTS.);
#3686 = CARTESIAN_POINT('',(-3.5888671875E-02,1.165283203125,0.5));
#3687 = CARTESIAN_POINT('',(0.139892578125,1.165283203125,0.5));
#3688 = CARTESIAN_POINT('',(0.287841796875,1.08984375,0.5));
#3689 = PCURVE('',#861,#3690);
#3690 = DEFINITIONAL_REPRESENTATION('',(#3691),#3695);
#3691 = LINE('',#3692,#3693);
#3692 = CARTESIAN_POINT('',(0.,0.));
#3693 = VECTOR('',#3694,1.);
#3694 = DIRECTION('',(1.,0.));
#3695 = ( GEOMETRIC_REPRESENTATION_CONTEXT(2) 
PARAMETRIC_REPRESENTATION_CONTEXT() REPRESENTATION_CONTEXT('2D SPACE',''
  ) );
#3696 = PCURVE('',#2445,#3697);
#3697 = DEFINITIONAL_REPRESENTATION('',(#3698),#3702);
#3698 = B_SPLINE_CURVE_WITH_KNOTS('',2,(#3699,#3700,#3701),
  .UNSPECIFIED.,.F.,.F.,(3,3),(0.,1.),.PIECEWISE_BEZIER_KNOTS.);
#3699 = CARTESIAN_POINT('',(0.79833984375,2.15625));
#3700 = CARTESIAN_POINT('',(0.97412109375,2.15625));
#3701 = CARTESIAN_POINT('',(1.1220703125,2.080810546875));
#3702 = ( GEOMETRIC_REPRESENTATION_CONTEXT(2) 
PARAMETRIC_REPRESENTATION_CONTEXT() REPRESENTATION_CONTEXT('2D SPACE',''
  ) );
#3703 = ORIENTED_EDGE('',*,*,#3657,.T.);
#3704 = ORIENTED_EDGE('',*,*,#837,.F.);
#3705 = ORIENTED_EDGE('',*,*,#3706,.F.);
#3706 = EDGE_CURVE('',#3682,#787,#3707,.T.);
#3707 = SURFACE_CURVE('',#3708,(#3712,#3719),.PCURVE_S1.);
#3708 = LINE('',#3709,#3710);
#3709 = CARTESIAN_POINT('',(0.287841796875,1.08984375,0.5));
#3710 = VECTOR('',#3711,1.);
#3711 = DIRECTION('',(0.,0.,1.));
#3712 = PCURVE('',#861,#3713);
#3713 = DEFINITIONAL_REPRESENTATION('',(#3714),#3718);
#3714 = LINE('',#3715,#3716);
#3715 = CARTESIAN_POINT('',(1.,0.));
#3716 = VECTOR('',#3717,1.);
#3717 = DIRECTION('',(0.,-1.));
#3718 = ( GEOMETRIC_REPRESENTATION_CONTEXT(2) 
PARAMETRIC_REPRESENTATION_CONTEXT() REPRESENTATION_CONTEXT('2D SPACE',''
  ) );
#3719 = PCURVE('',#816,#3720);
#3720 = DEFINITIONAL_REPRESENTATION('',(#3721),#3725);
#3721 = LINE('',#3722,#3723);
#3722 = CARTESIAN_POINT('',(0.,0.));
#3723 = VECTOR('',#3724,1.);
#3724 = DIRECTION('',(0.,-1.));
#3725 = ( GEOMETRIC_REPRESENTATION_CONTEXT(2) 
PARAMETRIC_REPRESENTATION_CONTEXT() REPRESENTATION_CONTEXT('2D SPACE',''
  ) );
#3726 = ADVANCED_FACE('',(#3727),#816,.F.);
#3727 = FACE_BOUND('',#3728,.F.);
#3728 = EDGE_LOOP('',(#3729,#3752,#3753,#3754));
#3729 = ORIENTED_EDGE('',*,*,#3730,.F.);
#3730 = EDGE_CURVE('',#3682,#3731,#3733,.T.);
#3731 = VERTEX_POINT('',#3732);
#3732 = CARTESIAN_POINT('',(0.51416015625,0.884033203125,0.5));
#3733 = SURFACE_CURVE('',#3734,(#3738,#3745),.PCURVE_S1.);
#3734 = B_SPLINE_CURVE_WITH_KNOTS('',2,(#3735,#3736,#3737),
  .UNSPECIFIED.,.F.,.F.,(3,3),(0.,1.),.PIECEWISE_BEZIER_KNOTS.);
#3735 = CARTESIAN_POINT('',(0.287841796875,1.08984375,0.5));
#3736 = CARTESIAN_POINT('',(0.435791015625,1.014404296875,0.5));
#3737 = CARTESIAN_POINT('',(0.51416015625,0.884033203125,0.5));
#3738 = PCURVE('',#816,#3739);
#3739 = DEFINITIONAL_REPRESENTATION('',(#3740),#3744);
#3740 = LINE('',#3741,#3742);
#3741 = CARTESIAN_POINT('',(0.,0.));
#3742 = VECTOR('',#3743,1.);
#3743 = DIRECTION('',(1.,0.));
#3744 = ( GEOMETRIC_REPRESENTATION_CONTEXT(2) 
PARAMETRIC_REPRESENTATION_CONTEXT() REPRESENTATION_CONTEXT('2D SPACE',''
  ) );
#3745 = PCURVE('',#2445,#3746);
#3746 = DEFINITIONAL_REPRESENTATION('',(#3747),#3751);
#3747 = B_SPLINE_CURVE_WITH_KNOTS('',2,(#3748,#3749,#3750),
  .UNSPECIFIED.,.F.,.F.,(3,3),(0.,1.),.PIECEWISE_BEZIER_KNOTS.);
#3748 = CARTESIAN_POINT('',(1.1220703125,2.080810546875));
#3749 = CARTESIAN_POINT('',(1.27001953125,2.00537109375));
#3750 = CARTESIAN_POINT('',(1.348388671875,1.875));
#3751 = ( GEOMETRIC_REPRESENTATION_CONTEXT(2) 
PARAMETRIC_REPRESENTATION_CONTEXT() REPRESENTATION_CONTEXT('2D SPACE',''
  ) );
#3752 = ORIENTED_EDGE('',*,*,#3706,.T.);
#3753 = ORIENTED_EDGE('',*,*,#786,.F.);
#3754 = ORIENTED_EDGE('',*,*,#3755,.F.);
#3755 = EDGE_CURVE('',#3731,#736,#3756,.T.);
#3756 = SURFACE_CURVE('',#3757,(#3761,#3768),.PCURVE_S1.);
#3757 = LINE('',#3758,#3759);
#3758 = CARTESIAN_POINT('',(0.51416015625,0.884033203125,0.5));
#3759 = VECTOR('',#3760,1.);
#3760 = DIRECTION('',(0.,0.,1.));
#3761 = PCURVE('',#816,#3762);
#3762 = DEFINITIONAL_REPRESENTATION('',(#3763),#3767);
#3763 = LINE('',#3764,#3765);
#3764 = CARTESIAN_POINT('',(1.,0.));
#3765 = VECTOR('',#3766,1.);
#3766 = DIRECTION('',(0.,-1.));
#3767 = ( GEOMETRIC_REPRESENTATION_CONTEXT(2) 
PARAMETRIC_REPRESENTATION_CONTEXT() REPRESENTATION_CONTEXT('2D SPACE',''
  ) );
#3768 = PCURVE('',#765,#3769);
#3769 = DEFINITIONAL_REPRESENTATION('',(#3770),#3774);
#3770 = LINE('',#3771,#3772);
#3771 = CARTESIAN_POINT('',(0.,0.));
#3772 = VECTOR('',#3773,1.);
#3773 = DIRECTION('',(0.,-1.));
#3774 = ( GEOMETRIC_REPRESENTATION_CONTEXT(2) 
PARAMETRIC_REPRESENTATION_CONTEXT() REPRESENTATION_CONTEXT('2D SPACE',''
  ) );
#3775 = ADVANCED_FACE('',(#3776),#765,.F.);
#3776 = FACE_BOUND('',#3777,.F.);
#3777 = EDGE_LOOP('',(#3778,#3801,#3802,#3803));
#3778 = ORIENTED_EDGE('',*,*,#3779,.F.);
#3779 = EDGE_CURVE('',#3731,#3780,#3782,.T.);
#3780 = VERTEX_POINT('',#3781);
#3781 = CARTESIAN_POINT('',(0.592529296875,0.607177734375,0.5));
#3782 = SURFACE_CURVE('',#3783,(#3787,#3794),.PCURVE_S1.);
#3783 = B_SPLINE_CURVE_WITH_KNOTS('',2,(#3784,#3785,#3786),
  .UNSPECIFIED.,.F.,.F.,(3,3),(0.,1.),.PIECEWISE_BEZIER_KNOTS.);
#3784 = CARTESIAN_POINT('',(0.51416015625,0.884033203125,0.5));
#3785 = CARTESIAN_POINT('',(0.592529296875,0.753662109375,0.5));
#3786 = CARTESIAN_POINT('',(0.592529296875,0.607177734375,0.5));
#3787 = PCURVE('',#765,#3788);
#3788 = DEFINITIONAL_REPRESENTATION('',(#3789),#3793);
#3789 = LINE('',#3790,#3791);
#3790 = CARTESIAN_POINT('',(0.,0.));
#3791 = VECTOR('',#3792,1.);
#3792 = DIRECTION('',(1.,0.));
#3793 = ( GEOMETRIC_REPRESENTATION_CONTEXT(2) 
PARAMETRIC_REPRESENTATION_CONTEXT() REPRESENTATION_CONTEXT('2D SPACE',''
  ) );
#3794 = PCURVE('',#2445,#3795);
#3795 = DEFINITIONAL_REPRESENTATION('',(#3796),#3800);
#3796 = B_SPLINE_CURVE_WITH_KNOTS('',2,(#3797,#3798,#3799),
  .UNSPECIFIED.,.F.,.F.,(3,3),(0.,1.),.PIECEWISE_BEZIER_KNOTS.);
#3797 = CARTESIAN_POINT('',(1.348388671875,1.875));
#3798 = CARTESIAN_POINT('',(1.4267578125,1.74462890625));
#3799 = CARTESIAN_POINT('',(1.4267578125,1.59814453125));
#3800 = ( GEOMETRIC_REPRESENTATION_CONTEXT(2) 
PARAMETRIC_REPRESENTATION_CONTEXT() REPRESENTATION_CONTEXT('2D SPACE',''
  ) );
#3801 = ORIENTED_EDGE('',*,*,#3755,.T.);
#3802 = ORIENTED_EDGE('',*,*,#735,.F.);
#3803 = ORIENTED_EDGE('',*,*,#3804,.F.);
#3804 = EDGE_CURVE('',#3780,#694,#3805,.T.);
#3805 = SURFACE_CURVE('',#3806,(#3810,#3817),.PCURVE_S1.);
#3806 = LINE('',#3807,#3808);
#3807 = CARTESIAN_POINT('',(0.592529296875,0.607177734375,0.5));
#3808 = VECTOR('',#3809,1.);
#3809 = DIRECTION('',(0.,0.,1.));
#3810 = PCURVE('',#765,#3811);
#3811 = DEFINITIONAL_REPRESENTATION('',(#3812),#3816);
#3812 = LINE('',#3813,#3814);
#3813 = CARTESIAN_POINT('',(1.,0.));
#3814 = VECTOR('',#3815,1.);
#3815 = DIRECTION('',(0.,-1.));
#3816 = ( GEOMETRIC_REPRESENTATION_CONTEXT(2) 
PARAMETRIC_REPRESENTATION_CONTEXT() REPRESENTATION_CONTEXT('2D SPACE',''
  ) );
#3817 = PCURVE('',#717,#3818);
#3818 = DEFINITIONAL_REPRESENTATION('',(#3819),#3823);
#3819 = LINE('',#3820,#3821);
#3820 = CARTESIAN_POINT('',(0.,0.));
#3821 = VECTOR('',#3822,1.);
#3822 = DIRECTION('',(0.,-1.));
#3823 = ( GEOMETRIC_REPRESENTATION_CONTEXT(2) 
PARAMETRIC_REPRESENTATION_CONTEXT() REPRESENTATION_CONTEXT('2D SPACE',''
  ) );
#3824 = ADVANCED_FACE('',(#3825),#717,.F.);
#3825 = FACE_BOUND('',#3826,.F.);
#3826 = EDGE_LOOP('',(#3827,#3850,#3851,#3852));
#3827 = ORIENTED_EDGE('',*,*,#3828,.F.);
#3828 = EDGE_CURVE('',#3780,#3829,#3831,.T.);
#3829 = VERTEX_POINT('',#3830);
#3830 = CARTESIAN_POINT('',(0.517822265625,0.353759765625,0.5));
#3831 = SURFACE_CURVE('',#3832,(#3836,#3843),.PCURVE_S1.);
#3832 = B_SPLINE_CURVE_WITH_KNOTS('',2,(#3833,#3834,#3835),
  .UNSPECIFIED.,.F.,.F.,(3,3),(0.,1.),.PIECEWISE_BEZIER_KNOTS.);
#3833 = CARTESIAN_POINT('',(0.592529296875,0.607177734375,0.5));
#3834 = CARTESIAN_POINT('',(0.592529296875,0.468017578125,0.5));
#3835 = CARTESIAN_POINT('',(0.517822265625,0.353759765625,0.5));
#3836 = PCURVE('',#717,#3837);
#3837 = DEFINITIONAL_REPRESENTATION('',(#3838),#3842);
#3838 = LINE('',#3839,#3840);
#3839 = CARTESIAN_POINT('',(0.,0.));
#3840 = VECTOR('',#3841,1.);
#3841 = DIRECTION('',(1.,0.));
#3842 = ( GEOMETRIC_REPRESENTATION_CONTEXT(2) 
PARAMETRIC_REPRESENTATION_CONTEXT() REPRESENTATION_CONTEXT('2D SPACE',''
  ) );
#3843 = PCURVE('',#2445,#3844);
#3844 = DEFINITIONAL_REPRESENTATION('',(#3845),#3849);
#3845 = B_SPLINE_CURVE_WITH_KNOTS('',2,(#3846,#3847,#3848),
  .UNSPECIFIED.,.F.,.F.,(3,3),(0.,1.),.PIECEWISE_BEZIER_KNOTS.);
#3846 = CARTESIAN_POINT('',(1.4267578125,1.59814453125));
#3847 = CARTESIAN_POINT('',(1.4267578125,1.458984375));
#3848 = CARTESIAN_POINT('',(1.35205078125,1.3447265625));
#3849 = ( GEOMETRIC_REPRESENTATION_CONTEXT(2) 
PARAMETRIC_REPRESENTATION_CONTEXT() REPRESENTATION_CONTEXT('2D SPACE',''
  ) );
#3850 = ORIENTED_EDGE('',*,*,#3804,.T.);
#3851 = ORIENTED_EDGE('',*,*,#693,.F.);
#3852 = ORIENTED_EDGE('',*,*,#3853,.F.);
#3853 = EDGE_CURVE('',#3829,#631,#3854,.T.);
#3854 = SURFACE_CURVE('',#3855,(#3859,#3866),.PCURVE_S1.);
#3855 = LINE('',#3856,#3857);
#3856 = CARTESIAN_POINT('',(0.517822265625,0.353759765625,0.5));
#3857 = VECTOR('',#3858,1.);
#3858 = DIRECTION('',(0.,0.,1.));
#3859 = PCURVE('',#717,#3860);
#3860 = DEFINITIONAL_REPRESENTATION('',(#3861),#3865);
#3861 = LINE('',#3862,#3863);
#3862 = CARTESIAN_POINT('',(1.,0.));
#3863 = VECTOR('',#3864,1.);
#3864 = DIRECTION('',(0.,-1.));
#3865 = ( GEOMETRIC_REPRESENTATION_CONTEXT(2) 
PARAMETRIC_REPRESENTATION_CONTEXT() REPRESENTATION_CONTEXT('2D SPACE',''
  ) );
#3866 = PCURVE('',#668,#3867);
#3867 = DEFINITIONAL_REPRESENTATION('',(#3868),#3872);
#3868 = LINE('',#3869,#3870);
#3869 = CARTESIAN_POINT('',(0.,0.));
#3870 = VECTOR('',#3871,1.);
#3871 = DIRECTION('',(0.,-1.));
#3872 = ( GEOMETRIC_REPRESENTATION_CONTEXT(2) 
PARAMETRIC_REPRESENTATION_CONTEXT() REPRESENTATION_CONTEXT('2D SPACE',''
  ) );
#3873 = ADVANCED_FACE('',(#3874),#668,.F.);
#3874 = FACE_BOUND('',#3875,.F.);
#3875 = EDGE_LOOP('',(#3876,#3897,#3898,#3899));
#3876 = ORIENTED_EDGE('',*,*,#3877,.F.);
#3877 = EDGE_CURVE('',#3829,#2428,#3878,.T.);
#3878 = SURFACE_CURVE('',#3879,(#3883,#3890),.PCURVE_S1.);
#3879 = B_SPLINE_CURVE_WITH_KNOTS('',2,(#3880,#3881,#3882),
  .UNSPECIFIED.,.F.,.F.,(3,3),(0.,1.),.PIECEWISE_BEZIER_KNOTS.);
#3880 = CARTESIAN_POINT('',(0.517822265625,0.353759765625,0.5));
#3881 = CARTESIAN_POINT('',(0.443115234375,0.239501953125,0.5));
#3882 = CARTESIAN_POINT('',(0.296630859375,0.172119140625,0.5));
#3883 = PCURVE('',#668,#3884);
#3884 = DEFINITIONAL_REPRESENTATION('',(#3885),#3889);
#3885 = LINE('',#3886,#3887);
#3886 = CARTESIAN_POINT('',(0.,0.));
#3887 = VECTOR('',#3888,1.);
#3888 = DIRECTION('',(1.,0.));
#3889 = ( GEOMETRIC_REPRESENTATION_CONTEXT(2) 
PARAMETRIC_REPRESENTATION_CONTEXT() REPRESENTATION_CONTEXT('2D SPACE',''
  ) );
#3890 = PCURVE('',#2445,#3891);
#3891 = DEFINITIONAL_REPRESENTATION('',(#3892),#3896);
#3892 = B_SPLINE_CURVE_WITH_KNOTS('',2,(#3893,#3894,#3895),
  .UNSPECIFIED.,.F.,.F.,(3,3),(0.,1.),.PIECEWISE_BEZIER_KNOTS.);
#3893 = CARTESIAN_POINT('',(1.35205078125,1.3447265625));
#3894 = CARTESIAN_POINT('',(1.27734375,1.23046875));
#3895 = CARTESIAN_POINT('',(1.130859375,1.1630859375));
#3896 = ( GEOMETRIC_REPRESENTATION_CONTEXT(2) 
PARAMETRIC_REPRESENTATION_CONTEXT() REPRESENTATION_CONTEXT('2D SPACE',''
  ) );
#3897 = ORIENTED_EDGE('',*,*,#3853,.T.);
#3898 = ORIENTED_EDGE('',*,*,#630,.F.);
#3899 = ORIENTED_EDGE('',*,*,#2457,.F.);
#3900 = ADVANCED_FACE('',(#3901),#2445,.T.);
#3901 = FACE_BOUND('',#3902,.F.);
#3902 = EDGE_LOOP('',(#3903,#3904,#3905,#3906,#3907,#3908,#3909,#3910,
    #3911,#3912,#3913,#3914,#3915,#3916,#3917,#3918,#3919,#3920,#3921,
    #3922,#3923,#3924,#3925,#3926,#3927,#3928,#3929,#3930,#3931,#3932));
#3903 = ORIENTED_EDGE('',*,*,#2749,.T.);
#3904 = ORIENTED_EDGE('',*,*,#2798,.T.);
#3905 = ORIENTED_EDGE('',*,*,#2847,.T.);
#3906 = ORIENTED_EDGE('',*,*,#2896,.T.);
#3907 = ORIENTED_EDGE('',*,*,#2945,.T.);
#3908 = ORIENTED_EDGE('',*,*,#2994,.T.);
#3909 = ORIENTED_EDGE('',*,*,#3043,.T.);
#3910 = ORIENTED_EDGE('',*,*,#3093,.T.);
#3911 = ORIENTED_EDGE('',*,*,#3142,.T.);
#3912 = ORIENTED_EDGE('',*,*,#3191,.T.);
#3913 = ORIENTED_EDGE('',*,*,#3240,.T.);
#3914 = ORIENTED_EDGE('',*,*,#3289,.T.);
#3915 = ORIENTED_EDGE('',*,*,#3338,.T.);
#3916 = ORIENTED_EDGE('',*,*,#3387,.T.);
#3917 = ORIENTED_EDGE('',*,*,#3436,.T.);
#3918 = ORIENTED_EDGE('',*,*,#3485,.T.);
#3919 = ORIENTED_EDGE('',*,*,#3534,.T.);
#3920 = ORIENTED_EDGE('',*,*,#3583,.T.);
#3921 = ORIENTED_EDGE('',*,*,#3632,.T.);
#3922 = ORIENTED_EDGE('',*,*,#3681,.T.);
#3923 = ORIENTED_EDGE('',*,*,#3730,.T.);
#3924 = ORIENTED_EDGE('',*,*,#3779,.T.);
#3925 = ORIENTED_EDGE('',*,*,#3828,.T.);
#3926 = ORIENTED_EDGE('',*,*,#3877,.T.);
#3927 = ORIENTED_EDGE('',*,*,#2427,.T.);
#3928 = ORIENTED_EDGE('',*,*,#2504,.T.);
#3929 = ORIENTED_EDGE('',*,*,#2553,.T.);
#3930 = ORIENTED_EDGE('',*,*,#2602,.T.);
#3931 = ORIENTED_EDGE('',*,*,#2651,.T.);
#3932 = ORIENTED_EDGE('',*,*,#2700,.T.);
#3933 = ( GEOMETRIC_REPRESENTATION_CONTEXT(3) 
GLOBAL_UNCERTAINTY_ASSIGNED_CONTEXT((#3937)) 
GLOBAL_UNIT_ASSIGNED_CONTEXT((#3934,#3935,#3936)) REPRESENTATION_CONTEXT
('Context #1','3D Context with UNIT and UNCERTAINTY') );
#3934 = ( LENGTH_UNIT() NAMED_UNIT(*) SI_UNIT(.MILLI.,.METRE.) );
#3935 = ( NAMED_UNIT(*) PLANE_ANGLE_UNIT() SI_UNIT($,.RADIAN.) );
#3936 = ( NAMED_UNIT(*) SI_UNIT($,.STERADIAN.) SOLID_ANGLE_UNIT() );
#3937 = UNCERTAINTY_MEASURE_WITH_UNIT(LENGTH_MEASURE(2.E-06),#3934,
  'distance_accuracy_value','confusion accuracy');
#3938 = PRODUCT_RELATED_PRODUCT_CATEGORY('part',$,(#7));
ENDSEC;
END-ISO-10303-21;
