ISO-10303-21;
HEADER;
FILE_DESCRIPTION(('Open CASCADE Model'),'2;1');
FILE_NAME('Open CASCADE Shape Model','2026-07-31T15:36:23',('Author'),(
    'Open CASCADE'),'Open CASCADE STEP processor 7.9','Open CASCADE 7.9'
  ,'Unknown');
FILE_SCHEMA(('AUTOMOTIVE_DESIGN { 1 0 10303 214 1 1 1 1 }'));
ENDSEC;
DATA;
#1 = APPLICATION_PROTOCOL_DEFINITION('international standard',
  'automotive_design',2000,#2);
#2 = APPLICATION_CONTEXT(
  'core data for automotive mechanical design processes');
#3 = SHAPE_DEFINITION_REPRESENTATION(#4,#10);
#4 = PRODUCT_DEFINITION_SHAPE('','',#5);
#5 = PRODUCT_DEFINITION('design','',#6,#9);
#6 = PRODUCT_DEFINITION_FORMATION('','',#7);
#7 = PRODUCT('Open CASCADE STEP translator 7.9 7',
  'Open CASCADE STEP translator 7.9 7','',(#8));
#8 = PRODUCT_CONTEXT('',#2,'mechanical');
#9 = PRODUCT_DEFINITION_CONTEXT('part definition',#2,'design');
#10 = ADVANCED_BREP_SHAPE_REPRESENTATION('',(#11,#15),#3592);
#11 = AXIS2_PLACEMENT_3D('',#12,#13,#14);
#12 = CARTESIAN_POINT('',(0.,0.,0.));
#13 = DIRECTION('',(0.,0.,1.));
#14 = DIRECTION('',(1.,0.,-0.));
#15 = MANIFOLD_SOLID_BREP('',#16);
#16 = CLOSED_SHELL('',(#17,#105,#140,#175,#230,#285,#320,#355,#1432,
    #1487,#1564,#1613,#1662,#1711,#1760,#1809,#1858,#1907,#1956,#2005,
    #2054,#2103,#2152,#2201,#2250,#2299,#2348,#2397,#2424,#2459,#2753,
    #2808,#2896,#2966,#3036,#3112,#3194,#3305,#3405,#3505,#3550,#3554));
#17 = ADVANCED_FACE('',(#18),#32,.T.);
#18 = FACE_BOUND('',#19,.T.);
#19 = EDGE_LOOP('',(#20,#50,#77,#78));
#20 = ORIENTED_EDGE('',*,*,#21,.T.);
#21 = EDGE_CURVE('',#22,#24,#26,.T.);
#22 = VERTEX_POINT('',#23);
#23 = CARTESIAN_POINT('',(6.6,0.,-1.5));
#24 = VERTEX_POINT('',#25);
#25 = CARTESIAN_POINT('',(6.6,0.,-2.5));
#26 = SEAM_CURVE('',#27,(#31,#43),.PCURVE_S1.);
#27 = LINE('',#28,#29);
#28 = CARTESIAN_POINT('',(6.6,0.,-1.5));
#29 = VECTOR('',#30,1.);
#30 = DIRECTION('',(-0.,-0.,-1.));
#31 = PCURVE('',#32,#37);
#32 = CYLINDRICAL_SURFACE('',#33,6.6);
#33 = AXIS2_PLACEMENT_3D('',#34,#35,#36);
#34 = CARTESIAN_POINT('',(0.,0.,-1.5));
#35 = DIRECTION('',(0.,0.,1.));
#36 = DIRECTION('',(1.,0.,0.));
#37 = DEFINITIONAL_REPRESENTATION('',(#38),#42);
#38 = LINE('',#39,#40);
#39 = CARTESIAN_POINT('',(0.,0.));
#40 = VECTOR('',#41,1.);
#41 = DIRECTION('',(0.,-1.));
#42 = ( GEOMETRIC_REPRESENTATION_CONTEXT(2) 
PARAMETRIC_REPRESENTATION_CONTEXT() REPRESENTATION_CONTEXT('2D SPACE',''
  ) );
#43 = PCURVE('',#32,#44);
#44 = DEFINITIONAL_REPRESENTATION('',(#45),#49);
#45 = LINE('',#46,#47);
#46 = CARTESIAN_POINT('',(6.28318530718,0.));
#47 = VECTOR('',#48,1.);
#48 = DIRECTION('',(0.,-1.));
#49 = ( GEOMETRIC_REPRESENTATION_CONTEXT(2) 
PARAMETRIC_REPRESENTATION_CONTEXT() REPRESENTATION_CONTEXT('2D SPACE',''
  ) );
#50 = ORIENTED_EDGE('',*,*,#51,.T.);
#51 = EDGE_CURVE('',#24,#24,#52,.T.);
#52 = SURFACE_CURVE('',#53,(#58,#65),.PCURVE_S1.);
#53 = CIRCLE('',#54,6.6);
#54 = AXIS2_PLACEMENT_3D('',#55,#56,#57);
#55 = CARTESIAN_POINT('',(0.,0.,-2.5));
#56 = DIRECTION('',(0.,0.,1.));
#57 = DIRECTION('',(1.,0.,0.));
#58 = PCURVE('',#32,#59);
#59 = DEFINITIONAL_REPRESENTATION('',(#60),#64);
#60 = LINE('',#61,#62);
#61 = CARTESIAN_POINT('',(0.,-1.));
#62 = VECTOR('',#63,1.);
#63 = DIRECTION('',(1.,0.));
#64 = ( GEOMETRIC_REPRESENTATION_CONTEXT(2) 
PARAMETRIC_REPRESENTATION_CONTEXT() REPRESENTATION_CONTEXT('2D SPACE',''
  ) );
#65 = PCURVE('',#66,#71);
#66 = PLANE('',#67);
#67 = AXIS2_PLACEMENT_3D('',#68,#69,#70);
#68 = CARTESIAN_POINT('',(-6.215636966088E-16,1.449535019268E-16,-2.5));
#69 = DIRECTION('',(0.,0.,1.));
#70 = DIRECTION('',(1.,0.,-0.));
#71 = DEFINITIONAL_REPRESENTATION('',(#72),#76);
#72 = CIRCLE('',#73,6.6);
#73 = AXIS2_PLACEMENT_2D('',#74,#75);
#74 = CARTESIAN_POINT('',(6.215636966088E-16,-1.449535019268E-16));
#75 = DIRECTION('',(1.,0.));
#76 = ( GEOMETRIC_REPRESENTATION_CONTEXT(2) 
PARAMETRIC_REPRESENTATION_CONTEXT() REPRESENTATION_CONTEXT('2D SPACE',''
  ) );
#77 = ORIENTED_EDGE('',*,*,#21,.F.);
#78 = ORIENTED_EDGE('',*,*,#79,.F.);
#79 = EDGE_CURVE('',#22,#22,#80,.T.);
#80 = SURFACE_CURVE('',#81,(#86,#93),.PCURVE_S1.);
#81 = CIRCLE('',#82,6.6);
#82 = AXIS2_PLACEMENT_3D('',#83,#84,#85);
#83 = CARTESIAN_POINT('',(0.,0.,-1.5));
#84 = DIRECTION('',(0.,0.,1.));
#85 = DIRECTION('',(1.,0.,0.));
#86 = PCURVE('',#32,#87);
#87 = DEFINITIONAL_REPRESENTATION('',(#88),#92);
#88 = LINE('',#89,#90);
#89 = CARTESIAN_POINT('',(0.,0.));
#90 = VECTOR('',#91,1.);
#91 = DIRECTION('',(1.,0.));
#92 = ( GEOMETRIC_REPRESENTATION_CONTEXT(2) 
PARAMETRIC_REPRESENTATION_CONTEXT() REPRESENTATION_CONTEXT('2D SPACE',''
  ) );
#93 = PCURVE('',#94,#99);
#94 = PLANE('',#95);
#95 = AXIS2_PLACEMENT_3D('',#96,#97,#98);
#96 = CARTESIAN_POINT('',(-6.215636966088E-16,1.449535019268E-16,-1.5));
#97 = DIRECTION('',(0.,0.,1.));
#98 = DIRECTION('',(1.,0.,-0.));
#99 = DEFINITIONAL_REPRESENTATION('',(#100),#104);
#100 = CIRCLE('',#101,6.6);
#101 = AXIS2_PLACEMENT_2D('',#102,#103);
#102 = CARTESIAN_POINT('',(6.215636966088E-16,-1.449535019268E-16));
#103 = DIRECTION('',(1.,0.));
#104 = ( GEOMETRIC_REPRESENTATION_CONTEXT(2) 
PARAMETRIC_REPRESENTATION_CONTEXT() REPRESENTATION_CONTEXT('2D SPACE',''
  ) );
#105 = ADVANCED_FACE('',(#106,#109),#94,.T.);
#106 = FACE_BOUND('',#107,.T.);
#107 = EDGE_LOOP('',(#108));
#108 = ORIENTED_EDGE('',*,*,#79,.T.);
#109 = FACE_BOUND('',#110,.T.);
#110 = EDGE_LOOP('',(#111));
#111 = ORIENTED_EDGE('',*,*,#112,.F.);
#112 = EDGE_CURVE('',#113,#113,#115,.T.);
#113 = VERTEX_POINT('',#114);
#114 = CARTESIAN_POINT('',(5.3,0.,-1.5));
#115 = SURFACE_CURVE('',#116,(#121,#128),.PCURVE_S1.);
#116 = CIRCLE('',#117,5.3);
#117 = AXIS2_PLACEMENT_3D('',#118,#119,#120);
#118 = CARTESIAN_POINT('',(0.,0.,-1.5));
#119 = DIRECTION('',(0.,0.,1.));
#120 = DIRECTION('',(1.,0.,0.));
#121 = PCURVE('',#94,#122);
#122 = DEFINITIONAL_REPRESENTATION('',(#123),#127);
#123 = CIRCLE('',#124,5.3);
#124 = AXIS2_PLACEMENT_2D('',#125,#126);
#125 = CARTESIAN_POINT('',(6.215636966088E-16,-1.449535019268E-16));
#126 = DIRECTION('',(1.,0.));
#127 = ( GEOMETRIC_REPRESENTATION_CONTEXT(2) 
PARAMETRIC_REPRESENTATION_CONTEXT() REPRESENTATION_CONTEXT('2D SPACE',''
  ) );
#128 = PCURVE('',#129,#134);
#129 = CYLINDRICAL_SURFACE('',#130,5.3);
#130 = AXIS2_PLACEMENT_3D('',#131,#132,#133);
#131 = CARTESIAN_POINT('',(0.,0.,0.));
#132 = DIRECTION('',(0.,0.,1.));
#133 = DIRECTION('',(1.,0.,0.));
#134 = DEFINITIONAL_REPRESENTATION('',(#135),#139);
#135 = LINE('',#136,#137);
#136 = CARTESIAN_POINT('',(0.,-1.5));
#137 = VECTOR('',#138,1.);
#138 = DIRECTION('',(1.,0.));
#139 = ( GEOMETRIC_REPRESENTATION_CONTEXT(2) 
PARAMETRIC_REPRESENTATION_CONTEXT() REPRESENTATION_CONTEXT('2D SPACE',''
  ) );
#140 = ADVANCED_FACE('',(#141,#144),#66,.F.);
#141 = FACE_BOUND('',#142,.F.);
#142 = EDGE_LOOP('',(#143));
#143 = ORIENTED_EDGE('',*,*,#51,.T.);
#144 = FACE_BOUND('',#145,.F.);
#145 = EDGE_LOOP('',(#146));
#146 = ORIENTED_EDGE('',*,*,#147,.F.);
#147 = EDGE_CURVE('',#148,#148,#150,.T.);
#148 = VERTEX_POINT('',#149);
#149 = CARTESIAN_POINT('',(4.,0.,-2.5));
#150 = SURFACE_CURVE('',#151,(#156,#163),.PCURVE_S1.);
#151 = CIRCLE('',#152,4.);
#152 = AXIS2_PLACEMENT_3D('',#153,#154,#155);
#153 = CARTESIAN_POINT('',(0.,0.,-2.5));
#154 = DIRECTION('',(0.,0.,1.));
#155 = DIRECTION('',(1.,0.,0.));
#156 = PCURVE('',#66,#157);
#157 = DEFINITIONAL_REPRESENTATION('',(#158),#162);
#158 = CIRCLE('',#159,4.);
#159 = AXIS2_PLACEMENT_2D('',#160,#161);
#160 = CARTESIAN_POINT('',(6.215636966088E-16,-1.449535019268E-16));
#161 = DIRECTION('',(1.,0.));
#162 = ( GEOMETRIC_REPRESENTATION_CONTEXT(2) 
PARAMETRIC_REPRESENTATION_CONTEXT() REPRESENTATION_CONTEXT('2D SPACE',''
  ) );
#163 = PCURVE('',#164,#169);
#164 = CYLINDRICAL_SURFACE('',#165,4.);
#165 = AXIS2_PLACEMENT_3D('',#166,#167,#168);
#166 = CARTESIAN_POINT('',(0.,0.,-2.5));
#167 = DIRECTION('',(0.,0.,1.));
#168 = DIRECTION('',(1.,0.,0.));
#169 = DEFINITIONAL_REPRESENTATION('',(#170),#174);
#170 = LINE('',#171,#172);
#171 = CARTESIAN_POINT('',(0.,0.));
#172 = VECTOR('',#173,1.);
#173 = DIRECTION('',(1.,0.));
#174 = ( GEOMETRIC_REPRESENTATION_CONTEXT(2) 
PARAMETRIC_REPRESENTATION_CONTEXT() REPRESENTATION_CONTEXT('2D SPACE',''
  ) );
#175 = ADVANCED_FACE('',(#176),#129,.T.);
#176 = FACE_BOUND('',#177,.T.);
#177 = EDGE_LOOP('',(#178,#179,#202,#229));
#178 = ORIENTED_EDGE('',*,*,#112,.T.);
#179 = ORIENTED_EDGE('',*,*,#180,.T.);
#180 = EDGE_CURVE('',#113,#181,#183,.T.);
#181 = VERTEX_POINT('',#182);
#182 = CARTESIAN_POINT('',(5.3,0.,1.));
#183 = SEAM_CURVE('',#184,(#188,#195),.PCURVE_S1.);
#184 = LINE('',#185,#186);
#185 = CARTESIAN_POINT('',(5.3,0.,-1.5));
#186 = VECTOR('',#187,1.);
#187 = DIRECTION('',(0.,0.,1.));
#188 = PCURVE('',#129,#189);
#189 = DEFINITIONAL_REPRESENTATION('',(#190),#194);
#190 = LINE('',#191,#192);
#191 = CARTESIAN_POINT('',(6.28318530718,-1.5));
#192 = VECTOR('',#193,1.);
#193 = DIRECTION('',(-0.,1.));
#194 = ( GEOMETRIC_REPRESENTATION_CONTEXT(2) 
PARAMETRIC_REPRESENTATION_CONTEXT() REPRESENTATION_CONTEXT('2D SPACE',''
  ) );
#195 = PCURVE('',#129,#196);
#196 = DEFINITIONAL_REPRESENTATION('',(#197),#201);
#197 = LINE('',#198,#199);
#198 = CARTESIAN_POINT('',(0.,-1.5));
#199 = VECTOR('',#200,1.);
#200 = DIRECTION('',(-0.,1.));
#201 = ( GEOMETRIC_REPRESENTATION_CONTEXT(2) 
PARAMETRIC_REPRESENTATION_CONTEXT() REPRESENTATION_CONTEXT('2D SPACE',''
  ) );
#202 = ORIENTED_EDGE('',*,*,#203,.F.);
#203 = EDGE_CURVE('',#181,#181,#204,.T.);
#204 = SURFACE_CURVE('',#205,(#210,#217),.PCURVE_S1.);
#205 = CIRCLE('',#206,5.3);
#206 = AXIS2_PLACEMENT_3D('',#207,#208,#209);
#207 = CARTESIAN_POINT('',(0.,0.,1.));
#208 = DIRECTION('',(0.,0.,1.));
#209 = DIRECTION('',(1.,0.,0.));
#210 = PCURVE('',#129,#211);
#211 = DEFINITIONAL_REPRESENTATION('',(#212),#216);
#212 = LINE('',#213,#214);
#213 = CARTESIAN_POINT('',(-0.,1.));
#214 = VECTOR('',#215,1.);
#215 = DIRECTION('',(1.,-0.));
#216 = ( GEOMETRIC_REPRESENTATION_CONTEXT(2) 
PARAMETRIC_REPRESENTATION_CONTEXT() REPRESENTATION_CONTEXT('2D SPACE',''
  ) );
#217 = PCURVE('',#218,#223);
#218 = PLANE('',#219);
#219 = AXIS2_PLACEMENT_3D('',#220,#221,#222);
#220 = CARTESIAN_POINT('',(-5.160151443545E-16,2.996608765051E-16,1.));
#221 = DIRECTION('',(0.,0.,1.));
#222 = DIRECTION('',(1.,0.,-0.));
#223 = DEFINITIONAL_REPRESENTATION('',(#224),#228);
#224 = CIRCLE('',#225,5.3);
#225 = AXIS2_PLACEMENT_2D('',#226,#227);
#226 = CARTESIAN_POINT('',(5.160151443545E-16,-2.996608765051E-16));
#227 = DIRECTION('',(1.,0.));
#228 = ( GEOMETRIC_REPRESENTATION_CONTEXT(2) 
PARAMETRIC_REPRESENTATION_CONTEXT() REPRESENTATION_CONTEXT('2D SPACE',''
  ) );
#229 = ORIENTED_EDGE('',*,*,#180,.F.);
#230 = ADVANCED_FACE('',(#231),#164,.T.);
#231 = FACE_BOUND('',#232,.T.);
#232 = EDGE_LOOP('',(#233,#256,#283,#284));
#233 = ORIENTED_EDGE('',*,*,#234,.T.);
#234 = EDGE_CURVE('',#148,#235,#237,.T.);
#235 = VERTEX_POINT('',#236);
#236 = CARTESIAN_POINT('',(4.,0.,-5.15));
#237 = SEAM_CURVE('',#238,(#242,#249),.PCURVE_S1.);
#238 = LINE('',#239,#240);
#239 = CARTESIAN_POINT('',(4.,0.,-2.5));
#240 = VECTOR('',#241,1.);
#241 = DIRECTION('',(-0.,-0.,-1.));
#242 = PCURVE('',#164,#243);
#243 = DEFINITIONAL_REPRESENTATION('',(#244),#248);
#244 = LINE('',#245,#246);
#245 = CARTESIAN_POINT('',(0.,0.));
#246 = VECTOR('',#247,1.);
#247 = DIRECTION('',(0.,-1.));
#248 = ( GEOMETRIC_REPRESENTATION_CONTEXT(2) 
PARAMETRIC_REPRESENTATION_CONTEXT() REPRESENTATION_CONTEXT('2D SPACE',''
  ) );
#249 = PCURVE('',#164,#250);
#250 = DEFINITIONAL_REPRESENTATION('',(#251),#255);
#251 = LINE('',#252,#253);
#252 = CARTESIAN_POINT('',(6.28318530718,0.));
#253 = VECTOR('',#254,1.);
#254 = DIRECTION('',(0.,-1.));
#255 = ( GEOMETRIC_REPRESENTATION_CONTEXT(2) 
PARAMETRIC_REPRESENTATION_CONTEXT() REPRESENTATION_CONTEXT('2D SPACE',''
  ) );
#256 = ORIENTED_EDGE('',*,*,#257,.T.);
#257 = EDGE_CURVE('',#235,#235,#258,.T.);
#258 = SURFACE_CURVE('',#259,(#264,#271),.PCURVE_S1.);
#259 = CIRCLE('',#260,4.);
#260 = AXIS2_PLACEMENT_3D('',#261,#262,#263);
#261 = CARTESIAN_POINT('',(0.,0.,-5.15));
#262 = DIRECTION('',(0.,0.,1.));
#263 = DIRECTION('',(1.,0.,0.));
#264 = PCURVE('',#164,#265);
#265 = DEFINITIONAL_REPRESENTATION('',(#266),#270);
#266 = LINE('',#267,#268);
#267 = CARTESIAN_POINT('',(0.,-2.65));
#268 = VECTOR('',#269,1.);
#269 = DIRECTION('',(1.,0.));
#270 = ( GEOMETRIC_REPRESENTATION_CONTEXT(2) 
PARAMETRIC_REPRESENTATION_CONTEXT() REPRESENTATION_CONTEXT('2D SPACE',''
  ) );
#271 = PCURVE('',#272,#277);
#272 = PLANE('',#273);
#273 = AXIS2_PLACEMENT_3D('',#274,#275,#276);
#274 = CARTESIAN_POINT('',(-2.563950248511E-16,3.49503809816E-16,-5.15)
  );
#275 = DIRECTION('',(0.,0.,1.));
#276 = DIRECTION('',(1.,0.,-0.));
#277 = DEFINITIONAL_REPRESENTATION('',(#278),#282);
#278 = CIRCLE('',#279,4.);
#279 = AXIS2_PLACEMENT_2D('',#280,#281);
#280 = CARTESIAN_POINT('',(2.563950248511E-16,-3.49503809816E-16));
#281 = DIRECTION('',(1.,0.));
#282 = ( GEOMETRIC_REPRESENTATION_CONTEXT(2) 
PARAMETRIC_REPRESENTATION_CONTEXT() REPRESENTATION_CONTEXT('2D SPACE',''
  ) );
#283 = ORIENTED_EDGE('',*,*,#234,.F.);
#284 = ORIENTED_EDGE('',*,*,#147,.F.);
#285 = ADVANCED_FACE('',(#286,#289),#218,.T.);
#286 = FACE_BOUND('',#287,.T.);
#287 = EDGE_LOOP('',(#288));
#288 = ORIENTED_EDGE('',*,*,#203,.T.);
#289 = FACE_BOUND('',#290,.T.);
#290 = EDGE_LOOP('',(#291));
#291 = ORIENTED_EDGE('',*,*,#292,.F.);
#292 = EDGE_CURVE('',#293,#293,#295,.T.);
#293 = VERTEX_POINT('',#294);
#294 = CARTESIAN_POINT('',(3.427754366929,-8.395576827446E-16,1.));
#295 = SURFACE_CURVE('',#296,(#301,#308),.PCURVE_S1.);
#296 = CIRCLE('',#297,3.427754366929);
#297 = AXIS2_PLACEMENT_3D('',#298,#299,#300);
#298 = CARTESIAN_POINT('',(0.,0.,1.));
#299 = DIRECTION('',(0.,0.,1.));
#300 = DIRECTION('',(1.,0.,-0.));
#301 = PCURVE('',#218,#302);
#302 = DEFINITIONAL_REPRESENTATION('',(#303),#307);
#303 = CIRCLE('',#304,3.427754366929);
#304 = AXIS2_PLACEMENT_2D('',#305,#306);
#305 = CARTESIAN_POINT('',(5.160151443545E-16,-2.996608765051E-16));
#306 = DIRECTION('',(1.,0.));
#307 = ( GEOMETRIC_REPRESENTATION_CONTEXT(2) 
PARAMETRIC_REPRESENTATION_CONTEXT() REPRESENTATION_CONTEXT('2D SPACE',''
  ) );
#308 = PCURVE('',#309,#314);
#309 = SPHERICAL_SURFACE('',#310,16.96);
#310 = AXIS2_PLACEMENT_3D('',#311,#312,#313);
#311 = CARTESIAN_POINT('',(0.,0.,17.61));
#312 = DIRECTION('',(0.,0.,1.));
#313 = DIRECTION('',(1.,0.,0.));
#314 = DEFINITIONAL_REPRESENTATION('',(#315),#319);
#315 = LINE('',#316,#317);
#316 = CARTESIAN_POINT('',(0.,-1.367286301452));
#317 = VECTOR('',#318,1.);
#318 = DIRECTION('',(1.,0.));
#319 = ( GEOMETRIC_REPRESENTATION_CONTEXT(2) 
PARAMETRIC_REPRESENTATION_CONTEXT() REPRESENTATION_CONTEXT('2D SPACE',''
  ) );
#320 = ADVANCED_FACE('',(#321,#324),#272,.F.);
#321 = FACE_BOUND('',#322,.F.);
#322 = EDGE_LOOP('',(#323));
#323 = ORIENTED_EDGE('',*,*,#257,.T.);
#324 = FACE_BOUND('',#325,.F.);
#325 = EDGE_LOOP('',(#326));
#326 = ORIENTED_EDGE('',*,*,#327,.F.);
#327 = EDGE_CURVE('',#328,#328,#330,.T.);
#328 = VERTEX_POINT('',#329);
#329 = CARTESIAN_POINT('',(3.,-1.407182015661E-16,-5.15));
#330 = SURFACE_CURVE('',#331,(#336,#343),.PCURVE_S1.);
#331 = CIRCLE('',#332,3.);
#332 = AXIS2_PLACEMENT_3D('',#333,#334,#335);
#333 = CARTESIAN_POINT('',(1.888075062501E-14,-1.407182015661E-16,-5.15)
  );
#334 = DIRECTION('',(0.,0.,1.));
#335 = DIRECTION('',(1.,0.,0.));
#336 = PCURVE('',#272,#337);
#337 = DEFINITIONAL_REPRESENTATION('',(#338),#342);
#338 = CIRCLE('',#339,3.);
#339 = AXIS2_PLACEMENT_2D('',#340,#341);
#340 = CARTESIAN_POINT('',(1.913714564987E-14,-4.902220113821E-16));
#341 = DIRECTION('',(1.,0.));
#342 = ( GEOMETRIC_REPRESENTATION_CONTEXT(2) 
PARAMETRIC_REPRESENTATION_CONTEXT() REPRESENTATION_CONTEXT('2D SPACE',''
  ) );
#343 = PCURVE('',#344,#349);
#344 = CYLINDRICAL_SURFACE('',#345,3.);
#345 = AXIS2_PLACEMENT_3D('',#346,#347,#348);
#346 = CARTESIAN_POINT('',(1.888075062501E-14,-1.407182015661E-16,-2.5)
  );
#347 = DIRECTION('',(0.,0.,1.));
#348 = DIRECTION('',(1.,0.,0.));
#349 = DEFINITIONAL_REPRESENTATION('',(#350),#354);
#350 = LINE('',#351,#352);
#351 = CARTESIAN_POINT('',(0.,-2.65));
#352 = VECTOR('',#353,1.);
#353 = DIRECTION('',(1.,0.));
#354 = ( GEOMETRIC_REPRESENTATION_CONTEXT(2) 
PARAMETRIC_REPRESENTATION_CONTEXT() REPRESENTATION_CONTEXT('2D SPACE',''
  ) );
#355 = ADVANCED_FACE('',(#356),#309,.F.);
#356 = FACE_BOUND('',#357,.F.);
#357 = EDGE_LOOP('',(#358,#382,#383,#384,#426,#489,#546,#603,#666,#711,
    #768,#825,#870,#904,#967,#1024,#1081,#1144,#1207,#1264,#1315,#1357,
    #1399));
#358 = ORIENTED_EDGE('',*,*,#359,.T.);
#359 = EDGE_CURVE('',#360,#293,#362,.T.);
#360 = VERTEX_POINT('',#361);
#361 = CARTESIAN_POINT('',(0.644673447398,-1.578994547703E-16,
    0.662256901103));
#362 = SEAM_CURVE('',#363,(#368,#375),.PCURVE_S1.);
#363 = CIRCLE('',#364,16.96);
#364 = AXIS2_PLACEMENT_3D('',#365,#366,#367);
#365 = CARTESIAN_POINT('',(0.,0.,17.61));
#366 = DIRECTION('',(-2.449293598295E-16,-1.,0.));
#367 = DIRECTION('',(1.,-2.449293598295E-16,0.));
#368 = PCURVE('',#309,#369);
#369 = DEFINITIONAL_REPRESENTATION('',(#370),#374);
#370 = LINE('',#371,#372);
#371 = CARTESIAN_POINT('',(6.28318530718,-6.28318530718));
#372 = VECTOR('',#373,1.);
#373 = DIRECTION('',(0.,1.));
#374 = ( GEOMETRIC_REPRESENTATION_CONTEXT(2) 
PARAMETRIC_REPRESENTATION_CONTEXT() REPRESENTATION_CONTEXT('2D SPACE',''
  ) );
#375 = PCURVE('',#309,#376);
#376 = DEFINITIONAL_REPRESENTATION('',(#377),#381);
#377 = LINE('',#378,#379);
#378 = CARTESIAN_POINT('',(0.,-6.28318530718));
#379 = VECTOR('',#380,1.);
#380 = DIRECTION('',(0.,1.));
#381 = ( GEOMETRIC_REPRESENTATION_CONTEXT(2) 
PARAMETRIC_REPRESENTATION_CONTEXT() REPRESENTATION_CONTEXT('2D SPACE',''
  ) );
#382 = ORIENTED_EDGE('',*,*,#292,.F.);
#383 = ORIENTED_EDGE('',*,*,#359,.F.);
#384 = ORIENTED_EDGE('',*,*,#385,.T.);
#385 = EDGE_CURVE('',#360,#386,#388,.T.);
#386 = VERTEX_POINT('',#387);
#387 = CARTESIAN_POINT('',(0.51123046875,0.2080078125,0.658983034704));
#388 = SURFACE_CURVE('',#389,(#397,#408),.PCURVE_S1.);
#389 = B_SPLINE_CURVE_WITH_KNOTS('',6,(#390,#391,#392,#393,#394,#395,
    #396),.UNSPECIFIED.,.F.,.F.,(7,7),(0.,1.),.PIECEWISE_BEZIER_KNOTS.);
#390 = CARTESIAN_POINT('',(0.644673447398,-1.30992919507E-17,
    0.662256901103));
#391 = CARTESIAN_POINT('',(0.628960550688,3.968076315127E-02,
    0.661659199849));
#392 = CARTESIAN_POINT('',(0.610429913039,7.751331385386E-02,
    0.661083314711));
#393 = CARTESIAN_POINT('',(0.589166849339,0.113367574645,0.660524740449)
  );
#394 = CARTESIAN_POINT('',(0.565339777968,0.147113936044,0.659984212207)
  );
#395 = CARTESIAN_POINT('',(0.539244041594,0.178665532643,0.659467841518)
  );
#396 = CARTESIAN_POINT('',(0.51123046875,0.2080078125,0.658983034704));
#397 = PCURVE('',#309,#398);
#398 = DEFINITIONAL_REPRESENTATION('',(#399),#407);
#399 = B_SPLINE_CURVE_WITH_KNOTS('',6,(#400,#401,#402,#403,#404,#405,
    #406),.UNSPECIFIED.,.F.,.F.,(7,7),(0.,1.),.PIECEWISE_BEZIER_KNOTS.);
#400 = CARTESIAN_POINT('',(0.,-1.532775761171));
#401 = CARTESIAN_POINT('',(6.155172562392E-02,-1.533702899175));
#402 = CARTESIAN_POINT('',(0.12383724378,-1.534623322754));
#403 = CARTESIAN_POINT('',(0.187105411842,-1.535543223633));
#404 = CARTESIAN_POINT('',(0.251705182629,-1.536462150051));
#405 = CARTESIAN_POINT('',(0.318048656178,-1.537369302786));
#406 = CARTESIAN_POINT('',(0.386420551627,-1.538247691545));
#407 = ( GEOMETRIC_REPRESENTATION_CONTEXT(2) 
PARAMETRIC_REPRESENTATION_CONTEXT() REPRESENTATION_CONTEXT('2D SPACE',''
  ) );
#408 = PCURVE('',#409,#416);
#409 = SURFACE_OF_LINEAR_EXTRUSION('',#410,#414);
#410 = B_SPLINE_CURVE_WITH_KNOTS('',2,(#411,#412,#413),.UNSPECIFIED.,.F.
  ,.F.,(3,3),(0.,1.),.PIECEWISE_BEZIER_KNOTS.);
#411 = CARTESIAN_POINT('',(0.51123046875,0.2080078125,0.5));
#412 = CARTESIAN_POINT('',(0.696533203125,1.3916015625E-02,0.5));
#413 = CARTESIAN_POINT('',(0.696533203125,-0.293701171875,0.5));
#414 = VECTOR('',#415,1.);
#415 = DIRECTION('',(-0.,-0.,-1.));
#416 = DEFINITIONAL_REPRESENTATION('',(#417),#425);
#417 = B_SPLINE_CURVE_WITH_KNOTS('',6,(#418,#419,#420,#421,#422,#423,
    #424),.UNSPECIFIED.,.F.,.F.,(7,7),(0.,1.),.PIECEWISE_BEZIER_KNOTS.);
#418 = CARTESIAN_POINT('',(0.470977285721,-0.162256901103));
#419 = CARTESIAN_POINT('',(0.390833452124,-0.161659199849));
#420 = CARTESIAN_POINT('',(0.310887800683,-0.161083314711));
#421 = CARTESIAN_POINT('',(0.231436715156,-0.160524740449));
#422 = CARTESIAN_POINT('',(0.152858572811,-0.159984212207));
#423 = CARTESIAN_POINT('',(7.558866559276E-02,-0.159467841518));
#424 = CARTESIAN_POINT('',(0.,-0.158983034704));
#425 = ( GEOMETRIC_REPRESENTATION_CONTEXT(2) 
PARAMETRIC_REPRESENTATION_CONTEXT() REPRESENTATION_CONTEXT('2D SPACE',''
  ) );
#426 = ORIENTED_EDGE('',*,*,#427,.T.);
#427 = EDGE_CURVE('',#386,#428,#430,.T.);
#428 = VERTEX_POINT('',#429);
#429 = CARTESIAN_POINT('',(6.2255859375E-02,0.402099609375,
    0.654881595456));
#430 = SURFACE_CURVE('',#431,(#446,#464),.PCURVE_S1.);
#431 = B_SPLINE_CURVE_WITH_KNOTS('',7,(#432,#433,#434,#435,#436,#437,
    #438,#439,#440,#441,#442,#443,#444,#445),.UNSPECIFIED.,.F.,.F.,(8,6,
    8),(0.,0.731294462273,1.),.UNSPECIFIED.);
#432 = CARTESIAN_POINT('',(0.51123046875,0.2080078125,0.658983034704));
#433 = CARTESIAN_POINT('',(0.470581055563,0.250585261095,0.658279550268)
  );
#434 = CARTESIAN_POINT('',(0.42771977844,0.287726216599,0.657681172059)
  );
#435 = CARTESIAN_POINT('',(0.382744738541,0.3193242021,0.657154482816));
#436 = CARTESIAN_POINT('',(0.335875586376,0.345239142092,0.656678539055)
  );
#437 = CARTESIAN_POINT('',(0.287588775467,0.365410090423,0.656246749757)
  );
#438 = CARTESIAN_POINT('',(0.238531242877,0.380160588764,0.655864478779)
  );
#439 = CARTESIAN_POINT('',(0.171065230766,0.393572811281,0.655420123935)
  );
#440 = CARTESIAN_POINT('',(0.152900094811,0.396509321457,0.655308470669)
  );
#441 = CARTESIAN_POINT('',(0.134723673474,0.398802254572,0.655204970203)
  );
#442 = CARTESIAN_POINT('',(0.116557469977,0.400478941912,0.655110065362)
  );
#443 = CARTESIAN_POINT('',(9.84181076781E-02,0.401568412266,
    0.655024221201));
#444 = CARTESIAN_POINT('',(8.031630650435E-02,0.402099609375,
    0.654947909865));
#445 = CARTESIAN_POINT('',(6.2255859375E-02,0.402099609375,
    0.654881595456));
#446 = PCURVE('',#309,#447);
#447 = DEFINITIONAL_REPRESENTATION('',(#448),#463);
#448 = B_SPLINE_CURVE_WITH_KNOTS('',7,(#449,#450,#451,#452,#453,#454,
    #455,#456,#457,#458,#459,#460,#461,#462),.UNSPECIFIED.,.F.,.F.,(8,6,
    8),(0.,0.731294462273,1.),.UNSPECIFIED.);
#449 = CARTESIAN_POINT('',(0.386420551627,-1.538247691545));
#450 = CARTESIAN_POINT('',(0.485632367411,-1.539522287535));
#451 = CARTESIAN_POINT('',(0.586291510392,-1.540664646237));
#452 = CARTESIAN_POINT('',(0.688303708936,-1.541713675926));
#453 = CARTESIAN_POINT('',(0.791891054041,-1.542699267591));
#454 = CARTESIAN_POINT('',(0.897805544665,-1.543630930031));
#455 = CARTESIAN_POINT('',(1.006809305297,-1.544487246692));
#456 = CARTESIAN_POINT('',(1.160357796913,-1.545512429269));
#457 = CARTESIAN_POINT('',(1.202058182284,-1.545773488142));
#458 = CARTESIAN_POINT('',(1.244208929697,-1.546018554989));
#459 = CARTESIAN_POINT('',(1.286810956954,-1.546245876453));
#460 = CARTESIAN_POINT('',(1.329855885866,-1.546453601833));
#461 = CARTESIAN_POINT('',(1.373325135127,-1.546639860441));
#462 = CARTESIAN_POINT('',(1.417189013199,-1.54680283895));
#463 = ( GEOMETRIC_REPRESENTATION_CONTEXT(2) 
PARAMETRIC_REPRESENTATION_CONTEXT() REPRESENTATION_CONTEXT('2D SPACE',''
  ) );
#464 = PCURVE('',#465,#472);
#465 = SURFACE_OF_LINEAR_EXTRUSION('',#466,#470);
#466 = B_SPLINE_CURVE_WITH_KNOTS('',2,(#467,#468,#469),.UNSPECIFIED.,.F.
  ,.F.,(3,3),(0.,1.),.PIECEWISE_BEZIER_KNOTS.);
#467 = CARTESIAN_POINT('',(6.2255859375E-02,0.402099609375,0.5));
#468 = CARTESIAN_POINT('',(0.325927734375,0.402099609375,0.5));
#469 = CARTESIAN_POINT('',(0.51123046875,0.2080078125,0.5));
#470 = VECTOR('',#471,1.);
#471 = DIRECTION('',(-0.,-0.,-1.));
#472 = DEFINITIONAL_REPRESENTATION('',(#473),#488);
#473 = B_SPLINE_CURVE_WITH_KNOTS('',7,(#474,#475,#476,#477,#478,#479,
    #480,#481,#482,#483,#484,#485,#486,#487),.UNSPECIFIED.,.F.,.F.,(8,6,
    8),(0.,0.731294462273,1.),.UNSPECIFIED.);
#474 = CARTESIAN_POINT('',(1.,-0.158983034704));
#475 = CARTESIAN_POINT('',(0.890316207897,-0.158279550268));
#476 = CARTESIAN_POINT('',(0.780600649735,-0.157681172059));
#477 = CARTESIAN_POINT('',(0.671120881026,-0.157154482816));
#478 = CARTESIAN_POINT('',(0.562400676438,-0.156678539055));
#479 = CARTESIAN_POINT('',(0.455390197927,-0.156246749757));
#480 = CARTESIAN_POINT('',(0.351068502288,-0.155864478779));
#481 = CARTESIAN_POINT('',(0.212863558589,-0.155420123935));
#482 = CARTESIAN_POINT('',(0.176168668026,-0.155308470669));
#483 = CARTESIAN_POINT('',(0.139945147485,-0.155204970203));
#484 = CARTESIAN_POINT('',(0.104212846579,-0.155110065362));
#485 = CARTESIAN_POINT('',(6.898106152588E-02,-0.155024221201));
#486 = CARTESIAN_POINT('',(3.424795900084E-02,-0.154947909865));
#487 = CARTESIAN_POINT('',(0.,-0.154881595456));
#488 = ( GEOMETRIC_REPRESENTATION_CONTEXT(2) 
PARAMETRIC_REPRESENTATION_CONTEXT() REPRESENTATION_CONTEXT('2D SPACE',''
  ) );
#489 = ORIENTED_EDGE('',*,*,#490,.T.);
#490 = EDGE_CURVE('',#428,#491,#493,.T.);
#491 = VERTEX_POINT('',#492);
#492 = CARTESIAN_POINT('',(-0.226318359375,0.331787109375,0.654756052647
    ));
#493 = SURFACE_CURVE('',#494,(#507,#523),.PCURVE_S1.);
#494 = B_SPLINE_CURVE_WITH_KNOTS('',6,(#495,#496,#497,#498,#499,#500,
    #501,#502,#503,#504,#505,#506),.UNSPECIFIED.,.F.,.F.,(7,5,7),(0.,
    0.878955552657,1.),.UNSPECIFIED.);
#495 = CARTESIAN_POINT('',(6.2255859375E-02,0.402099609375,
    0.654881595456));
#496 = CARTESIAN_POINT('',(1.767701358576E-02,0.402099609375,
    0.654717910704));
#497 = CARTESIAN_POINT('',(-2.607424923405E-02,0.398416823787,
    0.654610576229));
#498 = CARTESIAN_POINT('',(-6.901745183308E-02,0.391093268861,
    0.654550728549));
#499 = CARTESIAN_POINT('',(-0.111136778346,0.380166267562,0.654536197583
    ));
#500 = CARTESIAN_POINT('',(-0.152445613315,0.365696718629,0.654570302526
    ));
#501 = CARTESIAN_POINT('',(-0.198595725146,0.345200722102,0.654675362578
    ));
#502 = CARTESIAN_POINT('',(-0.204167804934,0.342652557783,0.654689184067
    ));
#503 = CARTESIAN_POINT('',(-0.209725916989,0.340037152892,0.654704135197
    ));
#504 = CARTESIAN_POINT('',(-0.215270244572,0.337354480793,0.65472024341)
  );
#505 = CARTESIAN_POINT('',(-0.220800986946,0.334604491041,0.654737538507
    ));
#506 = CARTESIAN_POINT('',(-0.226318359375,0.331787109375,0.654756052647
    ));
#507 = PCURVE('',#309,#508);
#508 = DEFINITIONAL_REPRESENTATION('',(#509),#522);
#509 = B_SPLINE_CURVE_WITH_KNOTS('',6,(#510,#511,#512,#513,#514,#515,
    #516,#517,#518,#519,#520,#521),.UNSPECIFIED.,.F.,.F.,(7,5,7),(0.,
    0.878955552657,1.),.UNSPECIFIED.);
#510 = CARTESIAN_POINT('',(1.417189013199,-1.54680283895));
#511 = CARTESIAN_POINT('',(1.525458816393,-1.547205121008));
#512 = CARTESIAN_POINT('',(1.634691254573,-1.547477006875));
#513 = CARTESIAN_POINT('',(1.744648307536,-1.547630431936));
#514 = CARTESIAN_POINT('',(1.855271419144,-1.547667852535));
#515 = CARTESIAN_POINT('',(1.966398535846,-1.547579331061));
#516 = CARTESIAN_POINT('',(2.092881881949,-1.547315136827));
#517 = CARTESIAN_POINT('',(2.108192874588,-1.547280432362));
#518 = CARTESIAN_POINT('',(2.123503576237,-1.547242956098));
#519 = CARTESIAN_POINT('',(2.138812711288,-1.547202658762));
#520 = CARTESIAN_POINT('',(2.154118905431,-1.547159488389));
#521 = CARTESIAN_POINT('',(2.16942068565,-1.547113390319));
#522 = ( GEOMETRIC_REPRESENTATION_CONTEXT(2) 
PARAMETRIC_REPRESENTATION_CONTEXT() REPRESENTATION_CONTEXT('2D SPACE',''
  ) );
#523 = PCURVE('',#524,#531);
#524 = SURFACE_OF_LINEAR_EXTRUSION('',#525,#529);
#525 = B_SPLINE_CURVE_WITH_KNOTS('',2,(#526,#527,#528),.UNSPECIFIED.,.F.
  ,.F.,(3,3),(0.,1.),.PIECEWISE_BEZIER_KNOTS.);
#526 = CARTESIAN_POINT('',(-0.226318359375,0.331787109375,0.5));
#527 = CARTESIAN_POINT('',(-8.8623046875E-02,0.402099609375,0.5));
#528 = CARTESIAN_POINT('',(6.2255859375E-02,0.402099609375,0.5));
#529 = VECTOR('',#530,1.);
#530 = DIRECTION('',(-0.,-0.,-1.));
#531 = DEFINITIONAL_REPRESENTATION('',(#532),#545);
#532 = B_SPLINE_CURVE_WITH_KNOTS('',6,(#533,#534,#535,#536,#537,#538,
    #539,#540,#541,#542,#543,#544),.UNSPECIFIED.,.F.,.F.,(7,5,7),(0.,
    0.878955552657,1.),.UNSPECIFIED.);
#533 = CARTESIAN_POINT('',(1.,-0.154881595456));
#534 = CARTESIAN_POINT('',(0.852269456025,-0.154717910704));
#535 = CARTESIAN_POINT('',(0.704993119584,-0.154610576229));
#536 = CARTESIAN_POINT('',(0.558132401114,-0.154550728549));
#537 = CARTESIAN_POINT('',(0.411762904032,-0.154536197583));
#538 = CARTESIAN_POINT('',(0.265878113082,-0.154570302526));
#539 = CARTESIAN_POINT('',(0.100205149172,-0.154675362578));
#540 = CARTESIAN_POINT('',(8.015642019944E-02,-0.154689184067));
#541 = CARTESIAN_POINT('',(6.011219857078E-02,-0.154704135197));
#542 = CARTESIAN_POINT('',(4.007186042224E-02,-0.15472024341));
#543 = CARTESIAN_POINT('',(2.003471406805E-02,-0.154737538507));
#544 = CARTESIAN_POINT('',(0.,-0.154756052647));
#545 = ( GEOMETRIC_REPRESENTATION_CONTEXT(2) 
PARAMETRIC_REPRESENTATION_CONTEXT() REPRESENTATION_CONTEXT('2D SPACE',''
  ) );
#546 = ORIENTED_EDGE('',*,*,#547,.T.);
#547 = EDGE_CURVE('',#491,#548,#550,.T.);
#548 = VERTEX_POINT('',#549);
#549 = CARTESIAN_POINT('',(-0.459228515625,0.116455078125,0.656618408553
    ));
#550 = SURFACE_CURVE('',#551,(#564,#580),.PCURVE_S1.);
#551 = B_SPLINE_CURVE_WITH_KNOTS('',6,(#552,#553,#554,#555,#556,#557,
    #558,#559,#560,#561,#562,#563),.UNSPECIFIED.,.F.,.F.,(7,5,7),(0.,
    0.584519729072,1.),.UNSPECIFIED.);
#552 = CARTESIAN_POINT('',(-0.226318359375,0.331787109375,0.654756052647
    ));
#553 = CARTESIAN_POINT('',(-0.252731293419,0.318299653693,0.654844684103
    ));
#554 = CARTESIAN_POINT('',(-0.27836744006,0.303080644965,0.6549513136));
#555 = CARTESIAN_POINT('',(-0.303175676781,0.286107355775,0.655075569796
    ));
#556 = CARTESIAN_POINT('',(-0.327105215067,0.267373040937,0.655218487314
    ));
#557 = CARTESIAN_POINT('',(-0.350122167273,0.246883036068,0.655382758109
    ));
#558 = CARTESIAN_POINT('',(-0.387904264764,0.20882659439,0.655707971688)
  );
#559 = CARTESIAN_POINT('',(-0.403130785013,0.192128349794,0.655856137821
    ));
#560 = CARTESIAN_POINT('',(-0.417878919828,0.174544020506,0.656018958812
    ));
#561 = CARTESIAN_POINT('',(-0.432145081001,0.156073096457,0.656198492085
    ));
#562 = CARTESIAN_POINT('',(-0.445928178226,0.136712515087,0.656397283772
    ));
#563 = CARTESIAN_POINT('',(-0.459228515625,0.116455078125,0.656618408553
    ));
#564 = PCURVE('',#309,#565);
#565 = DEFINITIONAL_REPRESENTATION('',(#566),#579);
#566 = B_SPLINE_CURVE_WITH_KNOTS('',6,(#567,#568,#569,#570,#571,#572,
    #573,#574,#575,#576,#577,#578),.UNSPECIFIED.,.F.,.F.,(7,5,7),(0.,
    0.584519729072,1.),.UNSPECIFIED.);
#567 = CARTESIAN_POINT('',(2.16942068565,-1.547113390319));
#568 = CARTESIAN_POINT('',(2.242673835928,-1.54689270823));
#569 = CARTESIAN_POINT('',(2.315120896016,-1.546629679681));
#570 = CARTESIAN_POINT('',(2.386839817849,-1.546327008696));
#571 = CARTESIAN_POINT('',(2.457948196134,-1.545984245874));
#572 = CARTESIAN_POINT('',(2.528524421614,-1.545597439075));
#573 = CARTESIAN_POINT('',(2.648377084946,-1.54484937693));
#574 = CARTESIAN_POINT('',(2.697910568735,-1.544513081779));
#575 = CARTESIAN_POINT('',(2.747186479639,-1.544148993949));
#576 = CARTESIAN_POINT('',(2.796191070109,-1.543754170351));
#577 = CARTESIAN_POINT('',(2.844892095535,-1.543325216665));
#578 = CARTESIAN_POINT('',(2.893239425095,-1.542858476601));
#579 = ( GEOMETRIC_REPRESENTATION_CONTEXT(2) 
PARAMETRIC_REPRESENTATION_CONTEXT() REPRESENTATION_CONTEXT('2D SPACE',''
  ) );
#580 = PCURVE('',#581,#588);
#581 = SURFACE_OF_LINEAR_EXTRUSION('',#582,#586);
#582 = B_SPLINE_CURVE_WITH_KNOTS('',2,(#583,#584,#585),.UNSPECIFIED.,.F.
  ,.F.,(3,3),(0.,1.),.PIECEWISE_BEZIER_KNOTS.);
#583 = CARTESIAN_POINT('',(-0.459228515625,0.116455078125,0.5));
#584 = CARTESIAN_POINT('',(-0.364013671875,0.261474609375,0.5));
#585 = CARTESIAN_POINT('',(-0.226318359375,0.331787109375,0.5));
#586 = VECTOR('',#587,1.);
#587 = DIRECTION('',(-0.,-0.,-1.));
#588 = DEFINITIONAL_REPRESENTATION('',(#589),#602);
#589 = B_SPLINE_CURVE_WITH_KNOTS('',6,(#590,#591,#592,#593,#594,#595,
    #596,#597,#598,#599,#600,#601),.UNSPECIFIED.,.F.,.F.,(7,5,7),(0.,
    0.584519729072,1.),.UNSPECIFIED.);
#590 = CARTESIAN_POINT('',(1.,-0.154756052647));
#591 = CARTESIAN_POINT('',(0.904089204039,-0.154844684103));
#592 = CARTESIAN_POINT('',(0.807593579221,-0.1549513136));
#593 = CARTESIAN_POINT('',(0.71062062145,-0.155075569796));
#594 = CARTESIAN_POINT('',(0.613302461042,-0.155218487314));
#595 = CARTESIAN_POINT('',(0.515742998997,-0.155382758109));
#596 = CARTESIAN_POINT('',(0.348523667633,-0.155707971688));
#597 = CARTESIAN_POINT('',(0.278954701959,-0.155856137821));
#598 = CARTESIAN_POINT('',(0.209314070687,-0.156018958812));
#599 = CARTESIAN_POINT('',(0.139611055187,-0.156198492085));
#600 = CARTESIAN_POINT('',(6.984382306187E-02,-0.156397283772));
#601 = CARTESIAN_POINT('',(0.,-0.156618408553));
#602 = ( GEOMETRIC_REPRESENTATION_CONTEXT(2) 
PARAMETRIC_REPRESENTATION_CONTEXT() REPRESENTATION_CONTEXT('2D SPACE',''
  ) );
#603 = ORIENTED_EDGE('',*,*,#604,.T.);
#604 = EDGE_CURVE('',#548,#605,#607,.T.);
#605 = VERTEX_POINT('',#606);
#606 = CARTESIAN_POINT('',(-0.384521484375,0.613037109375,0.665445454938
    ));
#607 = SURFACE_CURVE('',#608,(#623,#641),.PCURVE_S1.);
#608 = B_SPLINE_CURVE_WITH_KNOTS('',7,(#609,#610,#611,#612,#613,#614,
    #615,#616,#617,#618,#619,#620,#621,#622),.UNSPECIFIED.,.F.,.F.,(8,6,
    8),(0.,0.438267600354,1.),.UNSPECIFIED.);
#609 = CARTESIAN_POINT('',(-0.459228515625,0.116455078125,0.656618408553
    ));
#610 = CARTESIAN_POINT('',(-0.458945762913,0.147557876412,0.656824398767
    ));
#611 = CARTESIAN_POINT('',(-0.458278661127,0.178986766326,0.657088811069
    ));
#612 = CARTESIAN_POINT('',(-0.457176552642,0.210817845692,0.657413267892
    ));
#613 = CARTESIAN_POINT('',(-0.45557356365,0.243066675553,0.657799872686)
  );
#614 = CARTESIAN_POINT('',(-0.453388989223,0.275655823029,0.658249220955
    ));
#615 = CARTESIAN_POINT('',(-0.450536719917,0.308409695354,0.658758733327
    ));
#616 = CARTESIAN_POINT('',(-0.442338509577,0.382946279223,0.660042372249
    ));
#617 = CARTESIAN_POINT('',(-0.43651473905,0.424688408199,0.660850894513)
  );
#618 = CARTESIAN_POINT('',(-0.429315155208,0.465794060939,0.661732553075
    ));
#619 = CARTESIAN_POINT('',(-0.420598354625,0.50567916335,0.66266408876)
  );
#620 = CARTESIAN_POINT('',(-0.41026430984,0.543792628699,0.663614018845)
  );
#621 = CARTESIAN_POINT('',(-0.398250788671,0.579694513228,0.664550711069
    ));
#622 = CARTESIAN_POINT('',(-0.384521484375,0.613037109375,0.665445454938
    ));
#623 = PCURVE('',#309,#624);
#624 = DEFINITIONAL_REPRESENTATION('',(#625),#640);
#625 = B_SPLINE_CURVE_WITH_KNOTS('',7,(#626,#627,#628,#629,#630,#631,
    #632,#633,#634,#635,#636,#637,#638,#639),.UNSPECIFIED.,.F.,.F.,(8,6,
    8),(0.,0.438267600354,1.),.UNSPECIFIED.);
#626 = CARTESIAN_POINT('',(2.893239425095,-1.542858476601));
#627 = CARTESIAN_POINT('',(2.829456608877,-1.542423681889));
#628 = CARTESIAN_POINT('',(2.767123785336,-1.54187347923));
#629 = CARTESIAN_POINT('',(2.706640910292,-1.541211913906));
#630 = CARTESIAN_POINT('',(2.648400991846,-1.540444783806));
#631 = CARTESIAN_POINT('',(2.592721782574,-1.539582542036));
#632 = CARTESIAN_POINT('',(2.539807481231,-1.538641089077));
#633 = CARTESIAN_POINT('',(2.425568972069,-1.536357930143));
#634 = CARTESIAN_POINT('',(2.366052077654,-1.534977709764));
#635 = CARTESIAN_POINT('',(2.311350280885,-1.533541057647));
#636 = CARTESIAN_POINT('',(2.261114524545,-1.532096158778));
#637 = CARTESIAN_POINT('',(2.214724819686,-1.53068784296));
#638 = CARTESIAN_POINT('',(2.171559966,-1.529351677198));
#639 = CARTESIAN_POINT('',(2.131004910141,-1.5281152477));
#640 = ( GEOMETRIC_REPRESENTATION_CONTEXT(2) 
PARAMETRIC_REPRESENTATION_CONTEXT() REPRESENTATION_CONTEXT('2D SPACE',''
  ) );
#641 = PCURVE('',#642,#649);
#642 = SURFACE_OF_LINEAR_EXTRUSION('',#643,#647);
#643 = B_SPLINE_CURVE_WITH_KNOTS('',2,(#644,#645,#646),.UNSPECIFIED.,.F.
  ,.F.,(3,3),(0.,1.),.PIECEWISE_BEZIER_KNOTS.);
#644 = CARTESIAN_POINT('',(-0.384521484375,0.613037109375,0.5));
#645 = CARTESIAN_POINT('',(-0.456298828125,0.438720703125,0.5));
#646 = CARTESIAN_POINT('',(-0.459228515625,0.116455078125,0.5));
#647 = VECTOR('',#648,1.);
#648 = DIRECTION('',(-0.,-0.,-1.));
#649 = DEFINITIONAL_REPRESENTATION('',(#650),#665);
#650 = B_SPLINE_CURVE_WITH_KNOTS('',7,(#651,#652,#653,#654,#655,#656,
    #657,#658,#659,#660,#661,#662,#663,#664),.UNSPECIFIED.,.F.,.F.,(8,6,
    8),(0.,0.438267600354,1.),.UNSPECIFIED.);
#651 = CARTESIAN_POINT('',(1.,-0.156618408553));
#652 = CARTESIAN_POINT('',(0.951743537202,-0.156824398767));
#653 = CARTESIAN_POINT('',(0.901733926475,-0.157088811069));
#654 = CARTESIAN_POINT('',(0.849689701604,-0.157413267892));
#655 = CARTESIAN_POINT('',(0.795371760132,-0.157799872686));
#656 = CARTESIAN_POINT('',(0.738634015389,-0.158249220955));
#657 = CARTESIAN_POINT('',(0.679462085078,-0.158758733327));
#658 = CARTESIAN_POINT('',(0.539223407577,-0.160042372249));
#659 = CARTESIAN_POINT('',(0.456655810464,-0.160850894513));
#660 = CARTESIAN_POINT('',(0.370557580702,-0.161732553075));
#661 = CARTESIAN_POINT('',(0.281355133594,-0.16266408876));
#662 = CARTESIAN_POINT('',(0.189559993262,-0.163614018845));
#663 = CARTESIAN_POINT('',(9.563814693251E-02,-0.164550711069));
#664 = CARTESIAN_POINT('',(0.,-0.165445454938));
#665 = ( GEOMETRIC_REPRESENTATION_CONTEXT(2) 
PARAMETRIC_REPRESENTATION_CONTEXT() REPRESENTATION_CONTEXT('2D SPACE',''
  ) );
#666 = ORIENTED_EDGE('',*,*,#667,.T.);
#667 = EDGE_CURVE('',#605,#668,#670,.T.);
#668 = VERTEX_POINT('',#669);
#669 = CARTESIAN_POINT('',(-0.188232421875,0.878173828125,0.673796786678
    ));
#670 = SURFACE_CURVE('',#671,(#680,#692),.PCURVE_S1.);
#671 = B_SPLINE_CURVE_WITH_KNOTS('',7,(#672,#673,#674,#675,#676,#677,
    #678,#679),.UNSPECIFIED.,.F.,.F.,(8,8),(0.,1.),
  .PIECEWISE_BEZIER_KNOTS.);
#672 = CARTESIAN_POINT('',(-0.384521484375,0.613037109375,0.665445454938
    ));
#673 = CARTESIAN_POINT('',(-0.364701054959,0.661172437956,0.666737159697
    ));
#674 = CARTESIAN_POINT('',(-0.342174877425,0.706468454341,0.668051430303
    ));
#675 = CARTESIAN_POINT('',(-0.316879494173,0.748463121191,0.66934956069)
  );
#676 = CARTESIAN_POINT('',(-0.288802158772,0.786814041028,0.670595228813
    ));
#677 = CARTESIAN_POINT('',(-0.257966740417,0.82129862053,0.671761024588)
  );
#678 = CARTESIAN_POINT('',(-0.224422244212,0.85177654595,0.672830259279)
  );
#679 = CARTESIAN_POINT('',(-0.188232421875,0.878173828125,0.673796786678
    ));
#680 = PCURVE('',#309,#681);
#681 = DEFINITIONAL_REPRESENTATION('',(#682),#691);
#682 = B_SPLINE_CURVE_WITH_KNOTS('',7,(#683,#684,#685,#686,#687,#688,
    #689,#690),.UNSPECIFIED.,.F.,.F.,(8,8),(0.,1.),
  .PIECEWISE_BEZIER_KNOTS.);
#683 = CARTESIAN_POINT('',(2.131004910141,-1.5281152477));
#684 = CARTESIAN_POINT('',(2.072457251442,-1.526330265515));
#685 = CARTESIAN_POINT('',(2.018537076779,-1.524601131524));
#686 = CARTESIAN_POINT('',(1.96804434965,-1.522971578765));
#687 = CARTESIAN_POINT('',(1.919907261261,-1.521469428562));
#688 = CARTESIAN_POINT('',(1.873296825504,-1.520108483151));
#689 = CARTESIAN_POINT('',(1.827506790061,-1.518892484543));
#690 = CARTESIAN_POINT('',(1.781946617357,-1.517816318007));
#691 = ( GEOMETRIC_REPRESENTATION_CONTEXT(2) 
PARAMETRIC_REPRESENTATION_CONTEXT() REPRESENTATION_CONTEXT('2D SPACE',''
  ) );
#692 = PCURVE('',#693,#700);
#693 = SURFACE_OF_LINEAR_EXTRUSION('',#694,#698);
#694 = B_SPLINE_CURVE_WITH_KNOTS('',2,(#695,#696,#697),.UNSPECIFIED.,.F.
  ,.F.,(3,3),(0.,1.),.PIECEWISE_BEZIER_KNOTS.);
#695 = CARTESIAN_POINT('',(-0.188232421875,0.878173828125,0.5));
#696 = CARTESIAN_POINT('',(-0.312744140625,0.787353515625,0.5));
#697 = CARTESIAN_POINT('',(-0.384521484375,0.613037109375,0.5));
#698 = VECTOR('',#699,1.);
#699 = DIRECTION('',(-0.,-0.,-1.));
#700 = DEFINITIONAL_REPRESENTATION('',(#701),#710);
#701 = B_SPLINE_CURVE_WITH_KNOTS('',7,(#702,#703,#704,#705,#706,#707,
    #708,#709),.UNSPECIFIED.,.F.,.F.,(8,8),(0.,1.),
  .PIECEWISE_BEZIER_KNOTS.);
#702 = CARTESIAN_POINT('',(1.,-0.165445454938));
#703 = CARTESIAN_POINT('',(0.861931158356,-0.166737159697));
#704 = CARTESIAN_POINT('',(0.721353687756,-0.168051430303));
#705 = CARTESIAN_POINT('',(0.578895380167,-0.16934956069));
#706 = CARTESIAN_POINT('',(0.435115707914,-0.170595228813));
#707 = CARTESIAN_POINT('',(0.290466787126,-0.171761024588));
#708 = CARTESIAN_POINT('',(0.145326972835,-0.172830259279));
#709 = CARTESIAN_POINT('',(0.,-0.173796786678));
#710 = ( GEOMETRIC_REPRESENTATION_CONTEXT(2) 
PARAMETRIC_REPRESENTATION_CONTEXT() REPRESENTATION_CONTEXT('2D SPACE',''
  ) );
#711 = ORIENTED_EDGE('',*,*,#712,.T.);
#712 = EDGE_CURVE('',#668,#713,#715,.T.);
#713 = VERTEX_POINT('',#714);
#714 = CARTESIAN_POINT('',(3.2958984375E-02,0.948486328125,
    0.676574847636));
#715 = SURFACE_CURVE('',#716,(#729,#745),.PCURVE_S1.);
#716 = B_SPLINE_CURVE_WITH_KNOTS('',6,(#717,#718,#719,#720,#721,#722,
    #723,#724,#725,#726,#727,#728),.UNSPECIFIED.,.F.,.F.,(7,5,7),(0.,
    0.123783653856,1.),.UNSPECIFIED.);
#717 = CARTESIAN_POINT('',(-0.188232421875,0.878173828125,0.673796786678
    ));
#718 = CARTESIAN_POINT('',(-0.184299180894,0.881078375311,0.673903678041
    ));
#719 = CARTESIAN_POINT('',(-0.180333352674,0.883911737795,0.674008210875
    ));
#720 = CARTESIAN_POINT('',(-0.176335032161,0.886673746563,0.674110356498
    ));
#721 = CARTESIAN_POINT('',(-0.172304319757,0.889364248792,0.67421008948)
  );
#722 = CARTESIAN_POINT('',(-0.168241321317,0.891983107851,0.674307387643
    ));
#723 = CARTESIAN_POINT('',(-0.135158009941,0.912560101429,0.675073598809
    ));
#724 = CARTESIAN_POINT('',(-0.104557844264,0.926994054005,0.675622013216
    ));
#725 = CARTESIAN_POINT('',(-7.238487535379E-02,0.937789610503,
    0.676040776416));
#726 = CARTESIAN_POINT('',(-3.869264691298E-02,0.944943024144,
    0.676331374357));
#727 = CARTESIAN_POINT('',(-3.550247744334E-03,0.948486328125,
    0.676503786572));
#728 = CARTESIAN_POINT('',(3.2958984375E-02,0.948486328125,
    0.676574847636));
#729 = PCURVE('',#309,#730);
#730 = DEFINITIONAL_REPRESENTATION('',(#731),#744);
#731 = B_SPLINE_CURVE_WITH_KNOTS('',6,(#732,#733,#734,#735,#736,#737,
    #738,#739,#740,#741,#742,#743),.UNSPECIFIED.,.F.,.F.,(7,5,7),(0.,
    0.123783653856,1.),.UNSPECIFIED.);
#732 = CARTESIAN_POINT('',(1.781946617357,-1.517816318007));
#733 = CARTESIAN_POINT('',(1.776986666347,-1.5176973013));
#734 = CARTESIAN_POINT('',(1.772034564839,-1.517581231217));
#735 = CARTESIAN_POINT('',(1.767088917779,-1.517468109885));
#736 = CARTESIAN_POINT('',(1.762148359097,-1.517357937079));
#737 = CARTESIAN_POINT('',(1.757211551707,-1.517250710222));
#738 = CARTESIAN_POINT('',(1.717348742301,-1.516408225466));
#739 = CARTESIAN_POINT('',(1.682542879554,-1.515817397553));
#740 = CARTESIAN_POINT('',(1.647394639549,-1.515372174916));
#741 = CARTESIAN_POINT('',(1.611506886476,-1.515065084834));
#742 = CARTESIAN_POINT('',(1.574506946986,-1.514883300547));
#743 = CARTESIAN_POINT('',(1.536061268355,-1.514808425245));
#744 = ( GEOMETRIC_REPRESENTATION_CONTEXT(2) 
PARAMETRIC_REPRESENTATION_CONTEXT() REPRESENTATION_CONTEXT('2D SPACE',''
  ) );
#745 = PCURVE('',#746,#753);
#746 = SURFACE_OF_LINEAR_EXTRUSION('',#747,#751);
#747 = B_SPLINE_CURVE_WITH_KNOTS('',2,(#748,#749,#750),.UNSPECIFIED.,.F.
  ,.F.,(3,3),(0.,1.),.PIECEWISE_BEZIER_KNOTS.);
#748 = CARTESIAN_POINT('',(3.2958984375E-02,0.948486328125,0.5));
#749 = CARTESIAN_POINT('',(-9.3017578125E-02,0.948486328125,0.5));
#750 = CARTESIAN_POINT('',(-0.188232421875,0.878173828125,0.5));
#751 = VECTOR('',#752,1.);
#752 = DIRECTION('',(-0.,-0.,-1.));
#753 = DEFINITIONAL_REPRESENTATION('',(#754),#767);
#754 = B_SPLINE_CURVE_WITH_KNOTS('',6,(#755,#756,#757,#758,#759,#760,
    #761,#762,#763,#764,#765,#766),.UNSPECIFIED.,.F.,.F.,(7,5,7),(0.,
    0.123783653856,1.),.UNSPECIFIED.);
#755 = CARTESIAN_POINT('',(1.,-0.173796786678));
#756 = CARTESIAN_POINT('',(0.979345442236,-0.173903678041));
#757 = CARTESIAN_POINT('',(0.958685153513,-0.174008210875));
#758 = CARTESIAN_POINT('',(0.938019804158,-0.174110356498));
#759 = CARTESIAN_POINT('',(0.917350058031,-0.17421008948));
#760 = CARTESIAN_POINT('',(0.896676572525,-0.174307387643));
#761 = CARTESIAN_POINT('',(0.729638572631,-0.175073598809));
#762 = CARTESIAN_POINT('',(0.583123144699,-0.175622013216));
#763 = CARTESIAN_POINT('',(0.436683107972,-0.176040776416));
#764 = CARTESIAN_POINT('',(0.290537483032,-0.176331374357));
#765 = CARTESIAN_POINT('',(0.144904859264,-0.176503786572));
#766 = CARTESIAN_POINT('',(0.,-0.176574847636));
#767 = ( GEOMETRIC_REPRESENTATION_CONTEXT(2) 
PARAMETRIC_REPRESENTATION_CONTEXT() REPRESENTATION_CONTEXT('2D SPACE',''
  ) );
#768 = ORIENTED_EDGE('',*,*,#769,.T.);
#769 = EDGE_CURVE('',#713,#770,#772,.T.);
#770 = VERTEX_POINT('',#771);
#771 = CARTESIAN_POINT('',(0.296630859375,0.835693359375,0.673199040481)
  );
#772 = SURFACE_CURVE('',#773,(#786,#802),.PCURVE_S1.);
#773 = B_SPLINE_CURVE_WITH_KNOTS('',6,(#774,#775,#776,#777,#778,#779,
    #780,#781,#782,#783,#784,#785),.UNSPECIFIED.,.F.,.F.,(7,5,7),(0.,
    0.725895260378,1.),.UNSPECIFIED.);
#774 = CARTESIAN_POINT('',(3.2958984375E-02,0.948486328125,
    0.676574847636));
#775 = CARTESIAN_POINT('',(7.047391753121E-02,0.948486328125,
    0.676647866183));
#776 = CARTESIAN_POINT('',(0.106570347385,0.944609382505,0.676600698763)
  );
#777 = CARTESIAN_POINT('',(0.141105848232,0.93674167969,0.676412561042)
  );
#778 = CARTESIAN_POINT('',(0.173962670218,0.924831918161,0.676071193101)
  );
#779 = CARTESIAN_POINT('',(0.205051620046,0.908896266709,0.675576099017)
  );
#780 = CARTESIAN_POINT('',(0.245359360294,0.881518889067,0.674696587454)
  );
#781 = CARTESIAN_POINT('',(0.256147014987,0.873453189303,0.674435067803)
  );
#782 = CARTESIAN_POINT('',(0.266670474277,0.86483077042,0.674153672293)
  );
#783 = CARTESIAN_POINT('',(0.276926980989,0.855657880332,0.673853176749)
  );
#784 = CARTESIAN_POINT('',(0.286914328227,0.845942303188,0.673534567321)
  );
#785 = CARTESIAN_POINT('',(0.296630859375,0.835693359375,0.673199040481)
  );
#786 = PCURVE('',#309,#787);
#787 = DEFINITIONAL_REPRESENTATION('',(#788),#801);
#788 = B_SPLINE_CURVE_WITH_KNOTS('',6,(#789,#790,#791,#792,#793,#794,
    #795,#796,#797,#798,#799,#800),.UNSPECIFIED.,.F.,.F.,(7,5,7),(0.,
    0.725895260378,1.),.UNSPECIFIED.);
#789 = CARTESIAN_POINT('',(1.536061268355,-1.514808425245));
#790 = CARTESIAN_POINT('',(1.496556546391,-1.514731487392));
#791 = CARTESIAN_POINT('',(1.45853390755,-1.514781309657));
#792 = CARTESIAN_POINT('',(1.421616578411,-1.514979034543));
#793 = CARTESIAN_POINT('',(1.385381552024,-1.515338621659));
#794 = CARTESIAN_POINT('',(1.349379582643,-1.515866466941));
#795 = CARTESIAN_POINT('',(1.299395975717,-1.516823100112));
#796 = CARTESIAN_POINT('',(1.285655115404,-1.517109067124));
#797 = CARTESIAN_POINT('',(1.271846620104,-1.517418697075));
#798 = CARTESIAN_POINT('',(1.257941424547,-1.517751730202));
#799 = CARTESIAN_POINT('',(1.243908916427,-1.518107733369));
#800 = CARTESIAN_POINT('',(1.229716936398,-1.518486100061));
#801 = ( GEOMETRIC_REPRESENTATION_CONTEXT(2) 
PARAMETRIC_REPRESENTATION_CONTEXT() REPRESENTATION_CONTEXT('2D SPACE',''
  ) );
#802 = PCURVE('',#803,#810);
#803 = SURFACE_OF_LINEAR_EXTRUSION('',#804,#808);
#804 = B_SPLINE_CURVE_WITH_KNOTS('',2,(#805,#806,#807),.UNSPECIFIED.,.F.
  ,.F.,(3,3),(0.,1.),.PIECEWISE_BEZIER_KNOTS.);
#805 = CARTESIAN_POINT('',(0.296630859375,0.835693359375,0.5));
#806 = CARTESIAN_POINT('',(0.189697265625,0.948486328125,0.5));
#807 = CARTESIAN_POINT('',(3.2958984375E-02,0.948486328125,0.5));
#808 = VECTOR('',#809,1.);
#809 = DIRECTION('',(-0.,-0.,-1.));
#810 = DEFINITIONAL_REPRESENTATION('',(#811),#824);
#811 = B_SPLINE_CURVE_WITH_KNOTS('',6,(#812,#813,#814,#815,#816,#817,
    #818,#819,#820,#821,#822,#823),.UNSPECIFIED.,.F.,.F.,(7,5,7),(0.,
    0.725895260378,1.),.UNSPECIFIED.);
#812 = CARTESIAN_POINT('',(1.,-0.176574847636));
#813 = CARTESIAN_POINT('',(0.880326194542,-0.176647866183));
#814 = CARTESIAN_POINT('',(0.75971645065,-0.176600698763));
#815 = CARTESIAN_POINT('',(0.638464797456,-0.176412561042));
#816 = CARTESIAN_POINT('',(0.516874598103,-0.176071193101));
#817 = CARTESIAN_POINT('',(0.395253157113,-0.175576099017));
#818 = CARTESIAN_POINT('',(0.228106841499,-0.174696587454));
#819 = CARTESIAN_POINT('',(0.182332661773,-0.174435067803));
#820 = CARTESIAN_POINT('',(0.136617087315,-0.174153672293));
#821 = CARTESIAN_POINT('',(9.097771431121E-02,-0.173853176749));
#822 = CARTESIAN_POINT('',(4.543254746619E-02,-0.173534567321));
#823 = CARTESIAN_POINT('',(0.,-0.173199040481));
#824 = ( GEOMETRIC_REPRESENTATION_CONTEXT(2) 
PARAMETRIC_REPRESENTATION_CONTEXT() REPRESENTATION_CONTEXT('2D SPACE',''
  ) );
#825 = ORIENTED_EDGE('',*,*,#826,.T.);
#826 = EDGE_CURVE('',#770,#827,#829,.T.);
#827 = VERTEX_POINT('',#828);
#828 = CARTESIAN_POINT('',(0.396240234375,0.610107421875,0.665609700835)
  );
#829 = SURFACE_CURVE('',#830,(#839,#851),.PCURVE_S1.);
#830 = B_SPLINE_CURVE_WITH_KNOTS('',7,(#831,#832,#833,#834,#835,#836,
    #837,#838),.UNSPECIFIED.,.F.,.F.,(8,8),(0.,1.),
  .PIECEWISE_BEZIER_KNOTS.);
#831 = CARTESIAN_POINT('',(0.296630859375,0.835693359375,0.673199040481)
  );
#832 = CARTESIAN_POINT('',(0.315449005657,0.815164472522,0.672515687613)
  );
#833 = CARTESIAN_POINT('',(0.332734227637,0.790493878685,0.671654581922)
  );
#834 = CARTESIAN_POINT('',(0.34848132016,0.761771767094,0.670634050576)
  );
#835 = CARTESIAN_POINT('',(0.362689516733,0.729132569897,0.66948110565)
  );
#836 = CARTESIAN_POINT('',(0.375367008863,0.692770655015,0.668231075462)
  );
#837 = CARTESIAN_POINT('',(0.386536202486,0.652966896049,0.666925992246)
  );
#838 = CARTESIAN_POINT('',(0.396240234375,0.610107421875,0.665609700835)
  );
#839 = PCURVE('',#309,#840);
#840 = DEFINITIONAL_REPRESENTATION('',(#841),#850);
#841 = B_SPLINE_CURVE_WITH_KNOTS('',7,(#842,#843,#844,#845,#846,#847,
    #848,#849),.UNSPECIFIED.,.F.,.F.,(8,8),(0.,1.),
  .PIECEWISE_BEZIER_KNOTS.);
#842 = CARTESIAN_POINT('',(1.229716936398,-1.518486100061));
#843 = CARTESIAN_POINT('',(1.20197476559,-1.519256702987));
#844 = CARTESIAN_POINT('',(1.173346457807,-1.52024098432));
#845 = CARTESIAN_POINT('',(1.143307581016,-1.521431498726));
#846 = CARTESIAN_POINT('',(1.111261454725,-1.522815681747));
#847 = CARTESIAN_POINT('',(1.07649797223,-1.524374509321));
#848 = CARTESIAN_POINT('',(1.038076724678,-1.526079511843));
#849 = CARTESIAN_POINT('',(0.994800965216,-1.527888879356));
#850 = ( GEOMETRIC_REPRESENTATION_CONTEXT(2) 
PARAMETRIC_REPRESENTATION_CONTEXT() REPRESENTATION_CONTEXT('2D SPACE',''
  ) );
#851 = PCURVE('',#852,#859);
#852 = SURFACE_OF_LINEAR_EXTRUSION('',#853,#857);
#853 = B_SPLINE_CURVE_WITH_KNOTS('',2,(#854,#855,#856),.UNSPECIFIED.,.F.
  ,.F.,(3,3),(0.,1.),.PIECEWISE_BEZIER_KNOTS.);
#854 = CARTESIAN_POINT('',(0.396240234375,0.610107421875,0.5));
#855 = CARTESIAN_POINT('',(0.361083984375,0.765380859375,0.5));
#856 = CARTESIAN_POINT('',(0.296630859375,0.835693359375,0.5));
#857 = VECTOR('',#858,1.);
#858 = DIRECTION('',(-0.,-0.,-1.));
#859 = DEFINITIONAL_REPRESENTATION('',(#860),#869);
#860 = B_SPLINE_CURVE_WITH_KNOTS('',7,(#861,#862,#863,#864,#865,#866,
    #867,#868),.UNSPECIFIED.,.F.,.F.,(8,8),(0.,1.),
  .PIECEWISE_BEZIER_KNOTS.);
#861 = CARTESIAN_POINT('',(1.,-0.173199040481));
#862 = CARTESIAN_POINT('',(0.854016804603,-0.172515687613));
#863 = CARTESIAN_POINT('',(0.708624087668,-0.171654581922));
#864 = CARTESIAN_POINT('',(0.56402650182,-0.170634050576));
#865 = CARTESIAN_POINT('',(0.420489678593,-0.16948110565));
#866 = CARTESIAN_POINT('',(0.278345256676,-0.168231075462));
#867 = CARTESIAN_POINT('',(0.13801289797,-0.166925992246));
#868 = CARTESIAN_POINT('',(0.,-0.165609700835));
#869 = ( GEOMETRIC_REPRESENTATION_CONTEXT(2) 
PARAMETRIC_REPRESENTATION_CONTEXT() REPRESENTATION_CONTEXT('2D SPACE',''
  ) );
#870 = ORIENTED_EDGE('',*,*,#871,.T.);
#871 = EDGE_CURVE('',#827,#872,#874,.T.);
#872 = VERTEX_POINT('',#873);
#873 = CARTESIAN_POINT('',(0.658447265625,0.630615234375,0.674523283221)
  );
#874 = SURFACE_CURVE('',#875,(#880,#892),.PCURVE_S1.);
#875 = CIRCLE('',#876,16.950170001495);
#876 = AXIS2_PLACEMENT_3D('',#877,#878,#879);
#877 = CARTESIAN_POINT('',(-4.501864668801E-02,0.575595554082,17.61));
#878 = DIRECTION('',(7.797416380157E-02,-0.996955380034,0.));
#879 = DIRECTION('',(0.996955380034,7.797416380157E-02,0.));
#880 = PCURVE('',#309,#881);
#881 = DEFINITIONAL_REPRESENTATION('',(#882),#891);
#882 = B_SPLINE_CURVE_WITH_KNOTS('',7,(#883,#884,#885,#886,#887,#888,
    #889,#890),.UNSPECIFIED.,.F.,.F.,(8,8),(4.738504161723,
    4.754029754361),.PIECEWISE_BEZIER_KNOTS.);
#883 = CARTESIAN_POINT('',(0.994800965216,-1.527888879356));
#884 = CARTESIAN_POINT('',(0.953802529736,-1.526539473391));
#885 = CARTESIAN_POINT('',(0.915813542752,-1.525105873262));
#886 = CARTESIAN_POINT('',(0.880661856703,-1.523599201969));
#887 = CARTESIAN_POINT('',(0.848113792103,-1.52202916473));
#888 = CARTESIAN_POINT('',(0.817933866976,-1.520403842878));
#889 = CARTESIAN_POINT('',(0.789900298566,-1.51873004089));
#890 = CARTESIAN_POINT('',(0.763810608361,-1.51701348755));
#891 = ( GEOMETRIC_REPRESENTATION_CONTEXT(2) 
PARAMETRIC_REPRESENTATION_CONTEXT() REPRESENTATION_CONTEXT('2D SPACE',''
  ) );
#892 = PCURVE('',#893,#898);
#893 = PLANE('',#894);
#894 = AXIS2_PLACEMENT_3D('',#895,#896,#897);
#895 = CARTESIAN_POINT('',(0.658447265625,0.630615234375,0.5));
#896 = DIRECTION('',(7.797416380157E-02,-0.996955380034,0.));
#897 = DIRECTION('',(-0.996955380034,-7.797416380157E-02,0.));
#898 = DEFINITIONAL_REPRESENTATION('',(#899),#903);
#899 = CIRCLE('',#900,16.950170001495);
#900 = AXIS2_PLACEMENT_2D('',#901,#902);
#901 = CARTESIAN_POINT('',(0.705614239515,-17.11));
#902 = DIRECTION('',(-1.,0.));
#903 = ( GEOMETRIC_REPRESENTATION_CONTEXT(2) 
PARAMETRIC_REPRESENTATION_CONTEXT() REPRESENTATION_CONTEXT('2D SPACE',''
  ) );
#904 = ORIENTED_EDGE('',*,*,#905,.T.);
#905 = EDGE_CURVE('',#872,#906,#908,.T.);
#906 = VERTEX_POINT('',#907);
#907 = CARTESIAN_POINT('',(0.46435546875,1.023193359375,0.687262356582)
  );
#908 = SURFACE_CURVE('',#909,(#924,#942),.PCURVE_S1.);
#909 = B_SPLINE_CURVE_WITH_KNOTS('',5,(#910,#911,#912,#913,#914,#915,
    #916,#917,#918,#919,#920,#921,#922,#923),.UNSPECIFIED.,.F.,.F.,(6,4,
    4,6),(0.,0.438179242648,0.857684439733,1.),.UNSPECIFIED.);
#910 = CARTESIAN_POINT('',(0.658447265625,0.630615234375,0.674523283221)
  );
#911 = CARTESIAN_POINT('',(0.653011465511,0.67286622617,0.675885213077)
  );
#912 = CARTESIAN_POINT('',(0.645187174297,0.713837146769,0.677240704347)
  );
#913 = CARTESIAN_POINT('',(0.634850352773,0.753273961162,0.678563263157)
  );
#914 = CARTESIAN_POINT('',(0.621931542595,0.790978980381,0.679829314764)
  );
#915 = CARTESIAN_POINT('',(0.591549601649,0.861108842445,0.682166135206)
  );
#916 = CARTESIAN_POINT('',(0.574303769639,0.893689773526,0.68324291156)
  );
#917 = CARTESIAN_POINT('',(0.554654692147,0.924421100332,0.684239500048)
  );
#918 = CARTESIAN_POINT('',(0.53262720926,0.953215744096,0.685148452222)
  );
#919 = CARTESIAN_POINT('',(0.500026269548,0.989118261914,0.686248353891)
  );
#920 = CARTESIAN_POINT('',(0.491501598818,0.997984158586,0.686516881064)
  );
#921 = CARTESIAN_POINT('',(0.482712896517,1.006619510555,0.686775315294)
  );
#922 = CARTESIAN_POINT('',(0.473663067341,1.015022888214,0.687023746398)
  );
#923 = CARTESIAN_POINT('',(0.46435546875,1.023193359375,0.687262356582)
  );
#924 = PCURVE('',#309,#925);
#925 = DEFINITIONAL_REPRESENTATION('',(#926),#941);
#926 = B_SPLINE_CURVE_WITH_KNOTS('',5,(#927,#928,#929,#930,#931,#932,
    #933,#934,#935,#936,#937,#938,#939,#940),.UNSPECIFIED.,.F.,.F.,(6,4,
    4,6),(0.,0.438179242648,0.857684439733,1.),.UNSPECIFIED.);
#927 = CARTESIAN_POINT('',(0.763810608361,-1.51701348755));
#928 = CARTESIAN_POINT('',(0.80140310316,-1.515519680308));
#929 = CARTESIAN_POINT('',(0.837185530517,-1.514084759862));
#930 = CARTESIAN_POINT('',(0.871620857951,-1.512729534131));
#931 = CARTESIAN_POINT('',(0.905108716467,-1.51146679363));
#932 = CARTESIAN_POINT('',(0.969452542217,-1.509187747752));
#933 = CARTESIAN_POINT('',(1.000359713564,-1.508163249403));
#934 = CARTESIAN_POINT('',(1.030993267981,-1.507234234587));
#935 = CARTESIAN_POINT('',(1.061590512855,-1.506400288596));
#936 = CARTESIAN_POINT('',(1.102777255485,-1.505403994163));
#937 = CARTESIAN_POINT('',(1.113228347863,-1.505161981952));
#938 = CARTESIAN_POINT('',(1.123704999048,-1.504930131758));
#939 = CARTESIAN_POINT('',(1.1342141687,-1.50470818651));
#940 = CARTESIAN_POINT('',(1.144762241377,-1.504495830494));
#941 = ( GEOMETRIC_REPRESENTATION_CONTEXT(2) 
PARAMETRIC_REPRESENTATION_CONTEXT() REPRESENTATION_CONTEXT('2D SPACE',''
  ) );
#942 = PCURVE('',#943,#950);
#943 = SURFACE_OF_LINEAR_EXTRUSION('',#944,#948);
#944 = B_SPLINE_CURVE_WITH_KNOTS('',2,(#945,#946,#947),.UNSPECIFIED.,.F.
  ,.F.,(3,3),(0.,1.),.PIECEWISE_BEZIER_KNOTS.);
#945 = CARTESIAN_POINT('',(0.46435546875,1.023193359375,0.5));
#946 = CARTESIAN_POINT('',(0.626220703125,0.881103515625,0.5));
#947 = CARTESIAN_POINT('',(0.658447265625,0.630615234375,0.5));
#948 = VECTOR('',#949,1.);
#949 = DIRECTION('',(-0.,-0.,-1.));
#950 = DEFINITIONAL_REPRESENTATION('',(#951),#966);
#951 = B_SPLINE_CURVE_WITH_KNOTS('',5,(#952,#953,#954,#955,#956,#957,
    #958,#959,#960,#961,#962,#963,#964,#965),.UNSPECIFIED.,.F.,.F.,(6,4,
    4,6),(0.,0.438179242648,0.857684439733,1.),.UNSPECIFIED.);
#952 = CARTESIAN_POINT('',(1.,-0.174523283221));
#953 = CARTESIAN_POINT('',(0.915662737625,-0.175885213077));
#954 = CARTESIAN_POINT('',(0.830033126127,-0.177240704347));
#955 = CARTESIAN_POINT('',(0.743382073509,-0.178563263157));
#956 = CARTESIAN_POINT('',(0.655961189903,-0.179829314764));
#957 = CARTESIAN_POINT('',(0.483787446964,-0.182166135206));
#958 = CARTESIAN_POINT('',(0.399080738839,-0.18324291156));
#959 = CARTESIAN_POINT('',(0.314085874488,-0.184239500048));
#960 = CARTESIAN_POINT('',(0.228997222124,-0.185148452222));
#961 = CARTESIAN_POINT('',(0.115164956072,-0.186248353891));
#962 = CARTESIAN_POINT('',(8.634039841968E-02,-0.186516881064));
#963 = CARTESIAN_POINT('',(5.753345308993E-02,-0.186775315294));
#964 = CARTESIAN_POINT('',(2.875107377749E-02,-0.187023746398));
#965 = CARTESIAN_POINT('',(0.,-0.187262356582));
#966 = ( GEOMETRIC_REPRESENTATION_CONTEXT(2) 
PARAMETRIC_REPRESENTATION_CONTEXT() REPRESENTATION_CONTEXT('2D SPACE',''
  ) );
#967 = ORIENTED_EDGE('',*,*,#968,.T.);
#968 = EDGE_CURVE('',#906,#969,#971,.T.);
#969 = VERTEX_POINT('',#970);
#970 = CARTESIAN_POINT('',(4.9072265625E-02,1.165283203125,
    0.690150503942));
#971 = SURFACE_CURVE('',#972,(#985,#1001),.PCURVE_S1.);
#972 = B_SPLINE_CURVE_WITH_KNOTS('',6,(#973,#974,#975,#976,#977,#978,
    #979,#980,#981,#982,#983,#984),.UNSPECIFIED.,.F.,.F.,(7,5,7),(0.,
    0.219183892792,1.),.UNSPECIFIED.);
#973 = CARTESIAN_POINT('',(0.46435546875,1.023193359375,0.687262356582)
  );
#974 = CARTESIAN_POINT('',(0.452398356366,1.033689648074,0.687568889867)
  );
#975 = CARTESIAN_POINT('',(0.44012719171,1.043733259632,0.687857393814)
  );
#976 = CARTESIAN_POINT('',(0.427545115182,1.053318187449,0.688127321913)
  );
#977 = CARTESIAN_POINT('',(0.414655960388,1.062439604502,0.688378311129)
  );
#978 = CARTESIAN_POINT('',(0.401464254143,1.071093863347,0.688610181898)
  );
#979 = CARTESIAN_POINT('',(0.339922151268,1.108435260422,0.689580856464)
  );
#980 = CARTESIAN_POINT('',(0.28809209242,1.131634382621,0.690096283213)
  );
#981 = CARTESIAN_POINT('',(0.232727946506,1.148757096157,0.69036909174)
  );
#982 = CARTESIAN_POINT('',(0.174166237697,1.15989030911,0.690429992749)
  );
#983 = CARTESIAN_POINT('',(0.112809245726,1.165283203125,0.690335358897)
  );
#984 = CARTESIAN_POINT('',(4.9072265625E-02,1.165283203125,
    0.690150503942));
#985 = PCURVE('',#309,#986);
#986 = DEFINITIONAL_REPRESENTATION('',(#987),#1000);
#987 = B_SPLINE_CURVE_WITH_KNOTS('',6,(#988,#989,#990,#991,#992,#993,
    #994,#995,#996,#997,#998,#999),.UNSPECIFIED.,.F.,.F.,(7,5,7),(0.,
    0.219183892792,1.),.UNSPECIFIED.);
#988 = CARTESIAN_POINT('',(1.144762241377,-1.504495830494));
#989 = CARTESIAN_POINT('',(1.158312942903,-1.504223024923));
#990 = CARTESIAN_POINT('',(1.171818039293,-1.503967611311));
#991 = CARTESIAN_POINT('',(1.185294097626,-1.503729750202));
#992 = CARTESIAN_POINT('',(1.198757056951,-1.503509475533));
#993 = CARTESIAN_POINT('',(1.21222222828,-1.503306694643));
#994 = CARTESIAN_POINT('',(1.273732525137,-1.50246034424));
#995 = CARTESIAN_POINT('',(1.32197868291,-1.502018686323));
#996 = CARTESIAN_POINT('',(1.371097708519,-1.501786560264));
#997 = CARTESIAN_POINT('',(1.421655392891,-1.501734154891));
#998 = CARTESIAN_POINT('',(1.474109584805,-1.501814881251));
#999 = CARTESIAN_POINT('',(1.5287093149,-1.501973375993));
#1000 = ( GEOMETRIC_REPRESENTATION_CONTEXT(2) 
PARAMETRIC_REPRESENTATION_CONTEXT() REPRESENTATION_CONTEXT('2D SPACE',''
  ) );
#1001 = PCURVE('',#1002,#1009);
#1002 = SURFACE_OF_LINEAR_EXTRUSION('',#1003,#1007);
#1003 = B_SPLINE_CURVE_WITH_KNOTS('',2,(#1004,#1005,#1006),
  .UNSPECIFIED.,.F.,.F.,(3,3),(0.,1.),.PIECEWISE_BEZIER_KNOTS.);
#1004 = CARTESIAN_POINT('',(4.9072265625E-02,1.165283203125,0.5));
#1005 = CARTESIAN_POINT('',(0.302490234375,1.165283203125,0.5));
#1006 = CARTESIAN_POINT('',(0.46435546875,1.023193359375,0.5));
#1007 = VECTOR('',#1008,1.);
#1008 = DIRECTION('',(-0.,-0.,-1.));
#1009 = DEFINITIONAL_REPRESENTATION('',(#1010),#1023);
#1010 = B_SPLINE_CURVE_WITH_KNOTS('',6,(#1011,#1012,#1013,#1014,#1015,
    #1016,#1017,#1018,#1019,#1020,#1021,#1022),.UNSPECIFIED.,.F.,.F.,(7,
    5,7),(0.,0.219183892792,1.),.UNSPECIFIED.);
#1011 = CARTESIAN_POINT('',(1.,-0.187262356582));
#1012 = CARTESIAN_POINT('',(0.963064606091,-0.187568889867));
#1013 = CARTESIAN_POINT('',(0.926085058136,-0.187857393814));
#1014 = CARTESIAN_POINT('',(0.889075188289,-0.188127321913));
#1015 = CARTESIAN_POINT('',(0.852048696847,-0.188378311129));
#1016 = CARTESIAN_POINT('',(0.815019152241,-0.188610181898));
#1017 = CARTESIAN_POINT('',(0.646123706853,-0.189580856464));
#1018 = CARTESIAN_POINT('',(0.514369145029,-0.190096283213));
#1019 = CARTESIAN_POINT('',(0.383366551786,-0.19036909174));
#1020 = CARTESIAN_POINT('',(0.253669413324,-0.190429992749));
#1021 = CARTESIAN_POINT('',(0.125754658233,-0.190335358897));
#1022 = CARTESIAN_POINT('',(0.,-0.190150503942));
#1023 = ( GEOMETRIC_REPRESENTATION_CONTEXT(2) 
PARAMETRIC_REPRESENTATION_CONTEXT() REPRESENTATION_CONTEXT('2D SPACE',''
  ) );
#1024 = ORIENTED_EDGE('',*,*,#1025,.T.);
#1025 = EDGE_CURVE('',#969,#1026,#1028,.T.);
#1026 = VERTEX_POINT('',#1027);
#1027 = CARTESIAN_POINT('',(-0.491455078125,0.919189453125,0.68205970428
    ));
#1028 = SURFACE_CURVE('',#1029,(#1042,#1058),.PCURVE_S1.);
#1029 = B_SPLINE_CURVE_WITH_KNOTS('',6,(#1030,#1031,#1032,#1033,#1034,
    #1035,#1036,#1037,#1038,#1039,#1040,#1041),.UNSPECIFIED.,.F.,.F.,(7,
    5,7),(0.,0.597824666406,1.),.UNSPECIFIED.);
#1030 = CARTESIAN_POINT('',(4.9072265625E-02,1.165283203125,
    0.690150503942));
#1031 = CARTESIAN_POINT('',(-1.601428086753E-02,1.165283203125,
    0.689961734869));
#1032 = CARTESIAN_POINT('',(-7.938949885196E-02,1.159867135057,
    0.689705335997));
#1033 = CARTESIAN_POINT('',(-0.140597232551,1.148614039097,
    0.689324248024));
#1034 = CARTESIAN_POINT('',(-0.199150299578,1.131206201563,
    0.688767850942));
#1035 = CARTESIAN_POINT('',(-0.25459768928,1.1075499839,0.688011399442)
  );
#1036 = CARTESIAN_POINT('',(-0.341566115229,1.057897947481,
    0.686424519554));
#1037 = CARTESIAN_POINT('',(-0.374983206314,1.035199135305,0.68569926336
    ));
#1038 = CARTESIAN_POINT('',(-0.406736561228,1.009833500883,
    0.684888958735));
#1039 = CARTESIAN_POINT('',(-0.436754233155,0.981921689488,
    0.684002336791));
#1040 = CARTESIAN_POINT('',(-0.464996385621,0.951635149042,
    0.683053356337));
#1041 = CARTESIAN_POINT('',(-0.491455078125,0.919189453125,0.68205970428
    ));
#1042 = PCURVE('',#309,#1043);
#1043 = DEFINITIONAL_REPRESENTATION('',(#1044),#1057);
#1044 = B_SPLINE_CURVE_WITH_KNOTS('',6,(#1045,#1046,#1047,#1048,#1049,
    #1050,#1051,#1052,#1053,#1054,#1055,#1056),.UNSPECIFIED.,.F.,.F.,(7,
    5,7),(0.,0.597824666406,1.),.UNSPECIFIED.);
#1045 = CARTESIAN_POINT('',(1.5287093149,-1.501973375993));
#1046 = CARTESIAN_POINT('',(1.584465139317,-1.502135226702));
#1047 = CARTESIAN_POINT('',(1.638873835022,-1.502355495101));
#1048 = CARTESIAN_POINT('',(1.692039354199,-1.502683886386));
#1049 = CARTESIAN_POINT('',(1.744271025606,-1.503165158525));
#1050 = CARTESIAN_POINT('',(1.796046188428,-1.503827174525));
#1051 = CARTESIAN_POINT('',(1.882814542216,-1.505243244991));
#1052 = CARTESIAN_POINT('',(1.917759025531,-1.505896329934));
#1053 = CARTESIAN_POINT('',(1.95292311448,-1.506634356133));
#1054 = CARTESIAN_POINT('',(1.98850702502,-1.507453820239));
#1055 = CARTESIAN_POINT('',(2.024724445897,-1.508346540329));
#1056 = CARTESIAN_POINT('',(2.061787009437,-1.509299845598));
#1057 = ( GEOMETRIC_REPRESENTATION_CONTEXT(2) 
PARAMETRIC_REPRESENTATION_CONTEXT() REPRESENTATION_CONTEXT('2D SPACE',''
  ) );
#1058 = PCURVE('',#1059,#1066);
#1059 = SURFACE_OF_LINEAR_EXTRUSION('',#1060,#1064);
#1060 = B_SPLINE_CURVE_WITH_KNOTS('',2,(#1061,#1062,#1063),
  .UNSPECIFIED.,.F.,.F.,(3,3),(0.,1.),.PIECEWISE_BEZIER_KNOTS.);
#1061 = CARTESIAN_POINT('',(-0.491455078125,0.919189453125,0.5));
#1062 = CARTESIAN_POINT('',(-0.290771484375,1.165283203125,0.5));
#1063 = CARTESIAN_POINT('',(4.9072265625E-02,1.165283203125,0.5));
#1064 = VECTOR('',#1065,1.);
#1065 = DIRECTION('',(-0.,-0.,-1.));
#1066 = DEFINITIONAL_REPRESENTATION('',(#1067),#1080);
#1067 = B_SPLINE_CURVE_WITH_KNOTS('',6,(#1068,#1069,#1070,#1071,#1072,
    #1073,#1074,#1075,#1076,#1077,#1078,#1079),.UNSPECIFIED.,.F.,.F.,(7,
    5,7),(0.,0.597824666406,1.),.UNSPECIFIED.);
#1068 = CARTESIAN_POINT('',(1.,-0.190150503942));
#1069 = CARTESIAN_POINT('',(0.904240483321,-0.189961734869));
#1070 = CARTESIAN_POINT('',(0.806492804391,-0.189705335997));
#1071 = CARTESIAN_POINT('',(0.707077865124,-0.189324248024));
#1072 = CARTESIAN_POINT('',(0.606448112951,-0.188767850942));
#1073 = CARTESIAN_POINT('',(0.505189199778,-0.188011399442));
#1074 = CARTESIAN_POINT('',(0.335926898569,-0.186424519554));
#1075 = CARTESIAN_POINT('',(0.267876906591,-0.18569926336));
#1076 = CARTESIAN_POINT('',(0.200056007669,-0.184888958735));
#1077 = CARTESIAN_POINT('',(0.132670427231,-0.184002336791));
#1078 = CARTESIAN_POINT('',(6.592141392718E-02,-0.183053356337));
#1079 = CARTESIAN_POINT('',(0.,-0.18205970428));
#1080 = ( GEOMETRIC_REPRESENTATION_CONTEXT(2) 
PARAMETRIC_REPRESENTATION_CONTEXT() REPRESENTATION_CONTEXT('2D SPACE',''
  ) );
#1081 = ORIENTED_EDGE('',*,*,#1082,.T.);
#1082 = EDGE_CURVE('',#1026,#1083,#1085,.T.);
#1083 = VERTEX_POINT('',#1084);
#1084 = CARTESIAN_POINT('',(-0.721435546875,1.3916015625E-02,
    0.665356684302));
#1085 = SURFACE_CURVE('',#1086,(#1101,#1119),.PCURVE_S1.);
#1086 = B_SPLINE_CURVE_WITH_KNOTS('',7,(#1087,#1088,#1089,#1090,#1091,
    #1092,#1093,#1094,#1095,#1096,#1097,#1098,#1099,#1100),
  .UNSPECIFIED.,.F.,.F.,(8,6,8),(0.,0.557164185705,1.),.UNSPECIFIED.);
#1087 = CARTESIAN_POINT('',(-0.491455078125,0.919189453125,0.68205970428
    ));
#1088 = CARTESIAN_POINT('',(-0.537511338467,0.862572521622,0.68032251105
    ));
#1089 = CARTESIAN_POINT('',(-0.577237057083,0.799172828378,
    0.678400612141));
#1090 = CARTESIAN_POINT('',(-0.610524772524,0.730207858784,
    0.676379505554));
#1091 = CARTESIAN_POINT('',(-0.637713479588,0.657259343446,
    0.674381205275));
#1092 = CARTESIAN_POINT('',(-0.659453282677,0.582067790784,
    0.672524742648));
#1093 = CARTESIAN_POINT('',(-0.67651080978,0.50603497908,0.670879425641)
  );
#1094 = CARTESIAN_POINT('',(-0.700021148193,0.369694020119,
    0.668375175683));
#1095 = CARTESIAN_POINT('',(-0.707935506493,0.309339858138,
    0.667423719601));
#1096 = CARTESIAN_POINT('',(-0.713719562143,0.249431856487,
    0.666648722091));
#1097 = CARTESIAN_POINT('',(-0.717729643074,0.190134280674,0.66605503284
    ));
#1098 = CARTESIAN_POINT('',(-0.720238238132,0.131329164961,
    0.665640288443));
#1099 = CARTESIAN_POINT('',(-0.721435546875,7.273007808783E-02,
    0.66540498614));
#1100 = CARTESIAN_POINT('',(-0.721435546875,1.3916015625E-02,
    0.665356684302));
#1101 = PCURVE('',#309,#1102);
#1102 = DEFINITIONAL_REPRESENTATION('',(#1103),#1118);
#1103 = B_SPLINE_CURVE_WITH_KNOTS('',7,(#1104,#1105,#1106,#1107,#1108,
    #1109,#1110,#1111,#1112,#1113,#1114,#1115,#1116,#1117),
  .UNSPECIFIED.,.F.,.F.,(8,6,8),(0.,0.557164185705,1.),.UNSPECIFIED.);
#1104 = CARTESIAN_POINT('',(2.061787009437,-1.509299845598));
#1105 = CARTESIAN_POINT('',(2.126364232968,-1.510966500889));
#1106 = CARTESIAN_POINT('',(2.192731264261,-1.512863064521));
#1107 = CARTESIAN_POINT('',(2.261910395804,-1.514933129118));
#1108 = CARTESIAN_POINT('',(2.334994524969,-1.517082377328));
#1109 = CARTESIAN_POINT('',(2.412977053455,-1.519188378994));
#1110 = CARTESIAN_POINT('',(2.496131021322,-1.521141046167));
#1111 = CARTESIAN_POINT('',(2.653783733601,-1.524222345005));
#1112 = CARTESIAN_POINT('',(2.726581852696,-1.525438306864));
#1113 = CARTESIAN_POINT('',(2.802165964752,-1.52646477302));
#1114 = CARTESIAN_POINT('',(2.880128924625,-1.527272399966));
#1115 = CARTESIAN_POINT('',(2.959883641164,-1.527845169096));
#1116 = CARTESIAN_POINT('',(3.040812372496,-1.528171154892));
#1117 = CARTESIAN_POINT('',(3.122305705338,-1.528238094835));
#1118 = ( GEOMETRIC_REPRESENTATION_CONTEXT(2) 
PARAMETRIC_REPRESENTATION_CONTEXT() REPRESENTATION_CONTEXT('2D SPACE',''
  ) );
#1119 = PCURVE('',#1120,#1127);
#1120 = SURFACE_OF_LINEAR_EXTRUSION('',#1121,#1125);
#1121 = B_SPLINE_CURVE_WITH_KNOTS('',2,(#1122,#1123,#1124),
  .UNSPECIFIED.,.F.,.F.,(3,3),(0.,1.),.PIECEWISE_BEZIER_KNOTS.);
#1122 = CARTESIAN_POINT('',(-0.721435546875,1.3916015625E-02,0.5));
#1123 = CARTESIAN_POINT('',(-0.721435546875,0.636474609375,0.5));
#1124 = CARTESIAN_POINT('',(-0.491455078125,0.919189453125,0.5));
#1125 = VECTOR('',#1126,1.);
#1126 = DIRECTION('',(-0.,-0.,-1.));
#1127 = DEFINITIONAL_REPRESENTATION('',(#1128),#1143);
#1128 = B_SPLINE_CURVE_WITH_KNOTS('',7,(#1129,#1130,#1131,#1132,#1133,
    #1134,#1135,#1136,#1137,#1138,#1139,#1140,#1141,#1142),
  .UNSPECIFIED.,.F.,.F.,(8,6,8),(0.,0.557164185705,1.),.UNSPECIFIED.);
#1129 = CARTESIAN_POINT('',(1.,-0.18205970428));
#1130 = CARTESIAN_POINT('',(0.899869191954,-0.18032251105));
#1131 = CARTESIAN_POINT('',(0.801803991985,-0.178400612141));
#1132 = CARTESIAN_POINT('',(0.706909743385,-0.176379505554));
#1133 = CARTESIAN_POINT('',(0.616054473377,-0.174381205275));
#1134 = CARTESIAN_POINT('',(0.529864504208,-0.172524742648));
#1135 = CARTESIAN_POINT('',(0.448555820951,-0.170879425641));
#1136 = CARTESIAN_POINT('',(0.311153211403,-0.168375175683));
#1137 = CARTESIAN_POINT('',(0.253287762741,-0.167423719601));
#1138 = CARTESIAN_POINT('',(0.198308888546,-0.166648722091));
#1139 = CARTESIAN_POINT('',(0.145925626026,-0.16605503284));
#1140 = CARTESIAN_POINT('',(9.571984231763E-02,-0.165640288443));
#1141 = CARTESIAN_POINT('',(4.723576467603E-02,-0.16540498614));
#1142 = CARTESIAN_POINT('',(0.,-0.165356684302));
#1143 = ( GEOMETRIC_REPRESENTATION_CONTEXT(2) 
PARAMETRIC_REPRESENTATION_CONTEXT() REPRESENTATION_CONTEXT('2D SPACE',''
  ) );
#1144 = ORIENTED_EDGE('',*,*,#1145,.T.);
#1145 = EDGE_CURVE('',#1083,#1146,#1148,.T.);
#1146 = VERTEX_POINT('',#1147);
#1147 = CARTESIAN_POINT('',(-0.513427734375,-0.78515625,0.675965583339)
  );
#1148 = SURFACE_CURVE('',#1149,(#1164,#1182),.PCURVE_S1.);
#1149 = B_SPLINE_CURVE_WITH_KNOTS('',7,(#1150,#1151,#1152,#1153,#1154,
    #1155,#1156,#1157,#1158,#1159,#1160,#1161,#1162,#1163),
  .UNSPECIFIED.,.F.,.F.,(8,6,8),(0.,0.490819808041,1.),.UNSPECIFIED.);
#1150 = CARTESIAN_POINT('',(-0.721435546875,1.3916015625E-02,
    0.665356684302));
#1151 = CARTESIAN_POINT('',(-0.721435546875,-4.651964859199E-02,
    0.665307050702));
#1152 = CARTESIAN_POINT('',(-0.72000524412,-0.106385217702,
    0.665448455087));
#1153 = CARTESIAN_POINT('',(-0.717009004627,-0.166080364038,
    0.665766346049));
#1154 = CARTESIAN_POINT('',(-0.71222055974,-0.225839841739,
    0.666252872978));
#1155 = CARTESIAN_POINT('',(-0.705316307739,-0.285689107046,
    0.666901463686));
#1156 = CARTESIAN_POINT('',(-0.695880796619,-0.34532382358,
    0.667694410403));
#1157 = CARTESIAN_POINT('',(-0.670672005298,-0.465226746021,
    0.669537900468));
#1158 = CARTESIAN_POINT('',(-0.654670873255,-0.525453760072,
    0.670597291659));
#1159 = CARTESIAN_POINT('',(-0.635054980318,-0.584182918057,
    0.671740659678));
#1160 = CARTESIAN_POINT('',(-0.611377823145,-0.640507094115,
    0.672915995749));
#1161 = CARTESIAN_POINT('',(-0.583279387411,-0.693376891271,
    0.674052570815));
#1162 = CARTESIAN_POINT('',(-0.550596129888,-0.741836746779,
    0.675083968643));
#1163 = CARTESIAN_POINT('',(-0.513427734375,-0.78515625,0.675965583339)
  );
#1164 = PCURVE('',#309,#1165);
#1165 = DEFINITIONAL_REPRESENTATION('',(#1166),#1181);
#1166 = B_SPLINE_CURVE_WITH_KNOTS('',7,(#1167,#1168,#1169,#1170,#1171,
    #1172,#1173,#1174,#1175,#1176,#1177,#1178,#1179,#1180),
  .UNSPECIFIED.,.F.,.F.,(8,6,8),(0.,0.490819808041,1.),.UNSPECIFIED.);
#1167 = CARTESIAN_POINT('',(3.122305705338,-1.528238094835));
#1168 = CARTESIAN_POINT('',(3.206045945229,-1.528306880424));
#1169 = CARTESIAN_POINT('',(3.289273796884,-1.528111028657));
#1170 = CARTESIAN_POINT('',(3.371308142474,-1.527669011824));
#1171 = CARTESIAN_POINT('',(3.451466560173,-1.527000120276));
#1172 = CARTESIAN_POINT('',(3.529121869285,-1.526129676799));
#1173 = CARTESIAN_POINT('',(3.603882824455,-1.525098784277));
#1174 = CARTESIAN_POINT('',(3.750016829498,-1.522777199881));
#1175 = CARTESIAN_POINT('',(3.821181334213,-1.52147787727));
#1176 = CARTESIAN_POINT('',(3.888894563349,-1.520119793069));
#1177 = CARTESIAN_POINT('',(3.953343334098,-1.518773237128));
#1178 = CARTESIAN_POINT('',(4.015091140588,-1.51751192096));
#1179 = CARTESIAN_POINT('',(4.074832794923,-1.516393874054));
#1180 = CARTESIAN_POINT('',(4.133264445868,-1.515454111478));
#1181 = ( GEOMETRIC_REPRESENTATION_CONTEXT(2) 
PARAMETRIC_REPRESENTATION_CONTEXT() REPRESENTATION_CONTEXT('2D SPACE',''
  ) );
#1182 = PCURVE('',#1183,#1190);
#1183 = SURFACE_OF_LINEAR_EXTRUSION('',#1184,#1188);
#1184 = B_SPLINE_CURVE_WITH_KNOTS('',2,(#1185,#1186,#1187),
  .UNSPECIFIED.,.F.,.F.,(3,3),(0.,1.),.PIECEWISE_BEZIER_KNOTS.);
#1185 = CARTESIAN_POINT('',(-0.513427734375,-0.78515625,0.5));
#1186 = CARTESIAN_POINT('',(-0.721435546875,-0.542724609375,0.5));
#1187 = CARTESIAN_POINT('',(-0.721435546875,1.3916015625E-02,0.5));
#1188 = VECTOR('',#1189,1.);
#1189 = DIRECTION('',(-0.,-0.,-1.));
#1190 = DEFINITIONAL_REPRESENTATION('',(#1191),#1206);
#1191 = B_SPLINE_CURVE_WITH_KNOTS('',7,(#1192,#1193,#1194,#1195,#1196,
    #1197,#1198,#1199,#1200,#1201,#1202,#1203,#1204,#1205),
  .UNSPECIFIED.,.F.,.F.,(8,6,8),(0.,0.490819808041,1.),.UNSPECIFIED.);
#1192 = CARTESIAN_POINT('',(1.,-0.165356684302));
#1193 = CARTESIAN_POINT('',(0.945713929686,-0.165307050702));
#1194 = CARTESIAN_POINT('',(0.889999228594,-0.165448455087));
#1195 = CARTESIAN_POINT('',(0.832312856895,-0.165766346049));
#1196 = CARTESIAN_POINT('',(0.77213693352,-0.166252872978));
#1197 = CARTESIAN_POINT('',(0.709009511273,-0.166901463686));
#1198 = CARTESIAN_POINT('',(0.642640250041,-0.167694410403));
#1199 = CARTESIAN_POINT('',(0.50073325262,-0.169537900468));
#1200 = CARTESIAN_POINT('',(0.424923354486,-0.170597291659));
#1201 = CARTESIAN_POINT('',(0.345554185619,-0.171740659678));
#1202 = CARTESIAN_POINT('',(0.262834726693,-0.172915995749));
#1203 = CARTESIAN_POINT('',(0.177219106005,-0.174052570815));
#1204 = CARTESIAN_POINT('',(8.934374883843E-02,-0.175083968643));
#1205 = CARTESIAN_POINT('',(0.,-0.175965583339));
#1206 = ( GEOMETRIC_REPRESENTATION_CONTEXT(2) 
PARAMETRIC_REPRESENTATION_CONTEXT() REPRESENTATION_CONTEXT('2D SPACE',''
  ) );
#1207 = ORIENTED_EDGE('',*,*,#1208,.T.);
#1208 = EDGE_CURVE('',#1146,#1209,#1211,.T.);
#1209 = VERTEX_POINT('',#1210);
#1210 = CARTESIAN_POINT('',(2.4169921875E-02,-1.027587890625,0.681176091
    ));
#1211 = SURFACE_CURVE('',#1212,(#1225,#1241),.PCURVE_S1.);
#1212 = B_SPLINE_CURVE_WITH_KNOTS('',6,(#1213,#1214,#1215,#1216,#1217,
    #1218,#1219,#1220,#1221,#1222,#1223,#1224),.UNSPECIFIED.,.F.,.F.,(7,
    5,7),(0.,0.434301072962,1.),.UNSPECIFIED.);
#1213 = CARTESIAN_POINT('',(-0.513427734375,-0.78515625,0.675965583339)
  );
#1214 = CARTESIAN_POINT('',(-0.484151304968,-0.819277722301,
    0.67666000477));
#1215 = CARTESIAN_POINT('',(-0.452971519036,-0.851052351201,
    0.677331205855));
#1216 = CARTESIAN_POINT('',(-0.4198944202,-0.880202360158,0.677959901365
    ));
#1217 = CARTESIAN_POINT('',(-0.384968835998,-0.906496141589,
    0.678530024722));
#1218 = CARTESIAN_POINT('',(-0.348285510983,-0.929765594862,
    0.67903111851));
#1219 = CARTESIAN_POINT('',(-0.260076492979,-0.976180100105,
    0.680020308968));
#1220 = CARTESIAN_POINT('',(-0.207410755636,-0.997160731902,
    0.680458620026));
#1221 = CARTESIAN_POINT('',(-0.152273089901,-1.012661679688,
    0.68076933091));
#1222 = CARTESIAN_POINT('',(-9.503553158635E-02,-1.022724096159,
    0.680968112049));
#1223 = CARTESIAN_POINT('',(-3.609803007449E-02,-1.027587890625,
    0.681090044167));
#1224 = CARTESIAN_POINT('',(2.4169921875E-02,-1.027587890625,0.681176091
    ));
#1225 = PCURVE('',#309,#1226);
#1226 = DEFINITIONAL_REPRESENTATION('',(#1227),#1240);
#1227 = B_SPLINE_CURVE_WITH_KNOTS('',6,(#1228,#1229,#1230,#1231,#1232,
    #1233,#1234,#1235,#1236,#1237,#1238,#1239),.UNSPECIFIED.,.F.,.F.,(7,
    5,7),(0.,0.434301072962,1.),.UNSPECIFIED.);
#1228 = CARTESIAN_POINT('',(4.133264445868,-1.515454111478));
#1229 = CARTESIAN_POINT('',(4.179289303289,-1.514713888708));
#1230 = CARTESIAN_POINT('',(4.224166786006,-1.514010296701));
#1231 = CARTESIAN_POINT('',(4.268113025132,-1.513361647542));
#1232 = CARTESIAN_POINT('',(4.311388386941,-1.512781137452));
#1233 = CARTESIAN_POINT('',(4.354260336251,-1.512275879739));
#1234 = CARTESIAN_POINT('',(4.45259295895,-1.511285916738));
#1235 = CARTESIAN_POINT('',(4.507946387916,-1.510853655928));
#1236 = CARTESIAN_POINT('',(4.563547303974,-1.510549924862));
#1237 = CARTESIAN_POINT('',(4.619881936782,-1.510355959125));
#1238 = CARTESIAN_POINT('',(4.677288175827,-1.510237211264));
#1239 = CARTESIAN_POINT('',(4.735905670615,-1.510153497704));
#1240 = ( GEOMETRIC_REPRESENTATION_CONTEXT(2) 
PARAMETRIC_REPRESENTATION_CONTEXT() REPRESENTATION_CONTEXT('2D SPACE',''
  ) );
#1241 = PCURVE('',#1242,#1249);
#1242 = SURFACE_OF_LINEAR_EXTRUSION('',#1243,#1247);
#1243 = B_SPLINE_CURVE_WITH_KNOTS('',2,(#1244,#1245,#1246),
  .UNSPECIFIED.,.F.,.F.,(3,3),(0.,1.),.PIECEWISE_BEZIER_KNOTS.);
#1244 = CARTESIAN_POINT('',(2.4169921875E-02,-1.027587890625,0.5));
#1245 = CARTESIAN_POINT('',(-0.305419921875,-1.027587890625,0.5));
#1246 = CARTESIAN_POINT('',(-0.513427734375,-0.78515625,0.5));
#1247 = VECTOR('',#1248,1.);
#1248 = DIRECTION('',(-0.,-0.,-1.));
#1249 = DEFINITIONAL_REPRESENTATION('',(#1250),#1263);
#1250 = B_SPLINE_CURVE_WITH_KNOTS('',6,(#1251,#1252,#1253,#1254,#1255,
    #1256,#1257,#1258,#1259,#1260,#1261,#1262),.UNSPECIFIED.,.F.,.F.,(7,
    5,7),(0.,0.434301072962,1.),.UNSPECIFIED.);
#1251 = CARTESIAN_POINT('',(1.,-0.175965583339));
#1252 = CARTESIAN_POINT('',(0.929626611004,-0.17666000477));
#1253 = CARTESIAN_POINT('',(0.858151261862,-0.177331205855));
#1254 = CARTESIAN_POINT('',(0.785794456176,-0.177959901365));
#1255 = CARTESIAN_POINT('',(0.712806476521,-0.178530024722));
#1256 = CARTESIAN_POINT('',(0.639452878404,-0.17903111851));
#1257 = CARTESIAN_POINT('',(0.470323906009,-0.180020308968));
#1258 = CARTESIAN_POINT('',(0.374465754982,-0.180458620026));
#1259 = CARTESIAN_POINT('',(0.279026596054,-0.18076933091));
#1260 = CARTESIAN_POINT('',(0.184539511946,-0.180968112049));
#1261 = CARTESIAN_POINT('',(9.142871525375E-02,-0.181090044167));
#1262 = CARTESIAN_POINT('',(0.,-0.181176091));
#1263 = ( GEOMETRIC_REPRESENTATION_CONTEXT(2) 
PARAMETRIC_REPRESENTATION_CONTEXT() REPRESENTATION_CONTEXT('2D SPACE',''
  ) );
#1264 = ORIENTED_EDGE('',*,*,#1265,.T.);
#1265 = EDGE_CURVE('',#1209,#1266,#1268,.T.);
#1266 = VERTEX_POINT('',#1267);
#1267 = CARTESIAN_POINT('',(0.369873046875,-0.935302734375,
    0.679849300013));
#1268 = SURFACE_CURVE('',#1269,(#1280,#1294),.PCURVE_S1.);
#1269 = B_SPLINE_CURVE_WITH_KNOTS('',5,(#1270,#1271,#1272,#1273,#1274,
    #1275,#1276,#1277,#1278,#1279),.UNSPECIFIED.,.F.,.F.,(6,4,6),(0.,
    0.676974568157,1.),.UNSPECIFIED.);
#1270 = CARTESIAN_POINT('',(2.4169921875E-02,-1.027587890625,0.681176091
    ));
#1271 = CARTESIAN_POINT('',(7.581730037034E-02,-1.027587890625,
    0.681249829915));
#1272 = CARTESIAN_POINT('',(0.126054655641,-1.023472891466,
    0.681268753041));
#1273 = CARTESIAN_POINT('',(0.17471217392,-1.015108901908,0.681202858289
    ));
#1274 = CARTESIAN_POINT('',(0.22163511226,-1.002432230339,0.681032923668
    ));
#1275 = CARTESIAN_POINT('',(0.288205935642,-0.977377846394,
    0.680623229827));
#1276 = CARTESIAN_POINT('',(0.309287429216,-0.968309112198,
    0.680466424695));
#1277 = CARTESIAN_POINT('',(0.329933111037,-0.958267787842,0.68028477124
    ));
#1278 = CARTESIAN_POINT('',(0.350131535326,-0.94726153464,0.680078668648
    ));
#1279 = CARTESIAN_POINT('',(0.369873046875,-0.935302734375,
    0.679849300013));
#1280 = PCURVE('',#309,#1281);
#1281 = DEFINITIONAL_REPRESENTATION('',(#1282),#1293);
#1282 = B_SPLINE_CURVE_WITH_KNOTS('',5,(#1283,#1284,#1285,#1286,#1287,
    #1288,#1289,#1290,#1291,#1292),.UNSPECIFIED.,.F.,.F.,(6,4,6),(0.,
    0.676974568157,1.),.UNSPECIFIED.);
#1283 = CARTESIAN_POINT('',(4.735905670615,-1.510153497704));
#1284 = CARTESIAN_POINT('',(4.786138669114,-1.510081758316));
#1285 = CARTESIAN_POINT('',(4.834945632406,-1.510063465351));
#1286 = CARTESIAN_POINT('',(4.882660592495,-1.510127426768));
#1287 = CARTESIAN_POINT('',(4.929741187746,-1.51029233382));
#1288 = CARTESIAN_POINT('',(4.999094391183,-1.510693631448));
#1289 = CARTESIAN_POINT('',(5.021467644454,-1.510847569108));
#1290 = CARTESIAN_POINT('',(5.043866557889,-1.511026461376));
#1291 = CARTESIAN_POINT('',(5.066348671309,-1.511230281972));
#1292 = CARTESIAN_POINT('',(5.088973808972,-1.511458332039));
#1293 = ( GEOMETRIC_REPRESENTATION_CONTEXT(2) 
PARAMETRIC_REPRESENTATION_CONTEXT() REPRESENTATION_CONTEXT('2D SPACE',''
  ) );
#1294 = PCURVE('',#1295,#1302);
#1295 = SURFACE_OF_LINEAR_EXTRUSION('',#1296,#1300);
#1296 = B_SPLINE_CURVE_WITH_KNOTS('',2,(#1297,#1298,#1299),
  .UNSPECIFIED.,.F.,.F.,(3,3),(0.,1.),.PIECEWISE_BEZIER_KNOTS.);
#1297 = CARTESIAN_POINT('',(0.369873046875,-0.935302734375,0.5));
#1298 = CARTESIAN_POINT('',(0.217529296875,-1.027587890625,0.5));
#1299 = CARTESIAN_POINT('',(2.4169921875E-02,-1.027587890625,0.5));
#1300 = VECTOR('',#1301,1.);
#1301 = DIRECTION('',(-0.,-0.,-1.));
#1302 = DEFINITIONAL_REPRESENTATION('',(#1303),#1314);
#1303 = B_SPLINE_CURVE_WITH_KNOTS('',5,(#1304,#1305,#1306,#1307,#1308,
    #1309,#1310,#1311,#1312,#1313),.UNSPECIFIED.,.F.,.F.,(6,4,6),(0.,
    0.676974568157,1.),.UNSPECIFIED.);
#1304 = CARTESIAN_POINT('',(1.,-0.181176091));
#1305 = CARTESIAN_POINT('',(0.866447182881,-0.181249829915));
#1306 = CARTESIAN_POINT('',(0.731811239355,-0.181268753041));
#1307 = CARTESIAN_POINT('',(0.596377291629,-0.181202858289));
#1308 = CARTESIAN_POINT('',(0.460472284198,-0.181032923668));
#1309 = CARTESIAN_POINT('',(0.259535285059,-0.180623229827));
#1310 = CARTESIAN_POINT('',(0.194599095373,-0.180466424695));
#1311 = CARTESIAN_POINT('',(0.129672084085,-0.18028477124));
#1312 = CARTESIAN_POINT('',(6.479265328872E-02,-0.180078668648));
#1313 = CARTESIAN_POINT('',(0.,-0.179849300013));
#1314 = ( GEOMETRIC_REPRESENTATION_CONTEXT(2) 
PARAMETRIC_REPRESENTATION_CONTEXT() REPRESENTATION_CONTEXT('2D SPACE',''
  ) );
#1315 = ORIENTED_EDGE('',*,*,#1316,.T.);
#1316 = EDGE_CURVE('',#1266,#1317,#1319,.T.);
#1317 = VERTEX_POINT('',#1318);
#1318 = CARTESIAN_POINT('',(0.609375,-0.66943359375,0.674176407008));
#1319 = SURFACE_CURVE('',#1320,(#1328,#1339),.PCURVE_S1.);
#1320 = B_SPLINE_CURVE_WITH_KNOTS('',6,(#1321,#1322,#1323,#1324,#1325,
    #1326,#1327),.UNSPECIFIED.,.F.,.F.,(7,7),(0.,1.),
  .PIECEWISE_BEZIER_KNOTS.);
#1321 = CARTESIAN_POINT('',(0.369873046875,-0.935302734375,
    0.679849300013));
#1322 = CARTESIAN_POINT('',(0.420938918605,-0.904368600538,
    0.679255986311));
#1323 = CARTESIAN_POINT('',(0.46774525272,-0.8678717187,0.678514988365)
  );
#1324 = CARTESIAN_POINT('',(0.510075946763,-0.825862983487,
    0.677612334072));
#1325 = CARTESIAN_POINT('',(0.547793593747,-0.778525713648,
    0.676558901255));
#1326 = CARTESIAN_POINT('',(0.580865511964,-0.726212994292,
    0.675394952346));
#1327 = CARTESIAN_POINT('',(0.609375,-0.66943359375,0.674176407008));
#1328 = PCURVE('',#309,#1329);
#1329 = DEFINITIONAL_REPRESENTATION('',(#1330),#1338);
#1330 = B_SPLINE_CURVE_WITH_KNOTS('',6,(#1331,#1332,#1333,#1334,#1335,
    #1336,#1337),.UNSPECIFIED.,.F.,.F.,(7,7),(0.,1.),
  .PIECEWISE_BEZIER_KNOTS.);
#1331 = CARTESIAN_POINT('',(5.088973808972,-1.511458332039));
#1332 = CARTESIAN_POINT('',(5.147498829964,-1.512048234969));
#1333 = CARTESIAN_POINT('',(5.20551343388,-1.512792005924));
#1334 = CARTESIAN_POINT('',(5.263824731354,-1.51371039454));
#1335 = CARTESIAN_POINT('',(5.323389400002,-1.514804112913));
#1336 = CARTESIAN_POINT('',(5.385345828943,-1.516049220519));
#1337 = CARTESIAN_POINT('',(5.450857137179,-1.517395306242));
#1338 = ( GEOMETRIC_REPRESENTATION_CONTEXT(2) 
PARAMETRIC_REPRESENTATION_CONTEXT() REPRESENTATION_CONTEXT('2D SPACE',''
  ) );
#1339 = PCURVE('',#1340,#1347);
#1340 = SURFACE_OF_LINEAR_EXTRUSION('',#1341,#1345);
#1341 = B_SPLINE_CURVE_WITH_KNOTS('',2,(#1342,#1343,#1344),
  .UNSPECIFIED.,.F.,.F.,(3,3),(0.,1.),.PIECEWISE_BEZIER_KNOTS.);
#1342 = CARTESIAN_POINT('',(0.609375,-0.66943359375,0.5));
#1343 = CARTESIAN_POINT('',(0.522216796875,-0.843017578125,0.5));
#1344 = CARTESIAN_POINT('',(0.369873046875,-0.935302734375,0.5));
#1345 = VECTOR('',#1346,1.);
#1346 = DIRECTION('',(-0.,-0.,-1.));
#1347 = DEFINITIONAL_REPRESENTATION('',(#1348),#1356);
#1348 = B_SPLINE_CURVE_WITH_KNOTS('',6,(#1349,#1350,#1351,#1352,#1353,
    #1354,#1355),.UNSPECIFIED.,.F.,.F.,(7,7),(0.,1.),
  .PIECEWISE_BEZIER_KNOTS.);
#1349 = CARTESIAN_POINT('',(1.,-0.179849300013));
#1350 = CARTESIAN_POINT('',(0.832399190219,-0.179255986311));
#1351 = CARTESIAN_POINT('',(0.664355053161,-0.178514988365));
#1352 = CARTESIAN_POINT('',(0.496435124292,-0.177612334072));
#1353 = CARTESIAN_POINT('',(0.329267650076,-0.176558901255));
#1354 = CARTESIAN_POINT('',(0.163550228285,-0.175394952346));
#1355 = CARTESIAN_POINT('',(0.,-0.174176407008));
#1356 = ( GEOMETRIC_REPRESENTATION_CONTEXT(2) 
PARAMETRIC_REPRESENTATION_CONTEXT() REPRESENTATION_CONTEXT('2D SPACE',''
  ) );
#1357 = ORIENTED_EDGE('',*,*,#1358,.T.);
#1358 = EDGE_CURVE('',#1317,#1359,#1361,.T.);
#1359 = VERTEX_POINT('',#1360);
#1360 = CARTESIAN_POINT('',(0.696533203125,-0.293701171875,
    0.666854450292));
#1361 = SURFACE_CURVE('',#1362,(#1370,#1381),.PCURVE_S1.);
#1362 = B_SPLINE_CURVE_WITH_KNOTS('',6,(#1363,#1364,#1365,#1366,#1367,
    #1368,#1369),.UNSPECIFIED.,.F.,.F.,(7,7),(0.,1.),
  .PIECEWISE_BEZIER_KNOTS.);
#1363 = CARTESIAN_POINT('',(0.609375,-0.66943359375,0.674176407008));
#1364 = CARTESIAN_POINT('',(0.638742286627,-0.610945804417,0.67292119786
    ));
#1365 = CARTESIAN_POINT('',(0.662176248486,-0.550504261524,
    0.671678883359));
#1366 = CARTESIAN_POINT('',(0.679596283153,-0.488266492371,
    0.670436811035));
#1367 = CARTESIAN_POINT('',(0.690996925132,-0.424470419597,
    0.669200168851));
#1368 = CARTESIAN_POINT('',(0.696533203125,-0.359475836352,0.66799462205
    ));
#1369 = CARTESIAN_POINT('',(0.696533203125,-0.293701171875,
    0.666854450292));
#1370 = PCURVE('',#309,#1371);
#1371 = DEFINITIONAL_REPRESENTATION('',(#1372),#1380);
#1372 = B_SPLINE_CURVE_WITH_KNOTS('',6,(#1373,#1374,#1375,#1376,#1377,
    #1378,#1379),.UNSPECIFIED.,.F.,.F.,(7,7),(0.,1.),
  .PIECEWISE_BEZIER_KNOTS.);
#1373 = CARTESIAN_POINT('',(5.450857137179,-1.517395306242));
#1374 = CARTESIAN_POINT('',(5.518339561412,-1.518781893233));
#1375 = CARTESIAN_POINT('',(5.586628163731,-1.520197415502));
#1376 = CARTESIAN_POINT('',(5.656359305046,-1.521659127025));
#1377 = CARTESIAN_POINT('',(5.728405276771,-1.523168695631));
#1378 = CARTESIAN_POINT('',(5.803969595759,-1.524702333884));
#1379 = CARTESIAN_POINT('',(5.884145871382,-1.526210652133));
#1380 = ( GEOMETRIC_REPRESENTATION_CONTEXT(2) 
PARAMETRIC_REPRESENTATION_CONTEXT() REPRESENTATION_CONTEXT('2D SPACE',''
  ) );
#1381 = PCURVE('',#1382,#1389);
#1382 = SURFACE_OF_LINEAR_EXTRUSION('',#1383,#1387);
#1383 = B_SPLINE_CURVE_WITH_KNOTS('',2,(#1384,#1385,#1386),
  .UNSPECIFIED.,.F.,.F.,(3,3),(0.,1.),.PIECEWISE_BEZIER_KNOTS.);
#1384 = CARTESIAN_POINT('',(0.696533203125,-0.293701171875,0.5));
#1385 = CARTESIAN_POINT('',(0.696533203125,-0.495849609375,0.5));
#1386 = CARTESIAN_POINT('',(0.609375,-0.66943359375,0.5));
#1387 = VECTOR('',#1388,1.);
#1388 = DIRECTION('',(-0.,-0.,-1.));
#1389 = DEFINITIONAL_REPRESENTATION('',(#1390),#1398);
#1390 = B_SPLINE_CURVE_WITH_KNOTS('',6,(#1391,#1392,#1393,#1394,#1395,
    #1396,#1397),.UNSPECIFIED.,.F.,.F.,(7,7),(0.,1.),
  .PIECEWISE_BEZIER_KNOTS.);
#1391 = CARTESIAN_POINT('',(1.,-0.174176407008));
#1392 = CARTESIAN_POINT('',(0.831528843103,-0.17292119786));
#1393 = CARTESIAN_POINT('',(0.663034884762,-0.171678883359));
#1394 = CARTESIAN_POINT('',(0.494973095651,-0.170436811035));
#1395 = CARTESIAN_POINT('',(0.327936391189,-0.169200168851));
#1396 = CARTESIAN_POINT('',(0.162689025181,-0.16799462205));
#1397 = CARTESIAN_POINT('',(0.,-0.166854450292));
#1398 = ( GEOMETRIC_REPRESENTATION_CONTEXT(2) 
PARAMETRIC_REPRESENTATION_CONTEXT() REPRESENTATION_CONTEXT('2D SPACE',''
  ) );
#1399 = ORIENTED_EDGE('',*,*,#1400,.T.);
#1400 = EDGE_CURVE('',#1359,#360,#1401,.T.);
#1401 = SURFACE_CURVE('',#1402,(#1410,#1421),.PCURVE_S1.);
#1402 = B_SPLINE_CURVE_WITH_KNOTS('',6,(#1403,#1404,#1405,#1406,#1407,
    #1408,#1409),.UNSPECIFIED.,.F.,.F.,(7,7),(0.,1.),
  .PIECEWISE_BEZIER_KNOTS.);
#1403 = CARTESIAN_POINT('',(0.696533203125,-0.293701171875,
    0.666854450292));
#1404 = CARTESIAN_POINT('',(0.696533203125,-0.240157906369,
    0.665926303876));
#1405 = CARTESIAN_POINT('',(0.693164712868,-0.188288414133,
    0.665091798603));
#1406 = CARTESIAN_POINT('',(0.686336466989,-0.13818488557,0.664324970416
    ));
#1407 = CARTESIAN_POINT('',(0.67596810858,-8.998233347441E-02,
    0.663604931336));
#1408 = CARTESIAN_POINT('',(0.66204205446,-4.386203247531E-02,
    0.662917583752));
#1409 = CARTESIAN_POINT('',(0.644673447398,-1.665334536938E-16,
    0.662256901103));
#1410 = PCURVE('',#309,#1411);
#1411 = DEFINITIONAL_REPRESENTATION('',(#1412),#1420);
#1412 = B_SPLINE_CURVE_WITH_KNOTS('',6,(#1413,#1414,#1415,#1416,#1417,
    #1418,#1419),.UNSPECIFIED.,.F.,.F.,(7,7),(0.,1.),
  .PIECEWISE_BEZIER_KNOTS.);
#1413 = CARTESIAN_POINT('',(5.884145871382,-1.526210652133));
#1414 = CARTESIAN_POINT('',(5.949412637044,-1.527438484843));
#1415 = CARTESIAN_POINT('',(6.015218492832,-1.528582987233));
#1416 = CARTESIAN_POINT('',(6.081424109612,-1.529668205319));
#1417 = CARTESIAN_POINT('',(6.14800663522,-1.530717870144));
#1418 = CARTESIAN_POINT('',(6.215147709769,-1.531750928132));
#1419 = CARTESIAN_POINT('',(6.28318530718,-1.532775761171));
#1420 = ( GEOMETRIC_REPRESENTATION_CONTEXT(2) 
PARAMETRIC_REPRESENTATION_CONTEXT() REPRESENTATION_CONTEXT('2D SPACE',''
  ) );
#1421 = PCURVE('',#409,#1422);
#1422 = DEFINITIONAL_REPRESENTATION('',(#1423),#1431);
#1423 = B_SPLINE_CURVE_WITH_KNOTS('',6,(#1424,#1425,#1426,#1427,#1428,
    #1429,#1430),.UNSPECIFIED.,.F.,.F.,(7,7),(0.,1.),
  .PIECEWISE_BEZIER_KNOTS.);
#1424 = CARTESIAN_POINT('',(1.,-0.166854450292));
#1425 = CARTESIAN_POINT('',(0.912970946226,-0.165926303876));
#1426 = CARTESIAN_POINT('',(0.825308104761,-0.165091798535));
#1427 = CARTESIAN_POINT('',(0.737070454935,-0.164324970589));
#1428 = CARTESIAN_POINT('',(0.64839739155,-0.163604931171));
#1429 = CARTESIAN_POINT('',(0.559566093395,-0.162917583794));
#1430 = CARTESIAN_POINT('',(0.470977287383,-0.162256901144));
#1431 = ( GEOMETRIC_REPRESENTATION_CONTEXT(2) 
PARAMETRIC_REPRESENTATION_CONTEXT() REPRESENTATION_CONTEXT('2D SPACE',''
  ) );
#1432 = ADVANCED_FACE('',(#1433),#344,.F.);
#1433 = FACE_BOUND('',#1434,.F.);
#1434 = EDGE_LOOP('',(#1435,#1458,#1459,#1460));
#1435 = ORIENTED_EDGE('',*,*,#1436,.T.);
#1436 = EDGE_CURVE('',#1437,#328,#1439,.T.);
#1437 = VERTEX_POINT('',#1438);
#1438 = CARTESIAN_POINT('',(3.,-1.407182015661E-16,-2.5));
#1439 = SEAM_CURVE('',#1440,(#1444,#1451),.PCURVE_S1.);
#1440 = LINE('',#1441,#1442);
#1441 = CARTESIAN_POINT('',(3.,-1.407182015661E-16,-2.5));
#1442 = VECTOR('',#1443,1.);
#1443 = DIRECTION('',(-0.,-0.,-1.));
#1444 = PCURVE('',#344,#1445);
#1445 = DEFINITIONAL_REPRESENTATION('',(#1446),#1450);
#1446 = LINE('',#1447,#1448);
#1447 = CARTESIAN_POINT('',(0.,0.));
#1448 = VECTOR('',#1449,1.);
#1449 = DIRECTION('',(0.,-1.));
#1450 = ( GEOMETRIC_REPRESENTATION_CONTEXT(2) 
PARAMETRIC_REPRESENTATION_CONTEXT() REPRESENTATION_CONTEXT('2D SPACE',''
  ) );
#1451 = PCURVE('',#344,#1452);
#1452 = DEFINITIONAL_REPRESENTATION('',(#1453),#1457);
#1453 = LINE('',#1454,#1455);
#1454 = CARTESIAN_POINT('',(6.28318530718,0.));
#1455 = VECTOR('',#1456,1.);
#1456 = DIRECTION('',(0.,-1.));
#1457 = ( GEOMETRIC_REPRESENTATION_CONTEXT(2) 
PARAMETRIC_REPRESENTATION_CONTEXT() REPRESENTATION_CONTEXT('2D SPACE',''
  ) );
#1458 = ORIENTED_EDGE('',*,*,#327,.T.);
#1459 = ORIENTED_EDGE('',*,*,#1436,.F.);
#1460 = ORIENTED_EDGE('',*,*,#1461,.F.);
#1461 = EDGE_CURVE('',#1437,#1437,#1462,.T.);
#1462 = SURFACE_CURVE('',#1463,(#1468,#1475),.PCURVE_S1.);
#1463 = CIRCLE('',#1464,3.);
#1464 = AXIS2_PLACEMENT_3D('',#1465,#1466,#1467);
#1465 = CARTESIAN_POINT('',(1.888075062501E-14,-1.407182015661E-16,-2.5)
  );
#1466 = DIRECTION('',(0.,0.,1.));
#1467 = DIRECTION('',(1.,0.,0.));
#1468 = PCURVE('',#344,#1469);
#1469 = DEFINITIONAL_REPRESENTATION('',(#1470),#1474);
#1470 = LINE('',#1471,#1472);
#1471 = CARTESIAN_POINT('',(0.,0.));
#1472 = VECTOR('',#1473,1.);
#1473 = DIRECTION('',(1.,0.));
#1474 = ( GEOMETRIC_REPRESENTATION_CONTEXT(2) 
PARAMETRIC_REPRESENTATION_CONTEXT() REPRESENTATION_CONTEXT('2D SPACE',''
  ) );
#1475 = PCURVE('',#1476,#1481);
#1476 = PLANE('',#1477);
#1477 = AXIS2_PLACEMENT_3D('',#1478,#1479,#1480);
#1478 = CARTESIAN_POINT('',(-6.215636966088E-16,1.449535019268E-16,-2.5)
  );
#1479 = DIRECTION('',(0.,0.,1.));
#1480 = DIRECTION('',(1.,0.,-0.));
#1481 = DEFINITIONAL_REPRESENTATION('',(#1482),#1486);
#1482 = CIRCLE('',#1483,3.);
#1483 = AXIS2_PLACEMENT_2D('',#1484,#1485);
#1484 = CARTESIAN_POINT('',(1.950231432162E-14,-2.856717034929E-16));
#1485 = DIRECTION('',(1.,0.));
#1486 = ( GEOMETRIC_REPRESENTATION_CONTEXT(2) 
PARAMETRIC_REPRESENTATION_CONTEXT() REPRESENTATION_CONTEXT('2D SPACE',''
  ) );
#1487 = ADVANCED_FACE('',(#1488),#409,.F.);
#1488 = FACE_BOUND('',#1489,.F.);
#1489 = EDGE_LOOP('',(#1490,#1520,#1541,#1542,#1543));
#1490 = ORIENTED_EDGE('',*,*,#1491,.F.);
#1491 = EDGE_CURVE('',#1492,#1494,#1496,.T.);
#1492 = VERTEX_POINT('',#1493);
#1493 = CARTESIAN_POINT('',(0.51123046875,0.2080078125,0.5));
#1494 = VERTEX_POINT('',#1495);
#1495 = CARTESIAN_POINT('',(0.696533203125,-0.293701171875,0.5));
#1496 = SURFACE_CURVE('',#1497,(#1501,#1508),.PCURVE_S1.);
#1497 = B_SPLINE_CURVE_WITH_KNOTS('',2,(#1498,#1499,#1500),
  .UNSPECIFIED.,.F.,.F.,(3,3),(0.,1.),.PIECEWISE_BEZIER_KNOTS.);
#1498 = CARTESIAN_POINT('',(0.51123046875,0.2080078125,0.5));
#1499 = CARTESIAN_POINT('',(0.696533203125,1.3916015625E-02,0.5));
#1500 = CARTESIAN_POINT('',(0.696533203125,-0.293701171875,0.5));
#1501 = PCURVE('',#409,#1502);
#1502 = DEFINITIONAL_REPRESENTATION('',(#1503),#1507);
#1503 = LINE('',#1504,#1505);
#1504 = CARTESIAN_POINT('',(0.,0.));
#1505 = VECTOR('',#1506,1.);
#1506 = DIRECTION('',(1.,0.));
#1507 = ( GEOMETRIC_REPRESENTATION_CONTEXT(2) 
PARAMETRIC_REPRESENTATION_CONTEXT() REPRESENTATION_CONTEXT('2D SPACE',''
  ) );
#1508 = PCURVE('',#1509,#1514);
#1509 = PLANE('',#1510);
#1510 = AXIS2_PLACEMENT_3D('',#1511,#1512,#1513);
#1511 = CARTESIAN_POINT('',(-0.834228515625,-0.990966796875,0.5));
#1512 = DIRECTION('',(0.,0.,1.));
#1513 = DIRECTION('',(1.,0.,0.));
#1514 = DEFINITIONAL_REPRESENTATION('',(#1515),#1519);
#1515 = B_SPLINE_CURVE_WITH_KNOTS('',2,(#1516,#1517,#1518),
  .UNSPECIFIED.,.F.,.F.,(3,3),(0.,1.),.PIECEWISE_BEZIER_KNOTS.);
#1516 = CARTESIAN_POINT('',(1.345458984375,1.198974609375));
#1517 = CARTESIAN_POINT('',(1.53076171875,1.0048828125));
#1518 = CARTESIAN_POINT('',(1.53076171875,0.697265625));
#1519 = ( GEOMETRIC_REPRESENTATION_CONTEXT(2) 
PARAMETRIC_REPRESENTATION_CONTEXT() REPRESENTATION_CONTEXT('2D SPACE',''
  ) );
#1520 = ORIENTED_EDGE('',*,*,#1521,.T.);
#1521 = EDGE_CURVE('',#1492,#386,#1522,.T.);
#1522 = SURFACE_CURVE('',#1523,(#1527,#1534),.PCURVE_S1.);
#1523 = LINE('',#1524,#1525);
#1524 = CARTESIAN_POINT('',(0.51123046875,0.2080078125,0.5));
#1525 = VECTOR('',#1526,1.);
#1526 = DIRECTION('',(0.,0.,1.));
#1527 = PCURVE('',#409,#1528);
#1528 = DEFINITIONAL_REPRESENTATION('',(#1529),#1533);
#1529 = LINE('',#1530,#1531);
#1530 = CARTESIAN_POINT('',(0.,0.));
#1531 = VECTOR('',#1532,1.);
#1532 = DIRECTION('',(0.,-1.));
#1533 = ( GEOMETRIC_REPRESENTATION_CONTEXT(2) 
PARAMETRIC_REPRESENTATION_CONTEXT() REPRESENTATION_CONTEXT('2D SPACE',''
  ) );
#1534 = PCURVE('',#465,#1535);
#1535 = DEFINITIONAL_REPRESENTATION('',(#1536),#1540);
#1536 = LINE('',#1537,#1538);
#1537 = CARTESIAN_POINT('',(1.,0.));
#1538 = VECTOR('',#1539,1.);
#1539 = DIRECTION('',(0.,-1.));
#1540 = ( GEOMETRIC_REPRESENTATION_CONTEXT(2) 
PARAMETRIC_REPRESENTATION_CONTEXT() REPRESENTATION_CONTEXT('2D SPACE',''
  ) );
#1541 = ORIENTED_EDGE('',*,*,#385,.F.);
#1542 = ORIENTED_EDGE('',*,*,#1400,.F.);
#1543 = ORIENTED_EDGE('',*,*,#1544,.F.);
#1544 = EDGE_CURVE('',#1494,#1359,#1545,.T.);
#1545 = SURFACE_CURVE('',#1546,(#1550,#1557),.PCURVE_S1.);
#1546 = LINE('',#1547,#1548);
#1547 = CARTESIAN_POINT('',(0.696533203125,-0.293701171875,0.5));
#1548 = VECTOR('',#1549,1.);
#1549 = DIRECTION('',(0.,0.,1.));
#1550 = PCURVE('',#409,#1551);
#1551 = DEFINITIONAL_REPRESENTATION('',(#1552),#1556);
#1552 = LINE('',#1553,#1554);
#1553 = CARTESIAN_POINT('',(1.,0.));
#1554 = VECTOR('',#1555,1.);
#1555 = DIRECTION('',(0.,-1.));
#1556 = ( GEOMETRIC_REPRESENTATION_CONTEXT(2) 
PARAMETRIC_REPRESENTATION_CONTEXT() REPRESENTATION_CONTEXT('2D SPACE',''
  ) );
#1557 = PCURVE('',#1382,#1558);
#1558 = DEFINITIONAL_REPRESENTATION('',(#1559),#1563);
#1559 = LINE('',#1560,#1561);
#1560 = CARTESIAN_POINT('',(0.,0.));
#1561 = VECTOR('',#1562,1.);
#1562 = DIRECTION('',(0.,-1.));
#1563 = ( GEOMETRIC_REPRESENTATION_CONTEXT(2) 
PARAMETRIC_REPRESENTATION_CONTEXT() REPRESENTATION_CONTEXT('2D SPACE',''
  ) );
#1564 = ADVANCED_FACE('',(#1565),#1382,.F.);
#1565 = FACE_BOUND('',#1566,.F.);
#1566 = EDGE_LOOP('',(#1567,#1590,#1591,#1592));
#1567 = ORIENTED_EDGE('',*,*,#1568,.F.);
#1568 = EDGE_CURVE('',#1494,#1569,#1571,.T.);
#1569 = VERTEX_POINT('',#1570);
#1570 = CARTESIAN_POINT('',(0.609375,-0.66943359375,0.5));
#1571 = SURFACE_CURVE('',#1572,(#1576,#1583),.PCURVE_S1.);
#1572 = B_SPLINE_CURVE_WITH_KNOTS('',2,(#1573,#1574,#1575),
  .UNSPECIFIED.,.F.,.F.,(3,3),(0.,1.),.PIECEWISE_BEZIER_KNOTS.);
#1573 = CARTESIAN_POINT('',(0.696533203125,-0.293701171875,0.5));
#1574 = CARTESIAN_POINT('',(0.696533203125,-0.495849609375,0.5));
#1575 = CARTESIAN_POINT('',(0.609375,-0.66943359375,0.5));
#1576 = PCURVE('',#1382,#1577);
#1577 = DEFINITIONAL_REPRESENTATION('',(#1578),#1582);
#1578 = LINE('',#1579,#1580);
#1579 = CARTESIAN_POINT('',(0.,0.));
#1580 = VECTOR('',#1581,1.);
#1581 = DIRECTION('',(1.,0.));
#1582 = ( GEOMETRIC_REPRESENTATION_CONTEXT(2) 
PARAMETRIC_REPRESENTATION_CONTEXT() REPRESENTATION_CONTEXT('2D SPACE',''
  ) );
#1583 = PCURVE('',#1509,#1584);
#1584 = DEFINITIONAL_REPRESENTATION('',(#1585),#1589);
#1585 = B_SPLINE_CURVE_WITH_KNOTS('',2,(#1586,#1587,#1588),
  .UNSPECIFIED.,.F.,.F.,(3,3),(0.,1.),.PIECEWISE_BEZIER_KNOTS.);
#1586 = CARTESIAN_POINT('',(1.53076171875,0.697265625));
#1587 = CARTESIAN_POINT('',(1.53076171875,0.4951171875));
#1588 = CARTESIAN_POINT('',(1.443603515625,0.321533203125));
#1589 = ( GEOMETRIC_REPRESENTATION_CONTEXT(2) 
PARAMETRIC_REPRESENTATION_CONTEXT() REPRESENTATION_CONTEXT('2D SPACE',''
  ) );
#1590 = ORIENTED_EDGE('',*,*,#1544,.T.);
#1591 = ORIENTED_EDGE('',*,*,#1358,.F.);
#1592 = ORIENTED_EDGE('',*,*,#1593,.F.);
#1593 = EDGE_CURVE('',#1569,#1317,#1594,.T.);
#1594 = SURFACE_CURVE('',#1595,(#1599,#1606),.PCURVE_S1.);
#1595 = LINE('',#1596,#1597);
#1596 = CARTESIAN_POINT('',(0.609375,-0.66943359375,0.5));
#1597 = VECTOR('',#1598,1.);
#1598 = DIRECTION('',(0.,0.,1.));
#1599 = PCURVE('',#1382,#1600);
#1600 = DEFINITIONAL_REPRESENTATION('',(#1601),#1605);
#1601 = LINE('',#1602,#1603);
#1602 = CARTESIAN_POINT('',(1.,0.));
#1603 = VECTOR('',#1604,1.);
#1604 = DIRECTION('',(0.,-1.));
#1605 = ( GEOMETRIC_REPRESENTATION_CONTEXT(2) 
PARAMETRIC_REPRESENTATION_CONTEXT() REPRESENTATION_CONTEXT('2D SPACE',''
  ) );
#1606 = PCURVE('',#1340,#1607);
#1607 = DEFINITIONAL_REPRESENTATION('',(#1608),#1612);
#1608 = LINE('',#1609,#1610);
#1609 = CARTESIAN_POINT('',(0.,0.));
#1610 = VECTOR('',#1611,1.);
#1611 = DIRECTION('',(0.,-1.));
#1612 = ( GEOMETRIC_REPRESENTATION_CONTEXT(2) 
PARAMETRIC_REPRESENTATION_CONTEXT() REPRESENTATION_CONTEXT('2D SPACE',''
  ) );
#1613 = ADVANCED_FACE('',(#1614),#1340,.F.);
#1614 = FACE_BOUND('',#1615,.F.);
#1615 = EDGE_LOOP('',(#1616,#1639,#1640,#1641));
#1616 = ORIENTED_EDGE('',*,*,#1617,.F.);
#1617 = EDGE_CURVE('',#1569,#1618,#1620,.T.);
#1618 = VERTEX_POINT('',#1619);
#1619 = CARTESIAN_POINT('',(0.369873046875,-0.935302734375,0.5));
#1620 = SURFACE_CURVE('',#1621,(#1625,#1632),.PCURVE_S1.);
#1621 = B_SPLINE_CURVE_WITH_KNOTS('',2,(#1622,#1623,#1624),
  .UNSPECIFIED.,.F.,.F.,(3,3),(0.,1.),.PIECEWISE_BEZIER_KNOTS.);
#1622 = CARTESIAN_POINT('',(0.609375,-0.66943359375,0.5));
#1623 = CARTESIAN_POINT('',(0.522216796875,-0.843017578125,0.5));
#1624 = CARTESIAN_POINT('',(0.369873046875,-0.935302734375,0.5));
#1625 = PCURVE('',#1340,#1626);
#1626 = DEFINITIONAL_REPRESENTATION('',(#1627),#1631);
#1627 = LINE('',#1628,#1629);
#1628 = CARTESIAN_POINT('',(0.,0.));
#1629 = VECTOR('',#1630,1.);
#1630 = DIRECTION('',(1.,0.));
#1631 = ( GEOMETRIC_REPRESENTATION_CONTEXT(2) 
PARAMETRIC_REPRESENTATION_CONTEXT() REPRESENTATION_CONTEXT('2D SPACE',''
  ) );
#1632 = PCURVE('',#1509,#1633);
#1633 = DEFINITIONAL_REPRESENTATION('',(#1634),#1638);
#1634 = B_SPLINE_CURVE_WITH_KNOTS('',2,(#1635,#1636,#1637),
  .UNSPECIFIED.,.F.,.F.,(3,3),(0.,1.),.PIECEWISE_BEZIER_KNOTS.);
#1635 = CARTESIAN_POINT('',(1.443603515625,0.321533203125));
#1636 = CARTESIAN_POINT('',(1.3564453125,0.14794921875));
#1637 = CARTESIAN_POINT('',(1.2041015625,5.56640625E-02));
#1638 = ( GEOMETRIC_REPRESENTATION_CONTEXT(2) 
PARAMETRIC_REPRESENTATION_CONTEXT() REPRESENTATION_CONTEXT('2D SPACE',''
  ) );
#1639 = ORIENTED_EDGE('',*,*,#1593,.T.);
#1640 = ORIENTED_EDGE('',*,*,#1316,.F.);
#1641 = ORIENTED_EDGE('',*,*,#1642,.F.);
#1642 = EDGE_CURVE('',#1618,#1266,#1643,.T.);
#1643 = SURFACE_CURVE('',#1644,(#1648,#1655),.PCURVE_S1.);
#1644 = LINE('',#1645,#1646);
#1645 = CARTESIAN_POINT('',(0.369873046875,-0.935302734375,0.5));
#1646 = VECTOR('',#1647,1.);
#1647 = DIRECTION('',(0.,0.,1.));
#1648 = PCURVE('',#1340,#1649);
#1649 = DEFINITIONAL_REPRESENTATION('',(#1650),#1654);
#1650 = LINE('',#1651,#1652);
#1651 = CARTESIAN_POINT('',(1.,0.));
#1652 = VECTOR('',#1653,1.);
#1653 = DIRECTION('',(0.,-1.));
#1654 = ( GEOMETRIC_REPRESENTATION_CONTEXT(2) 
PARAMETRIC_REPRESENTATION_CONTEXT() REPRESENTATION_CONTEXT('2D SPACE',''
  ) );
#1655 = PCURVE('',#1295,#1656);
#1656 = DEFINITIONAL_REPRESENTATION('',(#1657),#1661);
#1657 = LINE('',#1658,#1659);
#1658 = CARTESIAN_POINT('',(0.,0.));
#1659 = VECTOR('',#1660,1.);
#1660 = DIRECTION('',(0.,-1.));
#1661 = ( GEOMETRIC_REPRESENTATION_CONTEXT(2) 
PARAMETRIC_REPRESENTATION_CONTEXT() REPRESENTATION_CONTEXT('2D SPACE',''
  ) );
#1662 = ADVANCED_FACE('',(#1663),#1295,.F.);
#1663 = FACE_BOUND('',#1664,.F.);
#1664 = EDGE_LOOP('',(#1665,#1688,#1689,#1690));
#1665 = ORIENTED_EDGE('',*,*,#1666,.F.);
#1666 = EDGE_CURVE('',#1618,#1667,#1669,.T.);
#1667 = VERTEX_POINT('',#1668);
#1668 = CARTESIAN_POINT('',(2.4169921875E-02,-1.027587890625,0.5));
#1669 = SURFACE_CURVE('',#1670,(#1674,#1681),.PCURVE_S1.);
#1670 = B_SPLINE_CURVE_WITH_KNOTS('',2,(#1671,#1672,#1673),
  .UNSPECIFIED.,.F.,.F.,(3,3),(0.,1.),.PIECEWISE_BEZIER_KNOTS.);
#1671 = CARTESIAN_POINT('',(0.369873046875,-0.935302734375,0.5));
#1672 = CARTESIAN_POINT('',(0.217529296875,-1.027587890625,0.5));
#1673 = CARTESIAN_POINT('',(2.4169921875E-02,-1.027587890625,0.5));
#1674 = PCURVE('',#1295,#1675);
#1675 = DEFINITIONAL_REPRESENTATION('',(#1676),#1680);
#1676 = LINE('',#1677,#1678);
#1677 = CARTESIAN_POINT('',(0.,0.));
#1678 = VECTOR('',#1679,1.);
#1679 = DIRECTION('',(1.,0.));
#1680 = ( GEOMETRIC_REPRESENTATION_CONTEXT(2) 
PARAMETRIC_REPRESENTATION_CONTEXT() REPRESENTATION_CONTEXT('2D SPACE',''
  ) );
#1681 = PCURVE('',#1509,#1682);
#1682 = DEFINITIONAL_REPRESENTATION('',(#1683),#1687);
#1683 = B_SPLINE_CURVE_WITH_KNOTS('',2,(#1684,#1685,#1686),
  .UNSPECIFIED.,.F.,.F.,(3,3),(0.,1.),.PIECEWISE_BEZIER_KNOTS.);
#1684 = CARTESIAN_POINT('',(1.2041015625,5.56640625E-02));
#1685 = CARTESIAN_POINT('',(1.0517578125,-3.662109375E-02));
#1686 = CARTESIAN_POINT('',(0.8583984375,-3.662109375E-02));
#1687 = ( GEOMETRIC_REPRESENTATION_CONTEXT(2) 
PARAMETRIC_REPRESENTATION_CONTEXT() REPRESENTATION_CONTEXT('2D SPACE',''
  ) );
#1688 = ORIENTED_EDGE('',*,*,#1642,.T.);
#1689 = ORIENTED_EDGE('',*,*,#1265,.F.);
#1690 = ORIENTED_EDGE('',*,*,#1691,.F.);
#1691 = EDGE_CURVE('',#1667,#1209,#1692,.T.);
#1692 = SURFACE_CURVE('',#1693,(#1697,#1704),.PCURVE_S1.);
#1693 = LINE('',#1694,#1695);
#1694 = CARTESIAN_POINT('',(2.4169921875E-02,-1.027587890625,0.5));
#1695 = VECTOR('',#1696,1.);
#1696 = DIRECTION('',(0.,0.,1.));
#1697 = PCURVE('',#1295,#1698);
#1698 = DEFINITIONAL_REPRESENTATION('',(#1699),#1703);
#1699 = LINE('',#1700,#1701);
#1700 = CARTESIAN_POINT('',(1.,0.));
#1701 = VECTOR('',#1702,1.);
#1702 = DIRECTION('',(0.,-1.));
#1703 = ( GEOMETRIC_REPRESENTATION_CONTEXT(2) 
PARAMETRIC_REPRESENTATION_CONTEXT() REPRESENTATION_CONTEXT('2D SPACE',''
  ) );
#1704 = PCURVE('',#1242,#1705);
#1705 = DEFINITIONAL_REPRESENTATION('',(#1706),#1710);
#1706 = LINE('',#1707,#1708);
#1707 = CARTESIAN_POINT('',(0.,0.));
#1708 = VECTOR('',#1709,1.);
#1709 = DIRECTION('',(0.,-1.));
#1710 = ( GEOMETRIC_REPRESENTATION_CONTEXT(2) 
PARAMETRIC_REPRESENTATION_CONTEXT() REPRESENTATION_CONTEXT('2D SPACE',''
  ) );
#1711 = ADVANCED_FACE('',(#1712),#1242,.F.);
#1712 = FACE_BOUND('',#1713,.F.);
#1713 = EDGE_LOOP('',(#1714,#1737,#1738,#1739));
#1714 = ORIENTED_EDGE('',*,*,#1715,.F.);
#1715 = EDGE_CURVE('',#1667,#1716,#1718,.T.);
#1716 = VERTEX_POINT('',#1717);
#1717 = CARTESIAN_POINT('',(-0.513427734375,-0.78515625,0.5));
#1718 = SURFACE_CURVE('',#1719,(#1723,#1730),.PCURVE_S1.);
#1719 = B_SPLINE_CURVE_WITH_KNOTS('',2,(#1720,#1721,#1722),
  .UNSPECIFIED.,.F.,.F.,(3,3),(0.,1.),.PIECEWISE_BEZIER_KNOTS.);
#1720 = CARTESIAN_POINT('',(2.4169921875E-02,-1.027587890625,0.5));
#1721 = CARTESIAN_POINT('',(-0.305419921875,-1.027587890625,0.5));
#1722 = CARTESIAN_POINT('',(-0.513427734375,-0.78515625,0.5));
#1723 = PCURVE('',#1242,#1724);
#1724 = DEFINITIONAL_REPRESENTATION('',(#1725),#1729);
#1725 = LINE('',#1726,#1727);
#1726 = CARTESIAN_POINT('',(0.,0.));
#1727 = VECTOR('',#1728,1.);
#1728 = DIRECTION('',(1.,0.));
#1729 = ( GEOMETRIC_REPRESENTATION_CONTEXT(2) 
PARAMETRIC_REPRESENTATION_CONTEXT() REPRESENTATION_CONTEXT('2D SPACE',''
  ) );
#1730 = PCURVE('',#1509,#1731);
#1731 = DEFINITIONAL_REPRESENTATION('',(#1732),#1736);
#1732 = B_SPLINE_CURVE_WITH_KNOTS('',2,(#1733,#1734,#1735),
  .UNSPECIFIED.,.F.,.F.,(3,3),(0.,1.),.PIECEWISE_BEZIER_KNOTS.);
#1733 = CARTESIAN_POINT('',(0.8583984375,-3.662109375E-02));
#1734 = CARTESIAN_POINT('',(0.52880859375,-3.662109375E-02));
#1735 = CARTESIAN_POINT('',(0.32080078125,0.205810546875));
#1736 = ( GEOMETRIC_REPRESENTATION_CONTEXT(2) 
PARAMETRIC_REPRESENTATION_CONTEXT() REPRESENTATION_CONTEXT('2D SPACE',''
  ) );
#1737 = ORIENTED_EDGE('',*,*,#1691,.T.);
#1738 = ORIENTED_EDGE('',*,*,#1208,.F.);
#1739 = ORIENTED_EDGE('',*,*,#1740,.F.);
#1740 = EDGE_CURVE('',#1716,#1146,#1741,.T.);
#1741 = SURFACE_CURVE('',#1742,(#1746,#1753),.PCURVE_S1.);
#1742 = LINE('',#1743,#1744);
#1743 = CARTESIAN_POINT('',(-0.513427734375,-0.78515625,0.5));
#1744 = VECTOR('',#1745,1.);
#1745 = DIRECTION('',(0.,0.,1.));
#1746 = PCURVE('',#1242,#1747);
#1747 = DEFINITIONAL_REPRESENTATION('',(#1748),#1752);
#1748 = LINE('',#1749,#1750);
#1749 = CARTESIAN_POINT('',(1.,0.));
#1750 = VECTOR('',#1751,1.);
#1751 = DIRECTION('',(0.,-1.));
#1752 = ( GEOMETRIC_REPRESENTATION_CONTEXT(2) 
PARAMETRIC_REPRESENTATION_CONTEXT() REPRESENTATION_CONTEXT('2D SPACE',''
  ) );
#1753 = PCURVE('',#1183,#1754);
#1754 = DEFINITIONAL_REPRESENTATION('',(#1755),#1759);
#1755 = LINE('',#1756,#1757);
#1756 = CARTESIAN_POINT('',(0.,0.));
#1757 = VECTOR('',#1758,1.);
#1758 = DIRECTION('',(0.,-1.));
#1759 = ( GEOMETRIC_REPRESENTATION_CONTEXT(2) 
PARAMETRIC_REPRESENTATION_CONTEXT() REPRESENTATION_CONTEXT('2D SPACE',''
  ) );
#1760 = ADVANCED_FACE('',(#1761),#1183,.F.);
#1761 = FACE_BOUND('',#1762,.F.);
#1762 = EDGE_LOOP('',(#1763,#1786,#1787,#1788));
#1763 = ORIENTED_EDGE('',*,*,#1764,.F.);
#1764 = EDGE_CURVE('',#1716,#1765,#1767,.T.);
#1765 = VERTEX_POINT('',#1766);
#1766 = CARTESIAN_POINT('',(-0.721435546875,1.3916015625E-02,0.5));
#1767 = SURFACE_CURVE('',#1768,(#1772,#1779),.PCURVE_S1.);
#1768 = B_SPLINE_CURVE_WITH_KNOTS('',2,(#1769,#1770,#1771),
  .UNSPECIFIED.,.F.,.F.,(3,3),(0.,1.),.PIECEWISE_BEZIER_KNOTS.);
#1769 = CARTESIAN_POINT('',(-0.513427734375,-0.78515625,0.5));
#1770 = CARTESIAN_POINT('',(-0.721435546875,-0.542724609375,0.5));
#1771 = CARTESIAN_POINT('',(-0.721435546875,1.3916015625E-02,0.5));
#1772 = PCURVE('',#1183,#1773);
#1773 = DEFINITIONAL_REPRESENTATION('',(#1774),#1778);
#1774 = LINE('',#1775,#1776);
#1775 = CARTESIAN_POINT('',(0.,0.));
#1776 = VECTOR('',#1777,1.);
#1777 = DIRECTION('',(1.,0.));
#1778 = ( GEOMETRIC_REPRESENTATION_CONTEXT(2) 
PARAMETRIC_REPRESENTATION_CONTEXT() REPRESENTATION_CONTEXT('2D SPACE',''
  ) );
#1779 = PCURVE('',#1509,#1780);
#1780 = DEFINITIONAL_REPRESENTATION('',(#1781),#1785);
#1781 = B_SPLINE_CURVE_WITH_KNOTS('',2,(#1782,#1783,#1784),
  .UNSPECIFIED.,.F.,.F.,(3,3),(0.,1.),.PIECEWISE_BEZIER_KNOTS.);
#1782 = CARTESIAN_POINT('',(0.32080078125,0.205810546875));
#1783 = CARTESIAN_POINT('',(0.11279296875,0.4482421875));
#1784 = CARTESIAN_POINT('',(0.11279296875,1.0048828125));
#1785 = ( GEOMETRIC_REPRESENTATION_CONTEXT(2) 
PARAMETRIC_REPRESENTATION_CONTEXT() REPRESENTATION_CONTEXT('2D SPACE',''
  ) );
#1786 = ORIENTED_EDGE('',*,*,#1740,.T.);
#1787 = ORIENTED_EDGE('',*,*,#1145,.F.);
#1788 = ORIENTED_EDGE('',*,*,#1789,.F.);
#1789 = EDGE_CURVE('',#1765,#1083,#1790,.T.);
#1790 = SURFACE_CURVE('',#1791,(#1795,#1802),.PCURVE_S1.);
#1791 = LINE('',#1792,#1793);
#1792 = CARTESIAN_POINT('',(-0.721435546875,1.3916015625E-02,0.5));
#1793 = VECTOR('',#1794,1.);
#1794 = DIRECTION('',(0.,0.,1.));
#1795 = PCURVE('',#1183,#1796);
#1796 = DEFINITIONAL_REPRESENTATION('',(#1797),#1801);
#1797 = LINE('',#1798,#1799);
#1798 = CARTESIAN_POINT('',(1.,0.));
#1799 = VECTOR('',#1800,1.);
#1800 = DIRECTION('',(0.,-1.));
#1801 = ( GEOMETRIC_REPRESENTATION_CONTEXT(2) 
PARAMETRIC_REPRESENTATION_CONTEXT() REPRESENTATION_CONTEXT('2D SPACE',''
  ) );
#1802 = PCURVE('',#1120,#1803);
#1803 = DEFINITIONAL_REPRESENTATION('',(#1804),#1808);
#1804 = LINE('',#1805,#1806);
#1805 = CARTESIAN_POINT('',(0.,0.));
#1806 = VECTOR('',#1807,1.);
#1807 = DIRECTION('',(0.,-1.));
#1808 = ( GEOMETRIC_REPRESENTATION_CONTEXT(2) 
PARAMETRIC_REPRESENTATION_CONTEXT() REPRESENTATION_CONTEXT('2D SPACE',''
  ) );
#1809 = ADVANCED_FACE('',(#1810),#1120,.F.);
#1810 = FACE_BOUND('',#1811,.F.);
#1811 = EDGE_LOOP('',(#1812,#1835,#1836,#1837));
#1812 = ORIENTED_EDGE('',*,*,#1813,.F.);
#1813 = EDGE_CURVE('',#1765,#1814,#1816,.T.);
#1814 = VERTEX_POINT('',#1815);
#1815 = CARTESIAN_POINT('',(-0.491455078125,0.919189453125,0.5));
#1816 = SURFACE_CURVE('',#1817,(#1821,#1828),.PCURVE_S1.);
#1817 = B_SPLINE_CURVE_WITH_KNOTS('',2,(#1818,#1819,#1820),
  .UNSPECIFIED.,.F.,.F.,(3,3),(0.,1.),.PIECEWISE_BEZIER_KNOTS.);
#1818 = CARTESIAN_POINT('',(-0.721435546875,1.3916015625E-02,0.5));
#1819 = CARTESIAN_POINT('',(-0.721435546875,0.636474609375,0.5));
#1820 = CARTESIAN_POINT('',(-0.491455078125,0.919189453125,0.5));
#1821 = PCURVE('',#1120,#1822);
#1822 = DEFINITIONAL_REPRESENTATION('',(#1823),#1827);
#1823 = LINE('',#1824,#1825);
#1824 = CARTESIAN_POINT('',(0.,0.));
#1825 = VECTOR('',#1826,1.);
#1826 = DIRECTION('',(1.,0.));
#1827 = ( GEOMETRIC_REPRESENTATION_CONTEXT(2) 
PARAMETRIC_REPRESENTATION_CONTEXT() REPRESENTATION_CONTEXT('2D SPACE',''
  ) );
#1828 = PCURVE('',#1509,#1829);
#1829 = DEFINITIONAL_REPRESENTATION('',(#1830),#1834);
#1830 = B_SPLINE_CURVE_WITH_KNOTS('',2,(#1831,#1832,#1833),
  .UNSPECIFIED.,.F.,.F.,(3,3),(0.,1.),.PIECEWISE_BEZIER_KNOTS.);
#1831 = CARTESIAN_POINT('',(0.11279296875,1.0048828125));
#1832 = CARTESIAN_POINT('',(0.11279296875,1.62744140625));
#1833 = CARTESIAN_POINT('',(0.3427734375,1.91015625));
#1834 = ( GEOMETRIC_REPRESENTATION_CONTEXT(2) 
PARAMETRIC_REPRESENTATION_CONTEXT() REPRESENTATION_CONTEXT('2D SPACE',''
  ) );
#1835 = ORIENTED_EDGE('',*,*,#1789,.T.);
#1836 = ORIENTED_EDGE('',*,*,#1082,.F.);
#1837 = ORIENTED_EDGE('',*,*,#1838,.F.);
#1838 = EDGE_CURVE('',#1814,#1026,#1839,.T.);
#1839 = SURFACE_CURVE('',#1840,(#1844,#1851),.PCURVE_S1.);
#1840 = LINE('',#1841,#1842);
#1841 = CARTESIAN_POINT('',(-0.491455078125,0.919189453125,0.5));
#1842 = VECTOR('',#1843,1.);
#1843 = DIRECTION('',(0.,0.,1.));
#1844 = PCURVE('',#1120,#1845);
#1845 = DEFINITIONAL_REPRESENTATION('',(#1846),#1850);
#1846 = LINE('',#1847,#1848);
#1847 = CARTESIAN_POINT('',(1.,0.));
#1848 = VECTOR('',#1849,1.);
#1849 = DIRECTION('',(0.,-1.));
#1850 = ( GEOMETRIC_REPRESENTATION_CONTEXT(2) 
PARAMETRIC_REPRESENTATION_CONTEXT() REPRESENTATION_CONTEXT('2D SPACE',''
  ) );
#1851 = PCURVE('',#1059,#1852);
#1852 = DEFINITIONAL_REPRESENTATION('',(#1853),#1857);
#1853 = LINE('',#1854,#1855);
#1854 = CARTESIAN_POINT('',(0.,0.));
#1855 = VECTOR('',#1856,1.);
#1856 = DIRECTION('',(0.,-1.));
#1857 = ( GEOMETRIC_REPRESENTATION_CONTEXT(2) 
PARAMETRIC_REPRESENTATION_CONTEXT() REPRESENTATION_CONTEXT('2D SPACE',''
  ) );
#1858 = ADVANCED_FACE('',(#1859),#1059,.F.);
#1859 = FACE_BOUND('',#1860,.F.);
#1860 = EDGE_LOOP('',(#1861,#1884,#1885,#1886));
#1861 = ORIENTED_EDGE('',*,*,#1862,.F.);
#1862 = EDGE_CURVE('',#1814,#1863,#1865,.T.);
#1863 = VERTEX_POINT('',#1864);
#1864 = CARTESIAN_POINT('',(4.9072265625E-02,1.165283203125,0.5));
#1865 = SURFACE_CURVE('',#1866,(#1870,#1877),.PCURVE_S1.);
#1866 = B_SPLINE_CURVE_WITH_KNOTS('',2,(#1867,#1868,#1869),
  .UNSPECIFIED.,.F.,.F.,(3,3),(0.,1.),.PIECEWISE_BEZIER_KNOTS.);
#1867 = CARTESIAN_POINT('',(-0.491455078125,0.919189453125,0.5));
#1868 = CARTESIAN_POINT('',(-0.290771484375,1.165283203125,0.5));
#1869 = CARTESIAN_POINT('',(4.9072265625E-02,1.165283203125,0.5));
#1870 = PCURVE('',#1059,#1871);
#1871 = DEFINITIONAL_REPRESENTATION('',(#1872),#1876);
#1872 = LINE('',#1873,#1874);
#1873 = CARTESIAN_POINT('',(0.,0.));
#1874 = VECTOR('',#1875,1.);
#1875 = DIRECTION('',(1.,0.));
#1876 = ( GEOMETRIC_REPRESENTATION_CONTEXT(2) 
PARAMETRIC_REPRESENTATION_CONTEXT() REPRESENTATION_CONTEXT('2D SPACE',''
  ) );
#1877 = PCURVE('',#1509,#1878);
#1878 = DEFINITIONAL_REPRESENTATION('',(#1879),#1883);
#1879 = B_SPLINE_CURVE_WITH_KNOTS('',2,(#1880,#1881,#1882),
  .UNSPECIFIED.,.F.,.F.,(3,3),(0.,1.),.PIECEWISE_BEZIER_KNOTS.);
#1880 = CARTESIAN_POINT('',(0.3427734375,1.91015625));
#1881 = CARTESIAN_POINT('',(0.54345703125,2.15625));
#1882 = CARTESIAN_POINT('',(0.88330078125,2.15625));
#1883 = ( GEOMETRIC_REPRESENTATION_CONTEXT(2) 
PARAMETRIC_REPRESENTATION_CONTEXT() REPRESENTATION_CONTEXT('2D SPACE',''
  ) );
#1884 = ORIENTED_EDGE('',*,*,#1838,.T.);
#1885 = ORIENTED_EDGE('',*,*,#1025,.F.);
#1886 = ORIENTED_EDGE('',*,*,#1887,.F.);
#1887 = EDGE_CURVE('',#1863,#969,#1888,.T.);
#1888 = SURFACE_CURVE('',#1889,(#1893,#1900),.PCURVE_S1.);
#1889 = LINE('',#1890,#1891);
#1890 = CARTESIAN_POINT('',(4.9072265625E-02,1.165283203125,0.5));
#1891 = VECTOR('',#1892,1.);
#1892 = DIRECTION('',(0.,0.,1.));
#1893 = PCURVE('',#1059,#1894);
#1894 = DEFINITIONAL_REPRESENTATION('',(#1895),#1899);
#1895 = LINE('',#1896,#1897);
#1896 = CARTESIAN_POINT('',(1.,0.));
#1897 = VECTOR('',#1898,1.);
#1898 = DIRECTION('',(0.,-1.));
#1899 = ( GEOMETRIC_REPRESENTATION_CONTEXT(2) 
PARAMETRIC_REPRESENTATION_CONTEXT() REPRESENTATION_CONTEXT('2D SPACE',''
  ) );
#1900 = PCURVE('',#1002,#1901);
#1901 = DEFINITIONAL_REPRESENTATION('',(#1902),#1906);
#1902 = LINE('',#1903,#1904);
#1903 = CARTESIAN_POINT('',(0.,0.));
#1904 = VECTOR('',#1905,1.);
#1905 = DIRECTION('',(0.,-1.));
#1906 = ( GEOMETRIC_REPRESENTATION_CONTEXT(2) 
PARAMETRIC_REPRESENTATION_CONTEXT() REPRESENTATION_CONTEXT('2D SPACE',''
  ) );
#1907 = ADVANCED_FACE('',(#1908),#1002,.F.);
#1908 = FACE_BOUND('',#1909,.F.);
#1909 = EDGE_LOOP('',(#1910,#1933,#1934,#1935));
#1910 = ORIENTED_EDGE('',*,*,#1911,.F.);
#1911 = EDGE_CURVE('',#1863,#1912,#1914,.T.);
#1912 = VERTEX_POINT('',#1913);
#1913 = CARTESIAN_POINT('',(0.46435546875,1.023193359375,0.5));
#1914 = SURFACE_CURVE('',#1915,(#1919,#1926),.PCURVE_S1.);
#1915 = B_SPLINE_CURVE_WITH_KNOTS('',2,(#1916,#1917,#1918),
  .UNSPECIFIED.,.F.,.F.,(3,3),(0.,1.),.PIECEWISE_BEZIER_KNOTS.);
#1916 = CARTESIAN_POINT('',(4.9072265625E-02,1.165283203125,0.5));
#1917 = CARTESIAN_POINT('',(0.302490234375,1.165283203125,0.5));
#1918 = CARTESIAN_POINT('',(0.46435546875,1.023193359375,0.5));
#1919 = PCURVE('',#1002,#1920);
#1920 = DEFINITIONAL_REPRESENTATION('',(#1921),#1925);
#1921 = LINE('',#1922,#1923);
#1922 = CARTESIAN_POINT('',(0.,0.));
#1923 = VECTOR('',#1924,1.);
#1924 = DIRECTION('',(1.,0.));
#1925 = ( GEOMETRIC_REPRESENTATION_CONTEXT(2) 
PARAMETRIC_REPRESENTATION_CONTEXT() REPRESENTATION_CONTEXT('2D SPACE',''
  ) );
#1926 = PCURVE('',#1509,#1927);
#1927 = DEFINITIONAL_REPRESENTATION('',(#1928),#1932);
#1928 = B_SPLINE_CURVE_WITH_KNOTS('',2,(#1929,#1930,#1931),
  .UNSPECIFIED.,.F.,.F.,(3,3),(0.,1.),.PIECEWISE_BEZIER_KNOTS.);
#1929 = CARTESIAN_POINT('',(0.88330078125,2.15625));
#1930 = CARTESIAN_POINT('',(1.13671875,2.15625));
#1931 = CARTESIAN_POINT('',(1.298583984375,2.01416015625));
#1932 = ( GEOMETRIC_REPRESENTATION_CONTEXT(2) 
PARAMETRIC_REPRESENTATION_CONTEXT() REPRESENTATION_CONTEXT('2D SPACE',''
  ) );
#1933 = ORIENTED_EDGE('',*,*,#1887,.T.);
#1934 = ORIENTED_EDGE('',*,*,#968,.F.);
#1935 = ORIENTED_EDGE('',*,*,#1936,.F.);
#1936 = EDGE_CURVE('',#1912,#906,#1937,.T.);
#1937 = SURFACE_CURVE('',#1938,(#1942,#1949),.PCURVE_S1.);
#1938 = LINE('',#1939,#1940);
#1939 = CARTESIAN_POINT('',(0.46435546875,1.023193359375,0.5));
#1940 = VECTOR('',#1941,1.);
#1941 = DIRECTION('',(0.,0.,1.));
#1942 = PCURVE('',#1002,#1943);
#1943 = DEFINITIONAL_REPRESENTATION('',(#1944),#1948);
#1944 = LINE('',#1945,#1946);
#1945 = CARTESIAN_POINT('',(1.,0.));
#1946 = VECTOR('',#1947,1.);
#1947 = DIRECTION('',(0.,-1.));
#1948 = ( GEOMETRIC_REPRESENTATION_CONTEXT(2) 
PARAMETRIC_REPRESENTATION_CONTEXT() REPRESENTATION_CONTEXT('2D SPACE',''
  ) );
#1949 = PCURVE('',#943,#1950);
#1950 = DEFINITIONAL_REPRESENTATION('',(#1951),#1955);
#1951 = LINE('',#1952,#1953);
#1952 = CARTESIAN_POINT('',(0.,0.));
#1953 = VECTOR('',#1954,1.);
#1954 = DIRECTION('',(0.,-1.));
#1955 = ( GEOMETRIC_REPRESENTATION_CONTEXT(2) 
PARAMETRIC_REPRESENTATION_CONTEXT() REPRESENTATION_CONTEXT('2D SPACE',''
  ) );
#1956 = ADVANCED_FACE('',(#1957),#943,.F.);
#1957 = FACE_BOUND('',#1958,.F.);
#1958 = EDGE_LOOP('',(#1959,#1982,#1983,#1984));
#1959 = ORIENTED_EDGE('',*,*,#1960,.F.);
#1960 = EDGE_CURVE('',#1912,#1961,#1963,.T.);
#1961 = VERTEX_POINT('',#1962);
#1962 = CARTESIAN_POINT('',(0.658447265625,0.630615234375,0.5));
#1963 = SURFACE_CURVE('',#1964,(#1968,#1975),.PCURVE_S1.);
#1964 = B_SPLINE_CURVE_WITH_KNOTS('',2,(#1965,#1966,#1967),
  .UNSPECIFIED.,.F.,.F.,(3,3),(0.,1.),.PIECEWISE_BEZIER_KNOTS.);
#1965 = CARTESIAN_POINT('',(0.46435546875,1.023193359375,0.5));
#1966 = CARTESIAN_POINT('',(0.626220703125,0.881103515625,0.5));
#1967 = CARTESIAN_POINT('',(0.658447265625,0.630615234375,0.5));
#1968 = PCURVE('',#943,#1969);
#1969 = DEFINITIONAL_REPRESENTATION('',(#1970),#1974);
#1970 = LINE('',#1971,#1972);
#1971 = CARTESIAN_POINT('',(0.,0.));
#1972 = VECTOR('',#1973,1.);
#1973 = DIRECTION('',(1.,0.));
#1974 = ( GEOMETRIC_REPRESENTATION_CONTEXT(2) 
PARAMETRIC_REPRESENTATION_CONTEXT() REPRESENTATION_CONTEXT('2D SPACE',''
  ) );
#1975 = PCURVE('',#1509,#1976);
#1976 = DEFINITIONAL_REPRESENTATION('',(#1977),#1981);
#1977 = B_SPLINE_CURVE_WITH_KNOTS('',2,(#1978,#1979,#1980),
  .UNSPECIFIED.,.F.,.F.,(3,3),(0.,1.),.PIECEWISE_BEZIER_KNOTS.);
#1978 = CARTESIAN_POINT('',(1.298583984375,2.01416015625));
#1979 = CARTESIAN_POINT('',(1.46044921875,1.8720703125));
#1980 = CARTESIAN_POINT('',(1.49267578125,1.62158203125));
#1981 = ( GEOMETRIC_REPRESENTATION_CONTEXT(2) 
PARAMETRIC_REPRESENTATION_CONTEXT() REPRESENTATION_CONTEXT('2D SPACE',''
  ) );
#1982 = ORIENTED_EDGE('',*,*,#1936,.T.);
#1983 = ORIENTED_EDGE('',*,*,#905,.F.);
#1984 = ORIENTED_EDGE('',*,*,#1985,.F.);
#1985 = EDGE_CURVE('',#1961,#872,#1986,.T.);
#1986 = SURFACE_CURVE('',#1987,(#1991,#1998),.PCURVE_S1.);
#1987 = LINE('',#1988,#1989);
#1988 = CARTESIAN_POINT('',(0.658447265625,0.630615234375,0.5));
#1989 = VECTOR('',#1990,1.);
#1990 = DIRECTION('',(0.,0.,1.));
#1991 = PCURVE('',#943,#1992);
#1992 = DEFINITIONAL_REPRESENTATION('',(#1993),#1997);
#1993 = LINE('',#1994,#1995);
#1994 = CARTESIAN_POINT('',(1.,0.));
#1995 = VECTOR('',#1996,1.);
#1996 = DIRECTION('',(0.,-1.));
#1997 = ( GEOMETRIC_REPRESENTATION_CONTEXT(2) 
PARAMETRIC_REPRESENTATION_CONTEXT() REPRESENTATION_CONTEXT('2D SPACE',''
  ) );
#1998 = PCURVE('',#893,#1999);
#1999 = DEFINITIONAL_REPRESENTATION('',(#2000),#2004);
#2000 = LINE('',#2001,#2002);
#2001 = CARTESIAN_POINT('',(0.,0.));
#2002 = VECTOR('',#2003,1.);
#2003 = DIRECTION('',(0.,-1.));
#2004 = ( GEOMETRIC_REPRESENTATION_CONTEXT(2) 
PARAMETRIC_REPRESENTATION_CONTEXT() REPRESENTATION_CONTEXT('2D SPACE',''
  ) );
#2005 = ADVANCED_FACE('',(#2006),#893,.F.);
#2006 = FACE_BOUND('',#2007,.F.);
#2007 = EDGE_LOOP('',(#2008,#2031,#2032,#2033));
#2008 = ORIENTED_EDGE('',*,*,#2009,.F.);
#2009 = EDGE_CURVE('',#1961,#2010,#2012,.T.);
#2010 = VERTEX_POINT('',#2011);
#2011 = CARTESIAN_POINT('',(0.396240234375,0.610107421875,0.5));
#2012 = SURFACE_CURVE('',#2013,(#2017,#2024),.PCURVE_S1.);
#2013 = LINE('',#2014,#2015);
#2014 = CARTESIAN_POINT('',(0.658447265625,0.630615234375,0.5));
#2015 = VECTOR('',#2016,1.);
#2016 = DIRECTION('',(-0.996955380034,-7.797416380157E-02,0.));
#2017 = PCURVE('',#893,#2018);
#2018 = DEFINITIONAL_REPRESENTATION('',(#2019),#2023);
#2019 = LINE('',#2020,#2021);
#2020 = CARTESIAN_POINT('',(0.,0.));
#2021 = VECTOR('',#2022,1.);
#2022 = DIRECTION('',(1.,-0.));
#2023 = ( GEOMETRIC_REPRESENTATION_CONTEXT(2) 
PARAMETRIC_REPRESENTATION_CONTEXT() REPRESENTATION_CONTEXT('2D SPACE',''
  ) );
#2024 = PCURVE('',#1509,#2025);
#2025 = DEFINITIONAL_REPRESENTATION('',(#2026),#2030);
#2026 = LINE('',#2027,#2028);
#2027 = CARTESIAN_POINT('',(1.49267578125,1.62158203125));
#2028 = VECTOR('',#2029,1.);
#2029 = DIRECTION('',(-0.996955380034,-7.797416380157E-02));
#2030 = ( GEOMETRIC_REPRESENTATION_CONTEXT(2) 
PARAMETRIC_REPRESENTATION_CONTEXT() REPRESENTATION_CONTEXT('2D SPACE',''
  ) );
#2031 = ORIENTED_EDGE('',*,*,#1985,.T.);
#2032 = ORIENTED_EDGE('',*,*,#871,.F.);
#2033 = ORIENTED_EDGE('',*,*,#2034,.F.);
#2034 = EDGE_CURVE('',#2010,#827,#2035,.T.);
#2035 = SURFACE_CURVE('',#2036,(#2040,#2047),.PCURVE_S1.);
#2036 = LINE('',#2037,#2038);
#2037 = CARTESIAN_POINT('',(0.396240234375,0.610107421875,0.5));
#2038 = VECTOR('',#2039,1.);
#2039 = DIRECTION('',(0.,0.,1.));
#2040 = PCURVE('',#893,#2041);
#2041 = DEFINITIONAL_REPRESENTATION('',(#2042),#2046);
#2042 = LINE('',#2043,#2044);
#2043 = CARTESIAN_POINT('',(0.263007790019,-0.));
#2044 = VECTOR('',#2045,1.);
#2045 = DIRECTION('',(0.,-1.));
#2046 = ( GEOMETRIC_REPRESENTATION_CONTEXT(2) 
PARAMETRIC_REPRESENTATION_CONTEXT() REPRESENTATION_CONTEXT('2D SPACE',''
  ) );
#2047 = PCURVE('',#852,#2048);
#2048 = DEFINITIONAL_REPRESENTATION('',(#2049),#2053);
#2049 = LINE('',#2050,#2051);
#2050 = CARTESIAN_POINT('',(0.,0.));
#2051 = VECTOR('',#2052,1.);
#2052 = DIRECTION('',(0.,-1.));
#2053 = ( GEOMETRIC_REPRESENTATION_CONTEXT(2) 
PARAMETRIC_REPRESENTATION_CONTEXT() REPRESENTATION_CONTEXT('2D SPACE',''
  ) );
#2054 = ADVANCED_FACE('',(#2055),#852,.F.);
#2055 = FACE_BOUND('',#2056,.F.);
#2056 = EDGE_LOOP('',(#2057,#2080,#2081,#2082));
#2057 = ORIENTED_EDGE('',*,*,#2058,.F.);
#2058 = EDGE_CURVE('',#2010,#2059,#2061,.T.);
#2059 = VERTEX_POINT('',#2060);
#2060 = CARTESIAN_POINT('',(0.296630859375,0.835693359375,0.5));
#2061 = SURFACE_CURVE('',#2062,(#2066,#2073),.PCURVE_S1.);
#2062 = B_SPLINE_CURVE_WITH_KNOTS('',2,(#2063,#2064,#2065),
  .UNSPECIFIED.,.F.,.F.,(3,3),(0.,1.),.PIECEWISE_BEZIER_KNOTS.);
#2063 = CARTESIAN_POINT('',(0.396240234375,0.610107421875,0.5));
#2064 = CARTESIAN_POINT('',(0.361083984375,0.765380859375,0.5));
#2065 = CARTESIAN_POINT('',(0.296630859375,0.835693359375,0.5));
#2066 = PCURVE('',#852,#2067);
#2067 = DEFINITIONAL_REPRESENTATION('',(#2068),#2072);
#2068 = LINE('',#2069,#2070);
#2069 = CARTESIAN_POINT('',(0.,0.));
#2070 = VECTOR('',#2071,1.);
#2071 = DIRECTION('',(1.,0.));
#2072 = ( GEOMETRIC_REPRESENTATION_CONTEXT(2) 
PARAMETRIC_REPRESENTATION_CONTEXT() REPRESENTATION_CONTEXT('2D SPACE',''
  ) );
#2073 = PCURVE('',#1509,#2074);
#2074 = DEFINITIONAL_REPRESENTATION('',(#2075),#2079);
#2075 = B_SPLINE_CURVE_WITH_KNOTS('',2,(#2076,#2077,#2078),
  .UNSPECIFIED.,.F.,.F.,(3,3),(0.,1.),.PIECEWISE_BEZIER_KNOTS.);
#2076 = CARTESIAN_POINT('',(1.23046875,1.60107421875));
#2077 = CARTESIAN_POINT('',(1.1953125,1.75634765625));
#2078 = CARTESIAN_POINT('',(1.130859375,1.82666015625));
#2079 = ( GEOMETRIC_REPRESENTATION_CONTEXT(2) 
PARAMETRIC_REPRESENTATION_CONTEXT() REPRESENTATION_CONTEXT('2D SPACE',''
  ) );
#2080 = ORIENTED_EDGE('',*,*,#2034,.T.);
#2081 = ORIENTED_EDGE('',*,*,#826,.F.);
#2082 = ORIENTED_EDGE('',*,*,#2083,.F.);
#2083 = EDGE_CURVE('',#2059,#770,#2084,.T.);
#2084 = SURFACE_CURVE('',#2085,(#2089,#2096),.PCURVE_S1.);
#2085 = LINE('',#2086,#2087);
#2086 = CARTESIAN_POINT('',(0.296630859375,0.835693359375,0.5));
#2087 = VECTOR('',#2088,1.);
#2088 = DIRECTION('',(0.,0.,1.));
#2089 = PCURVE('',#852,#2090);
#2090 = DEFINITIONAL_REPRESENTATION('',(#2091),#2095);
#2091 = LINE('',#2092,#2093);
#2092 = CARTESIAN_POINT('',(1.,0.));
#2093 = VECTOR('',#2094,1.);
#2094 = DIRECTION('',(0.,-1.));
#2095 = ( GEOMETRIC_REPRESENTATION_CONTEXT(2) 
PARAMETRIC_REPRESENTATION_CONTEXT() REPRESENTATION_CONTEXT('2D SPACE',''
  ) );
#2096 = PCURVE('',#803,#2097);
#2097 = DEFINITIONAL_REPRESENTATION('',(#2098),#2102);
#2098 = LINE('',#2099,#2100);
#2099 = CARTESIAN_POINT('',(0.,0.));
#2100 = VECTOR('',#2101,1.);
#2101 = DIRECTION('',(0.,-1.));
#2102 = ( GEOMETRIC_REPRESENTATION_CONTEXT(2) 
PARAMETRIC_REPRESENTATION_CONTEXT() REPRESENTATION_CONTEXT('2D SPACE',''
  ) );
#2103 = ADVANCED_FACE('',(#2104),#803,.F.);
#2104 = FACE_BOUND('',#2105,.F.);
#2105 = EDGE_LOOP('',(#2106,#2129,#2130,#2131));
#2106 = ORIENTED_EDGE('',*,*,#2107,.F.);
#2107 = EDGE_CURVE('',#2059,#2108,#2110,.T.);
#2108 = VERTEX_POINT('',#2109);
#2109 = CARTESIAN_POINT('',(3.2958984375E-02,0.948486328125,0.5));
#2110 = SURFACE_CURVE('',#2111,(#2115,#2122),.PCURVE_S1.);
#2111 = B_SPLINE_CURVE_WITH_KNOTS('',2,(#2112,#2113,#2114),
  .UNSPECIFIED.,.F.,.F.,(3,3),(0.,1.),.PIECEWISE_BEZIER_KNOTS.);
#2112 = CARTESIAN_POINT('',(0.296630859375,0.835693359375,0.5));
#2113 = CARTESIAN_POINT('',(0.189697265625,0.948486328125,0.5));
#2114 = CARTESIAN_POINT('',(3.2958984375E-02,0.948486328125,0.5));
#2115 = PCURVE('',#803,#2116);
#2116 = DEFINITIONAL_REPRESENTATION('',(#2117),#2121);
#2117 = LINE('',#2118,#2119);
#2118 = CARTESIAN_POINT('',(0.,0.));
#2119 = VECTOR('',#2120,1.);
#2120 = DIRECTION('',(1.,0.));
#2121 = ( GEOMETRIC_REPRESENTATION_CONTEXT(2) 
PARAMETRIC_REPRESENTATION_CONTEXT() REPRESENTATION_CONTEXT('2D SPACE',''
  ) );
#2122 = PCURVE('',#1509,#2123);
#2123 = DEFINITIONAL_REPRESENTATION('',(#2124),#2128);
#2124 = B_SPLINE_CURVE_WITH_KNOTS('',2,(#2125,#2126,#2127),
  .UNSPECIFIED.,.F.,.F.,(3,3),(0.,1.),.PIECEWISE_BEZIER_KNOTS.);
#2125 = CARTESIAN_POINT('',(1.130859375,1.82666015625));
#2126 = CARTESIAN_POINT('',(1.02392578125,1.939453125));
#2127 = CARTESIAN_POINT('',(0.8671875,1.939453125));
#2128 = ( GEOMETRIC_REPRESENTATION_CONTEXT(2) 
PARAMETRIC_REPRESENTATION_CONTEXT() REPRESENTATION_CONTEXT('2D SPACE',''
  ) );
#2129 = ORIENTED_EDGE('',*,*,#2083,.T.);
#2130 = ORIENTED_EDGE('',*,*,#769,.F.);
#2131 = ORIENTED_EDGE('',*,*,#2132,.F.);
#2132 = EDGE_CURVE('',#2108,#713,#2133,.T.);
#2133 = SURFACE_CURVE('',#2134,(#2138,#2145),.PCURVE_S1.);
#2134 = LINE('',#2135,#2136);
#2135 = CARTESIAN_POINT('',(3.2958984375E-02,0.948486328125,0.5));
#2136 = VECTOR('',#2137,1.);
#2137 = DIRECTION('',(0.,0.,1.));
#2138 = PCURVE('',#803,#2139);
#2139 = DEFINITIONAL_REPRESENTATION('',(#2140),#2144);
#2140 = LINE('',#2141,#2142);
#2141 = CARTESIAN_POINT('',(1.,0.));
#2142 = VECTOR('',#2143,1.);
#2143 = DIRECTION('',(0.,-1.));
#2144 = ( GEOMETRIC_REPRESENTATION_CONTEXT(2) 
PARAMETRIC_REPRESENTATION_CONTEXT() REPRESENTATION_CONTEXT('2D SPACE',''
  ) );
#2145 = PCURVE('',#746,#2146);
#2146 = DEFINITIONAL_REPRESENTATION('',(#2147),#2151);
#2147 = LINE('',#2148,#2149);
#2148 = CARTESIAN_POINT('',(0.,0.));
#2149 = VECTOR('',#2150,1.);
#2150 = DIRECTION('',(0.,-1.));
#2151 = ( GEOMETRIC_REPRESENTATION_CONTEXT(2) 
PARAMETRIC_REPRESENTATION_CONTEXT() REPRESENTATION_CONTEXT('2D SPACE',''
  ) );
#2152 = ADVANCED_FACE('',(#2153),#746,.F.);
#2153 = FACE_BOUND('',#2154,.F.);
#2154 = EDGE_LOOP('',(#2155,#2178,#2179,#2180));
#2155 = ORIENTED_EDGE('',*,*,#2156,.F.);
#2156 = EDGE_CURVE('',#2108,#2157,#2159,.T.);
#2157 = VERTEX_POINT('',#2158);
#2158 = CARTESIAN_POINT('',(-0.188232421875,0.878173828125,0.5));
#2159 = SURFACE_CURVE('',#2160,(#2164,#2171),.PCURVE_S1.);
#2160 = B_SPLINE_CURVE_WITH_KNOTS('',2,(#2161,#2162,#2163),
  .UNSPECIFIED.,.F.,.F.,(3,3),(0.,1.),.PIECEWISE_BEZIER_KNOTS.);
#2161 = CARTESIAN_POINT('',(3.2958984375E-02,0.948486328125,0.5));
#2162 = CARTESIAN_POINT('',(-9.3017578125E-02,0.948486328125,0.5));
#2163 = CARTESIAN_POINT('',(-0.188232421875,0.878173828125,0.5));
#2164 = PCURVE('',#746,#2165);
#2165 = DEFINITIONAL_REPRESENTATION('',(#2166),#2170);
#2166 = LINE('',#2167,#2168);
#2167 = CARTESIAN_POINT('',(0.,0.));
#2168 = VECTOR('',#2169,1.);
#2169 = DIRECTION('',(1.,0.));
#2170 = ( GEOMETRIC_REPRESENTATION_CONTEXT(2) 
PARAMETRIC_REPRESENTATION_CONTEXT() REPRESENTATION_CONTEXT('2D SPACE',''
  ) );
#2171 = PCURVE('',#1509,#2172);
#2172 = DEFINITIONAL_REPRESENTATION('',(#2173),#2177);
#2173 = B_SPLINE_CURVE_WITH_KNOTS('',2,(#2174,#2175,#2176),
  .UNSPECIFIED.,.F.,.F.,(3,3),(0.,1.),.PIECEWISE_BEZIER_KNOTS.);
#2174 = CARTESIAN_POINT('',(0.8671875,1.939453125));
#2175 = CARTESIAN_POINT('',(0.7412109375,1.939453125));
#2176 = CARTESIAN_POINT('',(0.64599609375,1.869140625));
#2177 = ( GEOMETRIC_REPRESENTATION_CONTEXT(2) 
PARAMETRIC_REPRESENTATION_CONTEXT() REPRESENTATION_CONTEXT('2D SPACE',''
  ) );
#2178 = ORIENTED_EDGE('',*,*,#2132,.T.);
#2179 = ORIENTED_EDGE('',*,*,#712,.F.);
#2180 = ORIENTED_EDGE('',*,*,#2181,.F.);
#2181 = EDGE_CURVE('',#2157,#668,#2182,.T.);
#2182 = SURFACE_CURVE('',#2183,(#2187,#2194),.PCURVE_S1.);
#2183 = LINE('',#2184,#2185);
#2184 = CARTESIAN_POINT('',(-0.188232421875,0.878173828125,0.5));
#2185 = VECTOR('',#2186,1.);
#2186 = DIRECTION('',(0.,0.,1.));
#2187 = PCURVE('',#746,#2188);
#2188 = DEFINITIONAL_REPRESENTATION('',(#2189),#2193);
#2189 = LINE('',#2190,#2191);
#2190 = CARTESIAN_POINT('',(1.,0.));
#2191 = VECTOR('',#2192,1.);
#2192 = DIRECTION('',(0.,-1.));
#2193 = ( GEOMETRIC_REPRESENTATION_CONTEXT(2) 
PARAMETRIC_REPRESENTATION_CONTEXT() REPRESENTATION_CONTEXT('2D SPACE',''
  ) );
#2194 = PCURVE('',#693,#2195);
#2195 = DEFINITIONAL_REPRESENTATION('',(#2196),#2200);
#2196 = LINE('',#2197,#2198);
#2197 = CARTESIAN_POINT('',(0.,0.));
#2198 = VECTOR('',#2199,1.);
#2199 = DIRECTION('',(0.,-1.));
#2200 = ( GEOMETRIC_REPRESENTATION_CONTEXT(2) 
PARAMETRIC_REPRESENTATION_CONTEXT() REPRESENTATION_CONTEXT('2D SPACE',''
  ) );
#2201 = ADVANCED_FACE('',(#2202),#693,.F.);
#2202 = FACE_BOUND('',#2203,.F.);
#2203 = EDGE_LOOP('',(#2204,#2227,#2228,#2229));
#2204 = ORIENTED_EDGE('',*,*,#2205,.F.);
#2205 = EDGE_CURVE('',#2157,#2206,#2208,.T.);
#2206 = VERTEX_POINT('',#2207);
#2207 = CARTESIAN_POINT('',(-0.384521484375,0.613037109375,0.5));
#2208 = SURFACE_CURVE('',#2209,(#2213,#2220),.PCURVE_S1.);
#2209 = B_SPLINE_CURVE_WITH_KNOTS('',2,(#2210,#2211,#2212),
  .UNSPECIFIED.,.F.,.F.,(3,3),(0.,1.),.PIECEWISE_BEZIER_KNOTS.);
#2210 = CARTESIAN_POINT('',(-0.188232421875,0.878173828125,0.5));
#2211 = CARTESIAN_POINT('',(-0.312744140625,0.787353515625,0.5));
#2212 = CARTESIAN_POINT('',(-0.384521484375,0.613037109375,0.5));
#2213 = PCURVE('',#693,#2214);
#2214 = DEFINITIONAL_REPRESENTATION('',(#2215),#2219);
#2215 = LINE('',#2216,#2217);
#2216 = CARTESIAN_POINT('',(0.,0.));
#2217 = VECTOR('',#2218,1.);
#2218 = DIRECTION('',(1.,0.));
#2219 = ( GEOMETRIC_REPRESENTATION_CONTEXT(2) 
PARAMETRIC_REPRESENTATION_CONTEXT() REPRESENTATION_CONTEXT('2D SPACE',''
  ) );
#2220 = PCURVE('',#1509,#2221);
#2221 = DEFINITIONAL_REPRESENTATION('',(#2222),#2226);
#2222 = B_SPLINE_CURVE_WITH_KNOTS('',2,(#2223,#2224,#2225),
  .UNSPECIFIED.,.F.,.F.,(3,3),(0.,1.),.PIECEWISE_BEZIER_KNOTS.);
#2223 = CARTESIAN_POINT('',(0.64599609375,1.869140625));
#2224 = CARTESIAN_POINT('',(0.521484375,1.7783203125));
#2225 = CARTESIAN_POINT('',(0.44970703125,1.60400390625));
#2226 = ( GEOMETRIC_REPRESENTATION_CONTEXT(2) 
PARAMETRIC_REPRESENTATION_CONTEXT() REPRESENTATION_CONTEXT('2D SPACE',''
  ) );
#2227 = ORIENTED_EDGE('',*,*,#2181,.T.);
#2228 = ORIENTED_EDGE('',*,*,#667,.F.);
#2229 = ORIENTED_EDGE('',*,*,#2230,.F.);
#2230 = EDGE_CURVE('',#2206,#605,#2231,.T.);
#2231 = SURFACE_CURVE('',#2232,(#2236,#2243),.PCURVE_S1.);
#2232 = LINE('',#2233,#2234);
#2233 = CARTESIAN_POINT('',(-0.384521484375,0.613037109375,0.5));
#2234 = VECTOR('',#2235,1.);
#2235 = DIRECTION('',(0.,0.,1.));
#2236 = PCURVE('',#693,#2237);
#2237 = DEFINITIONAL_REPRESENTATION('',(#2238),#2242);
#2238 = LINE('',#2239,#2240);
#2239 = CARTESIAN_POINT('',(1.,0.));
#2240 = VECTOR('',#2241,1.);
#2241 = DIRECTION('',(0.,-1.));
#2242 = ( GEOMETRIC_REPRESENTATION_CONTEXT(2) 
PARAMETRIC_REPRESENTATION_CONTEXT() REPRESENTATION_CONTEXT('2D SPACE',''
  ) );
#2243 = PCURVE('',#642,#2244);
#2244 = DEFINITIONAL_REPRESENTATION('',(#2245),#2249);
#2245 = LINE('',#2246,#2247);
#2246 = CARTESIAN_POINT('',(0.,0.));
#2247 = VECTOR('',#2248,1.);
#2248 = DIRECTION('',(0.,-1.));
#2249 = ( GEOMETRIC_REPRESENTATION_CONTEXT(2) 
PARAMETRIC_REPRESENTATION_CONTEXT() REPRESENTATION_CONTEXT('2D SPACE',''
  ) );
#2250 = ADVANCED_FACE('',(#2251),#642,.F.);
#2251 = FACE_BOUND('',#2252,.F.);
#2252 = EDGE_LOOP('',(#2253,#2276,#2277,#2278));
#2253 = ORIENTED_EDGE('',*,*,#2254,.F.);
#2254 = EDGE_CURVE('',#2206,#2255,#2257,.T.);
#2255 = VERTEX_POINT('',#2256);
#2256 = CARTESIAN_POINT('',(-0.459228515625,0.116455078125,0.5));
#2257 = SURFACE_CURVE('',#2258,(#2262,#2269),.PCURVE_S1.);
#2258 = B_SPLINE_CURVE_WITH_KNOTS('',2,(#2259,#2260,#2261),
  .UNSPECIFIED.,.F.,.F.,(3,3),(0.,1.),.PIECEWISE_BEZIER_KNOTS.);
#2259 = CARTESIAN_POINT('',(-0.384521484375,0.613037109375,0.5));
#2260 = CARTESIAN_POINT('',(-0.456298828125,0.438720703125,0.5));
#2261 = CARTESIAN_POINT('',(-0.459228515625,0.116455078125,0.5));
#2262 = PCURVE('',#642,#2263);
#2263 = DEFINITIONAL_REPRESENTATION('',(#2264),#2268);
#2264 = LINE('',#2265,#2266);
#2265 = CARTESIAN_POINT('',(0.,0.));
#2266 = VECTOR('',#2267,1.);
#2267 = DIRECTION('',(1.,0.));
#2268 = ( GEOMETRIC_REPRESENTATION_CONTEXT(2) 
PARAMETRIC_REPRESENTATION_CONTEXT() REPRESENTATION_CONTEXT('2D SPACE',''
  ) );
#2269 = PCURVE('',#1509,#2270);
#2270 = DEFINITIONAL_REPRESENTATION('',(#2271),#2275);
#2271 = B_SPLINE_CURVE_WITH_KNOTS('',2,(#2272,#2273,#2274),
  .UNSPECIFIED.,.F.,.F.,(3,3),(0.,1.),.PIECEWISE_BEZIER_KNOTS.);
#2272 = CARTESIAN_POINT('',(0.44970703125,1.60400390625));
#2273 = CARTESIAN_POINT('',(0.3779296875,1.4296875));
#2274 = CARTESIAN_POINT('',(0.375,1.107421875));
#2275 = ( GEOMETRIC_REPRESENTATION_CONTEXT(2) 
PARAMETRIC_REPRESENTATION_CONTEXT() REPRESENTATION_CONTEXT('2D SPACE',''
  ) );
#2276 = ORIENTED_EDGE('',*,*,#2230,.T.);
#2277 = ORIENTED_EDGE('',*,*,#604,.F.);
#2278 = ORIENTED_EDGE('',*,*,#2279,.F.);
#2279 = EDGE_CURVE('',#2255,#548,#2280,.T.);
#2280 = SURFACE_CURVE('',#2281,(#2285,#2292),.PCURVE_S1.);
#2281 = LINE('',#2282,#2283);
#2282 = CARTESIAN_POINT('',(-0.459228515625,0.116455078125,0.5));
#2283 = VECTOR('',#2284,1.);
#2284 = DIRECTION('',(0.,0.,1.));
#2285 = PCURVE('',#642,#2286);
#2286 = DEFINITIONAL_REPRESENTATION('',(#2287),#2291);
#2287 = LINE('',#2288,#2289);
#2288 = CARTESIAN_POINT('',(1.,0.));
#2289 = VECTOR('',#2290,1.);
#2290 = DIRECTION('',(0.,-1.));
#2291 = ( GEOMETRIC_REPRESENTATION_CONTEXT(2) 
PARAMETRIC_REPRESENTATION_CONTEXT() REPRESENTATION_CONTEXT('2D SPACE',''
  ) );
#2292 = PCURVE('',#581,#2293);
#2293 = DEFINITIONAL_REPRESENTATION('',(#2294),#2298);
#2294 = LINE('',#2295,#2296);
#2295 = CARTESIAN_POINT('',(0.,0.));
#2296 = VECTOR('',#2297,1.);
#2297 = DIRECTION('',(0.,-1.));
#2298 = ( GEOMETRIC_REPRESENTATION_CONTEXT(2) 
PARAMETRIC_REPRESENTATION_CONTEXT() REPRESENTATION_CONTEXT('2D SPACE',''
  ) );
#2299 = ADVANCED_FACE('',(#2300),#581,.F.);
#2300 = FACE_BOUND('',#2301,.F.);
#2301 = EDGE_LOOP('',(#2302,#2325,#2326,#2327));
#2302 = ORIENTED_EDGE('',*,*,#2303,.F.);
#2303 = EDGE_CURVE('',#2255,#2304,#2306,.T.);
#2304 = VERTEX_POINT('',#2305);
#2305 = CARTESIAN_POINT('',(-0.226318359375,0.331787109375,0.5));
#2306 = SURFACE_CURVE('',#2307,(#2311,#2318),.PCURVE_S1.);
#2307 = B_SPLINE_CURVE_WITH_KNOTS('',2,(#2308,#2309,#2310),
  .UNSPECIFIED.,.F.,.F.,(3,3),(0.,1.),.PIECEWISE_BEZIER_KNOTS.);
#2308 = CARTESIAN_POINT('',(-0.459228515625,0.116455078125,0.5));
#2309 = CARTESIAN_POINT('',(-0.364013671875,0.261474609375,0.5));
#2310 = CARTESIAN_POINT('',(-0.226318359375,0.331787109375,0.5));
#2311 = PCURVE('',#581,#2312);
#2312 = DEFINITIONAL_REPRESENTATION('',(#2313),#2317);
#2313 = LINE('',#2314,#2315);
#2314 = CARTESIAN_POINT('',(0.,0.));
#2315 = VECTOR('',#2316,1.);
#2316 = DIRECTION('',(1.,0.));
#2317 = ( GEOMETRIC_REPRESENTATION_CONTEXT(2) 
PARAMETRIC_REPRESENTATION_CONTEXT() REPRESENTATION_CONTEXT('2D SPACE',''
  ) );
#2318 = PCURVE('',#1509,#2319);
#2319 = DEFINITIONAL_REPRESENTATION('',(#2320),#2324);
#2320 = B_SPLINE_CURVE_WITH_KNOTS('',2,(#2321,#2322,#2323),
  .UNSPECIFIED.,.F.,.F.,(3,3),(0.,1.),.PIECEWISE_BEZIER_KNOTS.);
#2321 = CARTESIAN_POINT('',(0.375,1.107421875));
#2322 = CARTESIAN_POINT('',(0.47021484375,1.25244140625));
#2323 = CARTESIAN_POINT('',(0.60791015625,1.32275390625));
#2324 = ( GEOMETRIC_REPRESENTATION_CONTEXT(2) 
PARAMETRIC_REPRESENTATION_CONTEXT() REPRESENTATION_CONTEXT('2D SPACE',''
  ) );
#2325 = ORIENTED_EDGE('',*,*,#2279,.T.);
#2326 = ORIENTED_EDGE('',*,*,#547,.F.);
#2327 = ORIENTED_EDGE('',*,*,#2328,.F.);
#2328 = EDGE_CURVE('',#2304,#491,#2329,.T.);
#2329 = SURFACE_CURVE('',#2330,(#2334,#2341),.PCURVE_S1.);
#2330 = LINE('',#2331,#2332);
#2331 = CARTESIAN_POINT('',(-0.226318359375,0.331787109375,0.5));
#2332 = VECTOR('',#2333,1.);
#2333 = DIRECTION('',(0.,0.,1.));
#2334 = PCURVE('',#581,#2335);
#2335 = DEFINITIONAL_REPRESENTATION('',(#2336),#2340);
#2336 = LINE('',#2337,#2338);
#2337 = CARTESIAN_POINT('',(1.,0.));
#2338 = VECTOR('',#2339,1.);
#2339 = DIRECTION('',(0.,-1.));
#2340 = ( GEOMETRIC_REPRESENTATION_CONTEXT(2) 
PARAMETRIC_REPRESENTATION_CONTEXT() REPRESENTATION_CONTEXT('2D SPACE',''
  ) );
#2341 = PCURVE('',#524,#2342);
#2342 = DEFINITIONAL_REPRESENTATION('',(#2343),#2347);
#2343 = LINE('',#2344,#2345);
#2344 = CARTESIAN_POINT('',(0.,0.));
#2345 = VECTOR('',#2346,1.);
#2346 = DIRECTION('',(0.,-1.));
#2347 = ( GEOMETRIC_REPRESENTATION_CONTEXT(2) 
PARAMETRIC_REPRESENTATION_CONTEXT() REPRESENTATION_CONTEXT('2D SPACE',''
  ) );
#2348 = ADVANCED_FACE('',(#2349),#524,.F.);
#2349 = FACE_BOUND('',#2350,.F.);
#2350 = EDGE_LOOP('',(#2351,#2374,#2375,#2376));
#2351 = ORIENTED_EDGE('',*,*,#2352,.F.);
#2352 = EDGE_CURVE('',#2304,#2353,#2355,.T.);
#2353 = VERTEX_POINT('',#2354);
#2354 = CARTESIAN_POINT('',(6.2255859375E-02,0.402099609375,0.5));
#2355 = SURFACE_CURVE('',#2356,(#2360,#2367),.PCURVE_S1.);
#2356 = B_SPLINE_CURVE_WITH_KNOTS('',2,(#2357,#2358,#2359),
  .UNSPECIFIED.,.F.,.F.,(3,3),(0.,1.),.PIECEWISE_BEZIER_KNOTS.);
#2357 = CARTESIAN_POINT('',(-0.226318359375,0.331787109375,0.5));
#2358 = CARTESIAN_POINT('',(-8.8623046875E-02,0.402099609375,0.5));
#2359 = CARTESIAN_POINT('',(6.2255859375E-02,0.402099609375,0.5));
#2360 = PCURVE('',#524,#2361);
#2361 = DEFINITIONAL_REPRESENTATION('',(#2362),#2366);
#2362 = LINE('',#2363,#2364);
#2363 = CARTESIAN_POINT('',(0.,0.));
#2364 = VECTOR('',#2365,1.);
#2365 = DIRECTION('',(1.,0.));
#2366 = ( GEOMETRIC_REPRESENTATION_CONTEXT(2) 
PARAMETRIC_REPRESENTATION_CONTEXT() REPRESENTATION_CONTEXT('2D SPACE',''
  ) );
#2367 = PCURVE('',#1509,#2368);
#2368 = DEFINITIONAL_REPRESENTATION('',(#2369),#2373);
#2369 = B_SPLINE_CURVE_WITH_KNOTS('',2,(#2370,#2371,#2372),
  .UNSPECIFIED.,.F.,.F.,(3,3),(0.,1.),.PIECEWISE_BEZIER_KNOTS.);
#2370 = CARTESIAN_POINT('',(0.60791015625,1.32275390625));
#2371 = CARTESIAN_POINT('',(0.74560546875,1.39306640625));
#2372 = CARTESIAN_POINT('',(0.896484375,1.39306640625));
#2373 = ( GEOMETRIC_REPRESENTATION_CONTEXT(2) 
PARAMETRIC_REPRESENTATION_CONTEXT() REPRESENTATION_CONTEXT('2D SPACE',''
  ) );
#2374 = ORIENTED_EDGE('',*,*,#2328,.T.);
#2375 = ORIENTED_EDGE('',*,*,#490,.F.);
#2376 = ORIENTED_EDGE('',*,*,#2377,.F.);
#2377 = EDGE_CURVE('',#2353,#428,#2378,.T.);
#2378 = SURFACE_CURVE('',#2379,(#2383,#2390),.PCURVE_S1.);
#2379 = LINE('',#2380,#2381);
#2380 = CARTESIAN_POINT('',(6.2255859375E-02,0.402099609375,0.5));
#2381 = VECTOR('',#2382,1.);
#2382 = DIRECTION('',(0.,0.,1.));
#2383 = PCURVE('',#524,#2384);
#2384 = DEFINITIONAL_REPRESENTATION('',(#2385),#2389);
#2385 = LINE('',#2386,#2387);
#2386 = CARTESIAN_POINT('',(1.,0.));
#2387 = VECTOR('',#2388,1.);
#2388 = DIRECTION('',(0.,-1.));
#2389 = ( GEOMETRIC_REPRESENTATION_CONTEXT(2) 
PARAMETRIC_REPRESENTATION_CONTEXT() REPRESENTATION_CONTEXT('2D SPACE',''
  ) );
#2390 = PCURVE('',#465,#2391);
#2391 = DEFINITIONAL_REPRESENTATION('',(#2392),#2396);
#2392 = LINE('',#2393,#2394);
#2393 = CARTESIAN_POINT('',(0.,0.));
#2394 = VECTOR('',#2395,1.);
#2395 = DIRECTION('',(0.,-1.));
#2396 = ( GEOMETRIC_REPRESENTATION_CONTEXT(2) 
PARAMETRIC_REPRESENTATION_CONTEXT() REPRESENTATION_CONTEXT('2D SPACE',''
  ) );
#2397 = ADVANCED_FACE('',(#2398),#465,.F.);
#2398 = FACE_BOUND('',#2399,.F.);
#2399 = EDGE_LOOP('',(#2400,#2421,#2422,#2423));
#2400 = ORIENTED_EDGE('',*,*,#2401,.F.);
#2401 = EDGE_CURVE('',#2353,#1492,#2402,.T.);
#2402 = SURFACE_CURVE('',#2403,(#2407,#2414),.PCURVE_S1.);
#2403 = B_SPLINE_CURVE_WITH_KNOTS('',2,(#2404,#2405,#2406),
  .UNSPECIFIED.,.F.,.F.,(3,3),(0.,1.),.PIECEWISE_BEZIER_KNOTS.);
#2404 = CARTESIAN_POINT('',(6.2255859375E-02,0.402099609375,0.5));
#2405 = CARTESIAN_POINT('',(0.325927734375,0.402099609375,0.5));
#2406 = CARTESIAN_POINT('',(0.51123046875,0.2080078125,0.5));
#2407 = PCURVE('',#465,#2408);
#2408 = DEFINITIONAL_REPRESENTATION('',(#2409),#2413);
#2409 = LINE('',#2410,#2411);
#2410 = CARTESIAN_POINT('',(0.,0.));
#2411 = VECTOR('',#2412,1.);
#2412 = DIRECTION('',(1.,0.));
#2413 = ( GEOMETRIC_REPRESENTATION_CONTEXT(2) 
PARAMETRIC_REPRESENTATION_CONTEXT() REPRESENTATION_CONTEXT('2D SPACE',''
  ) );
#2414 = PCURVE('',#1509,#2415);
#2415 = DEFINITIONAL_REPRESENTATION('',(#2416),#2420);
#2416 = B_SPLINE_CURVE_WITH_KNOTS('',2,(#2417,#2418,#2419),
  .UNSPECIFIED.,.F.,.F.,(3,3),(0.,1.),.PIECEWISE_BEZIER_KNOTS.);
#2417 = CARTESIAN_POINT('',(0.896484375,1.39306640625));
#2418 = CARTESIAN_POINT('',(1.16015625,1.39306640625));
#2419 = CARTESIAN_POINT('',(1.345458984375,1.198974609375));
#2420 = ( GEOMETRIC_REPRESENTATION_CONTEXT(2) 
PARAMETRIC_REPRESENTATION_CONTEXT() REPRESENTATION_CONTEXT('2D SPACE',''
  ) );
#2421 = ORIENTED_EDGE('',*,*,#2377,.T.);
#2422 = ORIENTED_EDGE('',*,*,#427,.F.);
#2423 = ORIENTED_EDGE('',*,*,#1521,.F.);
#2424 = ADVANCED_FACE('',(#2425,#2428),#1476,.F.);
#2425 = FACE_BOUND('',#2426,.F.);
#2426 = EDGE_LOOP('',(#2427));
#2427 = ORIENTED_EDGE('',*,*,#1461,.T.);
#2428 = FACE_BOUND('',#2429,.F.);
#2429 = EDGE_LOOP('',(#2430));
#2430 = ORIENTED_EDGE('',*,*,#2431,.F.);
#2431 = EDGE_CURVE('',#2432,#2432,#2434,.T.);
#2432 = VERTEX_POINT('',#2433);
#2433 = CARTESIAN_POINT('',(1.5,0.,-2.5));
#2434 = SURFACE_CURVE('',#2435,(#2440,#2447),.PCURVE_S1.);
#2435 = CIRCLE('',#2436,1.5);
#2436 = AXIS2_PLACEMENT_3D('',#2437,#2438,#2439);
#2437 = CARTESIAN_POINT('',(0.,0.,-2.5));
#2438 = DIRECTION('',(0.,0.,1.));
#2439 = DIRECTION('',(1.,0.,0.));
#2440 = PCURVE('',#1476,#2441);
#2441 = DEFINITIONAL_REPRESENTATION('',(#2442),#2446);
#2442 = CIRCLE('',#2443,1.5);
#2443 = AXIS2_PLACEMENT_2D('',#2444,#2445);
#2444 = CARTESIAN_POINT('',(6.215636966088E-16,-1.449535019268E-16));
#2445 = DIRECTION('',(1.,0.));
#2446 = ( GEOMETRIC_REPRESENTATION_CONTEXT(2) 
PARAMETRIC_REPRESENTATION_CONTEXT() REPRESENTATION_CONTEXT('2D SPACE',''
  ) );
#2447 = PCURVE('',#2448,#2453);
#2448 = CYLINDRICAL_SURFACE('',#2449,1.5);
#2449 = AXIS2_PLACEMENT_3D('',#2450,#2451,#2452);
#2450 = CARTESIAN_POINT('',(0.,0.,-2.5));
#2451 = DIRECTION('',(0.,0.,1.));
#2452 = DIRECTION('',(1.,0.,0.));
#2453 = DEFINITIONAL_REPRESENTATION('',(#2454),#2458);
#2454 = LINE('',#2455,#2456);
#2455 = CARTESIAN_POINT('',(0.,0.));
#2456 = VECTOR('',#2457,1.);
#2457 = DIRECTION('',(1.,0.));
#2458 = ( GEOMETRIC_REPRESENTATION_CONTEXT(2) 
PARAMETRIC_REPRESENTATION_CONTEXT() REPRESENTATION_CONTEXT('2D SPACE',''
  ) );
#2459 = ADVANCED_FACE('',(#2460,#2481),#1509,.T.);
#2460 = FACE_BOUND('',#2461,.F.);
#2461 = EDGE_LOOP('',(#2462,#2463,#2464,#2465,#2466,#2467,#2468,#2469,
    #2470,#2471,#2472,#2473,#2474,#2475,#2476,#2477,#2478,#2479,#2480));
#2462 = ORIENTED_EDGE('',*,*,#2009,.T.);
#2463 = ORIENTED_EDGE('',*,*,#2058,.T.);
#2464 = ORIENTED_EDGE('',*,*,#2107,.T.);
#2465 = ORIENTED_EDGE('',*,*,#2156,.T.);
#2466 = ORIENTED_EDGE('',*,*,#2205,.T.);
#2467 = ORIENTED_EDGE('',*,*,#2254,.T.);
#2468 = ORIENTED_EDGE('',*,*,#2303,.T.);
#2469 = ORIENTED_EDGE('',*,*,#2352,.T.);
#2470 = ORIENTED_EDGE('',*,*,#2401,.T.);
#2471 = ORIENTED_EDGE('',*,*,#1491,.T.);
#2472 = ORIENTED_EDGE('',*,*,#1568,.T.);
#2473 = ORIENTED_EDGE('',*,*,#1617,.T.);
#2474 = ORIENTED_EDGE('',*,*,#1666,.T.);
#2475 = ORIENTED_EDGE('',*,*,#1715,.T.);
#2476 = ORIENTED_EDGE('',*,*,#1764,.T.);
#2477 = ORIENTED_EDGE('',*,*,#1813,.T.);
#2478 = ORIENTED_EDGE('',*,*,#1862,.T.);
#2479 = ORIENTED_EDGE('',*,*,#1911,.T.);
#2480 = ORIENTED_EDGE('',*,*,#1960,.T.);
#2481 = FACE_BOUND('',#2482,.F.);
#2482 = EDGE_LOOP('',(#2483,#2515,#2545,#2575,#2605,#2635,#2665,#2695,
    #2725));
#2483 = ORIENTED_EDGE('',*,*,#2484,.T.);
#2484 = EDGE_CURVE('',#2485,#2487,#2489,.T.);
#2485 = VERTEX_POINT('',#2486);
#2486 = CARTESIAN_POINT('',(-0.418212890625,-0.295166015625,0.5));
#2487 = VERTEX_POINT('',#2488);
#2488 = CARTESIAN_POINT('',(-0.3603515625,-0.555908203125,0.5));
#2489 = SURFACE_CURVE('',#2490,(#2494,#2501),.PCURVE_S1.);
#2490 = B_SPLINE_CURVE_WITH_KNOTS('',2,(#2491,#2492,#2493),
  .UNSPECIFIED.,.F.,.F.,(3,3),(0.,1.),.PIECEWISE_BEZIER_KNOTS.);
#2491 = CARTESIAN_POINT('',(-0.418212890625,-0.295166015625,0.5));
#2492 = CARTESIAN_POINT('',(-0.418212890625,-0.431396484375,0.5));
#2493 = CARTESIAN_POINT('',(-0.3603515625,-0.555908203125,0.5));
#2494 = PCURVE('',#1509,#2495);
#2495 = DEFINITIONAL_REPRESENTATION('',(#2496),#2500);
#2496 = B_SPLINE_CURVE_WITH_KNOTS('',2,(#2497,#2498,#2499),
  .UNSPECIFIED.,.F.,.F.,(3,3),(0.,1.),.PIECEWISE_BEZIER_KNOTS.);
#2497 = CARTESIAN_POINT('',(0.416015625,0.69580078125));
#2498 = CARTESIAN_POINT('',(0.416015625,0.5595703125));
#2499 = CARTESIAN_POINT('',(0.473876953125,0.43505859375));
#2500 = ( GEOMETRIC_REPRESENTATION_CONTEXT(2) 
PARAMETRIC_REPRESENTATION_CONTEXT() REPRESENTATION_CONTEXT('2D SPACE',''
  ) );
#2501 = PCURVE('',#2502,#2509);
#2502 = SURFACE_OF_LINEAR_EXTRUSION('',#2503,#2507);
#2503 = B_SPLINE_CURVE_WITH_KNOTS('',2,(#2504,#2505,#2506),
  .UNSPECIFIED.,.F.,.F.,(3,3),(0.,1.),.PIECEWISE_BEZIER_KNOTS.);
#2504 = CARTESIAN_POINT('',(-0.418212890625,-0.295166015625,0.5));
#2505 = CARTESIAN_POINT('',(-0.418212890625,-0.431396484375,0.5));
#2506 = CARTESIAN_POINT('',(-0.3603515625,-0.555908203125,0.5));
#2507 = VECTOR('',#2508,1.);
#2508 = DIRECTION('',(-0.,-0.,-1.));
#2509 = DEFINITIONAL_REPRESENTATION('',(#2510),#2514);
#2510 = LINE('',#2511,#2512);
#2511 = CARTESIAN_POINT('',(0.,0.));
#2512 = VECTOR('',#2513,1.);
#2513 = DIRECTION('',(1.,0.));
#2514 = ( GEOMETRIC_REPRESENTATION_CONTEXT(2) 
PARAMETRIC_REPRESENTATION_CONTEXT() REPRESENTATION_CONTEXT('2D SPACE',''
  ) );
#2515 = ORIENTED_EDGE('',*,*,#2516,.T.);
#2516 = EDGE_CURVE('',#2487,#2517,#2519,.T.);
#2517 = VERTEX_POINT('',#2518);
#2518 = CARTESIAN_POINT('',(-0.198486328125,-0.74560546875,0.5));
#2519 = SURFACE_CURVE('',#2520,(#2524,#2531),.PCURVE_S1.);
#2520 = B_SPLINE_CURVE_WITH_KNOTS('',2,(#2521,#2522,#2523),
  .UNSPECIFIED.,.F.,.F.,(3,3),(0.,1.),.PIECEWISE_BEZIER_KNOTS.);
#2521 = CARTESIAN_POINT('',(-0.3603515625,-0.555908203125,0.5));
#2522 = CARTESIAN_POINT('',(-0.302490234375,-0.680419921875,0.5));
#2523 = CARTESIAN_POINT('',(-0.198486328125,-0.74560546875,0.5));
#2524 = PCURVE('',#1509,#2525);
#2525 = DEFINITIONAL_REPRESENTATION('',(#2526),#2530);
#2526 = B_SPLINE_CURVE_WITH_KNOTS('',2,(#2527,#2528,#2529),
  .UNSPECIFIED.,.F.,.F.,(3,3),(0.,1.),.PIECEWISE_BEZIER_KNOTS.);
#2527 = CARTESIAN_POINT('',(0.473876953125,0.43505859375));
#2528 = CARTESIAN_POINT('',(0.53173828125,0.310546875));
#2529 = CARTESIAN_POINT('',(0.6357421875,0.245361328125));
#2530 = ( GEOMETRIC_REPRESENTATION_CONTEXT(2) 
PARAMETRIC_REPRESENTATION_CONTEXT() REPRESENTATION_CONTEXT('2D SPACE',''
  ) );
#2531 = PCURVE('',#2532,#2539);
#2532 = SURFACE_OF_LINEAR_EXTRUSION('',#2533,#2537);
#2533 = B_SPLINE_CURVE_WITH_KNOTS('',2,(#2534,#2535,#2536),
  .UNSPECIFIED.,.F.,.F.,(3,3),(0.,1.),.PIECEWISE_BEZIER_KNOTS.);
#2534 = CARTESIAN_POINT('',(-0.3603515625,-0.555908203125,0.5));
#2535 = CARTESIAN_POINT('',(-0.302490234375,-0.680419921875,0.5));
#2536 = CARTESIAN_POINT('',(-0.198486328125,-0.74560546875,0.5));
#2537 = VECTOR('',#2538,1.);
#2538 = DIRECTION('',(-0.,-0.,-1.));
#2539 = DEFINITIONAL_REPRESENTATION('',(#2540),#2544);
#2540 = LINE('',#2541,#2542);
#2541 = CARTESIAN_POINT('',(0.,0.));
#2542 = VECTOR('',#2543,1.);
#2543 = DIRECTION('',(1.,0.));
#2544 = ( GEOMETRIC_REPRESENTATION_CONTEXT(2) 
PARAMETRIC_REPRESENTATION_CONTEXT() REPRESENTATION_CONTEXT('2D SPACE',''
  ) );
#2545 = ORIENTED_EDGE('',*,*,#2546,.T.);
#2546 = EDGE_CURVE('',#2517,#2547,#2549,.T.);
#2547 = VERTEX_POINT('',#2548);
#2548 = CARTESIAN_POINT('',(1.9775390625E-02,-0.810791015625,0.5));
#2549 = SURFACE_CURVE('',#2550,(#2554,#2561),.PCURVE_S1.);
#2550 = B_SPLINE_CURVE_WITH_KNOTS('',2,(#2551,#2552,#2553),
  .UNSPECIFIED.,.F.,.F.,(3,3),(0.,1.),.PIECEWISE_BEZIER_KNOTS.);
#2551 = CARTESIAN_POINT('',(-0.198486328125,-0.74560546875,0.5));
#2552 = CARTESIAN_POINT('',(-9.4482421875E-02,-0.810791015625,0.5));
#2553 = CARTESIAN_POINT('',(1.9775390625E-02,-0.810791015625,0.5));
#2554 = PCURVE('',#1509,#2555);
#2555 = DEFINITIONAL_REPRESENTATION('',(#2556),#2560);
#2556 = B_SPLINE_CURVE_WITH_KNOTS('',2,(#2557,#2558,#2559),
  .UNSPECIFIED.,.F.,.F.,(3,3),(0.,1.),.PIECEWISE_BEZIER_KNOTS.);
#2557 = CARTESIAN_POINT('',(0.6357421875,0.245361328125));
#2558 = CARTESIAN_POINT('',(0.73974609375,0.18017578125));
#2559 = CARTESIAN_POINT('',(0.85400390625,0.18017578125));
#2560 = ( GEOMETRIC_REPRESENTATION_CONTEXT(2) 
PARAMETRIC_REPRESENTATION_CONTEXT() REPRESENTATION_CONTEXT('2D SPACE',''
  ) );
#2561 = PCURVE('',#2562,#2569);
#2562 = SURFACE_OF_LINEAR_EXTRUSION('',#2563,#2567);
#2563 = B_SPLINE_CURVE_WITH_KNOTS('',2,(#2564,#2565,#2566),
  .UNSPECIFIED.,.F.,.F.,(3,3),(0.,1.),.PIECEWISE_BEZIER_KNOTS.);
#2564 = CARTESIAN_POINT('',(-0.198486328125,-0.74560546875,0.5));
#2565 = CARTESIAN_POINT('',(-9.4482421875E-02,-0.810791015625,0.5));
#2566 = CARTESIAN_POINT('',(1.9775390625E-02,-0.810791015625,0.5));
#2567 = VECTOR('',#2568,1.);
#2568 = DIRECTION('',(-0.,-0.,-1.));
#2569 = DEFINITIONAL_REPRESENTATION('',(#2570),#2574);
#2570 = LINE('',#2571,#2572);
#2571 = CARTESIAN_POINT('',(0.,0.));
#2572 = VECTOR('',#2573,1.);
#2573 = DIRECTION('',(1.,0.));
#2574 = ( GEOMETRIC_REPRESENTATION_CONTEXT(2) 
PARAMETRIC_REPRESENTATION_CONTEXT() REPRESENTATION_CONTEXT('2D SPACE',''
  ) );
#2575 = ORIENTED_EDGE('',*,*,#2576,.T.);
#2576 = EDGE_CURVE('',#2547,#2577,#2579,.T.);
#2577 = VERTEX_POINT('',#2578);
#2578 = CARTESIAN_POINT('',(0.306884765625,-0.676025390625,0.5));
#2579 = SURFACE_CURVE('',#2580,(#2584,#2591),.PCURVE_S1.);
#2580 = B_SPLINE_CURVE_WITH_KNOTS('',2,(#2581,#2582,#2583),
  .UNSPECIFIED.,.F.,.F.,(3,3),(0.,1.),.PIECEWISE_BEZIER_KNOTS.);
#2581 = CARTESIAN_POINT('',(1.9775390625E-02,-0.810791015625,0.5));
#2582 = CARTESIAN_POINT('',(0.186767578125,-0.810791015625,0.5));
#2583 = CARTESIAN_POINT('',(0.306884765625,-0.676025390625,0.5));
#2584 = PCURVE('',#1509,#2585);
#2585 = DEFINITIONAL_REPRESENTATION('',(#2586),#2590);
#2586 = B_SPLINE_CURVE_WITH_KNOTS('',2,(#2587,#2588,#2589),
  .UNSPECIFIED.,.F.,.F.,(3,3),(0.,1.),.PIECEWISE_BEZIER_KNOTS.);
#2587 = CARTESIAN_POINT('',(0.85400390625,0.18017578125));
#2588 = CARTESIAN_POINT('',(1.02099609375,0.18017578125));
#2589 = CARTESIAN_POINT('',(1.14111328125,0.31494140625));
#2590 = ( GEOMETRIC_REPRESENTATION_CONTEXT(2) 
PARAMETRIC_REPRESENTATION_CONTEXT() REPRESENTATION_CONTEXT('2D SPACE',''
  ) );
#2591 = PCURVE('',#2592,#2599);
#2592 = SURFACE_OF_LINEAR_EXTRUSION('',#2593,#2597);
#2593 = B_SPLINE_CURVE_WITH_KNOTS('',2,(#2594,#2595,#2596),
  .UNSPECIFIED.,.F.,.F.,(3,3),(0.,1.),.PIECEWISE_BEZIER_KNOTS.);
#2594 = CARTESIAN_POINT('',(1.9775390625E-02,-0.810791015625,0.5));
#2595 = CARTESIAN_POINT('',(0.186767578125,-0.810791015625,0.5));
#2596 = CARTESIAN_POINT('',(0.306884765625,-0.676025390625,0.5));
#2597 = VECTOR('',#2598,1.);
#2598 = DIRECTION('',(-0.,-0.,-1.));
#2599 = DEFINITIONAL_REPRESENTATION('',(#2600),#2604);
#2600 = LINE('',#2601,#2602);
#2601 = CARTESIAN_POINT('',(0.,0.));
#2602 = VECTOR('',#2603,1.);
#2603 = DIRECTION('',(1.,0.));
#2604 = ( GEOMETRIC_REPRESENTATION_CONTEXT(2) 
PARAMETRIC_REPRESENTATION_CONTEXT() REPRESENTATION_CONTEXT('2D SPACE',''
  ) );
#2605 = ORIENTED_EDGE('',*,*,#2606,.T.);
#2606 = EDGE_CURVE('',#2577,#2607,#2609,.T.);
#2607 = VERTEX_POINT('',#2608);
#2608 = CARTESIAN_POINT('',(0.427001953125,-0.309814453125,0.5));
#2609 = SURFACE_CURVE('',#2610,(#2614,#2621),.PCURVE_S1.);
#2610 = B_SPLINE_CURVE_WITH_KNOTS('',2,(#2611,#2612,#2613),
  .UNSPECIFIED.,.F.,.F.,(3,3),(0.,1.),.PIECEWISE_BEZIER_KNOTS.);
#2611 = CARTESIAN_POINT('',(0.306884765625,-0.676025390625,0.5));
#2612 = CARTESIAN_POINT('',(0.427001953125,-0.541259765625,0.5));
#2613 = CARTESIAN_POINT('',(0.427001953125,-0.309814453125,0.5));
#2614 = PCURVE('',#1509,#2615);
#2615 = DEFINITIONAL_REPRESENTATION('',(#2616),#2620);
#2616 = B_SPLINE_CURVE_WITH_KNOTS('',2,(#2617,#2618,#2619),
  .UNSPECIFIED.,.F.,.F.,(3,3),(0.,1.),.PIECEWISE_BEZIER_KNOTS.);
#2617 = CARTESIAN_POINT('',(1.14111328125,0.31494140625));
#2618 = CARTESIAN_POINT('',(1.26123046875,0.44970703125));
#2619 = CARTESIAN_POINT('',(1.26123046875,0.68115234375));
#2620 = ( GEOMETRIC_REPRESENTATION_CONTEXT(2) 
PARAMETRIC_REPRESENTATION_CONTEXT() REPRESENTATION_CONTEXT('2D SPACE',''
  ) );
#2621 = PCURVE('',#2622,#2629);
#2622 = SURFACE_OF_LINEAR_EXTRUSION('',#2623,#2627);
#2623 = B_SPLINE_CURVE_WITH_KNOTS('',2,(#2624,#2625,#2626),
  .UNSPECIFIED.,.F.,.F.,(3,3),(0.,1.),.PIECEWISE_BEZIER_KNOTS.);
#2624 = CARTESIAN_POINT('',(0.306884765625,-0.676025390625,0.5));
#2625 = CARTESIAN_POINT('',(0.427001953125,-0.541259765625,0.5));
#2626 = CARTESIAN_POINT('',(0.427001953125,-0.309814453125,0.5));
#2627 = VECTOR('',#2628,1.);
#2628 = DIRECTION('',(-0.,-0.,-1.));
#2629 = DEFINITIONAL_REPRESENTATION('',(#2630),#2634);
#2630 = LINE('',#2631,#2632);
#2631 = CARTESIAN_POINT('',(0.,0.));
#2632 = VECTOR('',#2633,1.);
#2633 = DIRECTION('',(1.,0.));
#2634 = ( GEOMETRIC_REPRESENTATION_CONTEXT(2) 
PARAMETRIC_REPRESENTATION_CONTEXT() REPRESENTATION_CONTEXT('2D SPACE',''
  ) );
#2635 = ORIENTED_EDGE('',*,*,#2636,.T.);
#2636 = EDGE_CURVE('',#2607,#2637,#2639,.T.);
#2637 = VERTEX_POINT('',#2638);
#2638 = CARTESIAN_POINT('',(0.308349609375,4.1015625E-02,0.5));
#2639 = SURFACE_CURVE('',#2640,(#2644,#2651),.PCURVE_S1.);
#2640 = B_SPLINE_CURVE_WITH_KNOTS('',2,(#2641,#2642,#2643),
  .UNSPECIFIED.,.F.,.F.,(3,3),(0.,1.),.PIECEWISE_BEZIER_KNOTS.);
#2641 = CARTESIAN_POINT('',(0.427001953125,-0.309814453125,0.5));
#2642 = CARTESIAN_POINT('',(0.427001953125,-8.7158203125E-02,0.5));
#2643 = CARTESIAN_POINT('',(0.308349609375,4.1015625E-02,0.5));
#2644 = PCURVE('',#1509,#2645);
#2645 = DEFINITIONAL_REPRESENTATION('',(#2646),#2650);
#2646 = B_SPLINE_CURVE_WITH_KNOTS('',2,(#2647,#2648,#2649),
  .UNSPECIFIED.,.F.,.F.,(3,3),(0.,1.),.PIECEWISE_BEZIER_KNOTS.);
#2647 = CARTESIAN_POINT('',(1.26123046875,0.68115234375));
#2648 = CARTESIAN_POINT('',(1.26123046875,0.90380859375));
#2649 = CARTESIAN_POINT('',(1.142578125,1.031982421875));
#2650 = ( GEOMETRIC_REPRESENTATION_CONTEXT(2) 
PARAMETRIC_REPRESENTATION_CONTEXT() REPRESENTATION_CONTEXT('2D SPACE',''
  ) );
#2651 = PCURVE('',#2652,#2659);
#2652 = SURFACE_OF_LINEAR_EXTRUSION('',#2653,#2657);
#2653 = B_SPLINE_CURVE_WITH_KNOTS('',2,(#2654,#2655,#2656),
  .UNSPECIFIED.,.F.,.F.,(3,3),(0.,1.),.PIECEWISE_BEZIER_KNOTS.);
#2654 = CARTESIAN_POINT('',(0.427001953125,-0.309814453125,0.5));
#2655 = CARTESIAN_POINT('',(0.427001953125,-8.7158203125E-02,0.5));
#2656 = CARTESIAN_POINT('',(0.308349609375,4.1015625E-02,0.5));
#2657 = VECTOR('',#2658,1.);
#2658 = DIRECTION('',(-0.,-0.,-1.));
#2659 = DEFINITIONAL_REPRESENTATION('',(#2660),#2664);
#2660 = LINE('',#2661,#2662);
#2661 = CARTESIAN_POINT('',(0.,0.));
#2662 = VECTOR('',#2663,1.);
#2663 = DIRECTION('',(1.,0.));
#2664 = ( GEOMETRIC_REPRESENTATION_CONTEXT(2) 
PARAMETRIC_REPRESENTATION_CONTEXT() REPRESENTATION_CONTEXT('2D SPACE',''
  ) );
#2665 = ORIENTED_EDGE('',*,*,#2666,.T.);
#2666 = EDGE_CURVE('',#2637,#2667,#2669,.T.);
#2667 = VERTEX_POINT('',#2668);
#2668 = CARTESIAN_POINT('',(9.521484375E-03,0.169189453125,0.5));
#2669 = SURFACE_CURVE('',#2670,(#2674,#2681),.PCURVE_S1.);
#2670 = B_SPLINE_CURVE_WITH_KNOTS('',2,(#2671,#2672,#2673),
  .UNSPECIFIED.,.F.,.F.,(3,3),(0.,1.),.PIECEWISE_BEZIER_KNOTS.);
#2671 = CARTESIAN_POINT('',(0.308349609375,4.1015625E-02,0.5));
#2672 = CARTESIAN_POINT('',(0.189697265625,0.169189453125,0.5));
#2673 = CARTESIAN_POINT('',(9.521484375E-03,0.169189453125,0.5));
#2674 = PCURVE('',#1509,#2675);
#2675 = DEFINITIONAL_REPRESENTATION('',(#2676),#2680);
#2676 = B_SPLINE_CURVE_WITH_KNOTS('',2,(#2677,#2678,#2679),
  .UNSPECIFIED.,.F.,.F.,(3,3),(0.,1.),.PIECEWISE_BEZIER_KNOTS.);
#2677 = CARTESIAN_POINT('',(1.142578125,1.031982421875));
#2678 = CARTESIAN_POINT('',(1.02392578125,1.16015625));
#2679 = CARTESIAN_POINT('',(0.84375,1.16015625));
#2680 = ( GEOMETRIC_REPRESENTATION_CONTEXT(2) 
PARAMETRIC_REPRESENTATION_CONTEXT() REPRESENTATION_CONTEXT('2D SPACE',''
  ) );
#2681 = PCURVE('',#2682,#2689);
#2682 = SURFACE_OF_LINEAR_EXTRUSION('',#2683,#2687);
#2683 = B_SPLINE_CURVE_WITH_KNOTS('',2,(#2684,#2685,#2686),
  .UNSPECIFIED.,.F.,.F.,(3,3),(0.,1.),.PIECEWISE_BEZIER_KNOTS.);
#2684 = CARTESIAN_POINT('',(0.308349609375,4.1015625E-02,0.5));
#2685 = CARTESIAN_POINT('',(0.189697265625,0.169189453125,0.5));
#2686 = CARTESIAN_POINT('',(9.521484375E-03,0.169189453125,0.5));
#2687 = VECTOR('',#2688,1.);
#2688 = DIRECTION('',(-0.,-0.,-1.));
#2689 = DEFINITIONAL_REPRESENTATION('',(#2690),#2694);
#2690 = LINE('',#2691,#2692);
#2691 = CARTESIAN_POINT('',(0.,0.));
#2692 = VECTOR('',#2693,1.);
#2693 = DIRECTION('',(1.,0.));
#2694 = ( GEOMETRIC_REPRESENTATION_CONTEXT(2) 
PARAMETRIC_REPRESENTATION_CONTEXT() REPRESENTATION_CONTEXT('2D SPACE',''
  ) );
#2695 = ORIENTED_EDGE('',*,*,#2696,.T.);
#2696 = EDGE_CURVE('',#2667,#2697,#2699,.T.);
#2697 = VERTEX_POINT('',#2698);
#2698 = CARTESIAN_POINT('',(-0.293701171875,4.1015625E-02,0.5));
#2699 = SURFACE_CURVE('',#2700,(#2704,#2711),.PCURVE_S1.);
#2700 = B_SPLINE_CURVE_WITH_KNOTS('',2,(#2701,#2702,#2703),
  .UNSPECIFIED.,.F.,.F.,(3,3),(0.,1.),.PIECEWISE_BEZIER_KNOTS.);
#2701 = CARTESIAN_POINT('',(9.521484375E-03,0.169189453125,0.5));
#2702 = CARTESIAN_POINT('',(-0.169189453125,0.169189453125,0.5));
#2703 = CARTESIAN_POINT('',(-0.293701171875,4.1015625E-02,0.5));
#2704 = PCURVE('',#1509,#2705);
#2705 = DEFINITIONAL_REPRESENTATION('',(#2706),#2710);
#2706 = B_SPLINE_CURVE_WITH_KNOTS('',2,(#2707,#2708,#2709),
  .UNSPECIFIED.,.F.,.F.,(3,3),(0.,1.),.PIECEWISE_BEZIER_KNOTS.);
#2707 = CARTESIAN_POINT('',(0.84375,1.16015625));
#2708 = CARTESIAN_POINT('',(0.6650390625,1.16015625));
#2709 = CARTESIAN_POINT('',(0.54052734375,1.031982421875));
#2710 = ( GEOMETRIC_REPRESENTATION_CONTEXT(2) 
PARAMETRIC_REPRESENTATION_CONTEXT() REPRESENTATION_CONTEXT('2D SPACE',''
  ) );
#2711 = PCURVE('',#2712,#2719);
#2712 = SURFACE_OF_LINEAR_EXTRUSION('',#2713,#2717);
#2713 = B_SPLINE_CURVE_WITH_KNOTS('',2,(#2714,#2715,#2716),
  .UNSPECIFIED.,.F.,.F.,(3,3),(0.,1.),.PIECEWISE_BEZIER_KNOTS.);
#2714 = CARTESIAN_POINT('',(9.521484375E-03,0.169189453125,0.5));
#2715 = CARTESIAN_POINT('',(-0.169189453125,0.169189453125,0.5));
#2716 = CARTESIAN_POINT('',(-0.293701171875,4.1015625E-02,0.5));
#2717 = VECTOR('',#2718,1.);
#2718 = DIRECTION('',(-0.,-0.,-1.));
#2719 = DEFINITIONAL_REPRESENTATION('',(#2720),#2724);
#2720 = LINE('',#2721,#2722);
#2721 = CARTESIAN_POINT('',(0.,0.));
#2722 = VECTOR('',#2723,1.);
#2723 = DIRECTION('',(1.,0.));
#2724 = ( GEOMETRIC_REPRESENTATION_CONTEXT(2) 
PARAMETRIC_REPRESENTATION_CONTEXT() REPRESENTATION_CONTEXT('2D SPACE',''
  ) );
#2725 = ORIENTED_EDGE('',*,*,#2726,.T.);
#2726 = EDGE_CURVE('',#2697,#2485,#2727,.T.);
#2727 = SURFACE_CURVE('',#2728,(#2732,#2739),.PCURVE_S1.);
#2728 = B_SPLINE_CURVE_WITH_KNOTS('',2,(#2729,#2730,#2731),
  .UNSPECIFIED.,.F.,.F.,(3,3),(0.,1.),.PIECEWISE_BEZIER_KNOTS.);
#2729 = CARTESIAN_POINT('',(-0.293701171875,4.1015625E-02,0.5));
#2730 = CARTESIAN_POINT('',(-0.418212890625,-8.7158203125E-02,0.5));
#2731 = CARTESIAN_POINT('',(-0.418212890625,-0.295166015625,0.5));
#2732 = PCURVE('',#1509,#2733);
#2733 = DEFINITIONAL_REPRESENTATION('',(#2734),#2738);
#2734 = B_SPLINE_CURVE_WITH_KNOTS('',2,(#2735,#2736,#2737),
  .UNSPECIFIED.,.F.,.F.,(3,3),(0.,1.),.PIECEWISE_BEZIER_KNOTS.);
#2735 = CARTESIAN_POINT('',(0.54052734375,1.031982421875));
#2736 = CARTESIAN_POINT('',(0.416015625,0.90380859375));
#2737 = CARTESIAN_POINT('',(0.416015625,0.69580078125));
#2738 = ( GEOMETRIC_REPRESENTATION_CONTEXT(2) 
PARAMETRIC_REPRESENTATION_CONTEXT() REPRESENTATION_CONTEXT('2D SPACE',''
  ) );
#2739 = PCURVE('',#2740,#2747);
#2740 = SURFACE_OF_LINEAR_EXTRUSION('',#2741,#2745);
#2741 = B_SPLINE_CURVE_WITH_KNOTS('',2,(#2742,#2743,#2744),
  .UNSPECIFIED.,.F.,.F.,(3,3),(0.,1.),.PIECEWISE_BEZIER_KNOTS.);
#2742 = CARTESIAN_POINT('',(-0.293701171875,4.1015625E-02,0.5));
#2743 = CARTESIAN_POINT('',(-0.418212890625,-8.7158203125E-02,0.5));
#2744 = CARTESIAN_POINT('',(-0.418212890625,-0.295166015625,0.5));
#2745 = VECTOR('',#2746,1.);
#2746 = DIRECTION('',(-0.,-0.,-1.));
#2747 = DEFINITIONAL_REPRESENTATION('',(#2748),#2752);
#2748 = LINE('',#2749,#2750);
#2749 = CARTESIAN_POINT('',(0.,0.));
#2750 = VECTOR('',#2751,1.);
#2751 = DIRECTION('',(1.,0.));
#2752 = ( GEOMETRIC_REPRESENTATION_CONTEXT(2) 
PARAMETRIC_REPRESENTATION_CONTEXT() REPRESENTATION_CONTEXT('2D SPACE',''
  ) );
#2753 = ADVANCED_FACE('',(#2754),#2448,.T.);
#2754 = FACE_BOUND('',#2755,.T.);
#2755 = EDGE_LOOP('',(#2756,#2779,#2806,#2807));
#2756 = ORIENTED_EDGE('',*,*,#2757,.T.);
#2757 = EDGE_CURVE('',#2432,#2758,#2760,.T.);
#2758 = VERTEX_POINT('',#2759);
#2759 = CARTESIAN_POINT('',(1.5,0.,-3.));
#2760 = SEAM_CURVE('',#2761,(#2765,#2772),.PCURVE_S1.);
#2761 = LINE('',#2762,#2763);
#2762 = CARTESIAN_POINT('',(1.5,0.,-2.5));
#2763 = VECTOR('',#2764,1.);
#2764 = DIRECTION('',(-0.,-0.,-1.));
#2765 = PCURVE('',#2448,#2766);
#2766 = DEFINITIONAL_REPRESENTATION('',(#2767),#2771);
#2767 = LINE('',#2768,#2769);
#2768 = CARTESIAN_POINT('',(0.,0.));
#2769 = VECTOR('',#2770,1.);
#2770 = DIRECTION('',(0.,-1.));
#2771 = ( GEOMETRIC_REPRESENTATION_CONTEXT(2) 
PARAMETRIC_REPRESENTATION_CONTEXT() REPRESENTATION_CONTEXT('2D SPACE',''
  ) );
#2772 = PCURVE('',#2448,#2773);
#2773 = DEFINITIONAL_REPRESENTATION('',(#2774),#2778);
#2774 = LINE('',#2775,#2776);
#2775 = CARTESIAN_POINT('',(6.28318530718,0.));
#2776 = VECTOR('',#2777,1.);
#2777 = DIRECTION('',(0.,-1.));
#2778 = ( GEOMETRIC_REPRESENTATION_CONTEXT(2) 
PARAMETRIC_REPRESENTATION_CONTEXT() REPRESENTATION_CONTEXT('2D SPACE',''
  ) );
#2779 = ORIENTED_EDGE('',*,*,#2780,.T.);
#2780 = EDGE_CURVE('',#2758,#2758,#2781,.T.);
#2781 = SURFACE_CURVE('',#2782,(#2787,#2794),.PCURVE_S1.);
#2782 = CIRCLE('',#2783,1.5);
#2783 = AXIS2_PLACEMENT_3D('',#2784,#2785,#2786);
#2784 = CARTESIAN_POINT('',(0.,0.,-3.));
#2785 = DIRECTION('',(0.,0.,1.));
#2786 = DIRECTION('',(1.,0.,0.));
#2787 = PCURVE('',#2448,#2788);
#2788 = DEFINITIONAL_REPRESENTATION('',(#2789),#2793);
#2789 = LINE('',#2790,#2791);
#2790 = CARTESIAN_POINT('',(0.,-0.5));
#2791 = VECTOR('',#2792,1.);
#2792 = DIRECTION('',(1.,0.));
#2793 = ( GEOMETRIC_REPRESENTATION_CONTEXT(2) 
PARAMETRIC_REPRESENTATION_CONTEXT() REPRESENTATION_CONTEXT('2D SPACE',''
  ) );
#2794 = PCURVE('',#2795,#2800);
#2795 = PLANE('',#2796);
#2796 = AXIS2_PLACEMENT_3D('',#2797,#2798,#2799);
#2797 = CARTESIAN_POINT('',(-8.546500828371E-17,5.272100442092E-17,-3.)
  );
#2798 = DIRECTION('',(0.,0.,1.));
#2799 = DIRECTION('',(1.,0.,-0.));
#2800 = DEFINITIONAL_REPRESENTATION('',(#2801),#2805);
#2801 = CIRCLE('',#2802,1.5);
#2802 = AXIS2_PLACEMENT_2D('',#2803,#2804);
#2803 = CARTESIAN_POINT('',(8.546500828371E-17,-5.272100442092E-17));
#2804 = DIRECTION('',(1.,0.));
#2805 = ( GEOMETRIC_REPRESENTATION_CONTEXT(2) 
PARAMETRIC_REPRESENTATION_CONTEXT() REPRESENTATION_CONTEXT('2D SPACE',''
  ) );
#2806 = ORIENTED_EDGE('',*,*,#2757,.F.);
#2807 = ORIENTED_EDGE('',*,*,#2431,.F.);
#2808 = ADVANCED_FACE('',(#2809),#2502,.F.);
#2809 = FACE_BOUND('',#2810,.F.);
#2810 = EDGE_LOOP('',(#2811,#2812,#2835,#2875));
#2811 = ORIENTED_EDGE('',*,*,#2484,.F.);
#2812 = ORIENTED_EDGE('',*,*,#2813,.T.);
#2813 = EDGE_CURVE('',#2485,#2814,#2816,.T.);
#2814 = VERTEX_POINT('',#2815);
#2815 = CARTESIAN_POINT('',(-0.418212890625,-0.295166015625,
    0.657726553605));
#2816 = SURFACE_CURVE('',#2817,(#2821,#2828),.PCURVE_S1.);
#2817 = LINE('',#2818,#2819);
#2818 = CARTESIAN_POINT('',(-0.418212890625,-0.295166015625,0.5));
#2819 = VECTOR('',#2820,1.);
#2820 = DIRECTION('',(0.,0.,1.));
#2821 = PCURVE('',#2502,#2822);
#2822 = DEFINITIONAL_REPRESENTATION('',(#2823),#2827);
#2823 = LINE('',#2824,#2825);
#2824 = CARTESIAN_POINT('',(0.,0.));
#2825 = VECTOR('',#2826,1.);
#2826 = DIRECTION('',(0.,-1.));
#2827 = ( GEOMETRIC_REPRESENTATION_CONTEXT(2) 
PARAMETRIC_REPRESENTATION_CONTEXT() REPRESENTATION_CONTEXT('2D SPACE',''
  ) );
#2828 = PCURVE('',#2740,#2829);
#2829 = DEFINITIONAL_REPRESENTATION('',(#2830),#2834);
#2830 = LINE('',#2831,#2832);
#2831 = CARTESIAN_POINT('',(1.,0.));
#2832 = VECTOR('',#2833,1.);
#2833 = DIRECTION('',(0.,-1.));
#2834 = ( GEOMETRIC_REPRESENTATION_CONTEXT(2) 
PARAMETRIC_REPRESENTATION_CONTEXT() REPRESENTATION_CONTEXT('2D SPACE',''
  ) );
#2835 = ORIENTED_EDGE('',*,*,#2836,.F.);
#2836 = EDGE_CURVE('',#2837,#2814,#2839,.T.);
#2837 = VERTEX_POINT('',#2838);
#2838 = CARTESIAN_POINT('',(-0.3603515625,-0.555908203125,0.662943830237
    ));
#2839 = SURFACE_CURVE('',#2840,(#2848,#2859),.PCURVE_S1.);
#2840 = B_SPLINE_CURVE_WITH_KNOTS('',6,(#2841,#2842,#2843,#2844,#2845,
    #2846,#2847),.UNSPECIFIED.,.F.,.F.,(7,7),(0.,1.),
  .PIECEWISE_BEZIER_KNOTS.);
#2841 = CARTESIAN_POINT('',(-0.3603515625,-0.555908203125,0.662943830237
    ));
#2842 = CARTESIAN_POINT('',(-0.379796309552,-0.514065076557,
    0.661984726062));
#2843 = CARTESIAN_POINT('',(-0.395310880557,-0.47144804295,
    0.661067475557));
#2844 = CARTESIAN_POINT('',(-0.406877465934,-0.428113136431,
    0.660181864939));
#2845 = CARTESIAN_POINT('',(-0.414492911797,-0.384160573568,
    0.659325135387));
#2846 = CARTESIAN_POINT('',(-0.418212890625,-0.339760196063,
    0.658503009141));
#2847 = CARTESIAN_POINT('',(-0.418212890625,-0.295166015625,
    0.657726553605));
#2848 = PCURVE('',#2502,#2849);
#2849 = DEFINITIONAL_REPRESENTATION('',(#2850),#2858);
#2850 = B_SPLINE_CURVE_WITH_KNOTS('',6,(#2851,#2852,#2853,#2854,#2855,
    #2856,#2857),.UNSPECIFIED.,.F.,.F.,(7,7),(0.,1.),
  .PIECEWISE_BEZIER_KNOTS.);
#2851 = CARTESIAN_POINT('',(1.,-0.162943830237));
#2852 = CARTESIAN_POINT('',(0.831971130958,-0.161984726062));
#2853 = CARTESIAN_POINT('',(0.664023293653,-0.161067475557));
#2854 = CARTESIAN_POINT('',(0.496375386001,-0.160181864939));
#2855 = CARTESIAN_POINT('',(0.329397572363,-0.159325135387));
#2856 = CARTESIAN_POINT('',(0.163671830713,-0.158503009141));
#2857 = CARTESIAN_POINT('',(0.,-0.157726553605));
#2858 = ( GEOMETRIC_REPRESENTATION_CONTEXT(2) 
PARAMETRIC_REPRESENTATION_CONTEXT() REPRESENTATION_CONTEXT('2D SPACE',''
  ) );
#2859 = PCURVE('',#2860,#2865);
#2860 = SPHERICAL_SURFACE('',#2861,16.96);
#2861 = AXIS2_PLACEMENT_3D('',#2862,#2863,#2864);
#2862 = CARTESIAN_POINT('',(0.,0.,17.61));
#2863 = DIRECTION('',(0.,0.,1.));
#2864 = DIRECTION('',(1.,0.,0.));
#2865 = DEFINITIONAL_REPRESENTATION('',(#2866),#2874);
#2866 = B_SPLINE_CURVE_WITH_KNOTS('',6,(#2867,#2868,#2869,#2870,#2871,
    #2872,#2873),.UNSPECIFIED.,.F.,.F.,(7,7),(0.,1.),
  .PIECEWISE_BEZIER_KNOTS.);
#2867 = CARTESIAN_POINT('',(4.137265149574,-1.531724735178));
#2868 = CARTESIAN_POINT('',(4.078280217506,-1.533172471046));
#2869 = CARTESIAN_POINT('',(4.018395952937,-1.534621362128));
#2870 = CARTESIAN_POINT('',(3.957148107888,-1.536087077922));
#2871 = CARTESIAN_POINT('',(3.893837408101,-1.537578423293));
#2872 = CARTESIAN_POINT('',(3.827362728657,-1.539093057217));
#2873 = CARTESIAN_POINT('',(3.756186843909,-1.540609916266));
#2874 = ( GEOMETRIC_REPRESENTATION_CONTEXT(2) 
PARAMETRIC_REPRESENTATION_CONTEXT() REPRESENTATION_CONTEXT('2D SPACE',''
  ) );
#2875 = ORIENTED_EDGE('',*,*,#2876,.F.);
#2876 = EDGE_CURVE('',#2487,#2837,#2877,.T.);
#2877 = SURFACE_CURVE('',#2878,(#2882,#2889),.PCURVE_S1.);
#2878 = LINE('',#2879,#2880);
#2879 = CARTESIAN_POINT('',(-0.3603515625,-0.555908203125,0.5));
#2880 = VECTOR('',#2881,1.);
#2881 = DIRECTION('',(0.,0.,1.));
#2882 = PCURVE('',#2502,#2883);
#2883 = DEFINITIONAL_REPRESENTATION('',(#2884),#2888);
#2884 = LINE('',#2885,#2886);
#2885 = CARTESIAN_POINT('',(1.,0.));
#2886 = VECTOR('',#2887,1.);
#2887 = DIRECTION('',(0.,-1.));
#2888 = ( GEOMETRIC_REPRESENTATION_CONTEXT(2) 
PARAMETRIC_REPRESENTATION_CONTEXT() REPRESENTATION_CONTEXT('2D SPACE',''
  ) );
#2889 = PCURVE('',#2532,#2890);
#2890 = DEFINITIONAL_REPRESENTATION('',(#2891),#2895);
#2891 = LINE('',#2892,#2893);
#2892 = CARTESIAN_POINT('',(0.,0.));
#2893 = VECTOR('',#2894,1.);
#2894 = DIRECTION('',(0.,-1.));
#2895 = ( GEOMETRIC_REPRESENTATION_CONTEXT(2) 
PARAMETRIC_REPRESENTATION_CONTEXT() REPRESENTATION_CONTEXT('2D SPACE',''
  ) );
#2896 = ADVANCED_FACE('',(#2897),#2532,.F.);
#2897 = FACE_BOUND('',#2898,.F.);
#2898 = EDGE_LOOP('',(#2899,#2900,#2901,#2945));
#2899 = ORIENTED_EDGE('',*,*,#2516,.F.);
#2900 = ORIENTED_EDGE('',*,*,#2876,.T.);
#2901 = ORIENTED_EDGE('',*,*,#2902,.F.);
#2902 = EDGE_CURVE('',#2903,#2837,#2905,.T.);
#2903 = VERTEX_POINT('',#2904);
#2904 = CARTESIAN_POINT('',(-0.198486328125,-0.74560546875,
    0.667559925958));
#2905 = SURFACE_CURVE('',#2906,(#2917,#2931),.PCURVE_S1.);
#2906 = B_SPLINE_CURVE_WITH_KNOTS('',5,(#2907,#2908,#2909,#2910,#2911,
    #2912,#2913,#2914,#2915,#2916),.UNSPECIFIED.,.F.,.F.,(6,4,6),(0.,
    0.179074285571,1.),.UNSPECIFIED.);
#2907 = CARTESIAN_POINT('',(-0.198486328125,-0.74560546875,
    0.667559925958));
#2908 = CARTESIAN_POINT('',(-0.205971005654,-0.740914368045,
    0.667441164777));
#2909 = CARTESIAN_POINT('',(-0.21330908288,-0.736029508278,
    0.667317916949));
#2910 = CARTESIAN_POINT('',(-0.220499397707,-0.730951191927,
    0.667190126732));
#2911 = CARTESIAN_POINT('',(-0.227540912619,-0.7256799424,0.667057778558
    ));
#2912 = CARTESIAN_POINT('',(-0.26602662838,-0.695170601867,
    0.666293394489));
#2913 = CARTESIAN_POINT('',(-0.294471962088,-0.666087441934,
    0.665570719063));
#2914 = CARTESIAN_POINT('',(-0.319688020417,-0.633036218859,
    0.66475483506));
#2915 = CARTESIAN_POINT('',(-0.341632849732,-0.596188977435,
    0.663867123068));
#2916 = CARTESIAN_POINT('',(-0.3603515625,-0.555908203125,0.662943830237
    ));
#2917 = PCURVE('',#2532,#2918);
#2918 = DEFINITIONAL_REPRESENTATION('',(#2919),#2930);
#2919 = B_SPLINE_CURVE_WITH_KNOTS('',5,(#2920,#2921,#2922,#2923,#2924,
    #2925,#2926,#2927,#2928,#2929),.UNSPECIFIED.,.F.,.F.,(6,4,6),(0.,
    0.179074285571,1.),.UNSPECIFIED.);
#2920 = CARTESIAN_POINT('',(1.,-0.167559925958));
#2921 = CARTESIAN_POINT('',(0.964017324929,-0.167441164777));
#2922 = CARTESIAN_POINT('',(0.928021394885,-0.167317916949));
#2923 = CARTESIAN_POINT('',(0.892016726095,-0.167190126732));
#2924 = CARTESIAN_POINT('',(0.856007987526,-0.167057778558));
#2925 = CARTESIAN_POINT('',(0.654929499223,-0.166293394489));
#2926 = CARTESIAN_POINT('',(0.489886439129,-0.165570719063));
#2927 = CARTESIAN_POINT('',(0.325305565709,-0.16475483506));
#2928 = CARTESIAN_POINT('',(0.161754952525,-0.163867123068));
#2929 = CARTESIAN_POINT('',(0.,-0.162943830237));
#2930 = ( GEOMETRIC_REPRESENTATION_CONTEXT(2) 
PARAMETRIC_REPRESENTATION_CONTEXT() REPRESENTATION_CONTEXT('2D SPACE',''
  ) );
#2931 = PCURVE('',#2860,#2932);
#2932 = DEFINITIONAL_REPRESENTATION('',(#2933),#2944);
#2933 = B_SPLINE_CURVE_WITH_KNOTS('',5,(#2934,#2935,#2936,#2937,#2938,
    #2939,#2940,#2941,#2942,#2943),.UNSPECIFIED.,.F.,.F.,(6,4,6),(0.,
    0.179074285571,1.),.UNSPECIFIED.);
#2934 = CARTESIAN_POINT('',(4.452214618451,-1.525286949556));
#2935 = CARTESIAN_POINT('',(4.441276487013,-1.525440870489));
#2936 = CARTESIAN_POINT('',(4.430364936575,-1.525601256588));
#2937 = CARTESIAN_POINT('',(4.419471490108,-1.525768289582));
#2938 = CARTESIAN_POINT('',(4.408587090267,-1.525942113973));
#2939 = CARTESIAN_POINT('',(4.347802311282,-1.52695132123));
#2940 = CARTESIAN_POINT('',(4.29789368745,-1.527924761216));
#2941 = CARTESIAN_POINT('',(4.247035936017,-1.52905331771));
#2942 = CARTESIAN_POINT('',(4.19404768308,-1.530331055342));
#2943 = CARTESIAN_POINT('',(4.137265149574,-1.531724735178));
#2944 = ( GEOMETRIC_REPRESENTATION_CONTEXT(2) 
PARAMETRIC_REPRESENTATION_CONTEXT() REPRESENTATION_CONTEXT('2D SPACE',''
  ) );
#2945 = ORIENTED_EDGE('',*,*,#2946,.F.);
#2946 = EDGE_CURVE('',#2517,#2903,#2947,.T.);
#2947 = SURFACE_CURVE('',#2948,(#2952,#2959),.PCURVE_S1.);
#2948 = LINE('',#2949,#2950);
#2949 = CARTESIAN_POINT('',(-0.198486328125,-0.74560546875,0.5));
#2950 = VECTOR('',#2951,1.);
#2951 = DIRECTION('',(0.,0.,1.));
#2952 = PCURVE('',#2532,#2953);
#2953 = DEFINITIONAL_REPRESENTATION('',(#2954),#2958);
#2954 = LINE('',#2955,#2956);
#2955 = CARTESIAN_POINT('',(1.,0.));
#2956 = VECTOR('',#2957,1.);
#2957 = DIRECTION('',(0.,-1.));
#2958 = ( GEOMETRIC_REPRESENTATION_CONTEXT(2) 
PARAMETRIC_REPRESENTATION_CONTEXT() REPRESENTATION_CONTEXT('2D SPACE',''
  ) );
#2959 = PCURVE('',#2562,#2960);
#2960 = DEFINITIONAL_REPRESENTATION('',(#2961),#2965);
#2961 = LINE('',#2962,#2963);
#2962 = CARTESIAN_POINT('',(0.,0.));
#2963 = VECTOR('',#2964,1.);
#2964 = DIRECTION('',(0.,-1.));
#2965 = ( GEOMETRIC_REPRESENTATION_CONTEXT(2) 
PARAMETRIC_REPRESENTATION_CONTEXT() REPRESENTATION_CONTEXT('2D SPACE',''
  ) );
#2966 = ADVANCED_FACE('',(#2967),#2562,.F.);
#2967 = FACE_BOUND('',#2968,.F.);
#2968 = EDGE_LOOP('',(#2969,#2970,#2971,#3015));
#2969 = ORIENTED_EDGE('',*,*,#2546,.F.);
#2970 = ORIENTED_EDGE('',*,*,#2946,.T.);
#2971 = ORIENTED_EDGE('',*,*,#2972,.F.);
#2972 = EDGE_CURVE('',#2973,#2903,#2975,.T.);
#2973 = VERTEX_POINT('',#2974);
#2974 = CARTESIAN_POINT('',(1.9775390625E-02,-0.810791015625,
    0.669402995676));
#2975 = SURFACE_CURVE('',#2976,(#2987,#3001),.PCURVE_S1.);
#2976 = B_SPLINE_CURVE_WITH_KNOTS('',5,(#2977,#2978,#2979,#2980,#2981,
    #2982,#2983,#2984,#2985,#2986),.UNSPECIFIED.,.F.,.F.,(6,4,6),(0.,
    0.279382737755,1.),.UNSPECIFIED.);
#2977 = CARTESIAN_POINT('',(1.9775390625E-02,-0.810791015625,
    0.669402995676));
#2978 = CARTESIAN_POINT('',(6.99085018607E-03,-0.810791015625,
    0.669388071805));
#2979 = CARTESIAN_POINT('',(-5.722788786179E-03,-0.810280946716,
    0.669360878746));
#2980 = CARTESIAN_POINT('',(-1.836213518328E-02,-0.809259314935,
    0.66932108046));
#2981 = CARTESIAN_POINT('',(-3.092393634377E-02,-0.80772564269,
    0.669268523402));
#2982 = CARTESIAN_POINT('',(-7.559792661859E-02,-0.800405312362,
    0.66903484082));
#2983 = CARTESIAN_POINT('',(-0.107253665248,-0.791727282409,
    0.668781770761));
#2984 = CARTESIAN_POINT('',(-0.138320080833,-0.779655694894,
    0.668444460403));
#2985 = CARTESIAN_POINT('',(-0.168746866576,-0.764244990425,
    0.668031809154));
#2986 = CARTESIAN_POINT('',(-0.198486328125,-0.74560546875,
    0.667559925958));
#2987 = PCURVE('',#2562,#2988);
#2988 = DEFINITIONAL_REPRESENTATION('',(#2989),#3000);
#2989 = B_SPLINE_CURVE_WITH_KNOTS('',5,(#2990,#2991,#2992,#2993,#2994,
    #2995,#2996,#2997,#2998,#2999),.UNSPECIFIED.,.F.,.F.,(6,4,6),(0.,
    0.279382737755,1.),.UNSPECIFIED.);
#2990 = CARTESIAN_POINT('',(1.,-0.169402995676));
#2991 = CARTESIAN_POINT('',(0.944053976883,-0.169388071805));
#2992 = CARTESIAN_POINT('',(0.88806710714,-0.169360878746));
#2993 = CARTESIAN_POINT('',(0.832053202096,-0.16932108046));
#2994 = CARTESIAN_POINT('',(0.776026166858,-0.169268523402));
#2995 = CARTESIAN_POINT('',(0.575490632753,-0.16903484082));
#2996 = CARTESIAN_POINT('',(0.430989257878,-0.168781770761));
#2997 = CARTESIAN_POINT('',(0.286730776684,-0.168444460403));
#2998 = CARTESIAN_POINT('',(0.142972810452,-0.168031809154));
#2999 = CARTESIAN_POINT('',(0.,-0.167559925958));
#3000 = ( GEOMETRIC_REPRESENTATION_CONTEXT(2) 
PARAMETRIC_REPRESENTATION_CONTEXT() REPRESENTATION_CONTEXT('2D SPACE',''
  ) );
#3001 = PCURVE('',#2860,#3002);
#3002 = DEFINITIONAL_REPRESENTATION('',(#3003),#3014);
#3003 = B_SPLINE_CURVE_WITH_KNOTS('',5,(#3004,#3005,#3006,#3007,#3008,
    #3009,#3010,#3011,#3012,#3013),.UNSPECIFIED.,.F.,.F.,(6,4,6),(0.,
    0.279382737755,1.),.UNSPECIFIED.);
#3004 = CARTESIAN_POINT('',(4.736774389557,-1.52295779081));
#3005 = CARTESIAN_POINT('',(4.721015779267,-1.522976191894));
#3006 = CARTESIAN_POINT('',(4.705344748652,-1.523009729971));
#3007 = CARTESIAN_POINT('',(4.689732655848,-1.523058847189));
#3008 = CARTESIAN_POINT('',(4.674150155501,-1.523123814179));
#3009 = CARTESIAN_POINT('',(4.618373779128,-1.523413437931));
#3010 = CARTESIAN_POINT('',(4.578177689347,-1.52372825438));
#3011 = CARTESIAN_POINT('',(4.537462190052,-1.524150832865));
#3012 = CARTESIAN_POINT('',(4.495675961714,-1.524675363333));
#3013 = CARTESIAN_POINT('',(4.452214618451,-1.525286949556));
#3014 = ( GEOMETRIC_REPRESENTATION_CONTEXT(2) 
PARAMETRIC_REPRESENTATION_CONTEXT() REPRESENTATION_CONTEXT('2D SPACE',''
  ) );
#3015 = ORIENTED_EDGE('',*,*,#3016,.F.);
#3016 = EDGE_CURVE('',#2547,#2973,#3017,.T.);
#3017 = SURFACE_CURVE('',#3018,(#3022,#3029),.PCURVE_S1.);
#3018 = LINE('',#3019,#3020);
#3019 = CARTESIAN_POINT('',(1.9775390625E-02,-0.810791015625,0.5));
#3020 = VECTOR('',#3021,1.);
#3021 = DIRECTION('',(0.,0.,1.));
#3022 = PCURVE('',#2562,#3023);
#3023 = DEFINITIONAL_REPRESENTATION('',(#3024),#3028);
#3024 = LINE('',#3025,#3026);
#3025 = CARTESIAN_POINT('',(1.,0.));
#3026 = VECTOR('',#3027,1.);
#3027 = DIRECTION('',(0.,-1.));
#3028 = ( GEOMETRIC_REPRESENTATION_CONTEXT(2) 
PARAMETRIC_REPRESENTATION_CONTEXT() REPRESENTATION_CONTEXT('2D SPACE',''
  ) );
#3029 = PCURVE('',#2592,#3030);
#3030 = DEFINITIONAL_REPRESENTATION('',(#3031),#3035);
#3031 = LINE('',#3032,#3033);
#3032 = CARTESIAN_POINT('',(0.,0.));
#3033 = VECTOR('',#3034,1.);
#3034 = DIRECTION('',(0.,-1.));
#3035 = ( GEOMETRIC_REPRESENTATION_CONTEXT(2) 
PARAMETRIC_REPRESENTATION_CONTEXT() REPRESENTATION_CONTEXT('2D SPACE',''
  ) );
#3036 = ADVANCED_FACE('',(#3037),#2592,.F.);
#3037 = FACE_BOUND('',#3038,.F.);
#3038 = EDGE_LOOP('',(#3039,#3040,#3041,#3091));
#3039 = ORIENTED_EDGE('',*,*,#2576,.F.);
#3040 = ORIENTED_EDGE('',*,*,#3016,.T.);
#3041 = ORIENTED_EDGE('',*,*,#3042,.F.);
#3042 = EDGE_CURVE('',#3043,#2973,#3045,.T.);
#3043 = VERTEX_POINT('',#3044);
#3044 = CARTESIAN_POINT('',(0.306884765625,-0.676025390625,
    0.666257455572));
#3045 = SURFACE_CURVE('',#3046,(#3059,#3075),.PCURVE_S1.);
#3046 = B_SPLINE_CURVE_WITH_KNOTS('',6,(#3047,#3048,#3049,#3050,#3051,
    #3052,#3053,#3054,#3055,#3056,#3057,#3058),.UNSPECIFIED.,.F.,.F.,(7,
    5,7),(0.,0.568638896089,1.),.UNSPECIFIED.);
#3047 = CARTESIAN_POINT('',(0.306884765625,-0.676025390625,
    0.666257455572));
#3048 = CARTESIAN_POINT('',(0.284630981945,-0.700993050363,
    0.666850560945));
#3049 = CARTESIAN_POINT('',(0.261144950165,-0.723484748867,
    0.667401808625));
#3050 = CARTESIAN_POINT('',(0.236450859744,-0.743299681879,
    0.667894489636));
#3051 = CARTESIAN_POINT('',(0.210589824222,-0.760293367849,
    0.668315177937));
#3052 = CARTESIAN_POINT('',(0.183617403033,-0.774379806333,
    0.668656201986));
#3053 = CARTESIAN_POINT('',(0.134350060324,-0.79397772354,0.669112402561
    ));
#3054 = CARTESIAN_POINT('',(0.112498283035,-0.800738225656,
    0.669262229608));
#3055 = CARTESIAN_POINT('',(9.007713722266E-02,-0.80579005078,
    0.669364215578));
#3056 = CARTESIAN_POINT('',(6.712216961308E-02,-0.809135007052,
    0.669419468594));
#3057 = CARTESIAN_POINT('',(4.367352493564E-02,-0.810791015625,
    0.669430892859));
#3058 = CARTESIAN_POINT('',(1.9775390625E-02,-0.810791015625,
    0.669402995676));
#3059 = PCURVE('',#2592,#3060);
#3060 = DEFINITIONAL_REPRESENTATION('',(#3061),#3074);
#3061 = B_SPLINE_CURVE_WITH_KNOTS('',6,(#3062,#3063,#3064,#3065,#3066,
    #3067,#3068,#3069,#3070,#3071,#3072,#3073),.UNSPECIFIED.,.F.,.F.,(7,
    5,7),(0.,0.568638896089,1.),.UNSPECIFIED.);
#3062 = CARTESIAN_POINT('',(1.,-0.166257455572));
#3063 = CARTESIAN_POINT('',(0.907366363869,-0.166850560945));
#3064 = CARTESIAN_POINT('',(0.81362176501,-0.167401808625));
#3065 = CARTESIAN_POINT('',(0.71904775677,-0.167894489636));
#3066 = CARTESIAN_POINT('',(0.623917908804,-0.168315177937));
#3067 = CARTESIAN_POINT('',(0.528488139174,-0.168656201986));
#3068 = CARTESIAN_POINT('',(0.360564087149,-0.169112402561));
#3069 = CARTESIAN_POINT('',(0.288095857802,-0.169262229608));
#3070 = CARTESIAN_POINT('',(0.215702344251,-0.169364215578));
#3071 = CARTESIAN_POINT('',(0.143488095723,-0.169419468594));
#3072 = CARTESIAN_POINT('',(7.155464776052E-02,-0.169430892859));
#3073 = CARTESIAN_POINT('',(0.,-0.169402995676));
#3074 = ( GEOMETRIC_REPRESENTATION_CONTEXT(2) 
PARAMETRIC_REPRESENTATION_CONTEXT() REPRESENTATION_CONTEXT('2D SPACE',''
  ) );
#3075 = PCURVE('',#2860,#3076);
#3076 = DEFINITIONAL_REPRESENTATION('',(#3077),#3090);
#3077 = B_SPLINE_CURVE_WITH_KNOTS('',6,(#3078,#3079,#3080,#3081,#3082,
    #3083,#3084,#3085,#3086,#3087,#3088,#3089),.UNSPECIFIED.,.F.,.F.,(7,
    5,7),(0.,0.568638896089,1.),.UNSPECIFIED.);
#3078 = CARTESIAN_POINT('',(5.138526597653,-1.527007525172));
#3079 = CARTESIAN_POINT('',(5.097331410197,-1.526208644802));
#3080 = CARTESIAN_POINT('',(5.057806134902,-1.525483620817));
#3081 = CARTESIAN_POINT('',(5.019516000711,-1.524848914162));
#3082 = CARTESIAN_POINT('',(4.982033817288,-1.524315023555));
#3083 = CARTESIAN_POINT('',(4.94496649501,-1.523886496868));
#3084 = CARTESIAN_POINT('',(4.879860044848,-1.523316806606));
#3085 = CARTESIAN_POINT('',(4.851802173955,-1.523131246611));
#3086 = CARTESIAN_POINT('',(4.823610739984,-1.52300552844));
#3087 = CARTESIAN_POINT('',(4.795134356048,-1.522937515445));
#3088 = CARTESIAN_POINT('',(4.766231950982,-1.522923393673));
#3089 = CARTESIAN_POINT('',(4.736774389557,-1.52295779081));
#3090 = ( GEOMETRIC_REPRESENTATION_CONTEXT(2) 
PARAMETRIC_REPRESENTATION_CONTEXT() REPRESENTATION_CONTEXT('2D SPACE',''
  ) );
#3091 = ORIENTED_EDGE('',*,*,#3092,.F.);
#3092 = EDGE_CURVE('',#2577,#3043,#3093,.T.);
#3093 = SURFACE_CURVE('',#3094,(#3098,#3105),.PCURVE_S1.);
#3094 = LINE('',#3095,#3096);
#3095 = CARTESIAN_POINT('',(0.306884765625,-0.676025390625,0.5));
#3096 = VECTOR('',#3097,1.);
#3097 = DIRECTION('',(0.,0.,1.));
#3098 = PCURVE('',#2592,#3099);
#3099 = DEFINITIONAL_REPRESENTATION('',(#3100),#3104);
#3100 = LINE('',#3101,#3102);
#3101 = CARTESIAN_POINT('',(1.,0.));
#3102 = VECTOR('',#3103,1.);
#3103 = DIRECTION('',(0.,-1.));
#3104 = ( GEOMETRIC_REPRESENTATION_CONTEXT(2) 
PARAMETRIC_REPRESENTATION_CONTEXT() REPRESENTATION_CONTEXT('2D SPACE',''
  ) );
#3105 = PCURVE('',#2622,#3106);
#3106 = DEFINITIONAL_REPRESENTATION('',(#3107),#3111);
#3107 = LINE('',#3108,#3109);
#3108 = CARTESIAN_POINT('',(0.,0.));
#3109 = VECTOR('',#3110,1.);
#3110 = DIRECTION('',(0.,-1.));
#3111 = ( GEOMETRIC_REPRESENTATION_CONTEXT(2) 
PARAMETRIC_REPRESENTATION_CONTEXT() REPRESENTATION_CONTEXT('2D SPACE',''
  ) );
#3112 = ADVANCED_FACE('',(#3113),#2622,.F.);
#3113 = FACE_BOUND('',#3114,.F.);
#3114 = EDGE_LOOP('',(#3115,#3116,#3117,#3173));
#3115 = ORIENTED_EDGE('',*,*,#2606,.F.);
#3116 = ORIENTED_EDGE('',*,*,#3092,.T.);
#3117 = ORIENTED_EDGE('',*,*,#3118,.F.);
#3118 = EDGE_CURVE('',#3119,#3043,#3121,.T.);
#3119 = VERTEX_POINT('',#3120);
#3120 = CARTESIAN_POINT('',(0.427001953125,-0.309814453125,
    0.658207046549));
#3121 = SURFACE_CURVE('',#3122,(#3137,#3155),.PCURVE_S1.);
#3122 = B_SPLINE_CURVE_WITH_KNOTS('',7,(#3123,#3124,#3125,#3126,#3127,
    #3128,#3129,#3130,#3131,#3132,#3133,#3134,#3135,#3136),
  .UNSPECIFIED.,.F.,.F.,(8,6,8),(0.,0.915141800782,1.),.UNSPECIFIED.);
#3123 = CARTESIAN_POINT('',(0.427001953125,-0.309814453125,
    0.658207046549));
#3124 = CARTESIAN_POINT('',(0.427001953125,-0.36499514599,0.659215540237
    ));
#3125 = CARTESIAN_POINT('',(0.423019316122,-0.419705509948,
    0.660324693524));
#3126 = CARTESIAN_POINT('',(0.414341426042,-0.472751671144,
    0.661488732563));
#3127 = CARTESIAN_POINT('',(0.400479787131,-0.523003169152,
    0.662645561861));
#3128 = CARTESIAN_POINT('',(0.381292020107,-0.569794425561,
    0.663743843959));
#3129 = CARTESIAN_POINT('',(0.356795568839,-0.612713637001,
    0.664756692188));
#3130 = CARTESIAN_POINT('',(0.324341180806,-0.655159865458,
    0.665762368439));
#3131 = CARTESIAN_POINT('',(0.321542555149,-0.658726549787,
    0.665846908725));
#3132 = CARTESIAN_POINT('',(0.318699440577,-0.662257818269,
    0.665930643331));
#3133 = CARTESIAN_POINT('',(0.315811963084,-0.665753494105,
    0.666013567665));
#3134 = CARTESIAN_POINT('',(0.312880258837,-0.669213413352,
    0.666095678632));
#3135 = CARTESIAN_POINT('',(0.309904474178,-0.672637424931,
    0.666176974635));
#3136 = CARTESIAN_POINT('',(0.306884765625,-0.676025390625,
    0.666257455572));
#3137 = PCURVE('',#2622,#3138);
#3138 = DEFINITIONAL_REPRESENTATION('',(#3139),#3154);
#3139 = B_SPLINE_CURVE_WITH_KNOTS('',7,(#3140,#3141,#3142,#3143,#3144,
    #3145,#3146,#3147,#3148,#3149,#3150,#3151,#3152,#3153),
  .UNSPECIFIED.,.F.,.F.,(8,6,8),(0.,0.915141800782,1.),.UNSPECIFIED.);
#3140 = CARTESIAN_POINT('',(1.,-0.158207046549));
#3141 = CARTESIAN_POINT('',(0.880791077018,-0.159215540237));
#3142 = CARTESIAN_POINT('',(0.755673181062,-0.160324693524));
#3143 = CARTESIAN_POINT('',(0.625986379926,-0.161488732563));
#3144 = CARTESIAN_POINT('',(0.493323449266,-0.162645561861));
#3145 = CARTESIAN_POINT('',(0.358874692842,-0.163743843959));
#3146 = CARTESIAN_POINT('',(0.223560076483,-0.164756692188));
#3147 = CARTESIAN_POINT('',(7.542993672872E-02,-0.165762368439));
#3148 = CARTESIAN_POINT('',(6.285842118704E-02,-0.165846908725));
#3149 = CARTESIAN_POINT('',(5.028605813392E-02,-0.165930643331));
#3150 = CARTESIAN_POINT('',(3.771344859803E-02,-0.166013567665));
#3151 = CARTESIAN_POINT('',(2.5141183516E-02,-0.166095678632));
#3152 = CARTESIAN_POINT('',(1.256984373247E-02,-0.166176974635));
#3153 = CARTESIAN_POINT('',(0.,-0.166257455572));
#3154 = ( GEOMETRIC_REPRESENTATION_CONTEXT(2) 
PARAMETRIC_REPRESENTATION_CONTEXT() REPRESENTATION_CONTEXT('2D SPACE',''
  ) );
#3155 = PCURVE('',#2860,#3156);
#3156 = DEFINITIONAL_REPRESENTATION('',(#3157),#3172);
#3157 = B_SPLINE_CURVE_WITH_KNOTS('',7,(#3158,#3159,#3160,#3161,#3162,
    #3163,#3164,#3165,#3166,#3167,#3168,#3169,#3170,#3171),
  .UNSPECIFIED.,.F.,.F.,(8,6,8),(0.,0.915141800782,1.),.UNSPECIFIED.);
#3158 = CARTESIAN_POINT('',(5.655511812984,-1.539685393698));
#3159 = CARTESIAN_POINT('',(5.570851598947,-1.537773761399));
#3160 = CARTESIAN_POINT('',(5.494613731269,-1.535808210954));
#3161 = CARTESIAN_POINT('',(5.425288298462,-1.533890207189));
#3162 = CARTESIAN_POINT('',(5.360496991292,-1.53210543851));
#3163 = CARTESIAN_POINT('',(5.298534601282,-1.530491199121));
#3164 = CARTESIAN_POINT('',(5.237963987784,-1.529058802017));
#3165 = CARTESIAN_POINT('',(5.17205878074,-1.527679374828));
#3166 = CARTESIAN_POINT('',(5.166468684855,-1.527563787422));
#3167 = CARTESIAN_POINT('',(5.16088023286,-1.527449659846));
#3168 = CARTESIAN_POINT('',(5.155292592545,-1.527336982111));
#3169 = CARTESIAN_POINT('',(5.149704956905,-1.5272257427));
#3170 = CARTESIAN_POINT('',(5.144116544139,-1.527115928575));
#3171 = CARTESIAN_POINT('',(5.138526597653,-1.527007525172));
#3172 = ( GEOMETRIC_REPRESENTATION_CONTEXT(2) 
PARAMETRIC_REPRESENTATION_CONTEXT() REPRESENTATION_CONTEXT('2D SPACE',''
  ) );
#3173 = ORIENTED_EDGE('',*,*,#3174,.F.);
#3174 = EDGE_CURVE('',#2607,#3119,#3175,.T.);
#3175 = SURFACE_CURVE('',#3176,(#3180,#3187),.PCURVE_S1.);
#3176 = LINE('',#3177,#3178);
#3177 = CARTESIAN_POINT('',(0.427001953125,-0.309814453125,0.5));
#3178 = VECTOR('',#3179,1.);
#3179 = DIRECTION('',(0.,0.,1.));
#3180 = PCURVE('',#2622,#3181);
#3181 = DEFINITIONAL_REPRESENTATION('',(#3182),#3186);
#3182 = LINE('',#3183,#3184);
#3183 = CARTESIAN_POINT('',(1.,0.));
#3184 = VECTOR('',#3185,1.);
#3185 = DIRECTION('',(0.,-1.));
#3186 = ( GEOMETRIC_REPRESENTATION_CONTEXT(2) 
PARAMETRIC_REPRESENTATION_CONTEXT() REPRESENTATION_CONTEXT('2D SPACE',''
  ) );
#3187 = PCURVE('',#2652,#3188);
#3188 = DEFINITIONAL_REPRESENTATION('',(#3189),#3193);
#3189 = LINE('',#3190,#3191);
#3190 = CARTESIAN_POINT('',(0.,0.));
#3191 = VECTOR('',#3192,1.);
#3192 = DIRECTION('',(0.,-1.));
#3193 = ( GEOMETRIC_REPRESENTATION_CONTEXT(2) 
PARAMETRIC_REPRESENTATION_CONTEXT() REPRESENTATION_CONTEXT('2D SPACE',''
  ) );
#3194 = ADVANCED_FACE('',(#3195),#2652,.F.);
#3195 = FACE_BOUND('',#3196,.F.);
#3196 = EDGE_LOOP('',(#3197,#3198,#3199,#3255,#3284));
#3197 = ORIENTED_EDGE('',*,*,#2636,.F.);
#3198 = ORIENTED_EDGE('',*,*,#3174,.T.);
#3199 = ORIENTED_EDGE('',*,*,#3200,.F.);
#3200 = EDGE_CURVE('',#3201,#3119,#3203,.T.);
#3201 = VERTEX_POINT('',#3202);
#3202 = CARTESIAN_POINT('',(0.341585258718,-8.366425874495E-17,
    0.653440221819));
#3203 = SURFACE_CURVE('',#3204,(#3219,#3237),.PCURVE_S1.);
#3204 = B_SPLINE_CURVE_WITH_KNOTS('',7,(#3205,#3206,#3207,#3208,#3209,
    #3210,#3211,#3212,#3213,#3214,#3215,#3216,#3217,#3218),
  .UNSPECIFIED.,.F.,.F.,(8,6,8),(0.,0.716302738705,1.),.UNSPECIFIED.);
#3205 = CARTESIAN_POINT('',(0.341585258718,-2.22044604925E-16,
    0.653440221819));
#3206 = CARTESIAN_POINT('',(0.358480057217,-2.391288565156E-02,
    0.653780562914));
#3207 = CARTESIAN_POINT('',(0.373742897934,-4.982707471298E-02,
    0.654147018056));
#3208 = CARTESIAN_POINT('',(0.387128596034,-7.768774701806E-02,
    0.654539681741));
#3209 = CARTESIAN_POINT('',(0.398491601,-0.107412848162,0.654960847251)
  );
#3210 = CARTESIAN_POINT('',(0.407772287907,-0.138930374296,
    0.655416188826));
#3211 = CARTESIAN_POINT('',(0.414943885815,-0.17219356028,0.655914326967
    ));
#3212 = CARTESIAN_POINT('',(0.42199644113,-0.221040288586,0.656685979403
    ));
#3213 = CARTESIAN_POINT('',(0.423664606715,-0.23516806062,0.65691344937)
  );
#3214 = CARTESIAN_POINT('',(0.424999472745,-0.249564253938,
    0.657150199094));
#3215 = CARTESIAN_POINT('',(0.426000706682,-0.264227648754,
    0.657397026795));
#3216 = CARTESIAN_POINT('',(0.426668200484,-0.279157420349,
    0.657654803222));
#3217 = CARTESIAN_POINT('',(0.427001953125,-0.294353086199,
    0.657924471429));
#3218 = CARTESIAN_POINT('',(0.427001953125,-0.309814453125,
    0.658207046549));
#3219 = PCURVE('',#2652,#3220);
#3220 = DEFINITIONAL_REPRESENTATION('',(#3221),#3236);
#3221 = B_SPLINE_CURVE_WITH_KNOTS('',7,(#3222,#3223,#3224,#3225,#3226,
    #3227,#3228,#3229,#3230,#3231,#3232,#3233,#3234,#3235),
  .UNSPECIFIED.,.F.,.F.,(8,6,8),(0.,0.716302738705,1.),.UNSPECIFIED.);
#3222 = CARTESIAN_POINT('',(0.848463608193,-0.153440221819));
#3223 = CARTESIAN_POINT('',(0.764553654793,-0.153780562914));
#3224 = CARTESIAN_POINT('',(0.67906777107,-0.154147018056));
#3225 = CARTESIAN_POINT('',(0.59256749514,-0.154539681741));
#3226 = CARTESIAN_POINT('',(0.505497359193,-0.154960847251));
#3227 = CARTESIAN_POINT('',(0.418125675837,-0.155416188826));
#3228 = CARTESIAN_POINT('',(0.330605332625,-0.155914326967));
#3229 = CARTESIAN_POINT('',(0.208303236944,-0.156685979403));
#3230 = CARTESIAN_POINT('',(0.173594743221,-0.15691344937));
#3231 = CARTESIAN_POINT('',(0.138879476541,-0.157150199094));
#3232 = CARTESIAN_POINT('',(0.104160770705,-0.157397026795));
#3233 = CARTESIAN_POINT('',(6.94406709189E-02,-0.157654803222));
#3234 = CARTESIAN_POINT('',(3.472026257036E-02,-0.157924471429));
#3235 = CARTESIAN_POINT('',(0.,-0.158207046549));
#3236 = ( GEOMETRIC_REPRESENTATION_CONTEXT(2) 
PARAMETRIC_REPRESENTATION_CONTEXT() REPRESENTATION_CONTEXT('2D SPACE',''
  ) );
#3237 = PCURVE('',#2860,#3238);
#3238 = DEFINITIONAL_REPRESENTATION('',(#3239),#3254);
#3239 = B_SPLINE_CURVE_WITH_KNOTS('',7,(#3240,#3241,#3242,#3243,#3244,
    #3245,#3246,#3247,#3248,#3249,#3250,#3251,#3252,#3253),
  .UNSPECIFIED.,.F.,.F.,(8,6,8),(0.,0.716302738705,1.),.UNSPECIFIED.);
#3240 = CARTESIAN_POINT('',(6.28318530718,-1.550654324632));
#3241 = CARTESIAN_POINT('',(6.213179693526,-1.549657966956));
#3242 = CARTESIAN_POINT('',(6.145394395766,-1.54864264968));
#3243 = CARTESIAN_POINT('',(6.079244120229,-1.547612057313));
#3244 = CARTESIAN_POINT('',(6.014278643201,-1.546562155432));
#3245 = CARTESIAN_POINT('',(5.950273561049,-1.54548254485));
#3246 = CARTESIAN_POINT('',(5.887145647646,-1.544360036957));
#3247 = CARTESIAN_POINT('',(5.800267288922,-1.542712323668));
#3248 = CARTESIAN_POINT('',(5.77576190908,-1.542235834784));
#3249 = CARTESIAN_POINT('',(5.751400137264,-1.541749401151));
#3250 = CARTESIAN_POINT('',(5.727186571468,-1.541252087288));
#3251 = CARTESIAN_POINT('',(5.703128061981,-1.540742944235));
#3252 = CARTESIAN_POINT('',(5.679233201123,-1.540221023949));
#3253 = CARTESIAN_POINT('',(5.655511812984,-1.539685393698));
#3254 = ( GEOMETRIC_REPRESENTATION_CONTEXT(2) 
PARAMETRIC_REPRESENTATION_CONTEXT() REPRESENTATION_CONTEXT('2D SPACE',''
  ) );
#3255 = ORIENTED_EDGE('',*,*,#3256,.F.);
#3256 = EDGE_CURVE('',#3257,#3201,#3259,.T.);
#3257 = VERTEX_POINT('',#3258);
#3258 = CARTESIAN_POINT('',(0.308349609375,4.1015625E-02,0.652852886263)
  );
#3259 = SURFACE_CURVE('',#3260,(#3266,#3275),.PCURVE_S1.);
#3260 = B_SPLINE_CURVE_WITH_KNOTS('',4,(#3261,#3262,#3263,#3264,#3265),
  .UNSPECIFIED.,.F.,.F.,(5,5),(0.,1.),.PIECEWISE_BEZIER_KNOTS.);
#3261 = CARTESIAN_POINT('',(0.308349609375,4.1015625E-02,0.652852886263)
  );
#3262 = CARTESIAN_POINT('',(0.317153781427,3.150494531394E-02,
    0.652989977516));
#3263 = CARTESIAN_POINT('',(0.32566389005,2.149457961712E-02,
    0.653133725119));
#3264 = CARTESIAN_POINT('',(0.333821068351,1.098943076156E-02,
    0.653283814319));
#3265 = CARTESIAN_POINT('',(0.341585258718,-2.802228574346E-16,
    0.653440221819));
#3266 = PCURVE('',#2652,#3267);
#3267 = DEFINITIONAL_REPRESENTATION('',(#3268),#3274);
#3268 = B_SPLINE_CURVE_WITH_KNOTS('',4,(#3269,#3270,#3271,#3272,#3273),
  .UNSPECIFIED.,.F.,.F.,(5,5),(0.,1.),.PIECEWISE_BEZIER_KNOTS.);
#3269 = CARTESIAN_POINT('',(1.,-0.152852886263));
#3270 = CARTESIAN_POINT('',(0.962899291434,-0.152989977516));
#3271 = CARTESIAN_POINT('',(0.925202398142,-0.153133724417));
#3272 = CARTESIAN_POINT('',(0.887025288434,-0.153283814878));
#3273 = CARTESIAN_POINT('',(0.848463544055,-0.153440222378));
#3274 = ( GEOMETRIC_REPRESENTATION_CONTEXT(2) 
PARAMETRIC_REPRESENTATION_CONTEXT() REPRESENTATION_CONTEXT('2D SPACE',''
  ) );
#3275 = PCURVE('',#2860,#3276);
#3276 = DEFINITIONAL_REPRESENTATION('',(#3277),#3283);
#3277 = B_SPLINE_CURVE_WITH_KNOTS('',4,(#3278,#3279,#3280,#3281,#3282),
  .UNSPECIFIED.,.F.,.F.,(5,5),(0.,1.),.PIECEWISE_BEZIER_KNOTS.);
#3278 = CARTESIAN_POINT('',(0.132240345128,-1.552454170456));
#3279 = CARTESIAN_POINT('',(9.820083530435E-02,-1.552013455429));
#3280 = CARTESIAN_POINT('',(6.487524782797E-02,-1.55156546948));
#3281 = CARTESIAN_POINT('',(3.217185309112E-02,-1.551112211755));
#3282 = CARTESIAN_POINT('',(0.,-1.550654324632));
#3283 = ( GEOMETRIC_REPRESENTATION_CONTEXT(2) 
PARAMETRIC_REPRESENTATION_CONTEXT() REPRESENTATION_CONTEXT('2D SPACE',''
  ) );
#3284 = ORIENTED_EDGE('',*,*,#3285,.F.);
#3285 = EDGE_CURVE('',#2637,#3257,#3286,.T.);
#3286 = SURFACE_CURVE('',#3287,(#3291,#3298),.PCURVE_S1.);
#3287 = LINE('',#3288,#3289);
#3288 = CARTESIAN_POINT('',(0.308349609375,4.1015625E-02,0.5));
#3289 = VECTOR('',#3290,1.);
#3290 = DIRECTION('',(0.,0.,1.));
#3291 = PCURVE('',#2652,#3292);
#3292 = DEFINITIONAL_REPRESENTATION('',(#3293),#3297);
#3293 = LINE('',#3294,#3295);
#3294 = CARTESIAN_POINT('',(1.,0.));
#3295 = VECTOR('',#3296,1.);
#3296 = DIRECTION('',(0.,-1.));
#3297 = ( GEOMETRIC_REPRESENTATION_CONTEXT(2) 
PARAMETRIC_REPRESENTATION_CONTEXT() REPRESENTATION_CONTEXT('2D SPACE',''
  ) );
#3298 = PCURVE('',#2682,#3299);
#3299 = DEFINITIONAL_REPRESENTATION('',(#3300),#3304);
#3300 = LINE('',#3301,#3302);
#3301 = CARTESIAN_POINT('',(0.,0.));
#3302 = VECTOR('',#3303,1.);
#3303 = DIRECTION('',(0.,-1.));
#3304 = ( GEOMETRIC_REPRESENTATION_CONTEXT(2) 
PARAMETRIC_REPRESENTATION_CONTEXT() REPRESENTATION_CONTEXT('2D SPACE',''
  ) );
#3305 = ADVANCED_FACE('',(#3306),#2682,.F.);
#3306 = FACE_BOUND('',#3307,.F.);
#3307 = EDGE_LOOP('',(#3308,#3309,#3310,#3384));
#3308 = ORIENTED_EDGE('',*,*,#2666,.F.);
#3309 = ORIENTED_EDGE('',*,*,#3285,.T.);
#3310 = ORIENTED_EDGE('',*,*,#3311,.F.);
#3311 = EDGE_CURVE('',#3312,#3257,#3314,.T.);
#3312 = VERTEX_POINT('',#3313);
#3313 = CARTESIAN_POINT('',(9.521484375E-03,0.169189453125,0.65084659335
    ));
#3314 = SURFACE_CURVE('',#3315,(#3336,#3360),.PCURVE_S1.);
#3315 = B_SPLINE_CURVE_WITH_KNOTS('',7,(#3316,#3317,#3318,#3319,#3320,
    #3321,#3322,#3323,#3324,#3325,#3326,#3327,#3328,#3329,#3330,#3331,
    #3332,#3333,#3334,#3335),.UNSPECIFIED.,.F.,.F.,(8,6,6,8),(0.,
    0.460148344737,0.523057946317,1.),.UNSPECIFIED.);
#3316 = CARTESIAN_POINT('',(9.521484375E-03,0.169189453125,0.65084659335
    ));
#3317 = CARTESIAN_POINT('',(2.700383455848E-02,0.169189453125,
    0.650856408576));
#3318 = CARTESIAN_POINT('',(4.458574538464E-02,0.16848559399,
    0.650880280939));
#3319 = CARTESIAN_POINT('',(6.249700175413E-02,0.167014043068,
    0.650918149639));
#3320 = CARTESIAN_POINT('',(8.091175226439E-02,0.164647587959,
    0.650971062083));
#3321 = CARTESIAN_POINT('',(9.995571931093E-02,0.161190904985,
    0.651040888775));
#3322 = CARTESIAN_POINT('',(0.119617149401,0.156383829191,0.651129679275
    ));
#3323 = CARTESIAN_POINT('',(0.142517525654,0.149119257317,0.651254157464
    ));
#3324 = CARTESIAN_POINT('',(0.145280885042,0.148215922022,0.651269516083
    ));
#3325 = CARTESIAN_POINT('',(0.148052987621,0.147282374748,0.651285266581
    ));
#3326 = CARTESIAN_POINT('',(0.150833475573,0.146318018058,0.651301413511
    ));
#3327 = CARTESIAN_POINT('',(0.15362195892,0.145322263576,0.651317961394)
  );
#3328 = CARTESIAN_POINT('',(0.156418015535,0.144294531985,0.651334914719
    ));
#3329 = CARTESIAN_POINT('',(0.180473151006,0.135195867653,0.651483915215
    ));
#3330 = CARTESIAN_POINT('',(0.202131255732,0.12528780038,0.651639092939)
  );
#3331 = CARTESIAN_POINT('',(0.223997514907,0.113265671052,0.651819737788
    ));
#3332 = CARTESIAN_POINT('',(0.245790651471,9.891813330949E-02,
    0.652027759746));
#3333 = CARTESIAN_POINT('',(0.267233737755,8.213502909647E-02,
    0.652265625337));
#3334 = CARTESIAN_POINT('',(0.288134459831,6.285297790234E-02,
    0.652538112749));
#3335 = CARTESIAN_POINT('',(0.308349609375,4.1015625E-02,0.652852886263)
  );
#3336 = PCURVE('',#2682,#3337);
#3337 = DEFINITIONAL_REPRESENTATION('',(#3338),#3359);
#3338 = B_SPLINE_CURVE_WITH_KNOTS('',7,(#3339,#3340,#3341,#3342,#3343,
    #3344,#3345,#3346,#3347,#3348,#3349,#3350,#3351,#3352,#3353,#3354,
    #3355,#3356,#3357,#3358),.UNSPECIFIED.,.F.,.F.,(8,6,6,8),(0.,
    0.460148344737,0.523057946317,1.),.UNSPECIFIED.);
#3339 = CARTESIAN_POINT('',(1.,-0.15084659335));
#3340 = CARTESIAN_POINT('',(0.9514852938,-0.150856408576));
#3341 = CARTESIAN_POINT('',(0.901756736814,-0.150880280939));
#3342 = CARTESIAN_POINT('',(0.850091633205,-0.150918149639));
#3343 = CARTESIAN_POINT('',(0.795837257765,-0.150971062083));
#3344 = CARTESIAN_POINT('',(0.738384544834,-0.151040888775));
#3345 = CARTESIAN_POINT('',(0.677419562975,-0.151129679275));
#3346 = CARTESIAN_POINT('',(0.604192821372,-0.151254157464));
#3347 = CARTESIAN_POINT('',(0.595321039864,-0.151269516083));
#3348 = CARTESIAN_POINT('',(0.586384752065,-0.151285266581));
#3349 = CARTESIAN_POINT('',(0.577384155148,-0.151301413511));
#3350 = CARTESIAN_POINT('',(0.568319547584,-0.151317961394));
#3351 = CARTESIAN_POINT('',(0.559191329141,-0.151334914719));
#3352 = CARTESIAN_POINT('',(0.480316981678,-0.151483915215));
#3353 = CARTESIAN_POINT('',(0.407016405888,-0.151639092939));
#3354 = CARTESIAN_POINT('',(0.330322187996,-0.151819737788));
#3355 = CARTESIAN_POINT('',(0.250733370673,-0.152027759746));
#3356 = CARTESIAN_POINT('',(0.168871712847,-0.152265625337));
#3357 = CARTESIAN_POINT('',(8.518647379807E-02,-0.152538112749));
#3358 = CARTESIAN_POINT('',(0.,-0.152852886263));
#3359 = ( GEOMETRIC_REPRESENTATION_CONTEXT(2) 
PARAMETRIC_REPRESENTATION_CONTEXT() REPRESENTATION_CONTEXT('2D SPACE',''
  ) );
#3360 = PCURVE('',#2860,#3361);
#3361 = DEFINITIONAL_REPRESENTATION('',(#3362),#3383);
#3362 = B_SPLINE_CURVE_WITH_KNOTS('',7,(#3363,#3364,#3365,#3366,#3367,
    #3368,#3369,#3370,#3371,#3372,#3373,#3374,#3375,#3376,#3377,#3378,
    #3379,#3380,#3381,#3382),.UNSPECIFIED.,.F.,.F.,(8,6,6,8),(0.,
    0.460148344737,0.523057946317,1.),.UNSPECIFIED.);
#3363 = CARTESIAN_POINT('',(1.514578569695,-1.5608045826));
#3364 = CARTESIAN_POINT('',(1.411574770161,-1.560746661023));
#3365 = CARTESIAN_POINT('',(1.309143326351,-1.560606171733));
#3366 = CARTESIAN_POINT('',(1.207691760628,-1.56038552233));
#3367 = CARTESIAN_POINT('',(1.10766883462,-1.560084614768));
#3368 = CARTESIAN_POINT('',(1.009581168761,-1.559702565689));
#3369 = CARTESIAN_POINT('',(0.91383170481,-1.559241948251));
#3370 = CARTESIAN_POINT('',(0.807953989994,-1.558634785667));
#3371 = CARTESIAN_POINT('',(0.795268466242,-1.558560386096));
#3372 = CARTESIAN_POINT('',(0.782632239379,-1.55848462464));
#3373 = CARTESIAN_POINT('',(0.770045856193,-1.558407514379));
#3374 = CARTESIAN_POINT('',(0.757509790298,-1.558329068882));
#3375 = CARTESIAN_POINT('',(0.745024442135,-1.558249302201));
#3376 = CARTESIAN_POINT('',(0.638320871029,-1.557553580628));
#3377 = CARTESIAN_POINT('',(0.54699787246,-1.556863922539));
#3378 = CARTESIAN_POINT('',(0.458777675623,-1.556105549066));
#3379 = CARTESIAN_POINT('',(0.373481345412,-1.555285701571));
#3380 = CARTESIAN_POINT('',(0.290762937362,-1.554407199434));
#3381 = CARTESIAN_POINT('',(0.210398038707,-1.553466090727));
#3382 = CARTESIAN_POINT('',(0.132240345128,-1.552454170456));
#3383 = ( GEOMETRIC_REPRESENTATION_CONTEXT(2) 
PARAMETRIC_REPRESENTATION_CONTEXT() REPRESENTATION_CONTEXT('2D SPACE',''
  ) );
#3384 = ORIENTED_EDGE('',*,*,#3385,.F.);
#3385 = EDGE_CURVE('',#2667,#3312,#3386,.T.);
#3386 = SURFACE_CURVE('',#3387,(#3391,#3398),.PCURVE_S1.);
#3387 = LINE('',#3388,#3389);
#3388 = CARTESIAN_POINT('',(9.521484375E-03,0.169189453125,0.5));
#3389 = VECTOR('',#3390,1.);
#3390 = DIRECTION('',(0.,0.,1.));
#3391 = PCURVE('',#2682,#3392);
#3392 = DEFINITIONAL_REPRESENTATION('',(#3393),#3397);
#3393 = LINE('',#3394,#3395);
#3394 = CARTESIAN_POINT('',(1.,0.));
#3395 = VECTOR('',#3396,1.);
#3396 = DIRECTION('',(0.,-1.));
#3397 = ( GEOMETRIC_REPRESENTATION_CONTEXT(2) 
PARAMETRIC_REPRESENTATION_CONTEXT() REPRESENTATION_CONTEXT('2D SPACE',''
  ) );
#3398 = PCURVE('',#2712,#3399);
#3399 = DEFINITIONAL_REPRESENTATION('',(#3400),#3404);
#3400 = LINE('',#3401,#3402);
#3401 = CARTESIAN_POINT('',(0.,0.));
#3402 = VECTOR('',#3403,1.);
#3403 = DIRECTION('',(0.,-1.));
#3404 = ( GEOMETRIC_REPRESENTATION_CONTEXT(2) 
PARAMETRIC_REPRESENTATION_CONTEXT() REPRESENTATION_CONTEXT('2D SPACE',''
  ) );
#3405 = ADVANCED_FACE('',(#3406),#2712,.F.);
#3406 = FACE_BOUND('',#3407,.F.);
#3407 = EDGE_LOOP('',(#3408,#3409,#3410,#3484));
#3408 = ORIENTED_EDGE('',*,*,#2696,.F.);
#3409 = ORIENTED_EDGE('',*,*,#3385,.T.);
#3410 = ORIENTED_EDGE('',*,*,#3411,.F.);
#3411 = EDGE_CURVE('',#3412,#3312,#3414,.T.);
#3412 = VERTEX_POINT('',#3413);
#3413 = CARTESIAN_POINT('',(-0.293701171875,4.1015625E-02,0.652592847368
    ));
#3414 = SURFACE_CURVE('',#3415,(#3436,#3460),.PCURVE_S1.);
#3415 = B_SPLINE_CURVE_WITH_KNOTS('',7,(#3416,#3417,#3418,#3419,#3420,
    #3421,#3422,#3423,#3424,#3425,#3426,#3427,#3428,#3429,#3430,#3431,
    #3432,#3433,#3434,#3435),.UNSPECIFIED.,.F.,.F.,(8,6,6,8),(0.,
    0.331596603927,0.889206224857,1.),.UNSPECIFIED.);
#3416 = CARTESIAN_POINT('',(-0.293701171875,4.1015625E-02,0.652592847368
    ));
#3417 = CARTESIAN_POINT('',(-0.27865094531,5.650850528738E-02,
    0.652369651747));
#3418 = CARTESIAN_POINT('',(-0.26340655734,7.063331853506E-02,
    0.652171885758));
#3419 = CARTESIAN_POINT('',(-0.248026646115,8.343026862511E-02,
    0.651996133447));
#3420 = CARTESIAN_POINT('',(-0.232579500753,9.494456983497E-02,
    0.651839765274));
#3421 = CARTESIAN_POINT('',(-0.217141500417,0.10523337802,0.651700736325
    ));
#3422 = CARTESIAN_POINT('',(-0.201789703265,0.114367744151,
    0.651577401952));
#3423 = CARTESIAN_POINT('',(-0.161026533219,0.135986312035,
    0.651284971574));
#3424 = CARTESIAN_POINT('',(-0.135882974229,0.146514878592,
    0.651141924552));
#3425 = CARTESIAN_POINT('',(-0.111486518107,0.154384371311,0.65103273733
    ));
#3426 = CARTESIAN_POINT('',(-8.802883105754E-02,0.160109993873,
    0.650952249819));
#3427 = CARTESIAN_POINT('',(-6.536067001369E-02,0.16415500607,
    0.650895864168));
#3428 = CARTESIAN_POINT('',(-4.320472675257E-02,0.16680674667,
    0.650860969651));
#3429 = CARTESIAN_POINT('',(-1.678461675534E-02,0.168499972685,
    0.650844794227));
#3430 = CARTESIAN_POINT('',(-1.24094012041E-02,0.168731723648,
    0.650842957976));
#3431 = CARTESIAN_POINT('',(-8.035155250373E-03,0.168915731558,
    0.650841965975));
#3432 = CARTESIAN_POINT('',(-3.658533795578E-03,0.169052931215,
    0.650841822286));
#3433 = CARTESIAN_POINT('',(7.239715798E-04,0.169144019051,
    0.650842535746));
#3434 = CARTESIAN_POINT('',(5.116032616203E-03,0.169189453125,
    0.65084411997));
#3435 = CARTESIAN_POINT('',(9.521484375E-03,0.169189453125,0.65084659335
    ));
#3436 = PCURVE('',#2712,#3437);
#3437 = DEFINITIONAL_REPRESENTATION('',(#3438),#3459);
#3438 = B_SPLINE_CURVE_WITH_KNOTS('',7,(#3439,#3440,#3441,#3442,#3443,
    #3444,#3445,#3446,#3447,#3448,#3449,#3450,#3451,#3452,#3453,#3454,
    #3455,#3456,#3457,#3458),.UNSPECIFIED.,.F.,.F.,(8,6,6,8),(0.,
    0.331596603927,0.889206224857,1.),.UNSPECIFIED.);
#3439 = CARTESIAN_POINT('',(1.,-0.152592847368));
#3440 = CARTESIAN_POINT('',(0.939563011755,-0.152369651747));
#3441 = CARTESIAN_POINT('',(0.880201322872,-0.152171885758));
#3442 = CARTESIAN_POINT('',(0.822031427766,-0.151996133447));
#3443 = CARTESIAN_POINT('',(0.765190894786,-0.151839765274));
#3444 = CARTESIAN_POINT('',(0.709825798936,-0.151700736325));
#3445 = CARTESIAN_POINT('',(0.656067675946,-0.151577401952));
#3446 = CARTESIAN_POINT('',(0.516443496831,-0.151284971574));
#3447 = CARTESIAN_POINT('',(0.433640398777,-0.151141924552));
#3448 = CARTESIAN_POINT('',(0.356073441442,-0.15103273733));
#3449 = CARTESIAN_POINT('',(0.283669346288,-0.150952249819));
#3450 = CARTESIAN_POINT('',(0.215462487533,-0.150895864168));
#3451 = CARTESIAN_POINT('',(0.150337064768,-0.150860969651));
#3452 = CARTESIAN_POINT('',(7.441529106006E-02,-0.150844794227));
#3453 = CARTESIAN_POINT('',(6.190007189117E-02,-0.150842957976));
#3454 = CARTESIAN_POINT('',(4.944404912348E-02,-0.150841965975));
#3455 = CARTESIAN_POINT('',(3.703675785174E-02,-0.150841822286));
#3456 = CARTESIAN_POINT('',(2.466755824006E-02,-0.150842535746));
#3457 = CARTESIAN_POINT('',(1.232563552188E-02,-0.15084411997));
#3458 = CARTESIAN_POINT('',(0.,-0.15084659335));
#3459 = ( GEOMETRIC_REPRESENTATION_CONTEXT(2) 
PARAMETRIC_REPRESENTATION_CONTEXT() REPRESENTATION_CONTEXT('2D SPACE',''
  ) );
#3460 = PCURVE('',#2860,#3461);
#3461 = DEFINITIONAL_REPRESENTATION('',(#3462),#3483);
#3462 = B_SPLINE_CURVE_WITH_KNOTS('',7,(#3463,#3464,#3465,#3466,#3467,
    #3468,#3469,#3470,#3471,#3472,#3473,#3474,#3475,#3476,#3477,#3478,
    #3479,#3480,#3481,#3482),.UNSPECIFIED.,.F.,.F.,(8,6,6,8),(0.,
    0.331596603927,0.889206224857,1.),.UNSPECIFIED.);
#3463 = CARTESIAN_POINT('',(3.002839144342,-1.553310100962));
#3464 = CARTESIAN_POINT('',(2.944078452391,-1.554062738491));
#3465 = CARTESIAN_POINT('',(2.883895036092,-1.554767416726));
#3466 = CARTESIAN_POINT('',(2.822271769754,-1.555426975922));
#3467 = CARTESIAN_POINT('',(2.759178570216,-1.556043325391));
#3468 = CARTESIAN_POINT('',(2.694584180675,-1.556617277946));
#3469 = CARTESIAN_POINT('',(2.628478879148,-1.557148761875));
#3470 = CARTESIAN_POINT('',(2.447281766687,-1.558459117101));
#3471 = CARTESIAN_POINT('',(2.32947514451,-1.559159931281));
#3472 = CARTESIAN_POINT('',(2.207797310766,-1.559737354958));
#3473 = CARTESIAN_POINT('',(2.082725710258,-1.560187935314));
#3474 = CARTESIAN_POINT('',(1.955166919179,-1.560514687923));
#3475 = CARTESIAN_POINT('',(1.825972857847,-1.560719788033));
#3476 = CARTESIAN_POINT('',(1.670115949871,-1.560815192695));
#3477 = CARTESIAN_POINT('',(1.644246237332,-1.56082605274));
#3478 = CARTESIAN_POINT('',(1.618347371538,-1.560831929041));
#3479 = CARTESIAN_POINT('',(1.592425257248,-1.560832779926));
#3480 = CARTESIAN_POINT('',(1.566485805802,-1.560828551672));
#3481 = CARTESIAN_POINT('',(1.540534935119,-1.560819178505));
#3482 = CARTESIAN_POINT('',(1.514578569695,-1.5608045826));
#3483 = ( GEOMETRIC_REPRESENTATION_CONTEXT(2) 
PARAMETRIC_REPRESENTATION_CONTEXT() REPRESENTATION_CONTEXT('2D SPACE',''
  ) );
#3484 = ORIENTED_EDGE('',*,*,#3485,.F.);
#3485 = EDGE_CURVE('',#2697,#3412,#3486,.T.);
#3486 = SURFACE_CURVE('',#3487,(#3491,#3498),.PCURVE_S1.);
#3487 = LINE('',#3488,#3489);
#3488 = CARTESIAN_POINT('',(-0.293701171875,4.1015625E-02,0.5));
#3489 = VECTOR('',#3490,1.);
#3490 = DIRECTION('',(0.,0.,1.));
#3491 = PCURVE('',#2712,#3492);
#3492 = DEFINITIONAL_REPRESENTATION('',(#3493),#3497);
#3493 = LINE('',#3494,#3495);
#3494 = CARTESIAN_POINT('',(1.,0.));
#3495 = VECTOR('',#3496,1.);
#3496 = DIRECTION('',(0.,-1.));
#3497 = ( GEOMETRIC_REPRESENTATION_CONTEXT(2) 
PARAMETRIC_REPRESENTATION_CONTEXT() REPRESENTATION_CONTEXT('2D SPACE',''
  ) );
#3498 = PCURVE('',#2740,#3499);
#3499 = DEFINITIONAL_REPRESENTATION('',(#3500),#3504);
#3500 = LINE('',#3501,#3502);
#3501 = CARTESIAN_POINT('',(0.,0.));
#3502 = VECTOR('',#3503,1.);
#3503 = DIRECTION('',(0.,-1.));
#3504 = ( GEOMETRIC_REPRESENTATION_CONTEXT(2) 
PARAMETRIC_REPRESENTATION_CONTEXT() REPRESENTATION_CONTEXT('2D SPACE',''
  ) );
#3505 = ADVANCED_FACE('',(#3506),#2740,.F.);
#3506 = FACE_BOUND('',#3507,.F.);
#3507 = EDGE_LOOP('',(#3508,#3509,#3510,#3549));
#3508 = ORIENTED_EDGE('',*,*,#2726,.F.);
#3509 = ORIENTED_EDGE('',*,*,#3485,.T.);
#3510 = ORIENTED_EDGE('',*,*,#3511,.F.);
#3511 = EDGE_CURVE('',#2814,#3412,#3512,.T.);
#3512 = SURFACE_CURVE('',#3513,(#3523,#3536),.PCURVE_S1.);
#3513 = B_SPLINE_CURVE_WITH_KNOTS('',8,(#3514,#3515,#3516,#3517,#3518,
    #3519,#3520,#3521,#3522),.UNSPECIFIED.,.F.,.F.,(9,9),(0.,1.),
  .PIECEWISE_BEZIER_KNOTS.);
#3514 = CARTESIAN_POINT('',(-0.418212890625,-0.295166015625,
    0.657726553605));
#3515 = CARTESIAN_POINT('',(-0.418212890625,-0.241658217913,
    0.65679489783));
#3516 = CARTESIAN_POINT('',(-0.41350469173,-0.191170602926,
    0.655992767394));
#3517 = CARTESIAN_POINT('',(-0.4040894933,-0.143696893328,0.65528181564)
  );
#3518 = CARTESIAN_POINT('',(-0.389961452662,-9.937249054087E-02,
    0.654636971506));
#3519 = CARTESIAN_POINT('',(-0.371232814478,-5.843758415303E-02,
    0.654042558601));
#3520 = CARTESIAN_POINT('',(-0.348232560954,-2.125448333727E-02,
    0.653497781316));
#3521 = CARTESIAN_POINT('',(-0.321988644026,1.189616837369E-02,
    0.653012352009));
#3522 = CARTESIAN_POINT('',(-0.293701171875,4.1015625E-02,0.652592847368
    ));
#3523 = PCURVE('',#2740,#3524);
#3524 = DEFINITIONAL_REPRESENTATION('',(#3525),#3535);
#3525 = B_SPLINE_CURVE_WITH_KNOTS('',8,(#3526,#3527,#3528,#3529,#3530,
    #3531,#3532,#3533,#3534),.UNSPECIFIED.,.F.,.F.,(9,9),(0.,1.),
  .PIECEWISE_BEZIER_KNOTS.);
#3526 = CARTESIAN_POINT('',(1.,-0.157726553605));
#3527 = CARTESIAN_POINT('',(0.871380317237,-0.15679489783));
#3528 = CARTESIAN_POINT('',(0.742763991019,-0.155992767394));
#3529 = CARTESIAN_POINT('',(0.614137780649,-0.15528181564));
#3530 = CARTESIAN_POINT('',(0.485818153187,-0.154636971506));
#3531 = CARTESIAN_POINT('',(0.358555460786,-0.154042558601));
#3532 = CARTESIAN_POINT('',(0.233727644059,-0.153497781316));
#3533 = CARTESIAN_POINT('',(0.113593613658,-0.153012352009));
#3534 = CARTESIAN_POINT('',(0.,-0.152592847368));
#3535 = ( GEOMETRIC_REPRESENTATION_CONTEXT(2) 
PARAMETRIC_REPRESENTATION_CONTEXT() REPRESENTATION_CONTEXT('2D SPACE',''
  ) );
#3536 = PCURVE('',#2860,#3537);
#3537 = DEFINITIONAL_REPRESENTATION('',(#3538),#3548);
#3538 = B_SPLINE_CURVE_WITH_KNOTS('',8,(#3539,#3540,#3541,#3542,#3543,
    #3544,#3545,#3546,#3547),.UNSPECIFIED.,.F.,.F.,(9,9),(0.,1.),
  .PIECEWISE_BEZIER_KNOTS.);
#3539 = CARTESIAN_POINT('',(3.756186843909,-1.540609916266));
#3540 = CARTESIAN_POINT('',(3.670784111856,-1.542429969609));
#3541 = CARTESIAN_POINT('',(3.583738545406,-1.544122397275));
#3542 = CARTESIAN_POINT('',(3.495142328888,-1.545731076637));
#3543 = CARTESIAN_POINT('',(3.404825463092,-1.547295241768));
#3544 = CARTESIAN_POINT('',(3.31216588548,-1.548843764619));
#3545 = CARTESIAN_POINT('',(3.21581743418,-1.55038929195));
#3546 = CARTESIAN_POINT('',(3.113282095482,-1.551895490154));
#3547 = CARTESIAN_POINT('',(3.002839144342,-1.553310100962));
#3548 = ( GEOMETRIC_REPRESENTATION_CONTEXT(2) 
PARAMETRIC_REPRESENTATION_CONTEXT() REPRESENTATION_CONTEXT('2D SPACE',''
  ) );
#3549 = ORIENTED_EDGE('',*,*,#2813,.F.);
#3550 = ADVANCED_FACE('',(#3551),#2795,.F.);
#3551 = FACE_BOUND('',#3552,.F.);
#3552 = EDGE_LOOP('',(#3553));
#3553 = ORIENTED_EDGE('',*,*,#2780,.T.);
#3554 = ADVANCED_FACE('',(#3555),#2860,.F.);
#3555 = FACE_BOUND('',#3556,.F.);
#3556 = EDGE_LOOP('',(#3557,#3558,#3582,#3583,#3584,#3585,#3586,#3587,
    #3588,#3589,#3590,#3591));
#3557 = ORIENTED_EDGE('',*,*,#3256,.T.);
#3558 = ORIENTED_EDGE('',*,*,#3559,.F.);
#3559 = EDGE_CURVE('',#3560,#3201,#3562,.T.);
#3560 = VERTEX_POINT('',#3561);
#3561 = CARTESIAN_POINT('',(1.038500485677E-15,-2.543592591395E-31,0.65)
  );
#3562 = SEAM_CURVE('',#3563,(#3568,#3575),.PCURVE_S1.);
#3563 = CIRCLE('',#3564,16.96);
#3564 = AXIS2_PLACEMENT_3D('',#3565,#3566,#3567);
#3565 = CARTESIAN_POINT('',(0.,0.,17.61));
#3566 = DIRECTION('',(-2.449293598295E-16,-1.,0.));
#3567 = DIRECTION('',(1.,-2.449293598295E-16,0.));
#3568 = PCURVE('',#2860,#3569);
#3569 = DEFINITIONAL_REPRESENTATION('',(#3570),#3574);
#3570 = LINE('',#3571,#3572);
#3571 = CARTESIAN_POINT('',(6.28318530718,-6.28318530718));
#3572 = VECTOR('',#3573,1.);
#3573 = DIRECTION('',(0.,1.));
#3574 = ( GEOMETRIC_REPRESENTATION_CONTEXT(2) 
PARAMETRIC_REPRESENTATION_CONTEXT() REPRESENTATION_CONTEXT('2D SPACE',''
  ) );
#3575 = PCURVE('',#2860,#3576);
#3576 = DEFINITIONAL_REPRESENTATION('',(#3577),#3581);
#3577 = LINE('',#3578,#3579);
#3578 = CARTESIAN_POINT('',(0.,-6.28318530718));
#3579 = VECTOR('',#3580,1.);
#3580 = DIRECTION('',(0.,1.));
#3581 = ( GEOMETRIC_REPRESENTATION_CONTEXT(2) 
PARAMETRIC_REPRESENTATION_CONTEXT() REPRESENTATION_CONTEXT('2D SPACE',''
  ) );
#3582 = ORIENTED_EDGE('',*,*,#3559,.T.);
#3583 = ORIENTED_EDGE('',*,*,#3200,.T.);
#3584 = ORIENTED_EDGE('',*,*,#3118,.T.);
#3585 = ORIENTED_EDGE('',*,*,#3042,.T.);
#3586 = ORIENTED_EDGE('',*,*,#2972,.T.);
#3587 = ORIENTED_EDGE('',*,*,#2902,.T.);
#3588 = ORIENTED_EDGE('',*,*,#2836,.T.);
#3589 = ORIENTED_EDGE('',*,*,#3511,.T.);
#3590 = ORIENTED_EDGE('',*,*,#3411,.T.);
#3591 = ORIENTED_EDGE('',*,*,#3311,.T.);
#3592 = ( GEOMETRIC_REPRESENTATION_CONTEXT(3) 
GLOBAL_UNCERTAINTY_ASSIGNED_CONTEXT((#3596)) 
GLOBAL_UNIT_ASSIGNED_CONTEXT((#3593,#3594,#3595)) REPRESENTATION_CONTEXT
('Context #1','3D Context with UNIT and UNCERTAINTY') );
#3593 = ( LENGTH_UNIT() NAMED_UNIT(*) SI_UNIT(.MILLI.,.METRE.) );
#3594 = ( NAMED_UNIT(*) PLANE_ANGLE_UNIT() SI_UNIT($,.RADIAN.) );
#3595 = ( NAMED_UNIT(*) SI_UNIT($,.STERADIAN.) SOLID_ANGLE_UNIT() );
#3596 = UNCERTAINTY_MEASURE_WITH_UNIT(LENGTH_MEASURE(2.E-06),#3593,
  'distance_accuracy_value','confusion accuracy');
#3597 = PRODUCT_RELATED_PRODUCT_CATEGORY('part',$,(#7));
ENDSEC;
END-ISO-10303-21;
