ISO-10303-21;
HEADER;
FILE_DESCRIPTION(('Open CASCADE Model'),'2;1');
FILE_NAME('Open CASCADE Shape Model','2026-08-29T04:04:34',('Author'),(
    'Open CASCADE'),'Open CASCADE STEP processor 7.9','Open CASCADE 7.9'
  ,'Unknown');
FILE_SCHEMA(('AUTOMOTIVE_DESIGN { 1 0 10303 214 1 1 1 1 }'));
ENDSEC;
DATA;
#1 = APPLICATION_PROTOCOL_DEFINITION('international standard',
  'automotive_design',2000,#2);
#2 = APPLICATION_CONTEXT(
  'core data for automotive mechanical design processes');
#3 = SHAPE_DEFINITION_REPRESENTATION(#4,#10);
#4 = PRODUCT_DEFINITION_SHAPE('','',#5);
#5 = PRODUCT_DEFINITION('design','',#6,#9);
#6 = PRODUCT_DEFINITION_FORMATION('','',#7);
#7 = PRODUCT('Open CASCADE STEP translator 7.9 33',
  'Open CASCADE STEP translator 7.9 33','',(#8));
#8 = PRODUCT_CONTEXT('',#2,'mechanical');
#9 = PRODUCT_DEFINITION_CONTEXT('part definition',#2,'design');
#10 = SHAPE_REPRESENTATION('',(#11,#15,#19,#23,#27,#31,#35,#39,#43,#47,
    #51,#55,#59),#63);
#11 = AXIS2_PLACEMENT_3D('',#12,#13,#14);
#12 = CARTESIAN_POINT('',(0.,0.,0.));
#13 = DIRECTION('',(0.,0.,1.));
#14 = DIRECTION('',(1.,0.,-0.));
#15 = AXIS2_PLACEMENT_3D('',#16,#17,#18);
#16 = CARTESIAN_POINT('',(0.,0.,0.));
#17 = DIRECTION('',(0.,0.,1.));
#18 = DIRECTION('',(1.,0.,-0.));
#19 = AXIS2_PLACEMENT_3D('',#20,#21,#22);
#20 = CARTESIAN_POINT('',(0.,0.,0.));
#21 = DIRECTION('',(0.,0.,1.));
#22 = DIRECTION('',(1.,0.,-0.));
#23 = AXIS2_PLACEMENT_3D('',#24,#25,#26);
#24 = CARTESIAN_POINT('',(0.,0.,0.));
#25 = DIRECTION('',(0.,0.,1.));
#26 = DIRECTION('',(1.,0.,-0.));
#27 = AXIS2_PLACEMENT_3D('',#28,#29,#30);
#28 = CARTESIAN_POINT('',(0.,0.,0.));
#29 = DIRECTION('',(0.,0.,1.));
#30 = DIRECTION('',(1.,0.,-0.));
#31 = AXIS2_PLACEMENT_3D('',#32,#33,#34);
#32 = CARTESIAN_POINT('',(0.,0.,0.));
#33 = DIRECTION('',(0.,0.,1.));
#34 = DIRECTION('',(1.,0.,-0.));
#35 = AXIS2_PLACEMENT_3D('',#36,#37,#38);
#36 = CARTESIAN_POINT('',(0.,0.,0.));
#37 = DIRECTION('',(0.,0.,1.));
#38 = DIRECTION('',(1.,0.,-0.));
#39 = AXIS2_PLACEMENT_3D('',#40,#41,#42);
#40 = CARTESIAN_POINT('',(0.,0.,0.));
#41 = DIRECTION('',(0.,0.,1.));
#42 = DIRECTION('',(1.,0.,-0.));
#43 = AXIS2_PLACEMENT_3D('',#44,#45,#46);
#44 = CARTESIAN_POINT('',(0.,0.,0.));
#45 = DIRECTION('',(0.,0.,1.));
#46 = DIRECTION('',(1.,0.,-0.));
#47 = AXIS2_PLACEMENT_3D('',#48,#49,#50);
#48 = CARTESIAN_POINT('',(0.,0.,0.));
#49 = DIRECTION('',(0.,0.,1.));
#50 = DIRECTION('',(1.,0.,-0.));
#51 = AXIS2_PLACEMENT_3D('',#52,#53,#54);
#52 = CARTESIAN_POINT('',(0.,0.,0.));
#53 = DIRECTION('',(0.,0.,1.));
#54 = DIRECTION('',(1.,0.,-0.));
#55 = AXIS2_PLACEMENT_3D('',#56,#57,#58);
#56 = CARTESIAN_POINT('',(0.,0.,0.));
#57 = DIRECTION('',(0.,0.,1.));
#58 = DIRECTION('',(1.,0.,-0.));
#59 = AXIS2_PLACEMENT_3D('',#60,#61,#62);
#60 = CARTESIAN_POINT('',(0.,0.,0.));
#61 = DIRECTION('',(0.,0.,1.));
#62 = DIRECTION('',(1.,0.,-0.));
#63 = ( GEOMETRIC_REPRESENTATION_CONTEXT(3) 
GLOBAL_UNCERTAINTY_ASSIGNED_CONTEXT((#67)) GLOBAL_UNIT_ASSIGNED_CONTEXT(
(#64,#65,#66)) REPRESENTATION_CONTEXT('Context #1',
  '3D Context with UNIT and UNCERTAINTY') );
#64 = ( LENGTH_UNIT() NAMED_UNIT(*) SI_UNIT(.MILLI.,.METRE.) );
#65 = ( NAMED_UNIT(*) PLANE_ANGLE_UNIT() SI_UNIT($,.RADIAN.) );
#66 = ( NAMED_UNIT(*) SI_UNIT($,.STERADIAN.) SOLID_ANGLE_UNIT() );
#67 = UNCERTAINTY_MEASURE_WITH_UNIT(LENGTH_MEASURE(1.E-07),#64,
  'distance_accuracy_value','confusion accuracy');
#68 = PRODUCT_RELATED_PRODUCT_CATEGORY('part',$,(#7));
#69 = SHAPE_DEFINITION_REPRESENTATION(#70,#76);
#70 = PRODUCT_DEFINITION_SHAPE('','',#71);
#71 = PRODUCT_DEFINITION('design','',#72,#75);
#72 = PRODUCT_DEFINITION_FORMATION('','',#73);
#73 = PRODUCT('Open CASCADE STEP translator 7.9 33.1',
  'Open CASCADE STEP translator 7.9 33.1','',(#74));
#74 = PRODUCT_CONTEXT('',#2,'mechanical');
#75 = PRODUCT_DEFINITION_CONTEXT('part definition',#2,'design');
#76 = ADVANCED_BREP_SHAPE_REPRESENTATION('',(#11,#77),#655);
#77 = MANIFOLD_SOLID_BREP('',#78);
#78 = CLOSED_SHELL('',(#79,#199,#275,#351,#464,#567,#594,#621,#628));
#79 = ADVANCED_FACE('',(#80),#94,.T.);
#80 = FACE_BOUND('',#81,.F.);
#81 = EDGE_LOOP('',(#82,#117,#145,#173));
#82 = ORIENTED_EDGE('',*,*,#83,.T.);
#83 = EDGE_CURVE('',#84,#86,#88,.T.);
#84 = VERTEX_POINT('',#85);
#85 = CARTESIAN_POINT('',(7.632993161855,84.867006838145,-1.5));
#86 = VERTEX_POINT('',#87);
#87 = CARTESIAN_POINT('',(7.632993161855,84.867006838145,-3.1));
#88 = SURFACE_CURVE('',#89,(#93,#105),.PCURVE_S1.);
#89 = LINE('',#90,#91);
#90 = CARTESIAN_POINT('',(7.632993161855,84.867006838145,-1.5));
#91 = VECTOR('',#92,1.);
#92 = DIRECTION('',(0.,-0.,-1.));
#93 = PCURVE('',#94,#99);
#94 = PLANE('',#95);
#95 = AXIS2_PLACEMENT_3D('',#96,#97,#98);
#96 = CARTESIAN_POINT('',(7.632993161855,84.867006838145,-1.5));
#97 = DIRECTION('',(0.258819045103,-0.965925826289,-0.));
#98 = DIRECTION('',(0.965925826289,0.258819045103,0.));
#99 = DEFINITIONAL_REPRESENTATION('',(#100),#104);
#100 = LINE('',#101,#102);
#101 = CARTESIAN_POINT('',(0.,-0.));
#102 = VECTOR('',#103,1.);
#103 = DIRECTION('',(-0.,-1.));
#104 = ( GEOMETRIC_REPRESENTATION_CONTEXT(2) 
PARAMETRIC_REPRESENTATION_CONTEXT() REPRESENTATION_CONTEXT('2D SPACE',''
  ) );
#105 = PCURVE('',#106,#111);
#106 = PLANE('',#107);
#107 = AXIS2_PLACEMENT_3D('',#108,#109,#110);
#108 = CARTESIAN_POINT('',(8.230710143301,87.097716981445,-1.5));
#109 = DIRECTION('',(0.965925826289,-0.258819045103,-0.));
#110 = DIRECTION('',(0.258819045103,0.965925826289,0.));
#111 = DEFINITIONAL_REPRESENTATION('',(#112),#116);
#112 = LINE('',#113,#114);
#113 = CARTESIAN_POINT('',(-2.309401076759,0.));
#114 = VECTOR('',#115,1.);
#115 = DIRECTION('',(-0.,-1.));
#116 = ( GEOMETRIC_REPRESENTATION_CONTEXT(2) 
PARAMETRIC_REPRESENTATION_CONTEXT() REPRESENTATION_CONTEXT('2D SPACE',''
  ) );
#117 = ORIENTED_EDGE('',*,*,#118,.T.);
#118 = EDGE_CURVE('',#86,#119,#121,.T.);
#119 = VERTEX_POINT('',#120);
#120 = CARTESIAN_POINT('',(5.402283018555,84.269289856699,-3.1));
#121 = SURFACE_CURVE('',#122,(#126,#133),.PCURVE_S1.);
#122 = LINE('',#123,#124);
#123 = CARTESIAN_POINT('',(7.632993161855,84.867006838145,-3.1));
#124 = VECTOR('',#125,1.);
#125 = DIRECTION('',(-0.965925826289,-0.258819045103,-0.));
#126 = PCURVE('',#94,#127);
#127 = DEFINITIONAL_REPRESENTATION('',(#128),#132);
#128 = LINE('',#129,#130);
#129 = CARTESIAN_POINT('',(-0.,-1.6));
#130 = VECTOR('',#131,1.);
#131 = DIRECTION('',(-1.,0.));
#132 = ( GEOMETRIC_REPRESENTATION_CONTEXT(2) 
PARAMETRIC_REPRESENTATION_CONTEXT() REPRESENTATION_CONTEXT('2D SPACE',''
  ) );
#133 = PCURVE('',#134,#139);
#134 = PLANE('',#135);
#135 = AXIS2_PLACEMENT_3D('',#136,#137,#138);
#136 = CARTESIAN_POINT('',(6.,86.5,-3.1));
#137 = DIRECTION('',(-0.,-0.,1.));
#138 = DIRECTION('',(-0.707106781187,0.707106781187,0.));
#139 = DEFINITIONAL_REPRESENTATION('',(#140),#144);
#140 = LINE('',#141,#142);
#141 = CARTESIAN_POINT('',(-2.309401076759,1.630924304674E-16));
#142 = VECTOR('',#143,1.);
#143 = DIRECTION('',(0.5,0.866025403784));
#144 = ( GEOMETRIC_REPRESENTATION_CONTEXT(2) 
PARAMETRIC_REPRESENTATION_CONTEXT() REPRESENTATION_CONTEXT('2D SPACE',''
  ) );
#145 = ORIENTED_EDGE('',*,*,#146,.F.);
#146 = EDGE_CURVE('',#147,#119,#149,.T.);
#147 = VERTEX_POINT('',#148);
#148 = CARTESIAN_POINT('',(5.402283018555,84.269289856699,-1.5));
#149 = SURFACE_CURVE('',#150,(#154,#161),.PCURVE_S1.);
#150 = LINE('',#151,#152);
#151 = CARTESIAN_POINT('',(5.402283018555,84.269289856699,-1.5));
#152 = VECTOR('',#153,1.);
#153 = DIRECTION('',(0.,-0.,-1.));
#154 = PCURVE('',#94,#155);
#155 = DEFINITIONAL_REPRESENTATION('',(#156),#160);
#156 = LINE('',#157,#158);
#157 = CARTESIAN_POINT('',(-2.309401076759,0.));
#158 = VECTOR('',#159,1.);
#159 = DIRECTION('',(-0.,-1.));
#160 = ( GEOMETRIC_REPRESENTATION_CONTEXT(2) 
PARAMETRIC_REPRESENTATION_CONTEXT() REPRESENTATION_CONTEXT('2D SPACE',''
  ) );
#161 = PCURVE('',#162,#167);
#162 = PLANE('',#163);
#163 = AXIS2_PLACEMENT_3D('',#164,#165,#166);
#164 = CARTESIAN_POINT('',(5.402283018555,84.269289856699,-1.5));
#165 = DIRECTION('',(-0.707106781187,-0.707106781187,-0.));
#166 = DIRECTION('',(0.707106781187,-0.707106781187,-0.));
#167 = DEFINITIONAL_REPRESENTATION('',(#168),#172);
#168 = LINE('',#169,#170);
#169 = CARTESIAN_POINT('',(-0.,0.));
#170 = VECTOR('',#171,1.);
#171 = DIRECTION('',(-0.,-1.));
#172 = ( GEOMETRIC_REPRESENTATION_CONTEXT(2) 
PARAMETRIC_REPRESENTATION_CONTEXT() REPRESENTATION_CONTEXT('2D SPACE',''
  ) );
#173 = ORIENTED_EDGE('',*,*,#174,.F.);
#174 = EDGE_CURVE('',#84,#147,#175,.T.);
#175 = SURFACE_CURVE('',#176,(#180,#187),.PCURVE_S1.);
#176 = LINE('',#177,#178);
#177 = CARTESIAN_POINT('',(7.632993161855,84.867006838145,-1.5));
#178 = VECTOR('',#179,1.);
#179 = DIRECTION('',(-0.965925826289,-0.258819045103,-0.));
#180 = PCURVE('',#94,#181);
#181 = DEFINITIONAL_REPRESENTATION('',(#182),#186);
#182 = LINE('',#183,#184);
#183 = CARTESIAN_POINT('',(0.,-0.));
#184 = VECTOR('',#185,1.);
#185 = DIRECTION('',(-1.,0.));
#186 = ( GEOMETRIC_REPRESENTATION_CONTEXT(2) 
PARAMETRIC_REPRESENTATION_CONTEXT() REPRESENTATION_CONTEXT('2D SPACE',''
  ) );
#187 = PCURVE('',#188,#193);
#188 = PLANE('',#189);
#189 = AXIS2_PLACEMENT_3D('',#190,#191,#192);
#190 = CARTESIAN_POINT('',(6.,86.5,-1.5));
#191 = DIRECTION('',(-0.,-0.,1.));
#192 = DIRECTION('',(-0.707106781187,0.707106781187,0.));
#193 = DEFINITIONAL_REPRESENTATION('',(#194),#198);
#194 = LINE('',#195,#196);
#195 = CARTESIAN_POINT('',(-2.309401076759,1.630924304674E-16));
#196 = VECTOR('',#197,1.);
#197 = DIRECTION('',(0.5,0.866025403784));
#198 = ( GEOMETRIC_REPRESENTATION_CONTEXT(2) 
PARAMETRIC_REPRESENTATION_CONTEXT() REPRESENTATION_CONTEXT('2D SPACE',''
  ) );
#199 = ADVANCED_FACE('',(#200),#106,.T.);
#200 = FACE_BOUND('',#201,.F.);
#201 = EDGE_LOOP('',(#202,#232,#253,#254));
#202 = ORIENTED_EDGE('',*,*,#203,.T.);
#203 = EDGE_CURVE('',#204,#206,#208,.T.);
#204 = VERTEX_POINT('',#205);
#205 = CARTESIAN_POINT('',(8.230710143301,87.097716981445,-1.5));
#206 = VERTEX_POINT('',#207);
#207 = CARTESIAN_POINT('',(8.230710143301,87.097716981445,-3.1));
#208 = SURFACE_CURVE('',#209,(#213,#220),.PCURVE_S1.);
#209 = LINE('',#210,#211);
#210 = CARTESIAN_POINT('',(8.230710143301,87.097716981445,-1.5));
#211 = VECTOR('',#212,1.);
#212 = DIRECTION('',(0.,-0.,-1.));
#213 = PCURVE('',#106,#214);
#214 = DEFINITIONAL_REPRESENTATION('',(#215),#219);
#215 = LINE('',#216,#217);
#216 = CARTESIAN_POINT('',(0.,-0.));
#217 = VECTOR('',#218,1.);
#218 = DIRECTION('',(-0.,-1.));
#219 = ( GEOMETRIC_REPRESENTATION_CONTEXT(2) 
PARAMETRIC_REPRESENTATION_CONTEXT() REPRESENTATION_CONTEXT('2D SPACE',''
  ) );
#220 = PCURVE('',#221,#226);
#221 = PLANE('',#222);
#222 = AXIS2_PLACEMENT_3D('',#223,#224,#225);
#223 = CARTESIAN_POINT('',(6.597716981445,88.730710143301,-1.5));
#224 = DIRECTION('',(0.707106781187,0.707106781187,-0.));
#225 = DIRECTION('',(-0.707106781187,0.707106781187,0.));
#226 = DEFINITIONAL_REPRESENTATION('',(#227),#231);
#227 = LINE('',#228,#229);
#228 = CARTESIAN_POINT('',(-2.309401076759,0.));
#229 = VECTOR('',#230,1.);
#230 = DIRECTION('',(-0.,-1.));
#231 = ( GEOMETRIC_REPRESENTATION_CONTEXT(2) 
PARAMETRIC_REPRESENTATION_CONTEXT() REPRESENTATION_CONTEXT('2D SPACE',''
  ) );
#232 = ORIENTED_EDGE('',*,*,#233,.T.);
#233 = EDGE_CURVE('',#206,#86,#234,.T.);
#234 = SURFACE_CURVE('',#235,(#239,#246),.PCURVE_S1.);
#235 = LINE('',#236,#237);
#236 = CARTESIAN_POINT('',(8.230710143301,87.097716981445,-3.1));
#237 = VECTOR('',#238,1.);
#238 = DIRECTION('',(-0.258819045103,-0.965925826289,-0.));
#239 = PCURVE('',#106,#240);
#240 = DEFINITIONAL_REPRESENTATION('',(#241),#245);
#241 = LINE('',#242,#243);
#242 = CARTESIAN_POINT('',(-0.,-1.6));
#243 = VECTOR('',#244,1.);
#244 = DIRECTION('',(-1.,0.));
#245 = ( GEOMETRIC_REPRESENTATION_CONTEXT(2) 
PARAMETRIC_REPRESENTATION_CONTEXT() REPRESENTATION_CONTEXT('2D SPACE',''
  ) );
#246 = PCURVE('',#134,#247);
#247 = DEFINITIONAL_REPRESENTATION('',(#248),#252);
#248 = LINE('',#249,#250);
#249 = CARTESIAN_POINT('',(-1.154700538379,-2.));
#250 = VECTOR('',#251,1.);
#251 = DIRECTION('',(-0.5,0.866025403784));
#252 = ( GEOMETRIC_REPRESENTATION_CONTEXT(2) 
PARAMETRIC_REPRESENTATION_CONTEXT() REPRESENTATION_CONTEXT('2D SPACE',''
  ) );
#253 = ORIENTED_EDGE('',*,*,#83,.F.);
#254 = ORIENTED_EDGE('',*,*,#255,.F.);
#255 = EDGE_CURVE('',#204,#84,#256,.T.);
#256 = SURFACE_CURVE('',#257,(#261,#268),.PCURVE_S1.);
#257 = LINE('',#258,#259);
#258 = CARTESIAN_POINT('',(8.230710143301,87.097716981445,-1.5));
#259 = VECTOR('',#260,1.);
#260 = DIRECTION('',(-0.258819045103,-0.965925826289,-0.));
#261 = PCURVE('',#106,#262);
#262 = DEFINITIONAL_REPRESENTATION('',(#263),#267);
#263 = LINE('',#264,#265);
#264 = CARTESIAN_POINT('',(0.,-0.));
#265 = VECTOR('',#266,1.);
#266 = DIRECTION('',(-1.,0.));
#267 = ( GEOMETRIC_REPRESENTATION_CONTEXT(2) 
PARAMETRIC_REPRESENTATION_CONTEXT() REPRESENTATION_CONTEXT('2D SPACE',''
  ) );
#268 = PCURVE('',#188,#269);
#269 = DEFINITIONAL_REPRESENTATION('',(#270),#274);
#270 = LINE('',#271,#272);
#271 = CARTESIAN_POINT('',(-1.154700538379,-2.));
#272 = VECTOR('',#273,1.);
#273 = DIRECTION('',(-0.5,0.866025403784));
#274 = ( GEOMETRIC_REPRESENTATION_CONTEXT(2) 
PARAMETRIC_REPRESENTATION_CONTEXT() REPRESENTATION_CONTEXT('2D SPACE',''
  ) );
#275 = ADVANCED_FACE('',(#276),#162,.T.);
#276 = FACE_BOUND('',#277,.F.);
#277 = EDGE_LOOP('',(#278,#279,#302,#330));
#278 = ORIENTED_EDGE('',*,*,#146,.T.);
#279 = ORIENTED_EDGE('',*,*,#280,.T.);
#280 = EDGE_CURVE('',#119,#281,#283,.T.);
#281 = VERTEX_POINT('',#282);
#282 = CARTESIAN_POINT('',(3.769289856699,85.902283018555,-3.1));
#283 = SURFACE_CURVE('',#284,(#288,#295),.PCURVE_S1.);
#284 = LINE('',#285,#286);
#285 = CARTESIAN_POINT('',(5.402283018555,84.269289856699,-3.1));
#286 = VECTOR('',#287,1.);
#287 = DIRECTION('',(-0.707106781187,0.707106781187,0.));
#288 = PCURVE('',#162,#289);
#289 = DEFINITIONAL_REPRESENTATION('',(#290),#294);
#290 = LINE('',#291,#292);
#291 = CARTESIAN_POINT('',(-0.,-1.6));
#292 = VECTOR('',#293,1.);
#293 = DIRECTION('',(-1.,0.));
#294 = ( GEOMETRIC_REPRESENTATION_CONTEXT(2) 
PARAMETRIC_REPRESENTATION_CONTEXT() REPRESENTATION_CONTEXT('2D SPACE',''
  ) );
#295 = PCURVE('',#134,#296);
#296 = DEFINITIONAL_REPRESENTATION('',(#297),#301);
#297 = LINE('',#298,#299);
#298 = CARTESIAN_POINT('',(-1.154700538379,2.));
#299 = VECTOR('',#300,1.);
#300 = DIRECTION('',(1.,1.793803890391E-16));
#301 = ( GEOMETRIC_REPRESENTATION_CONTEXT(2) 
PARAMETRIC_REPRESENTATION_CONTEXT() REPRESENTATION_CONTEXT('2D SPACE',''
  ) );
#302 = ORIENTED_EDGE('',*,*,#303,.F.);
#303 = EDGE_CURVE('',#304,#281,#306,.T.);
#304 = VERTEX_POINT('',#305);
#305 = CARTESIAN_POINT('',(3.769289856699,85.902283018555,-1.5));
#306 = SURFACE_CURVE('',#307,(#311,#318),.PCURVE_S1.);
#307 = LINE('',#308,#309);
#308 = CARTESIAN_POINT('',(3.769289856699,85.902283018555,-1.5));
#309 = VECTOR('',#310,1.);
#310 = DIRECTION('',(0.,-0.,-1.));
#311 = PCURVE('',#162,#312);
#312 = DEFINITIONAL_REPRESENTATION('',(#313),#317);
#313 = LINE('',#314,#315);
#314 = CARTESIAN_POINT('',(-2.309401076759,0.));
#315 = VECTOR('',#316,1.);
#316 = DIRECTION('',(-0.,-1.));
#317 = ( GEOMETRIC_REPRESENTATION_CONTEXT(2) 
PARAMETRIC_REPRESENTATION_CONTEXT() REPRESENTATION_CONTEXT('2D SPACE',''
  ) );
#318 = PCURVE('',#319,#324);
#319 = PLANE('',#320);
#320 = AXIS2_PLACEMENT_3D('',#321,#322,#323);
#321 = CARTESIAN_POINT('',(3.769289856699,85.902283018555,-1.5));
#322 = DIRECTION('',(-0.965925826289,0.258819045103,0.));
#323 = DIRECTION('',(-0.258819045103,-0.965925826289,0.));
#324 = DEFINITIONAL_REPRESENTATION('',(#325),#329);
#325 = LINE('',#326,#327);
#326 = CARTESIAN_POINT('',(-0.,0.));
#327 = VECTOR('',#328,1.);
#328 = DIRECTION('',(-0.,-1.));
#329 = ( GEOMETRIC_REPRESENTATION_CONTEXT(2) 
PARAMETRIC_REPRESENTATION_CONTEXT() REPRESENTATION_CONTEXT('2D SPACE',''
  ) );
#330 = ORIENTED_EDGE('',*,*,#331,.F.);
#331 = EDGE_CURVE('',#147,#304,#332,.T.);
#332 = SURFACE_CURVE('',#333,(#337,#344),.PCURVE_S1.);
#333 = LINE('',#334,#335);
#334 = CARTESIAN_POINT('',(5.402283018555,84.269289856699,-1.5));
#335 = VECTOR('',#336,1.);
#336 = DIRECTION('',(-0.707106781187,0.707106781187,0.));
#337 = PCURVE('',#162,#338);
#338 = DEFINITIONAL_REPRESENTATION('',(#339),#343);
#339 = LINE('',#340,#341);
#340 = CARTESIAN_POINT('',(-0.,0.));
#341 = VECTOR('',#342,1.);
#342 = DIRECTION('',(-1.,0.));
#343 = ( GEOMETRIC_REPRESENTATION_CONTEXT(2) 
PARAMETRIC_REPRESENTATION_CONTEXT() REPRESENTATION_CONTEXT('2D SPACE',''
  ) );
#344 = PCURVE('',#188,#345);
#345 = DEFINITIONAL_REPRESENTATION('',(#346),#350);
#346 = LINE('',#347,#348);
#347 = CARTESIAN_POINT('',(-1.154700538379,2.));
#348 = VECTOR('',#349,1.);
#349 = DIRECTION('',(1.,1.793803890391E-16));
#350 = ( GEOMETRIC_REPRESENTATION_CONTEXT(2) 
PARAMETRIC_REPRESENTATION_CONTEXT() REPRESENTATION_CONTEXT('2D SPACE',''
  ) );
#351 = ADVANCED_FACE('',(#352,#429),#188,.T.);
#352 = FACE_BOUND('',#353,.F.);
#353 = EDGE_LOOP('',(#354,#355,#356,#379,#407,#428));
#354 = ORIENTED_EDGE('',*,*,#174,.T.);
#355 = ORIENTED_EDGE('',*,*,#331,.T.);
#356 = ORIENTED_EDGE('',*,*,#357,.T.);
#357 = EDGE_CURVE('',#304,#358,#360,.T.);
#358 = VERTEX_POINT('',#359);
#359 = CARTESIAN_POINT('',(4.367006838145,88.132993161855,-1.5));
#360 = SURFACE_CURVE('',#361,(#365,#372),.PCURVE_S1.);
#361 = LINE('',#362,#363);
#362 = CARTESIAN_POINT('',(3.769289856699,85.902283018555,-1.5));
#363 = VECTOR('',#364,1.);
#364 = DIRECTION('',(0.258819045103,0.965925826289,-0.));
#365 = PCURVE('',#188,#366);
#366 = DEFINITIONAL_REPRESENTATION('',(#367),#371);
#367 = LINE('',#368,#369);
#368 = CARTESIAN_POINT('',(1.154700538379,2.));
#369 = VECTOR('',#370,1.);
#370 = DIRECTION('',(0.5,-0.866025403784));
#371 = ( GEOMETRIC_REPRESENTATION_CONTEXT(2) 
PARAMETRIC_REPRESENTATION_CONTEXT() REPRESENTATION_CONTEXT('2D SPACE',''
  ) );
#372 = PCURVE('',#319,#373);
#373 = DEFINITIONAL_REPRESENTATION('',(#374),#378);
#374 = LINE('',#375,#376);
#375 = CARTESIAN_POINT('',(-0.,0.));
#376 = VECTOR('',#377,1.);
#377 = DIRECTION('',(-1.,0.));
#378 = ( GEOMETRIC_REPRESENTATION_CONTEXT(2) 
PARAMETRIC_REPRESENTATION_CONTEXT() REPRESENTATION_CONTEXT('2D SPACE',''
  ) );
#379 = ORIENTED_EDGE('',*,*,#380,.T.);
#380 = EDGE_CURVE('',#358,#381,#383,.T.);
#381 = VERTEX_POINT('',#382);
#382 = CARTESIAN_POINT('',(6.597716981445,88.730710143301,-1.5));
#383 = SURFACE_CURVE('',#384,(#388,#395),.PCURVE_S1.);
#384 = LINE('',#385,#386);
#385 = CARTESIAN_POINT('',(4.367006838145,88.132993161855,-1.5));
#386 = VECTOR('',#387,1.);
#387 = DIRECTION('',(0.965925826289,0.258819045103,-0.));
#388 = PCURVE('',#188,#389);
#389 = DEFINITIONAL_REPRESENTATION('',(#390),#394);
#390 = LINE('',#391,#392);
#391 = CARTESIAN_POINT('',(2.309401076759,-1.630924304674E-16));
#392 = VECTOR('',#393,1.);
#393 = DIRECTION('',(-0.5,-0.866025403784));
#394 = ( GEOMETRIC_REPRESENTATION_CONTEXT(2) 
PARAMETRIC_REPRESENTATION_CONTEXT() REPRESENTATION_CONTEXT('2D SPACE',''
  ) );
#395 = PCURVE('',#396,#401);
#396 = PLANE('',#397);
#397 = AXIS2_PLACEMENT_3D('',#398,#399,#400);
#398 = CARTESIAN_POINT('',(4.367006838145,88.132993161855,-1.5));
#399 = DIRECTION('',(-0.258819045103,0.965925826289,0.));
#400 = DIRECTION('',(-0.965925826289,-0.258819045103,0.));
#401 = DEFINITIONAL_REPRESENTATION('',(#402),#406);
#402 = LINE('',#403,#404);
#403 = CARTESIAN_POINT('',(-0.,0.));
#404 = VECTOR('',#405,1.);
#405 = DIRECTION('',(-1.,-0.));
#406 = ( GEOMETRIC_REPRESENTATION_CONTEXT(2) 
PARAMETRIC_REPRESENTATION_CONTEXT() REPRESENTATION_CONTEXT('2D SPACE',''
  ) );
#407 = ORIENTED_EDGE('',*,*,#408,.T.);
#408 = EDGE_CURVE('',#381,#204,#409,.T.);
#409 = SURFACE_CURVE('',#410,(#414,#421),.PCURVE_S1.);
#410 = LINE('',#411,#412);
#411 = CARTESIAN_POINT('',(6.597716981445,88.730710143301,-1.5));
#412 = VECTOR('',#413,1.);
#413 = DIRECTION('',(0.707106781187,-0.707106781187,-0.));
#414 = PCURVE('',#188,#415);
#415 = DEFINITIONAL_REPRESENTATION('',(#416),#420);
#416 = LINE('',#417,#418);
#417 = CARTESIAN_POINT('',(1.154700538379,-2.));
#418 = VECTOR('',#419,1.);
#419 = DIRECTION('',(-1.,-7.709546369322E-16));
#420 = ( GEOMETRIC_REPRESENTATION_CONTEXT(2) 
PARAMETRIC_REPRESENTATION_CONTEXT() REPRESENTATION_CONTEXT('2D SPACE',''
  ) );
#421 = PCURVE('',#221,#422);
#422 = DEFINITIONAL_REPRESENTATION('',(#423),#427);
#423 = LINE('',#424,#425);
#424 = CARTESIAN_POINT('',(-0.,0.));
#425 = VECTOR('',#426,1.);
#426 = DIRECTION('',(-1.,0.));
#427 = ( GEOMETRIC_REPRESENTATION_CONTEXT(2) 
PARAMETRIC_REPRESENTATION_CONTEXT() REPRESENTATION_CONTEXT('2D SPACE',''
  ) );
#428 = ORIENTED_EDGE('',*,*,#255,.T.);
#429 = FACE_BOUND('',#430,.F.);
#430 = EDGE_LOOP('',(#431));
#431 = ORIENTED_EDGE('',*,*,#432,.F.);
#432 = EDGE_CURVE('',#433,#433,#435,.T.);
#433 = VERTEX_POINT('',#434);
#434 = CARTESIAN_POINT('',(6.8,86.5,-1.5));
#435 = SURFACE_CURVE('',#436,(#441,#452),.PCURVE_S1.);
#436 = CIRCLE('',#437,0.8);
#437 = AXIS2_PLACEMENT_3D('',#438,#439,#440);
#438 = CARTESIAN_POINT('',(6.,86.5,-1.5));
#439 = DIRECTION('',(0.,0.,-1.));
#440 = DIRECTION('',(1.,-0.,-0.));
#441 = PCURVE('',#188,#442);
#442 = DEFINITIONAL_REPRESENTATION('',(#443),#451);
#443 = ( BOUNDED_CURVE() B_SPLINE_CURVE(2,(#444,#445,#446,#447,#448,#449
,#450),.UNSPECIFIED.,.T.,.F.) B_SPLINE_CURVE_WITH_KNOTS((1,2,2,2,2,1),(
    -2.094395102393,0.,2.094395102393,4.188790204786,6.28318530718,
8.377580409573),.UNSPECIFIED.) CURVE() GEOMETRIC_REPRESENTATION_ITEM() 
RATIONAL_B_SPLINE_CURVE((1.,0.5,1.,0.5,1.,0.5,1.)) REPRESENTATION_ITEM(
  '') );
#444 = CARTESIAN_POINT('',(-0.565685424949,-0.565685424949));
#445 = CARTESIAN_POINT('',(-1.545481322063,0.414110472164));
#446 = CARTESIAN_POINT('',(-0.207055236082,0.772740661031));
#447 = CARTESIAN_POINT('',(1.131370849898,1.131370849898));
#448 = CARTESIAN_POINT('',(0.772740661031,-0.207055236082));
#449 = CARTESIAN_POINT('',(0.414110472164,-1.545481322063));
#450 = CARTESIAN_POINT('',(-0.565685424949,-0.565685424949));
#451 = ( GEOMETRIC_REPRESENTATION_CONTEXT(2) 
PARAMETRIC_REPRESENTATION_CONTEXT() REPRESENTATION_CONTEXT('2D SPACE',''
  ) );
#452 = PCURVE('',#453,#458);
#453 = CYLINDRICAL_SURFACE('',#454,0.8);
#454 = AXIS2_PLACEMENT_3D('',#455,#456,#457);
#455 = CARTESIAN_POINT('',(6.,86.5,-1.5));
#456 = DIRECTION('',(-0.,-0.,1.));
#457 = DIRECTION('',(1.,-0.,-0.));
#458 = DEFINITIONAL_REPRESENTATION('',(#459),#463);
#459 = LINE('',#460,#461);
#460 = CARTESIAN_POINT('',(-0.,0.));
#461 = VECTOR('',#462,1.);
#462 = DIRECTION('',(-1.,0.));
#463 = ( GEOMETRIC_REPRESENTATION_CONTEXT(2) 
PARAMETRIC_REPRESENTATION_CONTEXT() REPRESENTATION_CONTEXT('2D SPACE',''
  ) );
#464 = ADVANCED_FACE('',(#465,#537),#134,.F.);
#465 = FACE_BOUND('',#466,.T.);
#466 = EDGE_LOOP('',(#467,#468,#469,#492,#515,#536));
#467 = ORIENTED_EDGE('',*,*,#118,.T.);
#468 = ORIENTED_EDGE('',*,*,#280,.T.);
#469 = ORIENTED_EDGE('',*,*,#470,.T.);
#470 = EDGE_CURVE('',#281,#471,#473,.T.);
#471 = VERTEX_POINT('',#472);
#472 = CARTESIAN_POINT('',(4.367006838145,88.132993161855,-3.1));
#473 = SURFACE_CURVE('',#474,(#478,#485),.PCURVE_S1.);
#474 = LINE('',#475,#476);
#475 = CARTESIAN_POINT('',(3.769289856699,85.902283018555,-3.1));
#476 = VECTOR('',#477,1.);
#477 = DIRECTION('',(0.258819045103,0.965925826289,-0.));
#478 = PCURVE('',#134,#479);
#479 = DEFINITIONAL_REPRESENTATION('',(#480),#484);
#480 = LINE('',#481,#482);
#481 = CARTESIAN_POINT('',(1.154700538379,2.));
#482 = VECTOR('',#483,1.);
#483 = DIRECTION('',(0.5,-0.866025403784));
#484 = ( GEOMETRIC_REPRESENTATION_CONTEXT(2) 
PARAMETRIC_REPRESENTATION_CONTEXT() REPRESENTATION_CONTEXT('2D SPACE',''
  ) );
#485 = PCURVE('',#319,#486);
#486 = DEFINITIONAL_REPRESENTATION('',(#487),#491);
#487 = LINE('',#488,#489);
#488 = CARTESIAN_POINT('',(-0.,-1.6));
#489 = VECTOR('',#490,1.);
#490 = DIRECTION('',(-1.,0.));
#491 = ( GEOMETRIC_REPRESENTATION_CONTEXT(2) 
PARAMETRIC_REPRESENTATION_CONTEXT() REPRESENTATION_CONTEXT('2D SPACE',''
  ) );
#492 = ORIENTED_EDGE('',*,*,#493,.T.);
#493 = EDGE_CURVE('',#471,#494,#496,.T.);
#494 = VERTEX_POINT('',#495);
#495 = CARTESIAN_POINT('',(6.597716981445,88.730710143301,-3.1));
#496 = SURFACE_CURVE('',#497,(#501,#508),.PCURVE_S1.);
#497 = LINE('',#498,#499);
#498 = CARTESIAN_POINT('',(4.367006838145,88.132993161855,-3.1));
#499 = VECTOR('',#500,1.);
#500 = DIRECTION('',(0.965925826289,0.258819045103,-0.));
#501 = PCURVE('',#134,#502);
#502 = DEFINITIONAL_REPRESENTATION('',(#503),#507);
#503 = LINE('',#504,#505);
#504 = CARTESIAN_POINT('',(2.309401076759,-1.630924304674E-16));
#505 = VECTOR('',#506,1.);
#506 = DIRECTION('',(-0.5,-0.866025403784));
#507 = ( GEOMETRIC_REPRESENTATION_CONTEXT(2) 
PARAMETRIC_REPRESENTATION_CONTEXT() REPRESENTATION_CONTEXT('2D SPACE',''
  ) );
#508 = PCURVE('',#396,#509);
#509 = DEFINITIONAL_REPRESENTATION('',(#510),#514);
#510 = LINE('',#511,#512);
#511 = CARTESIAN_POINT('',(-0.,-1.6));
#512 = VECTOR('',#513,1.);
#513 = DIRECTION('',(-1.,-0.));
#514 = ( GEOMETRIC_REPRESENTATION_CONTEXT(2) 
PARAMETRIC_REPRESENTATION_CONTEXT() REPRESENTATION_CONTEXT('2D SPACE',''
  ) );
#515 = ORIENTED_EDGE('',*,*,#516,.T.);
#516 = EDGE_CURVE('',#494,#206,#517,.T.);
#517 = SURFACE_CURVE('',#518,(#522,#529),.PCURVE_S1.);
#518 = LINE('',#519,#520);
#519 = CARTESIAN_POINT('',(6.597716981445,88.730710143301,-3.1));
#520 = VECTOR('',#521,1.);
#521 = DIRECTION('',(0.707106781187,-0.707106781187,-0.));
#522 = PCURVE('',#134,#523);
#523 = DEFINITIONAL_REPRESENTATION('',(#524),#528);
#524 = LINE('',#525,#526);
#525 = CARTESIAN_POINT('',(1.154700538379,-2.));
#526 = VECTOR('',#527,1.);
#527 = DIRECTION('',(-1.,-7.709546369322E-16));
#528 = ( GEOMETRIC_REPRESENTATION_CONTEXT(2) 
PARAMETRIC_REPRESENTATION_CONTEXT() REPRESENTATION_CONTEXT('2D SPACE',''
  ) );
#529 = PCURVE('',#221,#530);
#530 = DEFINITIONAL_REPRESENTATION('',(#531),#535);
#531 = LINE('',#532,#533);
#532 = CARTESIAN_POINT('',(-0.,-1.6));
#533 = VECTOR('',#534,1.);
#534 = DIRECTION('',(-1.,0.));
#535 = ( GEOMETRIC_REPRESENTATION_CONTEXT(2) 
PARAMETRIC_REPRESENTATION_CONTEXT() REPRESENTATION_CONTEXT('2D SPACE',''
  ) );
#536 = ORIENTED_EDGE('',*,*,#233,.T.);
#537 = FACE_BOUND('',#538,.T.);
#538 = EDGE_LOOP('',(#539));
#539 = ORIENTED_EDGE('',*,*,#540,.F.);
#540 = EDGE_CURVE('',#541,#541,#543,.T.);
#541 = VERTEX_POINT('',#542);
#542 = CARTESIAN_POINT('',(6.8,86.5,-3.1));
#543 = SURFACE_CURVE('',#544,(#549,#560),.PCURVE_S1.);
#544 = CIRCLE('',#545,0.8);
#545 = AXIS2_PLACEMENT_3D('',#546,#547,#548);
#546 = CARTESIAN_POINT('',(6.,86.5,-3.1));
#547 = DIRECTION('',(0.,0.,-1.));
#548 = DIRECTION('',(1.,-0.,-0.));
#549 = PCURVE('',#134,#550);
#550 = DEFINITIONAL_REPRESENTATION('',(#551),#559);
#551 = ( BOUNDED_CURVE() B_SPLINE_CURVE(2,(#552,#553,#554,#555,#556,#557
,#558),.UNSPECIFIED.,.T.,.F.) B_SPLINE_CURVE_WITH_KNOTS((1,2,2,2,2,1),(
    -2.094395102393,0.,2.094395102393,4.188790204786,6.28318530718,
8.377580409573),.UNSPECIFIED.) CURVE() GEOMETRIC_REPRESENTATION_ITEM() 
RATIONAL_B_SPLINE_CURVE((1.,0.5,1.,0.5,1.,0.5,1.)) REPRESENTATION_ITEM(
  '') );
#552 = CARTESIAN_POINT('',(-0.565685424949,-0.565685424949));
#553 = CARTESIAN_POINT('',(-1.545481322063,0.414110472164));
#554 = CARTESIAN_POINT('',(-0.207055236082,0.772740661031));
#555 = CARTESIAN_POINT('',(1.131370849898,1.131370849898));
#556 = CARTESIAN_POINT('',(0.772740661031,-0.207055236082));
#557 = CARTESIAN_POINT('',(0.414110472164,-1.545481322063));
#558 = CARTESIAN_POINT('',(-0.565685424949,-0.565685424949));
#559 = ( GEOMETRIC_REPRESENTATION_CONTEXT(2) 
PARAMETRIC_REPRESENTATION_CONTEXT() REPRESENTATION_CONTEXT('2D SPACE',''
  ) );
#560 = PCURVE('',#453,#561);
#561 = DEFINITIONAL_REPRESENTATION('',(#562),#566);
#562 = LINE('',#563,#564);
#563 = CARTESIAN_POINT('',(-0.,-1.6));
#564 = VECTOR('',#565,1.);
#565 = DIRECTION('',(-1.,0.));
#566 = ( GEOMETRIC_REPRESENTATION_CONTEXT(2) 
PARAMETRIC_REPRESENTATION_CONTEXT() REPRESENTATION_CONTEXT('2D SPACE',''
  ) );
#567 = ADVANCED_FACE('',(#568),#221,.T.);
#568 = FACE_BOUND('',#569,.F.);
#569 = EDGE_LOOP('',(#570,#591,#592,#593));
#570 = ORIENTED_EDGE('',*,*,#571,.T.);
#571 = EDGE_CURVE('',#381,#494,#572,.T.);
#572 = SURFACE_CURVE('',#573,(#577,#584),.PCURVE_S1.);
#573 = LINE('',#574,#575);
#574 = CARTESIAN_POINT('',(6.597716981445,88.730710143301,-1.5));
#575 = VECTOR('',#576,1.);
#576 = DIRECTION('',(0.,-0.,-1.));
#577 = PCURVE('',#221,#578);
#578 = DEFINITIONAL_REPRESENTATION('',(#579),#583);
#579 = LINE('',#580,#581);
#580 = CARTESIAN_POINT('',(-0.,0.));
#581 = VECTOR('',#582,1.);
#582 = DIRECTION('',(-0.,-1.));
#583 = ( GEOMETRIC_REPRESENTATION_CONTEXT(2) 
PARAMETRIC_REPRESENTATION_CONTEXT() REPRESENTATION_CONTEXT('2D SPACE',''
  ) );
#584 = PCURVE('',#396,#585);
#585 = DEFINITIONAL_REPRESENTATION('',(#586),#590);
#586 = LINE('',#587,#588);
#587 = CARTESIAN_POINT('',(-2.309401076759,0.));
#588 = VECTOR('',#589,1.);
#589 = DIRECTION('',(-0.,-1.));
#590 = ( GEOMETRIC_REPRESENTATION_CONTEXT(2) 
PARAMETRIC_REPRESENTATION_CONTEXT() REPRESENTATION_CONTEXT('2D SPACE',''
  ) );
#591 = ORIENTED_EDGE('',*,*,#516,.T.);
#592 = ORIENTED_EDGE('',*,*,#203,.F.);
#593 = ORIENTED_EDGE('',*,*,#408,.F.);
#594 = ADVANCED_FACE('',(#595),#319,.T.);
#595 = FACE_BOUND('',#596,.F.);
#596 = EDGE_LOOP('',(#597,#598,#599,#620));
#597 = ORIENTED_EDGE('',*,*,#303,.T.);
#598 = ORIENTED_EDGE('',*,*,#470,.T.);
#599 = ORIENTED_EDGE('',*,*,#600,.F.);
#600 = EDGE_CURVE('',#358,#471,#601,.T.);
#601 = SURFACE_CURVE('',#602,(#606,#613),.PCURVE_S1.);
#602 = LINE('',#603,#604);
#603 = CARTESIAN_POINT('',(4.367006838145,88.132993161855,-1.5));
#604 = VECTOR('',#605,1.);
#605 = DIRECTION('',(0.,-0.,-1.));
#606 = PCURVE('',#319,#607);
#607 = DEFINITIONAL_REPRESENTATION('',(#608),#612);
#608 = LINE('',#609,#610);
#609 = CARTESIAN_POINT('',(-2.309401076759,0.));
#610 = VECTOR('',#611,1.);
#611 = DIRECTION('',(-0.,-1.));
#612 = ( GEOMETRIC_REPRESENTATION_CONTEXT(2) 
PARAMETRIC_REPRESENTATION_CONTEXT() REPRESENTATION_CONTEXT('2D SPACE',''
  ) );
#613 = PCURVE('',#396,#614);
#614 = DEFINITIONAL_REPRESENTATION('',(#615),#619);
#615 = LINE('',#616,#617);
#616 = CARTESIAN_POINT('',(-0.,0.));
#617 = VECTOR('',#618,1.);
#618 = DIRECTION('',(-0.,-1.));
#619 = ( GEOMETRIC_REPRESENTATION_CONTEXT(2) 
PARAMETRIC_REPRESENTATION_CONTEXT() REPRESENTATION_CONTEXT('2D SPACE',''
  ) );
#620 = ORIENTED_EDGE('',*,*,#357,.F.);
#621 = ADVANCED_FACE('',(#622),#396,.T.);
#622 = FACE_BOUND('',#623,.F.);
#623 = EDGE_LOOP('',(#624,#625,#626,#627));
#624 = ORIENTED_EDGE('',*,*,#600,.T.);
#625 = ORIENTED_EDGE('',*,*,#493,.T.);
#626 = ORIENTED_EDGE('',*,*,#571,.F.);
#627 = ORIENTED_EDGE('',*,*,#380,.F.);
#628 = ADVANCED_FACE('',(#629),#453,.F.);
#629 = FACE_BOUND('',#630,.T.);
#630 = EDGE_LOOP('',(#631,#652,#653,#654));
#631 = ORIENTED_EDGE('',*,*,#632,.T.);
#632 = EDGE_CURVE('',#433,#541,#633,.T.);
#633 = SEAM_CURVE('',#634,(#638,#645),.PCURVE_S1.);
#634 = LINE('',#635,#636);
#635 = CARTESIAN_POINT('',(6.8,86.5,-1.5));
#636 = VECTOR('',#637,1.);
#637 = DIRECTION('',(-0.,0.,-1.));
#638 = PCURVE('',#453,#639);
#639 = DEFINITIONAL_REPRESENTATION('',(#640),#644);
#640 = LINE('',#641,#642);
#641 = CARTESIAN_POINT('',(-0.,0.));
#642 = VECTOR('',#643,1.);
#643 = DIRECTION('',(-0.,-1.));
#644 = ( GEOMETRIC_REPRESENTATION_CONTEXT(2) 
PARAMETRIC_REPRESENTATION_CONTEXT() REPRESENTATION_CONTEXT('2D SPACE',''
  ) );
#645 = PCURVE('',#453,#646);
#646 = DEFINITIONAL_REPRESENTATION('',(#647),#651);
#647 = LINE('',#648,#649);
#648 = CARTESIAN_POINT('',(-6.28318530718,0.));
#649 = VECTOR('',#650,1.);
#650 = DIRECTION('',(-0.,-1.));
#651 = ( GEOMETRIC_REPRESENTATION_CONTEXT(2) 
PARAMETRIC_REPRESENTATION_CONTEXT() REPRESENTATION_CONTEXT('2D SPACE',''
  ) );
#652 = ORIENTED_EDGE('',*,*,#540,.T.);
#653 = ORIENTED_EDGE('',*,*,#632,.F.);
#654 = ORIENTED_EDGE('',*,*,#432,.F.);
#655 = ( GEOMETRIC_REPRESENTATION_CONTEXT(3) 
GLOBAL_UNCERTAINTY_ASSIGNED_CONTEXT((#659)) GLOBAL_UNIT_ASSIGNED_CONTEXT
((#656,#657,#658)) REPRESENTATION_CONTEXT('Context #1',
  '3D Context with UNIT and UNCERTAINTY') );
#656 = ( LENGTH_UNIT() NAMED_UNIT(*) SI_UNIT(.MILLI.,.METRE.) );
#657 = ( NAMED_UNIT(*) PLANE_ANGLE_UNIT() SI_UNIT($,.RADIAN.) );
#658 = ( NAMED_UNIT(*) SI_UNIT($,.STERADIAN.) SOLID_ANGLE_UNIT() );
#659 = UNCERTAINTY_MEASURE_WITH_UNIT(LENGTH_MEASURE(1.E-07),#656,
  'distance_accuracy_value','confusion accuracy');
#660 = CONTEXT_DEPENDENT_SHAPE_REPRESENTATION(#661,#663);
#661 = ( REPRESENTATION_RELATIONSHIP('','',#76,#10) 
REPRESENTATION_RELATIONSHIP_WITH_TRANSFORMATION(#662) 
SHAPE_REPRESENTATION_RELATIONSHIP() );
#662 = ITEM_DEFINED_TRANSFORMATION('','',#11,#15);
#663 = PRODUCT_DEFINITION_SHAPE('Placement','Placement of an item',#664
  );
#664 = NEXT_ASSEMBLY_USAGE_OCCURRENCE('65','','',#5,#71,$);
#665 = PRODUCT_RELATED_PRODUCT_CATEGORY('part',$,(#73));
#666 = SHAPE_DEFINITION_REPRESENTATION(#667,#673);
#667 = PRODUCT_DEFINITION_SHAPE('','',#668);
#668 = PRODUCT_DEFINITION('design','',#669,#672);
#669 = PRODUCT_DEFINITION_FORMATION('','',#670);
#670 = PRODUCT('Open CASCADE STEP translator 7.9 33.2',
  'Open CASCADE STEP translator 7.9 33.2','',(#671));
#671 = PRODUCT_CONTEXT('',#2,'mechanical');
#672 = PRODUCT_DEFINITION_CONTEXT('part definition',#2,'design');
#673 = ADVANCED_BREP_SHAPE_REPRESENTATION('',(#11,#674),#878);
#674 = MANIFOLD_SOLID_BREP('',#675);
#675 = CLOSED_SHELL('',(#676,#772,#776,#815,#874));
#676 = ADVANCED_FACE('',(#677),#691,.T.);
#677 = FACE_BOUND('',#678,.T.);
#678 = EDGE_LOOP('',(#679,#709,#740,#741));
#679 = ORIENTED_EDGE('',*,*,#680,.T.);
#680 = EDGE_CURVE('',#681,#683,#685,.T.);
#681 = VERTEX_POINT('',#682);
#682 = CARTESIAN_POINT('',(8.5,86.5,-12.53488400286));
#683 = VERTEX_POINT('',#684);
#684 = CARTESIAN_POINT('',(8.5,86.5,-11.03488400286));
#685 = SEAM_CURVE('',#686,(#690,#702),.PCURVE_S1.);
#686 = LINE('',#687,#688);
#687 = CARTESIAN_POINT('',(8.5,86.5,-12.53488400286));
#688 = VECTOR('',#689,1.);
#689 = DIRECTION('',(-0.,-0.,1.));
#690 = PCURVE('',#691,#696);
#691 = CYLINDRICAL_SURFACE('',#692,2.5);
#692 = AXIS2_PLACEMENT_3D('',#693,#694,#695);
#693 = CARTESIAN_POINT('',(6.,86.5,-12.53488400286));
#694 = DIRECTION('',(-0.,0.,-1.));
#695 = DIRECTION('',(1.,-0.,-0.));
#696 = DEFINITIONAL_REPRESENTATION('',(#697),#701);
#697 = LINE('',#698,#699);
#698 = CARTESIAN_POINT('',(0.,0.));
#699 = VECTOR('',#700,1.);
#700 = DIRECTION('',(0.,-1.));
#701 = ( GEOMETRIC_REPRESENTATION_CONTEXT(2) 
PARAMETRIC_REPRESENTATION_CONTEXT() REPRESENTATION_CONTEXT('2D SPACE',''
  ) );
#702 = PCURVE('',#691,#703);
#703 = DEFINITIONAL_REPRESENTATION('',(#704),#708);
#704 = LINE('',#705,#706);
#705 = CARTESIAN_POINT('',(6.28318530718,0.));
#706 = VECTOR('',#707,1.);
#707 = DIRECTION('',(0.,-1.));
#708 = ( GEOMETRIC_REPRESENTATION_CONTEXT(2) 
PARAMETRIC_REPRESENTATION_CONTEXT() REPRESENTATION_CONTEXT('2D SPACE',''
  ) );
#709 = ORIENTED_EDGE('',*,*,#710,.T.);
#710 = EDGE_CURVE('',#683,#683,#711,.T.);
#711 = SURFACE_CURVE('',#712,(#717,#724),.PCURVE_S1.);
#712 = CIRCLE('',#713,2.5);
#713 = AXIS2_PLACEMENT_3D('',#714,#715,#716);
#714 = CARTESIAN_POINT('',(6.,86.5,-11.03488400286));
#715 = DIRECTION('',(0.,0.,-1.));
#716 = DIRECTION('',(1.,-0.,-0.));
#717 = PCURVE('',#691,#718);
#718 = DEFINITIONAL_REPRESENTATION('',(#719),#723);
#719 = LINE('',#720,#721);
#720 = CARTESIAN_POINT('',(0.,-1.5));
#721 = VECTOR('',#722,1.);
#722 = DIRECTION('',(1.,0.));
#723 = ( GEOMETRIC_REPRESENTATION_CONTEXT(2) 
PARAMETRIC_REPRESENTATION_CONTEXT() REPRESENTATION_CONTEXT('2D SPACE',''
  ) );
#724 = PCURVE('',#725,#730);
#725 = PLANE('',#726);
#726 = AXIS2_PLACEMENT_3D('',#727,#728,#729);
#727 = CARTESIAN_POINT('',(6.,86.5,-11.03488400286));
#728 = DIRECTION('',(-0.,-0.,1.));
#729 = DIRECTION('',(-1.,0.,0.));
#730 = DEFINITIONAL_REPRESENTATION('',(#731),#739);
#731 = ( BOUNDED_CURVE() B_SPLINE_CURVE(2,(#732,#733,#734,#735,#736,#737
,#738),.UNSPECIFIED.,.T.,.F.) B_SPLINE_CURVE_WITH_KNOTS((1,2,2,2,2,1),(
    -2.094395102393,0.,2.094395102393,4.188790204786,6.28318530718,
8.377580409573),.UNSPECIFIED.) CURVE() GEOMETRIC_REPRESENTATION_ITEM() 
RATIONAL_B_SPLINE_CURVE((1.,0.5,1.,0.5,1.,0.5,1.)) REPRESENTATION_ITEM(
  '') );
#732 = CARTESIAN_POINT('',(-2.5,0.));
#733 = CARTESIAN_POINT('',(-2.5,4.330127018922));
#734 = CARTESIAN_POINT('',(1.25,2.165063509461));
#735 = CARTESIAN_POINT('',(5.,6.123233995737E-16));
#736 = CARTESIAN_POINT('',(1.25,-2.165063509461));
#737 = CARTESIAN_POINT('',(-2.5,-4.330127018922));
#738 = CARTESIAN_POINT('',(-2.5,0.));
#739 = ( GEOMETRIC_REPRESENTATION_CONTEXT(2) 
PARAMETRIC_REPRESENTATION_CONTEXT() REPRESENTATION_CONTEXT('2D SPACE',''
  ) );
#740 = ORIENTED_EDGE('',*,*,#680,.F.);
#741 = ORIENTED_EDGE('',*,*,#742,.F.);
#742 = EDGE_CURVE('',#681,#681,#743,.T.);
#743 = SURFACE_CURVE('',#744,(#749,#756),.PCURVE_S1.);
#744 = CIRCLE('',#745,2.5);
#745 = AXIS2_PLACEMENT_3D('',#746,#747,#748);
#746 = CARTESIAN_POINT('',(6.,86.5,-12.53488400286));
#747 = DIRECTION('',(0.,0.,-1.));
#748 = DIRECTION('',(1.,-0.,-0.));
#749 = PCURVE('',#691,#750);
#750 = DEFINITIONAL_REPRESENTATION('',(#751),#755);
#751 = LINE('',#752,#753);
#752 = CARTESIAN_POINT('',(0.,0.));
#753 = VECTOR('',#754,1.);
#754 = DIRECTION('',(1.,0.));
#755 = ( GEOMETRIC_REPRESENTATION_CONTEXT(2) 
PARAMETRIC_REPRESENTATION_CONTEXT() REPRESENTATION_CONTEXT('2D SPACE',''
  ) );
#756 = PCURVE('',#757,#762);
#757 = PLANE('',#758);
#758 = AXIS2_PLACEMENT_3D('',#759,#760,#761);
#759 = CARTESIAN_POINT('',(6.,86.5,-12.53488400286));
#760 = DIRECTION('',(-0.,-0.,1.));
#761 = DIRECTION('',(-1.,0.,0.));
#762 = DEFINITIONAL_REPRESENTATION('',(#763),#771);
#763 = ( BOUNDED_CURVE() B_SPLINE_CURVE(2,(#764,#765,#766,#767,#768,#769
,#770),.UNSPECIFIED.,.T.,.F.) B_SPLINE_CURVE_WITH_KNOTS((1,2,2,2,2,1),(
    -2.094395102393,0.,2.094395102393,4.188790204786,6.28318530718,
8.377580409573),.UNSPECIFIED.) CURVE() GEOMETRIC_REPRESENTATION_ITEM() 
RATIONAL_B_SPLINE_CURVE((1.,0.5,1.,0.5,1.,0.5,1.)) REPRESENTATION_ITEM(
  '') );
#764 = CARTESIAN_POINT('',(-2.5,0.));
#765 = CARTESIAN_POINT('',(-2.5,4.330127018922));
#766 = CARTESIAN_POINT('',(1.25,2.165063509461));
#767 = CARTESIAN_POINT('',(5.,6.123233995737E-16));
#768 = CARTESIAN_POINT('',(1.25,-2.165063509461));
#769 = CARTESIAN_POINT('',(-2.5,-4.330127018922));
#770 = CARTESIAN_POINT('',(-2.5,0.));
#771 = ( GEOMETRIC_REPRESENTATION_CONTEXT(2) 
PARAMETRIC_REPRESENTATION_CONTEXT() REPRESENTATION_CONTEXT('2D SPACE',''
  ) );
#772 = ADVANCED_FACE('',(#773),#757,.F.);
#773 = FACE_BOUND('',#774,.T.);
#774 = EDGE_LOOP('',(#775));
#775 = ORIENTED_EDGE('',*,*,#742,.T.);
#776 = ADVANCED_FACE('',(#777,#780),#725,.T.);
#777 = FACE_BOUND('',#778,.F.);
#778 = EDGE_LOOP('',(#779));
#779 = ORIENTED_EDGE('',*,*,#710,.T.);
#780 = FACE_BOUND('',#781,.F.);
#781 = EDGE_LOOP('',(#782));
#782 = ORIENTED_EDGE('',*,*,#783,.F.);
#783 = EDGE_CURVE('',#784,#784,#786,.T.);
#784 = VERTEX_POINT('',#785);
#785 = CARTESIAN_POINT('',(7.,86.5,-11.03488400286));
#786 = SURFACE_CURVE('',#787,(#792,#803),.PCURVE_S1.);
#787 = CIRCLE('',#788,1.);
#788 = AXIS2_PLACEMENT_3D('',#789,#790,#791);
#789 = CARTESIAN_POINT('',(6.,86.5,-11.03488400286));
#790 = DIRECTION('',(0.,0.,-1.));
#791 = DIRECTION('',(1.,-0.,-0.));
#792 = PCURVE('',#725,#793);
#793 = DEFINITIONAL_REPRESENTATION('',(#794),#802);
#794 = ( BOUNDED_CURVE() B_SPLINE_CURVE(2,(#795,#796,#797,#798,#799,#800
,#801),.UNSPECIFIED.,.T.,.F.) B_SPLINE_CURVE_WITH_KNOTS((1,2,2,2,2,1),(
    -2.094395102393,0.,2.094395102393,4.188790204786,6.28318530718,
8.377580409573),.UNSPECIFIED.) CURVE() GEOMETRIC_REPRESENTATION_ITEM() 
RATIONAL_B_SPLINE_CURVE((1.,0.5,1.,0.5,1.,0.5,1.)) REPRESENTATION_ITEM(
  '') );
#795 = CARTESIAN_POINT('',(-1.,0.));
#796 = CARTESIAN_POINT('',(-1.,1.732050807569));
#797 = CARTESIAN_POINT('',(0.5,0.866025403784));
#798 = CARTESIAN_POINT('',(2.,2.449293598295E-16));
#799 = CARTESIAN_POINT('',(0.5,-0.866025403784));
#800 = CARTESIAN_POINT('',(-1.,-1.732050807569));
#801 = CARTESIAN_POINT('',(-1.,0.));
#802 = ( GEOMETRIC_REPRESENTATION_CONTEXT(2) 
PARAMETRIC_REPRESENTATION_CONTEXT() REPRESENTATION_CONTEXT('2D SPACE',''
  ) );
#803 = PCURVE('',#804,#809);
#804 = CYLINDRICAL_SURFACE('',#805,1.);
#805 = AXIS2_PLACEMENT_3D('',#806,#807,#808);
#806 = CARTESIAN_POINT('',(6.,86.5,-11.03488400286));
#807 = DIRECTION('',(-0.,0.,-1.));
#808 = DIRECTION('',(1.,-0.,-0.));
#809 = DEFINITIONAL_REPRESENTATION('',(#810),#814);
#810 = LINE('',#811,#812);
#811 = CARTESIAN_POINT('',(0.,0.));
#812 = VECTOR('',#813,1.);
#813 = DIRECTION('',(1.,0.));
#814 = ( GEOMETRIC_REPRESENTATION_CONTEXT(2) 
PARAMETRIC_REPRESENTATION_CONTEXT() REPRESENTATION_CONTEXT('2D SPACE',''
  ) );
#815 = ADVANCED_FACE('',(#816),#804,.T.);
#816 = FACE_BOUND('',#817,.T.);
#817 = EDGE_LOOP('',(#818,#841,#872,#873));
#818 = ORIENTED_EDGE('',*,*,#819,.T.);
#819 = EDGE_CURVE('',#784,#820,#822,.T.);
#820 = VERTEX_POINT('',#821);
#821 = CARTESIAN_POINT('',(7.,86.5,-1.034884002869));
#822 = SEAM_CURVE('',#823,(#827,#834),.PCURVE_S1.);
#823 = LINE('',#824,#825);
#824 = CARTESIAN_POINT('',(7.,86.5,-11.03488400286));
#825 = VECTOR('',#826,1.);
#826 = DIRECTION('',(-0.,-0.,1.));
#827 = PCURVE('',#804,#828);
#828 = DEFINITIONAL_REPRESENTATION('',(#829),#833);
#829 = LINE('',#830,#831);
#830 = CARTESIAN_POINT('',(0.,0.));
#831 = VECTOR('',#832,1.);
#832 = DIRECTION('',(0.,-1.));
#833 = ( GEOMETRIC_REPRESENTATION_CONTEXT(2) 
PARAMETRIC_REPRESENTATION_CONTEXT() REPRESENTATION_CONTEXT('2D SPACE',''
  ) );
#834 = PCURVE('',#804,#835);
#835 = DEFINITIONAL_REPRESENTATION('',(#836),#840);
#836 = LINE('',#837,#838);
#837 = CARTESIAN_POINT('',(6.28318530718,0.));
#838 = VECTOR('',#839,1.);
#839 = DIRECTION('',(0.,-1.));
#840 = ( GEOMETRIC_REPRESENTATION_CONTEXT(2) 
PARAMETRIC_REPRESENTATION_CONTEXT() REPRESENTATION_CONTEXT('2D SPACE',''
  ) );
#841 = ORIENTED_EDGE('',*,*,#842,.T.);
#842 = EDGE_CURVE('',#820,#820,#843,.T.);
#843 = SURFACE_CURVE('',#844,(#849,#856),.PCURVE_S1.);
#844 = CIRCLE('',#845,1.);
#845 = AXIS2_PLACEMENT_3D('',#846,#847,#848);
#846 = CARTESIAN_POINT('',(6.,86.5,-1.034884002869));
#847 = DIRECTION('',(0.,0.,-1.));
#848 = DIRECTION('',(1.,-0.,-0.));
#849 = PCURVE('',#804,#850);
#850 = DEFINITIONAL_REPRESENTATION('',(#851),#855);
#851 = LINE('',#852,#853);
#852 = CARTESIAN_POINT('',(0.,-10.));
#853 = VECTOR('',#854,1.);
#854 = DIRECTION('',(1.,0.));
#855 = ( GEOMETRIC_REPRESENTATION_CONTEXT(2) 
PARAMETRIC_REPRESENTATION_CONTEXT() REPRESENTATION_CONTEXT('2D SPACE',''
  ) );
#856 = PCURVE('',#857,#862);
#857 = PLANE('',#858);
#858 = AXIS2_PLACEMENT_3D('',#859,#860,#861);
#859 = CARTESIAN_POINT('',(6.,86.5,-1.034884002869));
#860 = DIRECTION('',(-0.,-0.,1.));
#861 = DIRECTION('',(-1.,0.,0.));
#862 = DEFINITIONAL_REPRESENTATION('',(#863),#871);
#863 = ( BOUNDED_CURVE() B_SPLINE_CURVE(2,(#864,#865,#866,#867,#868,#869
,#870),.UNSPECIFIED.,.T.,.F.) B_SPLINE_CURVE_WITH_KNOTS((1,2,2,2,2,1),(
    -2.094395102393,0.,2.094395102393,4.188790204786,6.28318530718,
8.377580409573),.UNSPECIFIED.) CURVE() GEOMETRIC_REPRESENTATION_ITEM() 
RATIONAL_B_SPLINE_CURVE((1.,0.5,1.,0.5,1.,0.5,1.)) REPRESENTATION_ITEM(
  '') );
#864 = CARTESIAN_POINT('',(-1.,0.));
#865 = CARTESIAN_POINT('',(-1.,1.732050807569));
#866 = CARTESIAN_POINT('',(0.5,0.866025403784));
#867 = CARTESIAN_POINT('',(2.,2.449293598295E-16));
#868 = CARTESIAN_POINT('',(0.5,-0.866025403784));
#869 = CARTESIAN_POINT('',(-1.,-1.732050807569));
#870 = CARTESIAN_POINT('',(-1.,0.));
#871 = ( GEOMETRIC_REPRESENTATION_CONTEXT(2) 
PARAMETRIC_REPRESENTATION_CONTEXT() REPRESENTATION_CONTEXT('2D SPACE',''
  ) );
#872 = ORIENTED_EDGE('',*,*,#819,.F.);
#873 = ORIENTED_EDGE('',*,*,#783,.F.);
#874 = ADVANCED_FACE('',(#875),#857,.T.);
#875 = FACE_BOUND('',#876,.F.);
#876 = EDGE_LOOP('',(#877));
#877 = ORIENTED_EDGE('',*,*,#842,.T.);
#878 = ( GEOMETRIC_REPRESENTATION_CONTEXT(3) 
GLOBAL_UNCERTAINTY_ASSIGNED_CONTEXT((#882)) GLOBAL_UNIT_ASSIGNED_CONTEXT
((#879,#880,#881)) REPRESENTATION_CONTEXT('Context #1',
  '3D Context with UNIT and UNCERTAINTY') );
#879 = ( LENGTH_UNIT() NAMED_UNIT(*) SI_UNIT(.MILLI.,.METRE.) );
#880 = ( NAMED_UNIT(*) PLANE_ANGLE_UNIT() SI_UNIT($,.RADIAN.) );
#881 = ( NAMED_UNIT(*) SI_UNIT($,.STERADIAN.) SOLID_ANGLE_UNIT() );
#882 = UNCERTAINTY_MEASURE_WITH_UNIT(LENGTH_MEASURE(1.E-07),#879,
  'distance_accuracy_value','confusion accuracy');
#883 = CONTEXT_DEPENDENT_SHAPE_REPRESENTATION(#884,#886);
#884 = ( REPRESENTATION_RELATIONSHIP('','',#673,#10) 
REPRESENTATION_RELATIONSHIP_WITH_TRANSFORMATION(#885) 
SHAPE_REPRESENTATION_RELATIONSHIP() );
#885 = ITEM_DEFINED_TRANSFORMATION('','',#11,#19);
#886 = PRODUCT_DEFINITION_SHAPE('Placement','Placement of an item',#887
  );
#887 = NEXT_ASSEMBLY_USAGE_OCCURRENCE('66','','',#5,#668,$);
#888 = PRODUCT_RELATED_PRODUCT_CATEGORY('part',$,(#670));
#889 = SHAPE_DEFINITION_REPRESENTATION(#890,#896);
#890 = PRODUCT_DEFINITION_SHAPE('','',#891);
#891 = PRODUCT_DEFINITION('design','',#892,#895);
#892 = PRODUCT_DEFINITION_FORMATION('','',#893);
#893 = PRODUCT('Open CASCADE STEP translator 7.9 33.3',
  'Open CASCADE STEP translator 7.9 33.3','',(#894));
#894 = PRODUCT_CONTEXT('',#2,'mechanical');
#895 = PRODUCT_DEFINITION_CONTEXT('part definition',#2,'design');
#896 = ADVANCED_BREP_SHAPE_REPRESENTATION('',(#11,#897),#1475);
#897 = MANIFOLD_SOLID_BREP('',#898);
#898 = CLOSED_SHELL('',(#899,#1019,#1095,#1171,#1284,#1387,#1414,#1441,
    #1448));
#899 = ADVANCED_FACE('',(#900),#914,.T.);
#900 = FACE_BOUND('',#901,.F.);
#901 = EDGE_LOOP('',(#902,#937,#965,#993));
#902 = ORIENTED_EDGE('',*,*,#903,.T.);
#903 = EDGE_CURVE('',#904,#906,#908,.T.);
#904 = VERTEX_POINT('',#905);
#905 = CARTESIAN_POINT('',(7.632993161855,46.132993161855,-1.5));
#906 = VERTEX_POINT('',#907);
#907 = CARTESIAN_POINT('',(7.632993161855,46.132993161855,-3.1));
#908 = SURFACE_CURVE('',#909,(#913,#925),.PCURVE_S1.);
#909 = LINE('',#910,#911);
#910 = CARTESIAN_POINT('',(7.632993161855,46.132993161855,-1.5));
#911 = VECTOR('',#912,1.);
#912 = DIRECTION('',(-0.,-0.,-1.));
#913 = PCURVE('',#914,#919);
#914 = PLANE('',#915);
#915 = AXIS2_PLACEMENT_3D('',#916,#917,#918);
#916 = CARTESIAN_POINT('',(7.632993161855,46.132993161855,-1.5));
#917 = DIRECTION('',(0.965925826289,0.258819045103,-0.));
#918 = DIRECTION('',(-0.258819045103,0.965925826289,0.));
#919 = DEFINITIONAL_REPRESENTATION('',(#920),#924);
#920 = LINE('',#921,#922);
#921 = CARTESIAN_POINT('',(-0.,0.));
#922 = VECTOR('',#923,1.);
#923 = DIRECTION('',(-0.,-1.));
#924 = ( GEOMETRIC_REPRESENTATION_CONTEXT(2) 
PARAMETRIC_REPRESENTATION_CONTEXT() REPRESENTATION_CONTEXT('2D SPACE',''
  ) );
#925 = PCURVE('',#926,#931);
#926 = PLANE('',#927);
#927 = AXIS2_PLACEMENT_3D('',#928,#929,#930);
#928 = CARTESIAN_POINT('',(5.402283018555,46.730710143301,-1.5));
#929 = DIRECTION('',(0.258819045103,0.965925826289,-0.));
#930 = DIRECTION('',(-0.965925826289,0.258819045103,0.));
#931 = DEFINITIONAL_REPRESENTATION('',(#932),#936);
#932 = LINE('',#933,#934);
#933 = CARTESIAN_POINT('',(-2.309401076759,0.));
#934 = VECTOR('',#935,1.);
#935 = DIRECTION('',(-0.,-1.));
#936 = ( GEOMETRIC_REPRESENTATION_CONTEXT(2) 
PARAMETRIC_REPRESENTATION_CONTEXT() REPRESENTATION_CONTEXT('2D SPACE',''
  ) );
#937 = ORIENTED_EDGE('',*,*,#938,.T.);
#938 = EDGE_CURVE('',#906,#939,#941,.T.);
#939 = VERTEX_POINT('',#940);
#940 = CARTESIAN_POINT('',(8.230710143301,43.902283018555,-3.1));
#941 = SURFACE_CURVE('',#942,(#946,#953),.PCURVE_S1.);
#942 = LINE('',#943,#944);
#943 = CARTESIAN_POINT('',(7.632993161855,46.132993161855,-3.1));
#944 = VECTOR('',#945,1.);
#945 = DIRECTION('',(0.258819045103,-0.965925826289,-0.));
#946 = PCURVE('',#914,#947);
#947 = DEFINITIONAL_REPRESENTATION('',(#948),#952);
#948 = LINE('',#949,#950);
#949 = CARTESIAN_POINT('',(-0.,-1.6));
#950 = VECTOR('',#951,1.);
#951 = DIRECTION('',(-1.,0.));
#952 = ( GEOMETRIC_REPRESENTATION_CONTEXT(2) 
PARAMETRIC_REPRESENTATION_CONTEXT() REPRESENTATION_CONTEXT('2D SPACE',''
  ) );
#953 = PCURVE('',#954,#959);
#954 = PLANE('',#955);
#955 = AXIS2_PLACEMENT_3D('',#956,#957,#958);
#956 = CARTESIAN_POINT('',(6.,44.5,-3.1));
#957 = DIRECTION('',(-0.,-0.,1.));
#958 = DIRECTION('',(-0.707106781187,-0.707106781187,0.));
#959 = DEFINITIONAL_REPRESENTATION('',(#960),#964);
#960 = LINE('',#961,#962);
#961 = CARTESIAN_POINT('',(-2.309401076759,-1.630924304674E-16));
#962 = VECTOR('',#963,1.);
#963 = DIRECTION('',(0.5,0.866025403784));
#964 = ( GEOMETRIC_REPRESENTATION_CONTEXT(2) 
PARAMETRIC_REPRESENTATION_CONTEXT() REPRESENTATION_CONTEXT('2D SPACE',''
  ) );
#965 = ORIENTED_EDGE('',*,*,#966,.F.);
#966 = EDGE_CURVE('',#967,#939,#969,.T.);
#967 = VERTEX_POINT('',#968);
#968 = CARTESIAN_POINT('',(8.230710143301,43.902283018555,-1.5));
#969 = SURFACE_CURVE('',#970,(#974,#981),.PCURVE_S1.);
#970 = LINE('',#971,#972);
#971 = CARTESIAN_POINT('',(8.230710143301,43.902283018555,-1.5));
#972 = VECTOR('',#973,1.);
#973 = DIRECTION('',(-0.,-0.,-1.));
#974 = PCURVE('',#914,#975);
#975 = DEFINITIONAL_REPRESENTATION('',(#976),#980);
#976 = LINE('',#977,#978);
#977 = CARTESIAN_POINT('',(-2.309401076759,0.));
#978 = VECTOR('',#979,1.);
#979 = DIRECTION('',(-0.,-1.));
#980 = ( GEOMETRIC_REPRESENTATION_CONTEXT(2) 
PARAMETRIC_REPRESENTATION_CONTEXT() REPRESENTATION_CONTEXT('2D SPACE',''
  ) );
#981 = PCURVE('',#982,#987);
#982 = PLANE('',#983);
#983 = AXIS2_PLACEMENT_3D('',#984,#985,#986);
#984 = CARTESIAN_POINT('',(8.230710143301,43.902283018555,-1.5));
#985 = DIRECTION('',(0.707106781187,-0.707106781187,-0.));
#986 = DIRECTION('',(0.707106781187,0.707106781187,0.));
#987 = DEFINITIONAL_REPRESENTATION('',(#988),#992);
#988 = LINE('',#989,#990);
#989 = CARTESIAN_POINT('',(0.,-0.));
#990 = VECTOR('',#991,1.);
#991 = DIRECTION('',(-0.,-1.));
#992 = ( GEOMETRIC_REPRESENTATION_CONTEXT(2) 
PARAMETRIC_REPRESENTATION_CONTEXT() REPRESENTATION_CONTEXT('2D SPACE',''
  ) );
#993 = ORIENTED_EDGE('',*,*,#994,.F.);
#994 = EDGE_CURVE('',#904,#967,#995,.T.);
#995 = SURFACE_CURVE('',#996,(#1000,#1007),.PCURVE_S1.);
#996 = LINE('',#997,#998);
#997 = CARTESIAN_POINT('',(7.632993161855,46.132993161855,-1.5));
#998 = VECTOR('',#999,1.);
#999 = DIRECTION('',(0.258819045103,-0.965925826289,-0.));
#1000 = PCURVE('',#914,#1001);
#1001 = DEFINITIONAL_REPRESENTATION('',(#1002),#1006);
#1002 = LINE('',#1003,#1004);
#1003 = CARTESIAN_POINT('',(-0.,0.));
#1004 = VECTOR('',#1005,1.);
#1005 = DIRECTION('',(-1.,0.));
#1006 = ( GEOMETRIC_REPRESENTATION_CONTEXT(2) 
PARAMETRIC_REPRESENTATION_CONTEXT() REPRESENTATION_CONTEXT('2D SPACE',''
  ) );
#1007 = PCURVE('',#1008,#1013);
#1008 = PLANE('',#1009);
#1009 = AXIS2_PLACEMENT_3D('',#1010,#1011,#1012);
#1010 = CARTESIAN_POINT('',(6.,44.5,-1.5));
#1011 = DIRECTION('',(-0.,-0.,1.));
#1012 = DIRECTION('',(-0.707106781187,-0.707106781187,0.));
#1013 = DEFINITIONAL_REPRESENTATION('',(#1014),#1018);
#1014 = LINE('',#1015,#1016);
#1015 = CARTESIAN_POINT('',(-2.309401076759,-1.630924304674E-16));
#1016 = VECTOR('',#1017,1.);
#1017 = DIRECTION('',(0.5,0.866025403784));
#1018 = ( GEOMETRIC_REPRESENTATION_CONTEXT(2) 
PARAMETRIC_REPRESENTATION_CONTEXT() REPRESENTATION_CONTEXT('2D SPACE',''
  ) );
#1019 = ADVANCED_FACE('',(#1020),#926,.T.);
#1020 = FACE_BOUND('',#1021,.F.);
#1021 = EDGE_LOOP('',(#1022,#1052,#1073,#1074));
#1022 = ORIENTED_EDGE('',*,*,#1023,.T.);
#1023 = EDGE_CURVE('',#1024,#1026,#1028,.T.);
#1024 = VERTEX_POINT('',#1025);
#1025 = CARTESIAN_POINT('',(5.402283018555,46.730710143301,-1.5));
#1026 = VERTEX_POINT('',#1027);
#1027 = CARTESIAN_POINT('',(5.402283018555,46.730710143301,-3.1));
#1028 = SURFACE_CURVE('',#1029,(#1033,#1040),.PCURVE_S1.);
#1029 = LINE('',#1030,#1031);
#1030 = CARTESIAN_POINT('',(5.402283018555,46.730710143301,-1.5));
#1031 = VECTOR('',#1032,1.);
#1032 = DIRECTION('',(-0.,-0.,-1.));
#1033 = PCURVE('',#926,#1034);
#1034 = DEFINITIONAL_REPRESENTATION('',(#1035),#1039);
#1035 = LINE('',#1036,#1037);
#1036 = CARTESIAN_POINT('',(-0.,0.));
#1037 = VECTOR('',#1038,1.);
#1038 = DIRECTION('',(-0.,-1.));
#1039 = ( GEOMETRIC_REPRESENTATION_CONTEXT(2) 
PARAMETRIC_REPRESENTATION_CONTEXT() REPRESENTATION_CONTEXT('2D SPACE',''
  ) );
#1040 = PCURVE('',#1041,#1046);
#1041 = PLANE('',#1042);
#1042 = AXIS2_PLACEMENT_3D('',#1043,#1044,#1045);
#1043 = CARTESIAN_POINT('',(3.769289856699,45.097716981445,-1.5));
#1044 = DIRECTION('',(-0.707106781187,0.707106781187,0.));
#1045 = DIRECTION('',(-0.707106781187,-0.707106781187,0.));
#1046 = DEFINITIONAL_REPRESENTATION('',(#1047),#1051);
#1047 = LINE('',#1048,#1049);
#1048 = CARTESIAN_POINT('',(-2.309401076759,0.));
#1049 = VECTOR('',#1050,1.);
#1050 = DIRECTION('',(-0.,-1.));
#1051 = ( GEOMETRIC_REPRESENTATION_CONTEXT(2) 
PARAMETRIC_REPRESENTATION_CONTEXT() REPRESENTATION_CONTEXT('2D SPACE',''
  ) );
#1052 = ORIENTED_EDGE('',*,*,#1053,.T.);
#1053 = EDGE_CURVE('',#1026,#906,#1054,.T.);
#1054 = SURFACE_CURVE('',#1055,(#1059,#1066),.PCURVE_S1.);
#1055 = LINE('',#1056,#1057);
#1056 = CARTESIAN_POINT('',(5.402283018555,46.730710143301,-3.1));
#1057 = VECTOR('',#1058,1.);
#1058 = DIRECTION('',(0.965925826289,-0.258819045103,-0.));
#1059 = PCURVE('',#926,#1060);
#1060 = DEFINITIONAL_REPRESENTATION('',(#1061),#1065);
#1061 = LINE('',#1062,#1063);
#1062 = CARTESIAN_POINT('',(-0.,-1.6));
#1063 = VECTOR('',#1064,1.);
#1064 = DIRECTION('',(-1.,0.));
#1065 = ( GEOMETRIC_REPRESENTATION_CONTEXT(2) 
PARAMETRIC_REPRESENTATION_CONTEXT() REPRESENTATION_CONTEXT('2D SPACE',''
  ) );
#1066 = PCURVE('',#954,#1067);
#1067 = DEFINITIONAL_REPRESENTATION('',(#1068),#1072);
#1068 = LINE('',#1069,#1070);
#1069 = CARTESIAN_POINT('',(-1.154700538379,-2.));
#1070 = VECTOR('',#1071,1.);
#1071 = DIRECTION('',(-0.5,0.866025403784));
#1072 = ( GEOMETRIC_REPRESENTATION_CONTEXT(2) 
PARAMETRIC_REPRESENTATION_CONTEXT() REPRESENTATION_CONTEXT('2D SPACE',''
  ) );
#1073 = ORIENTED_EDGE('',*,*,#903,.F.);
#1074 = ORIENTED_EDGE('',*,*,#1075,.F.);
#1075 = EDGE_CURVE('',#1024,#904,#1076,.T.);
#1076 = SURFACE_CURVE('',#1077,(#1081,#1088),.PCURVE_S1.);
#1077 = LINE('',#1078,#1079);
#1078 = CARTESIAN_POINT('',(5.402283018555,46.730710143301,-1.5));
#1079 = VECTOR('',#1080,1.);
#1080 = DIRECTION('',(0.965925826289,-0.258819045103,-0.));
#1081 = PCURVE('',#926,#1082);
#1082 = DEFINITIONAL_REPRESENTATION('',(#1083),#1087);
#1083 = LINE('',#1084,#1085);
#1084 = CARTESIAN_POINT('',(-0.,0.));
#1085 = VECTOR('',#1086,1.);
#1086 = DIRECTION('',(-1.,0.));
#1087 = ( GEOMETRIC_REPRESENTATION_CONTEXT(2) 
PARAMETRIC_REPRESENTATION_CONTEXT() REPRESENTATION_CONTEXT('2D SPACE',''
  ) );
#1088 = PCURVE('',#1008,#1089);
#1089 = DEFINITIONAL_REPRESENTATION('',(#1090),#1094);
#1090 = LINE('',#1091,#1092);
#1091 = CARTESIAN_POINT('',(-1.154700538379,-2.));
#1092 = VECTOR('',#1093,1.);
#1093 = DIRECTION('',(-0.5,0.866025403784));
#1094 = ( GEOMETRIC_REPRESENTATION_CONTEXT(2) 
PARAMETRIC_REPRESENTATION_CONTEXT() REPRESENTATION_CONTEXT('2D SPACE',''
  ) );
#1095 = ADVANCED_FACE('',(#1096),#982,.T.);
#1096 = FACE_BOUND('',#1097,.F.);
#1097 = EDGE_LOOP('',(#1098,#1099,#1122,#1150));
#1098 = ORIENTED_EDGE('',*,*,#966,.T.);
#1099 = ORIENTED_EDGE('',*,*,#1100,.T.);
#1100 = EDGE_CURVE('',#939,#1101,#1103,.T.);
#1101 = VERTEX_POINT('',#1102);
#1102 = CARTESIAN_POINT('',(6.597716981445,42.269289856699,-3.1));
#1103 = SURFACE_CURVE('',#1104,(#1108,#1115),.PCURVE_S1.);
#1104 = LINE('',#1105,#1106);
#1105 = CARTESIAN_POINT('',(8.230710143301,43.902283018555,-3.1));
#1106 = VECTOR('',#1107,1.);
#1107 = DIRECTION('',(-0.707106781187,-0.707106781187,-0.));
#1108 = PCURVE('',#982,#1109);
#1109 = DEFINITIONAL_REPRESENTATION('',(#1110),#1114);
#1110 = LINE('',#1111,#1112);
#1111 = CARTESIAN_POINT('',(-0.,-1.6));
#1112 = VECTOR('',#1113,1.);
#1113 = DIRECTION('',(-1.,0.));
#1114 = ( GEOMETRIC_REPRESENTATION_CONTEXT(2) 
PARAMETRIC_REPRESENTATION_CONTEXT() REPRESENTATION_CONTEXT('2D SPACE',''
  ) );
#1115 = PCURVE('',#954,#1116);
#1116 = DEFINITIONAL_REPRESENTATION('',(#1117),#1121);
#1117 = LINE('',#1118,#1119);
#1118 = CARTESIAN_POINT('',(-1.154700538379,2.));
#1119 = VECTOR('',#1120,1.);
#1120 = DIRECTION('',(1.,1.996734617543E-16));
#1121 = ( GEOMETRIC_REPRESENTATION_CONTEXT(2) 
PARAMETRIC_REPRESENTATION_CONTEXT() REPRESENTATION_CONTEXT('2D SPACE',''
  ) );
#1122 = ORIENTED_EDGE('',*,*,#1123,.F.);
#1123 = EDGE_CURVE('',#1124,#1101,#1126,.T.);
#1124 = VERTEX_POINT('',#1125);
#1125 = CARTESIAN_POINT('',(6.597716981445,42.269289856699,-1.5));
#1126 = SURFACE_CURVE('',#1127,(#1131,#1138),.PCURVE_S1.);
#1127 = LINE('',#1128,#1129);
#1128 = CARTESIAN_POINT('',(6.597716981445,42.269289856699,-1.5));
#1129 = VECTOR('',#1130,1.);
#1130 = DIRECTION('',(-0.,-0.,-1.));
#1131 = PCURVE('',#982,#1132);
#1132 = DEFINITIONAL_REPRESENTATION('',(#1133),#1137);
#1133 = LINE('',#1134,#1135);
#1134 = CARTESIAN_POINT('',(-2.309401076759,0.));
#1135 = VECTOR('',#1136,1.);
#1136 = DIRECTION('',(-0.,-1.));
#1137 = ( GEOMETRIC_REPRESENTATION_CONTEXT(2) 
PARAMETRIC_REPRESENTATION_CONTEXT() REPRESENTATION_CONTEXT('2D SPACE',''
  ) );
#1138 = PCURVE('',#1139,#1144);
#1139 = PLANE('',#1140);
#1140 = AXIS2_PLACEMENT_3D('',#1141,#1142,#1143);
#1141 = CARTESIAN_POINT('',(6.597716981445,42.269289856699,-1.5));
#1142 = DIRECTION('',(-0.258819045103,-0.965925826289,-0.));
#1143 = DIRECTION('',(0.965925826289,-0.258819045103,-0.));
#1144 = DEFINITIONAL_REPRESENTATION('',(#1145),#1149);
#1145 = LINE('',#1146,#1147);
#1146 = CARTESIAN_POINT('',(-0.,0.));
#1147 = VECTOR('',#1148,1.);
#1148 = DIRECTION('',(-0.,-1.));
#1149 = ( GEOMETRIC_REPRESENTATION_CONTEXT(2) 
PARAMETRIC_REPRESENTATION_CONTEXT() REPRESENTATION_CONTEXT('2D SPACE',''
  ) );
#1150 = ORIENTED_EDGE('',*,*,#1151,.F.);
#1151 = EDGE_CURVE('',#967,#1124,#1152,.T.);
#1152 = SURFACE_CURVE('',#1153,(#1157,#1164),.PCURVE_S1.);
#1153 = LINE('',#1154,#1155);
#1154 = CARTESIAN_POINT('',(8.230710143301,43.902283018555,-1.5));
#1155 = VECTOR('',#1156,1.);
#1156 = DIRECTION('',(-0.707106781187,-0.707106781187,-0.));
#1157 = PCURVE('',#982,#1158);
#1158 = DEFINITIONAL_REPRESENTATION('',(#1159),#1163);
#1159 = LINE('',#1160,#1161);
#1160 = CARTESIAN_POINT('',(0.,-0.));
#1161 = VECTOR('',#1162,1.);
#1162 = DIRECTION('',(-1.,0.));
#1163 = ( GEOMETRIC_REPRESENTATION_CONTEXT(2) 
PARAMETRIC_REPRESENTATION_CONTEXT() REPRESENTATION_CONTEXT('2D SPACE',''
  ) );
#1164 = PCURVE('',#1008,#1165);
#1165 = DEFINITIONAL_REPRESENTATION('',(#1166),#1170);
#1166 = LINE('',#1167,#1168);
#1167 = CARTESIAN_POINT('',(-1.154700538379,2.));
#1168 = VECTOR('',#1169,1.);
#1169 = DIRECTION('',(1.,1.996734617543E-16));
#1170 = ( GEOMETRIC_REPRESENTATION_CONTEXT(2) 
PARAMETRIC_REPRESENTATION_CONTEXT() REPRESENTATION_CONTEXT('2D SPACE',''
  ) );
#1171 = ADVANCED_FACE('',(#1172,#1249),#1008,.T.);
#1172 = FACE_BOUND('',#1173,.F.);
#1173 = EDGE_LOOP('',(#1174,#1175,#1176,#1199,#1227,#1248));
#1174 = ORIENTED_EDGE('',*,*,#994,.T.);
#1175 = ORIENTED_EDGE('',*,*,#1151,.T.);
#1176 = ORIENTED_EDGE('',*,*,#1177,.T.);
#1177 = EDGE_CURVE('',#1124,#1178,#1180,.T.);
#1178 = VERTEX_POINT('',#1179);
#1179 = CARTESIAN_POINT('',(4.367006838145,42.867006838145,-1.5));
#1180 = SURFACE_CURVE('',#1181,(#1185,#1192),.PCURVE_S1.);
#1181 = LINE('',#1182,#1183);
#1182 = CARTESIAN_POINT('',(6.597716981445,42.269289856699,-1.5));
#1183 = VECTOR('',#1184,1.);
#1184 = DIRECTION('',(-0.965925826289,0.258819045103,0.));
#1185 = PCURVE('',#1008,#1186);
#1186 = DEFINITIONAL_REPRESENTATION('',(#1187),#1191);
#1187 = LINE('',#1188,#1189);
#1188 = CARTESIAN_POINT('',(1.154700538379,2.));
#1189 = VECTOR('',#1190,1.);
#1190 = DIRECTION('',(0.5,-0.866025403784));
#1191 = ( GEOMETRIC_REPRESENTATION_CONTEXT(2) 
PARAMETRIC_REPRESENTATION_CONTEXT() REPRESENTATION_CONTEXT('2D SPACE',''
  ) );
#1192 = PCURVE('',#1139,#1193);
#1193 = DEFINITIONAL_REPRESENTATION('',(#1194),#1198);
#1194 = LINE('',#1195,#1196);
#1195 = CARTESIAN_POINT('',(-0.,0.));
#1196 = VECTOR('',#1197,1.);
#1197 = DIRECTION('',(-1.,0.));
#1198 = ( GEOMETRIC_REPRESENTATION_CONTEXT(2) 
PARAMETRIC_REPRESENTATION_CONTEXT() REPRESENTATION_CONTEXT('2D SPACE',''
  ) );
#1199 = ORIENTED_EDGE('',*,*,#1200,.T.);
#1200 = EDGE_CURVE('',#1178,#1201,#1203,.T.);
#1201 = VERTEX_POINT('',#1202);
#1202 = CARTESIAN_POINT('',(3.769289856699,45.097716981445,-1.5));
#1203 = SURFACE_CURVE('',#1204,(#1208,#1215),.PCURVE_S1.);
#1204 = LINE('',#1205,#1206);
#1205 = CARTESIAN_POINT('',(4.367006838145,42.867006838145,-1.5));
#1206 = VECTOR('',#1207,1.);
#1207 = DIRECTION('',(-0.258819045103,0.965925826289,0.));
#1208 = PCURVE('',#1008,#1209);
#1209 = DEFINITIONAL_REPRESENTATION('',(#1210),#1214);
#1210 = LINE('',#1211,#1212);
#1211 = CARTESIAN_POINT('',(2.309401076759,1.630924304674E-16));
#1212 = VECTOR('',#1213,1.);
#1213 = DIRECTION('',(-0.5,-0.866025403784));
#1214 = ( GEOMETRIC_REPRESENTATION_CONTEXT(2) 
PARAMETRIC_REPRESENTATION_CONTEXT() REPRESENTATION_CONTEXT('2D SPACE',''
  ) );
#1215 = PCURVE('',#1216,#1221);
#1216 = PLANE('',#1217);
#1217 = AXIS2_PLACEMENT_3D('',#1218,#1219,#1220);
#1218 = CARTESIAN_POINT('',(4.367006838145,42.867006838145,-1.5));
#1219 = DIRECTION('',(-0.965925826289,-0.258819045103,-0.));
#1220 = DIRECTION('',(0.258819045103,-0.965925826289,-0.));
#1221 = DEFINITIONAL_REPRESENTATION('',(#1222),#1226);
#1222 = LINE('',#1223,#1224);
#1223 = CARTESIAN_POINT('',(-0.,0.));
#1224 = VECTOR('',#1225,1.);
#1225 = DIRECTION('',(-1.,0.));
#1226 = ( GEOMETRIC_REPRESENTATION_CONTEXT(2) 
PARAMETRIC_REPRESENTATION_CONTEXT() REPRESENTATION_CONTEXT('2D SPACE',''
  ) );
#1227 = ORIENTED_EDGE('',*,*,#1228,.T.);
#1228 = EDGE_CURVE('',#1201,#1024,#1229,.T.);
#1229 = SURFACE_CURVE('',#1230,(#1234,#1241),.PCURVE_S1.);
#1230 = LINE('',#1231,#1232);
#1231 = CARTESIAN_POINT('',(3.769289856699,45.097716981445,-1.5));
#1232 = VECTOR('',#1233,1.);
#1233 = DIRECTION('',(0.707106781187,0.707106781187,-0.));
#1234 = PCURVE('',#1008,#1235);
#1235 = DEFINITIONAL_REPRESENTATION('',(#1236),#1240);
#1236 = LINE('',#1237,#1238);
#1237 = CARTESIAN_POINT('',(1.154700538379,-2.));
#1238 = VECTOR('',#1239,1.);
#1239 = DIRECTION('',(-1.,-7.357365584161E-16));
#1240 = ( GEOMETRIC_REPRESENTATION_CONTEXT(2) 
PARAMETRIC_REPRESENTATION_CONTEXT() REPRESENTATION_CONTEXT('2D SPACE',''
  ) );
#1241 = PCURVE('',#1041,#1242);
#1242 = DEFINITIONAL_REPRESENTATION('',(#1243),#1247);
#1243 = LINE('',#1244,#1245);
#1244 = CARTESIAN_POINT('',(-0.,0.));
#1245 = VECTOR('',#1246,1.);
#1246 = DIRECTION('',(-1.,-0.));
#1247 = ( GEOMETRIC_REPRESENTATION_CONTEXT(2) 
PARAMETRIC_REPRESENTATION_CONTEXT() REPRESENTATION_CONTEXT('2D SPACE',''
  ) );
#1248 = ORIENTED_EDGE('',*,*,#1075,.T.);
#1249 = FACE_BOUND('',#1250,.F.);
#1250 = EDGE_LOOP('',(#1251));
#1251 = ORIENTED_EDGE('',*,*,#1252,.F.);
#1252 = EDGE_CURVE('',#1253,#1253,#1255,.T.);
#1253 = VERTEX_POINT('',#1254);
#1254 = CARTESIAN_POINT('',(6.8,44.5,-1.5));
#1255 = SURFACE_CURVE('',#1256,(#1261,#1272),.PCURVE_S1.);
#1256 = CIRCLE('',#1257,0.8);
#1257 = AXIS2_PLACEMENT_3D('',#1258,#1259,#1260);
#1258 = CARTESIAN_POINT('',(6.,44.5,-1.5));
#1259 = DIRECTION('',(0.,0.,-1.));
#1260 = DIRECTION('',(1.,-0.,-0.));
#1261 = PCURVE('',#1008,#1262);
#1262 = DEFINITIONAL_REPRESENTATION('',(#1263),#1271);
#1263 = ( BOUNDED_CURVE() B_SPLINE_CURVE(2,(#1264,#1265,#1266,#1267,
#1268,#1269,#1270),.UNSPECIFIED.,.T.,.F.) B_SPLINE_CURVE_WITH_KNOTS((1,2
    ,2,2,2,1),(-2.094395102393,0.,2.094395102393,4.188790204786,
6.28318530718,8.377580409573),.UNSPECIFIED.) CURVE() 
GEOMETRIC_REPRESENTATION_ITEM() RATIONAL_B_SPLINE_CURVE((1.,0.5,1.,0.5,
1.,0.5,1.)) REPRESENTATION_ITEM('') );
#1264 = CARTESIAN_POINT('',(-0.565685424949,0.565685424949));
#1265 = CARTESIAN_POINT('',(0.414110472164,1.545481322063));
#1266 = CARTESIAN_POINT('',(0.772740661031,0.207055236082));
#1267 = CARTESIAN_POINT('',(1.131370849898,-1.131370849898));
#1268 = CARTESIAN_POINT('',(-0.207055236082,-0.772740661031));
#1269 = CARTESIAN_POINT('',(-1.545481322063,-0.414110472164));
#1270 = CARTESIAN_POINT('',(-0.565685424949,0.565685424949));
#1271 = ( GEOMETRIC_REPRESENTATION_CONTEXT(2) 
PARAMETRIC_REPRESENTATION_CONTEXT() REPRESENTATION_CONTEXT('2D SPACE',''
  ) );
#1272 = PCURVE('',#1273,#1278);
#1273 = CYLINDRICAL_SURFACE('',#1274,0.8);
#1274 = AXIS2_PLACEMENT_3D('',#1275,#1276,#1277);
#1275 = CARTESIAN_POINT('',(6.,44.5,-1.5));
#1276 = DIRECTION('',(-0.,-0.,1.));
#1277 = DIRECTION('',(1.,-0.,-0.));
#1278 = DEFINITIONAL_REPRESENTATION('',(#1279),#1283);
#1279 = LINE('',#1280,#1281);
#1280 = CARTESIAN_POINT('',(-0.,0.));
#1281 = VECTOR('',#1282,1.);
#1282 = DIRECTION('',(-1.,0.));
#1283 = ( GEOMETRIC_REPRESENTATION_CONTEXT(2) 
PARAMETRIC_REPRESENTATION_CONTEXT() REPRESENTATION_CONTEXT('2D SPACE',''
  ) );
#1284 = ADVANCED_FACE('',(#1285,#1357),#954,.F.);
#1285 = FACE_BOUND('',#1286,.T.);
#1286 = EDGE_LOOP('',(#1287,#1288,#1289,#1312,#1335,#1356));
#1287 = ORIENTED_EDGE('',*,*,#938,.T.);
#1288 = ORIENTED_EDGE('',*,*,#1100,.T.);
#1289 = ORIENTED_EDGE('',*,*,#1290,.T.);
#1290 = EDGE_CURVE('',#1101,#1291,#1293,.T.);
#1291 = VERTEX_POINT('',#1292);
#1292 = CARTESIAN_POINT('',(4.367006838145,42.867006838145,-3.1));
#1293 = SURFACE_CURVE('',#1294,(#1298,#1305),.PCURVE_S1.);
#1294 = LINE('',#1295,#1296);
#1295 = CARTESIAN_POINT('',(6.597716981445,42.269289856699,-3.1));
#1296 = VECTOR('',#1297,1.);
#1297 = DIRECTION('',(-0.965925826289,0.258819045103,0.));
#1298 = PCURVE('',#954,#1299);
#1299 = DEFINITIONAL_REPRESENTATION('',(#1300),#1304);
#1300 = LINE('',#1301,#1302);
#1301 = CARTESIAN_POINT('',(1.154700538379,2.));
#1302 = VECTOR('',#1303,1.);
#1303 = DIRECTION('',(0.5,-0.866025403784));
#1304 = ( GEOMETRIC_REPRESENTATION_CONTEXT(2) 
PARAMETRIC_REPRESENTATION_CONTEXT() REPRESENTATION_CONTEXT('2D SPACE',''
  ) );
#1305 = PCURVE('',#1139,#1306);
#1306 = DEFINITIONAL_REPRESENTATION('',(#1307),#1311);
#1307 = LINE('',#1308,#1309);
#1308 = CARTESIAN_POINT('',(-0.,-1.6));
#1309 = VECTOR('',#1310,1.);
#1310 = DIRECTION('',(-1.,0.));
#1311 = ( GEOMETRIC_REPRESENTATION_CONTEXT(2) 
PARAMETRIC_REPRESENTATION_CONTEXT() REPRESENTATION_CONTEXT('2D SPACE',''
  ) );
#1312 = ORIENTED_EDGE('',*,*,#1313,.T.);
#1313 = EDGE_CURVE('',#1291,#1314,#1316,.T.);
#1314 = VERTEX_POINT('',#1315);
#1315 = CARTESIAN_POINT('',(3.769289856699,45.097716981445,-3.1));
#1316 = SURFACE_CURVE('',#1317,(#1321,#1328),.PCURVE_S1.);
#1317 = LINE('',#1318,#1319);
#1318 = CARTESIAN_POINT('',(4.367006838145,42.867006838145,-3.1));
#1319 = VECTOR('',#1320,1.);
#1320 = DIRECTION('',(-0.258819045103,0.965925826289,0.));
#1321 = PCURVE('',#954,#1322);
#1322 = DEFINITIONAL_REPRESENTATION('',(#1323),#1327);
#1323 = LINE('',#1324,#1325);
#1324 = CARTESIAN_POINT('',(2.309401076759,1.630924304674E-16));
#1325 = VECTOR('',#1326,1.);
#1326 = DIRECTION('',(-0.5,-0.866025403784));
#1327 = ( GEOMETRIC_REPRESENTATION_CONTEXT(2) 
PARAMETRIC_REPRESENTATION_CONTEXT() REPRESENTATION_CONTEXT('2D SPACE',''
  ) );
#1328 = PCURVE('',#1216,#1329);
#1329 = DEFINITIONAL_REPRESENTATION('',(#1330),#1334);
#1330 = LINE('',#1331,#1332);
#1331 = CARTESIAN_POINT('',(-0.,-1.6));
#1332 = VECTOR('',#1333,1.);
#1333 = DIRECTION('',(-1.,0.));
#1334 = ( GEOMETRIC_REPRESENTATION_CONTEXT(2) 
PARAMETRIC_REPRESENTATION_CONTEXT() REPRESENTATION_CONTEXT('2D SPACE',''
  ) );
#1335 = ORIENTED_EDGE('',*,*,#1336,.T.);
#1336 = EDGE_CURVE('',#1314,#1026,#1337,.T.);
#1337 = SURFACE_CURVE('',#1338,(#1342,#1349),.PCURVE_S1.);
#1338 = LINE('',#1339,#1340);
#1339 = CARTESIAN_POINT('',(3.769289856699,45.097716981445,-3.1));
#1340 = VECTOR('',#1341,1.);
#1341 = DIRECTION('',(0.707106781187,0.707106781187,-0.));
#1342 = PCURVE('',#954,#1343);
#1343 = DEFINITIONAL_REPRESENTATION('',(#1344),#1348);
#1344 = LINE('',#1345,#1346);
#1345 = CARTESIAN_POINT('',(1.154700538379,-2.));
#1346 = VECTOR('',#1347,1.);
#1347 = DIRECTION('',(-1.,-7.357365584161E-16));
#1348 = ( GEOMETRIC_REPRESENTATION_CONTEXT(2) 
PARAMETRIC_REPRESENTATION_CONTEXT() REPRESENTATION_CONTEXT('2D SPACE',''
  ) );
#1349 = PCURVE('',#1041,#1350);
#1350 = DEFINITIONAL_REPRESENTATION('',(#1351),#1355);
#1351 = LINE('',#1352,#1353);
#1352 = CARTESIAN_POINT('',(-0.,-1.6));
#1353 = VECTOR('',#1354,1.);
#1354 = DIRECTION('',(-1.,-0.));
#1355 = ( GEOMETRIC_REPRESENTATION_CONTEXT(2) 
PARAMETRIC_REPRESENTATION_CONTEXT() REPRESENTATION_CONTEXT('2D SPACE',''
  ) );
#1356 = ORIENTED_EDGE('',*,*,#1053,.T.);
#1357 = FACE_BOUND('',#1358,.T.);
#1358 = EDGE_LOOP('',(#1359));
#1359 = ORIENTED_EDGE('',*,*,#1360,.F.);
#1360 = EDGE_CURVE('',#1361,#1361,#1363,.T.);
#1361 = VERTEX_POINT('',#1362);
#1362 = CARTESIAN_POINT('',(6.8,44.5,-3.1));
#1363 = SURFACE_CURVE('',#1364,(#1369,#1380),.PCURVE_S1.);
#1364 = CIRCLE('',#1365,0.8);
#1365 = AXIS2_PLACEMENT_3D('',#1366,#1367,#1368);
#1366 = CARTESIAN_POINT('',(6.,44.5,-3.1));
#1367 = DIRECTION('',(0.,0.,-1.));
#1368 = DIRECTION('',(1.,-0.,-0.));
#1369 = PCURVE('',#954,#1370);
#1370 = DEFINITIONAL_REPRESENTATION('',(#1371),#1379);
#1371 = ( BOUNDED_CURVE() B_SPLINE_CURVE(2,(#1372,#1373,#1374,#1375,
#1376,#1377,#1378),.UNSPECIFIED.,.T.,.F.) B_SPLINE_CURVE_WITH_KNOTS((1,2
    ,2,2,2,1),(-2.094395102393,0.,2.094395102393,4.188790204786,
6.28318530718,8.377580409573),.UNSPECIFIED.) CURVE() 
GEOMETRIC_REPRESENTATION_ITEM() RATIONAL_B_SPLINE_CURVE((1.,0.5,1.,0.5,
1.,0.5,1.)) REPRESENTATION_ITEM('') );
#1372 = CARTESIAN_POINT('',(-0.565685424949,0.565685424949));
#1373 = CARTESIAN_POINT('',(0.414110472164,1.545481322063));
#1374 = CARTESIAN_POINT('',(0.772740661031,0.207055236082));
#1375 = CARTESIAN_POINT('',(1.131370849898,-1.131370849898));
#1376 = CARTESIAN_POINT('',(-0.207055236082,-0.772740661031));
#1377 = CARTESIAN_POINT('',(-1.545481322063,-0.414110472164));
#1378 = CARTESIAN_POINT('',(-0.565685424949,0.565685424949));
#1379 = ( GEOMETRIC_REPRESENTATION_CONTEXT(2) 
PARAMETRIC_REPRESENTATION_CONTEXT() REPRESENTATION_CONTEXT('2D SPACE',''
  ) );
#1380 = PCURVE('',#1273,#1381);
#1381 = DEFINITIONAL_REPRESENTATION('',(#1382),#1386);
#1382 = LINE('',#1383,#1384);
#1383 = CARTESIAN_POINT('',(-0.,-1.6));
#1384 = VECTOR('',#1385,1.);
#1385 = DIRECTION('',(-1.,0.));
#1386 = ( GEOMETRIC_REPRESENTATION_CONTEXT(2) 
PARAMETRIC_REPRESENTATION_CONTEXT() REPRESENTATION_CONTEXT('2D SPACE',''
  ) );
#1387 = ADVANCED_FACE('',(#1388),#1041,.T.);
#1388 = FACE_BOUND('',#1389,.F.);
#1389 = EDGE_LOOP('',(#1390,#1411,#1412,#1413));
#1390 = ORIENTED_EDGE('',*,*,#1391,.T.);
#1391 = EDGE_CURVE('',#1201,#1314,#1392,.T.);
#1392 = SURFACE_CURVE('',#1393,(#1397,#1404),.PCURVE_S1.);
#1393 = LINE('',#1394,#1395);
#1394 = CARTESIAN_POINT('',(3.769289856699,45.097716981445,-1.5));
#1395 = VECTOR('',#1396,1.);
#1396 = DIRECTION('',(-0.,-0.,-1.));
#1397 = PCURVE('',#1041,#1398);
#1398 = DEFINITIONAL_REPRESENTATION('',(#1399),#1403);
#1399 = LINE('',#1400,#1401);
#1400 = CARTESIAN_POINT('',(-0.,0.));
#1401 = VECTOR('',#1402,1.);
#1402 = DIRECTION('',(-0.,-1.));
#1403 = ( GEOMETRIC_REPRESENTATION_CONTEXT(2) 
PARAMETRIC_REPRESENTATION_CONTEXT() REPRESENTATION_CONTEXT('2D SPACE',''
  ) );
#1404 = PCURVE('',#1216,#1405);
#1405 = DEFINITIONAL_REPRESENTATION('',(#1406),#1410);
#1406 = LINE('',#1407,#1408);
#1407 = CARTESIAN_POINT('',(-2.309401076759,0.));
#1408 = VECTOR('',#1409,1.);
#1409 = DIRECTION('',(-0.,-1.));
#1410 = ( GEOMETRIC_REPRESENTATION_CONTEXT(2) 
PARAMETRIC_REPRESENTATION_CONTEXT() REPRESENTATION_CONTEXT('2D SPACE',''
  ) );
#1411 = ORIENTED_EDGE('',*,*,#1336,.T.);
#1412 = ORIENTED_EDGE('',*,*,#1023,.F.);
#1413 = ORIENTED_EDGE('',*,*,#1228,.F.);
#1414 = ADVANCED_FACE('',(#1415),#1139,.T.);
#1415 = FACE_BOUND('',#1416,.F.);
#1416 = EDGE_LOOP('',(#1417,#1418,#1419,#1440));
#1417 = ORIENTED_EDGE('',*,*,#1123,.T.);
#1418 = ORIENTED_EDGE('',*,*,#1290,.T.);
#1419 = ORIENTED_EDGE('',*,*,#1420,.F.);
#1420 = EDGE_CURVE('',#1178,#1291,#1421,.T.);
#1421 = SURFACE_CURVE('',#1422,(#1426,#1433),.PCURVE_S1.);
#1422 = LINE('',#1423,#1424);
#1423 = CARTESIAN_POINT('',(4.367006838145,42.867006838145,-1.5));
#1424 = VECTOR('',#1425,1.);
#1425 = DIRECTION('',(-0.,-0.,-1.));
#1426 = PCURVE('',#1139,#1427);
#1427 = DEFINITIONAL_REPRESENTATION('',(#1428),#1432);
#1428 = LINE('',#1429,#1430);
#1429 = CARTESIAN_POINT('',(-2.309401076759,0.));
#1430 = VECTOR('',#1431,1.);
#1431 = DIRECTION('',(-0.,-1.));
#1432 = ( GEOMETRIC_REPRESENTATION_CONTEXT(2) 
PARAMETRIC_REPRESENTATION_CONTEXT() REPRESENTATION_CONTEXT('2D SPACE',''
  ) );
#1433 = PCURVE('',#1216,#1434);
#1434 = DEFINITIONAL_REPRESENTATION('',(#1435),#1439);
#1435 = LINE('',#1436,#1437);
#1436 = CARTESIAN_POINT('',(-0.,0.));
#1437 = VECTOR('',#1438,1.);
#1438 = DIRECTION('',(-0.,-1.));
#1439 = ( GEOMETRIC_REPRESENTATION_CONTEXT(2) 
PARAMETRIC_REPRESENTATION_CONTEXT() REPRESENTATION_CONTEXT('2D SPACE',''
  ) );
#1440 = ORIENTED_EDGE('',*,*,#1177,.F.);
#1441 = ADVANCED_FACE('',(#1442),#1216,.T.);
#1442 = FACE_BOUND('',#1443,.F.);
#1443 = EDGE_LOOP('',(#1444,#1445,#1446,#1447));
#1444 = ORIENTED_EDGE('',*,*,#1420,.T.);
#1445 = ORIENTED_EDGE('',*,*,#1313,.T.);
#1446 = ORIENTED_EDGE('',*,*,#1391,.F.);
#1447 = ORIENTED_EDGE('',*,*,#1200,.F.);
#1448 = ADVANCED_FACE('',(#1449),#1273,.F.);
#1449 = FACE_BOUND('',#1450,.T.);
#1450 = EDGE_LOOP('',(#1451,#1472,#1473,#1474));
#1451 = ORIENTED_EDGE('',*,*,#1452,.T.);
#1452 = EDGE_CURVE('',#1253,#1361,#1453,.T.);
#1453 = SEAM_CURVE('',#1454,(#1458,#1465),.PCURVE_S1.);
#1454 = LINE('',#1455,#1456);
#1455 = CARTESIAN_POINT('',(6.8,44.5,-1.5));
#1456 = VECTOR('',#1457,1.);
#1457 = DIRECTION('',(-0.,0.,-1.));
#1458 = PCURVE('',#1273,#1459);
#1459 = DEFINITIONAL_REPRESENTATION('',(#1460),#1464);
#1460 = LINE('',#1461,#1462);
#1461 = CARTESIAN_POINT('',(-0.,0.));
#1462 = VECTOR('',#1463,1.);
#1463 = DIRECTION('',(-0.,-1.));
#1464 = ( GEOMETRIC_REPRESENTATION_CONTEXT(2) 
PARAMETRIC_REPRESENTATION_CONTEXT() REPRESENTATION_CONTEXT('2D SPACE',''
  ) );
#1465 = PCURVE('',#1273,#1466);
#1466 = DEFINITIONAL_REPRESENTATION('',(#1467),#1471);
#1467 = LINE('',#1468,#1469);
#1468 = CARTESIAN_POINT('',(-6.28318530718,0.));
#1469 = VECTOR('',#1470,1.);
#1470 = DIRECTION('',(-0.,-1.));
#1471 = ( GEOMETRIC_REPRESENTATION_CONTEXT(2) 
PARAMETRIC_REPRESENTATION_CONTEXT() REPRESENTATION_CONTEXT('2D SPACE',''
  ) );
#1472 = ORIENTED_EDGE('',*,*,#1360,.T.);
#1473 = ORIENTED_EDGE('',*,*,#1452,.F.);
#1474 = ORIENTED_EDGE('',*,*,#1252,.F.);
#1475 = ( GEOMETRIC_REPRESENTATION_CONTEXT(3) 
GLOBAL_UNCERTAINTY_ASSIGNED_CONTEXT((#1479)) 
GLOBAL_UNIT_ASSIGNED_CONTEXT((#1476,#1477,#1478)) REPRESENTATION_CONTEXT
('Context #1','3D Context with UNIT and UNCERTAINTY') );
#1476 = ( LENGTH_UNIT() NAMED_UNIT(*) SI_UNIT(.MILLI.,.METRE.) );
#1477 = ( NAMED_UNIT(*) PLANE_ANGLE_UNIT() SI_UNIT($,.RADIAN.) );
#1478 = ( NAMED_UNIT(*) SI_UNIT($,.STERADIAN.) SOLID_ANGLE_UNIT() );
#1479 = UNCERTAINTY_MEASURE_WITH_UNIT(LENGTH_MEASURE(1.E-07),#1476,
  'distance_accuracy_value','confusion accuracy');
#1480 = CONTEXT_DEPENDENT_SHAPE_REPRESENTATION(#1481,#1483);
#1481 = ( REPRESENTATION_RELATIONSHIP('','',#896,#10) 
REPRESENTATION_RELATIONSHIP_WITH_TRANSFORMATION(#1482) 
SHAPE_REPRESENTATION_RELATIONSHIP() );
#1482 = ITEM_DEFINED_TRANSFORMATION('','',#11,#23);
#1483 = PRODUCT_DEFINITION_SHAPE('Placement','Placement of an item',
  #1484);
#1484 = NEXT_ASSEMBLY_USAGE_OCCURRENCE('67','','',#5,#891,$);
#1485 = PRODUCT_RELATED_PRODUCT_CATEGORY('part',$,(#893));
#1486 = SHAPE_DEFINITION_REPRESENTATION(#1487,#1493);
#1487 = PRODUCT_DEFINITION_SHAPE('','',#1488);
#1488 = PRODUCT_DEFINITION('design','',#1489,#1492);
#1489 = PRODUCT_DEFINITION_FORMATION('','',#1490);
#1490 = PRODUCT('Open CASCADE STEP translator 7.9 33.4',
  'Open CASCADE STEP translator 7.9 33.4','',(#1491));
#1491 = PRODUCT_CONTEXT('',#2,'mechanical');
#1492 = PRODUCT_DEFINITION_CONTEXT('part definition',#2,'design');
#1493 = ADVANCED_BREP_SHAPE_REPRESENTATION('',(#11,#1494),#1698);
#1494 = MANIFOLD_SOLID_BREP('',#1495);
#1495 = CLOSED_SHELL('',(#1496,#1592,#1596,#1635,#1694));
#1496 = ADVANCED_FACE('',(#1497),#1511,.T.);
#1497 = FACE_BOUND('',#1498,.T.);
#1498 = EDGE_LOOP('',(#1499,#1529,#1560,#1561));
#1499 = ORIENTED_EDGE('',*,*,#1500,.T.);
#1500 = EDGE_CURVE('',#1501,#1503,#1505,.T.);
#1501 = VERTEX_POINT('',#1502);
#1502 = CARTESIAN_POINT('',(8.5,44.5,-14.8));
#1503 = VERTEX_POINT('',#1504);
#1504 = CARTESIAN_POINT('',(8.5,44.5,-13.3));
#1505 = SEAM_CURVE('',#1506,(#1510,#1522),.PCURVE_S1.);
#1506 = LINE('',#1507,#1508);
#1507 = CARTESIAN_POINT('',(8.5,44.5,-14.8));
#1508 = VECTOR('',#1509,1.);
#1509 = DIRECTION('',(-0.,-0.,1.));
#1510 = PCURVE('',#1511,#1516);
#1511 = CYLINDRICAL_SURFACE('',#1512,2.5);
#1512 = AXIS2_PLACEMENT_3D('',#1513,#1514,#1515);
#1513 = CARTESIAN_POINT('',(6.,44.5,-14.8));
#1514 = DIRECTION('',(-0.,0.,-1.));
#1515 = DIRECTION('',(1.,-0.,-0.));
#1516 = DEFINITIONAL_REPRESENTATION('',(#1517),#1521);
#1517 = LINE('',#1518,#1519);
#1518 = CARTESIAN_POINT('',(0.,0.));
#1519 = VECTOR('',#1520,1.);
#1520 = DIRECTION('',(0.,-1.));
#1521 = ( GEOMETRIC_REPRESENTATION_CONTEXT(2) 
PARAMETRIC_REPRESENTATION_CONTEXT() REPRESENTATION_CONTEXT('2D SPACE',''
  ) );
#1522 = PCURVE('',#1511,#1523);
#1523 = DEFINITIONAL_REPRESENTATION('',(#1524),#1528);
#1524 = LINE('',#1525,#1526);
#1525 = CARTESIAN_POINT('',(6.28318530718,0.));
#1526 = VECTOR('',#1527,1.);
#1527 = DIRECTION('',(0.,-1.));
#1528 = ( GEOMETRIC_REPRESENTATION_CONTEXT(2) 
PARAMETRIC_REPRESENTATION_CONTEXT() REPRESENTATION_CONTEXT('2D SPACE',''
  ) );
#1529 = ORIENTED_EDGE('',*,*,#1530,.T.);
#1530 = EDGE_CURVE('',#1503,#1503,#1531,.T.);
#1531 = SURFACE_CURVE('',#1532,(#1537,#1544),.PCURVE_S1.);
#1532 = CIRCLE('',#1533,2.5);
#1533 = AXIS2_PLACEMENT_3D('',#1534,#1535,#1536);
#1534 = CARTESIAN_POINT('',(6.,44.5,-13.3));
#1535 = DIRECTION('',(0.,0.,-1.));
#1536 = DIRECTION('',(1.,-0.,-0.));
#1537 = PCURVE('',#1511,#1538);
#1538 = DEFINITIONAL_REPRESENTATION('',(#1539),#1543);
#1539 = LINE('',#1540,#1541);
#1540 = CARTESIAN_POINT('',(0.,-1.5));
#1541 = VECTOR('',#1542,1.);
#1542 = DIRECTION('',(1.,0.));
#1543 = ( GEOMETRIC_REPRESENTATION_CONTEXT(2) 
PARAMETRIC_REPRESENTATION_CONTEXT() REPRESENTATION_CONTEXT('2D SPACE',''
  ) );
#1544 = PCURVE('',#1545,#1550);
#1545 = PLANE('',#1546);
#1546 = AXIS2_PLACEMENT_3D('',#1547,#1548,#1549);
#1547 = CARTESIAN_POINT('',(6.,44.5,-13.3));
#1548 = DIRECTION('',(-0.,-0.,1.));
#1549 = DIRECTION('',(-1.,0.,0.));
#1550 = DEFINITIONAL_REPRESENTATION('',(#1551),#1559);
#1551 = ( BOUNDED_CURVE() B_SPLINE_CURVE(2,(#1552,#1553,#1554,#1555,
#1556,#1557,#1558),.UNSPECIFIED.,.T.,.F.) B_SPLINE_CURVE_WITH_KNOTS((1,2
    ,2,2,2,1),(-2.094395102393,0.,2.094395102393,4.188790204786,
6.28318530718,8.377580409573),.UNSPECIFIED.) CURVE() 
GEOMETRIC_REPRESENTATION_ITEM() RATIONAL_B_SPLINE_CURVE((1.,0.5,1.,0.5,
1.,0.5,1.)) REPRESENTATION_ITEM('') );
#1552 = CARTESIAN_POINT('',(-2.5,0.));
#1553 = CARTESIAN_POINT('',(-2.5,4.330127018922));
#1554 = CARTESIAN_POINT('',(1.25,2.165063509461));
#1555 = CARTESIAN_POINT('',(5.,6.123233995737E-16));
#1556 = CARTESIAN_POINT('',(1.25,-2.165063509461));
#1557 = CARTESIAN_POINT('',(-2.5,-4.330127018922));
#1558 = CARTESIAN_POINT('',(-2.5,0.));
#1559 = ( GEOMETRIC_REPRESENTATION_CONTEXT(2) 
PARAMETRIC_REPRESENTATION_CONTEXT() REPRESENTATION_CONTEXT('2D SPACE',''
  ) );
#1560 = ORIENTED_EDGE('',*,*,#1500,.F.);
#1561 = ORIENTED_EDGE('',*,*,#1562,.F.);
#1562 = EDGE_CURVE('',#1501,#1501,#1563,.T.);
#1563 = SURFACE_CURVE('',#1564,(#1569,#1576),.PCURVE_S1.);
#1564 = CIRCLE('',#1565,2.5);
#1565 = AXIS2_PLACEMENT_3D('',#1566,#1567,#1568);
#1566 = CARTESIAN_POINT('',(6.,44.5,-14.8));
#1567 = DIRECTION('',(0.,0.,-1.));
#1568 = DIRECTION('',(1.,-0.,-0.));
#1569 = PCURVE('',#1511,#1570);
#1570 = DEFINITIONAL_REPRESENTATION('',(#1571),#1575);
#1571 = LINE('',#1572,#1573);
#1572 = CARTESIAN_POINT('',(0.,0.));
#1573 = VECTOR('',#1574,1.);
#1574 = DIRECTION('',(1.,0.));
#1575 = ( GEOMETRIC_REPRESENTATION_CONTEXT(2) 
PARAMETRIC_REPRESENTATION_CONTEXT() REPRESENTATION_CONTEXT('2D SPACE',''
  ) );
#1576 = PCURVE('',#1577,#1582);
#1577 = PLANE('',#1578);
#1578 = AXIS2_PLACEMENT_3D('',#1579,#1580,#1581);
#1579 = CARTESIAN_POINT('',(6.,44.5,-14.8));
#1580 = DIRECTION('',(-0.,-0.,1.));
#1581 = DIRECTION('',(-1.,0.,0.));
#1582 = DEFINITIONAL_REPRESENTATION('',(#1583),#1591);
#1583 = ( BOUNDED_CURVE() B_SPLINE_CURVE(2,(#1584,#1585,#1586,#1587,
#1588,#1589,#1590),.UNSPECIFIED.,.T.,.F.) B_SPLINE_CURVE_WITH_KNOTS((1,2
    ,2,2,2,1),(-2.094395102393,0.,2.094395102393,4.188790204786,
6.28318530718,8.377580409573),.UNSPECIFIED.) CURVE() 
GEOMETRIC_REPRESENTATION_ITEM() RATIONAL_B_SPLINE_CURVE((1.,0.5,1.,0.5,
1.,0.5,1.)) REPRESENTATION_ITEM('') );
#1584 = CARTESIAN_POINT('',(-2.5,0.));
#1585 = CARTESIAN_POINT('',(-2.5,4.330127018922));
#1586 = CARTESIAN_POINT('',(1.25,2.165063509461));
#1587 = CARTESIAN_POINT('',(5.,6.123233995737E-16));
#1588 = CARTESIAN_POINT('',(1.25,-2.165063509461));
#1589 = CARTESIAN_POINT('',(-2.5,-4.330127018922));
#1590 = CARTESIAN_POINT('',(-2.5,0.));
#1591 = ( GEOMETRIC_REPRESENTATION_CONTEXT(2) 
PARAMETRIC_REPRESENTATION_CONTEXT() REPRESENTATION_CONTEXT('2D SPACE',''
  ) );
#1592 = ADVANCED_FACE('',(#1593),#1577,.F.);
#1593 = FACE_BOUND('',#1594,.T.);
#1594 = EDGE_LOOP('',(#1595));
#1595 = ORIENTED_EDGE('',*,*,#1562,.T.);
#1596 = ADVANCED_FACE('',(#1597,#1600),#1545,.T.);
#1597 = FACE_BOUND('',#1598,.F.);
#1598 = EDGE_LOOP('',(#1599));
#1599 = ORIENTED_EDGE('',*,*,#1530,.T.);
#1600 = FACE_BOUND('',#1601,.F.);
#1601 = EDGE_LOOP('',(#1602));
#1602 = ORIENTED_EDGE('',*,*,#1603,.F.);
#1603 = EDGE_CURVE('',#1604,#1604,#1606,.T.);
#1604 = VERTEX_POINT('',#1605);
#1605 = CARTESIAN_POINT('',(7.,44.5,-13.3));
#1606 = SURFACE_CURVE('',#1607,(#1612,#1623),.PCURVE_S1.);
#1607 = CIRCLE('',#1608,1.);
#1608 = AXIS2_PLACEMENT_3D('',#1609,#1610,#1611);
#1609 = CARTESIAN_POINT('',(6.,44.5,-13.3));
#1610 = DIRECTION('',(0.,0.,-1.));
#1611 = DIRECTION('',(1.,-0.,-0.));
#1612 = PCURVE('',#1545,#1613);
#1613 = DEFINITIONAL_REPRESENTATION('',(#1614),#1622);
#1614 = ( BOUNDED_CURVE() B_SPLINE_CURVE(2,(#1615,#1616,#1617,#1618,
#1619,#1620,#1621),.UNSPECIFIED.,.T.,.F.) B_SPLINE_CURVE_WITH_KNOTS((1,2
    ,2,2,2,1),(-2.094395102393,0.,2.094395102393,4.188790204786,
6.28318530718,8.377580409573),.UNSPECIFIED.) CURVE() 
GEOMETRIC_REPRESENTATION_ITEM() RATIONAL_B_SPLINE_CURVE((1.,0.5,1.,0.5,
1.,0.5,1.)) REPRESENTATION_ITEM('') );
#1615 = CARTESIAN_POINT('',(-1.,0.));
#1616 = CARTESIAN_POINT('',(-1.,1.732050807569));
#1617 = CARTESIAN_POINT('',(0.5,0.866025403784));
#1618 = CARTESIAN_POINT('',(2.,2.449293598295E-16));
#1619 = CARTESIAN_POINT('',(0.5,-0.866025403784));
#1620 = CARTESIAN_POINT('',(-1.,-1.732050807569));
#1621 = CARTESIAN_POINT('',(-1.,0.));
#1622 = ( GEOMETRIC_REPRESENTATION_CONTEXT(2) 
PARAMETRIC_REPRESENTATION_CONTEXT() REPRESENTATION_CONTEXT('2D SPACE',''
  ) );
#1623 = PCURVE('',#1624,#1629);
#1624 = CYLINDRICAL_SURFACE('',#1625,1.);
#1625 = AXIS2_PLACEMENT_3D('',#1626,#1627,#1628);
#1626 = CARTESIAN_POINT('',(6.,44.5,-13.3));
#1627 = DIRECTION('',(-0.,0.,-1.));
#1628 = DIRECTION('',(1.,-0.,-0.));
#1629 = DEFINITIONAL_REPRESENTATION('',(#1630),#1634);
#1630 = LINE('',#1631,#1632);
#1631 = CARTESIAN_POINT('',(0.,0.));
#1632 = VECTOR('',#1633,1.);
#1633 = DIRECTION('',(1.,0.));
#1634 = ( GEOMETRIC_REPRESENTATION_CONTEXT(2) 
PARAMETRIC_REPRESENTATION_CONTEXT() REPRESENTATION_CONTEXT('2D SPACE',''
  ) );
#1635 = ADVANCED_FACE('',(#1636),#1624,.T.);
#1636 = FACE_BOUND('',#1637,.T.);
#1637 = EDGE_LOOP('',(#1638,#1661,#1692,#1693));
#1638 = ORIENTED_EDGE('',*,*,#1639,.T.);
#1639 = EDGE_CURVE('',#1604,#1640,#1642,.T.);
#1640 = VERTEX_POINT('',#1641);
#1641 = CARTESIAN_POINT('',(7.,44.5,-1.3));
#1642 = SEAM_CURVE('',#1643,(#1647,#1654),.PCURVE_S1.);
#1643 = LINE('',#1644,#1645);
#1644 = CARTESIAN_POINT('',(7.,44.5,-13.3));
#1645 = VECTOR('',#1646,1.);
#1646 = DIRECTION('',(-0.,-0.,1.));
#1647 = PCURVE('',#1624,#1648);
#1648 = DEFINITIONAL_REPRESENTATION('',(#1649),#1653);
#1649 = LINE('',#1650,#1651);
#1650 = CARTESIAN_POINT('',(0.,0.));
#1651 = VECTOR('',#1652,1.);
#1652 = DIRECTION('',(0.,-1.));
#1653 = ( GEOMETRIC_REPRESENTATION_CONTEXT(2) 
PARAMETRIC_REPRESENTATION_CONTEXT() REPRESENTATION_CONTEXT('2D SPACE',''
  ) );
#1654 = PCURVE('',#1624,#1655);
#1655 = DEFINITIONAL_REPRESENTATION('',(#1656),#1660);
#1656 = LINE('',#1657,#1658);
#1657 = CARTESIAN_POINT('',(6.28318530718,0.));
#1658 = VECTOR('',#1659,1.);
#1659 = DIRECTION('',(0.,-1.));
#1660 = ( GEOMETRIC_REPRESENTATION_CONTEXT(2) 
PARAMETRIC_REPRESENTATION_CONTEXT() REPRESENTATION_CONTEXT('2D SPACE',''
  ) );
#1661 = ORIENTED_EDGE('',*,*,#1662,.T.);
#1662 = EDGE_CURVE('',#1640,#1640,#1663,.T.);
#1663 = SURFACE_CURVE('',#1664,(#1669,#1676),.PCURVE_S1.);
#1664 = CIRCLE('',#1665,1.);
#1665 = AXIS2_PLACEMENT_3D('',#1666,#1667,#1668);
#1666 = CARTESIAN_POINT('',(6.,44.5,-1.3));
#1667 = DIRECTION('',(0.,0.,-1.));
#1668 = DIRECTION('',(1.,-0.,-0.));
#1669 = PCURVE('',#1624,#1670);
#1670 = DEFINITIONAL_REPRESENTATION('',(#1671),#1675);
#1671 = LINE('',#1672,#1673);
#1672 = CARTESIAN_POINT('',(0.,-12.));
#1673 = VECTOR('',#1674,1.);
#1674 = DIRECTION('',(1.,0.));
#1675 = ( GEOMETRIC_REPRESENTATION_CONTEXT(2) 
PARAMETRIC_REPRESENTATION_CONTEXT() REPRESENTATION_CONTEXT('2D SPACE',''
  ) );
#1676 = PCURVE('',#1677,#1682);
#1677 = PLANE('',#1678);
#1678 = AXIS2_PLACEMENT_3D('',#1679,#1680,#1681);
#1679 = CARTESIAN_POINT('',(6.,44.5,-1.3));
#1680 = DIRECTION('',(-0.,-0.,1.));
#1681 = DIRECTION('',(-1.,0.,0.));
#1682 = DEFINITIONAL_REPRESENTATION('',(#1683),#1691);
#1683 = ( BOUNDED_CURVE() B_SPLINE_CURVE(2,(#1684,#1685,#1686,#1687,
#1688,#1689,#1690),.UNSPECIFIED.,.T.,.F.) B_SPLINE_CURVE_WITH_KNOTS((1,2
    ,2,2,2,1),(-2.094395102393,0.,2.094395102393,4.188790204786,
6.28318530718,8.377580409573),.UNSPECIFIED.) CURVE() 
GEOMETRIC_REPRESENTATION_ITEM() RATIONAL_B_SPLINE_CURVE((1.,0.5,1.,0.5,
1.,0.5,1.)) REPRESENTATION_ITEM('') );
#1684 = CARTESIAN_POINT('',(-1.,0.));
#1685 = CARTESIAN_POINT('',(-1.,1.732050807569));
#1686 = CARTESIAN_POINT('',(0.5,0.866025403784));
#1687 = CARTESIAN_POINT('',(2.,2.449293598295E-16));
#1688 = CARTESIAN_POINT('',(0.5,-0.866025403784));
#1689 = CARTESIAN_POINT('',(-1.,-1.732050807569));
#1690 = CARTESIAN_POINT('',(-1.,0.));
#1691 = ( GEOMETRIC_REPRESENTATION_CONTEXT(2) 
PARAMETRIC_REPRESENTATION_CONTEXT() REPRESENTATION_CONTEXT('2D SPACE',''
  ) );
#1692 = ORIENTED_EDGE('',*,*,#1639,.F.);
#1693 = ORIENTED_EDGE('',*,*,#1603,.F.);
#1694 = ADVANCED_FACE('',(#1695),#1677,.T.);
#1695 = FACE_BOUND('',#1696,.F.);
#1696 = EDGE_LOOP('',(#1697));
#1697 = ORIENTED_EDGE('',*,*,#1662,.T.);
#1698 = ( GEOMETRIC_REPRESENTATION_CONTEXT(3) 
GLOBAL_UNCERTAINTY_ASSIGNED_CONTEXT((#1702)) 
GLOBAL_UNIT_ASSIGNED_CONTEXT((#1699,#1700,#1701)) REPRESENTATION_CONTEXT
('Context #1','3D Context with UNIT and UNCERTAINTY') );
#1699 = ( LENGTH_UNIT() NAMED_UNIT(*) SI_UNIT(.MILLI.,.METRE.) );
#1700 = ( NAMED_UNIT(*) PLANE_ANGLE_UNIT() SI_UNIT($,.RADIAN.) );
#1701 = ( NAMED_UNIT(*) SI_UNIT($,.STERADIAN.) SOLID_ANGLE_UNIT() );
#1702 = UNCERTAINTY_MEASURE_WITH_UNIT(LENGTH_MEASURE(1.E-07),#1699,
  'distance_accuracy_value','confusion accuracy');
#1703 = CONTEXT_DEPENDENT_SHAPE_REPRESENTATION(#1704,#1706);
#1704 = ( REPRESENTATION_RELATIONSHIP('','',#1493,#10) 
REPRESENTATION_RELATIONSHIP_WITH_TRANSFORMATION(#1705) 
SHAPE_REPRESENTATION_RELATIONSHIP() );
#1705 = ITEM_DEFINED_TRANSFORMATION('','',#11,#27);
#1706 = PRODUCT_DEFINITION_SHAPE('Placement','Placement of an item',
  #1707);
#1707 = NEXT_ASSEMBLY_USAGE_OCCURRENCE('68','','',#5,#1488,$);
#1708 = PRODUCT_RELATED_PRODUCT_CATEGORY('part',$,(#1490));
#1709 = SHAPE_DEFINITION_REPRESENTATION(#1710,#1716);
#1710 = PRODUCT_DEFINITION_SHAPE('','',#1711);
#1711 = PRODUCT_DEFINITION('design','',#1712,#1715);
#1712 = PRODUCT_DEFINITION_FORMATION('','',#1713);
#1713 = PRODUCT('Open CASCADE STEP translator 7.9 33.5',
  'Open CASCADE STEP translator 7.9 33.5','',(#1714));
#1714 = PRODUCT_CONTEXT('',#2,'mechanical');
#1715 = PRODUCT_DEFINITION_CONTEXT('part definition',#2,'design');
#1716 = ADVANCED_BREP_SHAPE_REPRESENTATION('',(#11,#1717),#2295);
#1717 = MANIFOLD_SOLID_BREP('',#1718);
#1718 = CLOSED_SHELL('',(#1719,#1839,#1915,#1991,#2104,#2207,#2234,#2261
    ,#2268));
#1719 = ADVANCED_FACE('',(#1720),#1734,.T.);
#1720 = FACE_BOUND('',#1721,.F.);
#1721 = EDGE_LOOP('',(#1722,#1757,#1785,#1813));
#1722 = ORIENTED_EDGE('',*,*,#1723,.T.);
#1723 = EDGE_CURVE('',#1724,#1726,#1728,.T.);
#1724 = VERTEX_POINT('',#1725);
#1725 = CARTESIAN_POINT('',(82.367006838145,84.867006838145,-1.5));
#1726 = VERTEX_POINT('',#1727);
#1727 = CARTESIAN_POINT('',(82.367006838145,84.867006838145,-3.1));
#1728 = SURFACE_CURVE('',#1729,(#1733,#1745),.PCURVE_S1.);
#1729 = LINE('',#1730,#1731);
#1730 = CARTESIAN_POINT('',(82.367006838145,84.867006838145,-1.5));
#1731 = VECTOR('',#1732,1.);
#1732 = DIRECTION('',(-0.,-0.,-1.));
#1733 = PCURVE('',#1734,#1739);
#1734 = PLANE('',#1735);
#1735 = AXIS2_PLACEMENT_3D('',#1736,#1737,#1738);
#1736 = CARTESIAN_POINT('',(82.367006838145,84.867006838145,-1.5));
#1737 = DIRECTION('',(-0.965925826289,-0.258819045103,-0.));
#1738 = DIRECTION('',(0.258819045103,-0.965925826289,-0.));
#1739 = DEFINITIONAL_REPRESENTATION('',(#1740),#1744);
#1740 = LINE('',#1741,#1742);
#1741 = CARTESIAN_POINT('',(-0.,0.));
#1742 = VECTOR('',#1743,1.);
#1743 = DIRECTION('',(-0.,-1.));
#1744 = ( GEOMETRIC_REPRESENTATION_CONTEXT(2) 
PARAMETRIC_REPRESENTATION_CONTEXT() REPRESENTATION_CONTEXT('2D SPACE',''
  ) );
#1745 = PCURVE('',#1746,#1751);
#1746 = PLANE('',#1747);
#1747 = AXIS2_PLACEMENT_3D('',#1748,#1749,#1750);
#1748 = CARTESIAN_POINT('',(84.597716981445,84.269289856699,-1.5));
#1749 = DIRECTION('',(-0.258819045103,-0.965925826289,-0.));
#1750 = DIRECTION('',(0.965925826289,-0.258819045103,-0.));
#1751 = DEFINITIONAL_REPRESENTATION('',(#1752),#1756);
#1752 = LINE('',#1753,#1754);
#1753 = CARTESIAN_POINT('',(-2.309401076759,0.));
#1754 = VECTOR('',#1755,1.);
#1755 = DIRECTION('',(-0.,-1.));
#1756 = ( GEOMETRIC_REPRESENTATION_CONTEXT(2) 
PARAMETRIC_REPRESENTATION_CONTEXT() REPRESENTATION_CONTEXT('2D SPACE',''
  ) );
#1757 = ORIENTED_EDGE('',*,*,#1758,.T.);
#1758 = EDGE_CURVE('',#1726,#1759,#1761,.T.);
#1759 = VERTEX_POINT('',#1760);
#1760 = CARTESIAN_POINT('',(81.769289856699,87.097716981445,-3.1));
#1761 = SURFACE_CURVE('',#1762,(#1766,#1773),.PCURVE_S1.);
#1762 = LINE('',#1763,#1764);
#1763 = CARTESIAN_POINT('',(82.367006838145,84.867006838145,-3.1));
#1764 = VECTOR('',#1765,1.);
#1765 = DIRECTION('',(-0.258819045103,0.965925826289,0.));
#1766 = PCURVE('',#1734,#1767);
#1767 = DEFINITIONAL_REPRESENTATION('',(#1768),#1772);
#1768 = LINE('',#1769,#1770);
#1769 = CARTESIAN_POINT('',(-0.,-1.6));
#1770 = VECTOR('',#1771,1.);
#1771 = DIRECTION('',(-1.,0.));
#1772 = ( GEOMETRIC_REPRESENTATION_CONTEXT(2) 
PARAMETRIC_REPRESENTATION_CONTEXT() REPRESENTATION_CONTEXT('2D SPACE',''
  ) );
#1773 = PCURVE('',#1774,#1779);
#1774 = PLANE('',#1775);
#1775 = AXIS2_PLACEMENT_3D('',#1776,#1777,#1778);
#1776 = CARTESIAN_POINT('',(84.,86.5,-3.1));
#1777 = DIRECTION('',(-0.,-0.,1.));
#1778 = DIRECTION('',(0.707106781187,0.707106781187,0.));
#1779 = DEFINITIONAL_REPRESENTATION('',(#1780),#1784);
#1780 = LINE('',#1781,#1782);
#1781 = CARTESIAN_POINT('',(-2.309401076759,2.402508351924E-16));
#1782 = VECTOR('',#1783,1.);
#1783 = DIRECTION('',(0.5,0.866025403784));
#1784 = ( GEOMETRIC_REPRESENTATION_CONTEXT(2) 
PARAMETRIC_REPRESENTATION_CONTEXT() REPRESENTATION_CONTEXT('2D SPACE',''
  ) );
#1785 = ORIENTED_EDGE('',*,*,#1786,.F.);
#1786 = EDGE_CURVE('',#1787,#1759,#1789,.T.);
#1787 = VERTEX_POINT('',#1788);
#1788 = CARTESIAN_POINT('',(81.769289856699,87.097716981445,-1.5));
#1789 = SURFACE_CURVE('',#1790,(#1794,#1801),.PCURVE_S1.);
#1790 = LINE('',#1791,#1792);
#1791 = CARTESIAN_POINT('',(81.769289856699,87.097716981445,-1.5));
#1792 = VECTOR('',#1793,1.);
#1793 = DIRECTION('',(-0.,-0.,-1.));
#1794 = PCURVE('',#1734,#1795);
#1795 = DEFINITIONAL_REPRESENTATION('',(#1796),#1800);
#1796 = LINE('',#1797,#1798);
#1797 = CARTESIAN_POINT('',(-2.309401076759,0.));
#1798 = VECTOR('',#1799,1.);
#1799 = DIRECTION('',(-0.,-1.));
#1800 = ( GEOMETRIC_REPRESENTATION_CONTEXT(2) 
PARAMETRIC_REPRESENTATION_CONTEXT() REPRESENTATION_CONTEXT('2D SPACE',''
  ) );
#1801 = PCURVE('',#1802,#1807);
#1802 = PLANE('',#1803);
#1803 = AXIS2_PLACEMENT_3D('',#1804,#1805,#1806);
#1804 = CARTESIAN_POINT('',(81.769289856699,87.097716981445,-1.5));
#1805 = DIRECTION('',(-0.707106781187,0.707106781187,0.));
#1806 = DIRECTION('',(-0.707106781187,-0.707106781187,0.));
#1807 = DEFINITIONAL_REPRESENTATION('',(#1808),#1812);
#1808 = LINE('',#1809,#1810);
#1809 = CARTESIAN_POINT('',(-0.,0.));
#1810 = VECTOR('',#1811,1.);
#1811 = DIRECTION('',(-0.,-1.));
#1812 = ( GEOMETRIC_REPRESENTATION_CONTEXT(2) 
PARAMETRIC_REPRESENTATION_CONTEXT() REPRESENTATION_CONTEXT('2D SPACE',''
  ) );
#1813 = ORIENTED_EDGE('',*,*,#1814,.F.);
#1814 = EDGE_CURVE('',#1724,#1787,#1815,.T.);
#1815 = SURFACE_CURVE('',#1816,(#1820,#1827),.PCURVE_S1.);
#1816 = LINE('',#1817,#1818);
#1817 = CARTESIAN_POINT('',(82.367006838145,84.867006838145,-1.5));
#1818 = VECTOR('',#1819,1.);
#1819 = DIRECTION('',(-0.258819045103,0.965925826289,0.));
#1820 = PCURVE('',#1734,#1821);
#1821 = DEFINITIONAL_REPRESENTATION('',(#1822),#1826);
#1822 = LINE('',#1823,#1824);
#1823 = CARTESIAN_POINT('',(-0.,0.));
#1824 = VECTOR('',#1825,1.);
#1825 = DIRECTION('',(-1.,0.));
#1826 = ( GEOMETRIC_REPRESENTATION_CONTEXT(2) 
PARAMETRIC_REPRESENTATION_CONTEXT() REPRESENTATION_CONTEXT('2D SPACE',''
  ) );
#1827 = PCURVE('',#1828,#1833);
#1828 = PLANE('',#1829);
#1829 = AXIS2_PLACEMENT_3D('',#1830,#1831,#1832);
#1830 = CARTESIAN_POINT('',(84.,86.5,-1.5));
#1831 = DIRECTION('',(-0.,-0.,1.));
#1832 = DIRECTION('',(0.707106781187,0.707106781187,0.));
#1833 = DEFINITIONAL_REPRESENTATION('',(#1834),#1838);
#1834 = LINE('',#1835,#1836);
#1835 = CARTESIAN_POINT('',(-2.309401076759,2.402508351924E-16));
#1836 = VECTOR('',#1837,1.);
#1837 = DIRECTION('',(0.5,0.866025403784));
#1838 = ( GEOMETRIC_REPRESENTATION_CONTEXT(2) 
PARAMETRIC_REPRESENTATION_CONTEXT() REPRESENTATION_CONTEXT('2D SPACE',''
  ) );
#1839 = ADVANCED_FACE('',(#1840),#1746,.T.);
#1840 = FACE_BOUND('',#1841,.F.);
#1841 = EDGE_LOOP('',(#1842,#1872,#1893,#1894));
#1842 = ORIENTED_EDGE('',*,*,#1843,.T.);
#1843 = EDGE_CURVE('',#1844,#1846,#1848,.T.);
#1844 = VERTEX_POINT('',#1845);
#1845 = CARTESIAN_POINT('',(84.597716981445,84.269289856699,-1.5));
#1846 = VERTEX_POINT('',#1847);
#1847 = CARTESIAN_POINT('',(84.597716981445,84.269289856699,-3.1));
#1848 = SURFACE_CURVE('',#1849,(#1853,#1860),.PCURVE_S1.);
#1849 = LINE('',#1850,#1851);
#1850 = CARTESIAN_POINT('',(84.597716981445,84.269289856699,-1.5));
#1851 = VECTOR('',#1852,1.);
#1852 = DIRECTION('',(-0.,-0.,-1.));
#1853 = PCURVE('',#1746,#1854);
#1854 = DEFINITIONAL_REPRESENTATION('',(#1855),#1859);
#1855 = LINE('',#1856,#1857);
#1856 = CARTESIAN_POINT('',(-0.,0.));
#1857 = VECTOR('',#1858,1.);
#1858 = DIRECTION('',(-0.,-1.));
#1859 = ( GEOMETRIC_REPRESENTATION_CONTEXT(2) 
PARAMETRIC_REPRESENTATION_CONTEXT() REPRESENTATION_CONTEXT('2D SPACE',''
  ) );
#1860 = PCURVE('',#1861,#1866);
#1861 = PLANE('',#1862);
#1862 = AXIS2_PLACEMENT_3D('',#1863,#1864,#1865);
#1863 = CARTESIAN_POINT('',(86.230710143301,85.902283018555,-1.5));
#1864 = DIRECTION('',(0.707106781187,-0.707106781187,-0.));
#1865 = DIRECTION('',(0.707106781187,0.707106781187,0.));
#1866 = DEFINITIONAL_REPRESENTATION('',(#1867),#1871);
#1867 = LINE('',#1868,#1869);
#1868 = CARTESIAN_POINT('',(-2.309401076759,0.));
#1869 = VECTOR('',#1870,1.);
#1870 = DIRECTION('',(-0.,-1.));
#1871 = ( GEOMETRIC_REPRESENTATION_CONTEXT(2) 
PARAMETRIC_REPRESENTATION_CONTEXT() REPRESENTATION_CONTEXT('2D SPACE',''
  ) );
#1872 = ORIENTED_EDGE('',*,*,#1873,.T.);
#1873 = EDGE_CURVE('',#1846,#1726,#1874,.T.);
#1874 = SURFACE_CURVE('',#1875,(#1879,#1886),.PCURVE_S1.);
#1875 = LINE('',#1876,#1877);
#1876 = CARTESIAN_POINT('',(84.597716981445,84.269289856699,-3.1));
#1877 = VECTOR('',#1878,1.);
#1878 = DIRECTION('',(-0.965925826289,0.258819045103,0.));
#1879 = PCURVE('',#1746,#1880);
#1880 = DEFINITIONAL_REPRESENTATION('',(#1881),#1885);
#1881 = LINE('',#1882,#1883);
#1882 = CARTESIAN_POINT('',(-0.,-1.6));
#1883 = VECTOR('',#1884,1.);
#1884 = DIRECTION('',(-1.,0.));
#1885 = ( GEOMETRIC_REPRESENTATION_CONTEXT(2) 
PARAMETRIC_REPRESENTATION_CONTEXT() REPRESENTATION_CONTEXT('2D SPACE',''
  ) );
#1886 = PCURVE('',#1774,#1887);
#1887 = DEFINITIONAL_REPRESENTATION('',(#1888),#1892);
#1888 = LINE('',#1889,#1890);
#1889 = CARTESIAN_POINT('',(-1.154700538379,-2.));
#1890 = VECTOR('',#1891,1.);
#1891 = DIRECTION('',(-0.5,0.866025403784));
#1892 = ( GEOMETRIC_REPRESENTATION_CONTEXT(2) 
PARAMETRIC_REPRESENTATION_CONTEXT() REPRESENTATION_CONTEXT('2D SPACE',''
  ) );
#1893 = ORIENTED_EDGE('',*,*,#1723,.F.);
#1894 = ORIENTED_EDGE('',*,*,#1895,.F.);
#1895 = EDGE_CURVE('',#1844,#1724,#1896,.T.);
#1896 = SURFACE_CURVE('',#1897,(#1901,#1908),.PCURVE_S1.);
#1897 = LINE('',#1898,#1899);
#1898 = CARTESIAN_POINT('',(84.597716981445,84.269289856699,-1.5));
#1899 = VECTOR('',#1900,1.);
#1900 = DIRECTION('',(-0.965925826289,0.258819045103,0.));
#1901 = PCURVE('',#1746,#1902);
#1902 = DEFINITIONAL_REPRESENTATION('',(#1903),#1907);
#1903 = LINE('',#1904,#1905);
#1904 = CARTESIAN_POINT('',(-0.,0.));
#1905 = VECTOR('',#1906,1.);
#1906 = DIRECTION('',(-1.,0.));
#1907 = ( GEOMETRIC_REPRESENTATION_CONTEXT(2) 
PARAMETRIC_REPRESENTATION_CONTEXT() REPRESENTATION_CONTEXT('2D SPACE',''
  ) );
#1908 = PCURVE('',#1828,#1909);
#1909 = DEFINITIONAL_REPRESENTATION('',(#1910),#1914);
#1910 = LINE('',#1911,#1912);
#1911 = CARTESIAN_POINT('',(-1.154700538379,-2.));
#1912 = VECTOR('',#1913,1.);
#1913 = DIRECTION('',(-0.5,0.866025403784));
#1914 = ( GEOMETRIC_REPRESENTATION_CONTEXT(2) 
PARAMETRIC_REPRESENTATION_CONTEXT() REPRESENTATION_CONTEXT('2D SPACE',''
  ) );
#1915 = ADVANCED_FACE('',(#1916),#1802,.T.);
#1916 = FACE_BOUND('',#1917,.F.);
#1917 = EDGE_LOOP('',(#1918,#1919,#1942,#1970));
#1918 = ORIENTED_EDGE('',*,*,#1786,.T.);
#1919 = ORIENTED_EDGE('',*,*,#1920,.T.);
#1920 = EDGE_CURVE('',#1759,#1921,#1923,.T.);
#1921 = VERTEX_POINT('',#1922);
#1922 = CARTESIAN_POINT('',(83.402283018555,88.730710143301,-3.1));
#1923 = SURFACE_CURVE('',#1924,(#1928,#1935),.PCURVE_S1.);
#1924 = LINE('',#1925,#1926);
#1925 = CARTESIAN_POINT('',(81.769289856699,87.097716981445,-3.1));
#1926 = VECTOR('',#1927,1.);
#1927 = DIRECTION('',(0.707106781187,0.707106781187,-0.));
#1928 = PCURVE('',#1802,#1929);
#1929 = DEFINITIONAL_REPRESENTATION('',(#1930),#1934);
#1930 = LINE('',#1931,#1932);
#1931 = CARTESIAN_POINT('',(-0.,-1.6));
#1932 = VECTOR('',#1933,1.);
#1933 = DIRECTION('',(-1.,-0.));
#1934 = ( GEOMETRIC_REPRESENTATION_CONTEXT(2) 
PARAMETRIC_REPRESENTATION_CONTEXT() REPRESENTATION_CONTEXT('2D SPACE',''
  ) );
#1935 = PCURVE('',#1774,#1936);
#1936 = DEFINITIONAL_REPRESENTATION('',(#1937),#1941);
#1937 = LINE('',#1938,#1939);
#1938 = CARTESIAN_POINT('',(-1.154700538379,2.));
#1939 = VECTOR('',#1940,1.);
#1940 = DIRECTION('',(1.,1.996734617543E-16));
#1941 = ( GEOMETRIC_REPRESENTATION_CONTEXT(2) 
PARAMETRIC_REPRESENTATION_CONTEXT() REPRESENTATION_CONTEXT('2D SPACE',''
  ) );
#1942 = ORIENTED_EDGE('',*,*,#1943,.F.);
#1943 = EDGE_CURVE('',#1944,#1921,#1946,.T.);
#1944 = VERTEX_POINT('',#1945);
#1945 = CARTESIAN_POINT('',(83.402283018555,88.730710143301,-1.5));
#1946 = SURFACE_CURVE('',#1947,(#1951,#1958),.PCURVE_S1.);
#1947 = LINE('',#1948,#1949);
#1948 = CARTESIAN_POINT('',(83.402283018555,88.730710143301,-1.5));
#1949 = VECTOR('',#1950,1.);
#1950 = DIRECTION('',(-0.,-0.,-1.));
#1951 = PCURVE('',#1802,#1952);
#1952 = DEFINITIONAL_REPRESENTATION('',(#1953),#1957);
#1953 = LINE('',#1954,#1955);
#1954 = CARTESIAN_POINT('',(-2.309401076759,0.));
#1955 = VECTOR('',#1956,1.);
#1956 = DIRECTION('',(-0.,-1.));
#1957 = ( GEOMETRIC_REPRESENTATION_CONTEXT(2) 
PARAMETRIC_REPRESENTATION_CONTEXT() REPRESENTATION_CONTEXT('2D SPACE',''
  ) );
#1958 = PCURVE('',#1959,#1964);
#1959 = PLANE('',#1960);
#1960 = AXIS2_PLACEMENT_3D('',#1961,#1962,#1963);
#1961 = CARTESIAN_POINT('',(83.402283018555,88.730710143301,-1.5));
#1962 = DIRECTION('',(0.258819045103,0.965925826289,-0.));
#1963 = DIRECTION('',(-0.965925826289,0.258819045103,0.));
#1964 = DEFINITIONAL_REPRESENTATION('',(#1965),#1969);
#1965 = LINE('',#1966,#1967);
#1966 = CARTESIAN_POINT('',(-0.,0.));
#1967 = VECTOR('',#1968,1.);
#1968 = DIRECTION('',(-0.,-1.));
#1969 = ( GEOMETRIC_REPRESENTATION_CONTEXT(2) 
PARAMETRIC_REPRESENTATION_CONTEXT() REPRESENTATION_CONTEXT('2D SPACE',''
  ) );
#1970 = ORIENTED_EDGE('',*,*,#1971,.F.);
#1971 = EDGE_CURVE('',#1787,#1944,#1972,.T.);
#1972 = SURFACE_CURVE('',#1973,(#1977,#1984),.PCURVE_S1.);
#1973 = LINE('',#1974,#1975);
#1974 = CARTESIAN_POINT('',(81.769289856699,87.097716981445,-1.5));
#1975 = VECTOR('',#1976,1.);
#1976 = DIRECTION('',(0.707106781187,0.707106781187,-0.));
#1977 = PCURVE('',#1802,#1978);
#1978 = DEFINITIONAL_REPRESENTATION('',(#1979),#1983);
#1979 = LINE('',#1980,#1981);
#1980 = CARTESIAN_POINT('',(-0.,0.));
#1981 = VECTOR('',#1982,1.);
#1982 = DIRECTION('',(-1.,-0.));
#1983 = ( GEOMETRIC_REPRESENTATION_CONTEXT(2) 
PARAMETRIC_REPRESENTATION_CONTEXT() REPRESENTATION_CONTEXT('2D SPACE',''
  ) );
#1984 = PCURVE('',#1828,#1985);
#1985 = DEFINITIONAL_REPRESENTATION('',(#1986),#1990);
#1986 = LINE('',#1987,#1988);
#1987 = CARTESIAN_POINT('',(-1.154700538379,2.));
#1988 = VECTOR('',#1989,1.);
#1989 = DIRECTION('',(1.,1.996734617543E-16));
#1990 = ( GEOMETRIC_REPRESENTATION_CONTEXT(2) 
PARAMETRIC_REPRESENTATION_CONTEXT() REPRESENTATION_CONTEXT('2D SPACE',''
  ) );
#1991 = ADVANCED_FACE('',(#1992,#2069),#1828,.T.);
#1992 = FACE_BOUND('',#1993,.F.);
#1993 = EDGE_LOOP('',(#1994,#1995,#1996,#2019,#2047,#2068));
#1994 = ORIENTED_EDGE('',*,*,#1814,.T.);
#1995 = ORIENTED_EDGE('',*,*,#1971,.T.);
#1996 = ORIENTED_EDGE('',*,*,#1997,.T.);
#1997 = EDGE_CURVE('',#1944,#1998,#2000,.T.);
#1998 = VERTEX_POINT('',#1999);
#1999 = CARTESIAN_POINT('',(85.632993161855,88.132993161855,-1.5));
#2000 = SURFACE_CURVE('',#2001,(#2005,#2012),.PCURVE_S1.);
#2001 = LINE('',#2002,#2003);
#2002 = CARTESIAN_POINT('',(83.402283018555,88.730710143301,-1.5));
#2003 = VECTOR('',#2004,1.);
#2004 = DIRECTION('',(0.965925826289,-0.258819045103,-0.));
#2005 = PCURVE('',#1828,#2006);
#2006 = DEFINITIONAL_REPRESENTATION('',(#2007),#2011);
#2007 = LINE('',#2008,#2009);
#2008 = CARTESIAN_POINT('',(1.154700538379,2.));
#2009 = VECTOR('',#2010,1.);
#2010 = DIRECTION('',(0.5,-0.866025403784));
#2011 = ( GEOMETRIC_REPRESENTATION_CONTEXT(2) 
PARAMETRIC_REPRESENTATION_CONTEXT() REPRESENTATION_CONTEXT('2D SPACE',''
  ) );
#2012 = PCURVE('',#1959,#2013);
#2013 = DEFINITIONAL_REPRESENTATION('',(#2014),#2018);
#2014 = LINE('',#2015,#2016);
#2015 = CARTESIAN_POINT('',(-0.,0.));
#2016 = VECTOR('',#2017,1.);
#2017 = DIRECTION('',(-1.,0.));
#2018 = ( GEOMETRIC_REPRESENTATION_CONTEXT(2) 
PARAMETRIC_REPRESENTATION_CONTEXT() REPRESENTATION_CONTEXT('2D SPACE',''
  ) );
#2019 = ORIENTED_EDGE('',*,*,#2020,.T.);
#2020 = EDGE_CURVE('',#1998,#2021,#2023,.T.);
#2021 = VERTEX_POINT('',#2022);
#2022 = CARTESIAN_POINT('',(86.230710143301,85.902283018555,-1.5));
#2023 = SURFACE_CURVE('',#2024,(#2028,#2035),.PCURVE_S1.);
#2024 = LINE('',#2025,#2026);
#2025 = CARTESIAN_POINT('',(85.632993161855,88.132993161855,-1.5));
#2026 = VECTOR('',#2027,1.);
#2027 = DIRECTION('',(0.258819045103,-0.965925826289,-0.));
#2028 = PCURVE('',#1828,#2029);
#2029 = DEFINITIONAL_REPRESENTATION('',(#2030),#2034);
#2030 = LINE('',#2031,#2032);
#2031 = CARTESIAN_POINT('',(2.309401076759,-2.402508351924E-16));
#2032 = VECTOR('',#2033,1.);
#2033 = DIRECTION('',(-0.5,-0.866025403784));
#2034 = ( GEOMETRIC_REPRESENTATION_CONTEXT(2) 
PARAMETRIC_REPRESENTATION_CONTEXT() REPRESENTATION_CONTEXT('2D SPACE',''
  ) );
#2035 = PCURVE('',#2036,#2041);
#2036 = PLANE('',#2037);
#2037 = AXIS2_PLACEMENT_3D('',#2038,#2039,#2040);
#2038 = CARTESIAN_POINT('',(85.632993161855,88.132993161855,-1.5));
#2039 = DIRECTION('',(0.965925826289,0.258819045103,-0.));
#2040 = DIRECTION('',(-0.258819045103,0.965925826289,0.));
#2041 = DEFINITIONAL_REPRESENTATION('',(#2042),#2046);
#2042 = LINE('',#2043,#2044);
#2043 = CARTESIAN_POINT('',(-0.,0.));
#2044 = VECTOR('',#2045,1.);
#2045 = DIRECTION('',(-1.,0.));
#2046 = ( GEOMETRIC_REPRESENTATION_CONTEXT(2) 
PARAMETRIC_REPRESENTATION_CONTEXT() REPRESENTATION_CONTEXT('2D SPACE',''
  ) );
#2047 = ORIENTED_EDGE('',*,*,#2048,.T.);
#2048 = EDGE_CURVE('',#2021,#1844,#2049,.T.);
#2049 = SURFACE_CURVE('',#2050,(#2054,#2061),.PCURVE_S1.);
#2050 = LINE('',#2051,#2052);
#2051 = CARTESIAN_POINT('',(86.230710143301,85.902283018555,-1.5));
#2052 = VECTOR('',#2053,1.);
#2053 = DIRECTION('',(-0.707106781187,-0.707106781187,-0.));
#2054 = PCURVE('',#1828,#2055);
#2055 = DEFINITIONAL_REPRESENTATION('',(#2056),#2060);
#2056 = LINE('',#2057,#2058);
#2057 = CARTESIAN_POINT('',(1.154700538379,-2.));
#2058 = VECTOR('',#2059,1.);
#2059 = DIRECTION('',(-1.,-7.357365584161E-16));
#2060 = ( GEOMETRIC_REPRESENTATION_CONTEXT(2) 
PARAMETRIC_REPRESENTATION_CONTEXT() REPRESENTATION_CONTEXT('2D SPACE',''
  ) );
#2061 = PCURVE('',#1861,#2062);
#2062 = DEFINITIONAL_REPRESENTATION('',(#2063),#2067);
#2063 = LINE('',#2064,#2065);
#2064 = CARTESIAN_POINT('',(0.,-0.));
#2065 = VECTOR('',#2066,1.);
#2066 = DIRECTION('',(-1.,0.));
#2067 = ( GEOMETRIC_REPRESENTATION_CONTEXT(2) 
PARAMETRIC_REPRESENTATION_CONTEXT() REPRESENTATION_CONTEXT('2D SPACE',''
  ) );
#2068 = ORIENTED_EDGE('',*,*,#1895,.T.);
#2069 = FACE_BOUND('',#2070,.F.);
#2070 = EDGE_LOOP('',(#2071));
#2071 = ORIENTED_EDGE('',*,*,#2072,.F.);
#2072 = EDGE_CURVE('',#2073,#2073,#2075,.T.);
#2073 = VERTEX_POINT('',#2074);
#2074 = CARTESIAN_POINT('',(84.8,86.5,-1.5));
#2075 = SURFACE_CURVE('',#2076,(#2081,#2092),.PCURVE_S1.);
#2076 = CIRCLE('',#2077,0.8);
#2077 = AXIS2_PLACEMENT_3D('',#2078,#2079,#2080);
#2078 = CARTESIAN_POINT('',(84.,86.5,-1.5));
#2079 = DIRECTION('',(0.,0.,-1.));
#2080 = DIRECTION('',(1.,-0.,-0.));
#2081 = PCURVE('',#1828,#2082);
#2082 = DEFINITIONAL_REPRESENTATION('',(#2083),#2091);
#2083 = ( BOUNDED_CURVE() B_SPLINE_CURVE(2,(#2084,#2085,#2086,#2087,
#2088,#2089,#2090),.UNSPECIFIED.,.T.,.F.) B_SPLINE_CURVE_WITH_KNOTS((1,2
    ,2,2,2,1),(-2.094395102393,0.,2.094395102393,4.188790204786,
6.28318530718,8.377580409573),.UNSPECIFIED.) CURVE() 
GEOMETRIC_REPRESENTATION_ITEM() RATIONAL_B_SPLINE_CURVE((1.,0.5,1.,0.5,
1.,0.5,1.)) REPRESENTATION_ITEM('') );
#2084 = CARTESIAN_POINT('',(0.565685424949,-0.565685424949));
#2085 = CARTESIAN_POINT('',(-0.414110472164,-1.545481322063));
#2086 = CARTESIAN_POINT('',(-0.772740661031,-0.207055236082));
#2087 = CARTESIAN_POINT('',(-1.131370849898,1.131370849898));
#2088 = CARTESIAN_POINT('',(0.207055236082,0.772740661031));
#2089 = CARTESIAN_POINT('',(1.545481322063,0.414110472164));
#2090 = CARTESIAN_POINT('',(0.565685424949,-0.565685424949));
#2091 = ( GEOMETRIC_REPRESENTATION_CONTEXT(2) 
PARAMETRIC_REPRESENTATION_CONTEXT() REPRESENTATION_CONTEXT('2D SPACE',''
  ) );
#2092 = PCURVE('',#2093,#2098);
#2093 = CYLINDRICAL_SURFACE('',#2094,0.8);
#2094 = AXIS2_PLACEMENT_3D('',#2095,#2096,#2097);
#2095 = CARTESIAN_POINT('',(84.,86.5,-1.5));
#2096 = DIRECTION('',(-0.,-0.,1.));
#2097 = DIRECTION('',(1.,-0.,-0.));
#2098 = DEFINITIONAL_REPRESENTATION('',(#2099),#2103);
#2099 = LINE('',#2100,#2101);
#2100 = CARTESIAN_POINT('',(-0.,0.));
#2101 = VECTOR('',#2102,1.);
#2102 = DIRECTION('',(-1.,0.));
#2103 = ( GEOMETRIC_REPRESENTATION_CONTEXT(2) 
PARAMETRIC_REPRESENTATION_CONTEXT() REPRESENTATION_CONTEXT('2D SPACE',''
  ) );
#2104 = ADVANCED_FACE('',(#2105,#2177),#1774,.F.);
#2105 = FACE_BOUND('',#2106,.T.);
#2106 = EDGE_LOOP('',(#2107,#2108,#2109,#2132,#2155,#2176));
#2107 = ORIENTED_EDGE('',*,*,#1758,.T.);
#2108 = ORIENTED_EDGE('',*,*,#1920,.T.);
#2109 = ORIENTED_EDGE('',*,*,#2110,.T.);
#2110 = EDGE_CURVE('',#1921,#2111,#2113,.T.);
#2111 = VERTEX_POINT('',#2112);
#2112 = CARTESIAN_POINT('',(85.632993161855,88.132993161855,-3.1));
#2113 = SURFACE_CURVE('',#2114,(#2118,#2125),.PCURVE_S1.);
#2114 = LINE('',#2115,#2116);
#2115 = CARTESIAN_POINT('',(83.402283018555,88.730710143301,-3.1));
#2116 = VECTOR('',#2117,1.);
#2117 = DIRECTION('',(0.965925826289,-0.258819045103,-0.));
#2118 = PCURVE('',#1774,#2119);
#2119 = DEFINITIONAL_REPRESENTATION('',(#2120),#2124);
#2120 = LINE('',#2121,#2122);
#2121 = CARTESIAN_POINT('',(1.154700538379,2.));
#2122 = VECTOR('',#2123,1.);
#2123 = DIRECTION('',(0.5,-0.866025403784));
#2124 = ( GEOMETRIC_REPRESENTATION_CONTEXT(2) 
PARAMETRIC_REPRESENTATION_CONTEXT() REPRESENTATION_CONTEXT('2D SPACE',''
  ) );
#2125 = PCURVE('',#1959,#2126);
#2126 = DEFINITIONAL_REPRESENTATION('',(#2127),#2131);
#2127 = LINE('',#2128,#2129);
#2128 = CARTESIAN_POINT('',(-0.,-1.6));
#2129 = VECTOR('',#2130,1.);
#2130 = DIRECTION('',(-1.,0.));
#2131 = ( GEOMETRIC_REPRESENTATION_CONTEXT(2) 
PARAMETRIC_REPRESENTATION_CONTEXT() REPRESENTATION_CONTEXT('2D SPACE',''
  ) );
#2132 = ORIENTED_EDGE('',*,*,#2133,.T.);
#2133 = EDGE_CURVE('',#2111,#2134,#2136,.T.);
#2134 = VERTEX_POINT('',#2135);
#2135 = CARTESIAN_POINT('',(86.230710143301,85.902283018555,-3.1));
#2136 = SURFACE_CURVE('',#2137,(#2141,#2148),.PCURVE_S1.);
#2137 = LINE('',#2138,#2139);
#2138 = CARTESIAN_POINT('',(85.632993161855,88.132993161855,-3.1));
#2139 = VECTOR('',#2140,1.);
#2140 = DIRECTION('',(0.258819045103,-0.965925826289,-0.));
#2141 = PCURVE('',#1774,#2142);
#2142 = DEFINITIONAL_REPRESENTATION('',(#2143),#2147);
#2143 = LINE('',#2144,#2145);
#2144 = CARTESIAN_POINT('',(2.309401076759,-2.402508351924E-16));
#2145 = VECTOR('',#2146,1.);
#2146 = DIRECTION('',(-0.5,-0.866025403784));
#2147 = ( GEOMETRIC_REPRESENTATION_CONTEXT(2) 
PARAMETRIC_REPRESENTATION_CONTEXT() REPRESENTATION_CONTEXT('2D SPACE',''
  ) );
#2148 = PCURVE('',#2036,#2149);
#2149 = DEFINITIONAL_REPRESENTATION('',(#2150),#2154);
#2150 = LINE('',#2151,#2152);
#2151 = CARTESIAN_POINT('',(-0.,-1.6));
#2152 = VECTOR('',#2153,1.);
#2153 = DIRECTION('',(-1.,0.));
#2154 = ( GEOMETRIC_REPRESENTATION_CONTEXT(2) 
PARAMETRIC_REPRESENTATION_CONTEXT() REPRESENTATION_CONTEXT('2D SPACE',''
  ) );
#2155 = ORIENTED_EDGE('',*,*,#2156,.T.);
#2156 = EDGE_CURVE('',#2134,#1846,#2157,.T.);
#2157 = SURFACE_CURVE('',#2158,(#2162,#2169),.PCURVE_S1.);
#2158 = LINE('',#2159,#2160);
#2159 = CARTESIAN_POINT('',(86.230710143301,85.902283018555,-3.1));
#2160 = VECTOR('',#2161,1.);
#2161 = DIRECTION('',(-0.707106781187,-0.707106781187,-0.));
#2162 = PCURVE('',#1774,#2163);
#2163 = DEFINITIONAL_REPRESENTATION('',(#2164),#2168);
#2164 = LINE('',#2165,#2166);
#2165 = CARTESIAN_POINT('',(1.154700538379,-2.));
#2166 = VECTOR('',#2167,1.);
#2167 = DIRECTION('',(-1.,-7.357365584161E-16));
#2168 = ( GEOMETRIC_REPRESENTATION_CONTEXT(2) 
PARAMETRIC_REPRESENTATION_CONTEXT() REPRESENTATION_CONTEXT('2D SPACE',''
  ) );
#2169 = PCURVE('',#1861,#2170);
#2170 = DEFINITIONAL_REPRESENTATION('',(#2171),#2175);
#2171 = LINE('',#2172,#2173);
#2172 = CARTESIAN_POINT('',(-0.,-1.6));
#2173 = VECTOR('',#2174,1.);
#2174 = DIRECTION('',(-1.,0.));
#2175 = ( GEOMETRIC_REPRESENTATION_CONTEXT(2) 
PARAMETRIC_REPRESENTATION_CONTEXT() REPRESENTATION_CONTEXT('2D SPACE',''
  ) );
#2176 = ORIENTED_EDGE('',*,*,#1873,.T.);
#2177 = FACE_BOUND('',#2178,.T.);
#2178 = EDGE_LOOP('',(#2179));
#2179 = ORIENTED_EDGE('',*,*,#2180,.F.);
#2180 = EDGE_CURVE('',#2181,#2181,#2183,.T.);
#2181 = VERTEX_POINT('',#2182);
#2182 = CARTESIAN_POINT('',(84.8,86.5,-3.1));
#2183 = SURFACE_CURVE('',#2184,(#2189,#2200),.PCURVE_S1.);
#2184 = CIRCLE('',#2185,0.8);
#2185 = AXIS2_PLACEMENT_3D('',#2186,#2187,#2188);
#2186 = CARTESIAN_POINT('',(84.,86.5,-3.1));
#2187 = DIRECTION('',(0.,0.,-1.));
#2188 = DIRECTION('',(1.,-0.,-0.));
#2189 = PCURVE('',#1774,#2190);
#2190 = DEFINITIONAL_REPRESENTATION('',(#2191),#2199);
#2191 = ( BOUNDED_CURVE() B_SPLINE_CURVE(2,(#2192,#2193,#2194,#2195,
#2196,#2197,#2198),.UNSPECIFIED.,.T.,.F.) B_SPLINE_CURVE_WITH_KNOTS((1,2
    ,2,2,2,1),(-2.094395102393,0.,2.094395102393,4.188790204786,
6.28318530718,8.377580409573),.UNSPECIFIED.) CURVE() 
GEOMETRIC_REPRESENTATION_ITEM() RATIONAL_B_SPLINE_CURVE((1.,0.5,1.,0.5,
1.,0.5,1.)) REPRESENTATION_ITEM('') );
#2192 = CARTESIAN_POINT('',(0.565685424949,-0.565685424949));
#2193 = CARTESIAN_POINT('',(-0.414110472164,-1.545481322063));
#2194 = CARTESIAN_POINT('',(-0.772740661031,-0.207055236082));
#2195 = CARTESIAN_POINT('',(-1.131370849898,1.131370849898));
#2196 = CARTESIAN_POINT('',(0.207055236082,0.772740661031));
#2197 = CARTESIAN_POINT('',(1.545481322063,0.414110472164));
#2198 = CARTESIAN_POINT('',(0.565685424949,-0.565685424949));
#2199 = ( GEOMETRIC_REPRESENTATION_CONTEXT(2) 
PARAMETRIC_REPRESENTATION_CONTEXT() REPRESENTATION_CONTEXT('2D SPACE',''
  ) );
#2200 = PCURVE('',#2093,#2201);
#2201 = DEFINITIONAL_REPRESENTATION('',(#2202),#2206);
#2202 = LINE('',#2203,#2204);
#2203 = CARTESIAN_POINT('',(-0.,-1.6));
#2204 = VECTOR('',#2205,1.);
#2205 = DIRECTION('',(-1.,0.));
#2206 = ( GEOMETRIC_REPRESENTATION_CONTEXT(2) 
PARAMETRIC_REPRESENTATION_CONTEXT() REPRESENTATION_CONTEXT('2D SPACE',''
  ) );
#2207 = ADVANCED_FACE('',(#2208),#1861,.T.);
#2208 = FACE_BOUND('',#2209,.F.);
#2209 = EDGE_LOOP('',(#2210,#2231,#2232,#2233));
#2210 = ORIENTED_EDGE('',*,*,#2211,.T.);
#2211 = EDGE_CURVE('',#2021,#2134,#2212,.T.);
#2212 = SURFACE_CURVE('',#2213,(#2217,#2224),.PCURVE_S1.);
#2213 = LINE('',#2214,#2215);
#2214 = CARTESIAN_POINT('',(86.230710143301,85.902283018555,-1.5));
#2215 = VECTOR('',#2216,1.);
#2216 = DIRECTION('',(-0.,-0.,-1.));
#2217 = PCURVE('',#1861,#2218);
#2218 = DEFINITIONAL_REPRESENTATION('',(#2219),#2223);
#2219 = LINE('',#2220,#2221);
#2220 = CARTESIAN_POINT('',(0.,-0.));
#2221 = VECTOR('',#2222,1.);
#2222 = DIRECTION('',(-0.,-1.));
#2223 = ( GEOMETRIC_REPRESENTATION_CONTEXT(2) 
PARAMETRIC_REPRESENTATION_CONTEXT() REPRESENTATION_CONTEXT('2D SPACE',''
  ) );
#2224 = PCURVE('',#2036,#2225);
#2225 = DEFINITIONAL_REPRESENTATION('',(#2226),#2230);
#2226 = LINE('',#2227,#2228);
#2227 = CARTESIAN_POINT('',(-2.309401076759,0.));
#2228 = VECTOR('',#2229,1.);
#2229 = DIRECTION('',(-0.,-1.));
#2230 = ( GEOMETRIC_REPRESENTATION_CONTEXT(2) 
PARAMETRIC_REPRESENTATION_CONTEXT() REPRESENTATION_CONTEXT('2D SPACE',''
  ) );
#2231 = ORIENTED_EDGE('',*,*,#2156,.T.);
#2232 = ORIENTED_EDGE('',*,*,#1843,.F.);
#2233 = ORIENTED_EDGE('',*,*,#2048,.F.);
#2234 = ADVANCED_FACE('',(#2235),#1959,.T.);
#2235 = FACE_BOUND('',#2236,.F.);
#2236 = EDGE_LOOP('',(#2237,#2238,#2239,#2260));
#2237 = ORIENTED_EDGE('',*,*,#1943,.T.);
#2238 = ORIENTED_EDGE('',*,*,#2110,.T.);
#2239 = ORIENTED_EDGE('',*,*,#2240,.F.);
#2240 = EDGE_CURVE('',#1998,#2111,#2241,.T.);
#2241 = SURFACE_CURVE('',#2242,(#2246,#2253),.PCURVE_S1.);
#2242 = LINE('',#2243,#2244);
#2243 = CARTESIAN_POINT('',(85.632993161855,88.132993161855,-1.5));
#2244 = VECTOR('',#2245,1.);
#2245 = DIRECTION('',(-0.,-0.,-1.));
#2246 = PCURVE('',#1959,#2247);
#2247 = DEFINITIONAL_REPRESENTATION('',(#2248),#2252);
#2248 = LINE('',#2249,#2250);
#2249 = CARTESIAN_POINT('',(-2.309401076759,0.));
#2250 = VECTOR('',#2251,1.);
#2251 = DIRECTION('',(-0.,-1.));
#2252 = ( GEOMETRIC_REPRESENTATION_CONTEXT(2) 
PARAMETRIC_REPRESENTATION_CONTEXT() REPRESENTATION_CONTEXT('2D SPACE',''
  ) );
#2253 = PCURVE('',#2036,#2254);
#2254 = DEFINITIONAL_REPRESENTATION('',(#2255),#2259);
#2255 = LINE('',#2256,#2257);
#2256 = CARTESIAN_POINT('',(-0.,0.));
#2257 = VECTOR('',#2258,1.);
#2258 = DIRECTION('',(-0.,-1.));
#2259 = ( GEOMETRIC_REPRESENTATION_CONTEXT(2) 
PARAMETRIC_REPRESENTATION_CONTEXT() REPRESENTATION_CONTEXT('2D SPACE',''
  ) );
#2260 = ORIENTED_EDGE('',*,*,#1997,.F.);
#2261 = ADVANCED_FACE('',(#2262),#2036,.T.);
#2262 = FACE_BOUND('',#2263,.F.);
#2263 = EDGE_LOOP('',(#2264,#2265,#2266,#2267));
#2264 = ORIENTED_EDGE('',*,*,#2240,.T.);
#2265 = ORIENTED_EDGE('',*,*,#2133,.T.);
#2266 = ORIENTED_EDGE('',*,*,#2211,.F.);
#2267 = ORIENTED_EDGE('',*,*,#2020,.F.);
#2268 = ADVANCED_FACE('',(#2269),#2093,.F.);
#2269 = FACE_BOUND('',#2270,.T.);
#2270 = EDGE_LOOP('',(#2271,#2292,#2293,#2294));
#2271 = ORIENTED_EDGE('',*,*,#2272,.T.);
#2272 = EDGE_CURVE('',#2073,#2181,#2273,.T.);
#2273 = SEAM_CURVE('',#2274,(#2278,#2285),.PCURVE_S1.);
#2274 = LINE('',#2275,#2276);
#2275 = CARTESIAN_POINT('',(84.8,86.5,-1.5));
#2276 = VECTOR('',#2277,1.);
#2277 = DIRECTION('',(-0.,0.,-1.));
#2278 = PCURVE('',#2093,#2279);
#2279 = DEFINITIONAL_REPRESENTATION('',(#2280),#2284);
#2280 = LINE('',#2281,#2282);
#2281 = CARTESIAN_POINT('',(-0.,0.));
#2282 = VECTOR('',#2283,1.);
#2283 = DIRECTION('',(-0.,-1.));
#2284 = ( GEOMETRIC_REPRESENTATION_CONTEXT(2) 
PARAMETRIC_REPRESENTATION_CONTEXT() REPRESENTATION_CONTEXT('2D SPACE',''
  ) );
#2285 = PCURVE('',#2093,#2286);
#2286 = DEFINITIONAL_REPRESENTATION('',(#2287),#2291);
#2287 = LINE('',#2288,#2289);
#2288 = CARTESIAN_POINT('',(-6.28318530718,0.));
#2289 = VECTOR('',#2290,1.);
#2290 = DIRECTION('',(-0.,-1.));
#2291 = ( GEOMETRIC_REPRESENTATION_CONTEXT(2) 
PARAMETRIC_REPRESENTATION_CONTEXT() REPRESENTATION_CONTEXT('2D SPACE',''
  ) );
#2292 = ORIENTED_EDGE('',*,*,#2180,.T.);
#2293 = ORIENTED_EDGE('',*,*,#2272,.F.);
#2294 = ORIENTED_EDGE('',*,*,#2072,.F.);
#2295 = ( GEOMETRIC_REPRESENTATION_CONTEXT(3) 
GLOBAL_UNCERTAINTY_ASSIGNED_CONTEXT((#2299)) 
GLOBAL_UNIT_ASSIGNED_CONTEXT((#2296,#2297,#2298)) REPRESENTATION_CONTEXT
('Context #1','3D Context with UNIT and UNCERTAINTY') );
#2296 = ( LENGTH_UNIT() NAMED_UNIT(*) SI_UNIT(.MILLI.,.METRE.) );
#2297 = ( NAMED_UNIT(*) PLANE_ANGLE_UNIT() SI_UNIT($,.RADIAN.) );
#2298 = ( NAMED_UNIT(*) SI_UNIT($,.STERADIAN.) SOLID_ANGLE_UNIT() );
#2299 = UNCERTAINTY_MEASURE_WITH_UNIT(LENGTH_MEASURE(1.E-07),#2296,
  'distance_accuracy_value','confusion accuracy');
#2300 = CONTEXT_DEPENDENT_SHAPE_REPRESENTATION(#2301,#2303);
#2301 = ( REPRESENTATION_RELATIONSHIP('','',#1716,#10) 
REPRESENTATION_RELATIONSHIP_WITH_TRANSFORMATION(#2302) 
SHAPE_REPRESENTATION_RELATIONSHIP() );
#2302 = ITEM_DEFINED_TRANSFORMATION('','',#11,#31);
#2303 = PRODUCT_DEFINITION_SHAPE('Placement','Placement of an item',
  #2304);
#2304 = NEXT_ASSEMBLY_USAGE_OCCURRENCE('69','','',#5,#1711,$);
#2305 = PRODUCT_RELATED_PRODUCT_CATEGORY('part',$,(#1713));
#2306 = SHAPE_DEFINITION_REPRESENTATION(#2307,#2313);
#2307 = PRODUCT_DEFINITION_SHAPE('','',#2308);
#2308 = PRODUCT_DEFINITION('design','',#2309,#2312);
#2309 = PRODUCT_DEFINITION_FORMATION('','',#2310);
#2310 = PRODUCT('Open CASCADE STEP translator 7.9 33.6',
  'Open CASCADE STEP translator 7.9 33.6','',(#2311));
#2311 = PRODUCT_CONTEXT('',#2,'mechanical');
#2312 = PRODUCT_DEFINITION_CONTEXT('part definition',#2,'design');
#2313 = ADVANCED_BREP_SHAPE_REPRESENTATION('',(#11,#2314),#2518);
#2314 = MANIFOLD_SOLID_BREP('',#2315);
#2315 = CLOSED_SHELL('',(#2316,#2412,#2416,#2455,#2514));
#2316 = ADVANCED_FACE('',(#2317),#2331,.T.);
#2317 = FACE_BOUND('',#2318,.T.);
#2318 = EDGE_LOOP('',(#2319,#2349,#2380,#2381));
#2319 = ORIENTED_EDGE('',*,*,#2320,.T.);
#2320 = EDGE_CURVE('',#2321,#2323,#2325,.T.);
#2321 = VERTEX_POINT('',#2322);
#2322 = CARTESIAN_POINT('',(86.5,86.5,-12.53488400286));
#2323 = VERTEX_POINT('',#2324);
#2324 = CARTESIAN_POINT('',(86.5,86.5,-11.03488400286));
#2325 = SEAM_CURVE('',#2326,(#2330,#2342),.PCURVE_S1.);
#2326 = LINE('',#2327,#2328);
#2327 = CARTESIAN_POINT('',(86.5,86.5,-12.53488400286));
#2328 = VECTOR('',#2329,1.);
#2329 = DIRECTION('',(-0.,-0.,1.));
#2330 = PCURVE('',#2331,#2336);
#2331 = CYLINDRICAL_SURFACE('',#2332,2.5);
#2332 = AXIS2_PLACEMENT_3D('',#2333,#2334,#2335);
#2333 = CARTESIAN_POINT('',(84.,86.5,-12.53488400286));
#2334 = DIRECTION('',(-0.,0.,-1.));
#2335 = DIRECTION('',(1.,-0.,-0.));
#2336 = DEFINITIONAL_REPRESENTATION('',(#2337),#2341);
#2337 = LINE('',#2338,#2339);
#2338 = CARTESIAN_POINT('',(0.,0.));
#2339 = VECTOR('',#2340,1.);
#2340 = DIRECTION('',(0.,-1.));
#2341 = ( GEOMETRIC_REPRESENTATION_CONTEXT(2) 
PARAMETRIC_REPRESENTATION_CONTEXT() REPRESENTATION_CONTEXT('2D SPACE',''
  ) );
#2342 = PCURVE('',#2331,#2343);
#2343 = DEFINITIONAL_REPRESENTATION('',(#2344),#2348);
#2344 = LINE('',#2345,#2346);
#2345 = CARTESIAN_POINT('',(6.28318530718,0.));
#2346 = VECTOR('',#2347,1.);
#2347 = DIRECTION('',(0.,-1.));
#2348 = ( GEOMETRIC_REPRESENTATION_CONTEXT(2) 
PARAMETRIC_REPRESENTATION_CONTEXT() REPRESENTATION_CONTEXT('2D SPACE',''
  ) );
#2349 = ORIENTED_EDGE('',*,*,#2350,.T.);
#2350 = EDGE_CURVE('',#2323,#2323,#2351,.T.);
#2351 = SURFACE_CURVE('',#2352,(#2357,#2364),.PCURVE_S1.);
#2352 = CIRCLE('',#2353,2.5);
#2353 = AXIS2_PLACEMENT_3D('',#2354,#2355,#2356);
#2354 = CARTESIAN_POINT('',(84.,86.5,-11.03488400286));
#2355 = DIRECTION('',(0.,0.,-1.));
#2356 = DIRECTION('',(1.,-0.,-0.));
#2357 = PCURVE('',#2331,#2358);
#2358 = DEFINITIONAL_REPRESENTATION('',(#2359),#2363);
#2359 = LINE('',#2360,#2361);
#2360 = CARTESIAN_POINT('',(0.,-1.5));
#2361 = VECTOR('',#2362,1.);
#2362 = DIRECTION('',(1.,0.));
#2363 = ( GEOMETRIC_REPRESENTATION_CONTEXT(2) 
PARAMETRIC_REPRESENTATION_CONTEXT() REPRESENTATION_CONTEXT('2D SPACE',''
  ) );
#2364 = PCURVE('',#2365,#2370);
#2365 = PLANE('',#2366);
#2366 = AXIS2_PLACEMENT_3D('',#2367,#2368,#2369);
#2367 = CARTESIAN_POINT('',(84.,86.5,-11.03488400286));
#2368 = DIRECTION('',(-0.,-0.,1.));
#2369 = DIRECTION('',(-1.,0.,0.));
#2370 = DEFINITIONAL_REPRESENTATION('',(#2371),#2379);
#2371 = ( BOUNDED_CURVE() B_SPLINE_CURVE(2,(#2372,#2373,#2374,#2375,
#2376,#2377,#2378),.UNSPECIFIED.,.T.,.F.) B_SPLINE_CURVE_WITH_KNOTS((1,2
    ,2,2,2,1),(-2.094395102393,0.,2.094395102393,4.188790204786,
6.28318530718,8.377580409573),.UNSPECIFIED.) CURVE() 
GEOMETRIC_REPRESENTATION_ITEM() RATIONAL_B_SPLINE_CURVE((1.,0.5,1.,0.5,
1.,0.5,1.)) REPRESENTATION_ITEM('') );
#2372 = CARTESIAN_POINT('',(-2.5,0.));
#2373 = CARTESIAN_POINT('',(-2.5,4.330127018922));
#2374 = CARTESIAN_POINT('',(1.25,2.165063509461));
#2375 = CARTESIAN_POINT('',(5.,6.123233995737E-16));
#2376 = CARTESIAN_POINT('',(1.25,-2.165063509461));
#2377 = CARTESIAN_POINT('',(-2.5,-4.330127018922));
#2378 = CARTESIAN_POINT('',(-2.5,0.));
#2379 = ( GEOMETRIC_REPRESENTATION_CONTEXT(2) 
PARAMETRIC_REPRESENTATION_CONTEXT() REPRESENTATION_CONTEXT('2D SPACE',''
  ) );
#2380 = ORIENTED_EDGE('',*,*,#2320,.F.);
#2381 = ORIENTED_EDGE('',*,*,#2382,.F.);
#2382 = EDGE_CURVE('',#2321,#2321,#2383,.T.);
#2383 = SURFACE_CURVE('',#2384,(#2389,#2396),.PCURVE_S1.);
#2384 = CIRCLE('',#2385,2.5);
#2385 = AXIS2_PLACEMENT_3D('',#2386,#2387,#2388);
#2386 = CARTESIAN_POINT('',(84.,86.5,-12.53488400286));
#2387 = DIRECTION('',(0.,0.,-1.));
#2388 = DIRECTION('',(1.,-0.,-0.));
#2389 = PCURVE('',#2331,#2390);
#2390 = DEFINITIONAL_REPRESENTATION('',(#2391),#2395);
#2391 = LINE('',#2392,#2393);
#2392 = CARTESIAN_POINT('',(0.,0.));
#2393 = VECTOR('',#2394,1.);
#2394 = DIRECTION('',(1.,0.));
#2395 = ( GEOMETRIC_REPRESENTATION_CONTEXT(2) 
PARAMETRIC_REPRESENTATION_CONTEXT() REPRESENTATION_CONTEXT('2D SPACE',''
  ) );
#2396 = PCURVE('',#2397,#2402);
#2397 = PLANE('',#2398);
#2398 = AXIS2_PLACEMENT_3D('',#2399,#2400,#2401);
#2399 = CARTESIAN_POINT('',(84.,86.5,-12.53488400286));
#2400 = DIRECTION('',(-0.,-0.,1.));
#2401 = DIRECTION('',(-1.,0.,0.));
#2402 = DEFINITIONAL_REPRESENTATION('',(#2403),#2411);
#2403 = ( BOUNDED_CURVE() B_SPLINE_CURVE(2,(#2404,#2405,#2406,#2407,
#2408,#2409,#2410),.UNSPECIFIED.,.T.,.F.) B_SPLINE_CURVE_WITH_KNOTS((1,2
    ,2,2,2,1),(-2.094395102393,0.,2.094395102393,4.188790204786,
6.28318530718,8.377580409573),.UNSPECIFIED.) CURVE() 
GEOMETRIC_REPRESENTATION_ITEM() RATIONAL_B_SPLINE_CURVE((1.,0.5,1.,0.5,
1.,0.5,1.)) REPRESENTATION_ITEM('') );
#2404 = CARTESIAN_POINT('',(-2.5,0.));
#2405 = CARTESIAN_POINT('',(-2.5,4.330127018922));
#2406 = CARTESIAN_POINT('',(1.25,2.165063509461));
#2407 = CARTESIAN_POINT('',(5.,6.123233995737E-16));
#2408 = CARTESIAN_POINT('',(1.25,-2.165063509461));
#2409 = CARTESIAN_POINT('',(-2.5,-4.330127018922));
#2410 = CARTESIAN_POINT('',(-2.5,0.));
#2411 = ( GEOMETRIC_REPRESENTATION_CONTEXT(2) 
PARAMETRIC_REPRESENTATION_CONTEXT() REPRESENTATION_CONTEXT('2D SPACE',''
  ) );
#2412 = ADVANCED_FACE('',(#2413),#2397,.F.);
#2413 = FACE_BOUND('',#2414,.T.);
#2414 = EDGE_LOOP('',(#2415));
#2415 = ORIENTED_EDGE('',*,*,#2382,.T.);
#2416 = ADVANCED_FACE('',(#2417,#2420),#2365,.T.);
#2417 = FACE_BOUND('',#2418,.F.);
#2418 = EDGE_LOOP('',(#2419));
#2419 = ORIENTED_EDGE('',*,*,#2350,.T.);
#2420 = FACE_BOUND('',#2421,.F.);
#2421 = EDGE_LOOP('',(#2422));
#2422 = ORIENTED_EDGE('',*,*,#2423,.F.);
#2423 = EDGE_CURVE('',#2424,#2424,#2426,.T.);
#2424 = VERTEX_POINT('',#2425);
#2425 = CARTESIAN_POINT('',(85.,86.5,-11.03488400286));
#2426 = SURFACE_CURVE('',#2427,(#2432,#2443),.PCURVE_S1.);
#2427 = CIRCLE('',#2428,1.);
#2428 = AXIS2_PLACEMENT_3D('',#2429,#2430,#2431);
#2429 = CARTESIAN_POINT('',(84.,86.5,-11.03488400286));
#2430 = DIRECTION('',(0.,0.,-1.));
#2431 = DIRECTION('',(1.,-0.,-0.));
#2432 = PCURVE('',#2365,#2433);
#2433 = DEFINITIONAL_REPRESENTATION('',(#2434),#2442);
#2434 = ( BOUNDED_CURVE() B_SPLINE_CURVE(2,(#2435,#2436,#2437,#2438,
#2439,#2440,#2441),.UNSPECIFIED.,.T.,.F.) B_SPLINE_CURVE_WITH_KNOTS((1,2
    ,2,2,2,1),(-2.094395102393,0.,2.094395102393,4.188790204786,
6.28318530718,8.377580409573),.UNSPECIFIED.) CURVE() 
GEOMETRIC_REPRESENTATION_ITEM() RATIONAL_B_SPLINE_CURVE((1.,0.5,1.,0.5,
1.,0.5,1.)) REPRESENTATION_ITEM('') );
#2435 = CARTESIAN_POINT('',(-1.,0.));
#2436 = CARTESIAN_POINT('',(-1.,1.732050807569));
#2437 = CARTESIAN_POINT('',(0.5,0.866025403784));
#2438 = CARTESIAN_POINT('',(2.,2.449293598295E-16));
#2439 = CARTESIAN_POINT('',(0.5,-0.866025403784));
#2440 = CARTESIAN_POINT('',(-1.,-1.732050807569));
#2441 = CARTESIAN_POINT('',(-1.,0.));
#2442 = ( GEOMETRIC_REPRESENTATION_CONTEXT(2) 
PARAMETRIC_REPRESENTATION_CONTEXT() REPRESENTATION_CONTEXT('2D SPACE',''
  ) );
#2443 = PCURVE('',#2444,#2449);
#2444 = CYLINDRICAL_SURFACE('',#2445,1.);
#2445 = AXIS2_PLACEMENT_3D('',#2446,#2447,#2448);
#2446 = CARTESIAN_POINT('',(84.,86.5,-11.03488400286));
#2447 = DIRECTION('',(-0.,0.,-1.));
#2448 = DIRECTION('',(1.,-0.,-0.));
#2449 = DEFINITIONAL_REPRESENTATION('',(#2450),#2454);
#2450 = LINE('',#2451,#2452);
#2451 = CARTESIAN_POINT('',(0.,0.));
#2452 = VECTOR('',#2453,1.);
#2453 = DIRECTION('',(1.,0.));
#2454 = ( GEOMETRIC_REPRESENTATION_CONTEXT(2) 
PARAMETRIC_REPRESENTATION_CONTEXT() REPRESENTATION_CONTEXT('2D SPACE',''
  ) );
#2455 = ADVANCED_FACE('',(#2456),#2444,.T.);
#2456 = FACE_BOUND('',#2457,.T.);
#2457 = EDGE_LOOP('',(#2458,#2481,#2512,#2513));
#2458 = ORIENTED_EDGE('',*,*,#2459,.T.);
#2459 = EDGE_CURVE('',#2424,#2460,#2462,.T.);
#2460 = VERTEX_POINT('',#2461);
#2461 = CARTESIAN_POINT('',(85.,86.5,-1.034884002869));
#2462 = SEAM_CURVE('',#2463,(#2467,#2474),.PCURVE_S1.);
#2463 = LINE('',#2464,#2465);
#2464 = CARTESIAN_POINT('',(85.,86.5,-11.03488400286));
#2465 = VECTOR('',#2466,1.);
#2466 = DIRECTION('',(-0.,-0.,1.));
#2467 = PCURVE('',#2444,#2468);
#2468 = DEFINITIONAL_REPRESENTATION('',(#2469),#2473);
#2469 = LINE('',#2470,#2471);
#2470 = CARTESIAN_POINT('',(0.,0.));
#2471 = VECTOR('',#2472,1.);
#2472 = DIRECTION('',(0.,-1.));
#2473 = ( GEOMETRIC_REPRESENTATION_CONTEXT(2) 
PARAMETRIC_REPRESENTATION_CONTEXT() REPRESENTATION_CONTEXT('2D SPACE',''
  ) );
#2474 = PCURVE('',#2444,#2475);
#2475 = DEFINITIONAL_REPRESENTATION('',(#2476),#2480);
#2476 = LINE('',#2477,#2478);
#2477 = CARTESIAN_POINT('',(6.28318530718,0.));
#2478 = VECTOR('',#2479,1.);
#2479 = DIRECTION('',(0.,-1.));
#2480 = ( GEOMETRIC_REPRESENTATION_CONTEXT(2) 
PARAMETRIC_REPRESENTATION_CONTEXT() REPRESENTATION_CONTEXT('2D SPACE',''
  ) );
#2481 = ORIENTED_EDGE('',*,*,#2482,.T.);
#2482 = EDGE_CURVE('',#2460,#2460,#2483,.T.);
#2483 = SURFACE_CURVE('',#2484,(#2489,#2496),.PCURVE_S1.);
#2484 = CIRCLE('',#2485,1.);
#2485 = AXIS2_PLACEMENT_3D('',#2486,#2487,#2488);
#2486 = CARTESIAN_POINT('',(84.,86.5,-1.034884002869));
#2487 = DIRECTION('',(0.,0.,-1.));
#2488 = DIRECTION('',(1.,-0.,-0.));
#2489 = PCURVE('',#2444,#2490);
#2490 = DEFINITIONAL_REPRESENTATION('',(#2491),#2495);
#2491 = LINE('',#2492,#2493);
#2492 = CARTESIAN_POINT('',(0.,-10.));
#2493 = VECTOR('',#2494,1.);
#2494 = DIRECTION('',(1.,0.));
#2495 = ( GEOMETRIC_REPRESENTATION_CONTEXT(2) 
PARAMETRIC_REPRESENTATION_CONTEXT() REPRESENTATION_CONTEXT('2D SPACE',''
  ) );
#2496 = PCURVE('',#2497,#2502);
#2497 = PLANE('',#2498);
#2498 = AXIS2_PLACEMENT_3D('',#2499,#2500,#2501);
#2499 = CARTESIAN_POINT('',(84.,86.5,-1.034884002869));
#2500 = DIRECTION('',(-0.,-0.,1.));
#2501 = DIRECTION('',(-1.,0.,0.));
#2502 = DEFINITIONAL_REPRESENTATION('',(#2503),#2511);
#2503 = ( BOUNDED_CURVE() B_SPLINE_CURVE(2,(#2504,#2505,#2506,#2507,
#2508,#2509,#2510),.UNSPECIFIED.,.T.,.F.) B_SPLINE_CURVE_WITH_KNOTS((1,2
    ,2,2,2,1),(-2.094395102393,0.,2.094395102393,4.188790204786,
6.28318530718,8.377580409573),.UNSPECIFIED.) CURVE() 
GEOMETRIC_REPRESENTATION_ITEM() RATIONAL_B_SPLINE_CURVE((1.,0.5,1.,0.5,
1.,0.5,1.)) REPRESENTATION_ITEM('') );
#2504 = CARTESIAN_POINT('',(-1.,0.));
#2505 = CARTESIAN_POINT('',(-1.,1.732050807569));
#2506 = CARTESIAN_POINT('',(0.5,0.866025403784));
#2507 = CARTESIAN_POINT('',(2.,2.449293598295E-16));
#2508 = CARTESIAN_POINT('',(0.5,-0.866025403784));
#2509 = CARTESIAN_POINT('',(-1.,-1.732050807569));
#2510 = CARTESIAN_POINT('',(-1.,0.));
#2511 = ( GEOMETRIC_REPRESENTATION_CONTEXT(2) 
PARAMETRIC_REPRESENTATION_CONTEXT() REPRESENTATION_CONTEXT('2D SPACE',''
  ) );
#2512 = ORIENTED_EDGE('',*,*,#2459,.F.);
#2513 = ORIENTED_EDGE('',*,*,#2423,.F.);
#2514 = ADVANCED_FACE('',(#2515),#2497,.T.);
#2515 = FACE_BOUND('',#2516,.F.);
#2516 = EDGE_LOOP('',(#2517));
#2517 = ORIENTED_EDGE('',*,*,#2482,.T.);
#2518 = ( GEOMETRIC_REPRESENTATION_CONTEXT(3) 
GLOBAL_UNCERTAINTY_ASSIGNED_CONTEXT((#2522)) 
GLOBAL_UNIT_ASSIGNED_CONTEXT((#2519,#2520,#2521)) REPRESENTATION_CONTEXT
('Context #1','3D Context with UNIT and UNCERTAINTY') );
#2519 = ( LENGTH_UNIT() NAMED_UNIT(*) SI_UNIT(.MILLI.,.METRE.) );
#2520 = ( NAMED_UNIT(*) PLANE_ANGLE_UNIT() SI_UNIT($,.RADIAN.) );
#2521 = ( NAMED_UNIT(*) SI_UNIT($,.STERADIAN.) SOLID_ANGLE_UNIT() );
#2522 = UNCERTAINTY_MEASURE_WITH_UNIT(LENGTH_MEASURE(1.E-07),#2519,
  'distance_accuracy_value','confusion accuracy');
#2523 = CONTEXT_DEPENDENT_SHAPE_REPRESENTATION(#2524,#2526);
#2524 = ( REPRESENTATION_RELATIONSHIP('','',#2313,#10) 
REPRESENTATION_RELATIONSHIP_WITH_TRANSFORMATION(#2525) 
SHAPE_REPRESENTATION_RELATIONSHIP() );
#2525 = ITEM_DEFINED_TRANSFORMATION('','',#11,#35);
#2526 = PRODUCT_DEFINITION_SHAPE('Placement','Placement of an item',
  #2527);
#2527 = NEXT_ASSEMBLY_USAGE_OCCURRENCE('70','','',#5,#2308,$);
#2528 = PRODUCT_RELATED_PRODUCT_CATEGORY('part',$,(#2310));
#2529 = SHAPE_DEFINITION_REPRESENTATION(#2530,#2536);
#2530 = PRODUCT_DEFINITION_SHAPE('','',#2531);
#2531 = PRODUCT_DEFINITION('design','',#2532,#2535);
#2532 = PRODUCT_DEFINITION_FORMATION('','',#2533);
#2533 = PRODUCT('Open CASCADE STEP translator 7.9 33.7',
  'Open CASCADE STEP translator 7.9 33.7','',(#2534));
#2534 = PRODUCT_CONTEXT('',#2,'mechanical');
#2535 = PRODUCT_DEFINITION_CONTEXT('part definition',#2,'design');
#2536 = ADVANCED_BREP_SHAPE_REPRESENTATION('',(#11,#2537),#3115);
#2537 = MANIFOLD_SOLID_BREP('',#2538);
#2538 = CLOSED_SHELL('',(#2539,#2659,#2735,#2811,#2924,#3027,#3054,#3081
    ,#3088));
#2539 = ADVANCED_FACE('',(#2540),#2554,.T.);
#2540 = FACE_BOUND('',#2541,.F.);
#2541 = EDGE_LOOP('',(#2542,#2577,#2605,#2633));
#2542 = ORIENTED_EDGE('',*,*,#2543,.T.);
#2543 = EDGE_CURVE('',#2544,#2546,#2548,.T.);
#2544 = VERTEX_POINT('',#2545);
#2545 = CARTESIAN_POINT('',(82.367006838145,46.132993161855,-1.5));
#2546 = VERTEX_POINT('',#2547);
#2547 = CARTESIAN_POINT('',(82.367006838145,46.132993161855,-3.1));
#2548 = SURFACE_CURVE('',#2549,(#2553,#2565),.PCURVE_S1.);
#2549 = LINE('',#2550,#2551);
#2550 = CARTESIAN_POINT('',(82.367006838145,46.132993161855,-1.5));
#2551 = VECTOR('',#2552,1.);
#2552 = DIRECTION('',(-0.,-0.,-1.));
#2553 = PCURVE('',#2554,#2559);
#2554 = PLANE('',#2555);
#2555 = AXIS2_PLACEMENT_3D('',#2556,#2557,#2558);
#2556 = CARTESIAN_POINT('',(82.367006838145,46.132993161855,-1.5));
#2557 = DIRECTION('',(-0.258819045103,0.965925826289,0.));
#2558 = DIRECTION('',(-0.965925826289,-0.258819045103,0.));
#2559 = DEFINITIONAL_REPRESENTATION('',(#2560),#2564);
#2560 = LINE('',#2561,#2562);
#2561 = CARTESIAN_POINT('',(-0.,0.));
#2562 = VECTOR('',#2563,1.);
#2563 = DIRECTION('',(-0.,-1.));
#2564 = ( GEOMETRIC_REPRESENTATION_CONTEXT(2) 
PARAMETRIC_REPRESENTATION_CONTEXT() REPRESENTATION_CONTEXT('2D SPACE',''
  ) );
#2565 = PCURVE('',#2566,#2571);
#2566 = PLANE('',#2567);
#2567 = AXIS2_PLACEMENT_3D('',#2568,#2569,#2570);
#2568 = CARTESIAN_POINT('',(81.769289856699,43.902283018555,-1.5));
#2569 = DIRECTION('',(-0.965925826289,0.258819045103,0.));
#2570 = DIRECTION('',(-0.258819045103,-0.965925826289,0.));
#2571 = DEFINITIONAL_REPRESENTATION('',(#2572),#2576);
#2572 = LINE('',#2573,#2574);
#2573 = CARTESIAN_POINT('',(-2.309401076759,0.));
#2574 = VECTOR('',#2575,1.);
#2575 = DIRECTION('',(-0.,-1.));
#2576 = ( GEOMETRIC_REPRESENTATION_CONTEXT(2) 
PARAMETRIC_REPRESENTATION_CONTEXT() REPRESENTATION_CONTEXT('2D SPACE',''
  ) );
#2577 = ORIENTED_EDGE('',*,*,#2578,.T.);
#2578 = EDGE_CURVE('',#2546,#2579,#2581,.T.);
#2579 = VERTEX_POINT('',#2580);
#2580 = CARTESIAN_POINT('',(84.597716981445,46.730710143301,-3.1));
#2581 = SURFACE_CURVE('',#2582,(#2586,#2593),.PCURVE_S1.);
#2582 = LINE('',#2583,#2584);
#2583 = CARTESIAN_POINT('',(82.367006838145,46.132993161855,-3.1));
#2584 = VECTOR('',#2585,1.);
#2585 = DIRECTION('',(0.965925826289,0.258819045103,-0.));
#2586 = PCURVE('',#2554,#2587);
#2587 = DEFINITIONAL_REPRESENTATION('',(#2588),#2592);
#2588 = LINE('',#2589,#2590);
#2589 = CARTESIAN_POINT('',(-0.,-1.6));
#2590 = VECTOR('',#2591,1.);
#2591 = DIRECTION('',(-1.,0.));
#2592 = ( GEOMETRIC_REPRESENTATION_CONTEXT(2) 
PARAMETRIC_REPRESENTATION_CONTEXT() REPRESENTATION_CONTEXT('2D SPACE',''
  ) );
#2593 = PCURVE('',#2594,#2599);
#2594 = PLANE('',#2595);
#2595 = AXIS2_PLACEMENT_3D('',#2596,#2597,#2598);
#2596 = CARTESIAN_POINT('',(84.,44.5,-3.1));
#2597 = DIRECTION('',(-0.,-0.,1.));
#2598 = DIRECTION('',(0.707106781187,-0.707106781187,-0.));
#2599 = DEFINITIONAL_REPRESENTATION('',(#2600),#2604);
#2600 = LINE('',#2601,#2602);
#2601 = CARTESIAN_POINT('',(-2.309401076759,-2.402508351924E-16));
#2602 = VECTOR('',#2603,1.);
#2603 = DIRECTION('',(0.5,0.866025403784));
#2604 = ( GEOMETRIC_REPRESENTATION_CONTEXT(2) 
PARAMETRIC_REPRESENTATION_CONTEXT() REPRESENTATION_CONTEXT('2D SPACE',''
  ) );
#2605 = ORIENTED_EDGE('',*,*,#2606,.F.);
#2606 = EDGE_CURVE('',#2607,#2579,#2609,.T.);
#2607 = VERTEX_POINT('',#2608);
#2608 = CARTESIAN_POINT('',(84.597716981445,46.730710143301,-1.5));
#2609 = SURFACE_CURVE('',#2610,(#2614,#2621),.PCURVE_S1.);
#2610 = LINE('',#2611,#2612);
#2611 = CARTESIAN_POINT('',(84.597716981445,46.730710143301,-1.5));
#2612 = VECTOR('',#2613,1.);
#2613 = DIRECTION('',(-0.,-0.,-1.));
#2614 = PCURVE('',#2554,#2615);
#2615 = DEFINITIONAL_REPRESENTATION('',(#2616),#2620);
#2616 = LINE('',#2617,#2618);
#2617 = CARTESIAN_POINT('',(-2.309401076759,0.));
#2618 = VECTOR('',#2619,1.);
#2619 = DIRECTION('',(-0.,-1.));
#2620 = ( GEOMETRIC_REPRESENTATION_CONTEXT(2) 
PARAMETRIC_REPRESENTATION_CONTEXT() REPRESENTATION_CONTEXT('2D SPACE',''
  ) );
#2621 = PCURVE('',#2622,#2627);
#2622 = PLANE('',#2623);
#2623 = AXIS2_PLACEMENT_3D('',#2624,#2625,#2626);
#2624 = CARTESIAN_POINT('',(84.597716981445,46.730710143301,-1.5));
#2625 = DIRECTION('',(0.707106781187,0.707106781187,-0.));
#2626 = DIRECTION('',(-0.707106781187,0.707106781187,0.));
#2627 = DEFINITIONAL_REPRESENTATION('',(#2628),#2632);
#2628 = LINE('',#2629,#2630);
#2629 = CARTESIAN_POINT('',(-0.,0.));
#2630 = VECTOR('',#2631,1.);
#2631 = DIRECTION('',(-0.,-1.));
#2632 = ( GEOMETRIC_REPRESENTATION_CONTEXT(2) 
PARAMETRIC_REPRESENTATION_CONTEXT() REPRESENTATION_CONTEXT('2D SPACE',''
  ) );
#2633 = ORIENTED_EDGE('',*,*,#2634,.F.);
#2634 = EDGE_CURVE('',#2544,#2607,#2635,.T.);
#2635 = SURFACE_CURVE('',#2636,(#2640,#2647),.PCURVE_S1.);
#2636 = LINE('',#2637,#2638);
#2637 = CARTESIAN_POINT('',(82.367006838145,46.132993161855,-1.5));
#2638 = VECTOR('',#2639,1.);
#2639 = DIRECTION('',(0.965925826289,0.258819045103,-0.));
#2640 = PCURVE('',#2554,#2641);
#2641 = DEFINITIONAL_REPRESENTATION('',(#2642),#2646);
#2642 = LINE('',#2643,#2644);
#2643 = CARTESIAN_POINT('',(-0.,0.));
#2644 = VECTOR('',#2645,1.);
#2645 = DIRECTION('',(-1.,0.));
#2646 = ( GEOMETRIC_REPRESENTATION_CONTEXT(2) 
PARAMETRIC_REPRESENTATION_CONTEXT() REPRESENTATION_CONTEXT('2D SPACE',''
  ) );
#2647 = PCURVE('',#2648,#2653);
#2648 = PLANE('',#2649);
#2649 = AXIS2_PLACEMENT_3D('',#2650,#2651,#2652);
#2650 = CARTESIAN_POINT('',(84.,44.5,-1.5));
#2651 = DIRECTION('',(-0.,-0.,1.));
#2652 = DIRECTION('',(0.707106781187,-0.707106781187,-0.));
#2653 = DEFINITIONAL_REPRESENTATION('',(#2654),#2658);
#2654 = LINE('',#2655,#2656);
#2655 = CARTESIAN_POINT('',(-2.309401076759,-2.402508351924E-16));
#2656 = VECTOR('',#2657,1.);
#2657 = DIRECTION('',(0.5,0.866025403784));
#2658 = ( GEOMETRIC_REPRESENTATION_CONTEXT(2) 
PARAMETRIC_REPRESENTATION_CONTEXT() REPRESENTATION_CONTEXT('2D SPACE',''
  ) );
#2659 = ADVANCED_FACE('',(#2660),#2566,.T.);
#2660 = FACE_BOUND('',#2661,.F.);
#2661 = EDGE_LOOP('',(#2662,#2692,#2713,#2714));
#2662 = ORIENTED_EDGE('',*,*,#2663,.T.);
#2663 = EDGE_CURVE('',#2664,#2666,#2668,.T.);
#2664 = VERTEX_POINT('',#2665);
#2665 = CARTESIAN_POINT('',(81.769289856699,43.902283018555,-1.5));
#2666 = VERTEX_POINT('',#2667);
#2667 = CARTESIAN_POINT('',(81.769289856699,43.902283018555,-3.1));
#2668 = SURFACE_CURVE('',#2669,(#2673,#2680),.PCURVE_S1.);
#2669 = LINE('',#2670,#2671);
#2670 = CARTESIAN_POINT('',(81.769289856699,43.902283018555,-1.5));
#2671 = VECTOR('',#2672,1.);
#2672 = DIRECTION('',(-0.,-0.,-1.));
#2673 = PCURVE('',#2566,#2674);
#2674 = DEFINITIONAL_REPRESENTATION('',(#2675),#2679);
#2675 = LINE('',#2676,#2677);
#2676 = CARTESIAN_POINT('',(-0.,0.));
#2677 = VECTOR('',#2678,1.);
#2678 = DIRECTION('',(-0.,-1.));
#2679 = ( GEOMETRIC_REPRESENTATION_CONTEXT(2) 
PARAMETRIC_REPRESENTATION_CONTEXT() REPRESENTATION_CONTEXT('2D SPACE',''
  ) );
#2680 = PCURVE('',#2681,#2686);
#2681 = PLANE('',#2682);
#2682 = AXIS2_PLACEMENT_3D('',#2683,#2684,#2685);
#2683 = CARTESIAN_POINT('',(83.402283018555,42.269289856699,-1.5));
#2684 = DIRECTION('',(-0.707106781187,-0.707106781187,-0.));
#2685 = DIRECTION('',(0.707106781187,-0.707106781187,-0.));
#2686 = DEFINITIONAL_REPRESENTATION('',(#2687),#2691);
#2687 = LINE('',#2688,#2689);
#2688 = CARTESIAN_POINT('',(-2.309401076758,0.));
#2689 = VECTOR('',#2690,1.);
#2690 = DIRECTION('',(-0.,-1.));
#2691 = ( GEOMETRIC_REPRESENTATION_CONTEXT(2) 
PARAMETRIC_REPRESENTATION_CONTEXT() REPRESENTATION_CONTEXT('2D SPACE',''
  ) );
#2692 = ORIENTED_EDGE('',*,*,#2693,.T.);
#2693 = EDGE_CURVE('',#2666,#2546,#2694,.T.);
#2694 = SURFACE_CURVE('',#2695,(#2699,#2706),.PCURVE_S1.);
#2695 = LINE('',#2696,#2697);
#2696 = CARTESIAN_POINT('',(81.769289856699,43.902283018555,-3.1));
#2697 = VECTOR('',#2698,1.);
#2698 = DIRECTION('',(0.258819045103,0.965925826289,-0.));
#2699 = PCURVE('',#2566,#2700);
#2700 = DEFINITIONAL_REPRESENTATION('',(#2701),#2705);
#2701 = LINE('',#2702,#2703);
#2702 = CARTESIAN_POINT('',(-0.,-1.6));
#2703 = VECTOR('',#2704,1.);
#2704 = DIRECTION('',(-1.,-0.));
#2705 = ( GEOMETRIC_REPRESENTATION_CONTEXT(2) 
PARAMETRIC_REPRESENTATION_CONTEXT() REPRESENTATION_CONTEXT('2D SPACE',''
  ) );
#2706 = PCURVE('',#2594,#2707);
#2707 = DEFINITIONAL_REPRESENTATION('',(#2708),#2712);
#2708 = LINE('',#2709,#2710);
#2709 = CARTESIAN_POINT('',(-1.154700538379,-2.));
#2710 = VECTOR('',#2711,1.);
#2711 = DIRECTION('',(-0.5,0.866025403784));
#2712 = ( GEOMETRIC_REPRESENTATION_CONTEXT(2) 
PARAMETRIC_REPRESENTATION_CONTEXT() REPRESENTATION_CONTEXT('2D SPACE',''
  ) );
#2713 = ORIENTED_EDGE('',*,*,#2543,.F.);
#2714 = ORIENTED_EDGE('',*,*,#2715,.F.);
#2715 = EDGE_CURVE('',#2664,#2544,#2716,.T.);
#2716 = SURFACE_CURVE('',#2717,(#2721,#2728),.PCURVE_S1.);
#2717 = LINE('',#2718,#2719);
#2718 = CARTESIAN_POINT('',(81.769289856699,43.902283018555,-1.5));
#2719 = VECTOR('',#2720,1.);
#2720 = DIRECTION('',(0.258819045103,0.965925826289,-0.));
#2721 = PCURVE('',#2566,#2722);
#2722 = DEFINITIONAL_REPRESENTATION('',(#2723),#2727);
#2723 = LINE('',#2724,#2725);
#2724 = CARTESIAN_POINT('',(-0.,0.));
#2725 = VECTOR('',#2726,1.);
#2726 = DIRECTION('',(-1.,-0.));
#2727 = ( GEOMETRIC_REPRESENTATION_CONTEXT(2) 
PARAMETRIC_REPRESENTATION_CONTEXT() REPRESENTATION_CONTEXT('2D SPACE',''
  ) );
#2728 = PCURVE('',#2648,#2729);
#2729 = DEFINITIONAL_REPRESENTATION('',(#2730),#2734);
#2730 = LINE('',#2731,#2732);
#2731 = CARTESIAN_POINT('',(-1.154700538379,-2.));
#2732 = VECTOR('',#2733,1.);
#2733 = DIRECTION('',(-0.5,0.866025403784));
#2734 = ( GEOMETRIC_REPRESENTATION_CONTEXT(2) 
PARAMETRIC_REPRESENTATION_CONTEXT() REPRESENTATION_CONTEXT('2D SPACE',''
  ) );
#2735 = ADVANCED_FACE('',(#2736),#2622,.T.);
#2736 = FACE_BOUND('',#2737,.F.);
#2737 = EDGE_LOOP('',(#2738,#2739,#2762,#2790));
#2738 = ORIENTED_EDGE('',*,*,#2606,.T.);
#2739 = ORIENTED_EDGE('',*,*,#2740,.T.);
#2740 = EDGE_CURVE('',#2579,#2741,#2743,.T.);
#2741 = VERTEX_POINT('',#2742);
#2742 = CARTESIAN_POINT('',(86.230710143301,45.097716981445,-3.1));
#2743 = SURFACE_CURVE('',#2744,(#2748,#2755),.PCURVE_S1.);
#2744 = LINE('',#2745,#2746);
#2745 = CARTESIAN_POINT('',(84.597716981445,46.730710143301,-3.1));
#2746 = VECTOR('',#2747,1.);
#2747 = DIRECTION('',(0.707106781187,-0.707106781187,-0.));
#2748 = PCURVE('',#2622,#2749);
#2749 = DEFINITIONAL_REPRESENTATION('',(#2750),#2754);
#2750 = LINE('',#2751,#2752);
#2751 = CARTESIAN_POINT('',(-0.,-1.6));
#2752 = VECTOR('',#2753,1.);
#2753 = DIRECTION('',(-1.,0.));
#2754 = ( GEOMETRIC_REPRESENTATION_CONTEXT(2) 
PARAMETRIC_REPRESENTATION_CONTEXT() REPRESENTATION_CONTEXT('2D SPACE',''
  ) );
#2755 = PCURVE('',#2594,#2756);
#2756 = DEFINITIONAL_REPRESENTATION('',(#2757),#2761);
#2757 = LINE('',#2758,#2759);
#2758 = CARTESIAN_POINT('',(-1.154700538379,2.));
#2759 = VECTOR('',#2760,1.);
#2760 = DIRECTION('',(1.,1.793803890391E-16));
#2761 = ( GEOMETRIC_REPRESENTATION_CONTEXT(2) 
PARAMETRIC_REPRESENTATION_CONTEXT() REPRESENTATION_CONTEXT('2D SPACE',''
  ) );
#2762 = ORIENTED_EDGE('',*,*,#2763,.F.);
#2763 = EDGE_CURVE('',#2764,#2741,#2766,.T.);
#2764 = VERTEX_POINT('',#2765);
#2765 = CARTESIAN_POINT('',(86.230710143301,45.097716981445,-1.5));
#2766 = SURFACE_CURVE('',#2767,(#2771,#2778),.PCURVE_S1.);
#2767 = LINE('',#2768,#2769);
#2768 = CARTESIAN_POINT('',(86.230710143301,45.097716981445,-1.5));
#2769 = VECTOR('',#2770,1.);
#2770 = DIRECTION('',(-0.,-0.,-1.));
#2771 = PCURVE('',#2622,#2772);
#2772 = DEFINITIONAL_REPRESENTATION('',(#2773),#2777);
#2773 = LINE('',#2774,#2775);
#2774 = CARTESIAN_POINT('',(-2.309401076759,0.));
#2775 = VECTOR('',#2776,1.);
#2776 = DIRECTION('',(-0.,-1.));
#2777 = ( GEOMETRIC_REPRESENTATION_CONTEXT(2) 
PARAMETRIC_REPRESENTATION_CONTEXT() REPRESENTATION_CONTEXT('2D SPACE',''
  ) );
#2778 = PCURVE('',#2779,#2784);
#2779 = PLANE('',#2780);
#2780 = AXIS2_PLACEMENT_3D('',#2781,#2782,#2783);
#2781 = CARTESIAN_POINT('',(86.230710143301,45.097716981445,-1.5));
#2782 = DIRECTION('',(0.965925826289,-0.258819045103,-0.));
#2783 = DIRECTION('',(0.258819045103,0.965925826289,0.));
#2784 = DEFINITIONAL_REPRESENTATION('',(#2785),#2789);
#2785 = LINE('',#2786,#2787);
#2786 = CARTESIAN_POINT('',(0.,-0.));
#2787 = VECTOR('',#2788,1.);
#2788 = DIRECTION('',(-0.,-1.));
#2789 = ( GEOMETRIC_REPRESENTATION_CONTEXT(2) 
PARAMETRIC_REPRESENTATION_CONTEXT() REPRESENTATION_CONTEXT('2D SPACE',''
  ) );
#2790 = ORIENTED_EDGE('',*,*,#2791,.F.);
#2791 = EDGE_CURVE('',#2607,#2764,#2792,.T.);
#2792 = SURFACE_CURVE('',#2793,(#2797,#2804),.PCURVE_S1.);
#2793 = LINE('',#2794,#2795);
#2794 = CARTESIAN_POINT('',(84.597716981445,46.730710143301,-1.5));
#2795 = VECTOR('',#2796,1.);
#2796 = DIRECTION('',(0.707106781187,-0.707106781187,-0.));
#2797 = PCURVE('',#2622,#2798);
#2798 = DEFINITIONAL_REPRESENTATION('',(#2799),#2803);
#2799 = LINE('',#2800,#2801);
#2800 = CARTESIAN_POINT('',(-0.,0.));
#2801 = VECTOR('',#2802,1.);
#2802 = DIRECTION('',(-1.,0.));
#2803 = ( GEOMETRIC_REPRESENTATION_CONTEXT(2) 
PARAMETRIC_REPRESENTATION_CONTEXT() REPRESENTATION_CONTEXT('2D SPACE',''
  ) );
#2804 = PCURVE('',#2648,#2805);
#2805 = DEFINITIONAL_REPRESENTATION('',(#2806),#2810);
#2806 = LINE('',#2807,#2808);
#2807 = CARTESIAN_POINT('',(-1.154700538379,2.));
#2808 = VECTOR('',#2809,1.);
#2809 = DIRECTION('',(1.,1.793803890391E-16));
#2810 = ( GEOMETRIC_REPRESENTATION_CONTEXT(2) 
PARAMETRIC_REPRESENTATION_CONTEXT() REPRESENTATION_CONTEXT('2D SPACE',''
  ) );
#2811 = ADVANCED_FACE('',(#2812,#2889),#2648,.T.);
#2812 = FACE_BOUND('',#2813,.F.);
#2813 = EDGE_LOOP('',(#2814,#2815,#2816,#2839,#2867,#2888));
#2814 = ORIENTED_EDGE('',*,*,#2634,.T.);
#2815 = ORIENTED_EDGE('',*,*,#2791,.T.);
#2816 = ORIENTED_EDGE('',*,*,#2817,.T.);
#2817 = EDGE_CURVE('',#2764,#2818,#2820,.T.);
#2818 = VERTEX_POINT('',#2819);
#2819 = CARTESIAN_POINT('',(85.632993161855,42.867006838145,-1.5));
#2820 = SURFACE_CURVE('',#2821,(#2825,#2832),.PCURVE_S1.);
#2821 = LINE('',#2822,#2823);
#2822 = CARTESIAN_POINT('',(86.230710143301,45.097716981445,-1.5));
#2823 = VECTOR('',#2824,1.);
#2824 = DIRECTION('',(-0.258819045103,-0.965925826289,-0.));
#2825 = PCURVE('',#2648,#2826);
#2826 = DEFINITIONAL_REPRESENTATION('',(#2827),#2831);
#2827 = LINE('',#2828,#2829);
#2828 = CARTESIAN_POINT('',(1.154700538379,2.));
#2829 = VECTOR('',#2830,1.);
#2830 = DIRECTION('',(0.5,-0.866025403784));
#2831 = ( GEOMETRIC_REPRESENTATION_CONTEXT(2) 
PARAMETRIC_REPRESENTATION_CONTEXT() REPRESENTATION_CONTEXT('2D SPACE',''
  ) );
#2832 = PCURVE('',#2779,#2833);
#2833 = DEFINITIONAL_REPRESENTATION('',(#2834),#2838);
#2834 = LINE('',#2835,#2836);
#2835 = CARTESIAN_POINT('',(0.,-0.));
#2836 = VECTOR('',#2837,1.);
#2837 = DIRECTION('',(-1.,0.));
#2838 = ( GEOMETRIC_REPRESENTATION_CONTEXT(2) 
PARAMETRIC_REPRESENTATION_CONTEXT() REPRESENTATION_CONTEXT('2D SPACE',''
  ) );
#2839 = ORIENTED_EDGE('',*,*,#2840,.T.);
#2840 = EDGE_CURVE('',#2818,#2841,#2843,.T.);
#2841 = VERTEX_POINT('',#2842);
#2842 = CARTESIAN_POINT('',(83.402283018555,42.269289856699,-1.5));
#2843 = SURFACE_CURVE('',#2844,(#2848,#2855),.PCURVE_S1.);
#2844 = LINE('',#2845,#2846);
#2845 = CARTESIAN_POINT('',(85.632993161855,42.867006838145,-1.5));
#2846 = VECTOR('',#2847,1.);
#2847 = DIRECTION('',(-0.965925826289,-0.258819045103,-0.));
#2848 = PCURVE('',#2648,#2849);
#2849 = DEFINITIONAL_REPRESENTATION('',(#2850),#2854);
#2850 = LINE('',#2851,#2852);
#2851 = CARTESIAN_POINT('',(2.309401076759,2.402508351924E-16));
#2852 = VECTOR('',#2853,1.);
#2853 = DIRECTION('',(-0.5,-0.866025403784));
#2854 = ( GEOMETRIC_REPRESENTATION_CONTEXT(2) 
PARAMETRIC_REPRESENTATION_CONTEXT() REPRESENTATION_CONTEXT('2D SPACE',''
  ) );
#2855 = PCURVE('',#2856,#2861);
#2856 = PLANE('',#2857);
#2857 = AXIS2_PLACEMENT_3D('',#2858,#2859,#2860);
#2858 = CARTESIAN_POINT('',(85.632993161855,42.867006838145,-1.5));
#2859 = DIRECTION('',(0.258819045103,-0.965925826289,-0.));
#2860 = DIRECTION('',(0.965925826289,0.258819045103,0.));
#2861 = DEFINITIONAL_REPRESENTATION('',(#2862),#2866);
#2862 = LINE('',#2863,#2864);
#2863 = CARTESIAN_POINT('',(0.,-0.));
#2864 = VECTOR('',#2865,1.);
#2865 = DIRECTION('',(-1.,0.));
#2866 = ( GEOMETRIC_REPRESENTATION_CONTEXT(2) 
PARAMETRIC_REPRESENTATION_CONTEXT() REPRESENTATION_CONTEXT('2D SPACE',''
  ) );
#2867 = ORIENTED_EDGE('',*,*,#2868,.T.);
#2868 = EDGE_CURVE('',#2841,#2664,#2869,.T.);
#2869 = SURFACE_CURVE('',#2870,(#2874,#2881),.PCURVE_S1.);
#2870 = LINE('',#2871,#2872);
#2871 = CARTESIAN_POINT('',(83.402283018555,42.269289856699,-1.5));
#2872 = VECTOR('',#2873,1.);
#2873 = DIRECTION('',(-0.707106781187,0.707106781187,0.));
#2874 = PCURVE('',#2648,#2875);
#2875 = DEFINITIONAL_REPRESENTATION('',(#2876),#2880);
#2876 = LINE('',#2877,#2878);
#2877 = CARTESIAN_POINT('',(1.154700538379,-2.));
#2878 = VECTOR('',#2879,1.);
#2879 = DIRECTION('',(-1.,-7.709546369322E-16));
#2880 = ( GEOMETRIC_REPRESENTATION_CONTEXT(2) 
PARAMETRIC_REPRESENTATION_CONTEXT() REPRESENTATION_CONTEXT('2D SPACE',''
  ) );
#2881 = PCURVE('',#2681,#2882);
#2882 = DEFINITIONAL_REPRESENTATION('',(#2883),#2887);
#2883 = LINE('',#2884,#2885);
#2884 = CARTESIAN_POINT('',(-0.,0.));
#2885 = VECTOR('',#2886,1.);
#2886 = DIRECTION('',(-1.,0.));
#2887 = ( GEOMETRIC_REPRESENTATION_CONTEXT(2) 
PARAMETRIC_REPRESENTATION_CONTEXT() REPRESENTATION_CONTEXT('2D SPACE',''
  ) );
#2888 = ORIENTED_EDGE('',*,*,#2715,.T.);
#2889 = FACE_BOUND('',#2890,.F.);
#2890 = EDGE_LOOP('',(#2891));
#2891 = ORIENTED_EDGE('',*,*,#2892,.F.);
#2892 = EDGE_CURVE('',#2893,#2893,#2895,.T.);
#2893 = VERTEX_POINT('',#2894);
#2894 = CARTESIAN_POINT('',(84.8,44.5,-1.5));
#2895 = SURFACE_CURVE('',#2896,(#2901,#2912),.PCURVE_S1.);
#2896 = CIRCLE('',#2897,0.8);
#2897 = AXIS2_PLACEMENT_3D('',#2898,#2899,#2900);
#2898 = CARTESIAN_POINT('',(84.,44.5,-1.5));
#2899 = DIRECTION('',(0.,0.,-1.));
#2900 = DIRECTION('',(1.,-0.,-0.));
#2901 = PCURVE('',#2648,#2902);
#2902 = DEFINITIONAL_REPRESENTATION('',(#2903),#2911);
#2903 = ( BOUNDED_CURVE() B_SPLINE_CURVE(2,(#2904,#2905,#2906,#2907,
#2908,#2909,#2910),.UNSPECIFIED.,.T.,.F.) B_SPLINE_CURVE_WITH_KNOTS((1,2
    ,2,2,2,1),(-2.094395102393,0.,2.094395102393,4.188790204786,
6.28318530718,8.377580409573),.UNSPECIFIED.) CURVE() 
GEOMETRIC_REPRESENTATION_ITEM() RATIONAL_B_SPLINE_CURVE((1.,0.5,1.,0.5,
1.,0.5,1.)) REPRESENTATION_ITEM('') );
#2904 = CARTESIAN_POINT('',(0.565685424949,0.565685424949));
#2905 = CARTESIAN_POINT('',(1.545481322063,-0.414110472164));
#2906 = CARTESIAN_POINT('',(0.207055236082,-0.772740661031));
#2907 = CARTESIAN_POINT('',(-1.131370849898,-1.131370849898));
#2908 = CARTESIAN_POINT('',(-0.772740661031,0.207055236082));
#2909 = CARTESIAN_POINT('',(-0.414110472164,1.545481322063));
#2910 = CARTESIAN_POINT('',(0.565685424949,0.565685424949));
#2911 = ( GEOMETRIC_REPRESENTATION_CONTEXT(2) 
PARAMETRIC_REPRESENTATION_CONTEXT() REPRESENTATION_CONTEXT('2D SPACE',''
  ) );
#2912 = PCURVE('',#2913,#2918);
#2913 = CYLINDRICAL_SURFACE('',#2914,0.8);
#2914 = AXIS2_PLACEMENT_3D('',#2915,#2916,#2917);
#2915 = CARTESIAN_POINT('',(84.,44.5,-1.5));
#2916 = DIRECTION('',(-0.,-0.,1.));
#2917 = DIRECTION('',(1.,-0.,-0.));
#2918 = DEFINITIONAL_REPRESENTATION('',(#2919),#2923);
#2919 = LINE('',#2920,#2921);
#2920 = CARTESIAN_POINT('',(-0.,0.));
#2921 = VECTOR('',#2922,1.);
#2922 = DIRECTION('',(-1.,0.));
#2923 = ( GEOMETRIC_REPRESENTATION_CONTEXT(2) 
PARAMETRIC_REPRESENTATION_CONTEXT() REPRESENTATION_CONTEXT('2D SPACE',''
  ) );
#2924 = ADVANCED_FACE('',(#2925,#2997),#2594,.F.);
#2925 = FACE_BOUND('',#2926,.T.);
#2926 = EDGE_LOOP('',(#2927,#2928,#2929,#2952,#2975,#2996));
#2927 = ORIENTED_EDGE('',*,*,#2578,.T.);
#2928 = ORIENTED_EDGE('',*,*,#2740,.T.);
#2929 = ORIENTED_EDGE('',*,*,#2930,.T.);
#2930 = EDGE_CURVE('',#2741,#2931,#2933,.T.);
#2931 = VERTEX_POINT('',#2932);
#2932 = CARTESIAN_POINT('',(85.632993161855,42.867006838145,-3.1));
#2933 = SURFACE_CURVE('',#2934,(#2938,#2945),.PCURVE_S1.);
#2934 = LINE('',#2935,#2936);
#2935 = CARTESIAN_POINT('',(86.230710143301,45.097716981445,-3.1));
#2936 = VECTOR('',#2937,1.);
#2937 = DIRECTION('',(-0.258819045103,-0.965925826289,-0.));
#2938 = PCURVE('',#2594,#2939);
#2939 = DEFINITIONAL_REPRESENTATION('',(#2940),#2944);
#2940 = LINE('',#2941,#2942);
#2941 = CARTESIAN_POINT('',(1.154700538379,2.));
#2942 = VECTOR('',#2943,1.);
#2943 = DIRECTION('',(0.5,-0.866025403784));
#2944 = ( GEOMETRIC_REPRESENTATION_CONTEXT(2) 
PARAMETRIC_REPRESENTATION_CONTEXT() REPRESENTATION_CONTEXT('2D SPACE',''
  ) );
#2945 = PCURVE('',#2779,#2946);
#2946 = DEFINITIONAL_REPRESENTATION('',(#2947),#2951);
#2947 = LINE('',#2948,#2949);
#2948 = CARTESIAN_POINT('',(-0.,-1.6));
#2949 = VECTOR('',#2950,1.);
#2950 = DIRECTION('',(-1.,0.));
#2951 = ( GEOMETRIC_REPRESENTATION_CONTEXT(2) 
PARAMETRIC_REPRESENTATION_CONTEXT() REPRESENTATION_CONTEXT('2D SPACE',''
  ) );
#2952 = ORIENTED_EDGE('',*,*,#2953,.T.);
#2953 = EDGE_CURVE('',#2931,#2954,#2956,.T.);
#2954 = VERTEX_POINT('',#2955);
#2955 = CARTESIAN_POINT('',(83.402283018555,42.269289856699,-3.1));
#2956 = SURFACE_CURVE('',#2957,(#2961,#2968),.PCURVE_S1.);
#2957 = LINE('',#2958,#2959);
#2958 = CARTESIAN_POINT('',(85.632993161855,42.867006838145,-3.1));
#2959 = VECTOR('',#2960,1.);
#2960 = DIRECTION('',(-0.965925826289,-0.258819045103,-0.));
#2961 = PCURVE('',#2594,#2962);
#2962 = DEFINITIONAL_REPRESENTATION('',(#2963),#2967);
#2963 = LINE('',#2964,#2965);
#2964 = CARTESIAN_POINT('',(2.309401076759,2.402508351924E-16));
#2965 = VECTOR('',#2966,1.);
#2966 = DIRECTION('',(-0.5,-0.866025403784));
#2967 = ( GEOMETRIC_REPRESENTATION_CONTEXT(2) 
PARAMETRIC_REPRESENTATION_CONTEXT() REPRESENTATION_CONTEXT('2D SPACE',''
  ) );
#2968 = PCURVE('',#2856,#2969);
#2969 = DEFINITIONAL_REPRESENTATION('',(#2970),#2974);
#2970 = LINE('',#2971,#2972);
#2971 = CARTESIAN_POINT('',(-0.,-1.6));
#2972 = VECTOR('',#2973,1.);
#2973 = DIRECTION('',(-1.,0.));
#2974 = ( GEOMETRIC_REPRESENTATION_CONTEXT(2) 
PARAMETRIC_REPRESENTATION_CONTEXT() REPRESENTATION_CONTEXT('2D SPACE',''
  ) );
#2975 = ORIENTED_EDGE('',*,*,#2976,.T.);
#2976 = EDGE_CURVE('',#2954,#2666,#2977,.T.);
#2977 = SURFACE_CURVE('',#2978,(#2982,#2989),.PCURVE_S1.);
#2978 = LINE('',#2979,#2980);
#2979 = CARTESIAN_POINT('',(83.402283018555,42.269289856699,-3.1));
#2980 = VECTOR('',#2981,1.);
#2981 = DIRECTION('',(-0.707106781187,0.707106781187,0.));
#2982 = PCURVE('',#2594,#2983);
#2983 = DEFINITIONAL_REPRESENTATION('',(#2984),#2988);
#2984 = LINE('',#2985,#2986);
#2985 = CARTESIAN_POINT('',(1.154700538379,-2.));
#2986 = VECTOR('',#2987,1.);
#2987 = DIRECTION('',(-1.,-7.709546369322E-16));
#2988 = ( GEOMETRIC_REPRESENTATION_CONTEXT(2) 
PARAMETRIC_REPRESENTATION_CONTEXT() REPRESENTATION_CONTEXT('2D SPACE',''
  ) );
#2989 = PCURVE('',#2681,#2990);
#2990 = DEFINITIONAL_REPRESENTATION('',(#2991),#2995);
#2991 = LINE('',#2992,#2993);
#2992 = CARTESIAN_POINT('',(-0.,-1.6));
#2993 = VECTOR('',#2994,1.);
#2994 = DIRECTION('',(-1.,0.));
#2995 = ( GEOMETRIC_REPRESENTATION_CONTEXT(2) 
PARAMETRIC_REPRESENTATION_CONTEXT() REPRESENTATION_CONTEXT('2D SPACE',''
  ) );
#2996 = ORIENTED_EDGE('',*,*,#2693,.T.);
#2997 = FACE_BOUND('',#2998,.T.);
#2998 = EDGE_LOOP('',(#2999));
#2999 = ORIENTED_EDGE('',*,*,#3000,.F.);
#3000 = EDGE_CURVE('',#3001,#3001,#3003,.T.);
#3001 = VERTEX_POINT('',#3002);
#3002 = CARTESIAN_POINT('',(84.8,44.5,-3.1));
#3003 = SURFACE_CURVE('',#3004,(#3009,#3020),.PCURVE_S1.);
#3004 = CIRCLE('',#3005,0.8);
#3005 = AXIS2_PLACEMENT_3D('',#3006,#3007,#3008);
#3006 = CARTESIAN_POINT('',(84.,44.5,-3.1));
#3007 = DIRECTION('',(0.,0.,-1.));
#3008 = DIRECTION('',(1.,-0.,-0.));
#3009 = PCURVE('',#2594,#3010);
#3010 = DEFINITIONAL_REPRESENTATION('',(#3011),#3019);
#3011 = ( BOUNDED_CURVE() B_SPLINE_CURVE(2,(#3012,#3013,#3014,#3015,
#3016,#3017,#3018),.UNSPECIFIED.,.T.,.F.) B_SPLINE_CURVE_WITH_KNOTS((1,2
    ,2,2,2,1),(-2.094395102393,0.,2.094395102393,4.188790204786,
6.28318530718,8.377580409573),.UNSPECIFIED.) CURVE() 
GEOMETRIC_REPRESENTATION_ITEM() RATIONAL_B_SPLINE_CURVE((1.,0.5,1.,0.5,
1.,0.5,1.)) REPRESENTATION_ITEM('') );
#3012 = CARTESIAN_POINT('',(0.565685424949,0.565685424949));
#3013 = CARTESIAN_POINT('',(1.545481322063,-0.414110472164));
#3014 = CARTESIAN_POINT('',(0.207055236082,-0.772740661031));
#3015 = CARTESIAN_POINT('',(-1.131370849898,-1.131370849898));
#3016 = CARTESIAN_POINT('',(-0.772740661031,0.207055236082));
#3017 = CARTESIAN_POINT('',(-0.414110472164,1.545481322063));
#3018 = CARTESIAN_POINT('',(0.565685424949,0.565685424949));
#3019 = ( GEOMETRIC_REPRESENTATION_CONTEXT(2) 
PARAMETRIC_REPRESENTATION_CONTEXT() REPRESENTATION_CONTEXT('2D SPACE',''
  ) );
#3020 = PCURVE('',#2913,#3021);
#3021 = DEFINITIONAL_REPRESENTATION('',(#3022),#3026);
#3022 = LINE('',#3023,#3024);
#3023 = CARTESIAN_POINT('',(-0.,-1.6));
#3024 = VECTOR('',#3025,1.);
#3025 = DIRECTION('',(-1.,0.));
#3026 = ( GEOMETRIC_REPRESENTATION_CONTEXT(2) 
PARAMETRIC_REPRESENTATION_CONTEXT() REPRESENTATION_CONTEXT('2D SPACE',''
  ) );
#3027 = ADVANCED_FACE('',(#3028),#2681,.T.);
#3028 = FACE_BOUND('',#3029,.F.);
#3029 = EDGE_LOOP('',(#3030,#3051,#3052,#3053));
#3030 = ORIENTED_EDGE('',*,*,#3031,.T.);
#3031 = EDGE_CURVE('',#2841,#2954,#3032,.T.);
#3032 = SURFACE_CURVE('',#3033,(#3037,#3044),.PCURVE_S1.);
#3033 = LINE('',#3034,#3035);
#3034 = CARTESIAN_POINT('',(83.402283018555,42.269289856699,-1.5));
#3035 = VECTOR('',#3036,1.);
#3036 = DIRECTION('',(-0.,-0.,-1.));
#3037 = PCURVE('',#2681,#3038);
#3038 = DEFINITIONAL_REPRESENTATION('',(#3039),#3043);
#3039 = LINE('',#3040,#3041);
#3040 = CARTESIAN_POINT('',(-0.,0.));
#3041 = VECTOR('',#3042,1.);
#3042 = DIRECTION('',(-0.,-1.));
#3043 = ( GEOMETRIC_REPRESENTATION_CONTEXT(2) 
PARAMETRIC_REPRESENTATION_CONTEXT() REPRESENTATION_CONTEXT('2D SPACE',''
  ) );
#3044 = PCURVE('',#2856,#3045);
#3045 = DEFINITIONAL_REPRESENTATION('',(#3046),#3050);
#3046 = LINE('',#3047,#3048);
#3047 = CARTESIAN_POINT('',(-2.309401076759,0.));
#3048 = VECTOR('',#3049,1.);
#3049 = DIRECTION('',(-0.,-1.));
#3050 = ( GEOMETRIC_REPRESENTATION_CONTEXT(2) 
PARAMETRIC_REPRESENTATION_CONTEXT() REPRESENTATION_CONTEXT('2D SPACE',''
  ) );
#3051 = ORIENTED_EDGE('',*,*,#2976,.T.);
#3052 = ORIENTED_EDGE('',*,*,#2663,.F.);
#3053 = ORIENTED_EDGE('',*,*,#2868,.F.);
#3054 = ADVANCED_FACE('',(#3055),#2779,.T.);
#3055 = FACE_BOUND('',#3056,.F.);
#3056 = EDGE_LOOP('',(#3057,#3058,#3059,#3080));
#3057 = ORIENTED_EDGE('',*,*,#2763,.T.);
#3058 = ORIENTED_EDGE('',*,*,#2930,.T.);
#3059 = ORIENTED_EDGE('',*,*,#3060,.F.);
#3060 = EDGE_CURVE('',#2818,#2931,#3061,.T.);
#3061 = SURFACE_CURVE('',#3062,(#3066,#3073),.PCURVE_S1.);
#3062 = LINE('',#3063,#3064);
#3063 = CARTESIAN_POINT('',(85.632993161855,42.867006838145,-1.5));
#3064 = VECTOR('',#3065,1.);
#3065 = DIRECTION('',(-0.,-0.,-1.));
#3066 = PCURVE('',#2779,#3067);
#3067 = DEFINITIONAL_REPRESENTATION('',(#3068),#3072);
#3068 = LINE('',#3069,#3070);
#3069 = CARTESIAN_POINT('',(-2.309401076759,0.));
#3070 = VECTOR('',#3071,1.);
#3071 = DIRECTION('',(-0.,-1.));
#3072 = ( GEOMETRIC_REPRESENTATION_CONTEXT(2) 
PARAMETRIC_REPRESENTATION_CONTEXT() REPRESENTATION_CONTEXT('2D SPACE',''
  ) );
#3073 = PCURVE('',#2856,#3074);
#3074 = DEFINITIONAL_REPRESENTATION('',(#3075),#3079);
#3075 = LINE('',#3076,#3077);
#3076 = CARTESIAN_POINT('',(0.,-0.));
#3077 = VECTOR('',#3078,1.);
#3078 = DIRECTION('',(-0.,-1.));
#3079 = ( GEOMETRIC_REPRESENTATION_CONTEXT(2) 
PARAMETRIC_REPRESENTATION_CONTEXT() REPRESENTATION_CONTEXT('2D SPACE',''
  ) );
#3080 = ORIENTED_EDGE('',*,*,#2817,.F.);
#3081 = ADVANCED_FACE('',(#3082),#2856,.T.);
#3082 = FACE_BOUND('',#3083,.F.);
#3083 = EDGE_LOOP('',(#3084,#3085,#3086,#3087));
#3084 = ORIENTED_EDGE('',*,*,#3060,.T.);
#3085 = ORIENTED_EDGE('',*,*,#2953,.T.);
#3086 = ORIENTED_EDGE('',*,*,#3031,.F.);
#3087 = ORIENTED_EDGE('',*,*,#2840,.F.);
#3088 = ADVANCED_FACE('',(#3089),#2913,.F.);
#3089 = FACE_BOUND('',#3090,.T.);
#3090 = EDGE_LOOP('',(#3091,#3112,#3113,#3114));
#3091 = ORIENTED_EDGE('',*,*,#3092,.T.);
#3092 = EDGE_CURVE('',#2893,#3001,#3093,.T.);
#3093 = SEAM_CURVE('',#3094,(#3098,#3105),.PCURVE_S1.);
#3094 = LINE('',#3095,#3096);
#3095 = CARTESIAN_POINT('',(84.8,44.5,-1.5));
#3096 = VECTOR('',#3097,1.);
#3097 = DIRECTION('',(-0.,0.,-1.));
#3098 = PCURVE('',#2913,#3099);
#3099 = DEFINITIONAL_REPRESENTATION('',(#3100),#3104);
#3100 = LINE('',#3101,#3102);
#3101 = CARTESIAN_POINT('',(-0.,0.));
#3102 = VECTOR('',#3103,1.);
#3103 = DIRECTION('',(-0.,-1.));
#3104 = ( GEOMETRIC_REPRESENTATION_CONTEXT(2) 
PARAMETRIC_REPRESENTATION_CONTEXT() REPRESENTATION_CONTEXT('2D SPACE',''
  ) );
#3105 = PCURVE('',#2913,#3106);
#3106 = DEFINITIONAL_REPRESENTATION('',(#3107),#3111);
#3107 = LINE('',#3108,#3109);
#3108 = CARTESIAN_POINT('',(-6.28318530718,0.));
#3109 = VECTOR('',#3110,1.);
#3110 = DIRECTION('',(-0.,-1.));
#3111 = ( GEOMETRIC_REPRESENTATION_CONTEXT(2) 
PARAMETRIC_REPRESENTATION_CONTEXT() REPRESENTATION_CONTEXT('2D SPACE',''
  ) );
#3112 = ORIENTED_EDGE('',*,*,#3000,.T.);
#3113 = ORIENTED_EDGE('',*,*,#3092,.F.);
#3114 = ORIENTED_EDGE('',*,*,#2892,.F.);
#3115 = ( GEOMETRIC_REPRESENTATION_CONTEXT(3) 
GLOBAL_UNCERTAINTY_ASSIGNED_CONTEXT((#3119)) 
GLOBAL_UNIT_ASSIGNED_CONTEXT((#3116,#3117,#3118)) REPRESENTATION_CONTEXT
('Context #1','3D Context with UNIT and UNCERTAINTY') );
#3116 = ( LENGTH_UNIT() NAMED_UNIT(*) SI_UNIT(.MILLI.,.METRE.) );
#3117 = ( NAMED_UNIT(*) PLANE_ANGLE_UNIT() SI_UNIT($,.RADIAN.) );
#3118 = ( NAMED_UNIT(*) SI_UNIT($,.STERADIAN.) SOLID_ANGLE_UNIT() );
#3119 = UNCERTAINTY_MEASURE_WITH_UNIT(LENGTH_MEASURE(1.E-07),#3116,
  'distance_accuracy_value','confusion accuracy');
#3120 = CONTEXT_DEPENDENT_SHAPE_REPRESENTATION(#3121,#3123);
#3121 = ( REPRESENTATION_RELATIONSHIP('','',#2536,#10) 
REPRESENTATION_RELATIONSHIP_WITH_TRANSFORMATION(#3122) 
SHAPE_REPRESENTATION_RELATIONSHIP() );
#3122 = ITEM_DEFINED_TRANSFORMATION('','',#11,#39);
#3123 = PRODUCT_DEFINITION_SHAPE('Placement','Placement of an item',
  #3124);
#3124 = NEXT_ASSEMBLY_USAGE_OCCURRENCE('71','','',#5,#2531,$);
#3125 = PRODUCT_RELATED_PRODUCT_CATEGORY('part',$,(#2533));
#3126 = SHAPE_DEFINITION_REPRESENTATION(#3127,#3133);
#3127 = PRODUCT_DEFINITION_SHAPE('','',#3128);
#3128 = PRODUCT_DEFINITION('design','',#3129,#3132);
#3129 = PRODUCT_DEFINITION_FORMATION('','',#3130);
#3130 = PRODUCT('Open CASCADE STEP translator 7.9 33.8',
  'Open CASCADE STEP translator 7.9 33.8','',(#3131));
#3131 = PRODUCT_CONTEXT('',#2,'mechanical');
#3132 = PRODUCT_DEFINITION_CONTEXT('part definition',#2,'design');
#3133 = ADVANCED_BREP_SHAPE_REPRESENTATION('',(#11,#3134),#3338);
#3134 = MANIFOLD_SOLID_BREP('',#3135);
#3135 = CLOSED_SHELL('',(#3136,#3232,#3236,#3275,#3334));
#3136 = ADVANCED_FACE('',(#3137),#3151,.T.);
#3137 = FACE_BOUND('',#3138,.T.);
#3138 = EDGE_LOOP('',(#3139,#3169,#3200,#3201));
#3139 = ORIENTED_EDGE('',*,*,#3140,.T.);
#3140 = EDGE_CURVE('',#3141,#3143,#3145,.T.);
#3141 = VERTEX_POINT('',#3142);
#3142 = CARTESIAN_POINT('',(86.5,44.5,-14.8));
#3143 = VERTEX_POINT('',#3144);
#3144 = CARTESIAN_POINT('',(86.5,44.5,-13.3));
#3145 = SEAM_CURVE('',#3146,(#3150,#3162),.PCURVE_S1.);
#3146 = LINE('',#3147,#3148);
#3147 = CARTESIAN_POINT('',(86.5,44.5,-14.8));
#3148 = VECTOR('',#3149,1.);
#3149 = DIRECTION('',(-0.,-0.,1.));
#3150 = PCURVE('',#3151,#3156);
#3151 = CYLINDRICAL_SURFACE('',#3152,2.5);
#3152 = AXIS2_PLACEMENT_3D('',#3153,#3154,#3155);
#3153 = CARTESIAN_POINT('',(84.,44.5,-14.8));
#3154 = DIRECTION('',(-0.,0.,-1.));
#3155 = DIRECTION('',(1.,-0.,-0.));
#3156 = DEFINITIONAL_REPRESENTATION('',(#3157),#3161);
#3157 = LINE('',#3158,#3159);
#3158 = CARTESIAN_POINT('',(0.,0.));
#3159 = VECTOR('',#3160,1.);
#3160 = DIRECTION('',(0.,-1.));
#3161 = ( GEOMETRIC_REPRESENTATION_CONTEXT(2) 
PARAMETRIC_REPRESENTATION_CONTEXT() REPRESENTATION_CONTEXT('2D SPACE',''
  ) );
#3162 = PCURVE('',#3151,#3163);
#3163 = DEFINITIONAL_REPRESENTATION('',(#3164),#3168);
#3164 = LINE('',#3165,#3166);
#3165 = CARTESIAN_POINT('',(6.28318530718,0.));
#3166 = VECTOR('',#3167,1.);
#3167 = DIRECTION('',(0.,-1.));
#3168 = ( GEOMETRIC_REPRESENTATION_CONTEXT(2) 
PARAMETRIC_REPRESENTATION_CONTEXT() REPRESENTATION_CONTEXT('2D SPACE',''
  ) );
#3169 = ORIENTED_EDGE('',*,*,#3170,.T.);
#3170 = EDGE_CURVE('',#3143,#3143,#3171,.T.);
#3171 = SURFACE_CURVE('',#3172,(#3177,#3184),.PCURVE_S1.);
#3172 = CIRCLE('',#3173,2.5);
#3173 = AXIS2_PLACEMENT_3D('',#3174,#3175,#3176);
#3174 = CARTESIAN_POINT('',(84.,44.5,-13.3));
#3175 = DIRECTION('',(0.,0.,-1.));
#3176 = DIRECTION('',(1.,-0.,-0.));
#3177 = PCURVE('',#3151,#3178);
#3178 = DEFINITIONAL_REPRESENTATION('',(#3179),#3183);
#3179 = LINE('',#3180,#3181);
#3180 = CARTESIAN_POINT('',(0.,-1.5));
#3181 = VECTOR('',#3182,1.);
#3182 = DIRECTION('',(1.,0.));
#3183 = ( GEOMETRIC_REPRESENTATION_CONTEXT(2) 
PARAMETRIC_REPRESENTATION_CONTEXT() REPRESENTATION_CONTEXT('2D SPACE',''
  ) );
#3184 = PCURVE('',#3185,#3190);
#3185 = PLANE('',#3186);
#3186 = AXIS2_PLACEMENT_3D('',#3187,#3188,#3189);
#3187 = CARTESIAN_POINT('',(84.,44.5,-13.3));
#3188 = DIRECTION('',(-0.,-0.,1.));
#3189 = DIRECTION('',(-1.,0.,0.));
#3190 = DEFINITIONAL_REPRESENTATION('',(#3191),#3199);
#3191 = ( BOUNDED_CURVE() B_SPLINE_CURVE(2,(#3192,#3193,#3194,#3195,
#3196,#3197,#3198),.UNSPECIFIED.,.T.,.F.) B_SPLINE_CURVE_WITH_KNOTS((1,2
    ,2,2,2,1),(-2.094395102393,0.,2.094395102393,4.188790204786,
6.28318530718,8.377580409573),.UNSPECIFIED.) CURVE() 
GEOMETRIC_REPRESENTATION_ITEM() RATIONAL_B_SPLINE_CURVE((1.,0.5,1.,0.5,
1.,0.5,1.)) REPRESENTATION_ITEM('') );
#3192 = CARTESIAN_POINT('',(-2.5,0.));
#3193 = CARTESIAN_POINT('',(-2.5,4.330127018922));
#3194 = CARTESIAN_POINT('',(1.25,2.165063509461));
#3195 = CARTESIAN_POINT('',(5.,6.123233995737E-16));
#3196 = CARTESIAN_POINT('',(1.25,-2.165063509461));
#3197 = CARTESIAN_POINT('',(-2.5,-4.330127018922));
#3198 = CARTESIAN_POINT('',(-2.5,0.));
#3199 = ( GEOMETRIC_REPRESENTATION_CONTEXT(2) 
PARAMETRIC_REPRESENTATION_CONTEXT() REPRESENTATION_CONTEXT('2D SPACE',''
  ) );
#3200 = ORIENTED_EDGE('',*,*,#3140,.F.);
#3201 = ORIENTED_EDGE('',*,*,#3202,.F.);
#3202 = EDGE_CURVE('',#3141,#3141,#3203,.T.);
#3203 = SURFACE_CURVE('',#3204,(#3209,#3216),.PCURVE_S1.);
#3204 = CIRCLE('',#3205,2.5);
#3205 = AXIS2_PLACEMENT_3D('',#3206,#3207,#3208);
#3206 = CARTESIAN_POINT('',(84.,44.5,-14.8));
#3207 = DIRECTION('',(0.,0.,-1.));
#3208 = DIRECTION('',(1.,-0.,-0.));
#3209 = PCURVE('',#3151,#3210);
#3210 = DEFINITIONAL_REPRESENTATION('',(#3211),#3215);
#3211 = LINE('',#3212,#3213);
#3212 = CARTESIAN_POINT('',(0.,0.));
#3213 = VECTOR('',#3214,1.);
#3214 = DIRECTION('',(1.,0.));
#3215 = ( GEOMETRIC_REPRESENTATION_CONTEXT(2) 
PARAMETRIC_REPRESENTATION_CONTEXT() REPRESENTATION_CONTEXT('2D SPACE',''
  ) );
#3216 = PCURVE('',#3217,#3222);
#3217 = PLANE('',#3218);
#3218 = AXIS2_PLACEMENT_3D('',#3219,#3220,#3221);
#3219 = CARTESIAN_POINT('',(84.,44.5,-14.8));
#3220 = DIRECTION('',(-0.,-0.,1.));
#3221 = DIRECTION('',(-1.,0.,0.));
#3222 = DEFINITIONAL_REPRESENTATION('',(#3223),#3231);
#3223 = ( BOUNDED_CURVE() B_SPLINE_CURVE(2,(#3224,#3225,#3226,#3227,
#3228,#3229,#3230),.UNSPECIFIED.,.T.,.F.) B_SPLINE_CURVE_WITH_KNOTS((1,2
    ,2,2,2,1),(-2.094395102393,0.,2.094395102393,4.188790204786,
6.28318530718,8.377580409573),.UNSPECIFIED.) CURVE() 
GEOMETRIC_REPRESENTATION_ITEM() RATIONAL_B_SPLINE_CURVE((1.,0.5,1.,0.5,
1.,0.5,1.)) REPRESENTATION_ITEM('') );
#3224 = CARTESIAN_POINT('',(-2.5,0.));
#3225 = CARTESIAN_POINT('',(-2.5,4.330127018922));
#3226 = CARTESIAN_POINT('',(1.25,2.165063509461));
#3227 = CARTESIAN_POINT('',(5.,6.123233995737E-16));
#3228 = CARTESIAN_POINT('',(1.25,-2.165063509461));
#3229 = CARTESIAN_POINT('',(-2.5,-4.330127018922));
#3230 = CARTESIAN_POINT('',(-2.5,0.));
#3231 = ( GEOMETRIC_REPRESENTATION_CONTEXT(2) 
PARAMETRIC_REPRESENTATION_CONTEXT() REPRESENTATION_CONTEXT('2D SPACE',''
  ) );
#3232 = ADVANCED_FACE('',(#3233),#3217,.F.);
#3233 = FACE_BOUND('',#3234,.T.);
#3234 = EDGE_LOOP('',(#3235));
#3235 = ORIENTED_EDGE('',*,*,#3202,.T.);
#3236 = ADVANCED_FACE('',(#3237,#3240),#3185,.T.);
#3237 = FACE_BOUND('',#3238,.F.);
#3238 = EDGE_LOOP('',(#3239));
#3239 = ORIENTED_EDGE('',*,*,#3170,.T.);
#3240 = FACE_BOUND('',#3241,.F.);
#3241 = EDGE_LOOP('',(#3242));
#3242 = ORIENTED_EDGE('',*,*,#3243,.F.);
#3243 = EDGE_CURVE('',#3244,#3244,#3246,.T.);
#3244 = VERTEX_POINT('',#3245);
#3245 = CARTESIAN_POINT('',(85.,44.5,-13.3));
#3246 = SURFACE_CURVE('',#3247,(#3252,#3263),.PCURVE_S1.);
#3247 = CIRCLE('',#3248,1.);
#3248 = AXIS2_PLACEMENT_3D('',#3249,#3250,#3251);
#3249 = CARTESIAN_POINT('',(84.,44.5,-13.3));
#3250 = DIRECTION('',(0.,0.,-1.));
#3251 = DIRECTION('',(1.,-0.,-0.));
#3252 = PCURVE('',#3185,#3253);
#3253 = DEFINITIONAL_REPRESENTATION('',(#3254),#3262);
#3254 = ( BOUNDED_CURVE() B_SPLINE_CURVE(2,(#3255,#3256,#3257,#3258,
#3259,#3260,#3261),.UNSPECIFIED.,.T.,.F.) B_SPLINE_CURVE_WITH_KNOTS((1,2
    ,2,2,2,1),(-2.094395102393,0.,2.094395102393,4.188790204786,
6.28318530718,8.377580409573),.UNSPECIFIED.) CURVE() 
GEOMETRIC_REPRESENTATION_ITEM() RATIONAL_B_SPLINE_CURVE((1.,0.5,1.,0.5,
1.,0.5,1.)) REPRESENTATION_ITEM('') );
#3255 = CARTESIAN_POINT('',(-1.,0.));
#3256 = CARTESIAN_POINT('',(-1.,1.732050807569));
#3257 = CARTESIAN_POINT('',(0.5,0.866025403784));
#3258 = CARTESIAN_POINT('',(2.,2.449293598295E-16));
#3259 = CARTESIAN_POINT('',(0.5,-0.866025403784));
#3260 = CARTESIAN_POINT('',(-1.,-1.732050807569));
#3261 = CARTESIAN_POINT('',(-1.,0.));
#3262 = ( GEOMETRIC_REPRESENTATION_CONTEXT(2) 
PARAMETRIC_REPRESENTATION_CONTEXT() REPRESENTATION_CONTEXT('2D SPACE',''
  ) );
#3263 = PCURVE('',#3264,#3269);
#3264 = CYLINDRICAL_SURFACE('',#3265,1.);
#3265 = AXIS2_PLACEMENT_3D('',#3266,#3267,#3268);
#3266 = CARTESIAN_POINT('',(84.,44.5,-13.3));
#3267 = DIRECTION('',(-0.,0.,-1.));
#3268 = DIRECTION('',(1.,-0.,-0.));
#3269 = DEFINITIONAL_REPRESENTATION('',(#3270),#3274);
#3270 = LINE('',#3271,#3272);
#3271 = CARTESIAN_POINT('',(0.,0.));
#3272 = VECTOR('',#3273,1.);
#3273 = DIRECTION('',(1.,0.));
#3274 = ( GEOMETRIC_REPRESENTATION_CONTEXT(2) 
PARAMETRIC_REPRESENTATION_CONTEXT() REPRESENTATION_CONTEXT('2D SPACE',''
  ) );
#3275 = ADVANCED_FACE('',(#3276),#3264,.T.);
#3276 = FACE_BOUND('',#3277,.T.);
#3277 = EDGE_LOOP('',(#3278,#3301,#3332,#3333));
#3278 = ORIENTED_EDGE('',*,*,#3279,.T.);
#3279 = EDGE_CURVE('',#3244,#3280,#3282,.T.);
#3280 = VERTEX_POINT('',#3281);
#3281 = CARTESIAN_POINT('',(85.,44.5,-1.3));
#3282 = SEAM_CURVE('',#3283,(#3287,#3294),.PCURVE_S1.);
#3283 = LINE('',#3284,#3285);
#3284 = CARTESIAN_POINT('',(85.,44.5,-13.3));
#3285 = VECTOR('',#3286,1.);
#3286 = DIRECTION('',(-0.,-0.,1.));
#3287 = PCURVE('',#3264,#3288);
#3288 = DEFINITIONAL_REPRESENTATION('',(#3289),#3293);
#3289 = LINE('',#3290,#3291);
#3290 = CARTESIAN_POINT('',(0.,0.));
#3291 = VECTOR('',#3292,1.);
#3292 = DIRECTION('',(0.,-1.));
#3293 = ( GEOMETRIC_REPRESENTATION_CONTEXT(2) 
PARAMETRIC_REPRESENTATION_CONTEXT() REPRESENTATION_CONTEXT('2D SPACE',''
  ) );
#3294 = PCURVE('',#3264,#3295);
#3295 = DEFINITIONAL_REPRESENTATION('',(#3296),#3300);
#3296 = LINE('',#3297,#3298);
#3297 = CARTESIAN_POINT('',(6.28318530718,0.));
#3298 = VECTOR('',#3299,1.);
#3299 = DIRECTION('',(0.,-1.));
#3300 = ( GEOMETRIC_REPRESENTATION_CONTEXT(2) 
PARAMETRIC_REPRESENTATION_CONTEXT() REPRESENTATION_CONTEXT('2D SPACE',''
  ) );
#3301 = ORIENTED_EDGE('',*,*,#3302,.T.);
#3302 = EDGE_CURVE('',#3280,#3280,#3303,.T.);
#3303 = SURFACE_CURVE('',#3304,(#3309,#3316),.PCURVE_S1.);
#3304 = CIRCLE('',#3305,1.);
#3305 = AXIS2_PLACEMENT_3D('',#3306,#3307,#3308);
#3306 = CARTESIAN_POINT('',(84.,44.5,-1.3));
#3307 = DIRECTION('',(0.,0.,-1.));
#3308 = DIRECTION('',(1.,-0.,-0.));
#3309 = PCURVE('',#3264,#3310);
#3310 = DEFINITIONAL_REPRESENTATION('',(#3311),#3315);
#3311 = LINE('',#3312,#3313);
#3312 = CARTESIAN_POINT('',(0.,-12.));
#3313 = VECTOR('',#3314,1.);
#3314 = DIRECTION('',(1.,0.));
#3315 = ( GEOMETRIC_REPRESENTATION_CONTEXT(2) 
PARAMETRIC_REPRESENTATION_CONTEXT() REPRESENTATION_CONTEXT('2D SPACE',''
  ) );
#3316 = PCURVE('',#3317,#3322);
#3317 = PLANE('',#3318);
#3318 = AXIS2_PLACEMENT_3D('',#3319,#3320,#3321);
#3319 = CARTESIAN_POINT('',(84.,44.5,-1.3));
#3320 = DIRECTION('',(-0.,-0.,1.));
#3321 = DIRECTION('',(-1.,0.,0.));
#3322 = DEFINITIONAL_REPRESENTATION('',(#3323),#3331);
#3323 = ( BOUNDED_CURVE() B_SPLINE_CURVE(2,(#3324,#3325,#3326,#3327,
#3328,#3329,#3330),.UNSPECIFIED.,.T.,.F.) B_SPLINE_CURVE_WITH_KNOTS((1,2
    ,2,2,2,1),(-2.094395102393,0.,2.094395102393,4.188790204786,
6.28318530718,8.377580409573),.UNSPECIFIED.) CURVE() 
GEOMETRIC_REPRESENTATION_ITEM() RATIONAL_B_SPLINE_CURVE((1.,0.5,1.,0.5,
1.,0.5,1.)) REPRESENTATION_ITEM('') );
#3324 = CARTESIAN_POINT('',(-1.,0.));
#3325 = CARTESIAN_POINT('',(-1.,1.732050807569));
#3326 = CARTESIAN_POINT('',(0.5,0.866025403784));
#3327 = CARTESIAN_POINT('',(2.,2.449293598295E-16));
#3328 = CARTESIAN_POINT('',(0.5,-0.866025403784));
#3329 = CARTESIAN_POINT('',(-1.,-1.732050807569));
#3330 = CARTESIAN_POINT('',(-1.,0.));
#3331 = ( GEOMETRIC_REPRESENTATION_CONTEXT(2) 
PARAMETRIC_REPRESENTATION_CONTEXT() REPRESENTATION_CONTEXT('2D SPACE',''
  ) );
#3332 = ORIENTED_EDGE('',*,*,#3279,.F.);
#3333 = ORIENTED_EDGE('',*,*,#3243,.F.);
#3334 = ADVANCED_FACE('',(#3335),#3317,.T.);
#3335 = FACE_BOUND('',#3336,.F.);
#3336 = EDGE_LOOP('',(#3337));
#3337 = ORIENTED_EDGE('',*,*,#3302,.T.);
#3338 = ( GEOMETRIC_REPRESENTATION_CONTEXT(3) 
GLOBAL_UNCERTAINTY_ASSIGNED_CONTEXT((#3342)) 
GLOBAL_UNIT_ASSIGNED_CONTEXT((#3339,#3340,#3341)) REPRESENTATION_CONTEXT
('Context #1','3D Context with UNIT and UNCERTAINTY') );
#3339 = ( LENGTH_UNIT() NAMED_UNIT(*) SI_UNIT(.MILLI.,.METRE.) );
#3340 = ( NAMED_UNIT(*) PLANE_ANGLE_UNIT() SI_UNIT($,.RADIAN.) );
#3341 = ( NAMED_UNIT(*) SI_UNIT($,.STERADIAN.) SOLID_ANGLE_UNIT() );
#3342 = UNCERTAINTY_MEASURE_WITH_UNIT(LENGTH_MEASURE(1.E-07),#3339,
  'distance_accuracy_value','confusion accuracy');
#3343 = CONTEXT_DEPENDENT_SHAPE_REPRESENTATION(#3344,#3346);
#3344 = ( REPRESENTATION_RELATIONSHIP('','',#3133,#10) 
REPRESENTATION_RELATIONSHIP_WITH_TRANSFORMATION(#3345) 
SHAPE_REPRESENTATION_RELATIONSHIP() );
#3345 = ITEM_DEFINED_TRANSFORMATION('','',#11,#43);
#3346 = PRODUCT_DEFINITION_SHAPE('Placement','Placement of an item',
  #3347);
#3347 = NEXT_ASSEMBLY_USAGE_OCCURRENCE('72','','',#5,#3128,$);
#3348 = PRODUCT_RELATED_PRODUCT_CATEGORY('part',$,(#3130));
#3349 = SHAPE_DEFINITION_REPRESENTATION(#3350,#3356);
#3350 = PRODUCT_DEFINITION_SHAPE('','',#3351);
#3351 = PRODUCT_DEFINITION('design','',#3352,#3355);
#3352 = PRODUCT_DEFINITION_FORMATION('','',#3353);
#3353 = PRODUCT('Open CASCADE STEP translator 7.9 33.9',
  'Open CASCADE STEP translator 7.9 33.9','',(#3354));
#3354 = PRODUCT_CONTEXT('',#2,'mechanical');
#3355 = PRODUCT_DEFINITION_CONTEXT('part definition',#2,'design');
#3356 = ADVANCED_BREP_SHAPE_REPRESENTATION('',(#11,#3357),#3935);
#3357 = MANIFOLD_SOLID_BREP('',#3358);
#3358 = CLOSED_SHELL('',(#3359,#3479,#3555,#3631,#3744,#3847,#3874,#3901
    ,#3908));
#3359 = ADVANCED_FACE('',(#3360),#3374,.T.);
#3360 = FACE_BOUND('',#3361,.F.);
#3361 = EDGE_LOOP('',(#3362,#3397,#3425,#3453));
#3362 = ORIENTED_EDGE('',*,*,#3363,.T.);
#3363 = EDGE_CURVE('',#3364,#3366,#3368,.T.);
#3364 = VERTEX_POINT('',#3365);
#3365 = CARTESIAN_POINT('',(62.190598923241,37.,-1.5));
#3366 = VERTEX_POINT('',#3367);
#3367 = CARTESIAN_POINT('',(62.190598923241,37.,-3.1));
#3368 = SURFACE_CURVE('',#3369,(#3373,#3385),.PCURVE_S1.);
#3369 = LINE('',#3370,#3371);
#3370 = CARTESIAN_POINT('',(62.190598923241,37.,-1.5));
#3371 = VECTOR('',#3372,1.);
#3372 = DIRECTION('',(-0.,-0.,-1.));
#3373 = PCURVE('',#3374,#3379);
#3374 = PLANE('',#3375);
#3375 = AXIS2_PLACEMENT_3D('',#3376,#3377,#3378);
#3376 = CARTESIAN_POINT('',(62.190598923241,37.,-1.5));
#3377 = DIRECTION('',(-0.866025403784,0.5,0.));
#3378 = DIRECTION('',(-0.5,-0.866025403784,0.));
#3379 = DEFINITIONAL_REPRESENTATION('',(#3380),#3384);
#3380 = LINE('',#3381,#3382);
#3381 = CARTESIAN_POINT('',(-0.,0.));
#3382 = VECTOR('',#3383,1.);
#3383 = DIRECTION('',(-0.,-1.));
#3384 = ( GEOMETRIC_REPRESENTATION_CONTEXT(2) 
PARAMETRIC_REPRESENTATION_CONTEXT() REPRESENTATION_CONTEXT('2D SPACE',''
  ) );
#3385 = PCURVE('',#3386,#3391);
#3386 = PLANE('',#3387);
#3387 = AXIS2_PLACEMENT_3D('',#3388,#3389,#3390);
#3388 = CARTESIAN_POINT('',(63.345299461621,35.,-1.5));
#3389 = DIRECTION('',(-0.866025403784,-0.5,-0.));
#3390 = DIRECTION('',(0.5,-0.866025403784,-0.));
#3391 = DEFINITIONAL_REPRESENTATION('',(#3392),#3396);
#3392 = LINE('',#3393,#3394);
#3393 = CARTESIAN_POINT('',(-2.309401076759,0.));
#3394 = VECTOR('',#3395,1.);
#3395 = DIRECTION('',(-0.,-1.));
#3396 = ( GEOMETRIC_REPRESENTATION_CONTEXT(2) 
PARAMETRIC_REPRESENTATION_CONTEXT() REPRESENTATION_CONTEXT('2D SPACE',''
  ) );
#3397 = ORIENTED_EDGE('',*,*,#3398,.T.);
#3398 = EDGE_CURVE('',#3366,#3399,#3401,.T.);
#3399 = VERTEX_POINT('',#3400);
#3400 = CARTESIAN_POINT('',(63.345299461621,39.,-3.1));
#3401 = SURFACE_CURVE('',#3402,(#3406,#3413),.PCURVE_S1.);
#3402 = LINE('',#3403,#3404);
#3403 = CARTESIAN_POINT('',(62.190598923241,37.,-3.1));
#3404 = VECTOR('',#3405,1.);
#3405 = DIRECTION('',(0.5,0.866025403784,-0.));
#3406 = PCURVE('',#3374,#3407);
#3407 = DEFINITIONAL_REPRESENTATION('',(#3408),#3412);
#3408 = LINE('',#3409,#3410);
#3409 = CARTESIAN_POINT('',(-0.,-1.6));
#3410 = VECTOR('',#3411,1.);
#3411 = DIRECTION('',(-1.,0.));
#3412 = ( GEOMETRIC_REPRESENTATION_CONTEXT(2) 
PARAMETRIC_REPRESENTATION_CONTEXT() REPRESENTATION_CONTEXT('2D SPACE',''
  ) );
#3413 = PCURVE('',#3414,#3419);
#3414 = PLANE('',#3415);
#3415 = AXIS2_PLACEMENT_3D('',#3416,#3417,#3418);
#3416 = CARTESIAN_POINT('',(64.5,37.,-3.1));
#3417 = DIRECTION('',(-0.,-0.,1.));
#3418 = DIRECTION('',(1.,1.224646799147E-16,0.));
#3419 = DEFINITIONAL_REPRESENTATION('',(#3420),#3424);
#3420 = LINE('',#3421,#3422);
#3421 = CARTESIAN_POINT('',(-2.309401076759,2.8282006366E-16));
#3422 = VECTOR('',#3423,1.);
#3423 = DIRECTION('',(0.5,0.866025403784));
#3424 = ( GEOMETRIC_REPRESENTATION_CONTEXT(2) 
PARAMETRIC_REPRESENTATION_CONTEXT() REPRESENTATION_CONTEXT('2D SPACE',''
  ) );
#3425 = ORIENTED_EDGE('',*,*,#3426,.F.);
#3426 = EDGE_CURVE('',#3427,#3399,#3429,.T.);
#3427 = VERTEX_POINT('',#3428);
#3428 = CARTESIAN_POINT('',(63.345299461621,39.,-1.5));
#3429 = SURFACE_CURVE('',#3430,(#3434,#3441),.PCURVE_S1.);
#3430 = LINE('',#3431,#3432);
#3431 = CARTESIAN_POINT('',(63.345299461621,39.,-1.5));
#3432 = VECTOR('',#3433,1.);
#3433 = DIRECTION('',(-0.,-0.,-1.));
#3434 = PCURVE('',#3374,#3435);
#3435 = DEFINITIONAL_REPRESENTATION('',(#3436),#3440);
#3436 = LINE('',#3437,#3438);
#3437 = CARTESIAN_POINT('',(-2.309401076759,0.));
#3438 = VECTOR('',#3439,1.);
#3439 = DIRECTION('',(-0.,-1.));
#3440 = ( GEOMETRIC_REPRESENTATION_CONTEXT(2) 
PARAMETRIC_REPRESENTATION_CONTEXT() REPRESENTATION_CONTEXT('2D SPACE',''
  ) );
#3441 = PCURVE('',#3442,#3447);
#3442 = PLANE('',#3443);
#3443 = AXIS2_PLACEMENT_3D('',#3444,#3445,#3446);
#3444 = CARTESIAN_POINT('',(63.345299461621,39.,-1.5));
#3445 = DIRECTION('',(-3.147609485531E-16,1.,0.));
#3446 = DIRECTION('',(-1.,-3.147609485531E-16,0.));
#3447 = DEFINITIONAL_REPRESENTATION('',(#3448),#3452);
#3448 = LINE('',#3449,#3450);
#3449 = CARTESIAN_POINT('',(-0.,0.));
#3450 = VECTOR('',#3451,1.);
#3451 = DIRECTION('',(-0.,-1.));
#3452 = ( GEOMETRIC_REPRESENTATION_CONTEXT(2) 
PARAMETRIC_REPRESENTATION_CONTEXT() REPRESENTATION_CONTEXT('2D SPACE',''
  ) );
#3453 = ORIENTED_EDGE('',*,*,#3454,.F.);
#3454 = EDGE_CURVE('',#3364,#3427,#3455,.T.);
#3455 = SURFACE_CURVE('',#3456,(#3460,#3467),.PCURVE_S1.);
#3456 = LINE('',#3457,#3458);
#3457 = CARTESIAN_POINT('',(62.190598923241,37.,-1.5));
#3458 = VECTOR('',#3459,1.);
#3459 = DIRECTION('',(0.5,0.866025403784,-0.));
#3460 = PCURVE('',#3374,#3461);
#3461 = DEFINITIONAL_REPRESENTATION('',(#3462),#3466);
#3462 = LINE('',#3463,#3464);
#3463 = CARTESIAN_POINT('',(-0.,0.));
#3464 = VECTOR('',#3465,1.);
#3465 = DIRECTION('',(-1.,0.));
#3466 = ( GEOMETRIC_REPRESENTATION_CONTEXT(2) 
PARAMETRIC_REPRESENTATION_CONTEXT() REPRESENTATION_CONTEXT('2D SPACE',''
  ) );
#3467 = PCURVE('',#3468,#3473);
#3468 = PLANE('',#3469);
#3469 = AXIS2_PLACEMENT_3D('',#3470,#3471,#3472);
#3470 = CARTESIAN_POINT('',(64.5,37.,-1.5));
#3471 = DIRECTION('',(-0.,-0.,1.));
#3472 = DIRECTION('',(1.,1.224646799147E-16,0.));
#3473 = DEFINITIONAL_REPRESENTATION('',(#3474),#3478);
#3474 = LINE('',#3475,#3476);
#3475 = CARTESIAN_POINT('',(-2.309401076759,2.8282006366E-16));
#3476 = VECTOR('',#3477,1.);
#3477 = DIRECTION('',(0.5,0.866025403784));
#3478 = ( GEOMETRIC_REPRESENTATION_CONTEXT(2) 
PARAMETRIC_REPRESENTATION_CONTEXT() REPRESENTATION_CONTEXT('2D SPACE',''
  ) );
#3479 = ADVANCED_FACE('',(#3480),#3386,.T.);
#3480 = FACE_BOUND('',#3481,.F.);
#3481 = EDGE_LOOP('',(#3482,#3512,#3533,#3534));
#3482 = ORIENTED_EDGE('',*,*,#3483,.T.);
#3483 = EDGE_CURVE('',#3484,#3486,#3488,.T.);
#3484 = VERTEX_POINT('',#3485);
#3485 = CARTESIAN_POINT('',(63.345299461621,35.,-1.5));
#3486 = VERTEX_POINT('',#3487);
#3487 = CARTESIAN_POINT('',(63.345299461621,35.,-3.1));
#3488 = SURFACE_CURVE('',#3489,(#3493,#3500),.PCURVE_S1.);
#3489 = LINE('',#3490,#3491);
#3490 = CARTESIAN_POINT('',(63.345299461621,35.,-1.5));
#3491 = VECTOR('',#3492,1.);
#3492 = DIRECTION('',(-0.,-0.,-1.));
#3493 = PCURVE('',#3386,#3494);
#3494 = DEFINITIONAL_REPRESENTATION('',(#3495),#3499);
#3495 = LINE('',#3496,#3497);
#3496 = CARTESIAN_POINT('',(-0.,0.));
#3497 = VECTOR('',#3498,1.);
#3498 = DIRECTION('',(-0.,-1.));
#3499 = ( GEOMETRIC_REPRESENTATION_CONTEXT(2) 
PARAMETRIC_REPRESENTATION_CONTEXT() REPRESENTATION_CONTEXT('2D SPACE',''
  ) );
#3500 = PCURVE('',#3501,#3506);
#3501 = PLANE('',#3502);
#3502 = AXIS2_PLACEMENT_3D('',#3503,#3504,#3505);
#3503 = CARTESIAN_POINT('',(65.654700538379,35.,-1.5));
#3504 = DIRECTION('',(8.916497544682E-16,-1.,-0.));
#3505 = DIRECTION('',(1.,8.916497544682E-16,0.));
#3506 = DEFINITIONAL_REPRESENTATION('',(#3507),#3511);
#3507 = LINE('',#3508,#3509);
#3508 = CARTESIAN_POINT('',(-2.309401076759,0.));
#3509 = VECTOR('',#3510,1.);
#3510 = DIRECTION('',(-0.,-1.));
#3511 = ( GEOMETRIC_REPRESENTATION_CONTEXT(2) 
PARAMETRIC_REPRESENTATION_CONTEXT() REPRESENTATION_CONTEXT('2D SPACE',''
  ) );
#3512 = ORIENTED_EDGE('',*,*,#3513,.T.);
#3513 = EDGE_CURVE('',#3486,#3366,#3514,.T.);
#3514 = SURFACE_CURVE('',#3515,(#3519,#3526),.PCURVE_S1.);
#3515 = LINE('',#3516,#3517);
#3516 = CARTESIAN_POINT('',(63.345299461621,35.,-3.1));
#3517 = VECTOR('',#3518,1.);
#3518 = DIRECTION('',(-0.5,0.866025403784,0.));
#3519 = PCURVE('',#3386,#3520);
#3520 = DEFINITIONAL_REPRESENTATION('',(#3521),#3525);
#3521 = LINE('',#3522,#3523);
#3522 = CARTESIAN_POINT('',(-0.,-1.6));
#3523 = VECTOR('',#3524,1.);
#3524 = DIRECTION('',(-1.,0.));
#3525 = ( GEOMETRIC_REPRESENTATION_CONTEXT(2) 
PARAMETRIC_REPRESENTATION_CONTEXT() REPRESENTATION_CONTEXT('2D SPACE',''
  ) );
#3526 = PCURVE('',#3414,#3527);
#3527 = DEFINITIONAL_REPRESENTATION('',(#3528),#3532);
#3528 = LINE('',#3529,#3530);
#3529 = CARTESIAN_POINT('',(-1.154700538379,-2.));
#3530 = VECTOR('',#3531,1.);
#3531 = DIRECTION('',(-0.5,0.866025403784));
#3532 = ( GEOMETRIC_REPRESENTATION_CONTEXT(2) 
PARAMETRIC_REPRESENTATION_CONTEXT() REPRESENTATION_CONTEXT('2D SPACE',''
  ) );
#3533 = ORIENTED_EDGE('',*,*,#3363,.F.);
#3534 = ORIENTED_EDGE('',*,*,#3535,.F.);
#3535 = EDGE_CURVE('',#3484,#3364,#3536,.T.);
#3536 = SURFACE_CURVE('',#3537,(#3541,#3548),.PCURVE_S1.);
#3537 = LINE('',#3538,#3539);
#3538 = CARTESIAN_POINT('',(63.345299461621,35.,-1.5));
#3539 = VECTOR('',#3540,1.);
#3540 = DIRECTION('',(-0.5,0.866025403784,0.));
#3541 = PCURVE('',#3386,#3542);
#3542 = DEFINITIONAL_REPRESENTATION('',(#3543),#3547);
#3543 = LINE('',#3544,#3545);
#3544 = CARTESIAN_POINT('',(-0.,0.));
#3545 = VECTOR('',#3546,1.);
#3546 = DIRECTION('',(-1.,0.));
#3547 = ( GEOMETRIC_REPRESENTATION_CONTEXT(2) 
PARAMETRIC_REPRESENTATION_CONTEXT() REPRESENTATION_CONTEXT('2D SPACE',''
  ) );
#3548 = PCURVE('',#3468,#3549);
#3549 = DEFINITIONAL_REPRESENTATION('',(#3550),#3554);
#3550 = LINE('',#3551,#3552);
#3551 = CARTESIAN_POINT('',(-1.154700538379,-2.));
#3552 = VECTOR('',#3553,1.);
#3553 = DIRECTION('',(-0.5,0.866025403784));
#3554 = ( GEOMETRIC_REPRESENTATION_CONTEXT(2) 
PARAMETRIC_REPRESENTATION_CONTEXT() REPRESENTATION_CONTEXT('2D SPACE',''
  ) );
#3555 = ADVANCED_FACE('',(#3556),#3442,.T.);
#3556 = FACE_BOUND('',#3557,.F.);
#3557 = EDGE_LOOP('',(#3558,#3559,#3582,#3610));
#3558 = ORIENTED_EDGE('',*,*,#3426,.T.);
#3559 = ORIENTED_EDGE('',*,*,#3560,.T.);
#3560 = EDGE_CURVE('',#3399,#3561,#3563,.T.);
#3561 = VERTEX_POINT('',#3562);
#3562 = CARTESIAN_POINT('',(65.654700538379,39.,-3.1));
#3563 = SURFACE_CURVE('',#3564,(#3568,#3575),.PCURVE_S1.);
#3564 = LINE('',#3565,#3566);
#3565 = CARTESIAN_POINT('',(63.345299461621,39.,-3.1));
#3566 = VECTOR('',#3567,1.);
#3567 = DIRECTION('',(1.,3.147609485531E-16,-0.));
#3568 = PCURVE('',#3442,#3569);
#3569 = DEFINITIONAL_REPRESENTATION('',(#3570),#3574);
#3570 = LINE('',#3571,#3572);
#3571 = CARTESIAN_POINT('',(-0.,-1.6));
#3572 = VECTOR('',#3573,1.);
#3573 = DIRECTION('',(-1.,-0.));
#3574 = ( GEOMETRIC_REPRESENTATION_CONTEXT(2) 
PARAMETRIC_REPRESENTATION_CONTEXT() REPRESENTATION_CONTEXT('2D SPACE',''
  ) );
#3575 = PCURVE('',#3414,#3576);
#3576 = DEFINITIONAL_REPRESENTATION('',(#3577),#3581);
#3577 = LINE('',#3578,#3579);
#3578 = CARTESIAN_POINT('',(-1.154700538379,2.));
#3579 = VECTOR('',#3580,1.);
#3580 = DIRECTION('',(1.,1.922962686384E-16));
#3581 = ( GEOMETRIC_REPRESENTATION_CONTEXT(2) 
PARAMETRIC_REPRESENTATION_CONTEXT() REPRESENTATION_CONTEXT('2D SPACE',''
  ) );
#3582 = ORIENTED_EDGE('',*,*,#3583,.F.);
#3583 = EDGE_CURVE('',#3584,#3561,#3586,.T.);
#3584 = VERTEX_POINT('',#3585);
#3585 = CARTESIAN_POINT('',(65.654700538379,39.,-1.5));
#3586 = SURFACE_CURVE('',#3587,(#3591,#3598),.PCURVE_S1.);
#3587 = LINE('',#3588,#3589);
#3588 = CARTESIAN_POINT('',(65.654700538379,39.,-1.5));
#3589 = VECTOR('',#3590,1.);
#3590 = DIRECTION('',(-0.,-0.,-1.));
#3591 = PCURVE('',#3442,#3592);
#3592 = DEFINITIONAL_REPRESENTATION('',(#3593),#3597);
#3593 = LINE('',#3594,#3595);
#3594 = CARTESIAN_POINT('',(-2.309401076758,0.));
#3595 = VECTOR('',#3596,1.);
#3596 = DIRECTION('',(-0.,-1.));
#3597 = ( GEOMETRIC_REPRESENTATION_CONTEXT(2) 
PARAMETRIC_REPRESENTATION_CONTEXT() REPRESENTATION_CONTEXT('2D SPACE',''
  ) );
#3598 = PCURVE('',#3599,#3604);
#3599 = PLANE('',#3600);
#3600 = AXIS2_PLACEMENT_3D('',#3601,#3602,#3603);
#3601 = CARTESIAN_POINT('',(65.654700538379,39.,-1.5));
#3602 = DIRECTION('',(0.866025403784,0.5,-0.));
#3603 = DIRECTION('',(-0.5,0.866025403784,0.));
#3604 = DEFINITIONAL_REPRESENTATION('',(#3605),#3609);
#3605 = LINE('',#3606,#3607);
#3606 = CARTESIAN_POINT('',(-0.,0.));
#3607 = VECTOR('',#3608,1.);
#3608 = DIRECTION('',(-0.,-1.));
#3609 = ( GEOMETRIC_REPRESENTATION_CONTEXT(2) 
PARAMETRIC_REPRESENTATION_CONTEXT() REPRESENTATION_CONTEXT('2D SPACE',''
  ) );
#3610 = ORIENTED_EDGE('',*,*,#3611,.F.);
#3611 = EDGE_CURVE('',#3427,#3584,#3612,.T.);
#3612 = SURFACE_CURVE('',#3613,(#3617,#3624),.PCURVE_S1.);
#3613 = LINE('',#3614,#3615);
#3614 = CARTESIAN_POINT('',(63.345299461621,39.,-1.5));
#3615 = VECTOR('',#3616,1.);
#3616 = DIRECTION('',(1.,3.147609485531E-16,-0.));
#3617 = PCURVE('',#3442,#3618);
#3618 = DEFINITIONAL_REPRESENTATION('',(#3619),#3623);
#3619 = LINE('',#3620,#3621);
#3620 = CARTESIAN_POINT('',(-0.,0.));
#3621 = VECTOR('',#3622,1.);
#3622 = DIRECTION('',(-1.,-0.));
#3623 = ( GEOMETRIC_REPRESENTATION_CONTEXT(2) 
PARAMETRIC_REPRESENTATION_CONTEXT() REPRESENTATION_CONTEXT('2D SPACE',''
  ) );
#3624 = PCURVE('',#3468,#3625);
#3625 = DEFINITIONAL_REPRESENTATION('',(#3626),#3630);
#3626 = LINE('',#3627,#3628);
#3627 = CARTESIAN_POINT('',(-1.154700538379,2.));
#3628 = VECTOR('',#3629,1.);
#3629 = DIRECTION('',(1.,1.922962686384E-16));
#3630 = ( GEOMETRIC_REPRESENTATION_CONTEXT(2) 
PARAMETRIC_REPRESENTATION_CONTEXT() REPRESENTATION_CONTEXT('2D SPACE',''
  ) );
#3631 = ADVANCED_FACE('',(#3632,#3709),#3468,.T.);
#3632 = FACE_BOUND('',#3633,.F.);
#3633 = EDGE_LOOP('',(#3634,#3635,#3636,#3659,#3687,#3708));
#3634 = ORIENTED_EDGE('',*,*,#3454,.T.);
#3635 = ORIENTED_EDGE('',*,*,#3611,.T.);
#3636 = ORIENTED_EDGE('',*,*,#3637,.T.);
#3637 = EDGE_CURVE('',#3584,#3638,#3640,.T.);
#3638 = VERTEX_POINT('',#3639);
#3639 = CARTESIAN_POINT('',(66.809401076759,37.,-1.5));
#3640 = SURFACE_CURVE('',#3641,(#3645,#3652),.PCURVE_S1.);
#3641 = LINE('',#3642,#3643);
#3642 = CARTESIAN_POINT('',(65.654700538379,39.,-1.5));
#3643 = VECTOR('',#3644,1.);
#3644 = DIRECTION('',(0.5,-0.866025403784,-0.));
#3645 = PCURVE('',#3468,#3646);
#3646 = DEFINITIONAL_REPRESENTATION('',(#3647),#3651);
#3647 = LINE('',#3648,#3649);
#3648 = CARTESIAN_POINT('',(1.154700538379,2.));
#3649 = VECTOR('',#3650,1.);
#3650 = DIRECTION('',(0.5,-0.866025403784));
#3651 = ( GEOMETRIC_REPRESENTATION_CONTEXT(2) 
PARAMETRIC_REPRESENTATION_CONTEXT() REPRESENTATION_CONTEXT('2D SPACE',''
  ) );
#3652 = PCURVE('',#3599,#3653);
#3653 = DEFINITIONAL_REPRESENTATION('',(#3654),#3658);
#3654 = LINE('',#3655,#3656);
#3655 = CARTESIAN_POINT('',(-0.,0.));
#3656 = VECTOR('',#3657,1.);
#3657 = DIRECTION('',(-1.,0.));
#3658 = ( GEOMETRIC_REPRESENTATION_CONTEXT(2) 
PARAMETRIC_REPRESENTATION_CONTEXT() REPRESENTATION_CONTEXT('2D SPACE',''
  ) );
#3659 = ORIENTED_EDGE('',*,*,#3660,.T.);
#3660 = EDGE_CURVE('',#3638,#3661,#3663,.T.);
#3661 = VERTEX_POINT('',#3662);
#3662 = CARTESIAN_POINT('',(65.654700538379,35.,-1.5));
#3663 = SURFACE_CURVE('',#3664,(#3668,#3675),.PCURVE_S1.);
#3664 = LINE('',#3665,#3666);
#3665 = CARTESIAN_POINT('',(66.809401076759,37.,-1.5));
#3666 = VECTOR('',#3667,1.);
#3667 = DIRECTION('',(-0.5,-0.866025403784,-0.));
#3668 = PCURVE('',#3468,#3669);
#3669 = DEFINITIONAL_REPRESENTATION('',(#3670),#3674);
#3670 = LINE('',#3671,#3672);
#3671 = CARTESIAN_POINT('',(2.309401076759,-2.8282006366E-16));
#3672 = VECTOR('',#3673,1.);
#3673 = DIRECTION('',(-0.5,-0.866025403784));
#3674 = ( GEOMETRIC_REPRESENTATION_CONTEXT(2) 
PARAMETRIC_REPRESENTATION_CONTEXT() REPRESENTATION_CONTEXT('2D SPACE',''
  ) );
#3675 = PCURVE('',#3676,#3681);
#3676 = PLANE('',#3677);
#3677 = AXIS2_PLACEMENT_3D('',#3678,#3679,#3680);
#3678 = CARTESIAN_POINT('',(66.809401076759,37.,-1.5));
#3679 = DIRECTION('',(0.866025403784,-0.5,-0.));
#3680 = DIRECTION('',(0.5,0.866025403784,0.));
#3681 = DEFINITIONAL_REPRESENTATION('',(#3682),#3686);
#3682 = LINE('',#3683,#3684);
#3683 = CARTESIAN_POINT('',(0.,-0.));
#3684 = VECTOR('',#3685,1.);
#3685 = DIRECTION('',(-1.,0.));
#3686 = ( GEOMETRIC_REPRESENTATION_CONTEXT(2) 
PARAMETRIC_REPRESENTATION_CONTEXT() REPRESENTATION_CONTEXT('2D SPACE',''
  ) );
#3687 = ORIENTED_EDGE('',*,*,#3688,.T.);
#3688 = EDGE_CURVE('',#3661,#3484,#3689,.T.);
#3689 = SURFACE_CURVE('',#3690,(#3694,#3701),.PCURVE_S1.);
#3690 = LINE('',#3691,#3692);
#3691 = CARTESIAN_POINT('',(65.654700538379,35.,-1.5));
#3692 = VECTOR('',#3693,1.);
#3693 = DIRECTION('',(-1.,-8.916497544682E-16,-0.));
#3694 = PCURVE('',#3468,#3695);
#3695 = DEFINITIONAL_REPRESENTATION('',(#3696),#3700);
#3696 = LINE('',#3697,#3698);
#3697 = CARTESIAN_POINT('',(1.154700538379,-2.));
#3698 = VECTOR('',#3699,1.);
#3699 = DIRECTION('',(-1.,-7.691850745534E-16));
#3700 = ( GEOMETRIC_REPRESENTATION_CONTEXT(2) 
PARAMETRIC_REPRESENTATION_CONTEXT() REPRESENTATION_CONTEXT('2D SPACE',''
  ) );
#3701 = PCURVE('',#3501,#3702);
#3702 = DEFINITIONAL_REPRESENTATION('',(#3703),#3707);
#3703 = LINE('',#3704,#3705);
#3704 = CARTESIAN_POINT('',(0.,-0.));
#3705 = VECTOR('',#3706,1.);
#3706 = DIRECTION('',(-1.,0.));
#3707 = ( GEOMETRIC_REPRESENTATION_CONTEXT(2) 
PARAMETRIC_REPRESENTATION_CONTEXT() REPRESENTATION_CONTEXT('2D SPACE',''
  ) );
#3708 = ORIENTED_EDGE('',*,*,#3535,.T.);
#3709 = FACE_BOUND('',#3710,.F.);
#3710 = EDGE_LOOP('',(#3711));
#3711 = ORIENTED_EDGE('',*,*,#3712,.F.);
#3712 = EDGE_CURVE('',#3713,#3713,#3715,.T.);
#3713 = VERTEX_POINT('',#3714);
#3714 = CARTESIAN_POINT('',(65.3,37.,-1.5));
#3715 = SURFACE_CURVE('',#3716,(#3721,#3732),.PCURVE_S1.);
#3716 = CIRCLE('',#3717,0.8);
#3717 = AXIS2_PLACEMENT_3D('',#3718,#3719,#3720);
#3718 = CARTESIAN_POINT('',(64.5,37.,-1.5));
#3719 = DIRECTION('',(0.,0.,-1.));
#3720 = DIRECTION('',(1.,-0.,-0.));
#3721 = PCURVE('',#3468,#3722);
#3722 = DEFINITIONAL_REPRESENTATION('',(#3723),#3731);
#3723 = ( BOUNDED_CURVE() B_SPLINE_CURVE(2,(#3724,#3725,#3726,#3727,
#3728,#3729,#3730),.UNSPECIFIED.,.T.,.F.) B_SPLINE_CURVE_WITH_KNOTS((1,2
    ,2,2,2,1),(-2.094395102393,0.,2.094395102393,4.188790204786,
6.28318530718,8.377580409573),.UNSPECIFIED.) CURVE() 
GEOMETRIC_REPRESENTATION_ITEM() RATIONAL_B_SPLINE_CURVE((1.,0.5,1.,0.5,
1.,0.5,1.)) REPRESENTATION_ITEM('') );
#3724 = CARTESIAN_POINT('',(0.8,-9.797174393179E-17));
#3725 = CARTESIAN_POINT('',(0.8,-1.385640646055));
#3726 = CARTESIAN_POINT('',(-0.4,-0.692820323028));
#3727 = CARTESIAN_POINT('',(-1.6,-2.082001521325E-32));
#3728 = CARTESIAN_POINT('',(-0.4,0.692820323028));
#3729 = CARTESIAN_POINT('',(0.8,1.385640646055));
#3730 = CARTESIAN_POINT('',(0.8,-9.797174393179E-17));
#3731 = ( GEOMETRIC_REPRESENTATION_CONTEXT(2) 
PARAMETRIC_REPRESENTATION_CONTEXT() REPRESENTATION_CONTEXT('2D SPACE',''
  ) );
#3732 = PCURVE('',#3733,#3738);
#3733 = CYLINDRICAL_SURFACE('',#3734,0.8);
#3734 = AXIS2_PLACEMENT_3D('',#3735,#3736,#3737);
#3735 = CARTESIAN_POINT('',(64.5,37.,-1.5));
#3736 = DIRECTION('',(-0.,-0.,1.));
#3737 = DIRECTION('',(1.,-0.,-0.));
#3738 = DEFINITIONAL_REPRESENTATION('',(#3739),#3743);
#3739 = LINE('',#3740,#3741);
#3740 = CARTESIAN_POINT('',(-0.,0.));
#3741 = VECTOR('',#3742,1.);
#3742 = DIRECTION('',(-1.,0.));
#3743 = ( GEOMETRIC_REPRESENTATION_CONTEXT(2) 
PARAMETRIC_REPRESENTATION_CONTEXT() REPRESENTATION_CONTEXT('2D SPACE',''
  ) );
#3744 = ADVANCED_FACE('',(#3745,#3817),#3414,.F.);
#3745 = FACE_BOUND('',#3746,.T.);
#3746 = EDGE_LOOP('',(#3747,#3748,#3749,#3772,#3795,#3816));
#3747 = ORIENTED_EDGE('',*,*,#3398,.T.);
#3748 = ORIENTED_EDGE('',*,*,#3560,.T.);
#3749 = ORIENTED_EDGE('',*,*,#3750,.T.);
#3750 = EDGE_CURVE('',#3561,#3751,#3753,.T.);
#3751 = VERTEX_POINT('',#3752);
#3752 = CARTESIAN_POINT('',(66.809401076759,37.,-3.1));
#3753 = SURFACE_CURVE('',#3754,(#3758,#3765),.PCURVE_S1.);
#3754 = LINE('',#3755,#3756);
#3755 = CARTESIAN_POINT('',(65.654700538379,39.,-3.1));
#3756 = VECTOR('',#3757,1.);
#3757 = DIRECTION('',(0.5,-0.866025403784,-0.));
#3758 = PCURVE('',#3414,#3759);
#3759 = DEFINITIONAL_REPRESENTATION('',(#3760),#3764);
#3760 = LINE('',#3761,#3762);
#3761 = CARTESIAN_POINT('',(1.154700538379,2.));
#3762 = VECTOR('',#3763,1.);
#3763 = DIRECTION('',(0.5,-0.866025403784));
#3764 = ( GEOMETRIC_REPRESENTATION_CONTEXT(2) 
PARAMETRIC_REPRESENTATION_CONTEXT() REPRESENTATION_CONTEXT('2D SPACE',''
  ) );
#3765 = PCURVE('',#3599,#3766);
#3766 = DEFINITIONAL_REPRESENTATION('',(#3767),#3771);
#3767 = LINE('',#3768,#3769);
#3768 = CARTESIAN_POINT('',(-0.,-1.6));
#3769 = VECTOR('',#3770,1.);
#3770 = DIRECTION('',(-1.,0.));
#3771 = ( GEOMETRIC_REPRESENTATION_CONTEXT(2) 
PARAMETRIC_REPRESENTATION_CONTEXT() REPRESENTATION_CONTEXT('2D SPACE',''
  ) );
#3772 = ORIENTED_EDGE('',*,*,#3773,.T.);
#3773 = EDGE_CURVE('',#3751,#3774,#3776,.T.);
#3774 = VERTEX_POINT('',#3775);
#3775 = CARTESIAN_POINT('',(65.654700538379,35.,-3.1));
#3776 = SURFACE_CURVE('',#3777,(#3781,#3788),.PCURVE_S1.);
#3777 = LINE('',#3778,#3779);
#3778 = CARTESIAN_POINT('',(66.809401076759,37.,-3.1));
#3779 = VECTOR('',#3780,1.);
#3780 = DIRECTION('',(-0.5,-0.866025403784,-0.));
#3781 = PCURVE('',#3414,#3782);
#3782 = DEFINITIONAL_REPRESENTATION('',(#3783),#3787);
#3783 = LINE('',#3784,#3785);
#3784 = CARTESIAN_POINT('',(2.309401076759,-2.8282006366E-16));
#3785 = VECTOR('',#3786,1.);
#3786 = DIRECTION('',(-0.5,-0.866025403784));
#3787 = ( GEOMETRIC_REPRESENTATION_CONTEXT(2) 
PARAMETRIC_REPRESENTATION_CONTEXT() REPRESENTATION_CONTEXT('2D SPACE',''
  ) );
#3788 = PCURVE('',#3676,#3789);
#3789 = DEFINITIONAL_REPRESENTATION('',(#3790),#3794);
#3790 = LINE('',#3791,#3792);
#3791 = CARTESIAN_POINT('',(-0.,-1.6));
#3792 = VECTOR('',#3793,1.);
#3793 = DIRECTION('',(-1.,0.));
#3794 = ( GEOMETRIC_REPRESENTATION_CONTEXT(2) 
PARAMETRIC_REPRESENTATION_CONTEXT() REPRESENTATION_CONTEXT('2D SPACE',''
  ) );
#3795 = ORIENTED_EDGE('',*,*,#3796,.T.);
#3796 = EDGE_CURVE('',#3774,#3486,#3797,.T.);
#3797 = SURFACE_CURVE('',#3798,(#3802,#3809),.PCURVE_S1.);
#3798 = LINE('',#3799,#3800);
#3799 = CARTESIAN_POINT('',(65.654700538379,35.,-3.1));
#3800 = VECTOR('',#3801,1.);
#3801 = DIRECTION('',(-1.,-8.916497544682E-16,-0.));
#3802 = PCURVE('',#3414,#3803);
#3803 = DEFINITIONAL_REPRESENTATION('',(#3804),#3808);
#3804 = LINE('',#3805,#3806);
#3805 = CARTESIAN_POINT('',(1.154700538379,-2.));
#3806 = VECTOR('',#3807,1.);
#3807 = DIRECTION('',(-1.,-7.691850745534E-16));
#3808 = ( GEOMETRIC_REPRESENTATION_CONTEXT(2) 
PARAMETRIC_REPRESENTATION_CONTEXT() REPRESENTATION_CONTEXT('2D SPACE',''
  ) );
#3809 = PCURVE('',#3501,#3810);
#3810 = DEFINITIONAL_REPRESENTATION('',(#3811),#3815);
#3811 = LINE('',#3812,#3813);
#3812 = CARTESIAN_POINT('',(-0.,-1.6));
#3813 = VECTOR('',#3814,1.);
#3814 = DIRECTION('',(-1.,0.));
#3815 = ( GEOMETRIC_REPRESENTATION_CONTEXT(2) 
PARAMETRIC_REPRESENTATION_CONTEXT() REPRESENTATION_CONTEXT('2D SPACE',''
  ) );
#3816 = ORIENTED_EDGE('',*,*,#3513,.T.);
#3817 = FACE_BOUND('',#3818,.T.);
#3818 = EDGE_LOOP('',(#3819));
#3819 = ORIENTED_EDGE('',*,*,#3820,.F.);
#3820 = EDGE_CURVE('',#3821,#3821,#3823,.T.);
#3821 = VERTEX_POINT('',#3822);
#3822 = CARTESIAN_POINT('',(65.3,37.,-3.1));
#3823 = SURFACE_CURVE('',#3824,(#3829,#3840),.PCURVE_S1.);
#3824 = CIRCLE('',#3825,0.8);
#3825 = AXIS2_PLACEMENT_3D('',#3826,#3827,#3828);
#3826 = CARTESIAN_POINT('',(64.5,37.,-3.1));
#3827 = DIRECTION('',(0.,0.,-1.));
#3828 = DIRECTION('',(1.,-0.,-0.));
#3829 = PCURVE('',#3414,#3830);
#3830 = DEFINITIONAL_REPRESENTATION('',(#3831),#3839);
#3831 = ( BOUNDED_CURVE() B_SPLINE_CURVE(2,(#3832,#3833,#3834,#3835,
#3836,#3837,#3838),.UNSPECIFIED.,.T.,.F.) B_SPLINE_CURVE_WITH_KNOTS((1,2
    ,2,2,2,1),(-2.094395102393,0.,2.094395102393,4.188790204786,
6.28318530718,8.377580409573),.UNSPECIFIED.) CURVE() 
GEOMETRIC_REPRESENTATION_ITEM() RATIONAL_B_SPLINE_CURVE((1.,0.5,1.,0.5,
1.,0.5,1.)) REPRESENTATION_ITEM('') );
#3832 = CARTESIAN_POINT('',(0.8,-9.797174393179E-17));
#3833 = CARTESIAN_POINT('',(0.8,-1.385640646055));
#3834 = CARTESIAN_POINT('',(-0.4,-0.692820323028));
#3835 = CARTESIAN_POINT('',(-1.6,-2.082001521325E-32));
#3836 = CARTESIAN_POINT('',(-0.4,0.692820323028));
#3837 = CARTESIAN_POINT('',(0.8,1.385640646055));
#3838 = CARTESIAN_POINT('',(0.8,-9.797174393179E-17));
#3839 = ( GEOMETRIC_REPRESENTATION_CONTEXT(2) 
PARAMETRIC_REPRESENTATION_CONTEXT() REPRESENTATION_CONTEXT('2D SPACE',''
  ) );
#3840 = PCURVE('',#3733,#3841);
#3841 = DEFINITIONAL_REPRESENTATION('',(#3842),#3846);
#3842 = LINE('',#3843,#3844);
#3843 = CARTESIAN_POINT('',(-0.,-1.6));
#3844 = VECTOR('',#3845,1.);
#3845 = DIRECTION('',(-1.,0.));
#3846 = ( GEOMETRIC_REPRESENTATION_CONTEXT(2) 
PARAMETRIC_REPRESENTATION_CONTEXT() REPRESENTATION_CONTEXT('2D SPACE',''
  ) );
#3847 = ADVANCED_FACE('',(#3848),#3501,.T.);
#3848 = FACE_BOUND('',#3849,.F.);
#3849 = EDGE_LOOP('',(#3850,#3871,#3872,#3873));
#3850 = ORIENTED_EDGE('',*,*,#3851,.T.);
#3851 = EDGE_CURVE('',#3661,#3774,#3852,.T.);
#3852 = SURFACE_CURVE('',#3853,(#3857,#3864),.PCURVE_S1.);
#3853 = LINE('',#3854,#3855);
#3854 = CARTESIAN_POINT('',(65.654700538379,35.,-1.5));
#3855 = VECTOR('',#3856,1.);
#3856 = DIRECTION('',(-0.,-0.,-1.));
#3857 = PCURVE('',#3501,#3858);
#3858 = DEFINITIONAL_REPRESENTATION('',(#3859),#3863);
#3859 = LINE('',#3860,#3861);
#3860 = CARTESIAN_POINT('',(0.,-0.));
#3861 = VECTOR('',#3862,1.);
#3862 = DIRECTION('',(-0.,-1.));
#3863 = ( GEOMETRIC_REPRESENTATION_CONTEXT(2) 
PARAMETRIC_REPRESENTATION_CONTEXT() REPRESENTATION_CONTEXT('2D SPACE',''
  ) );
#3864 = PCURVE('',#3676,#3865);
#3865 = DEFINITIONAL_REPRESENTATION('',(#3866),#3870);
#3866 = LINE('',#3867,#3868);
#3867 = CARTESIAN_POINT('',(-2.309401076758,0.));
#3868 = VECTOR('',#3869,1.);
#3869 = DIRECTION('',(-0.,-1.));
#3870 = ( GEOMETRIC_REPRESENTATION_CONTEXT(2) 
PARAMETRIC_REPRESENTATION_CONTEXT() REPRESENTATION_CONTEXT('2D SPACE',''
  ) );
#3871 = ORIENTED_EDGE('',*,*,#3796,.T.);
#3872 = ORIENTED_EDGE('',*,*,#3483,.F.);
#3873 = ORIENTED_EDGE('',*,*,#3688,.F.);
#3874 = ADVANCED_FACE('',(#3875),#3599,.T.);
#3875 = FACE_BOUND('',#3876,.F.);
#3876 = EDGE_LOOP('',(#3877,#3878,#3879,#3900));
#3877 = ORIENTED_EDGE('',*,*,#3583,.T.);
#3878 = ORIENTED_EDGE('',*,*,#3750,.T.);
#3879 = ORIENTED_EDGE('',*,*,#3880,.F.);
#3880 = EDGE_CURVE('',#3638,#3751,#3881,.T.);
#3881 = SURFACE_CURVE('',#3882,(#3886,#3893),.PCURVE_S1.);
#3882 = LINE('',#3883,#3884);
#3883 = CARTESIAN_POINT('',(66.809401076759,37.,-1.5));
#3884 = VECTOR('',#3885,1.);
#3885 = DIRECTION('',(-0.,-0.,-1.));
#3886 = PCURVE('',#3599,#3887);
#3887 = DEFINITIONAL_REPRESENTATION('',(#3888),#3892);
#3888 = LINE('',#3889,#3890);
#3889 = CARTESIAN_POINT('',(-2.309401076759,0.));
#3890 = VECTOR('',#3891,1.);
#3891 = DIRECTION('',(-0.,-1.));
#3892 = ( GEOMETRIC_REPRESENTATION_CONTEXT(2) 
PARAMETRIC_REPRESENTATION_CONTEXT() REPRESENTATION_CONTEXT('2D SPACE',''
  ) );
#3893 = PCURVE('',#3676,#3894);
#3894 = DEFINITIONAL_REPRESENTATION('',(#3895),#3899);
#3895 = LINE('',#3896,#3897);
#3896 = CARTESIAN_POINT('',(0.,-0.));
#3897 = VECTOR('',#3898,1.);
#3898 = DIRECTION('',(-0.,-1.));
#3899 = ( GEOMETRIC_REPRESENTATION_CONTEXT(2) 
PARAMETRIC_REPRESENTATION_CONTEXT() REPRESENTATION_CONTEXT('2D SPACE',''
  ) );
#3900 = ORIENTED_EDGE('',*,*,#3637,.F.);
#3901 = ADVANCED_FACE('',(#3902),#3676,.T.);
#3902 = FACE_BOUND('',#3903,.F.);
#3903 = EDGE_LOOP('',(#3904,#3905,#3906,#3907));
#3904 = ORIENTED_EDGE('',*,*,#3880,.T.);
#3905 = ORIENTED_EDGE('',*,*,#3773,.T.);
#3906 = ORIENTED_EDGE('',*,*,#3851,.F.);
#3907 = ORIENTED_EDGE('',*,*,#3660,.F.);
#3908 = ADVANCED_FACE('',(#3909),#3733,.F.);
#3909 = FACE_BOUND('',#3910,.T.);
#3910 = EDGE_LOOP('',(#3911,#3932,#3933,#3934));
#3911 = ORIENTED_EDGE('',*,*,#3912,.T.);
#3912 = EDGE_CURVE('',#3713,#3821,#3913,.T.);
#3913 = SEAM_CURVE('',#3914,(#3918,#3925),.PCURVE_S1.);
#3914 = LINE('',#3915,#3916);
#3915 = CARTESIAN_POINT('',(65.3,37.,-1.5));
#3916 = VECTOR('',#3917,1.);
#3917 = DIRECTION('',(-0.,0.,-1.));
#3918 = PCURVE('',#3733,#3919);
#3919 = DEFINITIONAL_REPRESENTATION('',(#3920),#3924);
#3920 = LINE('',#3921,#3922);
#3921 = CARTESIAN_POINT('',(-0.,0.));
#3922 = VECTOR('',#3923,1.);
#3923 = DIRECTION('',(-0.,-1.));
#3924 = ( GEOMETRIC_REPRESENTATION_CONTEXT(2) 
PARAMETRIC_REPRESENTATION_CONTEXT() REPRESENTATION_CONTEXT('2D SPACE',''
  ) );
#3925 = PCURVE('',#3733,#3926);
#3926 = DEFINITIONAL_REPRESENTATION('',(#3927),#3931);
#3927 = LINE('',#3928,#3929);
#3928 = CARTESIAN_POINT('',(-6.28318530718,0.));
#3929 = VECTOR('',#3930,1.);
#3930 = DIRECTION('',(-0.,-1.));
#3931 = ( GEOMETRIC_REPRESENTATION_CONTEXT(2) 
PARAMETRIC_REPRESENTATION_CONTEXT() REPRESENTATION_CONTEXT('2D SPACE',''
  ) );
#3932 = ORIENTED_EDGE('',*,*,#3820,.T.);
#3933 = ORIENTED_EDGE('',*,*,#3912,.F.);
#3934 = ORIENTED_EDGE('',*,*,#3712,.F.);
#3935 = ( GEOMETRIC_REPRESENTATION_CONTEXT(3) 
GLOBAL_UNCERTAINTY_ASSIGNED_CONTEXT((#3939)) 
GLOBAL_UNIT_ASSIGNED_CONTEXT((#3936,#3937,#3938)) REPRESENTATION_CONTEXT
('Context #1','3D Context with UNIT and UNCERTAINTY') );
#3936 = ( LENGTH_UNIT() NAMED_UNIT(*) SI_UNIT(.MILLI.,.METRE.) );
#3937 = ( NAMED_UNIT(*) PLANE_ANGLE_UNIT() SI_UNIT($,.RADIAN.) );
#3938 = ( NAMED_UNIT(*) SI_UNIT($,.STERADIAN.) SOLID_ANGLE_UNIT() );
#3939 = UNCERTAINTY_MEASURE_WITH_UNIT(LENGTH_MEASURE(1.E-07),#3936,
  'distance_accuracy_value','confusion accuracy');
#3940 = CONTEXT_DEPENDENT_SHAPE_REPRESENTATION(#3941,#3943);
#3941 = ( REPRESENTATION_RELATIONSHIP('','',#3356,#10) 
REPRESENTATION_RELATIONSHIP_WITH_TRANSFORMATION(#3942) 
SHAPE_REPRESENTATION_RELATIONSHIP() );
#3942 = ITEM_DEFINED_TRANSFORMATION('','',#11,#47);
#3943 = PRODUCT_DEFINITION_SHAPE('Placement','Placement of an item',
  #3944);
#3944 = NEXT_ASSEMBLY_USAGE_OCCURRENCE('73','','',#5,#3351,$);
#3945 = PRODUCT_RELATED_PRODUCT_CATEGORY('part',$,(#3353));
#3946 = SHAPE_DEFINITION_REPRESENTATION(#3947,#3953);
#3947 = PRODUCT_DEFINITION_SHAPE('','',#3948);
#3948 = PRODUCT_DEFINITION('design','',#3949,#3952);
#3949 = PRODUCT_DEFINITION_FORMATION('','',#3950);
#3950 = PRODUCT('Open CASCADE STEP translator 7.9 33.10',
  'Open CASCADE STEP translator 7.9 33.10','',(#3951));
#3951 = PRODUCT_CONTEXT('',#2,'mechanical');
#3952 = PRODUCT_DEFINITION_CONTEXT('part definition',#2,'design');
#3953 = ADVANCED_BREP_SHAPE_REPRESENTATION('',(#11,#3954),#4158);
#3954 = MANIFOLD_SOLID_BREP('',#3955);
#3955 = CLOSED_SHELL('',(#3956,#4052,#4056,#4095,#4154));
#3956 = ADVANCED_FACE('',(#3957),#3971,.T.);
#3957 = FACE_BOUND('',#3958,.T.);
#3958 = EDGE_LOOP('',(#3959,#3989,#4020,#4021));
#3959 = ORIENTED_EDGE('',*,*,#3960,.T.);
#3960 = EDGE_CURVE('',#3961,#3963,#3965,.T.);
#3961 = VERTEX_POINT('',#3962);
#3962 = CARTESIAN_POINT('',(67.,37.,-14.8));
#3963 = VERTEX_POINT('',#3964);
#3964 = CARTESIAN_POINT('',(67.,37.,-13.3));
#3965 = SEAM_CURVE('',#3966,(#3970,#3982),.PCURVE_S1.);
#3966 = LINE('',#3967,#3968);
#3967 = CARTESIAN_POINT('',(67.,37.,-14.8));
#3968 = VECTOR('',#3969,1.);
#3969 = DIRECTION('',(-0.,-0.,1.));
#3970 = PCURVE('',#3971,#3976);
#3971 = CYLINDRICAL_SURFACE('',#3972,2.5);
#3972 = AXIS2_PLACEMENT_3D('',#3973,#3974,#3975);
#3973 = CARTESIAN_POINT('',(64.5,37.,-14.8));
#3974 = DIRECTION('',(-0.,0.,-1.));
#3975 = DIRECTION('',(1.,-0.,-0.));
#3976 = DEFINITIONAL_REPRESENTATION('',(#3977),#3981);
#3977 = LINE('',#3978,#3979);
#3978 = CARTESIAN_POINT('',(0.,0.));
#3979 = VECTOR('',#3980,1.);
#3980 = DIRECTION('',(0.,-1.));
#3981 = ( GEOMETRIC_REPRESENTATION_CONTEXT(2) 
PARAMETRIC_REPRESENTATION_CONTEXT() REPRESENTATION_CONTEXT('2D SPACE',''
  ) );
#3982 = PCURVE('',#3971,#3983);
#3983 = DEFINITIONAL_REPRESENTATION('',(#3984),#3988);
#3984 = LINE('',#3985,#3986);
#3985 = CARTESIAN_POINT('',(6.28318530718,0.));
#3986 = VECTOR('',#3987,1.);
#3987 = DIRECTION('',(0.,-1.));
#3988 = ( GEOMETRIC_REPRESENTATION_CONTEXT(2) 
PARAMETRIC_REPRESENTATION_CONTEXT() REPRESENTATION_CONTEXT('2D SPACE',''
  ) );
#3989 = ORIENTED_EDGE('',*,*,#3990,.T.);
#3990 = EDGE_CURVE('',#3963,#3963,#3991,.T.);
#3991 = SURFACE_CURVE('',#3992,(#3997,#4004),.PCURVE_S1.);
#3992 = CIRCLE('',#3993,2.5);
#3993 = AXIS2_PLACEMENT_3D('',#3994,#3995,#3996);
#3994 = CARTESIAN_POINT('',(64.5,37.,-13.3));
#3995 = DIRECTION('',(0.,0.,-1.));
#3996 = DIRECTION('',(1.,-0.,-0.));
#3997 = PCURVE('',#3971,#3998);
#3998 = DEFINITIONAL_REPRESENTATION('',(#3999),#4003);
#3999 = LINE('',#4000,#4001);
#4000 = CARTESIAN_POINT('',(0.,-1.5));
#4001 = VECTOR('',#4002,1.);
#4002 = DIRECTION('',(1.,0.));
#4003 = ( GEOMETRIC_REPRESENTATION_CONTEXT(2) 
PARAMETRIC_REPRESENTATION_CONTEXT() REPRESENTATION_CONTEXT('2D SPACE',''
  ) );
#4004 = PCURVE('',#4005,#4010);
#4005 = PLANE('',#4006);
#4006 = AXIS2_PLACEMENT_3D('',#4007,#4008,#4009);
#4007 = CARTESIAN_POINT('',(64.5,37.,-13.3));
#4008 = DIRECTION('',(-0.,-0.,1.));
#4009 = DIRECTION('',(-1.,0.,0.));
#4010 = DEFINITIONAL_REPRESENTATION('',(#4011),#4019);
#4011 = ( BOUNDED_CURVE() B_SPLINE_CURVE(2,(#4012,#4013,#4014,#4015,
#4016,#4017,#4018),.UNSPECIFIED.,.T.,.F.) B_SPLINE_CURVE_WITH_KNOTS((1,2
    ,2,2,2,1),(-2.094395102393,0.,2.094395102393,4.188790204786,
6.28318530718,8.377580409573),.UNSPECIFIED.) CURVE() 
GEOMETRIC_REPRESENTATION_ITEM() RATIONAL_B_SPLINE_CURVE((1.,0.5,1.,0.5,
1.,0.5,1.)) REPRESENTATION_ITEM('') );
#4012 = CARTESIAN_POINT('',(-2.5,0.));
#4013 = CARTESIAN_POINT('',(-2.5,4.330127018922));
#4014 = CARTESIAN_POINT('',(1.25,2.165063509461));
#4015 = CARTESIAN_POINT('',(5.,6.123233995737E-16));
#4016 = CARTESIAN_POINT('',(1.25,-2.165063509461));
#4017 = CARTESIAN_POINT('',(-2.5,-4.330127018922));
#4018 = CARTESIAN_POINT('',(-2.5,0.));
#4019 = ( GEOMETRIC_REPRESENTATION_CONTEXT(2) 
PARAMETRIC_REPRESENTATION_CONTEXT() REPRESENTATION_CONTEXT('2D SPACE',''
  ) );
#4020 = ORIENTED_EDGE('',*,*,#3960,.F.);
#4021 = ORIENTED_EDGE('',*,*,#4022,.F.);
#4022 = EDGE_CURVE('',#3961,#3961,#4023,.T.);
#4023 = SURFACE_CURVE('',#4024,(#4029,#4036),.PCURVE_S1.);
#4024 = CIRCLE('',#4025,2.5);
#4025 = AXIS2_PLACEMENT_3D('',#4026,#4027,#4028);
#4026 = CARTESIAN_POINT('',(64.5,37.,-14.8));
#4027 = DIRECTION('',(0.,0.,-1.));
#4028 = DIRECTION('',(1.,-0.,-0.));
#4029 = PCURVE('',#3971,#4030);
#4030 = DEFINITIONAL_REPRESENTATION('',(#4031),#4035);
#4031 = LINE('',#4032,#4033);
#4032 = CARTESIAN_POINT('',(0.,0.));
#4033 = VECTOR('',#4034,1.);
#4034 = DIRECTION('',(1.,0.));
#4035 = ( GEOMETRIC_REPRESENTATION_CONTEXT(2) 
PARAMETRIC_REPRESENTATION_CONTEXT() REPRESENTATION_CONTEXT('2D SPACE',''
  ) );
#4036 = PCURVE('',#4037,#4042);
#4037 = PLANE('',#4038);
#4038 = AXIS2_PLACEMENT_3D('',#4039,#4040,#4041);
#4039 = CARTESIAN_POINT('',(64.5,37.,-14.8));
#4040 = DIRECTION('',(-0.,-0.,1.));
#4041 = DIRECTION('',(-1.,0.,0.));
#4042 = DEFINITIONAL_REPRESENTATION('',(#4043),#4051);
#4043 = ( BOUNDED_CURVE() B_SPLINE_CURVE(2,(#4044,#4045,#4046,#4047,
#4048,#4049,#4050),.UNSPECIFIED.,.T.,.F.) B_SPLINE_CURVE_WITH_KNOTS((1,2
    ,2,2,2,1),(-2.094395102393,0.,2.094395102393,4.188790204786,
6.28318530718,8.377580409573),.UNSPECIFIED.) CURVE() 
GEOMETRIC_REPRESENTATION_ITEM() RATIONAL_B_SPLINE_CURVE((1.,0.5,1.,0.5,
1.,0.5,1.)) REPRESENTATION_ITEM('') );
#4044 = CARTESIAN_POINT('',(-2.5,0.));
#4045 = CARTESIAN_POINT('',(-2.5,4.330127018922));
#4046 = CARTESIAN_POINT('',(1.25,2.165063509461));
#4047 = CARTESIAN_POINT('',(5.,6.123233995737E-16));
#4048 = CARTESIAN_POINT('',(1.25,-2.165063509461));
#4049 = CARTESIAN_POINT('',(-2.5,-4.330127018922));
#4050 = CARTESIAN_POINT('',(-2.5,0.));
#4051 = ( GEOMETRIC_REPRESENTATION_CONTEXT(2) 
PARAMETRIC_REPRESENTATION_CONTEXT() REPRESENTATION_CONTEXT('2D SPACE',''
  ) );
#4052 = ADVANCED_FACE('',(#4053),#4037,.F.);
#4053 = FACE_BOUND('',#4054,.T.);
#4054 = EDGE_LOOP('',(#4055));
#4055 = ORIENTED_EDGE('',*,*,#4022,.T.);
#4056 = ADVANCED_FACE('',(#4057,#4060),#4005,.T.);
#4057 = FACE_BOUND('',#4058,.F.);
#4058 = EDGE_LOOP('',(#4059));
#4059 = ORIENTED_EDGE('',*,*,#3990,.T.);
#4060 = FACE_BOUND('',#4061,.F.);
#4061 = EDGE_LOOP('',(#4062));
#4062 = ORIENTED_EDGE('',*,*,#4063,.F.);
#4063 = EDGE_CURVE('',#4064,#4064,#4066,.T.);
#4064 = VERTEX_POINT('',#4065);
#4065 = CARTESIAN_POINT('',(65.5,37.,-13.3));
#4066 = SURFACE_CURVE('',#4067,(#4072,#4083),.PCURVE_S1.);
#4067 = CIRCLE('',#4068,1.);
#4068 = AXIS2_PLACEMENT_3D('',#4069,#4070,#4071);
#4069 = CARTESIAN_POINT('',(64.5,37.,-13.3));
#4070 = DIRECTION('',(0.,0.,-1.));
#4071 = DIRECTION('',(1.,-0.,-0.));
#4072 = PCURVE('',#4005,#4073);
#4073 = DEFINITIONAL_REPRESENTATION('',(#4074),#4082);
#4074 = ( BOUNDED_CURVE() B_SPLINE_CURVE(2,(#4075,#4076,#4077,#4078,
#4079,#4080,#4081),.UNSPECIFIED.,.T.,.F.) B_SPLINE_CURVE_WITH_KNOTS((1,2
    ,2,2,2,1),(-2.094395102393,0.,2.094395102393,4.188790204786,
6.28318530718,8.377580409573),.UNSPECIFIED.) CURVE() 
GEOMETRIC_REPRESENTATION_ITEM() RATIONAL_B_SPLINE_CURVE((1.,0.5,1.,0.5,
1.,0.5,1.)) REPRESENTATION_ITEM('') );
#4075 = CARTESIAN_POINT('',(-1.,0.));
#4076 = CARTESIAN_POINT('',(-1.,1.732050807569));
#4077 = CARTESIAN_POINT('',(0.5,0.866025403784));
#4078 = CARTESIAN_POINT('',(2.,2.449293598295E-16));
#4079 = CARTESIAN_POINT('',(0.5,-0.866025403784));
#4080 = CARTESIAN_POINT('',(-1.,-1.732050807569));
#4081 = CARTESIAN_POINT('',(-1.,0.));
#4082 = ( GEOMETRIC_REPRESENTATION_CONTEXT(2) 
PARAMETRIC_REPRESENTATION_CONTEXT() REPRESENTATION_CONTEXT('2D SPACE',''
  ) );
#4083 = PCURVE('',#4084,#4089);
#4084 = CYLINDRICAL_SURFACE('',#4085,1.);
#4085 = AXIS2_PLACEMENT_3D('',#4086,#4087,#4088);
#4086 = CARTESIAN_POINT('',(64.5,37.,-13.3));
#4087 = DIRECTION('',(-0.,0.,-1.));
#4088 = DIRECTION('',(1.,-0.,-0.));
#4089 = DEFINITIONAL_REPRESENTATION('',(#4090),#4094);
#4090 = LINE('',#4091,#4092);
#4091 = CARTESIAN_POINT('',(0.,0.));
#4092 = VECTOR('',#4093,1.);
#4093 = DIRECTION('',(1.,0.));
#4094 = ( GEOMETRIC_REPRESENTATION_CONTEXT(2) 
PARAMETRIC_REPRESENTATION_CONTEXT() REPRESENTATION_CONTEXT('2D SPACE',''
  ) );
#4095 = ADVANCED_FACE('',(#4096),#4084,.T.);
#4096 = FACE_BOUND('',#4097,.T.);
#4097 = EDGE_LOOP('',(#4098,#4121,#4152,#4153));
#4098 = ORIENTED_EDGE('',*,*,#4099,.T.);
#4099 = EDGE_CURVE('',#4064,#4100,#4102,.T.);
#4100 = VERTEX_POINT('',#4101);
#4101 = CARTESIAN_POINT('',(65.5,37.,-1.3));
#4102 = SEAM_CURVE('',#4103,(#4107,#4114),.PCURVE_S1.);
#4103 = LINE('',#4104,#4105);
#4104 = CARTESIAN_POINT('',(65.5,37.,-13.3));
#4105 = VECTOR('',#4106,1.);
#4106 = DIRECTION('',(-0.,-0.,1.));
#4107 = PCURVE('',#4084,#4108);
#4108 = DEFINITIONAL_REPRESENTATION('',(#4109),#4113);
#4109 = LINE('',#4110,#4111);
#4110 = CARTESIAN_POINT('',(0.,0.));
#4111 = VECTOR('',#4112,1.);
#4112 = DIRECTION('',(0.,-1.));
#4113 = ( GEOMETRIC_REPRESENTATION_CONTEXT(2) 
PARAMETRIC_REPRESENTATION_CONTEXT() REPRESENTATION_CONTEXT('2D SPACE',''
  ) );
#4114 = PCURVE('',#4084,#4115);
#4115 = DEFINITIONAL_REPRESENTATION('',(#4116),#4120);
#4116 = LINE('',#4117,#4118);
#4117 = CARTESIAN_POINT('',(6.28318530718,0.));
#4118 = VECTOR('',#4119,1.);
#4119 = DIRECTION('',(0.,-1.));
#4120 = ( GEOMETRIC_REPRESENTATION_CONTEXT(2) 
PARAMETRIC_REPRESENTATION_CONTEXT() REPRESENTATION_CONTEXT('2D SPACE',''
  ) );
#4121 = ORIENTED_EDGE('',*,*,#4122,.T.);
#4122 = EDGE_CURVE('',#4100,#4100,#4123,.T.);
#4123 = SURFACE_CURVE('',#4124,(#4129,#4136),.PCURVE_S1.);
#4124 = CIRCLE('',#4125,1.);
#4125 = AXIS2_PLACEMENT_3D('',#4126,#4127,#4128);
#4126 = CARTESIAN_POINT('',(64.5,37.,-1.3));
#4127 = DIRECTION('',(0.,0.,-1.));
#4128 = DIRECTION('',(1.,-0.,-0.));
#4129 = PCURVE('',#4084,#4130);
#4130 = DEFINITIONAL_REPRESENTATION('',(#4131),#4135);
#4131 = LINE('',#4132,#4133);
#4132 = CARTESIAN_POINT('',(0.,-12.));
#4133 = VECTOR('',#4134,1.);
#4134 = DIRECTION('',(1.,0.));
#4135 = ( GEOMETRIC_REPRESENTATION_CONTEXT(2) 
PARAMETRIC_REPRESENTATION_CONTEXT() REPRESENTATION_CONTEXT('2D SPACE',''
  ) );
#4136 = PCURVE('',#4137,#4142);
#4137 = PLANE('',#4138);
#4138 = AXIS2_PLACEMENT_3D('',#4139,#4140,#4141);
#4139 = CARTESIAN_POINT('',(64.5,37.,-1.3));
#4140 = DIRECTION('',(-0.,-0.,1.));
#4141 = DIRECTION('',(-1.,0.,0.));
#4142 = DEFINITIONAL_REPRESENTATION('',(#4143),#4151);
#4143 = ( BOUNDED_CURVE() B_SPLINE_CURVE(2,(#4144,#4145,#4146,#4147,
#4148,#4149,#4150),.UNSPECIFIED.,.T.,.F.) B_SPLINE_CURVE_WITH_KNOTS((1,2
    ,2,2,2,1),(-2.094395102393,0.,2.094395102393,4.188790204786,
6.28318530718,8.377580409573),.UNSPECIFIED.) CURVE() 
GEOMETRIC_REPRESENTATION_ITEM() RATIONAL_B_SPLINE_CURVE((1.,0.5,1.,0.5,
1.,0.5,1.)) REPRESENTATION_ITEM('') );
#4144 = CARTESIAN_POINT('',(-1.,0.));
#4145 = CARTESIAN_POINT('',(-1.,1.732050807569));
#4146 = CARTESIAN_POINT('',(0.5,0.866025403784));
#4147 = CARTESIAN_POINT('',(2.,2.449293598295E-16));
#4148 = CARTESIAN_POINT('',(0.5,-0.866025403784));
#4149 = CARTESIAN_POINT('',(-1.,-1.732050807569));
#4150 = CARTESIAN_POINT('',(-1.,0.));
#4151 = ( GEOMETRIC_REPRESENTATION_CONTEXT(2) 
PARAMETRIC_REPRESENTATION_CONTEXT() REPRESENTATION_CONTEXT('2D SPACE',''
  ) );
#4152 = ORIENTED_EDGE('',*,*,#4099,.F.);
#4153 = ORIENTED_EDGE('',*,*,#4063,.F.);
#4154 = ADVANCED_FACE('',(#4155),#4137,.T.);
#4155 = FACE_BOUND('',#4156,.F.);
#4156 = EDGE_LOOP('',(#4157));
#4157 = ORIENTED_EDGE('',*,*,#4122,.T.);
#4158 = ( GEOMETRIC_REPRESENTATION_CONTEXT(3) 
GLOBAL_UNCERTAINTY_ASSIGNED_CONTEXT((#4162)) 
GLOBAL_UNIT_ASSIGNED_CONTEXT((#4159,#4160,#4161)) REPRESENTATION_CONTEXT
('Context #1','3D Context with UNIT and UNCERTAINTY') );
#4159 = ( LENGTH_UNIT() NAMED_UNIT(*) SI_UNIT(.MILLI.,.METRE.) );
#4160 = ( NAMED_UNIT(*) PLANE_ANGLE_UNIT() SI_UNIT($,.RADIAN.) );
#4161 = ( NAMED_UNIT(*) SI_UNIT($,.STERADIAN.) SOLID_ANGLE_UNIT() );
#4162 = UNCERTAINTY_MEASURE_WITH_UNIT(LENGTH_MEASURE(1.E-07),#4159,
  'distance_accuracy_value','confusion accuracy');
#4163 = CONTEXT_DEPENDENT_SHAPE_REPRESENTATION(#4164,#4166);
#4164 = ( REPRESENTATION_RELATIONSHIP('','',#3953,#10) 
REPRESENTATION_RELATIONSHIP_WITH_TRANSFORMATION(#4165) 
SHAPE_REPRESENTATION_RELATIONSHIP() );
#4165 = ITEM_DEFINED_TRANSFORMATION('','',#11,#51);
#4166 = PRODUCT_DEFINITION_SHAPE('Placement','Placement of an item',
  #4167);
#4167 = NEXT_ASSEMBLY_USAGE_OCCURRENCE('74','','',#5,#3948,$);
#4168 = PRODUCT_RELATED_PRODUCT_CATEGORY('part',$,(#3950));
#4169 = SHAPE_DEFINITION_REPRESENTATION(#4170,#4176);
#4170 = PRODUCT_DEFINITION_SHAPE('','',#4171);
#4171 = PRODUCT_DEFINITION('design','',#4172,#4175);
#4172 = PRODUCT_DEFINITION_FORMATION('','',#4173);
#4173 = PRODUCT('Open CASCADE STEP translator 7.9 33.11',
  'Open CASCADE STEP translator 7.9 33.11','',(#4174));
#4174 = PRODUCT_CONTEXT('',#2,'mechanical');
#4175 = PRODUCT_DEFINITION_CONTEXT('part definition',#2,'design');
#4176 = ADVANCED_BREP_SHAPE_REPRESENTATION('',(#11,#4177),#4755);
#4177 = MANIFOLD_SOLID_BREP('',#4178);
#4178 = CLOSED_SHELL('',(#4179,#4299,#4375,#4451,#4564,#4667,#4694,#4721
    ,#4728));
#4179 = ADVANCED_FACE('',(#4180),#4194,.T.);
#4180 = FACE_BOUND('',#4181,.F.);
#4181 = EDGE_LOOP('',(#4182,#4217,#4245,#4273));
#4182 = ORIENTED_EDGE('',*,*,#4183,.T.);
#4183 = EDGE_CURVE('',#4184,#4186,#4188,.T.);
#4184 = VERTEX_POINT('',#4185);
#4185 = CARTESIAN_POINT('',(64.5,11.309401076759,-1.5));
#4186 = VERTEX_POINT('',#4187);
#4187 = CARTESIAN_POINT('',(64.5,11.309401076759,-3.1));
#4188 = SURFACE_CURVE('',#4189,(#4193,#4205),.PCURVE_S1.);
#4189 = LINE('',#4190,#4191);
#4190 = CARTESIAN_POINT('',(64.5,11.309401076759,-1.5));
#4191 = VECTOR('',#4192,1.);
#4192 = DIRECTION('',(-0.,-0.,-1.));
#4193 = PCURVE('',#4194,#4199);
#4194 = PLANE('',#4195);
#4195 = AXIS2_PLACEMENT_3D('',#4196,#4197,#4198);
#4196 = CARTESIAN_POINT('',(64.5,11.309401076759,-1.5));
#4197 = DIRECTION('',(0.5,0.866025403784,-0.));
#4198 = DIRECTION('',(-0.866025403784,0.5,0.));
#4199 = DEFINITIONAL_REPRESENTATION('',(#4200),#4204);
#4200 = LINE('',#4201,#4202);
#4201 = CARTESIAN_POINT('',(-0.,0.));
#4202 = VECTOR('',#4203,1.);
#4203 = DIRECTION('',(-0.,-1.));
#4204 = ( GEOMETRIC_REPRESENTATION_CONTEXT(2) 
PARAMETRIC_REPRESENTATION_CONTEXT() REPRESENTATION_CONTEXT('2D SPACE',''
  ) );
#4205 = PCURVE('',#4206,#4211);
#4206 = PLANE('',#4207);
#4207 = AXIS2_PLACEMENT_3D('',#4208,#4209,#4210);
#4208 = CARTESIAN_POINT('',(62.5,10.154700538379,-1.5));
#4209 = DIRECTION('',(-0.5,0.866025403784,0.));
#4210 = DIRECTION('',(-0.866025403784,-0.5,0.));
#4211 = DEFINITIONAL_REPRESENTATION('',(#4212),#4216);
#4212 = LINE('',#4213,#4214);
#4213 = CARTESIAN_POINT('',(-2.309401076759,0.));
#4214 = VECTOR('',#4215,1.);
#4215 = DIRECTION('',(-0.,-1.));
#4216 = ( GEOMETRIC_REPRESENTATION_CONTEXT(2) 
PARAMETRIC_REPRESENTATION_CONTEXT() REPRESENTATION_CONTEXT('2D SPACE',''
  ) );
#4217 = ORIENTED_EDGE('',*,*,#4218,.T.);
#4218 = EDGE_CURVE('',#4186,#4219,#4221,.T.);
#4219 = VERTEX_POINT('',#4220);
#4220 = CARTESIAN_POINT('',(66.5,10.154700538379,-3.1));
#4221 = SURFACE_CURVE('',#4222,(#4226,#4233),.PCURVE_S1.);
#4222 = LINE('',#4223,#4224);
#4223 = CARTESIAN_POINT('',(64.5,11.309401076759,-3.1));
#4224 = VECTOR('',#4225,1.);
#4225 = DIRECTION('',(0.866025403784,-0.5,-0.));
#4226 = PCURVE('',#4194,#4227);
#4227 = DEFINITIONAL_REPRESENTATION('',(#4228),#4232);
#4228 = LINE('',#4229,#4230);
#4229 = CARTESIAN_POINT('',(-0.,-1.6));
#4230 = VECTOR('',#4231,1.);
#4231 = DIRECTION('',(-1.,0.));
#4232 = ( GEOMETRIC_REPRESENTATION_CONTEXT(2) 
PARAMETRIC_REPRESENTATION_CONTEXT() REPRESENTATION_CONTEXT('2D SPACE',''
  ) );
#4233 = PCURVE('',#4234,#4239);
#4234 = PLANE('',#4235);
#4235 = AXIS2_PLACEMENT_3D('',#4236,#4237,#4238);
#4236 = CARTESIAN_POINT('',(64.5,9.,-3.1));
#4237 = DIRECTION('',(-0.,-0.,1.));
#4238 = DIRECTION('',(-1.110223024625E-16,-1.,0.));
#4239 = DEFINITIONAL_REPRESENTATION('',(#4240),#4244);
#4240 = LINE('',#4241,#4242);
#4241 = CARTESIAN_POINT('',(-2.309401076759,-2.563950248511E-16));
#4242 = VECTOR('',#4243,1.);
#4243 = DIRECTION('',(0.5,0.866025403784));
#4244 = ( GEOMETRIC_REPRESENTATION_CONTEXT(2) 
PARAMETRIC_REPRESENTATION_CONTEXT() REPRESENTATION_CONTEXT('2D SPACE',''
  ) );
#4245 = ORIENTED_EDGE('',*,*,#4246,.F.);
#4246 = EDGE_CURVE('',#4247,#4219,#4249,.T.);
#4247 = VERTEX_POINT('',#4248);
#4248 = CARTESIAN_POINT('',(66.5,10.154700538379,-1.5));
#4249 = SURFACE_CURVE('',#4250,(#4254,#4261),.PCURVE_S1.);
#4250 = LINE('',#4251,#4252);
#4251 = CARTESIAN_POINT('',(66.5,10.154700538379,-1.5));
#4252 = VECTOR('',#4253,1.);
#4253 = DIRECTION('',(-0.,-0.,-1.));
#4254 = PCURVE('',#4194,#4255);
#4255 = DEFINITIONAL_REPRESENTATION('',(#4256),#4260);
#4256 = LINE('',#4257,#4258);
#4257 = CARTESIAN_POINT('',(-2.309401076759,0.));
#4258 = VECTOR('',#4259,1.);
#4259 = DIRECTION('',(-0.,-1.));
#4260 = ( GEOMETRIC_REPRESENTATION_CONTEXT(2) 
PARAMETRIC_REPRESENTATION_CONTEXT() REPRESENTATION_CONTEXT('2D SPACE',''
  ) );
#4261 = PCURVE('',#4262,#4267);
#4262 = PLANE('',#4263);
#4263 = AXIS2_PLACEMENT_3D('',#4264,#4265,#4266);
#4264 = CARTESIAN_POINT('',(66.5,10.154700538379,-1.5));
#4265 = DIRECTION('',(1.,8.127396617584E-17,-0.));
#4266 = DIRECTION('',(-8.127396617584E-17,1.,0.));
#4267 = DEFINITIONAL_REPRESENTATION('',(#4268),#4272);
#4268 = LINE('',#4269,#4270);
#4269 = CARTESIAN_POINT('',(-0.,0.));
#4270 = VECTOR('',#4271,1.);
#4271 = DIRECTION('',(-0.,-1.));
#4272 = ( GEOMETRIC_REPRESENTATION_CONTEXT(2) 
PARAMETRIC_REPRESENTATION_CONTEXT() REPRESENTATION_CONTEXT('2D SPACE',''
  ) );
#4273 = ORIENTED_EDGE('',*,*,#4274,.F.);
#4274 = EDGE_CURVE('',#4184,#4247,#4275,.T.);
#4275 = SURFACE_CURVE('',#4276,(#4280,#4287),.PCURVE_S1.);
#4276 = LINE('',#4277,#4278);
#4277 = CARTESIAN_POINT('',(64.5,11.309401076759,-1.5));
#4278 = VECTOR('',#4279,1.);
#4279 = DIRECTION('',(0.866025403784,-0.5,-0.));
#4280 = PCURVE('',#4194,#4281);
#4281 = DEFINITIONAL_REPRESENTATION('',(#4282),#4286);
#4282 = LINE('',#4283,#4284);
#4283 = CARTESIAN_POINT('',(-0.,0.));
#4284 = VECTOR('',#4285,1.);
#4285 = DIRECTION('',(-1.,0.));
#4286 = ( GEOMETRIC_REPRESENTATION_CONTEXT(2) 
PARAMETRIC_REPRESENTATION_CONTEXT() REPRESENTATION_CONTEXT('2D SPACE',''
  ) );
#4287 = PCURVE('',#4288,#4293);
#4288 = PLANE('',#4289);
#4289 = AXIS2_PLACEMENT_3D('',#4290,#4291,#4292);
#4290 = CARTESIAN_POINT('',(64.5,9.,-1.5));
#4291 = DIRECTION('',(-0.,-0.,1.));
#4292 = DIRECTION('',(-1.110223024625E-16,-1.,0.));
#4293 = DEFINITIONAL_REPRESENTATION('',(#4294),#4298);
#4294 = LINE('',#4295,#4296);
#4295 = CARTESIAN_POINT('',(-2.309401076759,-2.563950248511E-16));
#4296 = VECTOR('',#4297,1.);
#4297 = DIRECTION('',(0.5,0.866025403784));
#4298 = ( GEOMETRIC_REPRESENTATION_CONTEXT(2) 
PARAMETRIC_REPRESENTATION_CONTEXT() REPRESENTATION_CONTEXT('2D SPACE',''
  ) );
#4299 = ADVANCED_FACE('',(#4300),#4206,.T.);
#4300 = FACE_BOUND('',#4301,.F.);
#4301 = EDGE_LOOP('',(#4302,#4332,#4353,#4354));
#4302 = ORIENTED_EDGE('',*,*,#4303,.T.);
#4303 = EDGE_CURVE('',#4304,#4306,#4308,.T.);
#4304 = VERTEX_POINT('',#4305);
#4305 = CARTESIAN_POINT('',(62.5,10.154700538379,-1.5));
#4306 = VERTEX_POINT('',#4307);
#4307 = CARTESIAN_POINT('',(62.5,10.154700538379,-3.1));
#4308 = SURFACE_CURVE('',#4309,(#4313,#4320),.PCURVE_S1.);
#4309 = LINE('',#4310,#4311);
#4310 = CARTESIAN_POINT('',(62.5,10.154700538379,-1.5));
#4311 = VECTOR('',#4312,1.);
#4312 = DIRECTION('',(-0.,-0.,-1.));
#4313 = PCURVE('',#4206,#4314);
#4314 = DEFINITIONAL_REPRESENTATION('',(#4315),#4319);
#4315 = LINE('',#4316,#4317);
#4316 = CARTESIAN_POINT('',(-0.,0.));
#4317 = VECTOR('',#4318,1.);
#4318 = DIRECTION('',(-0.,-1.));
#4319 = ( GEOMETRIC_REPRESENTATION_CONTEXT(2) 
PARAMETRIC_REPRESENTATION_CONTEXT() REPRESENTATION_CONTEXT('2D SPACE',''
  ) );
#4320 = PCURVE('',#4321,#4326);
#4321 = PLANE('',#4322);
#4322 = AXIS2_PLACEMENT_3D('',#4323,#4324,#4325);
#4323 = CARTESIAN_POINT('',(62.5,7.845299461621,-1.5));
#4324 = DIRECTION('',(-1.,-6.581627720909E-16,-0.));
#4325 = DIRECTION('',(6.581627720909E-16,-1.,-0.));
#4326 = DEFINITIONAL_REPRESENTATION('',(#4327),#4331);
#4327 = LINE('',#4328,#4329);
#4328 = CARTESIAN_POINT('',(-2.309401076759,0.));
#4329 = VECTOR('',#4330,1.);
#4330 = DIRECTION('',(-0.,-1.));
#4331 = ( GEOMETRIC_REPRESENTATION_CONTEXT(2) 
PARAMETRIC_REPRESENTATION_CONTEXT() REPRESENTATION_CONTEXT('2D SPACE',''
  ) );
#4332 = ORIENTED_EDGE('',*,*,#4333,.T.);
#4333 = EDGE_CURVE('',#4306,#4186,#4334,.T.);
#4334 = SURFACE_CURVE('',#4335,(#4339,#4346),.PCURVE_S1.);
#4335 = LINE('',#4336,#4337);
#4336 = CARTESIAN_POINT('',(62.5,10.154700538379,-3.1));
#4337 = VECTOR('',#4338,1.);
#4338 = DIRECTION('',(0.866025403784,0.5,-0.));
#4339 = PCURVE('',#4206,#4340);
#4340 = DEFINITIONAL_REPRESENTATION('',(#4341),#4345);
#4341 = LINE('',#4342,#4343);
#4342 = CARTESIAN_POINT('',(-0.,-1.6));
#4343 = VECTOR('',#4344,1.);
#4344 = DIRECTION('',(-1.,0.));
#4345 = ( GEOMETRIC_REPRESENTATION_CONTEXT(2) 
PARAMETRIC_REPRESENTATION_CONTEXT() REPRESENTATION_CONTEXT('2D SPACE',''
  ) );
#4346 = PCURVE('',#4234,#4347);
#4347 = DEFINITIONAL_REPRESENTATION('',(#4348),#4352);
#4348 = LINE('',#4349,#4350);
#4349 = CARTESIAN_POINT('',(-1.154700538379,-2.));
#4350 = VECTOR('',#4351,1.);
#4351 = DIRECTION('',(-0.5,0.866025403784));
#4352 = ( GEOMETRIC_REPRESENTATION_CONTEXT(2) 
PARAMETRIC_REPRESENTATION_CONTEXT() REPRESENTATION_CONTEXT('2D SPACE',''
  ) );
#4353 = ORIENTED_EDGE('',*,*,#4183,.F.);
#4354 = ORIENTED_EDGE('',*,*,#4355,.F.);
#4355 = EDGE_CURVE('',#4304,#4184,#4356,.T.);
#4356 = SURFACE_CURVE('',#4357,(#4361,#4368),.PCURVE_S1.);
#4357 = LINE('',#4358,#4359);
#4358 = CARTESIAN_POINT('',(62.5,10.154700538379,-1.5));
#4359 = VECTOR('',#4360,1.);
#4360 = DIRECTION('',(0.866025403784,0.5,-0.));
#4361 = PCURVE('',#4206,#4362);
#4362 = DEFINITIONAL_REPRESENTATION('',(#4363),#4367);
#4363 = LINE('',#4364,#4365);
#4364 = CARTESIAN_POINT('',(-0.,0.));
#4365 = VECTOR('',#4366,1.);
#4366 = DIRECTION('',(-1.,0.));
#4367 = ( GEOMETRIC_REPRESENTATION_CONTEXT(2) 
PARAMETRIC_REPRESENTATION_CONTEXT() REPRESENTATION_CONTEXT('2D SPACE',''
  ) );
#4368 = PCURVE('',#4288,#4369);
#4369 = DEFINITIONAL_REPRESENTATION('',(#4370),#4374);
#4370 = LINE('',#4371,#4372);
#4371 = CARTESIAN_POINT('',(-1.154700538379,-2.));
#4372 = VECTOR('',#4373,1.);
#4373 = DIRECTION('',(-0.5,0.866025403784));
#4374 = ( GEOMETRIC_REPRESENTATION_CONTEXT(2) 
PARAMETRIC_REPRESENTATION_CONTEXT() REPRESENTATION_CONTEXT('2D SPACE',''
  ) );
#4375 = ADVANCED_FACE('',(#4376),#4262,.T.);
#4376 = FACE_BOUND('',#4377,.F.);
#4377 = EDGE_LOOP('',(#4378,#4379,#4402,#4430));
#4378 = ORIENTED_EDGE('',*,*,#4246,.T.);
#4379 = ORIENTED_EDGE('',*,*,#4380,.T.);
#4380 = EDGE_CURVE('',#4219,#4381,#4383,.T.);
#4381 = VERTEX_POINT('',#4382);
#4382 = CARTESIAN_POINT('',(66.5,7.845299461621,-3.1));
#4383 = SURFACE_CURVE('',#4384,(#4388,#4395),.PCURVE_S1.);
#4384 = LINE('',#4385,#4386);
#4385 = CARTESIAN_POINT('',(66.5,10.154700538379,-3.1));
#4386 = VECTOR('',#4387,1.);
#4387 = DIRECTION('',(8.127396617584E-17,-1.,-0.));
#4388 = PCURVE('',#4262,#4389);
#4389 = DEFINITIONAL_REPRESENTATION('',(#4390),#4394);
#4390 = LINE('',#4391,#4392);
#4391 = CARTESIAN_POINT('',(-0.,-1.6));
#4392 = VECTOR('',#4393,1.);
#4393 = DIRECTION('',(-1.,0.));
#4394 = ( GEOMETRIC_REPRESENTATION_CONTEXT(2) 
PARAMETRIC_REPRESENTATION_CONTEXT() REPRESENTATION_CONTEXT('2D SPACE',''
  ) );
#4395 = PCURVE('',#4234,#4396);
#4396 = DEFINITIONAL_REPRESENTATION('',(#4397),#4401);
#4397 = LINE('',#4398,#4399);
#4398 = CARTESIAN_POINT('',(-1.154700538379,2.));
#4399 = VECTOR('',#4400,1.);
#4400 = DIRECTION('',(1.,1.922962686384E-16));
#4401 = ( GEOMETRIC_REPRESENTATION_CONTEXT(2) 
PARAMETRIC_REPRESENTATION_CONTEXT() REPRESENTATION_CONTEXT('2D SPACE',''
  ) );
#4402 = ORIENTED_EDGE('',*,*,#4403,.F.);
#4403 = EDGE_CURVE('',#4404,#4381,#4406,.T.);
#4404 = VERTEX_POINT('',#4405);
#4405 = CARTESIAN_POINT('',(66.5,7.845299461621,-1.5));
#4406 = SURFACE_CURVE('',#4407,(#4411,#4418),.PCURVE_S1.);
#4407 = LINE('',#4408,#4409);
#4408 = CARTESIAN_POINT('',(66.5,7.845299461621,-1.5));
#4409 = VECTOR('',#4410,1.);
#4410 = DIRECTION('',(-0.,-0.,-1.));
#4411 = PCURVE('',#4262,#4412);
#4412 = DEFINITIONAL_REPRESENTATION('',(#4413),#4417);
#4413 = LINE('',#4414,#4415);
#4414 = CARTESIAN_POINT('',(-2.309401076758,0.));
#4415 = VECTOR('',#4416,1.);
#4416 = DIRECTION('',(-0.,-1.));
#4417 = ( GEOMETRIC_REPRESENTATION_CONTEXT(2) 
PARAMETRIC_REPRESENTATION_CONTEXT() REPRESENTATION_CONTEXT('2D SPACE',''
  ) );
#4418 = PCURVE('',#4419,#4424);
#4419 = PLANE('',#4420);
#4420 = AXIS2_PLACEMENT_3D('',#4421,#4422,#4423);
#4421 = CARTESIAN_POINT('',(66.5,7.845299461621,-1.5));
#4422 = DIRECTION('',(0.5,-0.866025403784,-0.));
#4423 = DIRECTION('',(0.866025403784,0.5,0.));
#4424 = DEFINITIONAL_REPRESENTATION('',(#4425),#4429);
#4425 = LINE('',#4426,#4427);
#4426 = CARTESIAN_POINT('',(0.,-0.));
#4427 = VECTOR('',#4428,1.);
#4428 = DIRECTION('',(-0.,-1.));
#4429 = ( GEOMETRIC_REPRESENTATION_CONTEXT(2) 
PARAMETRIC_REPRESENTATION_CONTEXT() REPRESENTATION_CONTEXT('2D SPACE',''
  ) );
#4430 = ORIENTED_EDGE('',*,*,#4431,.F.);
#4431 = EDGE_CURVE('',#4247,#4404,#4432,.T.);
#4432 = SURFACE_CURVE('',#4433,(#4437,#4444),.PCURVE_S1.);
#4433 = LINE('',#4434,#4435);
#4434 = CARTESIAN_POINT('',(66.5,10.154700538379,-1.5));
#4435 = VECTOR('',#4436,1.);
#4436 = DIRECTION('',(8.127396617584E-17,-1.,-0.));
#4437 = PCURVE('',#4262,#4438);
#4438 = DEFINITIONAL_REPRESENTATION('',(#4439),#4443);
#4439 = LINE('',#4440,#4441);
#4440 = CARTESIAN_POINT('',(-0.,0.));
#4441 = VECTOR('',#4442,1.);
#4442 = DIRECTION('',(-1.,0.));
#4443 = ( GEOMETRIC_REPRESENTATION_CONTEXT(2) 
PARAMETRIC_REPRESENTATION_CONTEXT() REPRESENTATION_CONTEXT('2D SPACE',''
  ) );
#4444 = PCURVE('',#4288,#4445);
#4445 = DEFINITIONAL_REPRESENTATION('',(#4446),#4450);
#4446 = LINE('',#4447,#4448);
#4447 = CARTESIAN_POINT('',(-1.154700538379,2.));
#4448 = VECTOR('',#4449,1.);
#4449 = DIRECTION('',(1.,1.922962686384E-16));
#4450 = ( GEOMETRIC_REPRESENTATION_CONTEXT(2) 
PARAMETRIC_REPRESENTATION_CONTEXT() REPRESENTATION_CONTEXT('2D SPACE',''
  ) );
#4451 = ADVANCED_FACE('',(#4452,#4529),#4288,.T.);
#4452 = FACE_BOUND('',#4453,.F.);
#4453 = EDGE_LOOP('',(#4454,#4455,#4456,#4479,#4507,#4528));
#4454 = ORIENTED_EDGE('',*,*,#4274,.T.);
#4455 = ORIENTED_EDGE('',*,*,#4431,.T.);
#4456 = ORIENTED_EDGE('',*,*,#4457,.T.);
#4457 = EDGE_CURVE('',#4404,#4458,#4460,.T.);
#4458 = VERTEX_POINT('',#4459);
#4459 = CARTESIAN_POINT('',(64.5,6.690598923241,-1.5));
#4460 = SURFACE_CURVE('',#4461,(#4465,#4472),.PCURVE_S1.);
#4461 = LINE('',#4462,#4463);
#4462 = CARTESIAN_POINT('',(66.5,7.845299461621,-1.5));
#4463 = VECTOR('',#4464,1.);
#4464 = DIRECTION('',(-0.866025403784,-0.5,-0.));
#4465 = PCURVE('',#4288,#4466);
#4466 = DEFINITIONAL_REPRESENTATION('',(#4467),#4471);
#4467 = LINE('',#4468,#4469);
#4468 = CARTESIAN_POINT('',(1.154700538379,2.));
#4469 = VECTOR('',#4470,1.);
#4470 = DIRECTION('',(0.5,-0.866025403784));
#4471 = ( GEOMETRIC_REPRESENTATION_CONTEXT(2) 
PARAMETRIC_REPRESENTATION_CONTEXT() REPRESENTATION_CONTEXT('2D SPACE',''
  ) );
#4472 = PCURVE('',#4419,#4473);
#4473 = DEFINITIONAL_REPRESENTATION('',(#4474),#4478);
#4474 = LINE('',#4475,#4476);
#4475 = CARTESIAN_POINT('',(0.,-0.));
#4476 = VECTOR('',#4477,1.);
#4477 = DIRECTION('',(-1.,0.));
#4478 = ( GEOMETRIC_REPRESENTATION_CONTEXT(2) 
PARAMETRIC_REPRESENTATION_CONTEXT() REPRESENTATION_CONTEXT('2D SPACE',''
  ) );
#4479 = ORIENTED_EDGE('',*,*,#4480,.T.);
#4480 = EDGE_CURVE('',#4458,#4481,#4483,.T.);
#4481 = VERTEX_POINT('',#4482);
#4482 = CARTESIAN_POINT('',(62.5,7.845299461621,-1.5));
#4483 = SURFACE_CURVE('',#4484,(#4488,#4495),.PCURVE_S1.);
#4484 = LINE('',#4485,#4486);
#4485 = CARTESIAN_POINT('',(64.5,6.690598923241,-1.5));
#4486 = VECTOR('',#4487,1.);
#4487 = DIRECTION('',(-0.866025403784,0.5,0.));
#4488 = PCURVE('',#4288,#4489);
#4489 = DEFINITIONAL_REPRESENTATION('',(#4490),#4494);
#4490 = LINE('',#4491,#4492);
#4491 = CARTESIAN_POINT('',(2.309401076759,2.563950248511E-16));
#4492 = VECTOR('',#4493,1.);
#4493 = DIRECTION('',(-0.5,-0.866025403784));
#4494 = ( GEOMETRIC_REPRESENTATION_CONTEXT(2) 
PARAMETRIC_REPRESENTATION_CONTEXT() REPRESENTATION_CONTEXT('2D SPACE',''
  ) );
#4495 = PCURVE('',#4496,#4501);
#4496 = PLANE('',#4497);
#4497 = AXIS2_PLACEMENT_3D('',#4498,#4499,#4500);
#4498 = CARTESIAN_POINT('',(64.5,6.690598923241,-1.5));
#4499 = DIRECTION('',(-0.5,-0.866025403784,-0.));
#4500 = DIRECTION('',(0.866025403784,-0.5,-0.));
#4501 = DEFINITIONAL_REPRESENTATION('',(#4502),#4506);
#4502 = LINE('',#4503,#4504);
#4503 = CARTESIAN_POINT('',(-0.,0.));
#4504 = VECTOR('',#4505,1.);
#4505 = DIRECTION('',(-1.,0.));
#4506 = ( GEOMETRIC_REPRESENTATION_CONTEXT(2) 
PARAMETRIC_REPRESENTATION_CONTEXT() REPRESENTATION_CONTEXT('2D SPACE',''
  ) );
#4507 = ORIENTED_EDGE('',*,*,#4508,.T.);
#4508 = EDGE_CURVE('',#4481,#4304,#4509,.T.);
#4509 = SURFACE_CURVE('',#4510,(#4514,#4521),.PCURVE_S1.);
#4510 = LINE('',#4511,#4512);
#4511 = CARTESIAN_POINT('',(62.5,7.845299461621,-1.5));
#4512 = VECTOR('',#4513,1.);
#4513 = DIRECTION('',(-6.581627720909E-16,1.,0.));
#4514 = PCURVE('',#4288,#4515);
#4515 = DEFINITIONAL_REPRESENTATION('',(#4516),#4520);
#4516 = LINE('',#4517,#4518);
#4517 = CARTESIAN_POINT('',(1.154700538379,-2.));
#4518 = VECTOR('',#4519,1.);
#4519 = DIRECTION('',(-1.,-7.691850745534E-16));
#4520 = ( GEOMETRIC_REPRESENTATION_CONTEXT(2) 
PARAMETRIC_REPRESENTATION_CONTEXT() REPRESENTATION_CONTEXT('2D SPACE',''
  ) );
#4521 = PCURVE('',#4321,#4522);
#4522 = DEFINITIONAL_REPRESENTATION('',(#4523),#4527);
#4523 = LINE('',#4524,#4525);
#4524 = CARTESIAN_POINT('',(-0.,0.));
#4525 = VECTOR('',#4526,1.);
#4526 = DIRECTION('',(-1.,0.));
#4527 = ( GEOMETRIC_REPRESENTATION_CONTEXT(2) 
PARAMETRIC_REPRESENTATION_CONTEXT() REPRESENTATION_CONTEXT('2D SPACE',''
  ) );
#4528 = ORIENTED_EDGE('',*,*,#4355,.T.);
#4529 = FACE_BOUND('',#4530,.F.);
#4530 = EDGE_LOOP('',(#4531));
#4531 = ORIENTED_EDGE('',*,*,#4532,.F.);
#4532 = EDGE_CURVE('',#4533,#4533,#4535,.T.);
#4533 = VERTEX_POINT('',#4534);
#4534 = CARTESIAN_POINT('',(65.3,9.,-1.5));
#4535 = SURFACE_CURVE('',#4536,(#4541,#4552),.PCURVE_S1.);
#4536 = CIRCLE('',#4537,0.8);
#4537 = AXIS2_PLACEMENT_3D('',#4538,#4539,#4540);
#4538 = CARTESIAN_POINT('',(64.5,9.,-1.5));
#4539 = DIRECTION('',(0.,0.,-1.));
#4540 = DIRECTION('',(1.,-0.,-0.));
#4541 = PCURVE('',#4288,#4542);
#4542 = DEFINITIONAL_REPRESENTATION('',(#4543),#4551);
#4543 = ( BOUNDED_CURVE() B_SPLINE_CURVE(2,(#4544,#4545,#4546,#4547,
#4548,#4549,#4550),.UNSPECIFIED.,.T.,.F.) B_SPLINE_CURVE_WITH_KNOTS((1,2
    ,2,2,2,1),(-2.094395102393,0.,2.094395102393,4.188790204786,
6.28318530718,8.377580409573),.UNSPECIFIED.) CURVE() 
GEOMETRIC_REPRESENTATION_ITEM() RATIONAL_B_SPLINE_CURVE((1.,0.5,1.,0.5,
1.,0.5,1.)) REPRESENTATION_ITEM('') );
#4544 = CARTESIAN_POINT('',(-8.881784197001E-17,0.8));
#4545 = CARTESIAN_POINT('',(1.385640646055,0.8));
#4546 = CARTESIAN_POINT('',(0.692820323028,-0.4));
#4547 = CARTESIAN_POINT('',(3.735791718036E-16,-1.6));
#4548 = CARTESIAN_POINT('',(-0.692820323028,-0.4));
#4549 = CARTESIAN_POINT('',(-1.385640646055,0.8));
#4550 = CARTESIAN_POINT('',(-8.881784197001E-17,0.8));
#4551 = ( GEOMETRIC_REPRESENTATION_CONTEXT(2) 
PARAMETRIC_REPRESENTATION_CONTEXT() REPRESENTATION_CONTEXT('2D SPACE',''
  ) );
#4552 = PCURVE('',#4553,#4558);
#4553 = CYLINDRICAL_SURFACE('',#4554,0.8);
#4554 = AXIS2_PLACEMENT_3D('',#4555,#4556,#4557);
#4555 = CARTESIAN_POINT('',(64.5,9.,-1.5));
#4556 = DIRECTION('',(-0.,-0.,1.));
#4557 = DIRECTION('',(1.,-0.,-0.));
#4558 = DEFINITIONAL_REPRESENTATION('',(#4559),#4563);
#4559 = LINE('',#4560,#4561);
#4560 = CARTESIAN_POINT('',(-0.,0.));
#4561 = VECTOR('',#4562,1.);
#4562 = DIRECTION('',(-1.,0.));
#4563 = ( GEOMETRIC_REPRESENTATION_CONTEXT(2) 
PARAMETRIC_REPRESENTATION_CONTEXT() REPRESENTATION_CONTEXT('2D SPACE',''
  ) );
#4564 = ADVANCED_FACE('',(#4565,#4637),#4234,.F.);
#4565 = FACE_BOUND('',#4566,.T.);
#4566 = EDGE_LOOP('',(#4567,#4568,#4569,#4592,#4615,#4636));
#4567 = ORIENTED_EDGE('',*,*,#4218,.T.);
#4568 = ORIENTED_EDGE('',*,*,#4380,.T.);
#4569 = ORIENTED_EDGE('',*,*,#4570,.T.);
#4570 = EDGE_CURVE('',#4381,#4571,#4573,.T.);
#4571 = VERTEX_POINT('',#4572);
#4572 = CARTESIAN_POINT('',(64.5,6.690598923241,-3.1));
#4573 = SURFACE_CURVE('',#4574,(#4578,#4585),.PCURVE_S1.);
#4574 = LINE('',#4575,#4576);
#4575 = CARTESIAN_POINT('',(66.5,7.845299461621,-3.1));
#4576 = VECTOR('',#4577,1.);
#4577 = DIRECTION('',(-0.866025403784,-0.5,-0.));
#4578 = PCURVE('',#4234,#4579);
#4579 = DEFINITIONAL_REPRESENTATION('',(#4580),#4584);
#4580 = LINE('',#4581,#4582);
#4581 = CARTESIAN_POINT('',(1.154700538379,2.));
#4582 = VECTOR('',#4583,1.);
#4583 = DIRECTION('',(0.5,-0.866025403784));
#4584 = ( GEOMETRIC_REPRESENTATION_CONTEXT(2) 
PARAMETRIC_REPRESENTATION_CONTEXT() REPRESENTATION_CONTEXT('2D SPACE',''
  ) );
#4585 = PCURVE('',#4419,#4586);
#4586 = DEFINITIONAL_REPRESENTATION('',(#4587),#4591);
#4587 = LINE('',#4588,#4589);
#4588 = CARTESIAN_POINT('',(-0.,-1.6));
#4589 = VECTOR('',#4590,1.);
#4590 = DIRECTION('',(-1.,0.));
#4591 = ( GEOMETRIC_REPRESENTATION_CONTEXT(2) 
PARAMETRIC_REPRESENTATION_CONTEXT() REPRESENTATION_CONTEXT('2D SPACE',''
  ) );
#4592 = ORIENTED_EDGE('',*,*,#4593,.T.);
#4593 = EDGE_CURVE('',#4571,#4594,#4596,.T.);
#4594 = VERTEX_POINT('',#4595);
#4595 = CARTESIAN_POINT('',(62.5,7.845299461621,-3.1));
#4596 = SURFACE_CURVE('',#4597,(#4601,#4608),.PCURVE_S1.);
#4597 = LINE('',#4598,#4599);
#4598 = CARTESIAN_POINT('',(64.5,6.690598923241,-3.1));
#4599 = VECTOR('',#4600,1.);
#4600 = DIRECTION('',(-0.866025403784,0.5,0.));
#4601 = PCURVE('',#4234,#4602);
#4602 = DEFINITIONAL_REPRESENTATION('',(#4603),#4607);
#4603 = LINE('',#4604,#4605);
#4604 = CARTESIAN_POINT('',(2.309401076759,2.563950248511E-16));
#4605 = VECTOR('',#4606,1.);
#4606 = DIRECTION('',(-0.5,-0.866025403784));
#4607 = ( GEOMETRIC_REPRESENTATION_CONTEXT(2) 
PARAMETRIC_REPRESENTATION_CONTEXT() REPRESENTATION_CONTEXT('2D SPACE',''
  ) );
#4608 = PCURVE('',#4496,#4609);
#4609 = DEFINITIONAL_REPRESENTATION('',(#4610),#4614);
#4610 = LINE('',#4611,#4612);
#4611 = CARTESIAN_POINT('',(-0.,-1.6));
#4612 = VECTOR('',#4613,1.);
#4613 = DIRECTION('',(-1.,0.));
#4614 = ( GEOMETRIC_REPRESENTATION_CONTEXT(2) 
PARAMETRIC_REPRESENTATION_CONTEXT() REPRESENTATION_CONTEXT('2D SPACE',''
  ) );
#4615 = ORIENTED_EDGE('',*,*,#4616,.T.);
#4616 = EDGE_CURVE('',#4594,#4306,#4617,.T.);
#4617 = SURFACE_CURVE('',#4618,(#4622,#4629),.PCURVE_S1.);
#4618 = LINE('',#4619,#4620);
#4619 = CARTESIAN_POINT('',(62.5,7.845299461621,-3.1));
#4620 = VECTOR('',#4621,1.);
#4621 = DIRECTION('',(-6.581627720909E-16,1.,0.));
#4622 = PCURVE('',#4234,#4623);
#4623 = DEFINITIONAL_REPRESENTATION('',(#4624),#4628);
#4624 = LINE('',#4625,#4626);
#4625 = CARTESIAN_POINT('',(1.154700538379,-2.));
#4626 = VECTOR('',#4627,1.);
#4627 = DIRECTION('',(-1.,-7.691850745534E-16));
#4628 = ( GEOMETRIC_REPRESENTATION_CONTEXT(2) 
PARAMETRIC_REPRESENTATION_CONTEXT() REPRESENTATION_CONTEXT('2D SPACE',''
  ) );
#4629 = PCURVE('',#4321,#4630);
#4630 = DEFINITIONAL_REPRESENTATION('',(#4631),#4635);
#4631 = LINE('',#4632,#4633);
#4632 = CARTESIAN_POINT('',(-0.,-1.6));
#4633 = VECTOR('',#4634,1.);
#4634 = DIRECTION('',(-1.,0.));
#4635 = ( GEOMETRIC_REPRESENTATION_CONTEXT(2) 
PARAMETRIC_REPRESENTATION_CONTEXT() REPRESENTATION_CONTEXT('2D SPACE',''
  ) );
#4636 = ORIENTED_EDGE('',*,*,#4333,.T.);
#4637 = FACE_BOUND('',#4638,.T.);
#4638 = EDGE_LOOP('',(#4639));
#4639 = ORIENTED_EDGE('',*,*,#4640,.F.);
#4640 = EDGE_CURVE('',#4641,#4641,#4643,.T.);
#4641 = VERTEX_POINT('',#4642);
#4642 = CARTESIAN_POINT('',(65.3,9.,-3.1));
#4643 = SURFACE_CURVE('',#4644,(#4649,#4660),.PCURVE_S1.);
#4644 = CIRCLE('',#4645,0.8);
#4645 = AXIS2_PLACEMENT_3D('',#4646,#4647,#4648);
#4646 = CARTESIAN_POINT('',(64.5,9.,-3.1));
#4647 = DIRECTION('',(0.,0.,-1.));
#4648 = DIRECTION('',(1.,-0.,-0.));
#4649 = PCURVE('',#4234,#4650);
#4650 = DEFINITIONAL_REPRESENTATION('',(#4651),#4659);
#4651 = ( BOUNDED_CURVE() B_SPLINE_CURVE(2,(#4652,#4653,#4654,#4655,
#4656,#4657,#4658),.UNSPECIFIED.,.T.,.F.) B_SPLINE_CURVE_WITH_KNOTS((1,2
    ,2,2,2,1),(-2.094395102393,0.,2.094395102393,4.188790204786,
6.28318530718,8.377580409573),.UNSPECIFIED.) CURVE() 
GEOMETRIC_REPRESENTATION_ITEM() RATIONAL_B_SPLINE_CURVE((1.,0.5,1.,0.5,
1.,0.5,1.)) REPRESENTATION_ITEM('') );
#4652 = CARTESIAN_POINT('',(-8.881784197001E-17,0.8));
#4653 = CARTESIAN_POINT('',(1.385640646055,0.8));
#4654 = CARTESIAN_POINT('',(0.692820323028,-0.4));
#4655 = CARTESIAN_POINT('',(3.735791718036E-16,-1.6));
#4656 = CARTESIAN_POINT('',(-0.692820323028,-0.4));
#4657 = CARTESIAN_POINT('',(-1.385640646055,0.8));
#4658 = CARTESIAN_POINT('',(-8.881784197001E-17,0.8));
#4659 = ( GEOMETRIC_REPRESENTATION_CONTEXT(2) 
PARAMETRIC_REPRESENTATION_CONTEXT() REPRESENTATION_CONTEXT('2D SPACE',''
  ) );
#4660 = PCURVE('',#4553,#4661);
#4661 = DEFINITIONAL_REPRESENTATION('',(#4662),#4666);
#4662 = LINE('',#4663,#4664);
#4663 = CARTESIAN_POINT('',(-0.,-1.6));
#4664 = VECTOR('',#4665,1.);
#4665 = DIRECTION('',(-1.,0.));
#4666 = ( GEOMETRIC_REPRESENTATION_CONTEXT(2) 
PARAMETRIC_REPRESENTATION_CONTEXT() REPRESENTATION_CONTEXT('2D SPACE',''
  ) );
#4667 = ADVANCED_FACE('',(#4668),#4321,.T.);
#4668 = FACE_BOUND('',#4669,.F.);
#4669 = EDGE_LOOP('',(#4670,#4691,#4692,#4693));
#4670 = ORIENTED_EDGE('',*,*,#4671,.T.);
#4671 = EDGE_CURVE('',#4481,#4594,#4672,.T.);
#4672 = SURFACE_CURVE('',#4673,(#4677,#4684),.PCURVE_S1.);
#4673 = LINE('',#4674,#4675);
#4674 = CARTESIAN_POINT('',(62.5,7.845299461621,-1.5));
#4675 = VECTOR('',#4676,1.);
#4676 = DIRECTION('',(-0.,-0.,-1.));
#4677 = PCURVE('',#4321,#4678);
#4678 = DEFINITIONAL_REPRESENTATION('',(#4679),#4683);
#4679 = LINE('',#4680,#4681);
#4680 = CARTESIAN_POINT('',(-0.,0.));
#4681 = VECTOR('',#4682,1.);
#4682 = DIRECTION('',(-0.,-1.));
#4683 = ( GEOMETRIC_REPRESENTATION_CONTEXT(2) 
PARAMETRIC_REPRESENTATION_CONTEXT() REPRESENTATION_CONTEXT('2D SPACE',''
  ) );
#4684 = PCURVE('',#4496,#4685);
#4685 = DEFINITIONAL_REPRESENTATION('',(#4686),#4690);
#4686 = LINE('',#4687,#4688);
#4687 = CARTESIAN_POINT('',(-2.309401076759,0.));
#4688 = VECTOR('',#4689,1.);
#4689 = DIRECTION('',(-0.,-1.));
#4690 = ( GEOMETRIC_REPRESENTATION_CONTEXT(2) 
PARAMETRIC_REPRESENTATION_CONTEXT() REPRESENTATION_CONTEXT('2D SPACE',''
  ) );
#4691 = ORIENTED_EDGE('',*,*,#4616,.T.);
#4692 = ORIENTED_EDGE('',*,*,#4303,.F.);
#4693 = ORIENTED_EDGE('',*,*,#4508,.F.);
#4694 = ADVANCED_FACE('',(#4695),#4419,.T.);
#4695 = FACE_BOUND('',#4696,.F.);
#4696 = EDGE_LOOP('',(#4697,#4698,#4699,#4720));
#4697 = ORIENTED_EDGE('',*,*,#4403,.T.);
#4698 = ORIENTED_EDGE('',*,*,#4570,.T.);
#4699 = ORIENTED_EDGE('',*,*,#4700,.F.);
#4700 = EDGE_CURVE('',#4458,#4571,#4701,.T.);
#4701 = SURFACE_CURVE('',#4702,(#4706,#4713),.PCURVE_S1.);
#4702 = LINE('',#4703,#4704);
#4703 = CARTESIAN_POINT('',(64.5,6.690598923241,-1.5));
#4704 = VECTOR('',#4705,1.);
#4705 = DIRECTION('',(-0.,-0.,-1.));
#4706 = PCURVE('',#4419,#4707);
#4707 = DEFINITIONAL_REPRESENTATION('',(#4708),#4712);
#4708 = LINE('',#4709,#4710);
#4709 = CARTESIAN_POINT('',(-2.309401076759,0.));
#4710 = VECTOR('',#4711,1.);
#4711 = DIRECTION('',(-0.,-1.));
#4712 = ( GEOMETRIC_REPRESENTATION_CONTEXT(2) 
PARAMETRIC_REPRESENTATION_CONTEXT() REPRESENTATION_CONTEXT('2D SPACE',''
  ) );
#4713 = PCURVE('',#4496,#4714);
#4714 = DEFINITIONAL_REPRESENTATION('',(#4715),#4719);
#4715 = LINE('',#4716,#4717);
#4716 = CARTESIAN_POINT('',(-0.,0.));
#4717 = VECTOR('',#4718,1.);
#4718 = DIRECTION('',(-0.,-1.));
#4719 = ( GEOMETRIC_REPRESENTATION_CONTEXT(2) 
PARAMETRIC_REPRESENTATION_CONTEXT() REPRESENTATION_CONTEXT('2D SPACE',''
  ) );
#4720 = ORIENTED_EDGE('',*,*,#4457,.F.);
#4721 = ADVANCED_FACE('',(#4722),#4496,.T.);
#4722 = FACE_BOUND('',#4723,.F.);
#4723 = EDGE_LOOP('',(#4724,#4725,#4726,#4727));
#4724 = ORIENTED_EDGE('',*,*,#4700,.T.);
#4725 = ORIENTED_EDGE('',*,*,#4593,.T.);
#4726 = ORIENTED_EDGE('',*,*,#4671,.F.);
#4727 = ORIENTED_EDGE('',*,*,#4480,.F.);
#4728 = ADVANCED_FACE('',(#4729),#4553,.F.);
#4729 = FACE_BOUND('',#4730,.T.);
#4730 = EDGE_LOOP('',(#4731,#4752,#4753,#4754));
#4731 = ORIENTED_EDGE('',*,*,#4732,.T.);
#4732 = EDGE_CURVE('',#4533,#4641,#4733,.T.);
#4733 = SEAM_CURVE('',#4734,(#4738,#4745),.PCURVE_S1.);
#4734 = LINE('',#4735,#4736);
#4735 = CARTESIAN_POINT('',(65.3,9.,-1.5));
#4736 = VECTOR('',#4737,1.);
#4737 = DIRECTION('',(-0.,0.,-1.));
#4738 = PCURVE('',#4553,#4739);
#4739 = DEFINITIONAL_REPRESENTATION('',(#4740),#4744);
#4740 = LINE('',#4741,#4742);
#4741 = CARTESIAN_POINT('',(-0.,0.));
#4742 = VECTOR('',#4743,1.);
#4743 = DIRECTION('',(-0.,-1.));
#4744 = ( GEOMETRIC_REPRESENTATION_CONTEXT(2) 
PARAMETRIC_REPRESENTATION_CONTEXT() REPRESENTATION_CONTEXT('2D SPACE',''
  ) );
#4745 = PCURVE('',#4553,#4746);
#4746 = DEFINITIONAL_REPRESENTATION('',(#4747),#4751);
#4747 = LINE('',#4748,#4749);
#4748 = CARTESIAN_POINT('',(-6.28318530718,0.));
#4749 = VECTOR('',#4750,1.);
#4750 = DIRECTION('',(-0.,-1.));
#4751 = ( GEOMETRIC_REPRESENTATION_CONTEXT(2) 
PARAMETRIC_REPRESENTATION_CONTEXT() REPRESENTATION_CONTEXT('2D SPACE',''
  ) );
#4752 = ORIENTED_EDGE('',*,*,#4640,.T.);
#4753 = ORIENTED_EDGE('',*,*,#4732,.F.);
#4754 = ORIENTED_EDGE('',*,*,#4532,.F.);
#4755 = ( GEOMETRIC_REPRESENTATION_CONTEXT(3) 
GLOBAL_UNCERTAINTY_ASSIGNED_CONTEXT((#4759)) 
GLOBAL_UNIT_ASSIGNED_CONTEXT((#4756,#4757,#4758)) REPRESENTATION_CONTEXT
('Context #1','3D Context with UNIT and UNCERTAINTY') );
#4756 = ( LENGTH_UNIT() NAMED_UNIT(*) SI_UNIT(.MILLI.,.METRE.) );
#4757 = ( NAMED_UNIT(*) PLANE_ANGLE_UNIT() SI_UNIT($,.RADIAN.) );
#4758 = ( NAMED_UNIT(*) SI_UNIT($,.STERADIAN.) SOLID_ANGLE_UNIT() );
#4759 = UNCERTAINTY_MEASURE_WITH_UNIT(LENGTH_MEASURE(1.E-07),#4756,
  'distance_accuracy_value','confusion accuracy');
#4760 = CONTEXT_DEPENDENT_SHAPE_REPRESENTATION(#4761,#4763);
#4761 = ( REPRESENTATION_RELATIONSHIP('','',#4176,#10) 
REPRESENTATION_RELATIONSHIP_WITH_TRANSFORMATION(#4762) 
SHAPE_REPRESENTATION_RELATIONSHIP() );
#4762 = ITEM_DEFINED_TRANSFORMATION('','',#11,#55);
#4763 = PRODUCT_DEFINITION_SHAPE('Placement','Placement of an item',
  #4764);
#4764 = NEXT_ASSEMBLY_USAGE_OCCURRENCE('75','','',#5,#4171,$);
#4765 = PRODUCT_RELATED_PRODUCT_CATEGORY('part',$,(#4173));
#4766 = SHAPE_DEFINITION_REPRESENTATION(#4767,#4773);
#4767 = PRODUCT_DEFINITION_SHAPE('','',#4768);
#4768 = PRODUCT_DEFINITION('design','',#4769,#4772);
#4769 = PRODUCT_DEFINITION_FORMATION('','',#4770);
#4770 = PRODUCT('Open CASCADE STEP translator 7.9 33.12',
  'Open CASCADE STEP translator 7.9 33.12','',(#4771));
#4771 = PRODUCT_CONTEXT('',#2,'mechanical');
#4772 = PRODUCT_DEFINITION_CONTEXT('part definition',#2,'design');
#4773 = ADVANCED_BREP_SHAPE_REPRESENTATION('',(#11,#4774),#4978);
#4774 = MANIFOLD_SOLID_BREP('',#4775);
#4775 = CLOSED_SHELL('',(#4776,#4872,#4876,#4915,#4974));
#4776 = ADVANCED_FACE('',(#4777),#4791,.T.);
#4777 = FACE_BOUND('',#4778,.T.);
#4778 = EDGE_LOOP('',(#4779,#4809,#4840,#4841));
#4779 = ORIENTED_EDGE('',*,*,#4780,.T.);
#4780 = EDGE_CURVE('',#4781,#4783,#4785,.T.);
#4781 = VERTEX_POINT('',#4782);
#4782 = CARTESIAN_POINT('',(67.,9.,-12.8));
#4783 = VERTEX_POINT('',#4784);
#4784 = CARTESIAN_POINT('',(67.,9.,-11.3));
#4785 = SEAM_CURVE('',#4786,(#4790,#4802),.PCURVE_S1.);
#4786 = LINE('',#4787,#4788);
#4787 = CARTESIAN_POINT('',(67.,9.,-12.8));
#4788 = VECTOR('',#4789,1.);
#4789 = DIRECTION('',(-0.,-0.,1.));
#4790 = PCURVE('',#4791,#4796);
#4791 = CYLINDRICAL_SURFACE('',#4792,2.5);
#4792 = AXIS2_PLACEMENT_3D('',#4793,#4794,#4795);
#4793 = CARTESIAN_POINT('',(64.5,9.,-12.8));
#4794 = DIRECTION('',(-0.,0.,-1.));
#4795 = DIRECTION('',(1.,-0.,-0.));
#4796 = DEFINITIONAL_REPRESENTATION('',(#4797),#4801);
#4797 = LINE('',#4798,#4799);
#4798 = CARTESIAN_POINT('',(0.,0.));
#4799 = VECTOR('',#4800,1.);
#4800 = DIRECTION('',(0.,-1.));
#4801 = ( GEOMETRIC_REPRESENTATION_CONTEXT(2) 
PARAMETRIC_REPRESENTATION_CONTEXT() REPRESENTATION_CONTEXT('2D SPACE',''
  ) );
#4802 = PCURVE('',#4791,#4803);
#4803 = DEFINITIONAL_REPRESENTATION('',(#4804),#4808);
#4804 = LINE('',#4805,#4806);
#4805 = CARTESIAN_POINT('',(6.28318530718,0.));
#4806 = VECTOR('',#4807,1.);
#4807 = DIRECTION('',(0.,-1.));
#4808 = ( GEOMETRIC_REPRESENTATION_CONTEXT(2) 
PARAMETRIC_REPRESENTATION_CONTEXT() REPRESENTATION_CONTEXT('2D SPACE',''
  ) );
#4809 = ORIENTED_EDGE('',*,*,#4810,.T.);
#4810 = EDGE_CURVE('',#4783,#4783,#4811,.T.);
#4811 = SURFACE_CURVE('',#4812,(#4817,#4824),.PCURVE_S1.);
#4812 = CIRCLE('',#4813,2.5);
#4813 = AXIS2_PLACEMENT_3D('',#4814,#4815,#4816);
#4814 = CARTESIAN_POINT('',(64.5,9.,-11.3));
#4815 = DIRECTION('',(0.,0.,-1.));
#4816 = DIRECTION('',(1.,-0.,-0.));
#4817 = PCURVE('',#4791,#4818);
#4818 = DEFINITIONAL_REPRESENTATION('',(#4819),#4823);
#4819 = LINE('',#4820,#4821);
#4820 = CARTESIAN_POINT('',(0.,-1.5));
#4821 = VECTOR('',#4822,1.);
#4822 = DIRECTION('',(1.,0.));
#4823 = ( GEOMETRIC_REPRESENTATION_CONTEXT(2) 
PARAMETRIC_REPRESENTATION_CONTEXT() REPRESENTATION_CONTEXT('2D SPACE',''
  ) );
#4824 = PCURVE('',#4825,#4830);
#4825 = PLANE('',#4826);
#4826 = AXIS2_PLACEMENT_3D('',#4827,#4828,#4829);
#4827 = CARTESIAN_POINT('',(64.5,9.,-11.3));
#4828 = DIRECTION('',(-0.,-0.,1.));
#4829 = DIRECTION('',(-1.,0.,0.));
#4830 = DEFINITIONAL_REPRESENTATION('',(#4831),#4839);
#4831 = ( BOUNDED_CURVE() B_SPLINE_CURVE(2,(#4832,#4833,#4834,#4835,
#4836,#4837,#4838),.UNSPECIFIED.,.T.,.F.) B_SPLINE_CURVE_WITH_KNOTS((1,2
    ,2,2,2,1),(-2.094395102393,0.,2.094395102393,4.188790204786,
6.28318530718,8.377580409573),.UNSPECIFIED.) CURVE() 
GEOMETRIC_REPRESENTATION_ITEM() RATIONAL_B_SPLINE_CURVE((1.,0.5,1.,0.5,
1.,0.5,1.)) REPRESENTATION_ITEM('') );
#4832 = CARTESIAN_POINT('',(-2.5,0.));
#4833 = CARTESIAN_POINT('',(-2.5,4.330127018922));
#4834 = CARTESIAN_POINT('',(1.25,2.165063509461));
#4835 = CARTESIAN_POINT('',(5.,6.123233995737E-16));
#4836 = CARTESIAN_POINT('',(1.25,-2.165063509461));
#4837 = CARTESIAN_POINT('',(-2.5,-4.330127018922));
#4838 = CARTESIAN_POINT('',(-2.5,0.));
#4839 = ( GEOMETRIC_REPRESENTATION_CONTEXT(2) 
PARAMETRIC_REPRESENTATION_CONTEXT() REPRESENTATION_CONTEXT('2D SPACE',''
  ) );
#4840 = ORIENTED_EDGE('',*,*,#4780,.F.);
#4841 = ORIENTED_EDGE('',*,*,#4842,.F.);
#4842 = EDGE_CURVE('',#4781,#4781,#4843,.T.);
#4843 = SURFACE_CURVE('',#4844,(#4849,#4856),.PCURVE_S1.);
#4844 = CIRCLE('',#4845,2.5);
#4845 = AXIS2_PLACEMENT_3D('',#4846,#4847,#4848);
#4846 = CARTESIAN_POINT('',(64.5,9.,-12.8));
#4847 = DIRECTION('',(0.,0.,-1.));
#4848 = DIRECTION('',(1.,-0.,-0.));
#4849 = PCURVE('',#4791,#4850);
#4850 = DEFINITIONAL_REPRESENTATION('',(#4851),#4855);
#4851 = LINE('',#4852,#4853);
#4852 = CARTESIAN_POINT('',(0.,0.));
#4853 = VECTOR('',#4854,1.);
#4854 = DIRECTION('',(1.,0.));
#4855 = ( GEOMETRIC_REPRESENTATION_CONTEXT(2) 
PARAMETRIC_REPRESENTATION_CONTEXT() REPRESENTATION_CONTEXT('2D SPACE',''
  ) );
#4856 = PCURVE('',#4857,#4862);
#4857 = PLANE('',#4858);
#4858 = AXIS2_PLACEMENT_3D('',#4859,#4860,#4861);
#4859 = CARTESIAN_POINT('',(64.5,9.,-12.8));
#4860 = DIRECTION('',(-0.,-0.,1.));
#4861 = DIRECTION('',(-1.,0.,0.));
#4862 = DEFINITIONAL_REPRESENTATION('',(#4863),#4871);
#4863 = ( BOUNDED_CURVE() B_SPLINE_CURVE(2,(#4864,#4865,#4866,#4867,
#4868,#4869,#4870),.UNSPECIFIED.,.T.,.F.) B_SPLINE_CURVE_WITH_KNOTS((1,2
    ,2,2,2,1),(-2.094395102393,0.,2.094395102393,4.188790204786,
6.28318530718,8.377580409573),.UNSPECIFIED.) CURVE() 
GEOMETRIC_REPRESENTATION_ITEM() RATIONAL_B_SPLINE_CURVE((1.,0.5,1.,0.5,
1.,0.5,1.)) REPRESENTATION_ITEM('') );
#4864 = CARTESIAN_POINT('',(-2.5,0.));
#4865 = CARTESIAN_POINT('',(-2.5,4.330127018922));
#4866 = CARTESIAN_POINT('',(1.25,2.165063509461));
#4867 = CARTESIAN_POINT('',(5.,6.123233995737E-16));
#4868 = CARTESIAN_POINT('',(1.25,-2.165063509461));
#4869 = CARTESIAN_POINT('',(-2.5,-4.330127018922));
#4870 = CARTESIAN_POINT('',(-2.5,0.));
#4871 = ( GEOMETRIC_REPRESENTATION_CONTEXT(2) 
PARAMETRIC_REPRESENTATION_CONTEXT() REPRESENTATION_CONTEXT('2D SPACE',''
  ) );
#4872 = ADVANCED_FACE('',(#4873),#4857,.F.);
#4873 = FACE_BOUND('',#4874,.T.);
#4874 = EDGE_LOOP('',(#4875));
#4875 = ORIENTED_EDGE('',*,*,#4842,.T.);
#4876 = ADVANCED_FACE('',(#4877,#4880),#4825,.T.);
#4877 = FACE_BOUND('',#4878,.F.);
#4878 = EDGE_LOOP('',(#4879));
#4879 = ORIENTED_EDGE('',*,*,#4810,.T.);
#4880 = FACE_BOUND('',#4881,.F.);
#4881 = EDGE_LOOP('',(#4882));
#4882 = ORIENTED_EDGE('',*,*,#4883,.F.);
#4883 = EDGE_CURVE('',#4884,#4884,#4886,.T.);
#4884 = VERTEX_POINT('',#4885);
#4885 = CARTESIAN_POINT('',(65.5,9.,-11.3));
#4886 = SURFACE_CURVE('',#4887,(#4892,#4903),.PCURVE_S1.);
#4887 = CIRCLE('',#4888,1.);
#4888 = AXIS2_PLACEMENT_3D('',#4889,#4890,#4891);
#4889 = CARTESIAN_POINT('',(64.5,9.,-11.3));
#4890 = DIRECTION('',(0.,0.,-1.));
#4891 = DIRECTION('',(1.,-0.,-0.));
#4892 = PCURVE('',#4825,#4893);
#4893 = DEFINITIONAL_REPRESENTATION('',(#4894),#4902);
#4894 = ( BOUNDED_CURVE() B_SPLINE_CURVE(2,(#4895,#4896,#4897,#4898,
#4899,#4900,#4901),.UNSPECIFIED.,.T.,.F.) B_SPLINE_CURVE_WITH_KNOTS((1,2
    ,2,2,2,1),(-2.094395102393,0.,2.094395102393,4.188790204786,
6.28318530718,8.377580409573),.UNSPECIFIED.) CURVE() 
GEOMETRIC_REPRESENTATION_ITEM() RATIONAL_B_SPLINE_CURVE((1.,0.5,1.,0.5,
1.,0.5,1.)) REPRESENTATION_ITEM('') );
#4895 = CARTESIAN_POINT('',(-1.,0.));
#4896 = CARTESIAN_POINT('',(-1.,1.732050807569));
#4897 = CARTESIAN_POINT('',(0.5,0.866025403784));
#4898 = CARTESIAN_POINT('',(2.,2.449293598295E-16));
#4899 = CARTESIAN_POINT('',(0.5,-0.866025403784));
#4900 = CARTESIAN_POINT('',(-1.,-1.732050807569));
#4901 = CARTESIAN_POINT('',(-1.,0.));
#4902 = ( GEOMETRIC_REPRESENTATION_CONTEXT(2) 
PARAMETRIC_REPRESENTATION_CONTEXT() REPRESENTATION_CONTEXT('2D SPACE',''
  ) );
#4903 = PCURVE('',#4904,#4909);
#4904 = CYLINDRICAL_SURFACE('',#4905,1.);
#4905 = AXIS2_PLACEMENT_3D('',#4906,#4907,#4908);
#4906 = CARTESIAN_POINT('',(64.5,9.,-11.3));
#4907 = DIRECTION('',(-0.,0.,-1.));
#4908 = DIRECTION('',(1.,-0.,-0.));
#4909 = DEFINITIONAL_REPRESENTATION('',(#4910),#4914);
#4910 = LINE('',#4911,#4912);
#4911 = CARTESIAN_POINT('',(0.,0.));
#4912 = VECTOR('',#4913,1.);
#4913 = DIRECTION('',(1.,0.));
#4914 = ( GEOMETRIC_REPRESENTATION_CONTEXT(2) 
PARAMETRIC_REPRESENTATION_CONTEXT() REPRESENTATION_CONTEXT('2D SPACE',''
  ) );
#4915 = ADVANCED_FACE('',(#4916),#4904,.T.);
#4916 = FACE_BOUND('',#4917,.T.);
#4917 = EDGE_LOOP('',(#4918,#4941,#4972,#4973));
#4918 = ORIENTED_EDGE('',*,*,#4919,.T.);
#4919 = EDGE_CURVE('',#4884,#4920,#4922,.T.);
#4920 = VERTEX_POINT('',#4921);
#4921 = CARTESIAN_POINT('',(65.5,9.,-1.3));
#4922 = SEAM_CURVE('',#4923,(#4927,#4934),.PCURVE_S1.);
#4923 = LINE('',#4924,#4925);
#4924 = CARTESIAN_POINT('',(65.5,9.,-11.3));
#4925 = VECTOR('',#4926,1.);
#4926 = DIRECTION('',(-0.,-0.,1.));
#4927 = PCURVE('',#4904,#4928);
#4928 = DEFINITIONAL_REPRESENTATION('',(#4929),#4933);
#4929 = LINE('',#4930,#4931);
#4930 = CARTESIAN_POINT('',(0.,0.));
#4931 = VECTOR('',#4932,1.);
#4932 = DIRECTION('',(0.,-1.));
#4933 = ( GEOMETRIC_REPRESENTATION_CONTEXT(2) 
PARAMETRIC_REPRESENTATION_CONTEXT() REPRESENTATION_CONTEXT('2D SPACE',''
  ) );
#4934 = PCURVE('',#4904,#4935);
#4935 = DEFINITIONAL_REPRESENTATION('',(#4936),#4940);
#4936 = LINE('',#4937,#4938);
#4937 = CARTESIAN_POINT('',(6.28318530718,0.));
#4938 = VECTOR('',#4939,1.);
#4939 = DIRECTION('',(0.,-1.));
#4940 = ( GEOMETRIC_REPRESENTATION_CONTEXT(2) 
PARAMETRIC_REPRESENTATION_CONTEXT() REPRESENTATION_CONTEXT('2D SPACE',''
  ) );
#4941 = ORIENTED_EDGE('',*,*,#4942,.T.);
#4942 = EDGE_CURVE('',#4920,#4920,#4943,.T.);
#4943 = SURFACE_CURVE('',#4944,(#4949,#4956),.PCURVE_S1.);
#4944 = CIRCLE('',#4945,1.);
#4945 = AXIS2_PLACEMENT_3D('',#4946,#4947,#4948);
#4946 = CARTESIAN_POINT('',(64.5,9.,-1.3));
#4947 = DIRECTION('',(0.,0.,-1.));
#4948 = DIRECTION('',(1.,-0.,-0.));
#4949 = PCURVE('',#4904,#4950);
#4950 = DEFINITIONAL_REPRESENTATION('',(#4951),#4955);
#4951 = LINE('',#4952,#4953);
#4952 = CARTESIAN_POINT('',(0.,-10.));
#4953 = VECTOR('',#4954,1.);
#4954 = DIRECTION('',(1.,0.));
#4955 = ( GEOMETRIC_REPRESENTATION_CONTEXT(2) 
PARAMETRIC_REPRESENTATION_CONTEXT() REPRESENTATION_CONTEXT('2D SPACE',''
  ) );
#4956 = PCURVE('',#4957,#4962);
#4957 = PLANE('',#4958);
#4958 = AXIS2_PLACEMENT_3D('',#4959,#4960,#4961);
#4959 = CARTESIAN_POINT('',(64.5,9.,-1.3));
#4960 = DIRECTION('',(-0.,-0.,1.));
#4961 = DIRECTION('',(-1.,0.,0.));
#4962 = DEFINITIONAL_REPRESENTATION('',(#4963),#4971);
#4963 = ( BOUNDED_CURVE() B_SPLINE_CURVE(2,(#4964,#4965,#4966,#4967,
#4968,#4969,#4970),.UNSPECIFIED.,.T.,.F.) B_SPLINE_CURVE_WITH_KNOTS((1,2
    ,2,2,2,1),(-2.094395102393,0.,2.094395102393,4.188790204786,
6.28318530718,8.377580409573),.UNSPECIFIED.) CURVE() 
GEOMETRIC_REPRESENTATION_ITEM() RATIONAL_B_SPLINE_CURVE((1.,0.5,1.,0.5,
1.,0.5,1.)) REPRESENTATION_ITEM('') );
#4964 = CARTESIAN_POINT('',(-1.,0.));
#4965 = CARTESIAN_POINT('',(-1.,1.732050807569));
#4966 = CARTESIAN_POINT('',(0.5,0.866025403784));
#4967 = CARTESIAN_POINT('',(2.,2.449293598295E-16));
#4968 = CARTESIAN_POINT('',(0.5,-0.866025403784));
#4969 = CARTESIAN_POINT('',(-1.,-1.732050807569));
#4970 = CARTESIAN_POINT('',(-1.,0.));
#4971 = ( GEOMETRIC_REPRESENTATION_CONTEXT(2) 
PARAMETRIC_REPRESENTATION_CONTEXT() REPRESENTATION_CONTEXT('2D SPACE',''
  ) );
#4972 = ORIENTED_EDGE('',*,*,#4919,.F.);
#4973 = ORIENTED_EDGE('',*,*,#4883,.F.);
#4974 = ADVANCED_FACE('',(#4975),#4957,.T.);
#4975 = FACE_BOUND('',#4976,.F.);
#4976 = EDGE_LOOP('',(#4977));
#4977 = ORIENTED_EDGE('',*,*,#4942,.T.);
#4978 = ( GEOMETRIC_REPRESENTATION_CONTEXT(3) 
GLOBAL_UNCERTAINTY_ASSIGNED_CONTEXT((#4982)) 
GLOBAL_UNIT_ASSIGNED_CONTEXT((#4979,#4980,#4981)) REPRESENTATION_CONTEXT
('Context #1','3D Context with UNIT and UNCERTAINTY') );
#4979 = ( LENGTH_UNIT() NAMED_UNIT(*) SI_UNIT(.MILLI.,.METRE.) );
#4980 = ( NAMED_UNIT(*) PLANE_ANGLE_UNIT() SI_UNIT($,.RADIAN.) );
#4981 = ( NAMED_UNIT(*) SI_UNIT($,.STERADIAN.) SOLID_ANGLE_UNIT() );
#4982 = UNCERTAINTY_MEASURE_WITH_UNIT(LENGTH_MEASURE(1.E-07),#4979,
  'distance_accuracy_value','confusion accuracy');
#4983 = CONTEXT_DEPENDENT_SHAPE_REPRESENTATION(#4984,#4986);
#4984 = ( REPRESENTATION_RELATIONSHIP('','',#4773,#10) 
REPRESENTATION_RELATIONSHIP_WITH_TRANSFORMATION(#4985) 
SHAPE_REPRESENTATION_RELATIONSHIP() );
#4985 = ITEM_DEFINED_TRANSFORMATION('','',#11,#59);
#4986 = PRODUCT_DEFINITION_SHAPE('Placement','Placement of an item',
  #4987);
#4987 = NEXT_ASSEMBLY_USAGE_OCCURRENCE('76','','',#5,#4768,$);
#4988 = PRODUCT_RELATED_PRODUCT_CATEGORY('part',$,(#4770));
ENDSEC;
END-ISO-10303-21;
