ISO-10303-21;
HEADER;
FILE_DESCRIPTION(('Open CASCADE Model'),'2;1');
FILE_NAME('Open CASCADE Shape Model','2026-08-02T22:52:56',('Author'),(
    'Open CASCADE'),'Open CASCADE STEP processor 7.9','Open CASCADE 7.9'
  ,'Unknown');
FILE_SCHEMA(('AUTOMOTIVE_DESIGN { 1 0 10303 214 1 1 1 1 }'));
ENDSEC;
DATA;
#1 = APPLICATION_PROTOCOL_DEFINITION('international standard',
  'automotive_design',2000,#2);
#2 = APPLICATION_CONTEXT(
  'core data for automotive mechanical design processes');
#3 = SHAPE_DEFINITION_REPRESENTATION(#4,#10);
#4 = PRODUCT_DEFINITION_SHAPE('','',#5);
#5 = PRODUCT_DEFINITION('design','',#6,#9);
#6 = PRODUCT_DEFINITION_FORMATION('','',#7);
#7 = PRODUCT('Open CASCADE STEP translator 7.9 4',
  'Open CASCADE STEP translator 7.9 4','',(#8));
#8 = PRODUCT_CONTEXT('',#2,'mechanical');
#9 = PRODUCT_DEFINITION_CONTEXT('part definition',#2,'design');
#10 = SHAPE_REPRESENTATION('',(#11,#15,#19,#23,#27,#31,#35,#39),#43);
#11 = AXIS2_PLACEMENT_3D('',#12,#13,#14);
#12 = CARTESIAN_POINT('',(0.,0.,0.));
#13 = DIRECTION('',(0.,0.,1.));
#14 = DIRECTION('',(1.,0.,-0.));
#15 = AXIS2_PLACEMENT_3D('',#16,#17,#18);
#16 = CARTESIAN_POINT('',(0.,0.,0.));
#17 = DIRECTION('',(0.,0.,1.));
#18 = DIRECTION('',(1.,0.,-0.));
#19 = AXIS2_PLACEMENT_3D('',#20,#21,#22);
#20 = CARTESIAN_POINT('',(0.,0.,0.));
#21 = DIRECTION('',(0.,0.,1.));
#22 = DIRECTION('',(1.,0.,-0.));
#23 = AXIS2_PLACEMENT_3D('',#24,#25,#26);
#24 = CARTESIAN_POINT('',(0.,0.,0.));
#25 = DIRECTION('',(0.,0.,1.));
#26 = DIRECTION('',(1.,0.,-0.));
#27 = AXIS2_PLACEMENT_3D('',#28,#29,#30);
#28 = CARTESIAN_POINT('',(0.,0.,0.));
#29 = DIRECTION('',(0.,0.,1.));
#30 = DIRECTION('',(1.,0.,-0.));
#31 = AXIS2_PLACEMENT_3D('',#32,#33,#34);
#32 = CARTESIAN_POINT('',(0.,0.,0.));
#33 = DIRECTION('',(0.,0.,1.));
#34 = DIRECTION('',(1.,0.,-0.));
#35 = AXIS2_PLACEMENT_3D('',#36,#37,#38);
#36 = CARTESIAN_POINT('',(0.,0.,0.));
#37 = DIRECTION('',(0.,0.,1.));
#38 = DIRECTION('',(1.,0.,-0.));
#39 = AXIS2_PLACEMENT_3D('',#40,#41,#42);
#40 = CARTESIAN_POINT('',(0.,0.,0.));
#41 = DIRECTION('',(0.,0.,1.));
#42 = DIRECTION('',(1.,0.,-0.));
#43 = ( GEOMETRIC_REPRESENTATION_CONTEXT(3) 
GLOBAL_UNCERTAINTY_ASSIGNED_CONTEXT((#47)) GLOBAL_UNIT_ASSIGNED_CONTEXT(
(#44,#45,#46)) REPRESENTATION_CONTEXT('Context #1',
  '3D Context with UNIT and UNCERTAINTY') );
#44 = ( LENGTH_UNIT() NAMED_UNIT(*) SI_UNIT(.MILLI.,.METRE.) );
#45 = ( NAMED_UNIT(*) PLANE_ANGLE_UNIT() SI_UNIT($,.RADIAN.) );
#46 = ( NAMED_UNIT(*) SI_UNIT($,.STERADIAN.) SOLID_ANGLE_UNIT() );
#47 = UNCERTAINTY_MEASURE_WITH_UNIT(LENGTH_MEASURE(1.E-06),#44,
  'distance_accuracy_value','confusion accuracy');
#48 = PRODUCT_RELATED_PRODUCT_CATEGORY('part',$,(#7));
#49 = SHAPE_DEFINITION_REPRESENTATION(#50,#56);
#50 = PRODUCT_DEFINITION_SHAPE('','',#51);
#51 = PRODUCT_DEFINITION('design','',#52,#55);
#52 = PRODUCT_DEFINITION_FORMATION('','',#53);
#53 = PRODUCT('Open CASCADE STEP translator 7.9 4.1',
  'Open CASCADE STEP translator 7.9 4.1','',(#54));
#54 = PRODUCT_CONTEXT('',#2,'mechanical');
#55 = PRODUCT_DEFINITION_CONTEXT('part definition',#2,'design');
#56 = ADVANCED_BREP_SHAPE_REPRESENTATION('',(#11,#57),#387);
#57 = MANIFOLD_SOLID_BREP('',#58);
#58 = CLOSED_SHELL('',(#59,#179,#255,#304,#353,#380));
#59 = ADVANCED_FACE('',(#60),#74,.F.);
#60 = FACE_BOUND('',#61,.T.);
#61 = EDGE_LOOP('',(#62,#97,#125,#153));
#62 = ORIENTED_EDGE('',*,*,#63,.F.);
#63 = EDGE_CURVE('',#64,#66,#68,.T.);
#64 = VERTEX_POINT('',#65);
#65 = CARTESIAN_POINT('',(9.,40.,-11.8));
#66 = VERTEX_POINT('',#67);
#67 = CARTESIAN_POINT('',(9.,40.,-6.1));
#68 = SURFACE_CURVE('',#69,(#73,#85),.PCURVE_S1.);
#69 = LINE('',#70,#71);
#70 = CARTESIAN_POINT('',(9.,40.,-11.8));
#71 = VECTOR('',#72,1.);
#72 = DIRECTION('',(0.,0.,1.));
#73 = PCURVE('',#74,#79);
#74 = PLANE('',#75);
#75 = AXIS2_PLACEMENT_3D('',#76,#77,#78);
#76 = CARTESIAN_POINT('',(9.,40.,-11.8));
#77 = DIRECTION('',(1.,0.,0.));
#78 = DIRECTION('',(0.,-0.,-1.));
#79 = DEFINITIONAL_REPRESENTATION('',(#80),#84);
#80 = LINE('',#81,#82);
#81 = CARTESIAN_POINT('',(-0.,0.));
#82 = VECTOR('',#83,1.);
#83 = DIRECTION('',(-1.,0.));
#84 = ( GEOMETRIC_REPRESENTATION_CONTEXT(2) 
PARAMETRIC_REPRESENTATION_CONTEXT() REPRESENTATION_CONTEXT('2D SPACE',''
  ) );
#85 = PCURVE('',#86,#91);
#86 = PLANE('',#87);
#87 = AXIS2_PLACEMENT_3D('',#88,#89,#90);
#88 = CARTESIAN_POINT('',(9.,40.,-11.8));
#89 = DIRECTION('',(0.,-1.,0.));
#90 = DIRECTION('',(0.,-0.,-1.));
#91 = DEFINITIONAL_REPRESENTATION('',(#92),#96);
#92 = LINE('',#93,#94);
#93 = CARTESIAN_POINT('',(-0.,0.));
#94 = VECTOR('',#95,1.);
#95 = DIRECTION('',(-1.,0.));
#96 = ( GEOMETRIC_REPRESENTATION_CONTEXT(2) 
PARAMETRIC_REPRESENTATION_CONTEXT() REPRESENTATION_CONTEXT('2D SPACE',''
  ) );
#97 = ORIENTED_EDGE('',*,*,#98,.T.);
#98 = EDGE_CURVE('',#64,#99,#101,.T.);
#99 = VERTEX_POINT('',#100);
#100 = CARTESIAN_POINT('',(9.,38.6,-11.8));
#101 = SURFACE_CURVE('',#102,(#106,#113),.PCURVE_S1.);
#102 = LINE('',#103,#104);
#103 = CARTESIAN_POINT('',(9.,40.,-11.8));
#104 = VECTOR('',#105,1.);
#105 = DIRECTION('',(0.,-1.,0.));
#106 = PCURVE('',#74,#107);
#107 = DEFINITIONAL_REPRESENTATION('',(#108),#112);
#108 = LINE('',#109,#110);
#109 = CARTESIAN_POINT('',(-0.,0.));
#110 = VECTOR('',#111,1.);
#111 = DIRECTION('',(-0.,-1.));
#112 = ( GEOMETRIC_REPRESENTATION_CONTEXT(2) 
PARAMETRIC_REPRESENTATION_CONTEXT() REPRESENTATION_CONTEXT('2D SPACE',''
  ) );
#113 = PCURVE('',#114,#119);
#114 = PLANE('',#115);
#115 = AXIS2_PLACEMENT_3D('',#116,#117,#118);
#116 = CARTESIAN_POINT('',(9.,40.,-11.8));
#117 = DIRECTION('',(0.,0.,1.));
#118 = DIRECTION('',(-1.,-0.,0.));
#119 = DEFINITIONAL_REPRESENTATION('',(#120),#124);
#120 = LINE('',#121,#122);
#121 = CARTESIAN_POINT('',(-0.,-0.));
#122 = VECTOR('',#123,1.);
#123 = DIRECTION('',(-0.,1.));
#124 = ( GEOMETRIC_REPRESENTATION_CONTEXT(2) 
PARAMETRIC_REPRESENTATION_CONTEXT() REPRESENTATION_CONTEXT('2D SPACE',''
  ) );
#125 = ORIENTED_EDGE('',*,*,#126,.T.);
#126 = EDGE_CURVE('',#99,#127,#129,.T.);
#127 = VERTEX_POINT('',#128);
#128 = CARTESIAN_POINT('',(9.,38.6,-6.1));
#129 = SURFACE_CURVE('',#130,(#134,#141),.PCURVE_S1.);
#130 = LINE('',#131,#132);
#131 = CARTESIAN_POINT('',(9.,38.6,-11.8));
#132 = VECTOR('',#133,1.);
#133 = DIRECTION('',(0.,0.,1.));
#134 = PCURVE('',#74,#135);
#135 = DEFINITIONAL_REPRESENTATION('',(#136),#140);
#136 = LINE('',#137,#138);
#137 = CARTESIAN_POINT('',(-0.,-1.4));
#138 = VECTOR('',#139,1.);
#139 = DIRECTION('',(-1.,0.));
#140 = ( GEOMETRIC_REPRESENTATION_CONTEXT(2) 
PARAMETRIC_REPRESENTATION_CONTEXT() REPRESENTATION_CONTEXT('2D SPACE',''
  ) );
#141 = PCURVE('',#142,#147);
#142 = PLANE('',#143);
#143 = AXIS2_PLACEMENT_3D('',#144,#145,#146);
#144 = CARTESIAN_POINT('',(9.,38.6,-11.8));
#145 = DIRECTION('',(0.,-1.,0.));
#146 = DIRECTION('',(0.,-0.,-1.));
#147 = DEFINITIONAL_REPRESENTATION('',(#148),#152);
#148 = LINE('',#149,#150);
#149 = CARTESIAN_POINT('',(-0.,0.));
#150 = VECTOR('',#151,1.);
#151 = DIRECTION('',(-1.,0.));
#152 = ( GEOMETRIC_REPRESENTATION_CONTEXT(2) 
PARAMETRIC_REPRESENTATION_CONTEXT() REPRESENTATION_CONTEXT('2D SPACE',''
  ) );
#153 = ORIENTED_EDGE('',*,*,#154,.F.);
#154 = EDGE_CURVE('',#66,#127,#155,.T.);
#155 = SURFACE_CURVE('',#156,(#160,#167),.PCURVE_S1.);
#156 = LINE('',#157,#158);
#157 = CARTESIAN_POINT('',(9.,40.,-6.1));
#158 = VECTOR('',#159,1.);
#159 = DIRECTION('',(0.,-1.,0.));
#160 = PCURVE('',#74,#161);
#161 = DEFINITIONAL_REPRESENTATION('',(#162),#166);
#162 = LINE('',#163,#164);
#163 = CARTESIAN_POINT('',(-5.7,0.));
#164 = VECTOR('',#165,1.);
#165 = DIRECTION('',(-0.,-1.));
#166 = ( GEOMETRIC_REPRESENTATION_CONTEXT(2) 
PARAMETRIC_REPRESENTATION_CONTEXT() REPRESENTATION_CONTEXT('2D SPACE',''
  ) );
#167 = PCURVE('',#168,#173);
#168 = PLANE('',#169);
#169 = AXIS2_PLACEMENT_3D('',#170,#171,#172);
#170 = CARTESIAN_POINT('',(9.,40.,-6.1));
#171 = DIRECTION('',(0.,0.,1.));
#172 = DIRECTION('',(-1.,-0.,0.));
#173 = DEFINITIONAL_REPRESENTATION('',(#174),#178);
#174 = LINE('',#175,#176);
#175 = CARTESIAN_POINT('',(-0.,-0.));
#176 = VECTOR('',#177,1.);
#177 = DIRECTION('',(-0.,1.));
#178 = ( GEOMETRIC_REPRESENTATION_CONTEXT(2) 
PARAMETRIC_REPRESENTATION_CONTEXT() REPRESENTATION_CONTEXT('2D SPACE',''
  ) );
#179 = ADVANCED_FACE('',(#180),#86,.F.);
#180 = FACE_BOUND('',#181,.T.);
#181 = EDGE_LOOP('',(#182,#205,#206,#229));
#182 = ORIENTED_EDGE('',*,*,#183,.F.);
#183 = EDGE_CURVE('',#64,#184,#186,.T.);
#184 = VERTEX_POINT('',#185);
#185 = CARTESIAN_POINT('',(62.,40.,-11.8));
#186 = SURFACE_CURVE('',#187,(#191,#198),.PCURVE_S1.);
#187 = LINE('',#188,#189);
#188 = CARTESIAN_POINT('',(9.,40.,-11.8));
#189 = VECTOR('',#190,1.);
#190 = DIRECTION('',(1.,0.,0.));
#191 = PCURVE('',#86,#192);
#192 = DEFINITIONAL_REPRESENTATION('',(#193),#197);
#193 = LINE('',#194,#195);
#194 = CARTESIAN_POINT('',(-0.,0.));
#195 = VECTOR('',#196,1.);
#196 = DIRECTION('',(-0.,1.));
#197 = ( GEOMETRIC_REPRESENTATION_CONTEXT(2) 
PARAMETRIC_REPRESENTATION_CONTEXT() REPRESENTATION_CONTEXT('2D SPACE',''
  ) );
#198 = PCURVE('',#114,#199);
#199 = DEFINITIONAL_REPRESENTATION('',(#200),#204);
#200 = LINE('',#201,#202);
#201 = CARTESIAN_POINT('',(-0.,-0.));
#202 = VECTOR('',#203,1.);
#203 = DIRECTION('',(-1.,-0.));
#204 = ( GEOMETRIC_REPRESENTATION_CONTEXT(2) 
PARAMETRIC_REPRESENTATION_CONTEXT() REPRESENTATION_CONTEXT('2D SPACE',''
  ) );
#205 = ORIENTED_EDGE('',*,*,#63,.T.);
#206 = ORIENTED_EDGE('',*,*,#207,.T.);
#207 = EDGE_CURVE('',#66,#208,#210,.T.);
#208 = VERTEX_POINT('',#209);
#209 = CARTESIAN_POINT('',(62.,40.,-6.1));
#210 = SURFACE_CURVE('',#211,(#215,#222),.PCURVE_S1.);
#211 = LINE('',#212,#213);
#212 = CARTESIAN_POINT('',(9.,40.,-6.1));
#213 = VECTOR('',#214,1.);
#214 = DIRECTION('',(1.,0.,0.));
#215 = PCURVE('',#86,#216);
#216 = DEFINITIONAL_REPRESENTATION('',(#217),#221);
#217 = LINE('',#218,#219);
#218 = CARTESIAN_POINT('',(-5.7,0.));
#219 = VECTOR('',#220,1.);
#220 = DIRECTION('',(-0.,1.));
#221 = ( GEOMETRIC_REPRESENTATION_CONTEXT(2) 
PARAMETRIC_REPRESENTATION_CONTEXT() REPRESENTATION_CONTEXT('2D SPACE',''
  ) );
#222 = PCURVE('',#168,#223);
#223 = DEFINITIONAL_REPRESENTATION('',(#224),#228);
#224 = LINE('',#225,#226);
#225 = CARTESIAN_POINT('',(-0.,-0.));
#226 = VECTOR('',#227,1.);
#227 = DIRECTION('',(-1.,-0.));
#228 = ( GEOMETRIC_REPRESENTATION_CONTEXT(2) 
PARAMETRIC_REPRESENTATION_CONTEXT() REPRESENTATION_CONTEXT('2D SPACE',''
  ) );
#229 = ORIENTED_EDGE('',*,*,#230,.F.);
#230 = EDGE_CURVE('',#184,#208,#231,.T.);
#231 = SURFACE_CURVE('',#232,(#236,#243),.PCURVE_S1.);
#232 = LINE('',#233,#234);
#233 = CARTESIAN_POINT('',(62.,40.,-11.8));
#234 = VECTOR('',#235,1.);
#235 = DIRECTION('',(0.,0.,1.));
#236 = PCURVE('',#86,#237);
#237 = DEFINITIONAL_REPRESENTATION('',(#238),#242);
#238 = LINE('',#239,#240);
#239 = CARTESIAN_POINT('',(-0.,53.));
#240 = VECTOR('',#241,1.);
#241 = DIRECTION('',(-1.,0.));
#242 = ( GEOMETRIC_REPRESENTATION_CONTEXT(2) 
PARAMETRIC_REPRESENTATION_CONTEXT() REPRESENTATION_CONTEXT('2D SPACE',''
  ) );
#243 = PCURVE('',#244,#249);
#244 = PLANE('',#245);
#245 = AXIS2_PLACEMENT_3D('',#246,#247,#248);
#246 = CARTESIAN_POINT('',(62.,40.,-11.8));
#247 = DIRECTION('',(1.,0.,0.));
#248 = DIRECTION('',(0.,-0.,-1.));
#249 = DEFINITIONAL_REPRESENTATION('',(#250),#254);
#250 = LINE('',#251,#252);
#251 = CARTESIAN_POINT('',(-0.,0.));
#252 = VECTOR('',#253,1.);
#253 = DIRECTION('',(-1.,0.));
#254 = ( GEOMETRIC_REPRESENTATION_CONTEXT(2) 
PARAMETRIC_REPRESENTATION_CONTEXT() REPRESENTATION_CONTEXT('2D SPACE',''
  ) );
#255 = ADVANCED_FACE('',(#256),#168,.T.);
#256 = FACE_BOUND('',#257,.F.);
#257 = EDGE_LOOP('',(#258,#259,#260,#283));
#258 = ORIENTED_EDGE('',*,*,#154,.F.);
#259 = ORIENTED_EDGE('',*,*,#207,.T.);
#260 = ORIENTED_EDGE('',*,*,#261,.T.);
#261 = EDGE_CURVE('',#208,#262,#264,.T.);
#262 = VERTEX_POINT('',#263);
#263 = CARTESIAN_POINT('',(62.,38.6,-6.1));
#264 = SURFACE_CURVE('',#265,(#269,#276),.PCURVE_S1.);
#265 = LINE('',#266,#267);
#266 = CARTESIAN_POINT('',(62.,40.,-6.1));
#267 = VECTOR('',#268,1.);
#268 = DIRECTION('',(0.,-1.,0.));
#269 = PCURVE('',#168,#270);
#270 = DEFINITIONAL_REPRESENTATION('',(#271),#275);
#271 = LINE('',#272,#273);
#272 = CARTESIAN_POINT('',(-53.,-0.));
#273 = VECTOR('',#274,1.);
#274 = DIRECTION('',(-0.,1.));
#275 = ( GEOMETRIC_REPRESENTATION_CONTEXT(2) 
PARAMETRIC_REPRESENTATION_CONTEXT() REPRESENTATION_CONTEXT('2D SPACE',''
  ) );
#276 = PCURVE('',#244,#277);
#277 = DEFINITIONAL_REPRESENTATION('',(#278),#282);
#278 = LINE('',#279,#280);
#279 = CARTESIAN_POINT('',(-5.7,0.));
#280 = VECTOR('',#281,1.);
#281 = DIRECTION('',(-0.,-1.));
#282 = ( GEOMETRIC_REPRESENTATION_CONTEXT(2) 
PARAMETRIC_REPRESENTATION_CONTEXT() REPRESENTATION_CONTEXT('2D SPACE',''
  ) );
#283 = ORIENTED_EDGE('',*,*,#284,.F.);
#284 = EDGE_CURVE('',#127,#262,#285,.T.);
#285 = SURFACE_CURVE('',#286,(#290,#297),.PCURVE_S1.);
#286 = LINE('',#287,#288);
#287 = CARTESIAN_POINT('',(9.,38.6,-6.1));
#288 = VECTOR('',#289,1.);
#289 = DIRECTION('',(1.,0.,0.));
#290 = PCURVE('',#168,#291);
#291 = DEFINITIONAL_REPRESENTATION('',(#292),#296);
#292 = LINE('',#293,#294);
#293 = CARTESIAN_POINT('',(-0.,1.4));
#294 = VECTOR('',#295,1.);
#295 = DIRECTION('',(-1.,-0.));
#296 = ( GEOMETRIC_REPRESENTATION_CONTEXT(2) 
PARAMETRIC_REPRESENTATION_CONTEXT() REPRESENTATION_CONTEXT('2D SPACE',''
  ) );
#297 = PCURVE('',#142,#298);
#298 = DEFINITIONAL_REPRESENTATION('',(#299),#303);
#299 = LINE('',#300,#301);
#300 = CARTESIAN_POINT('',(-5.7,0.));
#301 = VECTOR('',#302,1.);
#302 = DIRECTION('',(-0.,1.));
#303 = ( GEOMETRIC_REPRESENTATION_CONTEXT(2) 
PARAMETRIC_REPRESENTATION_CONTEXT() REPRESENTATION_CONTEXT('2D SPACE',''
  ) );
#304 = ADVANCED_FACE('',(#305),#142,.T.);
#305 = FACE_BOUND('',#306,.F.);
#306 = EDGE_LOOP('',(#307,#330,#331,#332));
#307 = ORIENTED_EDGE('',*,*,#308,.F.);
#308 = EDGE_CURVE('',#99,#309,#311,.T.);
#309 = VERTEX_POINT('',#310);
#310 = CARTESIAN_POINT('',(62.,38.6,-11.8));
#311 = SURFACE_CURVE('',#312,(#316,#323),.PCURVE_S1.);
#312 = LINE('',#313,#314);
#313 = CARTESIAN_POINT('',(9.,38.6,-11.8));
#314 = VECTOR('',#315,1.);
#315 = DIRECTION('',(1.,0.,0.));
#316 = PCURVE('',#142,#317);
#317 = DEFINITIONAL_REPRESENTATION('',(#318),#322);
#318 = LINE('',#319,#320);
#319 = CARTESIAN_POINT('',(-0.,0.));
#320 = VECTOR('',#321,1.);
#321 = DIRECTION('',(-0.,1.));
#322 = ( GEOMETRIC_REPRESENTATION_CONTEXT(2) 
PARAMETRIC_REPRESENTATION_CONTEXT() REPRESENTATION_CONTEXT('2D SPACE',''
  ) );
#323 = PCURVE('',#114,#324);
#324 = DEFINITIONAL_REPRESENTATION('',(#325),#329);
#325 = LINE('',#326,#327);
#326 = CARTESIAN_POINT('',(-0.,1.4));
#327 = VECTOR('',#328,1.);
#328 = DIRECTION('',(-1.,-0.));
#329 = ( GEOMETRIC_REPRESENTATION_CONTEXT(2) 
PARAMETRIC_REPRESENTATION_CONTEXT() REPRESENTATION_CONTEXT('2D SPACE',''
  ) );
#330 = ORIENTED_EDGE('',*,*,#126,.T.);
#331 = ORIENTED_EDGE('',*,*,#284,.T.);
#332 = ORIENTED_EDGE('',*,*,#333,.F.);
#333 = EDGE_CURVE('',#309,#262,#334,.T.);
#334 = SURFACE_CURVE('',#335,(#339,#346),.PCURVE_S1.);
#335 = LINE('',#336,#337);
#336 = CARTESIAN_POINT('',(62.,38.6,-11.8));
#337 = VECTOR('',#338,1.);
#338 = DIRECTION('',(0.,0.,1.));
#339 = PCURVE('',#142,#340);
#340 = DEFINITIONAL_REPRESENTATION('',(#341),#345);
#341 = LINE('',#342,#343);
#342 = CARTESIAN_POINT('',(-0.,53.));
#343 = VECTOR('',#344,1.);
#344 = DIRECTION('',(-1.,0.));
#345 = ( GEOMETRIC_REPRESENTATION_CONTEXT(2) 
PARAMETRIC_REPRESENTATION_CONTEXT() REPRESENTATION_CONTEXT('2D SPACE',''
  ) );
#346 = PCURVE('',#244,#347);
#347 = DEFINITIONAL_REPRESENTATION('',(#348),#352);
#348 = LINE('',#349,#350);
#349 = CARTESIAN_POINT('',(-0.,-1.4));
#350 = VECTOR('',#351,1.);
#351 = DIRECTION('',(-1.,0.));
#352 = ( GEOMETRIC_REPRESENTATION_CONTEXT(2) 
PARAMETRIC_REPRESENTATION_CONTEXT() REPRESENTATION_CONTEXT('2D SPACE',''
  ) );
#353 = ADVANCED_FACE('',(#354),#114,.F.);
#354 = FACE_BOUND('',#355,.T.);
#355 = EDGE_LOOP('',(#356,#357,#358,#379));
#356 = ORIENTED_EDGE('',*,*,#98,.F.);
#357 = ORIENTED_EDGE('',*,*,#183,.T.);
#358 = ORIENTED_EDGE('',*,*,#359,.T.);
#359 = EDGE_CURVE('',#184,#309,#360,.T.);
#360 = SURFACE_CURVE('',#361,(#365,#372),.PCURVE_S1.);
#361 = LINE('',#362,#363);
#362 = CARTESIAN_POINT('',(62.,40.,-11.8));
#363 = VECTOR('',#364,1.);
#364 = DIRECTION('',(0.,-1.,0.));
#365 = PCURVE('',#114,#366);
#366 = DEFINITIONAL_REPRESENTATION('',(#367),#371);
#367 = LINE('',#368,#369);
#368 = CARTESIAN_POINT('',(-53.,-0.));
#369 = VECTOR('',#370,1.);
#370 = DIRECTION('',(-0.,1.));
#371 = ( GEOMETRIC_REPRESENTATION_CONTEXT(2) 
PARAMETRIC_REPRESENTATION_CONTEXT() REPRESENTATION_CONTEXT('2D SPACE',''
  ) );
#372 = PCURVE('',#244,#373);
#373 = DEFINITIONAL_REPRESENTATION('',(#374),#378);
#374 = LINE('',#375,#376);
#375 = CARTESIAN_POINT('',(-0.,0.));
#376 = VECTOR('',#377,1.);
#377 = DIRECTION('',(-0.,-1.));
#378 = ( GEOMETRIC_REPRESENTATION_CONTEXT(2) 
PARAMETRIC_REPRESENTATION_CONTEXT() REPRESENTATION_CONTEXT('2D SPACE',''
  ) );
#379 = ORIENTED_EDGE('',*,*,#308,.F.);
#380 = ADVANCED_FACE('',(#381),#244,.T.);
#381 = FACE_BOUND('',#382,.F.);
#382 = EDGE_LOOP('',(#383,#384,#385,#386));
#383 = ORIENTED_EDGE('',*,*,#230,.F.);
#384 = ORIENTED_EDGE('',*,*,#359,.T.);
#385 = ORIENTED_EDGE('',*,*,#333,.T.);
#386 = ORIENTED_EDGE('',*,*,#261,.F.);
#387 = ( GEOMETRIC_REPRESENTATION_CONTEXT(3) 
GLOBAL_UNCERTAINTY_ASSIGNED_CONTEXT((#391)) GLOBAL_UNIT_ASSIGNED_CONTEXT
((#388,#389,#390)) REPRESENTATION_CONTEXT('Context #1',
  '3D Context with UNIT and UNCERTAINTY') );
#388 = ( LENGTH_UNIT() NAMED_UNIT(*) SI_UNIT(.MILLI.,.METRE.) );
#389 = ( NAMED_UNIT(*) PLANE_ANGLE_UNIT() SI_UNIT($,.RADIAN.) );
#390 = ( NAMED_UNIT(*) SI_UNIT($,.STERADIAN.) SOLID_ANGLE_UNIT() );
#391 = UNCERTAINTY_MEASURE_WITH_UNIT(LENGTH_MEASURE(1.E-07),#388,
  'distance_accuracy_value','confusion accuracy');
#392 = CONTEXT_DEPENDENT_SHAPE_REPRESENTATION(#393,#395);
#393 = ( REPRESENTATION_RELATIONSHIP('','',#56,#10) 
REPRESENTATION_RELATIONSHIP_WITH_TRANSFORMATION(#394) 
SHAPE_REPRESENTATION_RELATIONSHIP() );
#394 = ITEM_DEFINED_TRANSFORMATION('','',#11,#15);
#395 = PRODUCT_DEFINITION_SHAPE('Placement','Placement of an item',#396
  );
#396 = NEXT_ASSEMBLY_USAGE_OCCURRENCE('8','','',#5,#51,$);
#397 = PRODUCT_RELATED_PRODUCT_CATEGORY('part',$,(#53));
#398 = SHAPE_DEFINITION_REPRESENTATION(#399,#405);
#399 = PRODUCT_DEFINITION_SHAPE('','',#400);
#400 = PRODUCT_DEFINITION('design','',#401,#404);
#401 = PRODUCT_DEFINITION_FORMATION('','',#402);
#402 = PRODUCT('Open CASCADE STEP translator 7.9 4.2',
  'Open CASCADE STEP translator 7.9 4.2','',(#403));
#403 = PRODUCT_CONTEXT('',#2,'mechanical');
#404 = PRODUCT_DEFINITION_CONTEXT('part definition',#2,'design');
#405 = ADVANCED_BREP_SHAPE_REPRESENTATION('',(#11,#406),#563);
#406 = MANIFOLD_SOLID_BREP('',#407);
#407 = CLOSED_SHELL('',(#408,#500,#555,#559));
#408 = ADVANCED_FACE('',(#409),#422,.T.);
#409 = FACE_BOUND('',#410,.T.);
#410 = EDGE_LOOP('',(#411,#445,#468,#499));
#411 = ORIENTED_EDGE('',*,*,#412,.F.);
#412 = EDGE_CURVE('',#413,#413,#415,.T.);
#413 = VERTEX_POINT('',#414);
#414 = CARTESIAN_POINT('',(66.3,37.,-11.91));
#415 = SURFACE_CURVE('',#416,(#421,#433),.PCURVE_S1.);
#416 = CIRCLE('',#417,1.3);
#417 = AXIS2_PLACEMENT_3D('',#418,#419,#420);
#418 = CARTESIAN_POINT('',(65.,37.,-11.91));
#419 = DIRECTION('',(0.,0.,-1.));
#420 = DIRECTION('',(1.,0.,0.));
#421 = PCURVE('',#422,#427);
#422 = CYLINDRICAL_SURFACE('',#423,1.3);
#423 = AXIS2_PLACEMENT_3D('',#424,#425,#426);
#424 = CARTESIAN_POINT('',(65.,37.,-14.3));
#425 = DIRECTION('',(-0.,0.,-1.));
#426 = DIRECTION('',(1.,-0.,-0.));
#427 = DEFINITIONAL_REPRESENTATION('',(#428),#432);
#428 = LINE('',#429,#430);
#429 = CARTESIAN_POINT('',(0.,-2.39));
#430 = VECTOR('',#431,1.);
#431 = DIRECTION('',(1.,0.));
#432 = ( GEOMETRIC_REPRESENTATION_CONTEXT(2) 
PARAMETRIC_REPRESENTATION_CONTEXT() REPRESENTATION_CONTEXT('2D SPACE',''
  ) );
#433 = PCURVE('',#434,#439);
#434 = CONICAL_SURFACE('',#435,2.5,0.708626272128);
#435 = AXIS2_PLACEMENT_3D('',#436,#437,#438);
#436 = CARTESIAN_POINT('',(65.,37.,-13.31));
#437 = DIRECTION('',(0.,0.,-1.));
#438 = DIRECTION('',(1.,-0.,-0.));
#439 = DEFINITIONAL_REPRESENTATION('',(#440),#444);
#440 = LINE('',#441,#442);
#441 = CARTESIAN_POINT('',(0.,-1.4));
#442 = VECTOR('',#443,1.);
#443 = DIRECTION('',(1.,-0.));
#444 = ( GEOMETRIC_REPRESENTATION_CONTEXT(2) 
PARAMETRIC_REPRESENTATION_CONTEXT() REPRESENTATION_CONTEXT('2D SPACE',''
  ) );
#445 = ORIENTED_EDGE('',*,*,#446,.T.);
#446 = EDGE_CURVE('',#413,#447,#449,.T.);
#447 = VERTEX_POINT('',#448);
#448 = CARTESIAN_POINT('',(66.3,37.,-4.3));
#449 = SEAM_CURVE('',#450,(#454,#461),.PCURVE_S1.);
#450 = LINE('',#451,#452);
#451 = CARTESIAN_POINT('',(66.3,37.,-14.3));
#452 = VECTOR('',#453,1.);
#453 = DIRECTION('',(-0.,-0.,1.));
#454 = PCURVE('',#422,#455);
#455 = DEFINITIONAL_REPRESENTATION('',(#456),#460);
#456 = LINE('',#457,#458);
#457 = CARTESIAN_POINT('',(6.28318530718,0.));
#458 = VECTOR('',#459,1.);
#459 = DIRECTION('',(0.,-1.));
#460 = ( GEOMETRIC_REPRESENTATION_CONTEXT(2) 
PARAMETRIC_REPRESENTATION_CONTEXT() REPRESENTATION_CONTEXT('2D SPACE',''
  ) );
#461 = PCURVE('',#422,#462);
#462 = DEFINITIONAL_REPRESENTATION('',(#463),#467);
#463 = LINE('',#464,#465);
#464 = CARTESIAN_POINT('',(0.,0.));
#465 = VECTOR('',#466,1.);
#466 = DIRECTION('',(0.,-1.));
#467 = ( GEOMETRIC_REPRESENTATION_CONTEXT(2) 
PARAMETRIC_REPRESENTATION_CONTEXT() REPRESENTATION_CONTEXT('2D SPACE',''
  ) );
#468 = ORIENTED_EDGE('',*,*,#469,.T.);
#469 = EDGE_CURVE('',#447,#447,#470,.T.);
#470 = SURFACE_CURVE('',#471,(#476,#483),.PCURVE_S1.);
#471 = CIRCLE('',#472,1.3);
#472 = AXIS2_PLACEMENT_3D('',#473,#474,#475);
#473 = CARTESIAN_POINT('',(65.,37.,-4.3));
#474 = DIRECTION('',(0.,0.,-1.));
#475 = DIRECTION('',(1.,-0.,-0.));
#476 = PCURVE('',#422,#477);
#477 = DEFINITIONAL_REPRESENTATION('',(#478),#482);
#478 = LINE('',#479,#480);
#479 = CARTESIAN_POINT('',(0.,-10.));
#480 = VECTOR('',#481,1.);
#481 = DIRECTION('',(1.,0.));
#482 = ( GEOMETRIC_REPRESENTATION_CONTEXT(2) 
PARAMETRIC_REPRESENTATION_CONTEXT() REPRESENTATION_CONTEXT('2D SPACE',''
  ) );
#483 = PCURVE('',#484,#489);
#484 = PLANE('',#485);
#485 = AXIS2_PLACEMENT_3D('',#486,#487,#488);
#486 = CARTESIAN_POINT('',(65.,37.,-4.3));
#487 = DIRECTION('',(-0.,-0.,1.));
#488 = DIRECTION('',(-1.,0.,0.));
#489 = DEFINITIONAL_REPRESENTATION('',(#490),#498);
#490 = ( BOUNDED_CURVE() B_SPLINE_CURVE(2,(#491,#492,#493,#494,#495,#496
,#497),.UNSPECIFIED.,.T.,.F.) B_SPLINE_CURVE_WITH_KNOTS((1,2,2,2,2,1),(
    -2.094395102393,0.,2.094395102393,4.188790204786,6.28318530718,
8.377580409573),.UNSPECIFIED.) CURVE() GEOMETRIC_REPRESENTATION_ITEM() 
RATIONAL_B_SPLINE_CURVE((1.,0.5,1.,0.5,1.,0.5,1.)) REPRESENTATION_ITEM(
  '') );
#491 = CARTESIAN_POINT('',(-1.3,0.));
#492 = CARTESIAN_POINT('',(-1.3,2.25166604984));
#493 = CARTESIAN_POINT('',(0.65,1.12583302492));
#494 = CARTESIAN_POINT('',(2.6,3.184081677783E-16));
#495 = CARTESIAN_POINT('',(0.65,-1.12583302492));
#496 = CARTESIAN_POINT('',(-1.3,-2.25166604984));
#497 = CARTESIAN_POINT('',(-1.3,0.));
#498 = ( GEOMETRIC_REPRESENTATION_CONTEXT(2) 
PARAMETRIC_REPRESENTATION_CONTEXT() REPRESENTATION_CONTEXT('2D SPACE',''
  ) );
#499 = ORIENTED_EDGE('',*,*,#446,.F.);
#500 = ADVANCED_FACE('',(#501),#434,.T.);
#501 = FACE_BOUND('',#502,.F.);
#502 = EDGE_LOOP('',(#503,#526,#527,#528));
#503 = ORIENTED_EDGE('',*,*,#504,.T.);
#504 = EDGE_CURVE('',#505,#413,#507,.T.);
#505 = VERTEX_POINT('',#506);
#506 = CARTESIAN_POINT('',(67.491428571429,37.,-13.3));
#507 = SEAM_CURVE('',#508,(#512,#519),.PCURVE_S1.);
#508 = LINE('',#509,#510);
#509 = CARTESIAN_POINT('',(67.5,37.,-13.31));
#510 = VECTOR('',#511,1.);
#511 = DIRECTION('',(-0.650791373456,-0.,0.759256602365));
#512 = PCURVE('',#434,#513);
#513 = DEFINITIONAL_REPRESENTATION('',(#514),#518);
#514 = LINE('',#515,#516);
#515 = CARTESIAN_POINT('',(6.28318530718,-0.));
#516 = VECTOR('',#517,1.);
#517 = DIRECTION('',(0.,-1.));
#518 = ( GEOMETRIC_REPRESENTATION_CONTEXT(2) 
PARAMETRIC_REPRESENTATION_CONTEXT() REPRESENTATION_CONTEXT('2D SPACE',''
  ) );
#519 = PCURVE('',#434,#520);
#520 = DEFINITIONAL_REPRESENTATION('',(#521),#525);
#521 = LINE('',#522,#523);
#522 = CARTESIAN_POINT('',(0.,-0.));
#523 = VECTOR('',#524,1.);
#524 = DIRECTION('',(0.,-1.));
#525 = ( GEOMETRIC_REPRESENTATION_CONTEXT(2) 
PARAMETRIC_REPRESENTATION_CONTEXT() REPRESENTATION_CONTEXT('2D SPACE',''
  ) );
#526 = ORIENTED_EDGE('',*,*,#412,.F.);
#527 = ORIENTED_EDGE('',*,*,#504,.F.);
#528 = ORIENTED_EDGE('',*,*,#529,.T.);
#529 = EDGE_CURVE('',#505,#505,#530,.T.);
#530 = SURFACE_CURVE('',#531,(#536,#543),.PCURVE_S1.);
#531 = CIRCLE('',#532,2.491428571429);
#532 = AXIS2_PLACEMENT_3D('',#533,#534,#535);
#533 = CARTESIAN_POINT('',(65.,37.,-13.3));
#534 = DIRECTION('',(0.,0.,-1.));
#535 = DIRECTION('',(1.,-0.,-0.));
#536 = PCURVE('',#434,#537);
#537 = DEFINITIONAL_REPRESENTATION('',(#538),#542);
#538 = LINE('',#539,#540);
#539 = CARTESIAN_POINT('',(0.,-1.E-02));
#540 = VECTOR('',#541,1.);
#541 = DIRECTION('',(1.,-0.));
#542 = ( GEOMETRIC_REPRESENTATION_CONTEXT(2) 
PARAMETRIC_REPRESENTATION_CONTEXT() REPRESENTATION_CONTEXT('2D SPACE',''
  ) );
#543 = PCURVE('',#544,#549);
#544 = PLANE('',#545);
#545 = AXIS2_PLACEMENT_3D('',#546,#547,#548);
#546 = CARTESIAN_POINT('',(78.4,-9.999999406318E-08,-13.3));
#547 = DIRECTION('',(-0.,0.,-1.));
#548 = DIRECTION('',(1.,0.,0.));
#549 = DEFINITIONAL_REPRESENTATION('',(#550),#554);
#550 = CIRCLE('',#551,2.491428571429);
#551 = AXIS2_PLACEMENT_2D('',#552,#553);
#552 = CARTESIAN_POINT('',(-13.4,-37.0000001));
#553 = DIRECTION('',(1.,-0.));
#554 = ( GEOMETRIC_REPRESENTATION_CONTEXT(2) 
PARAMETRIC_REPRESENTATION_CONTEXT() REPRESENTATION_CONTEXT('2D SPACE',''
  ) );
#555 = ADVANCED_FACE('',(#556),#484,.T.);
#556 = FACE_BOUND('',#557,.F.);
#557 = EDGE_LOOP('',(#558));
#558 = ORIENTED_EDGE('',*,*,#469,.T.);
#559 = ADVANCED_FACE('',(#560),#544,.T.);
#560 = FACE_BOUND('',#561,.F.);
#561 = EDGE_LOOP('',(#562));
#562 = ORIENTED_EDGE('',*,*,#529,.F.);
#563 = ( GEOMETRIC_REPRESENTATION_CONTEXT(3) 
GLOBAL_UNCERTAINTY_ASSIGNED_CONTEXT((#567)) GLOBAL_UNIT_ASSIGNED_CONTEXT
((#564,#565,#566)) REPRESENTATION_CONTEXT('Context #1',
  '3D Context with UNIT and UNCERTAINTY') );
#564 = ( LENGTH_UNIT() NAMED_UNIT(*) SI_UNIT(.MILLI.,.METRE.) );
#565 = ( NAMED_UNIT(*) PLANE_ANGLE_UNIT() SI_UNIT($,.RADIAN.) );
#566 = ( NAMED_UNIT(*) SI_UNIT($,.STERADIAN.) SOLID_ANGLE_UNIT() );
#567 = UNCERTAINTY_MEASURE_WITH_UNIT(LENGTH_MEASURE(1.E-07),#564,
  'distance_accuracy_value','confusion accuracy');
#568 = CONTEXT_DEPENDENT_SHAPE_REPRESENTATION(#569,#571);
#569 = ( REPRESENTATION_RELATIONSHIP('','',#405,#10) 
REPRESENTATION_RELATIONSHIP_WITH_TRANSFORMATION(#570) 
SHAPE_REPRESENTATION_RELATIONSHIP() );
#570 = ITEM_DEFINED_TRANSFORMATION('','',#11,#19);
#571 = PRODUCT_DEFINITION_SHAPE('Placement','Placement of an item',#572
  );
#572 = NEXT_ASSEMBLY_USAGE_OCCURRENCE('9','','',#5,#400,$);
#573 = PRODUCT_RELATED_PRODUCT_CATEGORY('part',$,(#402));
#574 = SHAPE_DEFINITION_REPRESENTATION(#575,#581);
#575 = PRODUCT_DEFINITION_SHAPE('','',#576);
#576 = PRODUCT_DEFINITION('design','',#577,#580);
#577 = PRODUCT_DEFINITION_FORMATION('','',#578);
#578 = PRODUCT('Open CASCADE STEP translator 7.9 4.3',
  'Open CASCADE STEP translator 7.9 4.3','',(#579));
#579 = PRODUCT_CONTEXT('',#2,'mechanical');
#580 = PRODUCT_DEFINITION_CONTEXT('part definition',#2,'design');
#581 = ADVANCED_BREP_SHAPE_REPRESENTATION('',(#11,#582),#1277);
#582 = MANIFOLD_SOLID_BREP('',#583);
#583 = CLOSED_SHELL('',(#584,#695,#1160,#1214,#1273));
#584 = ADVANCED_FACE('',(#585),#599,.T.);
#585 = FACE_BOUND('',#586,.F.);
#586 = EDGE_LOOP('',(#587,#644,#673));
#587 = ORIENTED_EDGE('',*,*,#588,.F.);
#588 = EDGE_CURVE('',#589,#591,#593,.T.);
#589 = VERTEX_POINT('',#590);
#590 = CARTESIAN_POINT('',(8.,43.01432967098,-13.3));
#591 = VERTEX_POINT('',#592);
#592 = CARTESIAN_POINT('',(8.,45.98567032902,-13.3));
#593 = SURFACE_CURVE('',#594,(#598,#610),.PCURVE_S1.);
#594 = LINE('',#595,#596);
#595 = CARTESIAN_POINT('',(8.,-9.999999406318E-08,-13.3));
#596 = VECTOR('',#597,1.);
#597 = DIRECTION('',(-0.,1.,-0.));
#598 = PCURVE('',#599,#604);
#599 = PLANE('',#600);
#600 = AXIS2_PLACEMENT_3D('',#601,#602,#603);
#601 = CARTESIAN_POINT('',(78.4,-9.999999406318E-08,-13.3));
#602 = DIRECTION('',(-0.,0.,-1.));
#603 = DIRECTION('',(1.,0.,0.));
#604 = DEFINITIONAL_REPRESENTATION('',(#605),#609);
#605 = LINE('',#606,#607);
#606 = CARTESIAN_POINT('',(-70.4,0.));
#607 = VECTOR('',#608,1.);
#608 = DIRECTION('',(-0.,-1.));
#609 = ( GEOMETRIC_REPRESENTATION_CONTEXT(2) 
PARAMETRIC_REPRESENTATION_CONTEXT() REPRESENTATION_CONTEXT('2D SPACE',''
  ) );
#610 = PCURVE('',#611,#638);
#611 = SURFACE_OF_LINEAR_EXTRUSION('',#612,#636);
#612 = B_SPLINE_CURVE_WITH_KNOTS('',3,(#613,#614,#615,#616,#617,#618,
    #619,#620,#621,#622,#623,#624,#625,#626,#627,#628,#629,#630,#631,
    #632,#633,#634,#635),.UNSPECIFIED.,.F.,.F.,(4,1,1,1,1,1,1,1,1,1,1,1,
    1,1,1,1,1,1,1,1,4),(0.,0.628157052145,1.25631410429,1.884471156435,
    2.51262820858,3.140785260725,3.768942312871,4.397099365016,
    5.025256417161,5.653413469306,6.281570521451,6.909727573596,
    7.537884625741,8.166041677886,8.794198730031,9.422355782176,
    10.050512834322,10.678669886467,11.306826938612,11.934983990757,
    12.563141042902),.UNSPECIFIED.);
#613 = CARTESIAN_POINT('',(8.,-9.999999406318E-08,-13.3));
#614 = CARTESIAN_POINT('',(7.790558104244,-9.999999406318E-08,
    -13.30002523672));
#615 = CARTESIAN_POINT('',(7.371682729885,-9.999999406318E-08,
    -13.28353048953));
#616 = CARTESIAN_POINT('',(6.747236694099,-9.999999406318E-08,
    -13.20963745071));
#617 = CARTESIAN_POINT('',(6.130516171789,-9.999999406318E-08,
    -13.08696005616));
#618 = CARTESIAN_POINT('',(5.525321153661,-9.999999406318E-08,
    -12.91627850372));
#619 = CARTESIAN_POINT('',(4.935383483568,-9.999999406318E-08,
    -12.6986387111));
#620 = CARTESIAN_POINT('',(4.364340158544,-9.999999406318E-08,
    -12.4353842124));
#621 = CARTESIAN_POINT('',(3.81571189476,-9.999999406318E-08,
    -12.12813760031));
#622 = CARTESIAN_POINT('',(3.292881156051,-9.999999406318E-08,
    -11.77879327532));
#623 = CARTESIAN_POINT('',(2.799071370997,-9.999999406318E-08,
    -11.38950502839));
#624 = CARTESIAN_POINT('',(2.337327040112,-9.999999406318E-08,
    -10.96267295988));
#625 = CARTESIAN_POINT('',(1.910494971602,-9.999999406318E-08,
    -10.500928629));
#626 = CARTESIAN_POINT('',(1.52120672468,-9.999999406318E-08,
    -10.00711884394));
#627 = CARTESIAN_POINT('',(1.171862399682,-9.999999406318E-08,
    -9.48428810524));
#628 = CARTESIAN_POINT('',(0.864615787595,-9.999999406318E-08,
    -8.935659841456));
#629 = CARTESIAN_POINT('',(0.601361288897,-9.999999406318E-08,
    -8.364616516432));
#630 = CARTESIAN_POINT('',(0.383721496274,-9.999999406318E-08,
    -7.774678846339));
#631 = CARTESIAN_POINT('',(0.213039943839,-9.999999406318E-08,
    -7.169483828211));
#632 = CARTESIAN_POINT('',(9.036254928322E-02,-9.999999406318E-08,
    -6.552763305901));
#633 = CARTESIAN_POINT('',(1.646951046198E-02,-9.999999406318E-08,
    -5.928317270115));
#634 = CARTESIAN_POINT('',(-2.523672685228E-05,-9.999999406318E-08,
    -5.509441895756));
#635 = CARTESIAN_POINT('',(0.,-9.999999406318E-08,-5.3));
#636 = VECTOR('',#637,1.);
#637 = DIRECTION('',(-0.,-1.,-0.));
#638 = DEFINITIONAL_REPRESENTATION('',(#639),#643);
#639 = LINE('',#640,#641);
#640 = CARTESIAN_POINT('',(0.,0.));
#641 = VECTOR('',#642,1.);
#642 = DIRECTION('',(0.,-1.));
#643 = ( GEOMETRIC_REPRESENTATION_CONTEXT(2) 
PARAMETRIC_REPRESENTATION_CONTEXT() REPRESENTATION_CONTEXT('2D SPACE',''
  ) );
#644 = ORIENTED_EDGE('',*,*,#645,.F.);
#645 = EDGE_CURVE('',#646,#589,#648,.T.);
#646 = VERTEX_POINT('',#647);
#647 = CARTESIAN_POINT('',(8.491428571429,44.5,-13.3));
#648 = SURFACE_CURVE('',#649,(#654,#661),.PCURVE_S1.);
#649 = CIRCLE('',#650,2.491428571429);
#650 = AXIS2_PLACEMENT_3D('',#651,#652,#653);
#651 = CARTESIAN_POINT('',(6.,44.5,-13.3));
#652 = DIRECTION('',(0.,0.,-1.));
#653 = DIRECTION('',(1.,-0.,-0.));
#654 = PCURVE('',#599,#655);
#655 = DEFINITIONAL_REPRESENTATION('',(#656),#660);
#656 = CIRCLE('',#657,2.491428571429);
#657 = AXIS2_PLACEMENT_2D('',#658,#659);
#658 = CARTESIAN_POINT('',(-72.4,-44.5000001));
#659 = DIRECTION('',(1.,-0.));
#660 = ( GEOMETRIC_REPRESENTATION_CONTEXT(2) 
PARAMETRIC_REPRESENTATION_CONTEXT() REPRESENTATION_CONTEXT('2D SPACE',''
  ) );
#661 = PCURVE('',#662,#667);
#662 = CONICAL_SURFACE('',#663,2.5,0.708626272128);
#663 = AXIS2_PLACEMENT_3D('',#664,#665,#666);
#664 = CARTESIAN_POINT('',(6.,44.5,-13.31));
#665 = DIRECTION('',(0.,0.,-1.));
#666 = DIRECTION('',(1.,-0.,-0.));
#667 = DEFINITIONAL_REPRESENTATION('',(#668),#672);
#668 = LINE('',#669,#670);
#669 = CARTESIAN_POINT('',(0.,-1.E-02));
#670 = VECTOR('',#671,1.);
#671 = DIRECTION('',(1.,-0.));
#672 = ( GEOMETRIC_REPRESENTATION_CONTEXT(2) 
PARAMETRIC_REPRESENTATION_CONTEXT() REPRESENTATION_CONTEXT('2D SPACE',''
  ) );
#673 = ORIENTED_EDGE('',*,*,#674,.F.);
#674 = EDGE_CURVE('',#591,#646,#675,.T.);
#675 = SURFACE_CURVE('',#676,(#681,#688),.PCURVE_S1.);
#676 = CIRCLE('',#677,2.491428571429);
#677 = AXIS2_PLACEMENT_3D('',#678,#679,#680);
#678 = CARTESIAN_POINT('',(6.,44.5,-13.3));
#679 = DIRECTION('',(0.,0.,-1.));
#680 = DIRECTION('',(1.,-0.,-0.));
#681 = PCURVE('',#599,#682);
#682 = DEFINITIONAL_REPRESENTATION('',(#683),#687);
#683 = CIRCLE('',#684,2.491428571429);
#684 = AXIS2_PLACEMENT_2D('',#685,#686);
#685 = CARTESIAN_POINT('',(-72.4,-44.5000001));
#686 = DIRECTION('',(1.,-0.));
#687 = ( GEOMETRIC_REPRESENTATION_CONTEXT(2) 
PARAMETRIC_REPRESENTATION_CONTEXT() REPRESENTATION_CONTEXT('2D SPACE',''
  ) );
#688 = PCURVE('',#662,#689);
#689 = DEFINITIONAL_REPRESENTATION('',(#690),#694);
#690 = LINE('',#691,#692);
#691 = CARTESIAN_POINT('',(0.,-1.E-02));
#692 = VECTOR('',#693,1.);
#693 = DIRECTION('',(1.,-0.));
#694 = ( GEOMETRIC_REPRESENTATION_CONTEXT(2) 
PARAMETRIC_REPRESENTATION_CONTEXT() REPRESENTATION_CONTEXT('2D SPACE',''
  ) );
#695 = ADVANCED_FACE('',(#696),#611,.F.);
#696 = FACE_BOUND('',#697,.F.);
#697 = EDGE_LOOP('',(#698,#1159));
#698 = ORIENTED_EDGE('',*,*,#699,.F.);
#699 = EDGE_CURVE('',#589,#591,#700,.T.);
#700 = SURFACE_CURVE('',#701,(#818,#1039),.PCURVE_S1.);
#701 = B_SPLINE_CURVE_WITH_KNOTS('',7,(#702,#703,#704,#705,#706,#707,
    #708,#709,#710,#711,#712,#713,#714,#715,#716,#717,#718,#719,#720,
    #721,#722,#723,#724,#725,#726,#727,#728,#729,#730,#731,#732,#733,
    #734,#735,#736,#737,#738,#739,#740,#741,#742,#743,#744,#745,#746,
    #747,#748,#749,#750,#751,#752,#753,#754,#755,#756,#757,#758,#759,
    #760,#761,#762,#763,#764,#765,#766,#767,#768,#769,#770,#771,#772,
    #773,#774,#775,#776,#777,#778,#779,#780,#781,#782,#783,#784,#785,
    #786,#787,#788,#789,#790,#791,#792,#793,#794,#795,#796,#797,#798,
    #799,#800,#801,#802,#803,#804,#805,#806,#807,#808,#809,#810,#811,
    #812,#813,#814,#815,#816,#817),.UNSPECIFIED.,.F.,.F.,(8,6,6,6,6,6,6,
    6,6,6,6,6,6,6,6,6,6,6,6,8),(0.,4.911653080883E-02,7.393183721622E-02
    ,0.122058963112,0.164684465606,0.184402392077,0.217187118422,
    0.253057953587,0.329170729265,0.388606546968,0.497883054974,
    0.612542365108,0.670551613532,0.747042678161,0.782984449476,
    0.815797870202,0.83507798142,0.877654108001,0.926901983665,1.),
  .UNSPECIFIED.);
#702 = CARTESIAN_POINT('',(8.,43.01432967098,-13.3));
#703 = CARTESIAN_POINT('',(7.953209406943,42.951332366413,
    -13.30000563803));
#704 = CARTESIAN_POINT('',(7.903882564298,42.890217837973,
    -13.29969038163));
#705 = CARTESIAN_POINT('',(7.852069710181,42.831143047921,
    -13.29899212752));
#706 = CARTESIAN_POINT('',(7.797833847175,42.774271684422,
    -13.29784526465));
#707 = CARTESIAN_POINT('',(7.74125391422,42.719770926751,-13.29618282289
    ));
#708 = CARTESIAN_POINT('',(7.682427958498,42.667808210505,
    -13.29393862171));
#709 = CARTESIAN_POINT('',(7.590681504126,42.59366009101,-13.28958969749
    ));
#710 = CARTESIAN_POINT('',(7.559344219506,42.569461983143,
    -13.28796540676));
#711 = CARTESIAN_POINT('',(7.527480057549,42.545975155992,
    -13.28616830517));
#712 = CARTESIAN_POINT('',(7.495106119027,42.523220488633,-13.2841905363
    ));
#713 = CARTESIAN_POINT('',(7.462241001406,42.501218252441,
    -13.28202462889));
#714 = CARTESIAN_POINT('',(7.428904798839,42.47998811109,-13.27966349682
    ));
#715 = CARTESIAN_POINT('',(7.329594685483,42.419909478197,
    -13.27212961186));
#716 = CARTESIAN_POINT('',(7.262375263254,42.38324264681,-13.26639917892
    ));
#717 = CARTESIAN_POINT('',(7.193624978007,42.349690410403,
    -13.25986136736));
#718 = CARTESIAN_POINT('',(7.123523273874,42.319376112526,
    -13.25247591242));
#719 = CARTESIAN_POINT('',(7.052265042493,42.292401474576,
    -13.24421270798));
#720 = CARTESIAN_POINT('',(6.980060768915,42.268843414101,
    -13.23505445701));
#721 = CARTESIAN_POINT('',(6.842548859671,42.230955179989,
    -13.21609363371));
#722 = CARTESIAN_POINT('',(6.77739073992,42.215876246682,-13.20648381159
    ));
#723 = CARTESIAN_POINT('',(6.711818960843,42.203548865333,
    -13.19616758083));
#724 = CARTESIAN_POINT('',(6.645987675642,42.19398638198,-13.18515171243
    ));
#725 = CARTESIAN_POINT('',(6.580047970638,42.187182893947,
    -13.17345142484));
#726 = CARTESIAN_POINT('',(6.514147287772,42.18311545723,-13.16108978543
    ));
#727 = CARTESIAN_POINT('',(6.418028469297,42.18111293919,-13.14208689374
    ));
#728 = CARTESIAN_POINT('',(6.387666428709,42.181056977445,
    -13.13594150493));
#729 = CARTESIAN_POINT('',(6.357356446885,42.181574583831,
    -13.12966387791));
#730 = CARTESIAN_POINT('',(6.32711176689,42.182661373161,-13.12325718598
    ));
#731 = CARTESIAN_POINT('',(6.296945153316,42.18431239988,-13.11672484355
    ));
#732 = CARTESIAN_POINT('',(6.266868892287,42.186522158065,-13.1100705061
    ));
#733 = CARTESIAN_POINT('',(6.187057264439,42.19387762492,-13.09203763379
    ));
#734 = CARTESIAN_POINT('',(6.137501954262,42.199998628853,
    -13.08045066621));
#735 = CARTESIAN_POINT('',(6.088283036203,42.207620196187,
    -13.06855477916));
#736 = CARTESIAN_POINT('',(6.03944998721,42.216711407321,-13.05636923746
    ));
#737 = CARTESIAN_POINT('',(5.991047886988,42.227238831397,
    -13.04391452317));
#738 = CARTESIAN_POINT('',(5.943117719099,42.239167537597,
    -13.03121189975));
#739 = CARTESIAN_POINT('',(5.843811762491,42.267008126528,
    -13.00413702051));
#740 = CARTESIAN_POINT('',(5.792536382107,42.283189213214,
    -12.98972019346));
#741 = CARTESIAN_POINT('',(5.741918493043,42.300958957564,-12.9750607412
    ));
#742 = CARTESIAN_POINT('',(5.692000749853,42.320270107245,
    -12.96018762209));
#743 = CARTESIAN_POINT('',(5.642820955464,42.341075428457,
    -12.94513021085));
#744 = CARTESIAN_POINT('',(5.594412517128,42.36332856786,-12.92991800278
    ));
#745 = CARTESIAN_POINT('',(5.445788361037,42.437180294593,
    -12.88203594679));
#746 = CARTESIAN_POINT('',(5.34839370879,42.493685186157,-12.84893151027
    ));
#747 = CARTESIAN_POINT('',(5.254875848242,42.556079948663,
    -12.81554283477));
#748 = CARTESIAN_POINT('',(5.165451887385,42.623968921062,
    -12.78215207257));
#749 = CARTESIAN_POINT('',(5.080309741881,42.696987239228,-12.7490438788
    ));
#750 = CARTESIAN_POINT('',(4.999616737352,42.774807653407,
    -12.71650158856));
#751 = CARTESIAN_POINT('',(4.864111330596,42.921445709443,
    -12.66005054395));
#752 = CARTESIAN_POINT('',(4.807509989441,42.988491518577,
    -12.63581590033));
#753 = CARTESIAN_POINT('',(4.753801348426,43.05814432921,-12.61223406959
    ));
#754 = CARTESIAN_POINT('',(4.703070155879,43.130265381513,
    -12.58944379107));
#755 = CARTESIAN_POINT('',(4.65540670845,43.204715147964,-12.56758562819
    ));
#756 = CARTESIAN_POINT('',(4.610904811318,43.281350881623,
    -12.54679965984));
#757 = CARTESIAN_POINT('',(4.493828064595,43.504669968035,-12.4912305606
    ));
#758 = CARTESIAN_POINT('',(4.42896696073,43.656277164628,-12.45930777193
    ));
#759 = CARTESIAN_POINT('',(4.375760630697,43.813799742727,
    -12.43234824108));
#760 = CARTESIAN_POINT('',(4.33486118809,43.976071168746,-12.41119039077
    ));
#761 = CARTESIAN_POINT('',(4.306814126893,44.141778003727,
    -12.39652796173));
#762 = CARTESIAN_POINT('',(4.292010188783,44.30941050102,-12.38878070189
    ));
#763 = CARTESIAN_POINT('',(4.288839831322,44.653173634899,
    -12.38712146016));
#764 = CARTESIAN_POINT('',(4.301810483398,44.829438634287,
    -12.39390919998));
#765 = CARTESIAN_POINT('',(4.329426464404,45.003827736722,
    -12.40837930706));
#766 = CARTESIAN_POINT('',(4.371256341433,45.174574885988,
    -12.43008183744));
#767 = CARTESIAN_POINT('',(4.426677337778,45.34015085406,-12.4582221054)
  );
#768 = CARTESIAN_POINT('',(4.494931595754,45.499202718607,
    -12.49182739311));
#769 = CARTESIAN_POINT('',(4.615845049749,45.727082075216,
    -12.54910357651));
#770 = CARTESIAN_POINT('',(4.659560515473,45.801684967208,
    -12.56948551201));
#771 = CARTESIAN_POINT('',(4.706281283631,45.874195619648,
    -12.59087920261));
#772 = CARTESIAN_POINT('',(4.755920377474,45.944481554085,
    -12.61315441879));
#773 = CARTESIAN_POINT('',(4.808394046021,46.012413071799,
    -12.63618056077));
#774 = CARTESIAN_POINT('',(4.863623550795,46.077861094942,
    -12.65982868448));
#775 = CARTESIAN_POINT('',(4.997901633699,46.223547880435,
    -12.71581094678));
#776 = CARTESIAN_POINT('',(5.078920030149,46.301841746956,
    -12.74850626435));
#777 = CARTESIAN_POINT('',(5.164434536085,46.375290018702,
    -12.78177710129));
#778 = CARTESIAN_POINT('',(5.254275433945,46.443560810293,
    -12.81533582455));
#779 = CARTESIAN_POINT('',(5.348252099954,46.506283896127,
    -12.84889346081));
#780 = CARTESIAN_POINT('',(5.446144209624,46.563057667009,
    -12.88216361013));
#781 = CARTESIAN_POINT('',(5.595408861182,46.637137395003,
    -12.93023279175));
#782 = CARTESIAN_POINT('',(5.643928420039,46.65940926273,-12.9454728495)
  );
#783 = CARTESIAN_POINT('',(5.693221936692,46.680226795372,
    -12.96055703645));
#784 = CARTESIAN_POINT('',(5.743255750372,46.699543344982,
    -12.97545567996));
#785 = CARTESIAN_POINT('',(5.793991762013,46.717311382949,
    -12.99013923084));
#786 = CARTESIAN_POINT('',(5.845386973577,46.733483372699,
    -13.00457856281));
#787 = CARTESIAN_POINT('',(5.944872504925,46.761277293026,
    -13.03167891928));
#788 = CARTESIAN_POINT('',(5.992861080344,46.773172706971,-13.0443853059
    ));
#789 = CARTESIAN_POINT('',(6.041321378757,46.783663378959,
    -13.05684277011));
#790 = CARTESIAN_POINT('',(6.09021221524,46.792714309084,-13.06903000483
    ));
#791 = CARTESIAN_POINT('',(6.139488292248,46.800292019167,
    -13.08092649468));
#792 = CARTESIAN_POINT('',(6.189099897031,46.806365569118,
    -13.09251295296));
#793 = CARTESIAN_POINT('',(6.268307946947,46.813576308943,
    -13.11038707089));
#794 = CARTESIAN_POINT('',(6.297720391676,46.815716331369,
    -13.11688927536));
#795 = CARTESIAN_POINT('',(6.327218897174,46.817321990841,-13.1232747425
    ));
#796 = CARTESIAN_POINT('',(6.356791978395,46.818388149104,
    -13.12954006064));
#797 = CARTESIAN_POINT('',(6.386427701319,46.818910179386,
    -13.13568203595));
#798 = CARTESIAN_POINT('',(6.416113682947,46.818883966391,
    -13.14169769242));
#799 = CARTESIAN_POINT('',(6.511475073496,46.817029380498,
    -13.16058356166));
#800 = CARTESIAN_POINT('',(6.577298749831,46.813061749029,
    -13.17295406098));
#801 = CARTESIAN_POINT('',(6.643165627144,46.806365044728,
    -13.18466543948));
#802 = CARTESIAN_POINT('',(6.7089289234,46.796915998899,-13.19569453136)
  );
#803 = CARTESIAN_POINT('',(6.77443814771,46.784708265055,-13.20602595386
    ));
#804 = CARTESIAN_POINT('',(6.839539680334,46.769754642658,
    -13.21565272568));
#805 = CARTESIAN_POINT('',(6.978728184493,46.731655770939,
    -13.23489947579));
#806 = CARTESIAN_POINT('',(7.052632358058,46.7075917111,-13.24428282082)
  );
#807 = CARTESIAN_POINT('',(7.125546952753,46.679948862671,
    -13.25272847364));
#808 = CARTESIAN_POINT('',(7.197246405152,46.648809709155,
    -13.26025501764));
#809 = CARTESIAN_POINT('',(7.267522327022,46.614283881739,-13.2668950764
    ));
#810 = CARTESIAN_POINT('',(7.336183323305,46.576504564802,
    -13.27269232357));
#811 = CARTESIAN_POINT('',(7.502311335751,46.474947719694,
    -13.28512908822));
#812 = CARTESIAN_POINT('',(7.597633164851,46.407435398867,
    -13.29081732148));
#813 = CARTESIAN_POINT('',(7.688468960889,46.333575927365,
    -13.29493306471));
#814 = CARTESIAN_POINT('',(7.774399924288,46.253914401291,
    -13.29768775924));
#815 = CARTESIAN_POINT('',(7.855110619816,46.169012663854,
    -13.29930626991));
#816 = CARTESIAN_POINT('',(7.930366767922,46.079422206108,
    -13.30000839046));
#817 = CARTESIAN_POINT('',(8.,45.98567032902,-13.3));
#818 = PCURVE('',#611,#819);
#819 = DEFINITIONAL_REPRESENTATION('',(#820),#1038);
#820 = B_SPLINE_CURVE_WITH_KNOTS('',12,(#821,#822,#823,#824,#825,#826,
    #827,#828,#829,#830,#831,#832,#833,#834,#835,#836,#837,#838,#839,
    #840,#841,#842,#843,#844,#845,#846,#847,#848,#849,#850,#851,#852,
    #853,#854,#855,#856,#857,#858,#859,#860,#861,#862,#863,#864,#865,
    #866,#867,#868,#869,#870,#871,#872,#873,#874,#875,#876,#877,#878,
    #879,#880,#881,#882,#883,#884,#885,#886,#887,#888,#889,#890,#891,
    #892,#893,#894,#895,#896,#897,#898,#899,#900,#901,#902,#903,#904,
    #905,#906,#907,#908,#909,#910,#911,#912,#913,#914,#915,#916,#917,
    #918,#919,#920,#921,#922,#923,#924,#925,#926,#927,#928,#929,#930,
    #931,#932,#933,#934,#935,#936,#937,#938,#939,#940,#941,#942,#943,
    #944,#945,#946,#947,#948,#949,#950,#951,#952,#953,#954,#955,#956,
    #957,#958,#959,#960,#961,#962,#963,#964,#965,#966,#967,#968,#969,
    #970,#971,#972,#973,#974,#975,#976,#977,#978,#979,#980,#981,#982,
    #983,#984,#985,#986,#987,#988,#989,#990,#991,#992,#993,#994,#995,
    #996,#997,#998,#999,#1000,#1001,#1002,#1003,#1004,#1005,#1006,#1007,
    #1008,#1009,#1010,#1011,#1012,#1013,#1014,#1015,#1016,#1017,#1018,
    #1019,#1020,#1021,#1022,#1023,#1024,#1025,#1026,#1027,#1028,#1029,
    #1030,#1031,#1032,#1033,#1034,#1035,#1036,#1037),.UNSPECIFIED.,.F.,
  .F.,(13,12,12,12,12,12,12,12,12,12,12,12,12,12,12,12,12,12,13),(0.,
    6.25E-02,0.125,0.1875,0.25,0.3125,0.375,0.40625,0.4375,0.5,0.5625,
    0.59375,0.625,0.6875,0.75,0.8125,0.875,0.9375,1.),.UNSPECIFIED.);
#821 = CARTESIAN_POINT('',(0.,-43.01432977098));
#822 = CARTESIAN_POINT('',(3.472241471745E-02,-42.96756797332));
#823 = CARTESIAN_POINT('',(7.07514556079E-02,-42.92177621008));
#824 = CARTESIAN_POINT('',(0.108071285554,-42.87700591685));
#825 = CARTESIAN_POINT('',(0.146664095533,-42.83330978296));
#826 = CARTESIAN_POINT('',(0.186509793054,-42.79074146553));
#827 = CARTESIAN_POINT('',(0.227585690595,-42.749355299));
#828 = CARTESIAN_POINT('',(0.269866194037,-42.70920601157));
#829 = CARTESIAN_POINT('',(0.313322491102,-42.67034843282));
#830 = CARTESIAN_POINT('',(0.357922239785,-42.63283721079));
#831 = CARTESIAN_POINT('',(0.403629256798,-42.5967265205));
#832 = CARTESIAN_POINT('',(0.450403205998,-42.56206977897));
#833 = CARTESIAN_POINT('',(0.498199286828,-42.52891935615));
#834 = CARTESIAN_POINT('',(0.545994765597,-42.49576906776));
#835 = CARTESIAN_POINT('',(0.59481748149,-42.46412169921));
#836 = CARTESIAN_POINT('',(0.644601819258,-42.4340400237));
#837 = CARTESIAN_POINT('',(0.695341429666,-42.40555166441));
#838 = CARTESIAN_POINT('',(0.74694756104,-42.37872266173));
#839 = CARTESIAN_POINT('',(0.799365847627,-42.35359731293));
#840 = CARTESIAN_POINT('',(0.852554744453,-42.3302061996));
#841 = CARTESIAN_POINT('',(0.906438635738,-42.30859020323));
#842 = CARTESIAN_POINT('',(0.960942177471,-42.28878573656));
#843 = CARTESIAN_POINT('',(1.016022850251,-42.27080687871));
#844 = CARTESIAN_POINT('',(1.071579182018,-42.25468507071));
#845 = CARTESIAN_POINT('',(1.127555837484,-42.24042799083));
#846 = CARTESIAN_POINT('',(1.183531912753,-42.22617104681));
#847 = CARTESIAN_POINT('',(1.239928916801,-42.21377968289));
#848 = CARTESIAN_POINT('',(1.296654559341,-42.20327030075));
#849 = CARTESIAN_POINT('',(1.353687694431,-42.19464524625));
#850 = CARTESIAN_POINT('',(1.410860610606,-42.18791546505));
#851 = CARTESIAN_POINT('',(1.468208392947,-42.18306481629));
#852 = CARTESIAN_POINT('',(1.525612389259,-42.18008843878));
#853 = CARTESIAN_POINT('',(1.582947771249,-42.1789755028));
#854 = CARTESIAN_POINT('',(1.640252462919,-42.17969304723));
#855 = CARTESIAN_POINT('',(1.697384858147,-42.18222605803));
#856 = CARTESIAN_POINT('',(1.754318190461,-42.18654125385));
#857 = CARTESIAN_POINT('',(1.810986445974,-42.19260806807));
#858 = CARTESIAN_POINT('',(1.867654868008,-42.19867489215));
#859 = CARTESIAN_POINT('',(1.924059311674,-42.20649323129));
#860 = CARTESIAN_POINT('',(1.980143227659,-42.21603158697));
#861 = CARTESIAN_POINT('',(2.035853149641,-42.22725524559));
#862 = CARTESIAN_POINT('',(2.091139005519,-42.2401271662));
#863 = CARTESIAN_POINT('',(2.145954276604,-42.25460874999));
#864 = CARTESIAN_POINT('',(2.200256005043,-42.27066049426));
#865 = CARTESIAN_POINT('',(2.25400464908,-42.28824252709));
#866 = CARTESIAN_POINT('',(2.30716378664,-42.30731502707));
#867 = CARTESIAN_POINT('',(2.359699666717,-42.32783852386));
#868 = CARTESIAN_POINT('',(2.411580609043,-42.34977408309));
#869 = CARTESIAN_POINT('',(2.462776251671,-42.37308337311));
#870 = CARTESIAN_POINT('',(2.513972865696,-42.39639305536));
#871 = CARTESIAN_POINT('',(2.564482316559,-42.42107574146));
#872 = CARTESIAN_POINT('',(2.614274743901,-42.4470926162));
#873 = CARTESIAN_POINT('',(2.663324596803,-42.474407168));
#874 = CARTESIAN_POINT('',(2.711607831943,-42.502984029));
#875 = CARTESIAN_POINT('',(2.759100628968,-42.5327884958));
#876 = CARTESIAN_POINT('',(2.805779161876,-42.56378652763));
#877 = CARTESIAN_POINT('',(2.851619964866,-42.5959450076));
#878 = CARTESIAN_POINT('',(2.896600431577,-42.62923206699));
#879 = CARTESIAN_POINT('',(2.940698986087,-42.66361725675));
#880 = CARTESIAN_POINT('',(2.9838944646,-42.69907136525));
#881 = CARTESIAN_POINT('',(3.026164246279,-42.73556566945));
#882 = CARTESIAN_POINT('',(3.068433838827,-42.7720597289));
#883 = CARTESIAN_POINT('',(3.10978105417,-42.80959663985));
#884 = CARTESIAN_POINT('',(3.150173603123,-42.84813934286));
#885 = CARTESIAN_POINT('',(3.189602945345,-42.88766684351));
#886 = CARTESIAN_POINT('',(3.228085884131,-42.92820551337));
#887 = CARTESIAN_POINT('',(3.265429125796,-42.96953892756));
#888 = CARTESIAN_POINT('',(3.30191681535,-43.01196661307));
#889 = CARTESIAN_POINT('',(3.337177890227,-43.0551033047));
#890 = CARTESIAN_POINT('',(3.371464329798,-43.09920576159));
#891 = CARTESIAN_POINT('',(3.40459067955,-43.14408533827));
#892 = CARTESIAN_POINT('',(3.436599010272,-43.18978387341));
#893 = CARTESIAN_POINT('',(3.467443506122,-43.23625470175));
#894 = CARTESIAN_POINT('',(3.48286570723,-43.25948989046));
#895 = CARTESIAN_POINT('',(3.497999533978,-43.28292210958));
#896 = CARTESIAN_POINT('',(3.512833923578,-43.30653409123));
#897 = CARTESIAN_POINT('',(3.527383318587,-43.3303536883));
#898 = CARTESIAN_POINT('',(3.541622741728,-43.35433977472));
#899 = CARTESIAN_POINT('',(3.555556369387,-43.37850131996));
#900 = CARTESIAN_POINT('',(3.569194766257,-43.40285916182));
#901 = CARTESIAN_POINT('',(3.58252345405,-43.42739132704));
#902 = CARTESIAN_POINT('',(3.595529912534,-43.45207833016));
#903 = CARTESIAN_POINT('',(3.608229392156,-43.47694788814));
#904 = CARTESIAN_POINT('',(3.620604004224,-43.50197201329));
#905 = CARTESIAN_POINT('',(3.632656387673,-43.5271566611));
#906 = CARTESIAN_POINT('',(3.644708564489,-43.55234104281));
#907 = CARTESIAN_POINT('',(3.656437223814,-43.5776837257));
#908 = CARTESIAN_POINT('',(3.667838796119,-43.6031805276));
#909 = CARTESIAN_POINT('',(3.678909779249,-43.62882719458));
#910 = CARTESIAN_POINT('',(3.689646738471,-43.65461940048));
#911 = CARTESIAN_POINT('',(3.700046306391,-43.68055274779));
#912 = CARTESIAN_POINT('',(3.71010518307,-43.70662276632));
#913 = CARTESIAN_POINT('',(3.719820135889,-43.73282491486));
#914 = CARTESIAN_POINT('',(3.72918799968,-43.75915457946));
#915 = CARTESIAN_POINT('',(3.738205676621,-43.7856070749));
#916 = CARTESIAN_POINT('',(3.746870136303,-43.81217764366));
#917 = CARTESIAN_POINT('',(3.7551784157,-43.83886145651));
#918 = CARTESIAN_POINT('',(3.771795046462,-43.89222931209));
#919 = CARTESIAN_POINT('',(3.786987195827,-43.94604857049));
#920 = CARTESIAN_POINT('',(3.800731570003,-44.00028557851));
#921 = CARTESIAN_POINT('',(3.813006404209,-44.05489253104));
#922 = CARTESIAN_POINT('',(3.82379166683,-44.1098326565));
#923 = CARTESIAN_POINT('',(3.83306932328,-44.16506549836));
#924 = CARTESIAN_POINT('',(3.840823611333,-44.22054210549));
#925 = CARTESIAN_POINT('',(3.847041325066,-44.27621405918));
#926 = CARTESIAN_POINT('',(3.851712127848,-44.33203910291));
#927 = CARTESIAN_POINT('',(3.854828911928,-44.38796963936));
#928 = CARTESIAN_POINT('',(3.856388197563,-44.44393858325));
#929 = CARTESIAN_POINT('',(3.856390514107,-44.49990995002));
#930 = CARTESIAN_POINT('',(3.856392872738,-44.55588246963));
#931 = CARTESIAN_POINT('',(3.854837891014,-44.61186028586));
#932 = CARTESIAN_POINT('',(3.851725289595,-44.66778933629));
#933 = CARTESIAN_POINT('',(3.847058601483,-44.72361770245));
#934 = CARTESIAN_POINT('',(3.840844868725,-44.77929549396));
#935 = CARTESIAN_POINT('',(3.833094339135,-44.83477473389));
#936 = CARTESIAN_POINT('',(3.823820162983,-44.89000924215));
#937 = CARTESIAN_POINT('',(3.813038089741,-44.94495452159));
#938 = CARTESIAN_POINT('',(3.800766164745,-44.99956764095));
#939 = CARTESIAN_POINT('',(3.787024425957,-45.05380712089));
#940 = CARTESIAN_POINT('',(3.771834600634,-45.10763281749));
#941 = CARTESIAN_POINT('',(3.755219802065,-45.16100580749));
#942 = CARTESIAN_POINT('',(3.74691246738,-45.18769232647));
#943 = CARTESIAN_POINT('',(3.738248863409,-45.21426566436));
#944 = CARTESIAN_POINT('',(3.729231952557,-45.24072098214));
#945 = CARTESIAN_POINT('',(3.719864765675,-45.26705351218));
#946 = CARTESIAN_POINT('',(3.710150402087,-45.29325855809));
#947 = CARTESIAN_POINT('',(3.700092029548,-45.31933149506));
#948 = CARTESIAN_POINT('',(3.6896928843,-45.34526776935));
#949 = CARTESIAN_POINT('',(3.67895627101,-45.37106289885));
#950 = CARTESIAN_POINT('',(3.667885562826,-45.39671247257));
#951 = CARTESIAN_POINT('',(3.656484201334,-45.42221215104));
#952 = CARTESIAN_POINT('',(3.644755696589,-45.44755766607));
#953 = CARTESIAN_POINT('',(3.632703627093,-45.47274482084));
#954 = CARTESIAN_POINT('',(3.620651228231,-45.49793246159));
#955 = CARTESIAN_POINT('',(3.608277323498,-45.52295813679));
#956 = CARTESIAN_POINT('',(3.595576524507,-45.54783280659));
#957 = CARTESIAN_POINT('',(3.582570956638,-45.57252057471));
#958 = CARTESIAN_POINT('',(3.569243253845,-45.59705361157));
#959 = CARTESIAN_POINT('',(3.555603445197,-45.62141634685));
#960 = CARTESIAN_POINT('',(3.5416684432,-45.64558217507));
#961 = CARTESIAN_POINT('',(3.527430896899,-45.66956703009));
#962 = CARTESIAN_POINT('',(3.51288379301,-45.69338508215));
#963 = CARTESIAN_POINT('',(3.498047415023,-45.71700232589));
#964 = CARTESIAN_POINT('',(3.482915144462,-45.74043392638));
#965 = CARTESIAN_POINT('',(3.467493149286,-45.76367070196));
#966 = CARTESIAN_POINT('',(3.436649501642,-45.81014399108));
#967 = CARTESIAN_POINT('',(3.404641672526,-45.8558451926));
#968 = CARTESIAN_POINT('',(3.371517218716,-45.90072602369));
#969 = CARTESIAN_POINT('',(3.337227296598,-45.94483470598));
#970 = CARTESIAN_POINT('',(3.301976037327,-45.98796491371));
#971 = CARTESIAN_POINT('',(3.265472946145,-46.03041007225));
#972 = CARTESIAN_POINT('',(3.228149497367,-46.07172707933));
#973 = CARTESIAN_POINT('',(3.189649361887,-46.11228496632));
#974 = CARTESIAN_POINT('',(3.150230457389,-46.15180468754));
#975 = CARTESIAN_POINT('',(3.109834335635,-46.19035325689));
#976 = CARTESIAN_POINT('',(3.068487963363,-46.2278915774));
#977 = CARTESIAN_POINT('',(3.0262182356,-46.26438791734));
#978 = CARTESIAN_POINT('',(2.983948397675,-46.30088441995));
#979 = CARTESIAN_POINT('',(2.940752799232,-46.3363407032));
#980 = CARTESIAN_POINT('',(2.896654022526,-46.37072805585));
#981 = CARTESIAN_POINT('',(2.851673261521,-46.4040172491));
#982 = CARTESIAN_POINT('',(2.805832117915,-46.43617782104));
#983 = CARTESIAN_POINT('',(2.759153197517,-46.46717790147));
#984 = CARTESIAN_POINT('',(2.711659949387,-46.49698438169));
#985 = CARTESIAN_POINT('',(2.663376189733,-46.52556322436));
#986 = CARTESIAN_POINT('',(2.614325753055,-46.55287972051));
#987 = CARTESIAN_POINT('',(2.56453271251,-46.57889848803));
#988 = CARTESIAN_POINT('',(2.514022611936,-46.60358301746));
#989 = CARTESIAN_POINT('',(2.462825151623,-46.62689456216));
#990 = CARTESIAN_POINT('',(2.411628684307,-46.65020570416));
#991 = CARTESIAN_POINT('',(2.359746848355,-46.6721430711));
#992 = CARTESIAN_POINT('',(2.307210013645,-46.69266832684));
#993 = CARTESIAN_POINT('',(2.254049864859,-46.71174253316));
#994 = CARTESIAN_POINT('',(2.200300154562,-46.72932621673));
#995 = CARTESIAN_POINT('',(2.145997304571,-46.74537955296));
#996 = CARTESIAN_POINT('',(2.09118085534,-46.75986266748));
#997 = CARTESIAN_POINT('',(2.035893763737,-46.77273605414));
#998 = CARTESIAN_POINT('',(1.980182548779,-46.78396111096));
#999 = CARTESIAN_POINT('',(1.924097285748,-46.79350079252));
#1000 = CARTESIAN_POINT('',(1.867691448339,-46.80132038005));
#1001 = CARTESIAN_POINT('',(1.811021599084,-46.80738836841));
#1002 = CARTESIAN_POINT('',(1.754352317192,-46.81345640229));
#1003 = CARTESIAN_POINT('',(1.697414072533,-46.81777223567));
#1004 = CARTESIAN_POINT('',(1.640294697315,-46.82030805694));
#1005 = CARTESIAN_POINT('',(1.582949755152,-46.82102165675));
#1006 = CARTESIAN_POINT('',(1.525685044039,-46.81991877223));
#1007 = CARTESIAN_POINT('',(1.468181016759,-46.8169303341));
#1008 = CARTESIAN_POINT('',(1.410930464505,-46.81209327151));
#1009 = CARTESIAN_POINT('',(1.353683122688,-46.80535438913));
#1010 = CARTESIAN_POINT('',(1.296687335048,-46.79673496305));
#1011 = CARTESIAN_POINT('',(1.239945447666,-46.78622393502));
#1012 = CARTESIAN_POINT('',(1.183550281712,-46.77383325083));
#1013 = CARTESIAN_POINT('',(1.127572201763,-46.75957637581));
#1014 = CARTESIAN_POINT('',(1.07159450013,-46.74531956685));
#1015 = CARTESIAN_POINT('',(1.016033509366,-46.72919682302));
#1016 = CARTESIAN_POINT('',(0.960958036431,-46.71122038001));
#1017 = CARTESIAN_POINT('',(0.906443982141,-46.69141183928));
#1018 = CARTESIAN_POINT('',(0.852562125017,-46.66979764301));
#1019 = CARTESIAN_POINT('',(0.79937700675,-46.64640819843));
#1020 = CARTESIAN_POINT('',(0.746949912655,-46.62127854092));
#1021 = CARTESIAN_POINT('',(0.695341310818,-46.59444901271));
#1022 = CARTESIAN_POINT('',(0.644610484238,-46.56596503793));
#1023 = CARTESIAN_POINT('',(0.594812460543,-46.53587566066));
#1024 = CARTESIAN_POINT('',(0.545994714439,-46.5042311155));
#1025 = CARTESIAN_POINT('',(0.498198488407,-46.47108028922));
#1026 = CARTESIAN_POINT('',(0.450402577257,-46.43792982958));
#1027 = CARTESIAN_POINT('',(0.403629881859,-46.40327404537));
#1028 = CARTESIAN_POINT('',(0.357924223862,-46.36716455104));
#1029 = CARTESIAN_POINT('',(0.313325350799,-46.32965424077));
#1030 = CARTESIAN_POINT('',(0.269869183733,-46.29079698363));
#1031 = CARTESIAN_POINT('',(0.227588064882,-46.25064731813));
#1032 = CARTESIAN_POINT('',(0.186511005274,-46.20926014778));
#1033 = CARTESIAN_POINT('',(0.146663932365,-46.16669043538));
#1034 = CARTESIAN_POINT('',(0.108069937695,-46.12299289855));
#1035 = CARTESIAN_POINT('',(7.074952451174E-02,-46.07822170428));
#1036 = CARTESIAN_POINT('',(3.472085541699E-02,-46.03243016412));
#1037 = CARTESIAN_POINT('',(2.775557561563E-17,-45.98567042902));
#1038 = ( GEOMETRIC_REPRESENTATION_CONTEXT(2) 
PARAMETRIC_REPRESENTATION_CONTEXT() REPRESENTATION_CONTEXT('2D SPACE',''
  ) );
#1039 = PCURVE('',#662,#1040);
#1040 = DEFINITIONAL_REPRESENTATION('',(#1041),#1158);
#1041 = B_SPLINE_CURVE_WITH_KNOTS('',7,(#1042,#1043,#1044,#1045,#1046,
    #1047,#1048,#1049,#1050,#1051,#1052,#1053,#1054,#1055,#1056,#1057,
    #1058,#1059,#1060,#1061,#1062,#1063,#1064,#1065,#1066,#1067,#1068,
    #1069,#1070,#1071,#1072,#1073,#1074,#1075,#1076,#1077,#1078,#1079,
    #1080,#1081,#1082,#1083,#1084,#1085,#1086,#1087,#1088,#1089,#1090,
    #1091,#1092,#1093,#1094,#1095,#1096,#1097,#1098,#1099,#1100,#1101,
    #1102,#1103,#1104,#1105,#1106,#1107,#1108,#1109,#1110,#1111,#1112,
    #1113,#1114,#1115,#1116,#1117,#1118,#1119,#1120,#1121,#1122,#1123,
    #1124,#1125,#1126,#1127,#1128,#1129,#1130,#1131,#1132,#1133,#1134,
    #1135,#1136,#1137,#1138,#1139,#1140,#1141,#1142,#1143,#1144,#1145,
    #1146,#1147,#1148,#1149,#1150,#1151,#1152,#1153,#1154,#1155,#1156,
    #1157),.UNSPECIFIED.,.F.,.F.,(8,6,6,6,6,6,6,6,6,6,6,6,6,6,6,6,6,6,6,
    8),(0.,4.911653080883E-02,7.393183721622E-02,0.122058963112,
    0.164684465606,0.184402392077,0.217187118422,0.253057953587,
    0.329170729265,0.388606546968,0.497883054974,0.612542365108,
    0.670551613532,0.747042678161,0.782984449476,0.815797870202,
    0.83507798142,0.877654108001,0.926901983665,1.),.UNSPECIFIED.);
#1042 = CARTESIAN_POINT('',(0.638899822059,-1.E-02));
#1043 = CARTESIAN_POINT('',(0.670397033471,-9.994361961765E-03));
#1044 = CARTESIAN_POINT('',(0.701894560196,-1.030961836116E-02));
#1045 = CARTESIAN_POINT('',(0.733395224761,-1.100787247128E-02));
#1046 = CARTESIAN_POINT('',(0.764901826509,-1.21547353432E-02));
#1047 = CARTESIAN_POINT('',(0.796416861789,-1.381717710906E-02));
#1048 = CARTESIAN_POINT('',(0.827942244138,-1.606137828512E-02));
#1049 = CARTESIAN_POINT('',(0.875412455724,-2.041030250312E-02));
#1050 = CARTESIAN_POINT('',(0.891348732395,-2.203459323362E-02));
#1051 = CARTESIAN_POINT('',(0.907287919424,-2.383169482601E-02));
#1052 = CARTESIAN_POINT('',(0.923230021089,-2.580946369367E-02));
#1053 = CARTESIAN_POINT('',(0.939174981008,-2.797537110374E-02));
#1054 = CARTESIAN_POINT('',(0.955122682137,-3.033650317712E-02));
#1055 = CARTESIAN_POINT('',(1.002007096103,-3.787038813236E-02));
#1056 = CARTESIAN_POINT('',(1.032952975741,-4.360082107364E-02));
#1057 = CARTESIAN_POINT('',(1.063905836052,-5.013863263682E-02));
#1058 = CARTESIAN_POINT('',(1.094863629925,-5.752408757545E-02));
#1059 = CARTESIAN_POINT('',(1.125825315007,-6.578729201362E-02));
#1060 = CARTESIAN_POINT('',(1.156789155941,-7.494554298739E-02));
#1061 = CARTESIAN_POINT('',(1.215173509674,-9.390636628549E-02));
#1062 = CARTESIAN_POINT('',(1.242596810202,-0.103516188403));
#1063 = CARTESIAN_POINT('',(1.270018113667,-0.11383241917));
#1064 = CARTESIAN_POINT('',(1.29743804717,-0.124848287563));
#1065 = CARTESIAN_POINT('',(1.324859474817,-0.136548575154));
#1066 = CARTESIAN_POINT('',(1.352286293089,-0.148910214561));
#1067 = CARTESIAN_POINT('',(1.392413682762,-0.167913106255));
#1068 = CARTESIAN_POINT('',(1.405107362445,-0.174058495063));
#1069 = CARTESIAN_POINT('',(1.417803856189,-0.180336122089));
#1070 = CARTESIAN_POINT('',(1.430503850809,-0.186742814018));
#1071 = CARTESIAN_POINT('',(1.443208129029,-0.193275156448));
#1072 = CARTESIAN_POINT('',(1.455917569473,-0.199929493893));
#1073 = CARTESIAN_POINT('',(1.489775162768,-0.217962366208));
#1074 = CARTESIAN_POINT('',(1.510934202843,-0.229549333786));
#1075 = CARTESIAN_POINT('',(1.532114729817,-0.241445220831));
#1076 = CARTESIAN_POINT('',(1.55332216245,-0.253630762533));
#1077 = CARTESIAN_POINT('',(1.574562706371,-0.266085476826));
#1078 = CARTESIAN_POINT('',(1.595843185111,-0.278788100248));
#1079 = CARTESIAN_POINT('',(1.640506185927,-0.305862979488));
#1080 = CARTESIAN_POINT('',(1.663897995098,-0.320279806539));
#1081 = CARTESIAN_POINT('',(1.687356221474,-0.334939258798));
#1082 = CARTESIAN_POINT('',(1.710891427717,-0.349812377909));
#1083 = CARTESIAN_POINT('',(1.734514781954,-0.364869789142));
#1084 = CARTESIAN_POINT('',(1.758238023396,-0.380081997215));
#1085 = CARTESIAN_POINT('',(1.832648743327,-0.427964053201));
#1086 = CARTESIAN_POINT('',(1.883720804263,-0.461068489721));
#1087 = CARTESIAN_POINT('',(1.935419267292,-0.494457165221));
#1088 = CARTESIAN_POINT('',(1.987866686401,-0.527847927427));
#1089 = CARTESIAN_POINT('',(2.041179872302,-0.560956121192));
#1090 = CARTESIAN_POINT('',(2.095471251696,-0.593498411432));
#1091 = CARTESIAN_POINT('',(2.194095195921,-0.649949456045));
#1092 = CARTESIAN_POINT('',(2.237997831414,-0.674184099667));
#1093 = CARTESIAN_POINT('',(2.282606772341,-0.697765930402));
#1094 = CARTESIAN_POINT('',(2.327960411423,-0.720556208928));
#1095 = CARTESIAN_POINT('',(2.37408528532,-0.742414371806));
#1096 = CARTESIAN_POINT('',(2.420994465174,-0.76320034016));
#1097 = CARTESIAN_POINT('',(2.556369751516,-0.818769439394));
#1098 = CARTESIAN_POINT('',(2.646742684516,-0.850692228062));
#1099 = CARTESIAN_POINT('',(2.739712605424,-0.877651758911));
#1100 = CARTESIAN_POINT('',(2.834992970057,-0.898809609229));
#1101 = CARTESIAN_POINT('',(2.932050537615,-0.913472038263));
#1102 = CARTESIAN_POINT('',(3.030112830866,-0.921219298108));
#1103 = CARTESIAN_POINT('',(3.231187249039,-0.922878539837));
#1104 = CARTESIAN_POINT('',(3.33427642392,-0.916090800014));
#1105 = CARTESIAN_POINT('',(3.436385097183,-0.90162069294));
#1106 = CARTESIAN_POINT('',(3.53659284847,-0.879918162552));
#1107 = CARTESIAN_POINT('',(3.634263832967,-0.851777894598));
#1108 = CARTESIAN_POINT('',(3.729065183639,-0.818172606885));
#1109 = CARTESIAN_POINT('',(3.867357747342,-0.760896423486));
#1110 = CARTESIAN_POINT('',(3.913072595198,-0.740514487985));
#1111 = CARTESIAN_POINT('',(3.958041235032,-0.719120797386));
#1112 = CARTESIAN_POINT('',(4.002276535741,-0.696845581203));
#1113 = CARTESIAN_POINT('',(4.045803491884,-0.673819439226));
#1114 = CARTESIAN_POINT('',(4.08865780942,-0.650171315513));
#1115 = CARTESIAN_POINT('',(4.186564645076,-0.594189053219));
#1116 = CARTESIAN_POINT('',(4.241144373291,-0.561493735644));
#1117 = CARTESIAN_POINT('',(4.294734576718,-0.528222898704));
#1118 = CARTESIAN_POINT('',(4.347449273438,-0.494664175442));
#1119 = CARTESIAN_POINT('',(4.399406986916,-0.461106539188));
#1120 = CARTESIAN_POINT('',(4.450732133947,-0.427836389866));
#1121 = CARTESIAN_POINT('',(4.525437824204,-0.379767208249));
#1122 = CARTESIAN_POINT('',(4.549206785116,-0.364527150495));
#1123 = CARTESIAN_POINT('',(4.572875640992,-0.34944296355));
#1124 = CARTESIAN_POINT('',(4.596456195645,-0.334544320036));
#1125 = CARTESIAN_POINT('',(4.619959675813,-0.319860769156));
#1126 = CARTESIAN_POINT('',(4.643396695957,-0.305421437181));
#1127 = CARTESIAN_POINT('',(4.688122722855,-0.278321080711));
#1128 = CARTESIAN_POINT('',(4.709421121276,-0.265614694093));
#1129 = CARTESIAN_POINT('',(4.730679696264,-0.253157229886));
#1130 = CARTESIAN_POINT('',(4.751905275977,-0.240969995167));
#1131 = CARTESIAN_POINT('',(4.773104067741,-0.229073505315));
#1132 = CARTESIAN_POINT('',(4.79428148701,-0.217487047036));
#1133 = CARTESIAN_POINT('',(4.82787521551,-0.199612929103));
#1134 = CARTESIAN_POINT('',(4.840302615944,-0.193110724638));
#1135 = CARTESIAN_POINT('',(4.852725103959,-0.186725257497));
#1136 = CARTESIAN_POINT('',(4.865143503514,-0.180459939353));
#1137 = CARTESIAN_POINT('',(4.8775585462,-0.174317964045));
#1138 = CARTESIAN_POINT('',(4.889970871236,-0.168302307574));
#1139 = CARTESIAN_POINT('',(4.929786277017,-0.14941643834));
#1140 = CARTESIAN_POINT('',(4.95718226044,-0.137045939019));
#1141 = CARTESIAN_POINT('',(4.984572747876,-0.125334560517));
#1142 = CARTESIAN_POINT('',(5.011961668023,-0.114305468632));
#1143 = CARTESIAN_POINT('',(5.039351912506,-0.103974046133));
#1144 = CARTESIAN_POINT('',(5.066744142238,-9.434727431075E-02));
#1145 = CARTESIAN_POINT('',(5.125819330853,-7.510052420804E-02));
#1146 = CARTESIAN_POINT('',(5.157505268587,-6.571717917704E-02));
#1147 = CARTESIAN_POINT('',(5.189188888216,-5.727152635474E-02));
#1148 = CARTESIAN_POINT('',(5.220868352601,-4.974498235632E-02));
#1149 = CARTESIAN_POINT('',(5.252542607802,-4.310492360042E-02));
#1150 = CARTESIAN_POINT('',(5.284209484651,-3.730767642505E-02));
#1151 = CARTESIAN_POINT('',(5.362847911884,-2.487091177995E-02));
#1152 = CARTESIAN_POINT('',(5.409808122022,-1.91826785176E-02));
#1153 = CARTESIAN_POINT('',(5.456737983448,-1.506693528613E-02));
#1154 = CARTESIAN_POINT('',(5.503643802847,-1.231224075638E-02));
#1155 = CARTESIAN_POINT('',(5.550533286167,-1.06937300866E-02));
#1156 = CARTESIAN_POINT('',(5.597411690865,-9.991609535181E-03));
#1157 = CARTESIAN_POINT('',(5.644285485121,-1.E-02));
#1158 = ( GEOMETRIC_REPRESENTATION_CONTEXT(2) 
PARAMETRIC_REPRESENTATION_CONTEXT() REPRESENTATION_CONTEXT('2D SPACE',''
  ) );
#1159 = ORIENTED_EDGE('',*,*,#588,.T.);
#1160 = ADVANCED_FACE('',(#1161),#662,.T.);
#1161 = FACE_BOUND('',#1162,.F.);
#1162 = EDGE_LOOP('',(#1163,#1164,#1165,#1185,#1212,#1213));
#1163 = ORIENTED_EDGE('',*,*,#699,.T.);
#1164 = ORIENTED_EDGE('',*,*,#674,.T.);
#1165 = ORIENTED_EDGE('',*,*,#1166,.T.);
#1166 = EDGE_CURVE('',#646,#1167,#1169,.T.);
#1167 = VERTEX_POINT('',#1168);
#1168 = CARTESIAN_POINT('',(7.3,44.5,-11.91));
#1169 = SEAM_CURVE('',#1170,(#1173,#1179),.PCURVE_S1.);
#1170 = B_SPLINE_CURVE_WITH_KNOTS('',1,(#1171,#1172),.UNSPECIFIED.,.F.,
  .F.,(2,2),(0.,1.),.PIECEWISE_BEZIER_KNOTS.);
#1171 = CARTESIAN_POINT('',(8.5,44.5,-13.31));
#1172 = CARTESIAN_POINT('',(7.3,44.5,-11.91));
#1173 = PCURVE('',#662,#1174);
#1174 = DEFINITIONAL_REPRESENTATION('',(#1175),#1178);
#1175 = B_SPLINE_CURVE_WITH_KNOTS('',1,(#1176,#1177),.UNSPECIFIED.,.F.,
  .F.,(2,2),(0.,1.),.PIECEWISE_BEZIER_KNOTS.);
#1176 = CARTESIAN_POINT('',(0.,0.));
#1177 = CARTESIAN_POINT('',(0.,-1.4));
#1178 = ( GEOMETRIC_REPRESENTATION_CONTEXT(2) 
PARAMETRIC_REPRESENTATION_CONTEXT() REPRESENTATION_CONTEXT('2D SPACE',''
  ) );
#1179 = PCURVE('',#662,#1180);
#1180 = DEFINITIONAL_REPRESENTATION('',(#1181),#1184);
#1181 = B_SPLINE_CURVE_WITH_KNOTS('',1,(#1182,#1183),.UNSPECIFIED.,.F.,
  .F.,(2,2),(0.,1.),.PIECEWISE_BEZIER_KNOTS.);
#1182 = CARTESIAN_POINT('',(6.28318530718,0.));
#1183 = CARTESIAN_POINT('',(6.28318530718,-1.4));
#1184 = ( GEOMETRIC_REPRESENTATION_CONTEXT(2) 
PARAMETRIC_REPRESENTATION_CONTEXT() REPRESENTATION_CONTEXT('2D SPACE',''
  ) );
#1185 = ORIENTED_EDGE('',*,*,#1186,.F.);
#1186 = EDGE_CURVE('',#1167,#1167,#1187,.T.);
#1187 = SURFACE_CURVE('',#1188,(#1193,#1200),.PCURVE_S1.);
#1188 = CIRCLE('',#1189,1.3);
#1189 = AXIS2_PLACEMENT_3D('',#1190,#1191,#1192);
#1190 = CARTESIAN_POINT('',(6.,44.5,-11.91));
#1191 = DIRECTION('',(0.,0.,-1.));
#1192 = DIRECTION('',(1.,0.,0.));
#1193 = PCURVE('',#662,#1194);
#1194 = DEFINITIONAL_REPRESENTATION('',(#1195),#1199);
#1195 = LINE('',#1196,#1197);
#1196 = CARTESIAN_POINT('',(0.,-1.4));
#1197 = VECTOR('',#1198,1.);
#1198 = DIRECTION('',(1.,-0.));
#1199 = ( GEOMETRIC_REPRESENTATION_CONTEXT(2) 
PARAMETRIC_REPRESENTATION_CONTEXT() REPRESENTATION_CONTEXT('2D SPACE',''
  ) );
#1200 = PCURVE('',#1201,#1206);
#1201 = CYLINDRICAL_SURFACE('',#1202,1.3);
#1202 = AXIS2_PLACEMENT_3D('',#1203,#1204,#1205);
#1203 = CARTESIAN_POINT('',(6.,44.5,-14.3));
#1204 = DIRECTION('',(-0.,0.,-1.));
#1205 = DIRECTION('',(1.,-0.,-0.));
#1206 = DEFINITIONAL_REPRESENTATION('',(#1207),#1211);
#1207 = LINE('',#1208,#1209);
#1208 = CARTESIAN_POINT('',(0.,-2.39));
#1209 = VECTOR('',#1210,1.);
#1210 = DIRECTION('',(1.,0.));
#1211 = ( GEOMETRIC_REPRESENTATION_CONTEXT(2) 
PARAMETRIC_REPRESENTATION_CONTEXT() REPRESENTATION_CONTEXT('2D SPACE',''
  ) );
#1212 = ORIENTED_EDGE('',*,*,#1166,.F.);
#1213 = ORIENTED_EDGE('',*,*,#645,.T.);
#1214 = ADVANCED_FACE('',(#1215),#1201,.T.);
#1215 = FACE_BOUND('',#1216,.T.);
#1216 = EDGE_LOOP('',(#1217,#1218,#1241,#1272));
#1217 = ORIENTED_EDGE('',*,*,#1186,.F.);
#1218 = ORIENTED_EDGE('',*,*,#1219,.T.);
#1219 = EDGE_CURVE('',#1167,#1220,#1222,.T.);
#1220 = VERTEX_POINT('',#1221);
#1221 = CARTESIAN_POINT('',(7.3,44.5,-4.3));
#1222 = SEAM_CURVE('',#1223,(#1227,#1234),.PCURVE_S1.);
#1223 = LINE('',#1224,#1225);
#1224 = CARTESIAN_POINT('',(7.3,44.5,-14.3));
#1225 = VECTOR('',#1226,1.);
#1226 = DIRECTION('',(-0.,-0.,1.));
#1227 = PCURVE('',#1201,#1228);
#1228 = DEFINITIONAL_REPRESENTATION('',(#1229),#1233);
#1229 = LINE('',#1230,#1231);
#1230 = CARTESIAN_POINT('',(6.28318530718,0.));
#1231 = VECTOR('',#1232,1.);
#1232 = DIRECTION('',(0.,-1.));
#1233 = ( GEOMETRIC_REPRESENTATION_CONTEXT(2) 
PARAMETRIC_REPRESENTATION_CONTEXT() REPRESENTATION_CONTEXT('2D SPACE',''
  ) );
#1234 = PCURVE('',#1201,#1235);
#1235 = DEFINITIONAL_REPRESENTATION('',(#1236),#1240);
#1236 = LINE('',#1237,#1238);
#1237 = CARTESIAN_POINT('',(0.,0.));
#1238 = VECTOR('',#1239,1.);
#1239 = DIRECTION('',(0.,-1.));
#1240 = ( GEOMETRIC_REPRESENTATION_CONTEXT(2) 
PARAMETRIC_REPRESENTATION_CONTEXT() REPRESENTATION_CONTEXT('2D SPACE',''
  ) );
#1241 = ORIENTED_EDGE('',*,*,#1242,.T.);
#1242 = EDGE_CURVE('',#1220,#1220,#1243,.T.);
#1243 = SURFACE_CURVE('',#1244,(#1249,#1256),.PCURVE_S1.);
#1244 = CIRCLE('',#1245,1.3);
#1245 = AXIS2_PLACEMENT_3D('',#1246,#1247,#1248);
#1246 = CARTESIAN_POINT('',(6.,44.5,-4.3));
#1247 = DIRECTION('',(0.,0.,-1.));
#1248 = DIRECTION('',(1.,-0.,-0.));
#1249 = PCURVE('',#1201,#1250);
#1250 = DEFINITIONAL_REPRESENTATION('',(#1251),#1255);
#1251 = LINE('',#1252,#1253);
#1252 = CARTESIAN_POINT('',(0.,-10.));
#1253 = VECTOR('',#1254,1.);
#1254 = DIRECTION('',(1.,0.));
#1255 = ( GEOMETRIC_REPRESENTATION_CONTEXT(2) 
PARAMETRIC_REPRESENTATION_CONTEXT() REPRESENTATION_CONTEXT('2D SPACE',''
  ) );
#1256 = PCURVE('',#1257,#1262);
#1257 = PLANE('',#1258);
#1258 = AXIS2_PLACEMENT_3D('',#1259,#1260,#1261);
#1259 = CARTESIAN_POINT('',(6.,44.5,-4.3));
#1260 = DIRECTION('',(-0.,-0.,1.));
#1261 = DIRECTION('',(-1.,0.,0.));
#1262 = DEFINITIONAL_REPRESENTATION('',(#1263),#1271);
#1263 = ( BOUNDED_CURVE() B_SPLINE_CURVE(2,(#1264,#1265,#1266,#1267,
#1268,#1269,#1270),.UNSPECIFIED.,.T.,.F.) B_SPLINE_CURVE_WITH_KNOTS((1,2
    ,2,2,2,1),(-2.094395102393,0.,2.094395102393,4.188790204786,
6.28318530718,8.377580409573),.UNSPECIFIED.) CURVE() 
GEOMETRIC_REPRESENTATION_ITEM() RATIONAL_B_SPLINE_CURVE((1.,0.5,1.,0.5,
1.,0.5,1.)) REPRESENTATION_ITEM('') );
#1264 = CARTESIAN_POINT('',(-1.3,0.));
#1265 = CARTESIAN_POINT('',(-1.3,2.25166604984));
#1266 = CARTESIAN_POINT('',(0.65,1.12583302492));
#1267 = CARTESIAN_POINT('',(2.6,3.184081677783E-16));
#1268 = CARTESIAN_POINT('',(0.65,-1.12583302492));
#1269 = CARTESIAN_POINT('',(-1.3,-2.25166604984));
#1270 = CARTESIAN_POINT('',(-1.3,0.));
#1271 = ( GEOMETRIC_REPRESENTATION_CONTEXT(2) 
PARAMETRIC_REPRESENTATION_CONTEXT() REPRESENTATION_CONTEXT('2D SPACE',''
  ) );
#1272 = ORIENTED_EDGE('',*,*,#1219,.F.);
#1273 = ADVANCED_FACE('',(#1274),#1257,.T.);
#1274 = FACE_BOUND('',#1275,.F.);
#1275 = EDGE_LOOP('',(#1276));
#1276 = ORIENTED_EDGE('',*,*,#1242,.T.);
#1277 = ( GEOMETRIC_REPRESENTATION_CONTEXT(3) 
GLOBAL_UNCERTAINTY_ASSIGNED_CONTEXT((#1281)) 
GLOBAL_UNIT_ASSIGNED_CONTEXT((#1278,#1279,#1280)) REPRESENTATION_CONTEXT
('Context #1','3D Context with UNIT and UNCERTAINTY') );
#1278 = ( LENGTH_UNIT() NAMED_UNIT(*) SI_UNIT(.MILLI.,.METRE.) );
#1279 = ( NAMED_UNIT(*) PLANE_ANGLE_UNIT() SI_UNIT($,.RADIAN.) );
#1280 = ( NAMED_UNIT(*) SI_UNIT($,.STERADIAN.) SOLID_ANGLE_UNIT() );
#1281 = UNCERTAINTY_MEASURE_WITH_UNIT(LENGTH_MEASURE(2.E-06),#1278,
  'distance_accuracy_value','confusion accuracy');
#1282 = CONTEXT_DEPENDENT_SHAPE_REPRESENTATION(#1283,#1285);
#1283 = ( REPRESENTATION_RELATIONSHIP('','',#581,#10) 
REPRESENTATION_RELATIONSHIP_WITH_TRANSFORMATION(#1284) 
SHAPE_REPRESENTATION_RELATIONSHIP() );
#1284 = ITEM_DEFINED_TRANSFORMATION('','',#11,#23);
#1285 = PRODUCT_DEFINITION_SHAPE('Placement','Placement of an item',
  #1286);
#1286 = NEXT_ASSEMBLY_USAGE_OCCURRENCE('10','','',#5,#576,$);
#1287 = PRODUCT_RELATED_PRODUCT_CATEGORY('part',$,(#578));
#1288 = SHAPE_DEFINITION_REPRESENTATION(#1289,#1295);
#1289 = PRODUCT_DEFINITION_SHAPE('','',#1290);
#1290 = PRODUCT_DEFINITION('design','',#1291,#1294);
#1291 = PRODUCT_DEFINITION_FORMATION('','',#1292);
#1292 = PRODUCT('Open CASCADE STEP translator 7.9 4.4',
  'Open CASCADE STEP translator 7.9 4.4','',(#1293));
#1293 = PRODUCT_CONTEXT('',#2,'mechanical');
#1294 = PRODUCT_DEFINITION_CONTEXT('part definition',#2,'design');
#1295 = ADVANCED_BREP_SHAPE_REPRESENTATION('',(#11,#1296),#1991);
#1296 = MANIFOLD_SOLID_BREP('',#1297);
#1297 = CLOSED_SHELL('',(#1298,#1409,#1923,#1928,#1987));
#1298 = ADVANCED_FACE('',(#1299),#1314,.T.);
#1299 = FACE_BOUND('',#1300,.F.);
#1300 = EDGE_LOOP('',(#1301,#1337,#1387));
#1301 = ORIENTED_EDGE('',*,*,#1302,.F.);
#1302 = EDGE_CURVE('',#1303,#1305,#1307,.T.);
#1303 = VERTEX_POINT('',#1304);
#1304 = CARTESIAN_POINT('',(8.,87.98567032902,-13.3));
#1305 = VERTEX_POINT('',#1306);
#1306 = CARTESIAN_POINT('',(8.491428571429,86.5,-13.3));
#1307 = SURFACE_CURVE('',#1308,(#1313,#1325),.PCURVE_S1.);
#1308 = CIRCLE('',#1309,2.491428571429);
#1309 = AXIS2_PLACEMENT_3D('',#1310,#1311,#1312);
#1310 = CARTESIAN_POINT('',(6.,86.5,-13.3));
#1311 = DIRECTION('',(0.,0.,-1.));
#1312 = DIRECTION('',(1.,-0.,-0.));
#1313 = PCURVE('',#1314,#1319);
#1314 = PLANE('',#1315);
#1315 = AXIS2_PLACEMENT_3D('',#1316,#1317,#1318);
#1316 = CARTESIAN_POINT('',(78.4,-9.999999406318E-08,-13.3));
#1317 = DIRECTION('',(-0.,0.,-1.));
#1318 = DIRECTION('',(1.,0.,0.));
#1319 = DEFINITIONAL_REPRESENTATION('',(#1320),#1324);
#1320 = CIRCLE('',#1321,2.491428571429);
#1321 = AXIS2_PLACEMENT_2D('',#1322,#1323);
#1322 = CARTESIAN_POINT('',(-72.4,-86.5000001));
#1323 = DIRECTION('',(1.,-0.));
#1324 = ( GEOMETRIC_REPRESENTATION_CONTEXT(2) 
PARAMETRIC_REPRESENTATION_CONTEXT() REPRESENTATION_CONTEXT('2D SPACE',''
  ) );
#1325 = PCURVE('',#1326,#1331);
#1326 = CONICAL_SURFACE('',#1327,2.5,0.708626272128);
#1327 = AXIS2_PLACEMENT_3D('',#1328,#1329,#1330);
#1328 = CARTESIAN_POINT('',(6.,86.5,-13.31));
#1329 = DIRECTION('',(0.,0.,-1.));
#1330 = DIRECTION('',(1.,-0.,-0.));
#1331 = DEFINITIONAL_REPRESENTATION('',(#1332),#1336);
#1332 = LINE('',#1333,#1334);
#1333 = CARTESIAN_POINT('',(0.,-1.E-02));
#1334 = VECTOR('',#1335,1.);
#1335 = DIRECTION('',(1.,-0.));
#1336 = ( GEOMETRIC_REPRESENTATION_CONTEXT(2) 
PARAMETRIC_REPRESENTATION_CONTEXT() REPRESENTATION_CONTEXT('2D SPACE',''
  ) );
#1337 = ORIENTED_EDGE('',*,*,#1338,.F.);
#1338 = EDGE_CURVE('',#1339,#1303,#1341,.T.);
#1339 = VERTEX_POINT('',#1340);
#1340 = CARTESIAN_POINT('',(8.,85.01432967098,-13.3));
#1341 = SURFACE_CURVE('',#1342,(#1346,#1353),.PCURVE_S1.);
#1342 = LINE('',#1343,#1344);
#1343 = CARTESIAN_POINT('',(8.,-9.999999406318E-08,-13.3));
#1344 = VECTOR('',#1345,1.);
#1345 = DIRECTION('',(-0.,1.,-0.));
#1346 = PCURVE('',#1314,#1347);
#1347 = DEFINITIONAL_REPRESENTATION('',(#1348),#1352);
#1348 = LINE('',#1349,#1350);
#1349 = CARTESIAN_POINT('',(-70.4,0.));
#1350 = VECTOR('',#1351,1.);
#1351 = DIRECTION('',(-0.,-1.));
#1352 = ( GEOMETRIC_REPRESENTATION_CONTEXT(2) 
PARAMETRIC_REPRESENTATION_CONTEXT() REPRESENTATION_CONTEXT('2D SPACE',''
  ) );
#1353 = PCURVE('',#1354,#1381);
#1354 = SURFACE_OF_LINEAR_EXTRUSION('',#1355,#1379);
#1355 = B_SPLINE_CURVE_WITH_KNOTS('',3,(#1356,#1357,#1358,#1359,#1360,
    #1361,#1362,#1363,#1364,#1365,#1366,#1367,#1368,#1369,#1370,#1371,
    #1372,#1373,#1374,#1375,#1376,#1377,#1378),.UNSPECIFIED.,.F.,.F.,(4,
    1,1,1,1,1,1,1,1,1,1,1,1,1,1,1,1,1,1,1,4),(0.,0.628157052145,
    1.25631410429,1.884471156435,2.51262820858,3.140785260725,
    3.768942312871,4.397099365016,5.025256417161,5.653413469306,
    6.281570521451,6.909727573596,7.537884625741,8.166041677886,
    8.794198730031,9.422355782176,10.050512834322,10.678669886467,
    11.306826938612,11.934983990757,12.563141042902),.UNSPECIFIED.);
#1356 = CARTESIAN_POINT('',(8.,-9.999999406318E-08,-13.3));
#1357 = CARTESIAN_POINT('',(7.790558104244,-9.999999406318E-08,
    -13.30002523672));
#1358 = CARTESIAN_POINT('',(7.371682729885,-9.999999406318E-08,
    -13.28353048953));
#1359 = CARTESIAN_POINT('',(6.747236694099,-9.999999406318E-08,
    -13.20963745071));
#1360 = CARTESIAN_POINT('',(6.130516171789,-9.999999406318E-08,
    -13.08696005616));
#1361 = CARTESIAN_POINT('',(5.525321153661,-9.999999406318E-08,
    -12.91627850372));
#1362 = CARTESIAN_POINT('',(4.935383483568,-9.999999406318E-08,
    -12.6986387111));
#1363 = CARTESIAN_POINT('',(4.364340158544,-9.999999406318E-08,
    -12.4353842124));
#1364 = CARTESIAN_POINT('',(3.81571189476,-9.999999406318E-08,
    -12.12813760031));
#1365 = CARTESIAN_POINT('',(3.292881156051,-9.999999406318E-08,
    -11.77879327532));
#1366 = CARTESIAN_POINT('',(2.799071370997,-9.999999406318E-08,
    -11.38950502839));
#1367 = CARTESIAN_POINT('',(2.337327040112,-9.999999406318E-08,
    -10.96267295988));
#1368 = CARTESIAN_POINT('',(1.910494971602,-9.999999406318E-08,
    -10.500928629));
#1369 = CARTESIAN_POINT('',(1.52120672468,-9.999999406318E-08,
    -10.00711884394));
#1370 = CARTESIAN_POINT('',(1.171862399682,-9.999999406318E-08,
    -9.48428810524));
#1371 = CARTESIAN_POINT('',(0.864615787595,-9.999999406318E-08,
    -8.935659841456));
#1372 = CARTESIAN_POINT('',(0.601361288897,-9.999999406318E-08,
    -8.364616516432));
#1373 = CARTESIAN_POINT('',(0.383721496274,-9.999999406318E-08,
    -7.774678846339));
#1374 = CARTESIAN_POINT('',(0.213039943839,-9.999999406318E-08,
    -7.169483828211));
#1375 = CARTESIAN_POINT('',(9.036254928322E-02,-9.999999406318E-08,
    -6.552763305901));
#1376 = CARTESIAN_POINT('',(1.646951046198E-02,-9.999999406318E-08,
    -5.928317270115));
#1377 = CARTESIAN_POINT('',(-2.523672685228E-05,-9.999999406318E-08,
    -5.509441895756));
#1378 = CARTESIAN_POINT('',(0.,-9.999999406318E-08,-5.3));
#1379 = VECTOR('',#1380,1.);
#1380 = DIRECTION('',(-0.,-1.,-0.));
#1381 = DEFINITIONAL_REPRESENTATION('',(#1382),#1386);
#1382 = LINE('',#1383,#1384);
#1383 = CARTESIAN_POINT('',(0.,0.));
#1384 = VECTOR('',#1385,1.);
#1385 = DIRECTION('',(0.,-1.));
#1386 = ( GEOMETRIC_REPRESENTATION_CONTEXT(2) 
PARAMETRIC_REPRESENTATION_CONTEXT() REPRESENTATION_CONTEXT('2D SPACE',''
  ) );
#1387 = ORIENTED_EDGE('',*,*,#1388,.F.);
#1388 = EDGE_CURVE('',#1305,#1339,#1389,.T.);
#1389 = SURFACE_CURVE('',#1390,(#1395,#1402),.PCURVE_S1.);
#1390 = CIRCLE('',#1391,2.491428571429);
#1391 = AXIS2_PLACEMENT_3D('',#1392,#1393,#1394);
#1392 = CARTESIAN_POINT('',(6.,86.5,-13.3));
#1393 = DIRECTION('',(0.,0.,-1.));
#1394 = DIRECTION('',(1.,-0.,-0.));
#1395 = PCURVE('',#1314,#1396);
#1396 = DEFINITIONAL_REPRESENTATION('',(#1397),#1401);
#1397 = CIRCLE('',#1398,2.491428571429);
#1398 = AXIS2_PLACEMENT_2D('',#1399,#1400);
#1399 = CARTESIAN_POINT('',(-72.4,-86.5000001));
#1400 = DIRECTION('',(1.,-0.));
#1401 = ( GEOMETRIC_REPRESENTATION_CONTEXT(2) 
PARAMETRIC_REPRESENTATION_CONTEXT() REPRESENTATION_CONTEXT('2D SPACE',''
  ) );
#1402 = PCURVE('',#1326,#1403);
#1403 = DEFINITIONAL_REPRESENTATION('',(#1404),#1408);
#1404 = LINE('',#1405,#1406);
#1405 = CARTESIAN_POINT('',(0.,-1.E-02));
#1406 = VECTOR('',#1407,1.);
#1407 = DIRECTION('',(1.,-0.));
#1408 = ( GEOMETRIC_REPRESENTATION_CONTEXT(2) 
PARAMETRIC_REPRESENTATION_CONTEXT() REPRESENTATION_CONTEXT('2D SPACE',''
  ) );
#1409 = ADVANCED_FACE('',(#1410),#1326,.T.);
#1410 = FACE_BOUND('',#1411,.F.);
#1411 = EDGE_LOOP('',(#1412,#1873,#1874,#1894,#1921,#1922));
#1412 = ORIENTED_EDGE('',*,*,#1413,.T.);
#1413 = EDGE_CURVE('',#1339,#1303,#1414,.T.);
#1414 = SURFACE_CURVE('',#1415,(#1532,#1652),.PCURVE_S1.);
#1415 = B_SPLINE_CURVE_WITH_KNOTS('',7,(#1416,#1417,#1418,#1419,#1420,
    #1421,#1422,#1423,#1424,#1425,#1426,#1427,#1428,#1429,#1430,#1431,
    #1432,#1433,#1434,#1435,#1436,#1437,#1438,#1439,#1440,#1441,#1442,
    #1443,#1444,#1445,#1446,#1447,#1448,#1449,#1450,#1451,#1452,#1453,
    #1454,#1455,#1456,#1457,#1458,#1459,#1460,#1461,#1462,#1463,#1464,
    #1465,#1466,#1467,#1468,#1469,#1470,#1471,#1472,#1473,#1474,#1475,
    #1476,#1477,#1478,#1479,#1480,#1481,#1482,#1483,#1484,#1485,#1486,
    #1487,#1488,#1489,#1490,#1491,#1492,#1493,#1494,#1495,#1496,#1497,
    #1498,#1499,#1500,#1501,#1502,#1503,#1504,#1505,#1506,#1507,#1508,
    #1509,#1510,#1511,#1512,#1513,#1514,#1515,#1516,#1517,#1518,#1519,
    #1520,#1521,#1522,#1523,#1524,#1525,#1526,#1527,#1528,#1529,#1530,
    #1531),.UNSPECIFIED.,.F.,.F.,(8,6,6,6,6,6,6,6,6,6,6,6,6,6,6,6,6,6,6,
    8),(0.,4.911653080878E-02,7.393183721615E-02,0.122058963112,
    0.164684465606,0.184402392077,0.217187118421,0.253057953586,
    0.329170729264,0.388606546968,0.497883054974,0.612542365108,
    0.670551613532,0.74704267816,0.782984449476,0.815797870201,
    0.83507798142,0.877654108001,0.926901983664,1.),.UNSPECIFIED.);
#1416 = CARTESIAN_POINT('',(8.,85.01432967098,-13.3));
#1417 = CARTESIAN_POINT('',(7.953209406943,84.951332366413,
    -13.30000563803));
#1418 = CARTESIAN_POINT('',(7.903882564298,84.890217837973,
    -13.29969038163));
#1419 = CARTESIAN_POINT('',(7.852069710181,84.831143047921,
    -13.29899212752));
#1420 = CARTESIAN_POINT('',(7.797833847175,84.774271684422,
    -13.29784526465));
#1421 = CARTESIAN_POINT('',(7.74125391422,84.719770926751,
    -13.29618282289));
#1422 = CARTESIAN_POINT('',(7.682427958498,84.667808210505,
    -13.29393862171));
#1423 = CARTESIAN_POINT('',(7.590681504126,84.59366009101,
    -13.28958969749));
#1424 = CARTESIAN_POINT('',(7.559344219506,84.569461983143,
    -13.28796540676));
#1425 = CARTESIAN_POINT('',(7.527480057549,84.545975155992,
    -13.28616830517));
#1426 = CARTESIAN_POINT('',(7.495106119027,84.523220488633,
    -13.2841905363));
#1427 = CARTESIAN_POINT('',(7.462241001406,84.501218252441,
    -13.28202462889));
#1428 = CARTESIAN_POINT('',(7.428904798839,84.47998811109,
    -13.27966349682));
#1429 = CARTESIAN_POINT('',(7.329594685483,84.419909478197,
    -13.27212961186));
#1430 = CARTESIAN_POINT('',(7.262375263254,84.38324264681,
    -13.26639917892));
#1431 = CARTESIAN_POINT('',(7.193624978007,84.349690410403,
    -13.25986136736));
#1432 = CARTESIAN_POINT('',(7.123523273874,84.319376112526,
    -13.25247591242));
#1433 = CARTESIAN_POINT('',(7.052265042493,84.292401474576,
    -13.24421270798));
#1434 = CARTESIAN_POINT('',(6.980060768915,84.268843414101,
    -13.23505445701));
#1435 = CARTESIAN_POINT('',(6.842548859671,84.230955179989,
    -13.21609363371));
#1436 = CARTESIAN_POINT('',(6.77739073992,84.215876246682,
    -13.20648381159));
#1437 = CARTESIAN_POINT('',(6.711818960843,84.203548865333,
    -13.19616758083));
#1438 = CARTESIAN_POINT('',(6.645987675642,84.19398638198,
    -13.18515171243));
#1439 = CARTESIAN_POINT('',(6.580047970638,84.187182893947,
    -13.17345142484));
#1440 = CARTESIAN_POINT('',(6.514147287772,84.18311545723,
    -13.16108978543));
#1441 = CARTESIAN_POINT('',(6.418028469297,84.18111293919,
    -13.14208689374));
#1442 = CARTESIAN_POINT('',(6.387666428709,84.181056977445,
    -13.13594150493));
#1443 = CARTESIAN_POINT('',(6.357356446885,84.181574583831,
    -13.12966387791));
#1444 = CARTESIAN_POINT('',(6.32711176689,84.182661373161,
    -13.12325718598));
#1445 = CARTESIAN_POINT('',(6.296945153316,84.18431239988,
    -13.11672484355));
#1446 = CARTESIAN_POINT('',(6.266868892287,84.186522158065,
    -13.1100705061));
#1447 = CARTESIAN_POINT('',(6.187057264439,84.19387762492,
    -13.09203763379));
#1448 = CARTESIAN_POINT('',(6.137501954261,84.199998628853,
    -13.08045066621));
#1449 = CARTESIAN_POINT('',(6.088283036203,84.207620196187,
    -13.06855477916));
#1450 = CARTESIAN_POINT('',(6.03944998721,84.216711407321,
    -13.05636923746));
#1451 = CARTESIAN_POINT('',(5.991047886988,84.227238831397,
    -13.04391452317));
#1452 = CARTESIAN_POINT('',(5.943117719099,84.239167537597,
    -13.03121189975));
#1453 = CARTESIAN_POINT('',(5.843811762491,84.267008126528,
    -13.00413702051));
#1454 = CARTESIAN_POINT('',(5.792536382107,84.283189213214,
    -12.98972019346));
#1455 = CARTESIAN_POINT('',(5.741918493043,84.300958957564,
    -12.9750607412));
#1456 = CARTESIAN_POINT('',(5.692000749853,84.320270107245,
    -12.96018762209));
#1457 = CARTESIAN_POINT('',(5.642820955464,84.341075428457,
    -12.94513021085));
#1458 = CARTESIAN_POINT('',(5.594412517128,84.36332856786,
    -12.92991800278));
#1459 = CARTESIAN_POINT('',(5.445788361037,84.437180294593,
    -12.88203594679));
#1460 = CARTESIAN_POINT('',(5.34839370879,84.493685186157,
    -12.84893151027));
#1461 = CARTESIAN_POINT('',(5.254875848242,84.556079948663,
    -12.81554283477));
#1462 = CARTESIAN_POINT('',(5.165451887385,84.623968921062,
    -12.78215207257));
#1463 = CARTESIAN_POINT('',(5.080309741881,84.696987239228,
    -12.7490438788));
#1464 = CARTESIAN_POINT('',(4.999616737352,84.774807653407,
    -12.71650158856));
#1465 = CARTESIAN_POINT('',(4.864111330597,84.921445709443,
    -12.66005054395));
#1466 = CARTESIAN_POINT('',(4.807509989441,84.988491518577,
    -12.63581590033));
#1467 = CARTESIAN_POINT('',(4.753801348426,85.05814432921,
    -12.61223406959));
#1468 = CARTESIAN_POINT('',(4.70307015588,85.130265381513,
    -12.58944379107));
#1469 = CARTESIAN_POINT('',(4.65540670845,85.204715147964,
    -12.56758562819));
#1470 = CARTESIAN_POINT('',(4.610904811318,85.281350881623,
    -12.54679965984));
#1471 = CARTESIAN_POINT('',(4.493828064595,85.504669968034,
    -12.4912305606));
#1472 = CARTESIAN_POINT('',(4.428966960729,85.656277164629,
    -12.45930777193));
#1473 = CARTESIAN_POINT('',(4.375760630698,85.813799742725,
    -12.43234824109));
#1474 = CARTESIAN_POINT('',(4.33486118809,85.976071168748,
    -12.41119039077));
#1475 = CARTESIAN_POINT('',(4.306814126893,86.141778003725,
    -12.39652796173));
#1476 = CARTESIAN_POINT('',(4.292010188783,86.30941050102,
    -12.38878070189));
#1477 = CARTESIAN_POINT('',(4.288839831322,86.653173634898,
    -12.38712146016));
#1478 = CARTESIAN_POINT('',(4.301810483398,86.829438634285,
    -12.39390919998));
#1479 = CARTESIAN_POINT('',(4.329426464404,87.003827736723,
    -12.40837930706));
#1480 = CARTESIAN_POINT('',(4.371256341433,87.174574885986,
    -12.43008183744));
#1481 = CARTESIAN_POINT('',(4.426677337778,87.34015085406,-12.4582221054
    ));
#1482 = CARTESIAN_POINT('',(4.494931595753,87.499202718606,
    -12.49182739311));
#1483 = CARTESIAN_POINT('',(4.615845049749,87.727082075216,
    -12.54910357651));
#1484 = CARTESIAN_POINT('',(4.659560515473,87.801684967207,
    -12.56948551201));
#1485 = CARTESIAN_POINT('',(4.70628128363,87.874195619647,
    -12.59087920261));
#1486 = CARTESIAN_POINT('',(4.755920377474,87.944481554084,
    -12.61315441879));
#1487 = CARTESIAN_POINT('',(4.80839404602,88.012413071798,
    -12.63618056077));
#1488 = CARTESIAN_POINT('',(4.863623550794,88.077861094941,
    -12.65982868448));
#1489 = CARTESIAN_POINT('',(4.997901633698,88.223547880435,
    -12.71581094678));
#1490 = CARTESIAN_POINT('',(5.078920030149,88.301841746956,
    -12.74850626435));
#1491 = CARTESIAN_POINT('',(5.164434536084,88.375290018701,
    -12.78177710129));
#1492 = CARTESIAN_POINT('',(5.254275433944,88.443560810292,
    -12.81533582455));
#1493 = CARTESIAN_POINT('',(5.348252099953,88.506283896127,
    -12.84889346081));
#1494 = CARTESIAN_POINT('',(5.446144209623,88.563057667009,
    -12.88216361013));
#1495 = CARTESIAN_POINT('',(5.595408861181,88.637137395003,
    -12.93023279175));
#1496 = CARTESIAN_POINT('',(5.643928420038,88.65940926273,-12.9454728495
    ));
#1497 = CARTESIAN_POINT('',(5.693221936691,88.680226795372,
    -12.96055703645));
#1498 = CARTESIAN_POINT('',(5.743255750372,88.699543344982,
    -12.97545567996));
#1499 = CARTESIAN_POINT('',(5.793991762013,88.717311382949,
    -12.99013923084));
#1500 = CARTESIAN_POINT('',(5.845386973577,88.733483372699,
    -13.00457856281));
#1501 = CARTESIAN_POINT('',(5.944872504924,88.761277293026,
    -13.03167891928));
#1502 = CARTESIAN_POINT('',(5.992861080344,88.773172706971,
    -13.0443853059));
#1503 = CARTESIAN_POINT('',(6.041321378757,88.783663378959,
    -13.05684277011));
#1504 = CARTESIAN_POINT('',(6.09021221524,88.792714309084,
    -13.06903000483));
#1505 = CARTESIAN_POINT('',(6.139488292247,88.800292019167,
    -13.08092649468));
#1506 = CARTESIAN_POINT('',(6.189099897031,88.806365569118,
    -13.09251295296));
#1507 = CARTESIAN_POINT('',(6.268307946946,88.813576308943,
    -13.11038707089));
#1508 = CARTESIAN_POINT('',(6.297720391674,88.815716331369,
    -13.11688927536));
#1509 = CARTESIAN_POINT('',(6.327218897172,88.817321990841,
    -13.1232747425));
#1510 = CARTESIAN_POINT('',(6.356791978393,88.818388149104,
    -13.12954006064));
#1511 = CARTESIAN_POINT('',(6.386427701316,88.818910179386,
    -13.13568203595));
#1512 = CARTESIAN_POINT('',(6.416113682944,88.818883966391,
    -13.14169769242));
#1513 = CARTESIAN_POINT('',(6.511475073493,88.817029380498,
    -13.16058356166));
#1514 = CARTESIAN_POINT('',(6.577298749828,88.813061749029,
    -13.17295406098));
#1515 = CARTESIAN_POINT('',(6.64316562714,88.806365044729,
    -13.18466543948));
#1516 = CARTESIAN_POINT('',(6.708928923397,88.7969159989,-13.19569453136
    ));
#1517 = CARTESIAN_POINT('',(6.774438147707,88.784708265056,
    -13.20602595386));
#1518 = CARTESIAN_POINT('',(6.839539680331,88.769754642659,
    -13.21565272568));
#1519 = CARTESIAN_POINT('',(6.97872818449,88.73165577094,-13.23489947579
    ));
#1520 = CARTESIAN_POINT('',(7.052632358055,88.707591711101,
    -13.24428282082));
#1521 = CARTESIAN_POINT('',(7.12554695275,88.679948862672,
    -13.25272847364));
#1522 = CARTESIAN_POINT('',(7.197246405149,88.648809709156,
    -13.26025501764));
#1523 = CARTESIAN_POINT('',(7.267522327019,88.61428388174,
    -13.26689507639));
#1524 = CARTESIAN_POINT('',(7.336183323301,88.576504564804,
    -13.27269232357));
#1525 = CARTESIAN_POINT('',(7.502311335748,88.474947719696,
    -13.28512908822));
#1526 = CARTESIAN_POINT('',(7.597633164849,88.407435398869,
    -13.29081732148));
#1527 = CARTESIAN_POINT('',(7.688468960887,88.333575927367,
    -13.29493306471));
#1528 = CARTESIAN_POINT('',(7.774399924287,88.253914401293,
    -13.29768775924));
#1529 = CARTESIAN_POINT('',(7.855110619815,88.169012663854,
    -13.29930626991));
#1530 = CARTESIAN_POINT('',(7.930366767921,88.079422206109,
    -13.30000839046));
#1531 = CARTESIAN_POINT('',(8.,87.98567032902,-13.3));
#1532 = PCURVE('',#1326,#1533);
#1533 = DEFINITIONAL_REPRESENTATION('',(#1534),#1651);
#1534 = B_SPLINE_CURVE_WITH_KNOTS('',7,(#1535,#1536,#1537,#1538,#1539,
    #1540,#1541,#1542,#1543,#1544,#1545,#1546,#1547,#1548,#1549,#1550,
    #1551,#1552,#1553,#1554,#1555,#1556,#1557,#1558,#1559,#1560,#1561,
    #1562,#1563,#1564,#1565,#1566,#1567,#1568,#1569,#1570,#1571,#1572,
    #1573,#1574,#1575,#1576,#1577,#1578,#1579,#1580,#1581,#1582,#1583,
    #1584,#1585,#1586,#1587,#1588,#1589,#1590,#1591,#1592,#1593,#1594,
    #1595,#1596,#1597,#1598,#1599,#1600,#1601,#1602,#1603,#1604,#1605,
    #1606,#1607,#1608,#1609,#1610,#1611,#1612,#1613,#1614,#1615,#1616,
    #1617,#1618,#1619,#1620,#1621,#1622,#1623,#1624,#1625,#1626,#1627,
    #1628,#1629,#1630,#1631,#1632,#1633,#1634,#1635,#1636,#1637,#1638,
    #1639,#1640,#1641,#1642,#1643,#1644,#1645,#1646,#1647,#1648,#1649,
    #1650),.UNSPECIFIED.,.F.,.F.,(8,6,6,6,6,6,6,6,6,6,6,6,6,6,6,6,6,6,6,
    8),(0.,4.911653080878E-02,7.393183721615E-02,0.122058963112,
    0.164684465606,0.184402392077,0.217187118421,0.253057953586,
    0.329170729264,0.388606546968,0.497883054974,0.612542365108,
    0.670551613532,0.74704267816,0.782984449476,0.815797870201,
    0.83507798142,0.877654108001,0.926901983664,1.),.UNSPECIFIED.);
#1535 = CARTESIAN_POINT('',(0.638899822059,-1.E-02));
#1536 = CARTESIAN_POINT('',(0.670397033471,-9.994361961767E-03));
#1537 = CARTESIAN_POINT('',(0.701894560196,-1.030961836116E-02));
#1538 = CARTESIAN_POINT('',(0.733395224761,-1.100787247128E-02));
#1539 = CARTESIAN_POINT('',(0.764901826509,-1.21547353432E-02));
#1540 = CARTESIAN_POINT('',(0.796416861789,-1.381717710906E-02));
#1541 = CARTESIAN_POINT('',(0.827942244138,-1.606137828513E-02));
#1542 = CARTESIAN_POINT('',(0.875412455724,-2.041030250312E-02));
#1543 = CARTESIAN_POINT('',(0.891348732395,-2.203459323362E-02));
#1544 = CARTESIAN_POINT('',(0.907287919424,-2.383169482601E-02));
#1545 = CARTESIAN_POINT('',(0.923230021089,-2.580946369367E-02));
#1546 = CARTESIAN_POINT('',(0.939174981008,-2.797537110373E-02));
#1547 = CARTESIAN_POINT('',(0.955122682137,-3.033650317712E-02));
#1548 = CARTESIAN_POINT('',(1.002007096103,-3.787038813236E-02));
#1549 = CARTESIAN_POINT('',(1.032952975741,-4.360082107365E-02));
#1550 = CARTESIAN_POINT('',(1.063905836052,-5.013863263682E-02));
#1551 = CARTESIAN_POINT('',(1.094863629925,-5.752408757545E-02));
#1552 = CARTESIAN_POINT('',(1.125825315007,-6.578729201362E-02));
#1553 = CARTESIAN_POINT('',(1.156789155941,-7.49455429874E-02));
#1554 = CARTESIAN_POINT('',(1.215173509674,-9.390636628549E-02));
#1555 = CARTESIAN_POINT('',(1.242596810202,-0.103516188403));
#1556 = CARTESIAN_POINT('',(1.270018113667,-0.11383241917));
#1557 = CARTESIAN_POINT('',(1.29743804717,-0.124848287563));
#1558 = CARTESIAN_POINT('',(1.324859474817,-0.136548575154));
#1559 = CARTESIAN_POINT('',(1.352286293089,-0.148910214561));
#1560 = CARTESIAN_POINT('',(1.392413682762,-0.167913106255));
#1561 = CARTESIAN_POINT('',(1.405107362445,-0.174058495063));
#1562 = CARTESIAN_POINT('',(1.417803856189,-0.180336122089));
#1563 = CARTESIAN_POINT('',(1.430503850809,-0.186742814018));
#1564 = CARTESIAN_POINT('',(1.443208129029,-0.193275156448));
#1565 = CARTESIAN_POINT('',(1.455917569473,-0.199929493893));
#1566 = CARTESIAN_POINT('',(1.489775162768,-0.217962366208));
#1567 = CARTESIAN_POINT('',(1.510934202843,-0.229549333786));
#1568 = CARTESIAN_POINT('',(1.532114729817,-0.241445220831));
#1569 = CARTESIAN_POINT('',(1.55332216245,-0.253630762533));
#1570 = CARTESIAN_POINT('',(1.574562706371,-0.266085476826));
#1571 = CARTESIAN_POINT('',(1.595843185111,-0.278788100248));
#1572 = CARTESIAN_POINT('',(1.640506185927,-0.305862979488));
#1573 = CARTESIAN_POINT('',(1.663897995098,-0.320279806539));
#1574 = CARTESIAN_POINT('',(1.687356221474,-0.334939258798));
#1575 = CARTESIAN_POINT('',(1.710891427717,-0.349812377909));
#1576 = CARTESIAN_POINT('',(1.734514781954,-0.364869789142));
#1577 = CARTESIAN_POINT('',(1.758238023396,-0.380081997215));
#1578 = CARTESIAN_POINT('',(1.832648743327,-0.427964053201));
#1579 = CARTESIAN_POINT('',(1.883720804263,-0.461068489721));
#1580 = CARTESIAN_POINT('',(1.935419267292,-0.494457165221));
#1581 = CARTESIAN_POINT('',(1.987866686401,-0.527847927427));
#1582 = CARTESIAN_POINT('',(2.041179872302,-0.560956121192));
#1583 = CARTESIAN_POINT('',(2.095471251696,-0.593498411432));
#1584 = CARTESIAN_POINT('',(2.194095195921,-0.649949456045));
#1585 = CARTESIAN_POINT('',(2.237997831414,-0.674184099667));
#1586 = CARTESIAN_POINT('',(2.282606772341,-0.697765930402));
#1587 = CARTESIAN_POINT('',(2.327960411423,-0.720556208928));
#1588 = CARTESIAN_POINT('',(2.37408528532,-0.742414371806));
#1589 = CARTESIAN_POINT('',(2.420994465174,-0.76320034016));
#1590 = CARTESIAN_POINT('',(2.556369751516,-0.818769439394));
#1591 = CARTESIAN_POINT('',(2.646742684516,-0.850692228062));
#1592 = CARTESIAN_POINT('',(2.739712605422,-0.87765175891));
#1593 = CARTESIAN_POINT('',(2.834992970058,-0.898809609229));
#1594 = CARTESIAN_POINT('',(2.932050537614,-0.913472038263));
#1595 = CARTESIAN_POINT('',(3.030112830866,-0.921219298108));
#1596 = CARTESIAN_POINT('',(3.231187249039,-0.922878539837));
#1597 = CARTESIAN_POINT('',(3.334276423919,-0.916090800014));
#1598 = CARTESIAN_POINT('',(3.436385097184,-0.90162069294));
#1599 = CARTESIAN_POINT('',(3.536592848469,-0.879918162552));
#1600 = CARTESIAN_POINT('',(3.634263832967,-0.851777894598));
#1601 = CARTESIAN_POINT('',(3.729065183639,-0.818172606885));
#1602 = CARTESIAN_POINT('',(3.867357747341,-0.760896423487));
#1603 = CARTESIAN_POINT('',(3.913072595198,-0.740514487985));
#1604 = CARTESIAN_POINT('',(3.958041235032,-0.719120797386));
#1605 = CARTESIAN_POINT('',(4.002276535741,-0.696845581203));
#1606 = CARTESIAN_POINT('',(4.045803491884,-0.673819439226));
#1607 = CARTESIAN_POINT('',(4.08865780942,-0.650171315513));
#1608 = CARTESIAN_POINT('',(4.186564645076,-0.594189053219));
#1609 = CARTESIAN_POINT('',(4.241144373291,-0.561493735644));
#1610 = CARTESIAN_POINT('',(4.294734576718,-0.528222898705));
#1611 = CARTESIAN_POINT('',(4.347449273437,-0.494664175442));
#1612 = CARTESIAN_POINT('',(4.399406986916,-0.461106539189));
#1613 = CARTESIAN_POINT('',(4.450732133946,-0.427836389866));
#1614 = CARTESIAN_POINT('',(4.525437824204,-0.379767208249));
#1615 = CARTESIAN_POINT('',(4.549206785115,-0.364527150495));
#1616 = CARTESIAN_POINT('',(4.572875640992,-0.34944296355));
#1617 = CARTESIAN_POINT('',(4.596456195645,-0.334544320036));
#1618 = CARTESIAN_POINT('',(4.619959675813,-0.319860769156));
#1619 = CARTESIAN_POINT('',(4.643396695956,-0.305421437182));
#1620 = CARTESIAN_POINT('',(4.688122722855,-0.278321080711));
#1621 = CARTESIAN_POINT('',(4.709421121275,-0.265614694094));
#1622 = CARTESIAN_POINT('',(4.730679696263,-0.253157229886));
#1623 = CARTESIAN_POINT('',(4.751905275977,-0.240969995167));
#1624 = CARTESIAN_POINT('',(4.773104067741,-0.229073505316));
#1625 = CARTESIAN_POINT('',(4.79428148701,-0.217487047037));
#1626 = CARTESIAN_POINT('',(4.827875215509,-0.199612929103));
#1627 = CARTESIAN_POINT('',(4.840302615943,-0.193110724638));
#1628 = CARTESIAN_POINT('',(4.852725103958,-0.186725257497));
#1629 = CARTESIAN_POINT('',(4.865143503513,-0.180459939354));
#1630 = CARTESIAN_POINT('',(4.877558546199,-0.174317964045));
#1631 = CARTESIAN_POINT('',(4.889970871235,-0.168302307574));
#1632 = CARTESIAN_POINT('',(4.929786277015,-0.14941643834));
#1633 = CARTESIAN_POINT('',(4.957182260439,-0.137045939019));
#1634 = CARTESIAN_POINT('',(4.984572747875,-0.125334560517));
#1635 = CARTESIAN_POINT('',(5.011961668022,-0.114305468632));
#1636 = CARTESIAN_POINT('',(5.039351912504,-0.103974046134));
#1637 = CARTESIAN_POINT('',(5.066744142237,-9.434727431123E-02));
#1638 = CARTESIAN_POINT('',(5.125819330852,-7.510052420847E-02));
#1639 = CARTESIAN_POINT('',(5.157505268586,-6.571717917744E-02));
#1640 = CARTESIAN_POINT('',(5.189188888215,-5.727152635511E-02));
#1641 = CARTESIAN_POINT('',(5.2208683526,-4.974498235665E-02));
#1642 = CARTESIAN_POINT('',(5.2525426078,-4.310492360072E-02));
#1643 = CARTESIAN_POINT('',(5.284209484649,-3.730767642533E-02));
#1644 = CARTESIAN_POINT('',(5.362847911882,-2.487091178012E-02));
#1645 = CARTESIAN_POINT('',(5.409808122021,-1.918267851769E-02));
#1646 = CARTESIAN_POINT('',(5.456737983447,-1.506693528619E-02));
#1647 = CARTESIAN_POINT('',(5.503643802846,-1.231224075641E-02));
#1648 = CARTESIAN_POINT('',(5.550533286167,-1.06937300866E-02));
#1649 = CARTESIAN_POINT('',(5.597411690865,-9.991609535183E-03));
#1650 = CARTESIAN_POINT('',(5.644285485121,-1.E-02));
#1651 = ( GEOMETRIC_REPRESENTATION_CONTEXT(2) 
PARAMETRIC_REPRESENTATION_CONTEXT() REPRESENTATION_CONTEXT('2D SPACE',''
  ) );
#1652 = PCURVE('',#1354,#1653);
#1653 = DEFINITIONAL_REPRESENTATION('',(#1654),#1872);
#1654 = B_SPLINE_CURVE_WITH_KNOTS('',12,(#1655,#1656,#1657,#1658,#1659,
    #1660,#1661,#1662,#1663,#1664,#1665,#1666,#1667,#1668,#1669,#1670,
    #1671,#1672,#1673,#1674,#1675,#1676,#1677,#1678,#1679,#1680,#1681,
    #1682,#1683,#1684,#1685,#1686,#1687,#1688,#1689,#1690,#1691,#1692,
    #1693,#1694,#1695,#1696,#1697,#1698,#1699,#1700,#1701,#1702,#1703,
    #1704,#1705,#1706,#1707,#1708,#1709,#1710,#1711,#1712,#1713,#1714,
    #1715,#1716,#1717,#1718,#1719,#1720,#1721,#1722,#1723,#1724,#1725,
    #1726,#1727,#1728,#1729,#1730,#1731,#1732,#1733,#1734,#1735,#1736,
    #1737,#1738,#1739,#1740,#1741,#1742,#1743,#1744,#1745,#1746,#1747,
    #1748,#1749,#1750,#1751,#1752,#1753,#1754,#1755,#1756,#1757,#1758,
    #1759,#1760,#1761,#1762,#1763,#1764,#1765,#1766,#1767,#1768,#1769,
    #1770,#1771,#1772,#1773,#1774,#1775,#1776,#1777,#1778,#1779,#1780,
    #1781,#1782,#1783,#1784,#1785,#1786,#1787,#1788,#1789,#1790,#1791,
    #1792,#1793,#1794,#1795,#1796,#1797,#1798,#1799,#1800,#1801,#1802,
    #1803,#1804,#1805,#1806,#1807,#1808,#1809,#1810,#1811,#1812,#1813,
    #1814,#1815,#1816,#1817,#1818,#1819,#1820,#1821,#1822,#1823,#1824,
    #1825,#1826,#1827,#1828,#1829,#1830,#1831,#1832,#1833,#1834,#1835,
    #1836,#1837,#1838,#1839,#1840,#1841,#1842,#1843,#1844,#1845,#1846,
    #1847,#1848,#1849,#1850,#1851,#1852,#1853,#1854,#1855,#1856,#1857,
    #1858,#1859,#1860,#1861,#1862,#1863,#1864,#1865,#1866,#1867,#1868,
    #1869,#1870,#1871),.UNSPECIFIED.,.F.,.F.,(13,12,12,12,12,12,12,12,12
    ,12,12,12,12,12,12,12,12,12,13),(0.,6.25E-02,0.125,0.1875,0.25,
    0.3125,0.375,0.40625,0.4375,0.5,0.5625,0.59375,0.625,0.6875,0.75,
    0.8125,0.875,0.9375,1.),.UNSPECIFIED.);
#1655 = CARTESIAN_POINT('',(2.775557561563E-17,-85.01432977098));
#1656 = CARTESIAN_POINT('',(3.47224147175E-02,-84.96756797332));
#1657 = CARTESIAN_POINT('',(7.075145560794E-02,-84.92177621008));
#1658 = CARTESIAN_POINT('',(0.108071285554,-84.87700591687));
#1659 = CARTESIAN_POINT('',(0.146664095533,-84.83330978295));
#1660 = CARTESIAN_POINT('',(0.186509793054,-84.79074146552));
#1661 = CARTESIAN_POINT('',(0.227585690595,-84.74935529903));
#1662 = CARTESIAN_POINT('',(0.269866194038,-84.70920601152));
#1663 = CARTESIAN_POINT('',(0.313322491102,-84.67034843287));
#1664 = CARTESIAN_POINT('',(0.357922239785,-84.63283721076));
#1665 = CARTESIAN_POINT('',(0.403629256798,-84.59672652051));
#1666 = CARTESIAN_POINT('',(0.450403205998,-84.56206977896));
#1667 = CARTESIAN_POINT('',(0.498199286829,-84.52891935615));
#1668 = CARTESIAN_POINT('',(0.545994765598,-84.49576906776));
#1669 = CARTESIAN_POINT('',(0.594817481491,-84.4641216992));
#1670 = CARTESIAN_POINT('',(0.644601819258,-84.43404002374));
#1671 = CARTESIAN_POINT('',(0.695341429667,-84.40555166432));
#1672 = CARTESIAN_POINT('',(0.746947561041,-84.37872266186));
#1673 = CARTESIAN_POINT('',(0.799365847627,-84.35359731277));
#1674 = CARTESIAN_POINT('',(0.852554744454,-84.33020619975));
#1675 = CARTESIAN_POINT('',(0.906438635739,-84.30859020312));
#1676 = CARTESIAN_POINT('',(0.960942177472,-84.28878573661));
#1677 = CARTESIAN_POINT('',(1.016022850252,-84.27080687869));
#1678 = CARTESIAN_POINT('',(1.071579182019,-84.25468507071));
#1679 = CARTESIAN_POINT('',(1.127555837485,-84.24042799082));
#1680 = CARTESIAN_POINT('',(1.183531912754,-84.22617104682));
#1681 = CARTESIAN_POINT('',(1.239928916803,-84.21377968287));
#1682 = CARTESIAN_POINT('',(1.296654559343,-84.20327030081));
#1683 = CARTESIAN_POINT('',(1.353687694432,-84.19464524615));
#1684 = CARTESIAN_POINT('',(1.410860610609,-84.1879154652));
#1685 = CARTESIAN_POINT('',(1.468208392947,-84.18306481611));
#1686 = CARTESIAN_POINT('',(1.525612389263,-84.18008843894));
#1687 = CARTESIAN_POINT('',(1.58294777125,-84.17897550268));
#1688 = CARTESIAN_POINT('',(1.640252462921,-84.1796930473));
#1689 = CARTESIAN_POINT('',(1.697384858149,-84.182226058));
#1690 = CARTESIAN_POINT('',(1.754318190463,-84.18654125386));
#1691 = CARTESIAN_POINT('',(1.810986445976,-84.19260806807));
#1692 = CARTESIAN_POINT('',(1.867654868011,-84.19867489215));
#1693 = CARTESIAN_POINT('',(1.924059311676,-84.20649323128));
#1694 = CARTESIAN_POINT('',(1.980143227661,-84.21603158699));
#1695 = CARTESIAN_POINT('',(2.035853149643,-84.22725524556));
#1696 = CARTESIAN_POINT('',(2.091139005522,-84.24012716625));
#1697 = CARTESIAN_POINT('',(2.145954276605,-84.25460874993));
#1698 = CARTESIAN_POINT('',(2.200256005046,-84.27066049432));
#1699 = CARTESIAN_POINT('',(2.254004649082,-84.28824252705));
#1700 = CARTESIAN_POINT('',(2.307163786642,-84.30731502709));
#1701 = CARTESIAN_POINT('',(2.359699666719,-84.32783852385));
#1702 = CARTESIAN_POINT('',(2.411580609045,-84.34977408309));
#1703 = CARTESIAN_POINT('',(2.462776251673,-84.37308337311));
#1704 = CARTESIAN_POINT('',(2.513972865698,-84.39639305536));
#1705 = CARTESIAN_POINT('',(2.564482316561,-84.42107574145));
#1706 = CARTESIAN_POINT('',(2.614274743904,-84.44709261624));
#1707 = CARTESIAN_POINT('',(2.663324596803,-84.47440716793));
#1708 = CARTESIAN_POINT('',(2.711607831948,-84.50298402911));
#1709 = CARTESIAN_POINT('',(2.759100628967,-84.53278849567));
#1710 = CARTESIAN_POINT('',(2.80577916188,-84.56378652775));
#1711 = CARTESIAN_POINT('',(2.851619964867,-84.59594500751));
#1712 = CARTESIAN_POINT('',(2.896600431581,-84.62923206705));
#1713 = CARTESIAN_POINT('',(2.940698986089,-84.66361725673));
#1714 = CARTESIAN_POINT('',(2.983894464602,-84.69907136526));
#1715 = CARTESIAN_POINT('',(3.026164246281,-84.73556566945));
#1716 = CARTESIAN_POINT('',(3.068433838829,-84.77205972891));
#1717 = CARTESIAN_POINT('',(3.109781054171,-84.80959663983));
#1718 = CARTESIAN_POINT('',(3.150173603126,-84.84813934293));
#1719 = CARTESIAN_POINT('',(3.189602945346,-84.8876668434));
#1720 = CARTESIAN_POINT('',(3.228085884135,-84.92820551354));
#1721 = CARTESIAN_POINT('',(3.265429125795,-84.96953892737));
#1722 = CARTESIAN_POINT('',(3.301916815355,-85.01196661325));
#1723 = CARTESIAN_POINT('',(3.337177890227,-85.05510330457));
#1724 = CARTESIAN_POINT('',(3.371464329802,-85.09920576167));
#1725 = CARTESIAN_POINT('',(3.404590679551,-85.14408533824));
#1726 = CARTESIAN_POINT('',(3.436599010274,-85.18978387342));
#1727 = CARTESIAN_POINT('',(3.467443506124,-85.23625470175));
#1728 = CARTESIAN_POINT('',(3.482865707232,-85.25948989047));
#1729 = CARTESIAN_POINT('',(3.49799953398,-85.28292210957));
#1730 = CARTESIAN_POINT('',(3.512833923579,-85.30653409125));
#1731 = CARTESIAN_POINT('',(3.527383318591,-85.33035368826));
#1732 = CARTESIAN_POINT('',(3.541622741726,-85.35433977478));
#1733 = CARTESIAN_POINT('',(3.555556369392,-85.3785013199));
#1734 = CARTESIAN_POINT('',(3.569194766255,-85.40285916188));
#1735 = CARTESIAN_POINT('',(3.582523454054,-85.42739132701));
#1736 = CARTESIAN_POINT('',(3.595529912534,-85.45207833018));
#1737 = CARTESIAN_POINT('',(3.608229392158,-85.47694788814));
#1738 = CARTESIAN_POINT('',(3.620604004225,-85.50197201329));
#1739 = CARTESIAN_POINT('',(3.632656387675,-85.5271566611));
#1740 = CARTESIAN_POINT('',(3.644708564491,-85.55234104282));
#1741 = CARTESIAN_POINT('',(3.656437223816,-85.5776837257));
#1742 = CARTESIAN_POINT('',(3.66783879612,-85.60318052762));
#1743 = CARTESIAN_POINT('',(3.678909779252,-85.62882719455));
#1744 = CARTESIAN_POINT('',(3.689646738471,-85.65461940053));
#1745 = CARTESIAN_POINT('',(3.700046306394,-85.68055274773));
#1746 = CARTESIAN_POINT('',(3.71010518307,-85.70662276638));
#1747 = CARTESIAN_POINT('',(3.719820135891,-85.73282491482));
#1748 = CARTESIAN_POINT('',(3.729187999681,-85.75915457949));
#1749 = CARTESIAN_POINT('',(3.738205676622,-85.7856070749));
#1750 = CARTESIAN_POINT('',(3.746870136305,-85.81217764367));
#1751 = CARTESIAN_POINT('',(3.755178415701,-85.83886145652));
#1752 = CARTESIAN_POINT('',(3.771795046463,-85.89222931209));
#1753 = CARTESIAN_POINT('',(3.786987195829,-85.9460485705));
#1754 = CARTESIAN_POINT('',(3.800731570002,-86.0002855785));
#1755 = CARTESIAN_POINT('',(3.813006404214,-86.05489253108));
#1756 = CARTESIAN_POINT('',(3.823791666825,-86.10983265645));
#1757 = CARTESIAN_POINT('',(3.833069323287,-86.16506549843));
#1758 = CARTESIAN_POINT('',(3.840823611327,-86.22054210544));
#1759 = CARTESIAN_POINT('',(3.847041325071,-86.27621405923));
#1760 = CARTESIAN_POINT('',(3.851712127846,-86.3320391029));
#1761 = CARTESIAN_POINT('',(3.85482891193,-86.38796963937));
#1762 = CARTESIAN_POINT('',(3.856388197563,-86.44393858325));
#1763 = CARTESIAN_POINT('',(3.856390514107,-86.49990995003));
#1764 = CARTESIAN_POINT('',(3.856392872738,-86.55588246964));
#1765 = CARTESIAN_POINT('',(3.854837891013,-86.61186028586));
#1766 = CARTESIAN_POINT('',(3.851725289596,-86.66778933631));
#1767 = CARTESIAN_POINT('',(3.84705860148,-86.72361770243));
#1768 = CARTESIAN_POINT('',(3.840844868728,-86.779295494));
#1769 = CARTESIAN_POINT('',(3.83309433913,-86.83477473385));
#1770 = CARTESIAN_POINT('',(3.823820162987,-86.8900092422));
#1771 = CARTESIAN_POINT('',(3.813038089737,-86.94495452156));
#1772 = CARTESIAN_POINT('',(3.800766164745,-86.99956764098));
#1773 = CARTESIAN_POINT('',(3.787024425955,-87.05380712089));
#1774 = CARTESIAN_POINT('',(3.771834600633,-87.1076328175));
#1775 = CARTESIAN_POINT('',(3.755219802064,-87.16100580749));
#1776 = CARTESIAN_POINT('',(3.746912467379,-87.18769232647));
#1777 = CARTESIAN_POINT('',(3.738248863408,-87.21426566437));
#1778 = CARTESIAN_POINT('',(3.729231952556,-87.24072098214));
#1779 = CARTESIAN_POINT('',(3.719864765673,-87.26705351218));
#1780 = CARTESIAN_POINT('',(3.710150402086,-87.29325855808));
#1781 = CARTESIAN_POINT('',(3.700092029546,-87.3193314951));
#1782 = CARTESIAN_POINT('',(3.6896928843,-87.34526776931));
#1783 = CARTESIAN_POINT('',(3.678956271008,-87.37106289889));
#1784 = CARTESIAN_POINT('',(3.667885562825,-87.39671247254));
#1785 = CARTESIAN_POINT('',(3.656484201333,-87.42221215106));
#1786 = CARTESIAN_POINT('',(3.644755696587,-87.44755766607));
#1787 = CARTESIAN_POINT('',(3.632703627092,-87.47274482084));
#1788 = CARTESIAN_POINT('',(3.620651228229,-87.4979324616));
#1789 = CARTESIAN_POINT('',(3.608277323497,-87.52295813678));
#1790 = CARTESIAN_POINT('',(3.595576524506,-87.54783280661));
#1791 = CARTESIAN_POINT('',(3.582570956637,-87.57252057468));
#1792 = CARTESIAN_POINT('',(3.569243253843,-87.59705361162));
#1793 = CARTESIAN_POINT('',(3.555603445197,-87.6214163468));
#1794 = CARTESIAN_POINT('',(3.541668443197,-87.64558217511));
#1795 = CARTESIAN_POINT('',(3.527430896898,-87.66956703007));
#1796 = CARTESIAN_POINT('',(3.512883793008,-87.69338508216));
#1797 = CARTESIAN_POINT('',(3.498047415022,-87.71700232589));
#1798 = CARTESIAN_POINT('',(3.48291514446,-87.74043392639));
#1799 = CARTESIAN_POINT('',(3.467493149284,-87.76367070197));
#1800 = CARTESIAN_POINT('',(3.43664950164,-87.81014399109));
#1801 = CARTESIAN_POINT('',(3.404641672525,-87.85584519258));
#1802 = CARTESIAN_POINT('',(3.371517218713,-87.90072602376));
#1803 = CARTESIAN_POINT('',(3.337227296598,-87.94483470585));
#1804 = CARTESIAN_POINT('',(3.301976037323,-87.98796491392));
#1805 = CARTESIAN_POINT('',(3.265472946145,-88.030410072));
#1806 = CARTESIAN_POINT('',(3.228149497363,-88.07172707957));
#1807 = CARTESIAN_POINT('',(3.189649361887,-88.11228496615));
#1808 = CARTESIAN_POINT('',(3.150230457387,-88.15180468764));
#1809 = CARTESIAN_POINT('',(3.109834335634,-88.19035325685));
#1810 = CARTESIAN_POINT('',(3.068487963362,-88.22789157741));
#1811 = CARTESIAN_POINT('',(3.026218235598,-88.26438791734));
#1812 = CARTESIAN_POINT('',(2.983948397673,-88.30088441995));
#1813 = CARTESIAN_POINT('',(2.940752799231,-88.3363407032));
#1814 = CARTESIAN_POINT('',(2.896654022522,-88.37072805586));
#1815 = CARTESIAN_POINT('',(2.851673261524,-88.4040172491));
#1816 = CARTESIAN_POINT('',(2.805832117908,-88.43617782105));
#1817 = CARTESIAN_POINT('',(2.759153197522,-88.46717790146));
#1818 = CARTESIAN_POINT('',(2.71165994938,-88.4969843817));
#1819 = CARTESIAN_POINT('',(2.663376189736,-88.52556322435));
#1820 = CARTESIAN_POINT('',(2.614325753052,-88.55287972051));
#1821 = CARTESIAN_POINT('',(2.564532712509,-88.57889848803));
#1822 = CARTESIAN_POINT('',(2.514022611935,-88.60358301747));
#1823 = CARTESIAN_POINT('',(2.462825151621,-88.62689456216));
#1824 = CARTESIAN_POINT('',(2.411628684306,-88.65020570415));
#1825 = CARTESIAN_POINT('',(2.359746848353,-88.6721430711));
#1826 = CARTESIAN_POINT('',(2.307210013645,-88.69266832682));
#1827 = CARTESIAN_POINT('',(2.254049864855,-88.71174253319));
#1828 = CARTESIAN_POINT('',(2.200300154564,-88.72932621669));
#1829 = CARTESIAN_POINT('',(2.145997304566,-88.74537955302));
#1830 = CARTESIAN_POINT('',(2.091180855342,-88.75986266743));
#1831 = CARTESIAN_POINT('',(2.035893763734,-88.77273605418));
#1832 = CARTESIAN_POINT('',(1.98018254878,-88.78396111095));
#1833 = CARTESIAN_POINT('',(1.924097285747,-88.79350079252));
#1834 = CARTESIAN_POINT('',(1.867691448338,-88.80132038005));
#1835 = CARTESIAN_POINT('',(1.811021599083,-88.80738836841));
#1836 = CARTESIAN_POINT('',(1.754352317191,-88.81345640229));
#1837 = CARTESIAN_POINT('',(1.697414072532,-88.81777223567));
#1838 = CARTESIAN_POINT('',(1.640294697315,-88.82030805694));
#1839 = CARTESIAN_POINT('',(1.58294975515,-88.82102165674));
#1840 = CARTESIAN_POINT('',(1.525685044041,-88.81991877225));
#1841 = CARTESIAN_POINT('',(1.468181016756,-88.81693033408));
#1842 = CARTESIAN_POINT('',(1.410930464506,-88.81209327153));
#1843 = CARTESIAN_POINT('',(1.353683122686,-88.80535438911));
#1844 = CARTESIAN_POINT('',(1.296687335048,-88.79673496306));
#1845 = CARTESIAN_POINT('',(1.239945447666,-88.78622393502));
#1846 = CARTESIAN_POINT('',(1.183550281712,-88.77383325083));
#1847 = CARTESIAN_POINT('',(1.127572201763,-88.75957637581));
#1848 = CARTESIAN_POINT('',(1.07159450013,-88.74531956685));
#1849 = CARTESIAN_POINT('',(1.016033509366,-88.72919682304));
#1850 = CARTESIAN_POINT('',(0.960958036431,-88.71122037994));
#1851 = CARTESIAN_POINT('',(0.906443982141,-88.6914118394));
#1852 = CARTESIAN_POINT('',(0.852562125016,-88.66979764285));
#1853 = CARTESIAN_POINT('',(0.799377006751,-88.64640819861));
#1854 = CARTESIAN_POINT('',(0.746949912654,-88.62127854077));
#1855 = CARTESIAN_POINT('',(0.695341310818,-88.59444901281));
#1856 = CARTESIAN_POINT('',(0.644610484238,-88.56596503788));
#1857 = CARTESIAN_POINT('',(0.594812460543,-88.53587566068));
#1858 = CARTESIAN_POINT('',(0.545994714439,-88.5042311155));
#1859 = CARTESIAN_POINT('',(0.498198488407,-88.47108028922));
#1860 = CARTESIAN_POINT('',(0.450402577257,-88.43792982958));
#1861 = CARTESIAN_POINT('',(0.403629881859,-88.40327404536));
#1862 = CARTESIAN_POINT('',(0.357924223862,-88.36716455105));
#1863 = CARTESIAN_POINT('',(0.3133253508,-88.32965424076));
#1864 = CARTESIAN_POINT('',(0.269869183733,-88.29079698364));
#1865 = CARTESIAN_POINT('',(0.227588064883,-88.25064731811));
#1866 = CARTESIAN_POINT('',(0.186511005274,-88.20926014779));
#1867 = CARTESIAN_POINT('',(0.146663932365,-88.16669043538));
#1868 = CARTESIAN_POINT('',(0.108069937695,-88.12299289855));
#1869 = CARTESIAN_POINT('',(7.074952451177E-02,-88.07822170428));
#1870 = CARTESIAN_POINT('',(3.4720855417E-02,-88.03243016412));
#1871 = CARTESIAN_POINT('',(0.,-87.98567042902));
#1872 = ( GEOMETRIC_REPRESENTATION_CONTEXT(2) 
PARAMETRIC_REPRESENTATION_CONTEXT() REPRESENTATION_CONTEXT('2D SPACE',''
  ) );
#1873 = ORIENTED_EDGE('',*,*,#1302,.T.);
#1874 = ORIENTED_EDGE('',*,*,#1875,.T.);
#1875 = EDGE_CURVE('',#1305,#1876,#1878,.T.);
#1876 = VERTEX_POINT('',#1877);
#1877 = CARTESIAN_POINT('',(7.3,86.5,-11.91));
#1878 = SEAM_CURVE('',#1879,(#1882,#1888),.PCURVE_S1.);
#1879 = B_SPLINE_CURVE_WITH_KNOTS('',1,(#1880,#1881),.UNSPECIFIED.,.F.,
  .F.,(2,2),(0.,1.),.PIECEWISE_BEZIER_KNOTS.);
#1880 = CARTESIAN_POINT('',(8.5,86.5,-13.31));
#1881 = CARTESIAN_POINT('',(7.3,86.5,-11.91));
#1882 = PCURVE('',#1326,#1883);
#1883 = DEFINITIONAL_REPRESENTATION('',(#1884),#1887);
#1884 = B_SPLINE_CURVE_WITH_KNOTS('',1,(#1885,#1886),.UNSPECIFIED.,.F.,
  .F.,(2,2),(0.,1.),.PIECEWISE_BEZIER_KNOTS.);
#1885 = CARTESIAN_POINT('',(0.,0.));
#1886 = CARTESIAN_POINT('',(0.,-1.4));
#1887 = ( GEOMETRIC_REPRESENTATION_CONTEXT(2) 
PARAMETRIC_REPRESENTATION_CONTEXT() REPRESENTATION_CONTEXT('2D SPACE',''
  ) );
#1888 = PCURVE('',#1326,#1889);
#1889 = DEFINITIONAL_REPRESENTATION('',(#1890),#1893);
#1890 = B_SPLINE_CURVE_WITH_KNOTS('',1,(#1891,#1892),.UNSPECIFIED.,.F.,
  .F.,(2,2),(0.,1.),.PIECEWISE_BEZIER_KNOTS.);
#1891 = CARTESIAN_POINT('',(6.28318530718,0.));
#1892 = CARTESIAN_POINT('',(6.28318530718,-1.4));
#1893 = ( GEOMETRIC_REPRESENTATION_CONTEXT(2) 
PARAMETRIC_REPRESENTATION_CONTEXT() REPRESENTATION_CONTEXT('2D SPACE',''
  ) );
#1894 = ORIENTED_EDGE('',*,*,#1895,.F.);
#1895 = EDGE_CURVE('',#1876,#1876,#1896,.T.);
#1896 = SURFACE_CURVE('',#1897,(#1902,#1909),.PCURVE_S1.);
#1897 = CIRCLE('',#1898,1.3);
#1898 = AXIS2_PLACEMENT_3D('',#1899,#1900,#1901);
#1899 = CARTESIAN_POINT('',(6.,86.5,-11.91));
#1900 = DIRECTION('',(0.,0.,-1.));
#1901 = DIRECTION('',(1.,0.,0.));
#1902 = PCURVE('',#1326,#1903);
#1903 = DEFINITIONAL_REPRESENTATION('',(#1904),#1908);
#1904 = LINE('',#1905,#1906);
#1905 = CARTESIAN_POINT('',(0.,-1.4));
#1906 = VECTOR('',#1907,1.);
#1907 = DIRECTION('',(1.,-0.));
#1908 = ( GEOMETRIC_REPRESENTATION_CONTEXT(2) 
PARAMETRIC_REPRESENTATION_CONTEXT() REPRESENTATION_CONTEXT('2D SPACE',''
  ) );
#1909 = PCURVE('',#1910,#1915);
#1910 = CYLINDRICAL_SURFACE('',#1911,1.3);
#1911 = AXIS2_PLACEMENT_3D('',#1912,#1913,#1914);
#1912 = CARTESIAN_POINT('',(6.,86.5,-14.3));
#1913 = DIRECTION('',(-0.,0.,-1.));
#1914 = DIRECTION('',(1.,-0.,-0.));
#1915 = DEFINITIONAL_REPRESENTATION('',(#1916),#1920);
#1916 = LINE('',#1917,#1918);
#1917 = CARTESIAN_POINT('',(0.,-2.39));
#1918 = VECTOR('',#1919,1.);
#1919 = DIRECTION('',(1.,0.));
#1920 = ( GEOMETRIC_REPRESENTATION_CONTEXT(2) 
PARAMETRIC_REPRESENTATION_CONTEXT() REPRESENTATION_CONTEXT('2D SPACE',''
  ) );
#1921 = ORIENTED_EDGE('',*,*,#1875,.F.);
#1922 = ORIENTED_EDGE('',*,*,#1388,.T.);
#1923 = ADVANCED_FACE('',(#1924),#1354,.F.);
#1924 = FACE_BOUND('',#1925,.F.);
#1925 = EDGE_LOOP('',(#1926,#1927));
#1926 = ORIENTED_EDGE('',*,*,#1413,.F.);
#1927 = ORIENTED_EDGE('',*,*,#1338,.T.);
#1928 = ADVANCED_FACE('',(#1929),#1910,.T.);
#1929 = FACE_BOUND('',#1930,.T.);
#1930 = EDGE_LOOP('',(#1931,#1932,#1955,#1986));
#1931 = ORIENTED_EDGE('',*,*,#1895,.F.);
#1932 = ORIENTED_EDGE('',*,*,#1933,.T.);
#1933 = EDGE_CURVE('',#1876,#1934,#1936,.T.);
#1934 = VERTEX_POINT('',#1935);
#1935 = CARTESIAN_POINT('',(7.3,86.5,-4.3));
#1936 = SEAM_CURVE('',#1937,(#1941,#1948),.PCURVE_S1.);
#1937 = LINE('',#1938,#1939);
#1938 = CARTESIAN_POINT('',(7.3,86.5,-14.3));
#1939 = VECTOR('',#1940,1.);
#1940 = DIRECTION('',(-0.,-0.,1.));
#1941 = PCURVE('',#1910,#1942);
#1942 = DEFINITIONAL_REPRESENTATION('',(#1943),#1947);
#1943 = LINE('',#1944,#1945);
#1944 = CARTESIAN_POINT('',(6.28318530718,0.));
#1945 = VECTOR('',#1946,1.);
#1946 = DIRECTION('',(0.,-1.));
#1947 = ( GEOMETRIC_REPRESENTATION_CONTEXT(2) 
PARAMETRIC_REPRESENTATION_CONTEXT() REPRESENTATION_CONTEXT('2D SPACE',''
  ) );
#1948 = PCURVE('',#1910,#1949);
#1949 = DEFINITIONAL_REPRESENTATION('',(#1950),#1954);
#1950 = LINE('',#1951,#1952);
#1951 = CARTESIAN_POINT('',(0.,0.));
#1952 = VECTOR('',#1953,1.);
#1953 = DIRECTION('',(0.,-1.));
#1954 = ( GEOMETRIC_REPRESENTATION_CONTEXT(2) 
PARAMETRIC_REPRESENTATION_CONTEXT() REPRESENTATION_CONTEXT('2D SPACE',''
  ) );
#1955 = ORIENTED_EDGE('',*,*,#1956,.T.);
#1956 = EDGE_CURVE('',#1934,#1934,#1957,.T.);
#1957 = SURFACE_CURVE('',#1958,(#1963,#1970),.PCURVE_S1.);
#1958 = CIRCLE('',#1959,1.3);
#1959 = AXIS2_PLACEMENT_3D('',#1960,#1961,#1962);
#1960 = CARTESIAN_POINT('',(6.,86.5,-4.3));
#1961 = DIRECTION('',(0.,0.,-1.));
#1962 = DIRECTION('',(1.,-0.,-0.));
#1963 = PCURVE('',#1910,#1964);
#1964 = DEFINITIONAL_REPRESENTATION('',(#1965),#1969);
#1965 = LINE('',#1966,#1967);
#1966 = CARTESIAN_POINT('',(0.,-10.));
#1967 = VECTOR('',#1968,1.);
#1968 = DIRECTION('',(1.,0.));
#1969 = ( GEOMETRIC_REPRESENTATION_CONTEXT(2) 
PARAMETRIC_REPRESENTATION_CONTEXT() REPRESENTATION_CONTEXT('2D SPACE',''
  ) );
#1970 = PCURVE('',#1971,#1976);
#1971 = PLANE('',#1972);
#1972 = AXIS2_PLACEMENT_3D('',#1973,#1974,#1975);
#1973 = CARTESIAN_POINT('',(6.,86.5,-4.3));
#1974 = DIRECTION('',(-0.,-0.,1.));
#1975 = DIRECTION('',(-1.,0.,0.));
#1976 = DEFINITIONAL_REPRESENTATION('',(#1977),#1985);
#1977 = ( BOUNDED_CURVE() B_SPLINE_CURVE(2,(#1978,#1979,#1980,#1981,
#1982,#1983,#1984),.UNSPECIFIED.,.T.,.F.) B_SPLINE_CURVE_WITH_KNOTS((1,2
    ,2,2,2,1),(-2.094395102393,0.,2.094395102393,4.188790204786,
6.28318530718,8.377580409573),.UNSPECIFIED.) CURVE() 
GEOMETRIC_REPRESENTATION_ITEM() RATIONAL_B_SPLINE_CURVE((1.,0.5,1.,0.5,
1.,0.5,1.)) REPRESENTATION_ITEM('') );
#1978 = CARTESIAN_POINT('',(-1.3,0.));
#1979 = CARTESIAN_POINT('',(-1.3,2.25166604984));
#1980 = CARTESIAN_POINT('',(0.65,1.12583302492));
#1981 = CARTESIAN_POINT('',(2.6,3.184081677783E-16));
#1982 = CARTESIAN_POINT('',(0.65,-1.12583302492));
#1983 = CARTESIAN_POINT('',(-1.3,-2.25166604984));
#1984 = CARTESIAN_POINT('',(-1.3,0.));
#1985 = ( GEOMETRIC_REPRESENTATION_CONTEXT(2) 
PARAMETRIC_REPRESENTATION_CONTEXT() REPRESENTATION_CONTEXT('2D SPACE',''
  ) );
#1986 = ORIENTED_EDGE('',*,*,#1933,.F.);
#1987 = ADVANCED_FACE('',(#1988),#1971,.T.);
#1988 = FACE_BOUND('',#1989,.F.);
#1989 = EDGE_LOOP('',(#1990));
#1990 = ORIENTED_EDGE('',*,*,#1956,.T.);
#1991 = ( GEOMETRIC_REPRESENTATION_CONTEXT(3) 
GLOBAL_UNCERTAINTY_ASSIGNED_CONTEXT((#1995)) 
GLOBAL_UNIT_ASSIGNED_CONTEXT((#1992,#1993,#1994)) REPRESENTATION_CONTEXT
('Context #1','3D Context with UNIT and UNCERTAINTY') );
#1992 = ( LENGTH_UNIT() NAMED_UNIT(*) SI_UNIT(.MILLI.,.METRE.) );
#1993 = ( NAMED_UNIT(*) PLANE_ANGLE_UNIT() SI_UNIT($,.RADIAN.) );
#1994 = ( NAMED_UNIT(*) SI_UNIT($,.STERADIAN.) SOLID_ANGLE_UNIT() );
#1995 = UNCERTAINTY_MEASURE_WITH_UNIT(LENGTH_MEASURE(2.E-06),#1992,
  'distance_accuracy_value','confusion accuracy');
#1996 = CONTEXT_DEPENDENT_SHAPE_REPRESENTATION(#1997,#1999);
#1997 = ( REPRESENTATION_RELATIONSHIP('','',#1295,#10) 
REPRESENTATION_RELATIONSHIP_WITH_TRANSFORMATION(#1998) 
SHAPE_REPRESENTATION_RELATIONSHIP() );
#1998 = ITEM_DEFINED_TRANSFORMATION('','',#11,#27);
#1999 = PRODUCT_DEFINITION_SHAPE('Placement','Placement of an item',
  #2000);
#2000 = NEXT_ASSEMBLY_USAGE_OCCURRENCE('11','','',#5,#1290,$);
#2001 = PRODUCT_RELATED_PRODUCT_CATEGORY('part',$,(#1292));
#2002 = SHAPE_DEFINITION_REPRESENTATION(#2003,#2009);
#2003 = PRODUCT_DEFINITION_SHAPE('','',#2004);
#2004 = PRODUCT_DEFINITION('design','',#2005,#2008);
#2005 = PRODUCT_DEFINITION_FORMATION('','',#2006);
#2006 = PRODUCT('Open CASCADE STEP translator 7.9 4.5',
  'Open CASCADE STEP translator 7.9 4.5','',(#2007));
#2007 = PRODUCT_CONTEXT('',#2,'mechanical');
#2008 = PRODUCT_DEFINITION_CONTEXT('part definition',#2,'design');
#2009 = ADVANCED_BREP_SHAPE_REPRESENTATION('',(#11,#2010),#2808);
#2010 = MANIFOLD_SOLID_BREP('',#2011);
#2011 = CLOSED_SHELL('',(#2012,#2717,#2799,#2804));
#2012 = ADVANCED_FACE('',(#2013),#2046,.F.);
#2013 = FACE_BOUND('',#2014,.F.);
#2014 = EDGE_LOOP('',(#2015,#2212,#2345));
#2015 = ORIENTED_EDGE('',*,*,#2016,.F.);
#2016 = EDGE_CURVE('',#2017,#2019,#2021,.T.);
#2017 = VERTEX_POINT('',#2018);
#2018 = CARTESIAN_POINT('',(85.3,86.5,-11.02469816311));
#2019 = VERTEX_POINT('',#2020);
#2020 = CARTESIAN_POINT('',(83.905985970746,85.203403932482,-11.91));
#2021 = SURFACE_CURVE('',#2022,(#2045,#2156),.PCURVE_S1.);
#2022 = B_SPLINE_CURVE_WITH_KNOTS('',6,(#2023,#2024,#2025,#2026,#2027,
    #2028,#2029,#2030,#2031,#2032,#2033,#2034,#2035,#2036,#2037,#2038,
    #2039,#2040,#2041,#2042,#2043,#2044),.UNSPECIFIED.,.F.,.F.,(7,5,5,5,
    7),(0.,1.,2.021809644688,3.132251844639,4.010322565589),
  .UNSPECIFIED.);
#2023 = CARTESIAN_POINT('',(85.3,86.5,-11.02469816311));
#2024 = CARTESIAN_POINT('',(85.3,86.401499529806,-11.02469816311));
#2025 = CARTESIAN_POINT('',(85.291043399808,86.302921656005,
    -11.03132551329));
#2026 = CARTESIAN_POINT('',(85.273107896374,86.206160997293,
    -11.04459887754));
#2027 = CARTESIAN_POINT('',(85.246838210205,86.112641525083,
    -11.06393358557));
#2028 = CARTESIAN_POINT('',(85.213083829435,86.023397422743,
    -11.08852239979));
#2029 = CARTESIAN_POINT('',(85.131619540733,85.853050061875,
    -11.14710888639));
#2030 = CARTESIAN_POINT('',(85.08359967802,85.77212315376,
    -11.18131542955));
#2031 = CARTESIAN_POINT('',(85.029623432456,85.696916163174,
    -11.21927791028));
#2032 = CARTESIAN_POINT('',(84.970540760807,85.627697209086,
    -11.26018398554));
#2033 = CARTESIAN_POINT('',(84.907066011042,85.564579098647,
    -11.30336500394));
#2034 = CARTESIAN_POINT('',(84.766548714391,85.445679135485,
    -11.39715276938));
#2035 = CARTESIAN_POINT('',(84.688843397193,85.391039686574,
    -11.44805445004));
#2036 = CARTESIAN_POINT('',(84.607300186938,85.343722876037,
    -11.50035354864));
#2037 = CARTESIAN_POINT('',(84.522526202549,85.303824276501,
    -11.5534938554));
#2038 = CARTESIAN_POINT('',(84.435081852466,85.271446555981,
    -11.60700153559));
#2039 = CARTESIAN_POINT('',(84.274616989394,85.227212625796,
    -11.70278316822));
#2040 = CARTESIAN_POINT('',(84.202424607854,85.212484418654,
    -11.74505439877));
#2041 = CARTESIAN_POINT('',(84.129162780755,85.202637739592,
    -11.78710139076));
#2042 = CARTESIAN_POINT('',(84.055119940104,85.197771528084,
    -11.82873052256));
#2043 = CARTESIAN_POINT('',(83.980611724237,85.19799294293,
    -11.86975595336));
#2044 = CARTESIAN_POINT('',(83.905985970746,85.203403932482,-11.91));
#2045 = PCURVE('',#2046,#2073);
#2046 = SURFACE_OF_LINEAR_EXTRUSION('',#2047,#2071);
#2047 = B_SPLINE_CURVE_WITH_KNOTS('',3,(#2048,#2049,#2050,#2051,#2052,
    #2053,#2054,#2055,#2056,#2057,#2058,#2059,#2060,#2061,#2062,#2063,
    #2064,#2065,#2066,#2067,#2068,#2069,#2070),.UNSPECIFIED.,.F.,.F.,(4,
    1,1,1,1,1,1,1,1,1,1,1,1,1,1,1,1,1,1,1,4),(0.,0.91082772561,
    1.821655451221,2.732483176831,3.643310902442,4.554138628052,
    5.464966353662,6.375794079273,7.286621804883,8.197449530494,
    9.108277256104,10.019104981714,10.929932707325,11.840760432935,
    12.751588158545,13.662415884156,14.573243609766,15.484071335377,
    16.394899060987,17.305726786597,18.216554512208),.UNSPECIFIED.);
#2048 = CARTESIAN_POINT('',(90.,-9.999999406318E-08,-1.7));
#2049 = CARTESIAN_POINT('',(90.000036593254,-9.999999406318E-08,
    -2.003690748846));
#2050 = CARTESIAN_POINT('',(89.97611920983,-9.999999406318E-08,
    -2.611060041666));
#2051 = CARTESIAN_POINT('',(89.868974303539,-9.999999406318E-08,
    -3.516506793557));
#2052 = CARTESIAN_POINT('',(89.691092081434,-9.999999406318E-08,
    -4.410751550906));
#2053 = CARTESIAN_POINT('',(89.443603830402,-9.999999406318E-08,
    -5.288284327191));
#2054 = CARTESIAN_POINT('',(89.128026131099,-9.999999406318E-08,
    -6.143693948827));
#2055 = CARTESIAN_POINT('',(88.746307107988,-9.999999406318E-08,
    -6.971706770112));
#2056 = CARTESIAN_POINT('',(88.300799520461,-9.999999406318E-08,
    -7.767217752598));
#2057 = CARTESIAN_POINT('',(87.794250249215,-9.999999406318E-08,
    -8.525322323726));
#2058 = CARTESIAN_POINT('',(87.229782291177,-9.999999406318E-08,
    -9.241346512054));
#2059 = CARTESIAN_POINT('',(86.610875791838,-9.999999406318E-08,
    -9.910875791838));
#2060 = CARTESIAN_POINT('',(85.941346512054,-9.999999406318E-08,
    -10.52978229117));
#2061 = CARTESIAN_POINT('',(85.225322323726,-9.999999406318E-08,
    -11.09425024921));
#2062 = CARTESIAN_POINT('',(84.467217752598,-9.999999406318E-08,
    -11.60079952046));
#2063 = CARTESIAN_POINT('',(83.671706770112,-9.999999406318E-08,
    -12.04630710798));
#2064 = CARTESIAN_POINT('',(82.843693948827,-9.999999406318E-08,
    -12.42802613109));
#2065 = CARTESIAN_POINT('',(81.988284327191,-9.999999406318E-08,
    -12.7436038304));
#2066 = CARTESIAN_POINT('',(81.110751550906,-9.999999406318E-08,
    -12.99109208143));
#2067 = CARTESIAN_POINT('',(80.216506793557,-9.999999406318E-08,
    -13.16897430353));
#2068 = CARTESIAN_POINT('',(79.311060041666,-9.999999406318E-08,
    -13.27611920983));
#2069 = CARTESIAN_POINT('',(78.703690748846,-9.999999406318E-08,
    -13.30003659325));
#2070 = CARTESIAN_POINT('',(78.4,-9.999999406318E-08,-13.3));
#2071 = VECTOR('',#2072,1.);
#2072 = DIRECTION('',(-0.,-1.,-0.));
#2073 = DEFINITIONAL_REPRESENTATION('',(#2074),#2155);
#2074 = B_SPLINE_CURVE_WITH_KNOTS('',14,(#2075,#2076,#2077,#2078,#2079,
    #2080,#2081,#2082,#2083,#2084,#2085,#2086,#2087,#2088,#2089,#2090,
    #2091,#2092,#2093,#2094,#2095,#2096,#2097,#2098,#2099,#2100,#2101,
    #2102,#2103,#2104,#2105,#2106,#2107,#2108,#2109,#2110,#2111,#2112,
    #2113,#2114,#2115,#2116,#2117,#2118,#2119,#2120,#2121,#2122,#2123,
    #2124,#2125,#2126,#2127,#2128,#2129,#2130,#2131,#2132,#2133,#2134,
    #2135,#2136,#2137,#2138,#2139,#2140,#2141,#2142,#2143,#2144,#2145,
    #2146,#2147,#2148,#2149,#2150,#2151,#2152,#2153,#2154),
  .UNSPECIFIED.,.F.,.F.,(15,13,13,13,13,13,15),(0.,1.002580641397,
    2.005161282794,3.007741924192,3.258387084541,3.50903224489,
    4.010322565589),.UNSPECIFIED.);
#2075 = CARTESIAN_POINT('',(10.828660233935,-86.5000001));
#2076 = CARTESIAN_POINT('',(10.828660233934,-86.45767667232));
#2077 = CARTESIAN_POINT('',(10.83050576901,-86.41534052298));
#2078 = CARTESIAN_POINT('',(10.834198864793,-86.37309587383));
#2079 = CARTESIAN_POINT('',(10.839726398806,-86.33104244349));
#2080 = CARTESIAN_POINT('',(10.847066381902,-86.28926837242));
#2081 = CARTESIAN_POINT('',(10.856184203668,-86.24785936646));
#2082 = CARTESIAN_POINT('',(10.86703684688,-86.20689455506));
#2083 = CARTESIAN_POINT('',(10.879576066085,-86.16644380277));
#2084 = CARTESIAN_POINT('',(10.893747133814,-86.1265720728));
#2085 = CARTESIAN_POINT('',(10.909488590383,-86.08734189286));
#2086 = CARTESIAN_POINT('',(10.926736646615,-86.04880797913));
#2087 = CARTESIAN_POINT('',(10.945427422629,-86.01101515556));
#2088 = CARTESIAN_POINT('',(10.965488533906,-85.9740135131));
#2089 = CARTESIAN_POINT('',(11.008215265198,-85.90166354957));
#2090 = CARTESIAN_POINT('',(11.030884593221,-85.86630917538));
#2091 = CARTESIAN_POINT('',(11.054796930131,-85.83180406644));
#2092 = CARTESIAN_POINT('',(11.079890083541,-85.79817292112));
#2093 = CARTESIAN_POINT('',(11.106103011171,-85.76543681199));
#2094 = CARTESIAN_POINT('',(11.133376188021,-85.73361357252));
#2095 = CARTESIAN_POINT('',(11.161651932939,-85.70271805184));
#2096 = CARTESIAN_POINT('',(11.190874723757,-85.67276252284));
#2097 = CARTESIAN_POINT('',(11.220991462678,-85.6437568711));
#2098 = CARTESIAN_POINT('',(11.251951734902,-85.61570898058));
#2099 = CARTESIAN_POINT('',(11.283708019059,-85.58862491699));
#2100 = CARTESIAN_POINT('',(11.316215883821,-85.56250923846));
#2101 = CARTESIAN_POINT('',(11.34943414619,-85.53736519955));
#2102 = CARTESIAN_POINT('',(11.417215866568,-85.48902478122));
#2103 = CARTESIAN_POINT('',(11.451780860208,-85.46582734885));
#2104 = CARTESIAN_POINT('',(11.486948578747,-85.44362854344));
#2105 = CARTESIAN_POINT('',(11.52277659854,-85.42236226116));
#2106 = CARTESIAN_POINT('',(11.559027630535,-85.40217759269));
#2107 = CARTESIAN_POINT('',(11.596007209029,-85.38283102797));
#2108 = CARTESIAN_POINT('',(11.633228630711,-85.36465524756));
#2109 = CARTESIAN_POINT('',(11.671144204589,-85.347302211));
#2110 = CARTESIAN_POINT('',(11.709309930023,-85.33107585475));
#2111 = CARTESIAN_POINT('',(11.747975325873,-85.31577731843));
#2112 = CARTESIAN_POINT('',(11.786963589704,-85.30151847439));
#2113 = CARTESIAN_POINT('',(11.826305939195,-85.28826103031));
#2114 = CARTESIAN_POINT('',(11.865958007267,-85.27602266892));
#2115 = CARTESIAN_POINT('',(11.915881447376,-85.26200267066));
#2116 = CARTESIAN_POINT('',(11.925884149535,-85.25926255742));
#2117 = CARTESIAN_POINT('',(11.935903631733,-85.25658659775));
#2118 = CARTESIAN_POINT('',(11.945941979779,-85.25397433467));
#2119 = CARTESIAN_POINT('',(11.955995058445,-85.25142668818));
#2120 = CARTESIAN_POINT('',(11.966064280512,-85.24894333297));
#2121 = CARTESIAN_POINT('',(11.976151453463,-85.24652389161));
#2122 = CARTESIAN_POINT('',(11.986253988996,-85.24416895115));
#2123 = CARTESIAN_POINT('',(11.996369291384,-85.24187910719));
#2124 = CARTESIAN_POINT('',(12.006499130584,-85.23965394768));
#2125 = CARTESIAN_POINT('',(12.016644887157,-85.23749318319));
#2126 = CARTESIAN_POINT('',(12.026802406923,-85.23539776911));
#2127 = CARTESIAN_POINT('',(12.036973783214,-85.23336723527));
#2128 = CARTESIAN_POINT('',(12.057341729862,-85.22943653487));
#2129 = CARTESIAN_POINT('',(12.067538417807,-85.22753634014));
#2130 = CARTESIAN_POINT('',(12.077747398259,-85.22570141105));
#2131 = CARTESIAN_POINT('',(12.087968247764,-85.22393186032));
#2132 = CARTESIAN_POINT('',(12.098200540338,-85.22222779927));
#2133 = CARTESIAN_POINT('',(12.108443849805,-85.22058934608));
#2134 = CARTESIAN_POINT('',(12.118697745976,-85.21901661148));
#2135 = CARTESIAN_POINT('',(12.128961799896,-85.21750971937));
#2136 = CARTESIAN_POINT('',(12.139235577756,-85.21606878203));
#2137 = CARTESIAN_POINT('',(12.14951864688,-85.21469392508));
#2138 = CARTESIAN_POINT('',(12.159810570733,-85.21338526638));
#2139 = CARTESIAN_POINT('',(12.170110912439,-85.21214293099));
#2140 = CARTESIAN_POINT('',(12.180419232702,-85.21096704233));
#2141 = CARTESIAN_POINT('',(12.211366807054,-85.20763909476));
#2142 = CARTESIAN_POINT('',(12.232028662687,-85.20568672368));
#2143 = CARTESIAN_POINT('',(12.252717139618,-85.20400163976));
#2144 = CARTESIAN_POINT('',(12.273428684971,-85.20258487209));
#2145 = CARTESIAN_POINT('',(12.294159712064,-85.20143745626));
#2146 = CARTESIAN_POINT('',(12.31490659871,-85.20056042792));
#2147 = CARTESIAN_POINT('',(12.335665689662,-85.19995483115));
#2148 = CARTESIAN_POINT('',(12.356433293663,-85.19962170973));
#2149 = CARTESIAN_POINT('',(12.377205686473,-85.19956211444));
#2150 = CARTESIAN_POINT('',(12.397979108202,-85.19977709823));
#2151 = CARTESIAN_POINT('',(12.418749765339,-85.20026771866));
#2152 = CARTESIAN_POINT('',(12.439513829418,-85.20103503705));
#2153 = CARTESIAN_POINT('',(12.460267437771,-85.2020801186));
#2154 = CARTESIAN_POINT('',(12.48100669317,-85.20340403248));
#2155 = ( GEOMETRIC_REPRESENTATION_CONTEXT(2) 
PARAMETRIC_REPRESENTATION_CONTEXT() REPRESENTATION_CONTEXT('2D SPACE',''
  ) );
#2156 = PCURVE('',#2157,#2162);
#2157 = CYLINDRICAL_SURFACE('',#2158,1.3);
#2158 = AXIS2_PLACEMENT_3D('',#2159,#2160,#2161);
#2159 = CARTESIAN_POINT('',(84.,86.5,-14.3));
#2160 = DIRECTION('',(-0.,0.,-1.));
#2161 = DIRECTION('',(1.,-0.,-0.));
#2162 = DEFINITIONAL_REPRESENTATION('',(#2163),#2211);
#2163 = B_SPLINE_CURVE_WITH_KNOTS('',3,(#2164,#2165,#2166,#2167,#2168,
    #2169,#2170,#2171,#2172,#2173,#2174,#2175,#2176,#2177,#2178,#2179,
    #2180,#2181,#2182,#2183,#2184,#2185,#2186,#2187,#2188,#2189,#2190,
    #2191,#2192,#2193,#2194,#2195,#2196,#2197,#2198,#2199,#2200,#2201,
    #2202,#2203,#2204,#2205,#2206,#2207,#2208,#2209,#2210),
  .UNSPECIFIED.,.F.,.F.,(4,1,1,1,1,1,1,1,1,1,1,1,1,1,1,1,1,1,1,1,1,1,1,1
    ,1,1,1,1,1,1,1,1,1,1,1,1,1,1,1,1,1,1,1,1,4),(0.,9.114369467248E-02,
    0.182287389345,0.273431084017,0.36457477869,0.455718473362,
    0.546862168035,0.638005862707,0.72914955738,0.820293252052,
    0.911436946725,1.002580641397,1.09372433607,1.184868030742,
    1.276011725415,1.367155420087,1.45829911476,1.549442809432,
    1.640586504105,1.731730198777,1.82287389345,1.914017588122,
    2.005161282794,2.096304977467,2.187448672139,2.278592366812,
    2.369736061484,2.460879756157,2.552023450829,2.643167145502,
    2.734310840174,2.825454534847,2.916598229519,3.007741924192,
    3.098885618864,3.190029313537,3.281173008209,3.372316702882,
    3.463460397554,3.554604092227,3.645747786899,3.736891481572,
    3.828035176244,3.919178870916,4.010322565589),
  .QUASI_UNIFORM_KNOTS.);
#2164 = CARTESIAN_POINT('',(0.,-3.27530183689));
#2165 = CARTESIAN_POINT('',(1.381247304853E-02,-3.275302919731));
#2166 = CARTESIAN_POINT('',(4.14399328067E-02,-3.27475038368));
#2167 = CARTESIAN_POINT('',(8.284012931464E-02,-3.27227735578));
#2168 = CARTESIAN_POINT('',(0.124148087196,-3.268175256226));
#2169 = CARTESIAN_POINT('',(0.1653220508,-3.262475789416));
#2170 = CARTESIAN_POINT('',(0.206325210045,-3.255219583097));
#2171 = CARTESIAN_POINT('',(0.24712583767,-3.246456417575));
#2172 = CARTESIAN_POINT('',(0.287696327125,-3.236243469412));
#2173 = CARTESIAN_POINT('',(0.32801273823,-3.224644175542));
#2174 = CARTESIAN_POINT('',(0.368054096533,-3.211727137758));
#2175 = CARTESIAN_POINT('',(0.407802735868,-3.197564781746));
#2176 = CARTESIAN_POINT('',(0.44724115131,-3.182233494078));
#2177 = CARTESIAN_POINT('',(0.486362092291,-3.165808620335));
#2178 = CARTESIAN_POINT('',(0.525174610329,-3.14835931275));
#2179 = CARTESIAN_POINT('',(0.563682664064,-3.129956272862));
#2180 = CARTESIAN_POINT('',(0.601893618706,-3.110667954932));
#2181 = CARTESIAN_POINT('',(0.63981581436,-3.090561099629));
#2182 = CARTESIAN_POINT('',(0.677459110645,-3.069700154758));
#2183 = CARTESIAN_POINT('',(0.714834687588,-3.04814703738));
#2184 = CARTESIAN_POINT('',(0.751955074213,-3.025960863215));
#2185 = CARTESIAN_POINT('',(0.788834231633,-3.003197685368));
#2186 = CARTESIAN_POINT('',(0.825487398892,-2.979910448345));
#2187 = CARTESIAN_POINT('',(0.861932023902,-2.95614829146));
#2188 = CARTESIAN_POINT('',(0.898184759851,-2.931958459238));
#2189 = CARTESIAN_POINT('',(0.934257908748,-2.907388877764));
#2190 = CARTESIAN_POINT('',(0.970171475712,-2.882480103702));
#2191 = CARTESIAN_POINT('',(1.00594249122,-2.857272476807));
#2192 = CARTESIAN_POINT('',(1.041587891518,-2.831804395938));
#2193 = CARTESIAN_POINT('',(1.077123944616,-2.806112834987));
#2194 = CARTESIAN_POINT('',(1.112566583721,-2.780233251255));
#2195 = CARTESIAN_POINT('',(1.147931482755,-2.754199649608));
#2196 = CARTESIAN_POINT('',(1.183234191911,-2.728044596557));
#2197 = CARTESIAN_POINT('',(1.218490246142,-2.701799244348));
#2198 = CARTESIAN_POINT('',(1.253715297133,-2.675493330584));
#2199 = CARTESIAN_POINT('',(1.288925173998,-2.649155231199));
#2200 = CARTESIAN_POINT('',(1.324136221427,-2.622811789992));
#2201 = CARTESIAN_POINT('',(1.35935881819,-2.59649336753));
#2202 = CARTESIAN_POINT('',(1.394607872163,-2.57022601985));
#2203 = CARTESIAN_POINT('',(1.429896658977,-2.544036210954));
#2204 = CARTESIAN_POINT('',(1.465238136015,-2.51794989331));
#2205 = CARTESIAN_POINT('',(1.500644704448,-2.491992749323));
#2206 = CARTESIAN_POINT('',(1.536128380167,-2.466190125336));
#2207 = CARTESIAN_POINT('',(1.571700839204,-2.440567034545));
#2208 = CARTESIAN_POINT('',(1.607373511713,-2.415148191713));
#2209 = CARTESIAN_POINT('',(1.631229544452,-2.398354631767));
#2210 = CARTESIAN_POINT('',(1.643177996824,-2.39));
#2211 = ( GEOMETRIC_REPRESENTATION_CONTEXT(2) 
PARAMETRIC_REPRESENTATION_CONTEXT() REPRESENTATION_CONTEXT('2D SPACE',''
  ) );
#2212 = ORIENTED_EDGE('',*,*,#2213,.F.);
#2213 = EDGE_CURVE('',#2214,#2017,#2216,.T.);
#2214 = VERTEX_POINT('',#2215);
#2215 = CARTESIAN_POINT('',(83.905985970746,87.796596067518,-11.91));
#2216 = SURFACE_CURVE('',#2217,(#2244,#2315),.PCURVE_S1.);
#2217 = B_SPLINE_CURVE_WITH_KNOTS('',7,(#2218,#2219,#2220,#2221,#2222,
    #2223,#2224,#2225,#2226,#2227,#2228,#2229,#2230,#2231,#2232,#2233,
    #2234,#2235,#2236,#2237,#2238,#2239,#2240,#2241,#2242,#2243),
  .UNSPECIFIED.,.F.,.F.,(8,6,6,6,8),(0.,0.220159052847,0.47682448597,
    0.65241869297,1.),.UNSPECIFIED.);
#2218 = CARTESIAN_POINT('',(83.905984858148,87.796595986845,-11.9100006)
  );
#2219 = CARTESIAN_POINT('',(83.970286399169,87.801258440348,
    -11.87532418576));
#2220 = CARTESIAN_POINT('',(84.034502755558,87.802174903709,
    -11.8400839349));
#2221 = CARTESIAN_POINT('',(84.098432350166,87.799404672666,
    -11.80438282092));
#2222 = CARTESIAN_POINT('',(84.161887532588,87.793009172228,
    -11.76832745568));
#2223 = CARTESIAN_POINT('',(84.224693110674,87.783048127522,
    -11.73202799837));
#2224 = CARTESIAN_POINT('',(84.286684882046,87.769575734639,
    -11.69559806435));
#2225 = CARTESIAN_POINT('',(84.418850220873,87.732889149696,
    -11.61666821949));
#2226 = CARTESIAN_POINT('',(84.488662281539,87.708433578234,
    -11.57417172157));
#2227 = CARTESIAN_POINT('',(84.556910510735,87.679340692696,
    -11.53184374602));
#2228 = CARTESIAN_POINT('',(84.623346271763,87.645665191615,
    -11.48988908807));
#2229 = CARTESIAN_POINT('',(84.687706843257,87.607453689225,
    -11.44853799201));
#2230 = CARTESIAN_POINT('',(84.749712610168,87.564744048737,
    -11.40804794341));
#2231 = CARTESIAN_POINT('',(84.849662949555,87.485273361866,
    -11.34179409639));
#2232 = CARTESIAN_POINT('',(84.889014552993,87.450899831552,
    -11.31542299501));
#2233 = CARTESIAN_POINT('',(84.927017360653,87.414444666593,
    -11.28968795884));
#2234 = CARTESIAN_POINT('',(84.963558673755,87.375921306541,
    -11.2646958287));
#2235 = CARTESIAN_POINT('',(84.998512832584,87.335350716793,
    -11.24056580472));
#2236 = CARTESIAN_POINT('',(85.031742774132,87.292764476323,
    -11.21742823376));
#2237 = CARTESIAN_POINT('',(85.125175039134,87.160009938381,
    -11.15186575264));
#2238 = CARTESIAN_POINT('',(85.180044939165,87.063909291007,
    -11.11265623842));
#2239 = CARTESIAN_POINT('',(85.226349976477,86.960440828654,
    -11.07903266598));
#2240 = CARTESIAN_POINT('',(85.262628817503,86.850536804494,
    -11.0523528716));
#2241 = CARTESIAN_POINT('',(85.287545224637,86.735634553862,
    -11.03391416102));
#2242 = CARTESIAN_POINT('',(85.3,86.617803158721,-11.02469816311));
#2243 = CARTESIAN_POINT('',(85.3,86.5,-11.02469816311));
#2244 = PCURVE('',#2046,#2245);
#2245 = DEFINITIONAL_REPRESENTATION('',(#2246),#2314);
#2246 = B_SPLINE_CURVE_WITH_KNOTS('',11,(#2247,#2248,#2249,#2250,#2251,
    #2252,#2253,#2254,#2255,#2256,#2257,#2258,#2259,#2260,#2261,#2262,
    #2263,#2264,#2265,#2266,#2267,#2268,#2269,#2270,#2271,#2272,#2273,
    #2274,#2275,#2276,#2277,#2278,#2279,#2280,#2281,#2282,#2283,#2284,
    #2285,#2286,#2287,#2288,#2289,#2290,#2291,#2292,#2293,#2294,#2295,
    #2296,#2297,#2298,#2299,#2300,#2301,#2302,#2303,#2304,#2305,#2306,
    #2307,#2308,#2309,#2310,#2311,#2312,#2313),.UNSPECIFIED.,.F.,.F.,(12
    ,11,11,11,11,11,12),(5.44196224712E-07,0.250000408147,0.500000272098
    ,0.625000204074,0.687500170061,0.750000136049,1.),.UNSPECIFIED.);
#2247 = CARTESIAN_POINT('',(12.481006693171,-87.79659616751));
#2248 = CARTESIAN_POINT('',(12.428228603302,-87.79996523007));
#2249 = CARTESIAN_POINT('',(12.375358389156,-87.80149065455));
#2250 = CARTESIAN_POINT('',(12.322449346451,-87.80118710956));
#2251 = CARTESIAN_POINT('',(12.269620402669,-87.79908592267));
#2252 = CARTESIAN_POINT('',(12.216812636251,-87.7951761259));
#2253 = CARTESIAN_POINT('',(12.164310405937,-87.78952907178));
#2254 = CARTESIAN_POINT('',(12.111876515321,-87.78209152068));
#2255 = CARTESIAN_POINT('',(12.05988244494,-87.77295384426));
#2256 = CARTESIAN_POINT('',(12.008144875667,-87.76207503425));
#2257 = CARTESIAN_POINT('',(11.956856437414,-87.7494999696));
#2258 = CARTESIAN_POINT('',(11.906035369672,-87.73523245063));
#2259 = CARTESIAN_POINT('',(11.855214452167,-87.72096484551));
#2260 = CARTESIAN_POINT('',(11.804868907645,-87.70500745632));
#2261 = CARTESIAN_POINT('',(11.75504428898,-87.68736448445));
#2262 = CARTESIAN_POINT('',(11.705842790751,-87.66807369609));
#2263 = CARTESIAN_POINT('',(11.657234783204,-87.64708547347));
#2264 = CARTESIAN_POINT('',(11.609441387023,-87.62450772844));
#2265 = CARTESIAN_POINT('',(11.562339709265,-87.60022765178));
#2266 = CARTESIAN_POINT('',(11.516177321949,-87.57436134291));
#2267 = CARTESIAN_POINT('',(11.470917885116,-87.54684830079));
#2268 = CARTESIAN_POINT('',(11.426678296723,-87.51771234398));
#2269 = CARTESIAN_POINT('',(11.383550996137,-87.48696634804));
#2270 = CARTESIAN_POINT('',(11.361987105811,-87.47159304837));
#2271 = CARTESIAN_POINT('',(11.340700276147,-87.45581670835));
#2272 = CARTESIAN_POINT('',(11.3197014904,-87.43963806541));
#2273 = CARTESIAN_POINT('',(11.299002197986,-87.42305809994));
#2274 = CARTESIAN_POINT('',(11.278614314849,-87.40607803832));
#2275 = CARTESIAN_POINT('',(11.258550222863,-87.3886993479));
#2276 = CARTESIAN_POINT('',(11.238822770607,-87.37092374357));
#2277 = CARTESIAN_POINT('',(11.219445272548,-87.3527531808));
#2278 = CARTESIAN_POINT('',(11.200431509746,-87.33418986167));
#2279 = CARTESIAN_POINT('',(11.181795729359,-87.31523623061));
#2280 = CARTESIAN_POINT('',(11.163552644922,-87.29589497683));
#2281 = CARTESIAN_POINT('',(11.154431469168,-87.28622486455));
#2282 = CARTESIAN_POINT('',(11.14540512626,-87.2764539577));
#2283 = CARTESIAN_POINT('',(11.136491732905,-87.26660184058));
#2284 = CARTESIAN_POINT('',(11.127650935967,-87.2566193366));
#2285 = CARTESIAN_POINT('',(11.118950632427,-87.24658379046));
#2286 = CARTESIAN_POINT('',(11.110341001033,-87.23643615369));
#2287 = CARTESIAN_POINT('',(11.10181643867,-87.22616732543));
#2288 = CARTESIAN_POINT('',(11.093430796494,-87.21583738797));
#2289 = CARTESIAN_POINT('',(11.085135184527,-87.20538889943));
#2290 = CARTESIAN_POINT('',(11.076960536386,-87.19485497976));
#2291 = CARTESIAN_POINT('',(11.068899058648,-87.1842252019));
#2292 = CARTESIAN_POINT('',(11.06083779803,-87.17359598717));
#2293 = CARTESIAN_POINT('',(11.052891628402,-87.16287268981));
#2294 = CARTESIAN_POINT('',(11.045062860786,-87.15205637429));
#2295 = CARTESIAN_POINT('',(11.037353806201,-87.14114810536));
#2296 = CARTESIAN_POINT('',(11.029766775678,-87.13014894726));
#2297 = CARTESIAN_POINT('',(11.022304080225,-87.11905996496));
#2298 = CARTESIAN_POINT('',(11.014968030884,-87.10788222257));
#2299 = CARTESIAN_POINT('',(11.007760938656,-87.09661678503));
#2300 = CARTESIAN_POINT('',(11.00068511458,-87.08526471662));
#2301 = CARTESIAN_POINT('',(10.99374286967,-87.07382708206));
#2302 = CARTESIAN_POINT('',(10.986936514951,-87.06230494582));
#2303 = CARTESIAN_POINT('',(10.959711113698,-87.01621772188));
#2304 = CARTESIAN_POINT('',(10.934659258236,-86.96878458336));
#2305 = CARTESIAN_POINT('',(10.911928133584,-86.92008710068));
#2306 = CARTESIAN_POINT('',(10.891661331512,-86.87022100341));
#2307 = CARTESIAN_POINT('',(10.873996845047,-86.81929718125));
#2308 = CARTESIAN_POINT('',(10.859063947276,-86.7674428638));
#2309 = CARTESIAN_POINT('',(10.846978957077,-86.71480300334));
#2310 = CARTESIAN_POINT('',(10.837839888443,-86.66154182978));
#2311 = CARTESIAN_POINT('',(10.831719986905,-86.60784461027));
#2312 = CARTESIAN_POINT('',(10.82866014999,-86.55391958501));
#2313 = CARTESIAN_POINT('',(10.828660233935,-86.5000001));
#2314 = ( GEOMETRIC_REPRESENTATION_CONTEXT(2) 
PARAMETRIC_REPRESENTATION_CONTEXT() REPRESENTATION_CONTEXT('2D SPACE',''
  ) );
#2315 = PCURVE('',#2157,#2316);
#2316 = DEFINITIONAL_REPRESENTATION('',(#2317),#2344);
#2317 = B_SPLINE_CURVE_WITH_KNOTS('',7,(#2318,#2319,#2320,#2321,#2322,
    #2323,#2324,#2325,#2326,#2327,#2328,#2329,#2330,#2331,#2332,#2333,
    #2334,#2335,#2336,#2337,#2338,#2339,#2340,#2341,#2342,#2343),
  .UNSPECIFIED.,.F.,.F.,(8,6,6,6,8),(0.,0.220159052847,0.47682448597,
    0.65241869297,1.),.UNSPECIFIED.);
#2318 = CARTESIAN_POINT('',(4.640006452264,-2.3899994));
#2319 = CARTESIAN_POINT('',(4.689599032893,-2.424675814236));
#2320 = CARTESIAN_POINT('',(4.738917784079,-2.459916065096));
#2321 = CARTESIAN_POINT('',(4.788010886042,-2.49561717908));
#2322 = CARTESIAN_POINT('',(4.83692676791,-2.531672544312));
#2323 = CARTESIAN_POINT('',(4.885716679515,-2.567972001624));
#2324 = CARTESIAN_POINT('',(4.934437263204,-2.604401935643));
#2325 = CARTESIAN_POINT('',(5.039946965223,-2.683331780501));
#2326 = CARTESIAN_POINT('',(5.096723697743,-2.725828278421));
#2327 = CARTESIAN_POINT('',(5.153594313493,-2.768156253978));
#2328 = CARTESIAN_POINT('',(5.21066254314,-2.810110911927));
#2329 = CARTESIAN_POINT('',(5.268031287123,-2.851462007983));
#2330 = CARTESIAN_POINT('',(5.325811856103,-2.891952056587));
#2331 = CARTESIAN_POINT('',(5.424037717119,-2.95820590361));
#2332 = CARTESIAN_POINT('',(5.46418731664,-2.984577004987));
#2333 = CARTESIAN_POINT('',(5.504624977323,-3.010312041153));
#2334 = CARTESIAN_POINT('',(5.545386212508,-3.035304171294));
#2335 = CARTESIAN_POINT('',(5.586502778846,-3.059434195277));
#2336 = CARTESIAN_POINT('',(5.62800356257,-3.082571766239));
#2337 = CARTESIAN_POINT('',(5.752878305701,-3.148134247355));
#2338 = CARTESIAN_POINT('',(5.837623625839,-3.187343761573));
#2339 = CARTESIAN_POINT('',(5.924141574487,-3.220967334017));
#2340 = CARTESIAN_POINT('',(6.01232402331,-3.2476471284));
#2341 = CARTESIAN_POINT('',(6.101928466352,-3.266085838972));
#2342 = CARTESIAN_POINT('',(6.192567492779,-3.27530183689));
#2343 = CARTESIAN_POINT('',(6.28318530718,-3.27530183689));
#2344 = ( GEOMETRIC_REPRESENTATION_CONTEXT(2) 
PARAMETRIC_REPRESENTATION_CONTEXT() REPRESENTATION_CONTEXT('2D SPACE',''
  ) );
#2345 = ORIENTED_EDGE('',*,*,#2346,.F.);
#2346 = EDGE_CURVE('',#2019,#2214,#2347,.T.);
#2347 = SURFACE_CURVE('',#2348,(#2393,#2664),.PCURVE_S1.);
#2348 = B_SPLINE_CURVE_WITH_KNOTS('',8,(#2349,#2350,#2351,#2352,#2353,
    #2354,#2355,#2356,#2357,#2358,#2359,#2360,#2361,#2362,#2363,#2364,
    #2365,#2366,#2367,#2368,#2369,#2370,#2371,#2372,#2373,#2374,#2375,
    #2376,#2377,#2378,#2379,#2380,#2381,#2382,#2383,#2384,#2385,#2386,
    #2387,#2388,#2389,#2390,#2391,#2392),.UNSPECIFIED.,.F.,.F.,(9,7,7,7,
    7,7,9),(0.,0.20805634453,0.279395283169,0.42289303381,0.669605970205
    ,0.792012539833,1.),.UNSPECIFIED.);
#2349 = CARTESIAN_POINT('',(83.905985970746,85.203403932482,-11.91));
#2350 = CARTESIAN_POINT('',(83.788411430431,85.157438909388,
    -11.97340539374));
#2351 = CARTESIAN_POINT('',(83.665831072296,85.122676191766,
    -12.03751365981));
#2352 = CARTESIAN_POINT('',(83.538993223732,85.099750594174,
    -12.10167076732));
#2353 = CARTESIAN_POINT('',(83.408831545547,85.089526623625,
    -12.16519245231));
#2354 = CARTESIAN_POINT('',(83.276523442432,85.092945779965,
    -12.22736722193));
#2355 = CARTESIAN_POINT('',(83.14352253781,85.110931951096,
    -12.28748197561));
#2356 = CARTESIAN_POINT('',(83.01157817701,85.144297180539,
    -12.34485078459));
#2357 = CARTESIAN_POINT('',(82.838583646577,85.210491773071,
    -12.41733501295));
#2358 = CARTESIAN_POINT('',(82.794801076805,85.229257818677,
    -12.43543469537));
#2359 = CARTESIAN_POINT('',(82.751499415162,85.249903273244,
    -12.45309694713));
#2360 = CARTESIAN_POINT('',(82.708775852977,85.272436800856,
    -12.47029298747));
#2361 = CARTESIAN_POINT('',(82.66673183738,85.296859334192,
    -12.48699490685));
#2362 = CARTESIAN_POINT('',(82.625472337576,85.323162730654,
    -12.50317584807));
#2363 = CARTESIAN_POINT('',(82.585105111128,85.351328428483,
    -12.51881018737));
#2364 = CARTESIAN_POINT('',(82.466557278704,85.441666204414,
    -12.56417389149));
#2365 = CARTESIAN_POINT('',(82.391374304418,85.509460202475,
    -12.59218540861));
#2366 = CARTESIAN_POINT('',(82.321163123718,85.584424323211,
    -12.61767889401));
#2367 = CARTESIAN_POINT('',(82.256823206659,85.666107675378,
    -12.64049121524));
#2368 = CARTESIAN_POINT('',(82.199172226938,85.753903456115,
    -12.660510458));
#2369 = CARTESIAN_POINT('',(82.148938928714,85.847055968024,
    -12.67765789483));
#2370 = CARTESIAN_POINT('',(82.106739991652,85.944654646302,
    -12.6918759801));
#2371 = CARTESIAN_POINT('',(82.015053574144,86.219170531582,
    -12.72248264527));
#2372 = CARTESIAN_POINT('',(81.981837396633,86.403601101632,
    -12.73318268003));
#2373 = CARTESIAN_POINT('',(81.976353713667,86.592831433681,
    -12.73482056793));
#2374 = CARTESIAN_POINT('',(81.998884079341,86.78106354105,
    -12.72763549629));
#2375 = CARTESIAN_POINT('',(82.048779370264,86.962806395529,
    -12.71160185499));
#2376 = CARTESIAN_POINT('',(82.124052439628,87.13295801856,
    -12.68672638539));
#2377 = CARTESIAN_POINT('',(82.221692401249,87.286838665096,
    -12.65306044626));
#2378 = CARTESIAN_POINT('',(82.393388777698,87.487380608559,
    -12.59111952647));
#2379 = CARTESIAN_POINT('',(82.454648718459,87.549125680456,
    -12.5686358572));
#2380 = CARTESIAN_POINT('',(82.519696137951,87.605736692752,
    -12.54429729454));
#2381 = CARTESIAN_POINT('',(82.587975395696,87.656963922407,
    -12.51820696488));
#2382 = CARTESIAN_POINT('',(82.658929979664,87.702661659443,
    -12.49048341501));
#2383 = CARTESIAN_POINT('',(82.732017524171,87.742770175842,
    -12.46126011243));
#2384 = CARTESIAN_POINT('',(82.806719977586,87.777301796346,
    -12.43068408255));
#2385 = CARTESIAN_POINT('',(83.011393876107,87.855656243437,
    -12.34493092124));
#2386 = CARTESIAN_POINT('',(83.143362396647,87.889046146185,
    -12.28755432335));
#2387 = CARTESIAN_POINT('',(83.276389795137,87.907050595408,
    -12.22742999547));
#2388 = CARTESIAN_POINT('',(83.408726039973,87.910481679702,
    -12.16524394254));
#2389 = CARTESIAN_POINT('',(83.538916412544,87.900263413764,
    -12.10170964383));
#2390 = CARTESIAN_POINT('',(83.665782219558,87.87733778473,
    -12.03753922749));
#2391 = CARTESIAN_POINT('',(83.788388537934,87.842570040289,
    -11.97341773917));
#2392 = CARTESIAN_POINT('',(83.905985970746,87.796596067518,-11.91));
#2393 = PCURVE('',#2046,#2394);
#2394 = DEFINITIONAL_REPRESENTATION('',(#2395),#2663);
#2395 = B_SPLINE_CURVE_WITH_KNOTS('',14,(#2396,#2397,#2398,#2399,#2400,
    #2401,#2402,#2403,#2404,#2405,#2406,#2407,#2408,#2409,#2410,#2411,
    #2412,#2413,#2414,#2415,#2416,#2417,#2418,#2419,#2420,#2421,#2422,
    #2423,#2424,#2425,#2426,#2427,#2428,#2429,#2430,#2431,#2432,#2433,
    #2434,#2435,#2436,#2437,#2438,#2439,#2440,#2441,#2442,#2443,#2444,
    #2445,#2446,#2447,#2448,#2449,#2450,#2451,#2452,#2453,#2454,#2455,
    #2456,#2457,#2458,#2459,#2460,#2461,#2462,#2463,#2464,#2465,#2466,
    #2467,#2468,#2469,#2470,#2471,#2472,#2473,#2474,#2475,#2476,#2477,
    #2478,#2479,#2480,#2481,#2482,#2483,#2484,#2485,#2486,#2487,#2488,
    #2489,#2490,#2491,#2492,#2493,#2494,#2495,#2496,#2497,#2498,#2499,
    #2500,#2501,#2502,#2503,#2504,#2505,#2506,#2507,#2508,#2509,#2510,
    #2511,#2512,#2513,#2514,#2515,#2516,#2517,#2518,#2519,#2520,#2521,
    #2522,#2523,#2524,#2525,#2526,#2527,#2528,#2529,#2530,#2531,#2532,
    #2533,#2534,#2535,#2536,#2537,#2538,#2539,#2540,#2541,#2542,#2543,
    #2544,#2545,#2546,#2547,#2548,#2549,#2550,#2551,#2552,#2553,#2554,
    #2555,#2556,#2557,#2558,#2559,#2560,#2561,#2562,#2563,#2564,#2565,
    #2566,#2567,#2568,#2569,#2570,#2571,#2572,#2573,#2574,#2575,#2576,
    #2577,#2578,#2579,#2580,#2581,#2582,#2583,#2584,#2585,#2586,#2587,
    #2588,#2589,#2590,#2591,#2592,#2593,#2594,#2595,#2596,#2597,#2598,
    #2599,#2600,#2601,#2602,#2603,#2604,#2605,#2606,#2607,#2608,#2609,
    #2610,#2611,#2612,#2613,#2614,#2615,#2616,#2617,#2618,#2619,#2620,
    #2621,#2622,#2623,#2624,#2625,#2626,#2627,#2628,#2629,#2630,#2631,
    #2632,#2633,#2634,#2635,#2636,#2637,#2638,#2639,#2640,#2641,#2642,
    #2643,#2644,#2645,#2646,#2647,#2648,#2649,#2650,#2651,#2652,#2653,
    #2654,#2655,#2656,#2657,#2658,#2659,#2660,#2661,#2662),
  .UNSPECIFIED.,.F.,.F.,(15,14,14,14,14,14,14,14,14,14,14,14,14,14,14,14
    ,14,14,14,15),(0.,0.125,0.1875,0.21875,0.25,0.28125,0.3125,0.375,
    0.40625,0.421875,0.4375,0.5,0.625,0.65625,0.6875,0.75,0.78125,0.8125
    ,0.875,1.),.UNSPECIFIED.);
#2396 = CARTESIAN_POINT('',(12.48100669317,-85.20340403248));
#2397 = CARTESIAN_POINT('',(12.526855303795,-85.18762369168));
#2398 = CARTESIAN_POINT('',(12.573230073849,-85.17308736798));
#2399 = CARTESIAN_POINT('',(12.620099701811,-85.15981642722));
#2400 = CARTESIAN_POINT('',(12.667431252291,-85.14783418537));
#2401 = CARTESIAN_POINT('',(12.715190083165,-85.13716564007));
#2402 = CARTESIAN_POINT('',(12.76333977981,-85.12783723658));
#2403 = CARTESIAN_POINT('',(12.811842077069,-85.11987657442));
#2404 = CARTESIAN_POINT('',(12.860656799003,-85.11331219956));
#2405 = CARTESIAN_POINT('',(12.909741776776,-85.10817329207));
#2406 = CARTESIAN_POINT('',(12.959052789483,-85.10448946288));
#2407 = CARTESIAN_POINT('',(13.008543484367,-85.10229045281));
#2408 = CARTESIAN_POINT('',(13.058165312897,-85.10160590679));
#2409 = CARTESIAN_POINT('',(13.107867456423,-85.10246509858));
#2410 = CARTESIAN_POINT('',(13.157596757631,-85.10489668311));
#2411 = CARTESIAN_POINT('',(13.182461447065,-85.10611260035));
#2412 = CARTESIAN_POINT('',(13.207332924691,-85.10772150952));
#2413 = CARTESIAN_POINT('',(13.232204573952,-85.10972710084));
#2414 = CARTESIAN_POINT('',(13.257069628664,-85.11213299011));
#2415 = CARTESIAN_POINT('',(13.28192117347,-85.11494271869));
#2416 = CARTESIAN_POINT('',(13.306752142975,-85.11815975388));
#2417 = CARTESIAN_POINT('',(13.331555323114,-85.12178748776));
#2418 = CARTESIAN_POINT('',(13.356323349325,-85.12582923957));
#2419 = CARTESIAN_POINT('',(13.381048708634,-85.13028825197));
#2420 = CARTESIAN_POINT('',(13.40572373761,-85.13516769578));
#2421 = CARTESIAN_POINT('',(13.430340624089,-85.14047066502));
#2422 = CARTESIAN_POINT('',(13.454891405933,-85.14620018121));
#2423 = CARTESIAN_POINT('',(13.479367971782,-85.15235919031));
#2424 = CARTESIAN_POINT('',(13.503762060678,-85.15895056448));
#2425 = CARTESIAN_POINT('',(13.515959400303,-85.16224630971));
#2426 = CARTESIAN_POINT('',(13.528133894125,-85.16564932589));
#2427 = CARTESIAN_POINT('',(13.540293992821,-85.16916330535));
#2428 = CARTESIAN_POINT('',(13.552418574656,-85.17278153826));
#2429 = CARTESIAN_POINT('',(13.564529915937,-85.17651248365));
#2430 = CARTESIAN_POINT('',(13.576618616847,-85.18035364627));
#2431 = CARTESIAN_POINT('',(13.588670828572,-85.18430084156));
#2432 = CARTESIAN_POINT('',(13.600696895726,-85.18835825671));
#2433 = CARTESIAN_POINT('',(13.612706623101,-85.19253005745));
#2434 = CARTESIAN_POINT('',(13.624684334966,-85.19681164132));
#2435 = CARTESIAN_POINT('',(13.636618030276,-85.20119937131));
#2436 = CARTESIAN_POINT('',(13.648529605791,-85.20570114758));
#2437 = CARTESIAN_POINT('',(13.660402418367,-85.21031215498));
#2438 = CARTESIAN_POINT('',(13.672240528626,-85.21503416778));
#2439 = CARTESIAN_POINT('',(13.684078560237,-85.2197561691));
#2440 = CARTESIAN_POINT('',(13.695880990587,-85.22458890313));
#2441 = CARTESIAN_POINT('',(13.707646544228,-85.22953250633));
#2442 = CARTESIAN_POINT('',(13.719373936994,-85.23458709208));
#2443 = CARTESIAN_POINT('',(13.731061875776,-85.23975275562));
#2444 = CARTESIAN_POINT('',(13.742709059021,-85.24502956462));
#2445 = CARTESIAN_POINT('',(13.754314175807,-85.25041757387));
#2446 = CARTESIAN_POINT('',(13.765875907283,-85.25591680618));
#2447 = CARTESIAN_POINT('',(13.777392924773,-85.26152727335));
#2448 = CARTESIAN_POINT('',(13.788863891896,-85.26724895664));
#2449 = CARTESIAN_POINT('',(13.800287462557,-85.2730818222));
#2450 = CARTESIAN_POINT('',(13.811662282548,-85.27902581077));
#2451 = CARTESIAN_POINT('',(13.822986988487,-85.28508084343));
#2452 = CARTESIAN_POINT('',(13.834260208394,-85.29124681896));
#2453 = CARTESIAN_POINT('',(13.845533384055,-85.29741276274));
#2454 = CARTESIAN_POINT('',(13.856755132151,-85.30368966388));
#2455 = CARTESIAN_POINT('',(13.867924056509,-85.31007740376));
#2456 = CARTESIAN_POINT('',(13.879038760707,-85.31657584098));
#2457 = CARTESIAN_POINT('',(13.890097847976,-85.32318480797));
#2458 = CARTESIAN_POINT('',(13.901099921377,-85.32990411772));
#2459 = CARTESIAN_POINT('',(13.912043583542,-85.33673355254));
#2460 = CARTESIAN_POINT('',(13.922927436999,-85.3436728801));
#2461 = CARTESIAN_POINT('',(13.933750083809,-85.35072183373));
#2462 = CARTESIAN_POINT('',(13.944510125929,-85.35788013326));
#2463 = CARTESIAN_POINT('',(13.95520616489,-85.36514746612));
#2464 = CARTESIAN_POINT('',(13.965836802048,-85.3725235019));
#2465 = CARTESIAN_POINT('',(13.976400638414,-85.38000788294));
#2466 = CARTESIAN_POINT('',(13.986896274752,-85.38760022935));
#2467 = CARTESIAN_POINT('',(13.997392327102,-85.39519286644));
#2468 = CARTESIAN_POINT('',(14.007820841751,-85.40289394867));
#2469 = CARTESIAN_POINT('',(14.018180265937,-85.4107030063));
#2470 = CARTESIAN_POINT('',(14.02846906104,-85.41861954456));
#2471 = CARTESIAN_POINT('',(14.038685702359,-85.4266430421));
#2472 = CARTESIAN_POINT('',(14.048828679569,-85.43477295396));
#2473 = CARTESIAN_POINT('',(14.058896495941,-85.44300870696));
#2474 = CARTESIAN_POINT('',(14.068887669466,-85.45134970572));
#2475 = CARTESIAN_POINT('',(14.07880073148,-85.45979532592));
#2476 = CARTESIAN_POINT('',(14.088634228097,-85.46834492083));
#2477 = CARTESIAN_POINT('',(14.098386718938,-85.47699781581));
#2478 = CARTESIAN_POINT('',(14.108056778082,-85.48575331233));
#2479 = CARTESIAN_POINT('',(14.117642993475,-85.49461068544));
#2480 = CARTESIAN_POINT('',(14.127143967228,-85.50356918512));
#2481 = CARTESIAN_POINT('',(14.146145856759,-85.52148618176));
#2482 = CARTESIAN_POINT('',(14.164806860253,-85.53980770331));
#2483 = CARTESIAN_POINT('',(14.183115746383,-85.55852774878));
#2484 = CARTESIAN_POINT('',(14.201061531234,-85.57763992584));
#2485 = CARTESIAN_POINT('',(14.218633478234,-85.59713745011));
#2486 = CARTESIAN_POINT('',(14.235821098341,-85.61701314643));
#2487 = CARTESIAN_POINT('',(14.252614149631,-85.63725944699));
#2488 = CARTESIAN_POINT('',(14.269002638043,-85.6578683936));
#2489 = CARTESIAN_POINT('',(14.284976816269,-85.67883163545));
#2490 = CARTESIAN_POINT('',(14.300527185123,-85.70014043084));
#2491 = CARTESIAN_POINT('',(14.315644492142,-85.7217856462));
#2492 = CARTESIAN_POINT('',(14.330319732767,-85.74375775644));
#2493 = CARTESIAN_POINT('',(14.344544149526,-85.76604684492));
#2494 = CARTESIAN_POINT('',(14.358309232489,-85.78864260341));
#2495 = CARTESIAN_POINT('',(14.365191804697,-85.79994048273));
#2496 = CARTESIAN_POINT('',(14.371959576985,-85.81131502414));
#2497 = CARTESIAN_POINT('',(14.378611490589,-85.8227649401));
#2498 = CARTESIAN_POINT('',(14.38514650668,-85.83428891643));
#2499 = CARTESIAN_POINT('',(14.391563606523,-85.84588561502));
#2500 = CARTESIAN_POINT('',(14.397861791169,-85.85755366865));
#2501 = CARTESIAN_POINT('',(14.404040081949,-85.86929168916));
#2502 = CARTESIAN_POINT('',(14.41009751982,-85.88109825671));
#2503 = CARTESIAN_POINT('',(14.416033166079,-85.89297193159));
#2504 = CARTESIAN_POINT('',(14.421846101717,-85.90491124333));
#2505 = CARTESIAN_POINT('',(14.427535427907,-85.91691469914));
#2506 = CARTESIAN_POINT('',(14.433100265695,-85.9289807784));
#2507 = CARTESIAN_POINT('',(14.438539756164,-85.94110793569));
#2508 = CARTESIAN_POINT('',(14.443853060361,-85.9532945994));
#2509 = CARTESIAN_POINT('',(14.446509738313,-85.95938790358));
#2510 = CARTESIAN_POINT('',(14.449134851831,-85.96549610651));
#2511 = CARTESIAN_POINT('',(14.451728304883,-85.97161900187));
#2512 = CARTESIAN_POINT('',(14.454290001449,-85.9777563839));
#2513 = CARTESIAN_POINT('',(14.456819845472,-85.98390804546));
#2514 = CARTESIAN_POINT('',(14.459317740978,-85.99007378214));
#2515 = CARTESIAN_POINT('',(14.461783591839,-85.99625338504));
#2516 = CARTESIAN_POINT('',(14.464217302167,-86.00244665142));
#2517 = CARTESIAN_POINT('',(14.46661877576,-86.0086533715));
#2518 = CARTESIAN_POINT('',(14.468987916761,-86.01487334222));
#2519 = CARTESIAN_POINT('',(14.471324628998,-86.02110635516));
#2520 = CARTESIAN_POINT('',(14.473628816533,-86.02735220545));
#2521 = CARTESIAN_POINT('',(14.47590038329,-86.03361068629));
#2522 = CARTESIAN_POINT('',(14.478139233256,-86.03988159173));
#2523 = CARTESIAN_POINT('',(14.480377932894,-86.04615198932));
#2524 = CARTESIAN_POINT('',(14.482584229176,-86.05243557767));
#2525 = CARTESIAN_POINT('',(14.484758081943,-86.058732337));
#2526 = CARTESIAN_POINT('',(14.486899427323,-86.06504217175));
#2527 = CARTESIAN_POINT('',(14.489008181875,-86.071364925));
#2528 = CARTESIAN_POINT('',(14.491084248458,-86.07770038977));
#2529 = CARTESIAN_POINT('',(14.493127518908,-86.08404832542));
#2530 = CARTESIAN_POINT('',(14.49513788171,-86.09040846723));
#2531 = CARTESIAN_POINT('',(14.497115222999,-86.09678054344));
#2532 = CARTESIAN_POINT('',(14.499059435205,-86.10316428571));
#2533 = CARTESIAN_POINT('',(14.500970418177,-86.10955944412));
#2534 = CARTESIAN_POINT('',(14.502848086639,-86.11596579989));
#2535 = CARTESIAN_POINT('',(14.504692373117,-86.12238317873));
#2536 = CARTESIAN_POINT('',(14.506503233587,-86.12881146435));
#2537 = CARTESIAN_POINT('',(14.513746893052,-86.15452425389));
#2538 = CARTESIAN_POINT('',(14.520454467991,-86.18040937043));
#2539 = CARTESIAN_POINT('',(14.526620820287,-86.20645182385));
#2540 = CARTESIAN_POINT('',(14.532241315378,-86.23263671079));
#2541 = CARTESIAN_POINT('',(14.537311822466,-86.25894921822));
#2542 = CARTESIAN_POINT('',(14.54182871414,-86.28537461664));
#2543 = CARTESIAN_POINT('',(14.545788866923,-86.31189827079));
#2544 = CARTESIAN_POINT('',(14.549189660629,-86.33850562553));
#2545 = CARTESIAN_POINT('',(14.552028978972,-86.36518222154));
#2546 = CARTESIAN_POINT('',(14.554305209114,-86.39191368054));
#2547 = CARTESIAN_POINT('',(14.556017241908,-86.41868571706));
#2548 = CARTESIAN_POINT('',(14.557164471826,-86.44548413056));
#2549 = CARTESIAN_POINT('',(14.557746796944,-86.47229480982));
#2550 = CARTESIAN_POINT('',(14.557764618977,-86.49910373094));
#2551 = CARTESIAN_POINT('',(14.557799684625,-86.55272159762));
#2552 = CARTESIAN_POINT('',(14.555575170011,-86.60633259645));
#2553 = CARTESIAN_POINT('',(14.551092193034,-86.65982464109));
#2554 = CARTESIAN_POINT('',(14.544358296401,-86.71308727656));
#2555 = CARTESIAN_POINT('',(14.535387094441,-86.76601169943));
#2556 = CARTESIAN_POINT('',(14.524198021486,-86.81849081485));
#2557 = CARTESIAN_POINT('',(14.510816187243,-86.87041931425));
#2558 = CARTESIAN_POINT('',(14.495272331056,-86.92169380033));
#2559 = CARTESIAN_POINT('',(14.4776028853,-86.97221292132));
#2560 = CARTESIAN_POINT('',(14.457850136876,-87.02187756173));
#2561 = CARTESIAN_POINT('',(14.436062496938,-87.07059103859));
#2562 = CARTESIAN_POINT('',(14.412294870935,-87.11825935092));
#2563 = CARTESIAN_POINT('',(14.386609134208,-87.16479144399));
#2564 = CARTESIAN_POINT('',(14.359074710227,-87.21009951472));
#2565 = CARTESIAN_POINT('',(14.352191097044,-87.22142653204));
#2566 = CARTESIAN_POINT('',(14.345191956404,-87.23267705843));
#2567 = CARTESIAN_POINT('',(14.338078364565,-87.24384971772));
#2568 = CARTESIAN_POINT('',(14.330851431477,-87.2549431508));
#2569 = CARTESIAN_POINT('',(14.323512300428,-87.26595600911));
#2570 = CARTESIAN_POINT('',(14.316062148773,-87.27688696742));
#2571 = CARTESIAN_POINT('',(14.308502186676,-87.28773470298));
#2572 = CARTESIAN_POINT('',(14.300833658966,-87.29849792437));
#2573 = CARTESIAN_POINT('',(14.293057842777,-87.30917533729));
#2574 = CARTESIAN_POINT('',(14.285176050131,-87.31976567946));
#2575 = CARTESIAN_POINT('',(14.277189625521,-87.33026769004));
#2576 = CARTESIAN_POINT('',(14.269099947827,-87.34068013249));
#2577 = CARTESIAN_POINT('',(14.260908429045,-87.35100178016));
#2578 = CARTESIAN_POINT('',(14.252616514978,-87.36123142381));
#2579 = CARTESIAN_POINT('',(14.244324778518,-87.37146090703));
#2580 = CARTESIAN_POINT('',(14.235930252716,-87.3816008386));
#2581 = CARTESIAN_POINT('',(14.22745403254,-87.39162977195));
#2582 = CARTESIAN_POINT('',(14.218801805589,-87.40164658237));
#2583 = CARTESIAN_POINT('',(14.210303411837,-87.41130355834));
#2584 = CARTESIAN_POINT('',(14.20113684708,-87.42147661805));
#2585 = CARTESIAN_POINT('',(14.19284037268,-87.43051556739));
#2586 = CARTESIAN_POINT('',(14.183280373334,-87.44072643224));
#2587 = CARTESIAN_POINT('',(14.174666395383,-87.44970865123));
#2588 = CARTESIAN_POINT('',(14.165273743104,-87.45934548556));
#2589 = CARTESIAN_POINT('',(14.156133660492,-87.46850789113));
#2590 = CARTESIAN_POINT('',(14.146779599527,-87.47770917743));
#2591 = CARTESIAN_POINT('',(14.137371872792,-87.48677353098));
#2592 = CARTESIAN_POINT('',(14.127873232315,-87.49574286079));
#2593 = CARTESIAN_POINT('',(14.108877078057,-87.51368064823));
#2594 = CARTESIAN_POINT('',(14.089539576202,-87.53121315213));
#2595 = CARTESIAN_POINT('',(14.06987201548,-87.54833467746));
#2596 = CARTESIAN_POINT('',(14.04988567395,-87.5650399798));
#2597 = CARTESIAN_POINT('',(14.029591818674,-87.58132426424));
#2598 = CARTESIAN_POINT('',(14.00900170635,-87.59718318751));
#2599 = CARTESIAN_POINT('',(13.988126582299,-87.61261285451));
#2600 = CARTESIAN_POINT('',(13.966977681825,-87.62760982319));
#2601 = CARTESIAN_POINT('',(13.945566228664,-87.64217109857));
#2602 = CARTESIAN_POINT('',(13.923903436499,-87.65629413911));
#2603 = CARTESIAN_POINT('',(13.90200050769,-87.66997685089));
#2604 = CARTESIAN_POINT('',(13.879868634181,-87.68321759209));
#2605 = CARTESIAN_POINT('',(13.857518996957,-87.69601517013));
#2606 = CARTESIAN_POINT('',(13.83496276631,-87.70836884317));
#2607 = CARTESIAN_POINT('',(13.823684497627,-87.7145459142));
#2608 = CARTESIAN_POINT('',(13.812354599611,-87.72061165073));
#2609 = CARTESIAN_POINT('',(13.800974424079,-87.72656605842));
#2610 = CARTESIAN_POINT('',(13.789545322978,-87.73240914314));
#2611 = CARTESIAN_POINT('',(13.778068647945,-87.73814091013));
#2612 = CARTESIAN_POINT('',(13.766545751228,-87.74376136621));
#2613 = CARTESIAN_POINT('',(13.754977984068,-87.74927051501));
#2614 = CARTESIAN_POINT('',(13.743366699108,-87.75466836538));
#2615 = CARTESIAN_POINT('',(13.731713247332,-87.75995491917));
#2616 = CARTESIAN_POINT('',(13.720018981391,-87.76513018597));
#2617 = CARTESIAN_POINT('',(13.708285252524,-87.77019416832));
#2618 = CARTESIAN_POINT('',(13.696513412966,-87.77514687401));
#2619 = CARTESIAN_POINT('',(13.684704814377,-87.77998830767));
#2620 = CARTESIAN_POINT('',(13.672860808682,-87.78471847544));
#2621 = CARTESIAN_POINT('',(13.661016965766,-87.78944888311));
#2622 = CARTESIAN_POINT('',(13.649136234971,-87.79406877734));
#2623 = CARTESIAN_POINT('',(13.637224308777,-87.79857678504));
#2624 = CARTESIAN_POINT('',(13.625277616638,-87.80297474514));
#2625 = CARTESIAN_POINT('',(13.613297536958,-87.80726275465));
#2626 = CARTESIAN_POINT('',(13.60128840765,-87.81143992005));
#2627 = CARTESIAN_POINT('',(13.5892530502,-87.81550593492));
#2628 = CARTESIAN_POINT('',(13.577191465383,-87.81946151902));
#2629 = CARTESIAN_POINT('',(13.56510285337,-87.82330765746));
#2630 = CARTESIAN_POINT('',(13.55298822469,-87.82704467518));
#2631 = CARTESIAN_POINT('',(13.540850514236,-87.83067220713));
#2632 = CARTESIAN_POINT('',(13.528691386425,-87.83419037781));
#2633 = CARTESIAN_POINT('',(13.516508728798,-87.83760068922));
#2634 = CARTESIAN_POINT('',(13.504306257407,-87.84090248874));
#2635 = CARTESIAN_POINT('',(13.479900977139,-87.84750630815));
#2636 = CARTESIAN_POINT('',(13.455412990068,-87.85367724823));
#2637 = CARTESIAN_POINT('',(13.430850568526,-87.8594181854));
#2638 = CARTESIAN_POINT('',(13.40622183535,-87.86473206944));
#2639 = CARTESIAN_POINT('',(13.381534764082,-87.86962192705));
#2640 = CARTESIAN_POINT('',(13.35679717858,-87.8740908545));
#2641 = CARTESIAN_POINT('',(13.332016753639,-87.87814203016));
#2642 = CARTESIAN_POINT('',(13.307201014165,-87.8817786965));
#2643 = CARTESIAN_POINT('',(13.2823573361,-87.88500418205));
#2644 = CARTESIAN_POINT('',(13.25749294554,-87.88782187858));
#2645 = CARTESIAN_POINT('',(13.232614919457,-87.8902352613));
#2646 = CARTESIAN_POINT('',(13.20773018519,-87.89224787368));
#2647 = CARTESIAN_POINT('',(13.182845520753,-87.89386333705));
#2648 = CARTESIAN_POINT('',(13.157967554679,-87.89508534559));
#2649 = CARTESIAN_POINT('',(13.108211700004,-87.89752911275));
#2650 = CARTESIAN_POINT('',(13.058482642908,-87.89839863904));
#2651 = CARTESIAN_POINT('',(13.008833635557,-87.89772261501));
#2652 = CARTESIAN_POINT('',(12.959315590866,-87.89553035469));
#2653 = CARTESIAN_POINT('',(12.90997715253,-87.89185154254));
#2654 = CARTESIAN_POINT('',(12.86086476531,-87.88671596915));
#2655 = CARTESIAN_POINT('',(12.812022744733,-87.88015328475));
#2656 = CARTESIAN_POINT('',(12.763493347897,-87.87219272956));
#2657 = CARTESIAN_POINT('',(12.71531684256,-87.86286288904));
#2658 = CARTESIAN_POINT('',(12.667531578447,-87.85219142703));
#2659 = CARTESIAN_POINT('',(12.620174056154,-87.84020483498));
#2660 = CARTESIAN_POINT('',(12.573278998237,-87.82692817178));
#2661 = CARTESIAN_POINT('',(12.526879418641,-87.81238480776));
#2662 = CARTESIAN_POINT('',(12.48100669317,-87.79659616751));
#2663 = ( GEOMETRIC_REPRESENTATION_CONTEXT(2) 
PARAMETRIC_REPRESENTATION_CONTEXT() REPRESENTATION_CONTEXT('2D SPACE',''
  ) );
#2664 = PCURVE('',#2665,#2670);
#2665 = CONICAL_SURFACE('',#2666,2.5,0.708626272128);
#2666 = AXIS2_PLACEMENT_3D('',#2667,#2668,#2669);
#2667 = CARTESIAN_POINT('',(84.,86.5,-13.31));
#2668 = DIRECTION('',(0.,0.,-1.));
#2669 = DIRECTION('',(1.,-0.,-0.));
#2670 = DEFINITIONAL_REPRESENTATION('',(#2671),#2716);
#2671 = B_SPLINE_CURVE_WITH_KNOTS('',8,(#2672,#2673,#2674,#2675,#2676,
    #2677,#2678,#2679,#2680,#2681,#2682,#2683,#2684,#2685,#2686,#2687,
    #2688,#2689,#2690,#2691,#2692,#2693,#2694,#2695,#2696,#2697,#2698,
    #2699,#2700,#2701,#2702,#2703,#2704,#2705,#2706,#2707,#2708,#2709,
    #2710,#2711,#2712,#2713,#2714,#2715),.UNSPECIFIED.,.F.,.F.,(9,7,7,7,
    7,7,9),(0.,0.20805634453,0.279395283169,0.42289303381,0.669605970205
    ,0.792012539833,1.),.UNSPECIFIED.);
#2672 = CARTESIAN_POINT('',(1.643177996824,-1.4));
#2673 = CARTESIAN_POINT('',(1.73082612084,-1.336594606255));
#2674 = CARTESIAN_POINT('',(1.81456299084,-1.272486340183));
#2675 = CARTESIAN_POINT('',(1.895365321562,-1.20832923268));
#2676 = CARTESIAN_POINT('',(1.973979274514,-1.144807547689));
#2677 = CARTESIAN_POINT('',(2.051039002256,-1.082632778069));
#2678 = CARTESIAN_POINT('',(2.127112503182,-1.022518024381));
#2679 = CARTESIAN_POINT('',(2.202711616863,-0.965149215406));
#2680 = CARTESIAN_POINT('',(2.304221970499,-0.892664987047));
#2681 = CARTESIAN_POINT('',(2.330127310483,-0.874565304627));
#2682 = CARTESIAN_POINT('',(2.35603195519,-0.856903052863));
#2683 = CARTESIAN_POINT('',(2.38194750485,-0.839707012528));
#2684 = CARTESIAN_POINT('',(2.407884000693,-0.823005093149));
#2685 = CARTESIAN_POINT('',(2.433849710929,-0.806824151924));
#2686 = CARTESIAN_POINT('',(2.45985091673,-0.791189812629));
#2687 = CARTESIAN_POINT('',(2.538272538744,-0.745826108506));
#2688 = CARTESIAN_POINT('',(2.5908495711,-0.717814591386));
#2689 = CARTESIAN_POINT('',(2.643608908657,-0.692321105985));
#2690 = CARTESIAN_POINT('',(2.69655547704,-0.669508784752));
#2691 = CARTESIAN_POINT('',(2.749691976127,-0.649489541996));
#2692 = CARTESIAN_POINT('',(2.803010047001,-0.632342105162));
#2693 = CARTESIAN_POINT('',(2.856478886992,-0.618124019894));
#2694 = CARTESIAN_POINT('',(3.002062845719,-0.587517354721));
#2695 = CARTESIAN_POINT('',(3.094817769835,-0.576817319963));
#2696 = CARTESIAN_POINT('',(3.187507021816,-0.575179432066));
#2697 = CARTESIAN_POINT('',(3.280069445288,-0.582364503707));
#2698 = CARTESIAN_POINT('',(3.372405033813,-0.598398145001));
#2699 = CARTESIAN_POINT('',(3.464465859084,-0.623273614607));
#2700 = CARTESIAN_POINT('',(3.556261507952,-0.65693955374));
#2701 = CARTESIAN_POINT('',(3.692268947857,-0.718880473529));
#2702 = CARTESIAN_POINT('',(3.737237519303,-0.741364142792));
#2703 = CARTESIAN_POINT('',(3.782056151222,-0.765702705452));
#2704 = CARTESIAN_POINT('',(3.82673521726,-0.79179303512));
#2705 = CARTESIAN_POINT('',(3.871302414949,-0.819516584985));
#2706 = CARTESIAN_POINT('',(3.915796630736,-0.848739887569));
#2707 = CARTESIAN_POINT('',(3.960264753426,-0.879315917446));
#2708 = CARTESIAN_POINT('',(4.080368096949,-0.965069078754));
#2709 = CARTESIAN_POINT('',(4.155981193577,-1.022445676649));
#2710 = CARTESIAN_POINT('',(4.232068498362,-1.082570004524));
#2711 = CARTESIAN_POINT('',(4.309142335665,-1.144756057459));
#2712 = CARTESIAN_POINT('',(4.387771009633,-1.208290356169));
#2713 = CARTESIAN_POINT('',(4.468588875921,-1.272460772508));
#2714 = CARTESIAN_POINT('',(4.552342120702,-1.336582260829));
#2715 = CARTESIAN_POINT('',(4.640007310355,-1.4));
#2716 = ( GEOMETRIC_REPRESENTATION_CONTEXT(2) 
PARAMETRIC_REPRESENTATION_CONTEXT() REPRESENTATION_CONTEXT('2D SPACE',''
  ) );
#2717 = ADVANCED_FACE('',(#2718),#2157,.T.);
#2718 = FACE_BOUND('',#2719,.T.);
#2719 = EDGE_LOOP('',(#2720,#2742,#2743,#2766,#2797,#2798));
#2720 = ORIENTED_EDGE('',*,*,#2721,.F.);
#2721 = EDGE_CURVE('',#2019,#2214,#2722,.T.);
#2722 = SURFACE_CURVE('',#2723,(#2728,#2735),.PCURVE_S1.);
#2723 = CIRCLE('',#2724,1.3);
#2724 = AXIS2_PLACEMENT_3D('',#2725,#2726,#2727);
#2725 = CARTESIAN_POINT('',(84.,86.5,-11.91));
#2726 = DIRECTION('',(0.,0.,-1.));
#2727 = DIRECTION('',(1.,0.,0.));
#2728 = PCURVE('',#2157,#2729);
#2729 = DEFINITIONAL_REPRESENTATION('',(#2730),#2734);
#2730 = LINE('',#2731,#2732);
#2731 = CARTESIAN_POINT('',(0.,-2.39));
#2732 = VECTOR('',#2733,1.);
#2733 = DIRECTION('',(1.,0.));
#2734 = ( GEOMETRIC_REPRESENTATION_CONTEXT(2) 
PARAMETRIC_REPRESENTATION_CONTEXT() REPRESENTATION_CONTEXT('2D SPACE',''
  ) );
#2735 = PCURVE('',#2665,#2736);
#2736 = DEFINITIONAL_REPRESENTATION('',(#2737),#2741);
#2737 = LINE('',#2738,#2739);
#2738 = CARTESIAN_POINT('',(0.,-1.4));
#2739 = VECTOR('',#2740,1.);
#2740 = DIRECTION('',(1.,-0.));
#2741 = ( GEOMETRIC_REPRESENTATION_CONTEXT(2) 
PARAMETRIC_REPRESENTATION_CONTEXT() REPRESENTATION_CONTEXT('2D SPACE',''
  ) );
#2742 = ORIENTED_EDGE('',*,*,#2016,.F.);
#2743 = ORIENTED_EDGE('',*,*,#2744,.T.);
#2744 = EDGE_CURVE('',#2017,#2745,#2747,.T.);
#2745 = VERTEX_POINT('',#2746);
#2746 = CARTESIAN_POINT('',(85.3,86.5,-4.3));
#2747 = SEAM_CURVE('',#2748,(#2752,#2759),.PCURVE_S1.);
#2748 = LINE('',#2749,#2750);
#2749 = CARTESIAN_POINT('',(85.3,86.5,-14.3));
#2750 = VECTOR('',#2751,1.);
#2751 = DIRECTION('',(-0.,-0.,1.));
#2752 = PCURVE('',#2157,#2753);
#2753 = DEFINITIONAL_REPRESENTATION('',(#2754),#2758);
#2754 = LINE('',#2755,#2756);
#2755 = CARTESIAN_POINT('',(6.28318530718,0.));
#2756 = VECTOR('',#2757,1.);
#2757 = DIRECTION('',(0.,-1.));
#2758 = ( GEOMETRIC_REPRESENTATION_CONTEXT(2) 
PARAMETRIC_REPRESENTATION_CONTEXT() REPRESENTATION_CONTEXT('2D SPACE',''
  ) );
#2759 = PCURVE('',#2157,#2760);
#2760 = DEFINITIONAL_REPRESENTATION('',(#2761),#2765);
#2761 = LINE('',#2762,#2763);
#2762 = CARTESIAN_POINT('',(0.,0.));
#2763 = VECTOR('',#2764,1.);
#2764 = DIRECTION('',(0.,-1.));
#2765 = ( GEOMETRIC_REPRESENTATION_CONTEXT(2) 
PARAMETRIC_REPRESENTATION_CONTEXT() REPRESENTATION_CONTEXT('2D SPACE',''
  ) );
#2766 = ORIENTED_EDGE('',*,*,#2767,.T.);
#2767 = EDGE_CURVE('',#2745,#2745,#2768,.T.);
#2768 = SURFACE_CURVE('',#2769,(#2774,#2781),.PCURVE_S1.);
#2769 = CIRCLE('',#2770,1.3);
#2770 = AXIS2_PLACEMENT_3D('',#2771,#2772,#2773);
#2771 = CARTESIAN_POINT('',(84.,86.5,-4.3));
#2772 = DIRECTION('',(0.,0.,-1.));
#2773 = DIRECTION('',(1.,-0.,-0.));
#2774 = PCURVE('',#2157,#2775);
#2775 = DEFINITIONAL_REPRESENTATION('',(#2776),#2780);
#2776 = LINE('',#2777,#2778);
#2777 = CARTESIAN_POINT('',(0.,-10.));
#2778 = VECTOR('',#2779,1.);
#2779 = DIRECTION('',(1.,0.));
#2780 = ( GEOMETRIC_REPRESENTATION_CONTEXT(2) 
PARAMETRIC_REPRESENTATION_CONTEXT() REPRESENTATION_CONTEXT('2D SPACE',''
  ) );
#2781 = PCURVE('',#2782,#2787);
#2782 = PLANE('',#2783);
#2783 = AXIS2_PLACEMENT_3D('',#2784,#2785,#2786);
#2784 = CARTESIAN_POINT('',(84.,86.5,-4.3));
#2785 = DIRECTION('',(-0.,-0.,1.));
#2786 = DIRECTION('',(-1.,0.,0.));
#2787 = DEFINITIONAL_REPRESENTATION('',(#2788),#2796);
#2788 = ( BOUNDED_CURVE() B_SPLINE_CURVE(2,(#2789,#2790,#2791,#2792,
#2793,#2794,#2795),.UNSPECIFIED.,.T.,.F.) B_SPLINE_CURVE_WITH_KNOTS((1,2
    ,2,2,2,1),(-2.094395102393,0.,2.094395102393,4.188790204786,
6.28318530718,8.377580409573),.UNSPECIFIED.) CURVE() 
GEOMETRIC_REPRESENTATION_ITEM() RATIONAL_B_SPLINE_CURVE((1.,0.5,1.,0.5,
1.,0.5,1.)) REPRESENTATION_ITEM('') );
#2789 = CARTESIAN_POINT('',(-1.3,0.));
#2790 = CARTESIAN_POINT('',(-1.3,2.25166604984));
#2791 = CARTESIAN_POINT('',(0.65,1.12583302492));
#2792 = CARTESIAN_POINT('',(2.6,3.184081677783E-16));
#2793 = CARTESIAN_POINT('',(0.65,-1.12583302492));
#2794 = CARTESIAN_POINT('',(-1.3,-2.25166604984));
#2795 = CARTESIAN_POINT('',(-1.3,0.));
#2796 = ( GEOMETRIC_REPRESENTATION_CONTEXT(2) 
PARAMETRIC_REPRESENTATION_CONTEXT() REPRESENTATION_CONTEXT('2D SPACE',''
  ) );
#2797 = ORIENTED_EDGE('',*,*,#2744,.F.);
#2798 = ORIENTED_EDGE('',*,*,#2213,.F.);
#2799 = ADVANCED_FACE('',(#2800),#2665,.T.);
#2800 = FACE_BOUND('',#2801,.F.);
#2801 = EDGE_LOOP('',(#2802,#2803));
#2802 = ORIENTED_EDGE('',*,*,#2721,.F.);
#2803 = ORIENTED_EDGE('',*,*,#2346,.T.);
#2804 = ADVANCED_FACE('',(#2805),#2782,.T.);
#2805 = FACE_BOUND('',#2806,.F.);
#2806 = EDGE_LOOP('',(#2807));
#2807 = ORIENTED_EDGE('',*,*,#2767,.T.);
#2808 = ( GEOMETRIC_REPRESENTATION_CONTEXT(3) 
GLOBAL_UNCERTAINTY_ASSIGNED_CONTEXT((#2812)) 
GLOBAL_UNIT_ASSIGNED_CONTEXT((#2809,#2810,#2811)) REPRESENTATION_CONTEXT
('Context #1','3D Context with UNIT and UNCERTAINTY') );
#2809 = ( LENGTH_UNIT() NAMED_UNIT(*) SI_UNIT(.MILLI.,.METRE.) );
#2810 = ( NAMED_UNIT(*) PLANE_ANGLE_UNIT() SI_UNIT($,.RADIAN.) );
#2811 = ( NAMED_UNIT(*) SI_UNIT($,.STERADIAN.) SOLID_ANGLE_UNIT() );
#2812 = UNCERTAINTY_MEASURE_WITH_UNIT(LENGTH_MEASURE(2.E-06),#2809,
  'distance_accuracy_value','confusion accuracy');
#2813 = CONTEXT_DEPENDENT_SHAPE_REPRESENTATION(#2814,#2816);
#2814 = ( REPRESENTATION_RELATIONSHIP('','',#2009,#10) 
REPRESENTATION_RELATIONSHIP_WITH_TRANSFORMATION(#2815) 
SHAPE_REPRESENTATION_RELATIONSHIP() );
#2815 = ITEM_DEFINED_TRANSFORMATION('','',#11,#31);
#2816 = PRODUCT_DEFINITION_SHAPE('Placement','Placement of an item',
  #2817);
#2817 = NEXT_ASSEMBLY_USAGE_OCCURRENCE('12','','',#5,#2004,$);
#2818 = PRODUCT_RELATED_PRODUCT_CATEGORY('part',$,(#2006));
#2819 = SHAPE_DEFINITION_REPRESENTATION(#2820,#2826);
#2820 = PRODUCT_DEFINITION_SHAPE('','',#2821);
#2821 = PRODUCT_DEFINITION('design','',#2822,#2825);
#2822 = PRODUCT_DEFINITION_FORMATION('','',#2823);
#2823 = PRODUCT('Open CASCADE STEP translator 7.9 4.6',
  'Open CASCADE STEP translator 7.9 4.6','',(#2824));
#2824 = PRODUCT_CONTEXT('',#2,'mechanical');
#2825 = PRODUCT_DEFINITION_CONTEXT('part definition',#2,'design');
#2826 = ADVANCED_BREP_SHAPE_REPRESENTATION('',(#11,#2827),#3625);
#2827 = MANIFOLD_SOLID_BREP('',#2828);
#2828 = CLOSED_SHELL('',(#2829,#3534,#3616,#3621));
#2829 = ADVANCED_FACE('',(#2830),#2867,.F.);
#2830 = FACE_BOUND('',#2831,.F.);
#2831 = EDGE_LOOP('',(#2832,#3051,#3188));
#2832 = ORIENTED_EDGE('',*,*,#2833,.F.);
#2833 = EDGE_CURVE('',#2834,#2836,#2838,.T.);
#2834 = VERTEX_POINT('',#2835);
#2835 = CARTESIAN_POINT('',(85.3,44.5,-11.02469816311));
#2836 = VERTEX_POINT('',#2837);
#2837 = CARTESIAN_POINT('',(83.905985970746,43.203403932482,-11.91));
#2838 = SURFACE_CURVE('',#2839,(#2866,#2995),.PCURVE_S1.);
#2839 = B_SPLINE_CURVE_WITH_KNOTS('',7,(#2840,#2841,#2842,#2843,#2844,
    #2845,#2846,#2847,#2848,#2849,#2850,#2851,#2852,#2853,#2854,#2855,
    #2856,#2857,#2858,#2859,#2860,#2861,#2862,#2863,#2864,#2865),
  .UNSPECIFIED.,.F.,.F.,(8,6,6,6,8),(0.,0.652017743989,1.,1.350853046925
    ,1.730118365416),.UNSPECIFIED.);
#2840 = CARTESIAN_POINT('',(85.3,44.5,-11.02469816311));
#2841 = CARTESIAN_POINT('',(85.3,44.372248247342,-11.02469816311));
#2842 = CARTESIAN_POINT('',(85.285352423693,44.244466871757,
    -11.03553659771));
#2843 = CARTESIAN_POINT('',(85.256052341642,44.120456266646,
    -11.05722016413));
#2844 = CARTESIAN_POINT('',(85.213634486131,44.002734070316,
    -11.0883773888));
#2845 = CARTESIAN_POINT('',(85.159840898623,43.892971008787,
    -11.127301619));
#2846 = CARTESIAN_POINT('',(85.096532839596,43.792166886776,
    -11.1722733369));
#2847 = CARTESIAN_POINT('',(84.987342127383,43.652075626115,
    -11.24824834968));
#2848 = CARTESIAN_POINT('',(84.947052744631,43.605961269201,
    -11.27601933249));
#2849 = CARTESIAN_POINT('',(84.904676372252,43.562529406734,
    -11.30492569809));
#2850 = CARTESIAN_POINT('',(84.860402492967,43.521812715851,
    -11.33478709742));
#2851 = CARTESIAN_POINT('',(84.814402626146,43.483833081788,
    -11.36544144794));
#2852 = CARTESIAN_POINT('',(84.766828844481,43.448605707275,
    -11.39674590555));
#2853 = CARTESIAN_POINT('',(84.668391359116,43.383412926931,
    -11.4606723751));
#2854 = CARTESIAN_POINT('',(84.61751068102,43.353497839709,
    -11.49329851732));
#2855 = CARTESIAN_POINT('',(84.565307384626,43.326412034561,
    -11.52632872567));
#2856 = CARTESIAN_POINT('',(84.51191262073,43.302175599503,
    -11.55964548488));
#2857 = CARTESIAN_POINT('',(84.457452610365,43.280814060625,
    -11.59314081393));
#2858 = CARTESIAN_POINT('',(84.402049692489,43.262357806429,
    -11.62671577813));
#2859 = CARTESIAN_POINT('',(84.285043812666,43.230068699935,
    -11.69656227329));
#2860 = CARTESIAN_POINT('',(84.22330799532,43.216732947687,
    -11.73282842033));
#2861 = CARTESIAN_POINT('',(84.160768403406,43.206878504483,
    -11.76896326718));
#2862 = CARTESIAN_POINT('',(84.097587061109,43.200558933276,
    -11.80485482726));
#2863 = CARTESIAN_POINT('',(84.033936965922,43.197833260572,
    -11.84039440966));
#2864 = CARTESIAN_POINT('',(83.970003521539,43.198762126104,
    -11.87547672647));
#2865 = CARTESIAN_POINT('',(83.905985970746,43.203403932482,-11.91));
#2866 = PCURVE('',#2867,#2894);
#2867 = SURFACE_OF_LINEAR_EXTRUSION('',#2868,#2892);
#2868 = B_SPLINE_CURVE_WITH_KNOTS('',3,(#2869,#2870,#2871,#2872,#2873,
    #2874,#2875,#2876,#2877,#2878,#2879,#2880,#2881,#2882,#2883,#2884,
    #2885,#2886,#2887,#2888,#2889,#2890,#2891),.UNSPECIFIED.,.F.,.F.,(4,
    1,1,1,1,1,1,1,1,1,1,1,1,1,1,1,1,1,1,1,4),(0.,0.91082772561,
    1.821655451221,2.732483176831,3.643310902442,4.554138628052,
    5.464966353662,6.375794079273,7.286621804883,8.197449530494,
    9.108277256104,10.019104981714,10.929932707325,11.840760432935,
    12.751588158545,13.662415884156,14.573243609766,15.484071335377,
    16.394899060987,17.305726786597,18.216554512208),.UNSPECIFIED.);
#2869 = CARTESIAN_POINT('',(90.,-9.999999406318E-08,-1.7));
#2870 = CARTESIAN_POINT('',(90.000036593254,-9.999999406318E-08,
    -2.003690748846));
#2871 = CARTESIAN_POINT('',(89.97611920983,-9.999999406318E-08,
    -2.611060041666));
#2872 = CARTESIAN_POINT('',(89.868974303539,-9.999999406318E-08,
    -3.516506793557));
#2873 = CARTESIAN_POINT('',(89.691092081434,-9.999999406318E-08,
    -4.410751550906));
#2874 = CARTESIAN_POINT('',(89.443603830402,-9.999999406318E-08,
    -5.288284327191));
#2875 = CARTESIAN_POINT('',(89.128026131099,-9.999999406318E-08,
    -6.143693948827));
#2876 = CARTESIAN_POINT('',(88.746307107988,-9.999999406318E-08,
    -6.971706770112));
#2877 = CARTESIAN_POINT('',(88.300799520461,-9.999999406318E-08,
    -7.767217752598));
#2878 = CARTESIAN_POINT('',(87.794250249215,-9.999999406318E-08,
    -8.525322323726));
#2879 = CARTESIAN_POINT('',(87.229782291177,-9.999999406318E-08,
    -9.241346512054));
#2880 = CARTESIAN_POINT('',(86.610875791838,-9.999999406318E-08,
    -9.910875791838));
#2881 = CARTESIAN_POINT('',(85.941346512054,-9.999999406318E-08,
    -10.52978229117));
#2882 = CARTESIAN_POINT('',(85.225322323726,-9.999999406318E-08,
    -11.09425024921));
#2883 = CARTESIAN_POINT('',(84.467217752598,-9.999999406318E-08,
    -11.60079952046));
#2884 = CARTESIAN_POINT('',(83.671706770112,-9.999999406318E-08,
    -12.04630710798));
#2885 = CARTESIAN_POINT('',(82.843693948827,-9.999999406318E-08,
    -12.42802613109));
#2886 = CARTESIAN_POINT('',(81.988284327191,-9.999999406318E-08,
    -12.7436038304));
#2887 = CARTESIAN_POINT('',(81.110751550906,-9.999999406318E-08,
    -12.99109208143));
#2888 = CARTESIAN_POINT('',(80.216506793557,-9.999999406318E-08,
    -13.16897430353));
#2889 = CARTESIAN_POINT('',(79.311060041666,-9.999999406318E-08,
    -13.27611920983));
#2890 = CARTESIAN_POINT('',(78.703690748846,-9.999999406318E-08,
    -13.30003659325));
#2891 = CARTESIAN_POINT('',(78.4,-9.999999406318E-08,-13.3));
#2892 = VECTOR('',#2893,1.);
#2893 = DIRECTION('',(-0.,-1.,-0.));
#2894 = DEFINITIONAL_REPRESENTATION('',(#2895),#2994);
#2895 = B_SPLINE_CURVE_WITH_KNOTS('',13,(#2896,#2897,#2898,#2899,#2900,
    #2901,#2902,#2903,#2904,#2905,#2906,#2907,#2908,#2909,#2910,#2911,
    #2912,#2913,#2914,#2915,#2916,#2917,#2918,#2919,#2920,#2921,#2922,
    #2923,#2924,#2925,#2926,#2927,#2928,#2929,#2930,#2931,#2932,#2933,
    #2934,#2935,#2936,#2937,#2938,#2939,#2940,#2941,#2942,#2943,#2944,
    #2945,#2946,#2947,#2948,#2949,#2950,#2951,#2952,#2953,#2954,#2955,
    #2956,#2957,#2958,#2959,#2960,#2961,#2962,#2963,#2964,#2965,#2966,
    #2967,#2968,#2969,#2970,#2971,#2972,#2973,#2974,#2975,#2976,#2977,
    #2978,#2979,#2980,#2981,#2982,#2983,#2984,#2985,#2986,#2987,#2988,
    #2989,#2990,#2991,#2992,#2993),.UNSPECIFIED.,.F.,.F.,(14,12,12,12,12
    ,12,12,12,14),(0.,0.432529591354,0.648794387031,0.865059182708,
    0.973191580547,1.081323978385,1.297588774062,1.513853569739,
    1.730118365416),.UNSPECIFIED.);
#2896 = CARTESIAN_POINT('',(10.828660233935,-44.5000001));
#2897 = CARTESIAN_POINT('',(10.828660233935,-44.45436721097));
#2898 = CARTESIAN_POINT('',(10.830818634705,-44.40873083027));
#2899 = CARTESIAN_POINT('',(10.835135446424,-44.3632266815));
#2900 = CARTESIAN_POINT('',(10.841591549588,-44.31797838915));
#2901 = CARTESIAN_POINT('',(10.8501519167,-44.27309833911));
#2902 = CARTESIAN_POINT('',(10.860768522048,-44.22868847798));
#2903 = CARTESIAN_POINT('',(10.873382939478,-44.18484105359));
#2904 = CARTESIAN_POINT('',(10.887928627775,-44.14163929141));
#2905 = CARTESIAN_POINT('',(10.904332904819,-44.09915801579));
#2906 = CARTESIAN_POINT('',(10.922518608542,-44.05746420416));
#2907 = CARTESIAN_POINT('',(10.942405447118,-44.01661748692));
#2908 = CARTESIAN_POINT('',(10.96391103606,-43.97667058188));
#2909 = CARTESIAN_POINT('',(10.998471917936,-43.91816921582));
#2910 = CARTESIAN_POINT('',(11.010375992742,-43.89890526497));
#2911 = CARTESIAN_POINT('',(11.022653406379,-43.87988359432));
#2912 = CARTESIAN_POINT('',(11.035293662164,-43.86110957795));
#2913 = CARTESIAN_POINT('',(11.048286236052,-43.84258819814));
#2914 = CARTESIAN_POINT('',(11.061620605505,-43.82432406148));
#2915 = CARTESIAN_POINT('',(11.075286275778,-43.80632140459));
#2916 = CARTESIAN_POINT('',(11.08927280973,-43.78858411408));
#2917 = CARTESIAN_POINT('',(11.103569853595,-43.77111573005));
#2918 = CARTESIAN_POINT('',(11.118167166667,-43.75391946573));
#2919 = CARTESIAN_POINT('',(11.133054647782,-43.73699821375));
#2920 = CARTESIAN_POINT('',(11.148222363996,-43.72035456166));
#2921 = CARTESIAN_POINT('',(11.179098792055,-43.68762704273));
#2922 = CARTESIAN_POINT('',(11.194806983888,-43.6715436768));
#2923 = CARTESIAN_POINT('',(11.210804644378,-43.65571243386));
#2924 = CARTESIAN_POINT('',(11.227008938448,-43.64021456231));
#2925 = CARTESIAN_POINT('',(11.243562815333,-43.62488985109));
#2926 = CARTESIAN_POINT('',(11.260223685571,-43.60999070974));
#2927 = CARTESIAN_POINT('',(11.277270029942,-43.59521203924));
#2928 = CARTESIAN_POINT('',(11.294420573483,-43.58084792298));
#2929 = CARTESIAN_POINT('',(11.311873617264,-43.56667927218));
#2930 = CARTESIAN_POINT('',(11.32950298464,-43.55283444107));
#2931 = CARTESIAN_POINT('',(11.347353919572,-43.53925843352));
#2932 = CARTESIAN_POINT('',(11.365403560513,-43.52596930632));
#2933 = CARTESIAN_POINT('',(11.392771390712,-43.50646157168));
#2934 = CARTESIAN_POINT('',(11.401942815439,-43.50003007419));
#2935 = CARTESIAN_POINT('',(11.411162253768,-43.49366973046));
#2936 = CARTESIAN_POINT('',(11.420428917394,-43.48738061061));
#2937 = CARTESIAN_POINT('',(11.429742030744,-43.48116278304));
#2938 = CARTESIAN_POINT('',(11.439100831107,-43.47501631262));
#2939 = CARTESIAN_POINT('',(11.448504568316,-43.46894126291));
#2940 = CARTESIAN_POINT('',(11.457952505269,-43.46293769387));
#2941 = CARTESIAN_POINT('',(11.467443917294,-43.45700566393));
#2942 = CARTESIAN_POINT('',(11.476978092749,-43.45114522831));
#2943 = CARTESIAN_POINT('',(11.486554332575,-43.44535644022));
#2944 = CARTESIAN_POINT('',(11.496171950558,-43.43963935015));
#2945 = CARTESIAN_POINT('',(11.515488595864,-43.42834866225));
#2946 = CARTESIAN_POINT('',(11.525187519386,-43.42277512281));
#2947 = CARTESIAN_POINT('',(11.534926754025,-43.4172732287));
#2948 = CARTESIAN_POINT('',(11.544705345638,-43.41184319074));
#2949 = CARTESIAN_POINT('',(11.554522384292,-43.40648519811));
#2950 = CARTESIAN_POINT('',(11.564377177828,-43.40119932638));
#2951 = CARTESIAN_POINT('',(11.574269169807,-43.39598557947));
#2952 = CARTESIAN_POINT('',(11.584197799149,-43.39084397289));
#2953 = CARTESIAN_POINT('',(11.594162424634,-43.38577456912));
#2954 = CARTESIAN_POINT('',(11.60416235307,-43.38077746655));
#2955 = CARTESIAN_POINT('',(11.614196937028,-43.37585274096));
#2956 = CARTESIAN_POINT('',(11.624265623902,-43.3710004211));
#2957 = CARTESIAN_POINT('',(11.654572042703,-43.35666094661));
#2958 = CARTESIAN_POINT('',(11.674910137481,-43.34739125773));
#2959 = CARTESIAN_POINT('',(11.695377132202,-43.33841209519));
#2960 = CARTESIAN_POINT('',(11.715968174408,-43.32972405978));
#2961 = CARTESIAN_POINT('',(11.73667847527,-43.32132778966));
#2962 = CARTESIAN_POINT('',(11.757503308819,-43.3132239565));
#2963 = CARTESIAN_POINT('',(11.778438012994,-43.305413271));
#2964 = CARTESIAN_POINT('',(11.799477988471,-43.29789647643));
#2965 = CARTESIAN_POINT('',(11.820618699747,-43.29067435493));
#2966 = CARTESIAN_POINT('',(11.841855674305,-43.28374772235));
#2967 = CARTESIAN_POINT('',(11.863184503149,-43.27711743178));
#2968 = CARTESIAN_POINT('',(11.884600840521,-43.27078437158));
#2969 = CARTESIAN_POINT('',(11.927599967527,-43.25871456089));
#2970 = CARTESIAN_POINT('',(11.949182638602,-43.25297782849));
#2971 = CARTESIAN_POINT('',(11.970845723956,-43.24753979707));
#2972 = CARTESIAN_POINT('',(11.99257414699,-43.24240403484));
#2973 = CARTESIAN_POINT('',(12.014405445787,-43.23756143978));
#2974 = CARTESIAN_POINT('',(12.036235304638,-43.23303721199));
#2975 = CARTESIAN_POINT('',(12.058215479502,-43.22879478336));
#2976 = CARTESIAN_POINT('',(12.080169595789,-43.22487678034));
#2977 = CARTESIAN_POINT('',(12.102233459194,-43.22125056859));
#2978 = CARTESIAN_POINT('',(12.124317455652,-43.21793789241));
#2979 = CARTESIAN_POINT('',(12.146455419582,-43.21493075523));
#2980 = CARTESIAN_POINT('',(12.168630785834,-43.21223332657));
#2981 = CARTESIAN_POINT('',(12.213052265574,-43.20745924234));
#2982 = CARTESIAN_POINT('',(12.235298123796,-43.20538261406));
#2983 = CARTESIAN_POINT('',(12.25757462742,-43.20361770431));
#2984 = CARTESIAN_POINT('',(12.279877255299,-43.20216582274));
#2985 = CARTESIAN_POINT('',(12.302201438299,-43.20102828566));
#2986 = CARTESIAN_POINT('',(12.324542558911,-43.2002064127));
#2987 = CARTESIAN_POINT('',(12.346895951823,-43.19970153207));
#2988 = CARTESIAN_POINT('',(12.369256903233,-43.19951497375));
#2989 = CARTESIAN_POINT('',(12.391620651529,-43.1996480768));
#2990 = CARTESIAN_POINT('',(12.413982386729,-43.20010218282));
#2991 = CARTESIAN_POINT('',(12.436337250867,-43.20087864084));
#2992 = CARTESIAN_POINT('',(12.458680337772,-43.20197880427));
#2993 = CARTESIAN_POINT('',(12.48100669317,-43.20340403248));
#2994 = ( GEOMETRIC_REPRESENTATION_CONTEXT(2) 
PARAMETRIC_REPRESENTATION_CONTEXT() REPRESENTATION_CONTEXT('2D SPACE',''
  ) );
#2995 = PCURVE('',#2996,#3001);
#2996 = CYLINDRICAL_SURFACE('',#2997,1.3);
#2997 = AXIS2_PLACEMENT_3D('',#2998,#2999,#3000);
#2998 = CARTESIAN_POINT('',(84.,44.5,-14.3));
#2999 = DIRECTION('',(-0.,0.,-1.));
#3000 = DIRECTION('',(1.,-0.,-0.));
#3001 = DEFINITIONAL_REPRESENTATION('',(#3002),#3050);
#3002 = B_SPLINE_CURVE_WITH_KNOTS('',3,(#3003,#3004,#3005,#3006,#3007,
    #3008,#3009,#3010,#3011,#3012,#3013,#3014,#3015,#3016,#3017,#3018,
    #3019,#3020,#3021,#3022,#3023,#3024,#3025,#3026,#3027,#3028,#3029,
    #3030,#3031,#3032,#3033,#3034,#3035,#3036,#3037,#3038,#3039,#3040,
    #3041,#3042,#3043,#3044,#3045,#3046,#3047,#3048,#3049),
  .UNSPECIFIED.,.F.,.F.,(4,1,1,1,1,1,1,1,1,1,1,1,1,1,1,1,1,1,1,1,1,1,1,1
    ,1,1,1,1,1,1,1,1,1,1,1,1,1,1,1,1,1,1,1,1,4),(0.,3.932087194128E-02,
    7.864174388256E-02,0.117962615824,0.157283487765,0.196604359706,
    0.235925231648,0.275246103589,0.31456697553,0.353887847472,
    0.393208719413,0.432529591354,0.471850463295,0.511171335237,
    0.550492207178,0.589813079119,0.62913395106,0.668454823002,
    0.707775694943,0.747096566884,0.786417438826,0.825738310767,
    0.865059182708,0.904380054649,0.943700926591,0.983021798532,
    1.022342670473,1.061663542415,1.100984414356,1.140305286297,
    1.179626158238,1.21894703018,1.258267902121,1.297588774062,
    1.336909646004,1.376230517945,1.415551389886,1.454872261827,
    1.494193133769,1.53351400571,1.572834877651,1.612155749592,
    1.651476621534,1.690797493475,1.730118365416),
  .QUASI_UNIFORM_KNOTS.);
#3003 = CARTESIAN_POINT('',(0.,-3.27530183689));
#3004 = CARTESIAN_POINT('',(1.382889729494E-02,-3.275302915048));
#3005 = CARTESIAN_POINT('',(4.148496472548E-02,-3.274749073509));
#3006 = CARTESIAN_POINT('',(8.291579751656E-02,-3.272271646247));
#3007 = CARTESIAN_POINT('',(0.124242083388,-3.268164235421));
#3008 = CARTESIAN_POINT('',(0.165423714684,-3.262459787694));
#3009 = CARTESIAN_POINT('',(0.206426312733,-3.255199727272));
#3010 = CARTESIAN_POINT('',(0.247221352801,-3.246434046385));
#3011 = CARTESIAN_POINT('',(0.287785023873,-3.236219460804));
#3012 = CARTESIAN_POINT('',(0.328097621644,-3.224618247747));
#3013 = CARTESIAN_POINT('',(0.368142962498,-3.211697053061));
#3014 = CARTESIAN_POINT('',(0.407907930631,-3.197525845845));
#3015 = CARTESIAN_POINT('',(0.447382100031,-3.182176964099));
#3016 = CARTESIAN_POINT('',(0.486557450238,-3.165724241998));
#3017 = CARTESIAN_POINT('',(0.525428078473,-3.148242255872));
#3018 = CARTESIAN_POINT('',(0.563990222327,-3.129805493121));
#3019 = CARTESIAN_POINT('',(0.602241401181,-3.110488133128));
#3020 = CARTESIAN_POINT('',(0.640183120611,-3.090361822809));
#3021 = CARTESIAN_POINT('',(0.677810568524,-3.069501170289));
#3022 = CARTESIAN_POINT('',(0.715168465463,-3.047950833689));
#3023 = CARTESIAN_POINT('',(0.752271712436,-3.025768313131));
#3024 = CARTESIAN_POINT('',(0.789135353644,-3.003008918538));
#3025 = CARTESIAN_POINT('',(0.825774613567,-2.979725417802));
#3026 = CARTESIAN_POINT('',(0.862205014882,-2.95596807217));
#3027 = CARTESIAN_POINT('',(0.898442472575,-2.931784575823));
#3028 = CARTESIAN_POINT('',(0.934503441937,-2.907219991471));
#3029 = CARTESIAN_POINT('',(0.970404914068,-2.882316797671));
#3030 = CARTESIAN_POINT('',(1.006165005562,-2.857114493254));
#3031 = CARTESIAN_POINT('',(1.04179794224,-2.831653354176));
#3032 = CARTESIAN_POINT('',(1.077321379128,-2.805969315484));
#3033 = CARTESIAN_POINT('',(1.112751685902,-2.780097472846));
#3034 = CARTESIAN_POINT('',(1.14810488484,-2.754071527833));
#3035 = CARTESIAN_POINT('',(1.183396561895,-2.727923964126));
#3036 = CARTESIAN_POINT('',(1.218642046712,-2.701686027848));
#3037 = CARTESIAN_POINT('',(1.253856512161,-2.675387760461));
#3038 = CARTESIAN_POINT('',(1.289055089604,-2.649058017286));
#3039 = CARTESIAN_POINT('',(1.324252959428,-2.622724490967));
#3040 = CARTESIAN_POINT('',(1.359462695809,-2.596415845232));
#3041 = CARTESIAN_POINT('',(1.394698839088,-2.570158368208));
#3042 = CARTESIAN_POINT('',(1.42997473995,-2.543978425157));
#3043 = CARTESIAN_POINT('',(1.465303314361,-2.517901958485));
#3044 = CARTESIAN_POINT('',(1.500696955148,-2.491954616846));
#3045 = CARTESIAN_POINT('',(1.536167662622,-2.466161719286));
#3046 = CARTESIAN_POINT('',(1.571727100614,-2.440548250136));
#3047 = CARTESIAN_POINT('',(1.607386687335,-2.415138895884));
#3048 = CARTESIAN_POINT('',(1.631233945933,-2.398351554197));
#3049 = CARTESIAN_POINT('',(1.643177996824,-2.39));
#3050 = ( GEOMETRIC_REPRESENTATION_CONTEXT(2) 
PARAMETRIC_REPRESENTATION_CONTEXT() REPRESENTATION_CONTEXT('2D SPACE',''
  ) );
#3051 = ORIENTED_EDGE('',*,*,#3052,.F.);
#3052 = EDGE_CURVE('',#3053,#2834,#3055,.T.);
#3053 = VERTEX_POINT('',#3054);
#3054 = CARTESIAN_POINT('',(83.905985970746,45.796596067518,-11.91));
#3055 = SURFACE_CURVE('',#3056,(#3083,#3158),.PCURVE_S1.);
#3056 = B_SPLINE_CURVE_WITH_KNOTS('',7,(#3057,#3058,#3059,#3060,#3061,
    #3062,#3063,#3064,#3065,#3066,#3067,#3068,#3069,#3070,#3071,#3072,
    #3073,#3074,#3075,#3076,#3077,#3078,#3079,#3080,#3081,#3082),
  .UNSPECIFIED.,.F.,.F.,(8,6,6,6,8),(0.,0.225376473002,0.473501699391,
    0.697352332218,1.),.UNSPECIFIED.);
#3057 = CARTESIAN_POINT('',(83.905984858148,45.796595986845,-11.9100006)
  );
#3058 = CARTESIAN_POINT('',(83.9718200592,45.801369644814,
    -11.87449711646));
#3059 = CARTESIAN_POINT('',(84.037565889258,45.802216508361,
    -11.8384026205));
#3060 = CARTESIAN_POINT('',(84.103006089975,45.799200177686,
    -11.8018275829));
#3061 = CARTESIAN_POINT('',(84.167939658004,45.792386643068,
    -11.76488649667));
#3062 = CARTESIAN_POINT('',(84.232179181851,45.781839946883,
    -11.72769778398));
#3063 = CARTESIAN_POINT('',(84.295549178732,45.767617845615,
    -11.69038370311));
#3064 = CARTESIAN_POINT('',(84.426511597696,45.730115340626,
    -11.61199051192));
#3065 = CARTESIAN_POINT('',(84.493872268226,45.706068807309,
    -11.57091897527));
#3066 = CARTESIAN_POINT('',(84.559754447121,45.677690568177,
    -11.53001869732));
#3067 = CARTESIAN_POINT('',(84.623933092664,45.64502969194,
    -11.48947577399));
#3068 = CARTESIAN_POINT('',(84.686170567438,45.608128043262,
    -11.44949866015));
#3069 = CARTESIAN_POINT('',(84.746214280594,45.567019738858,
    -11.41031967766));
#3070 = CARTESIAN_POINT('',(84.855735865724,45.480858943009,
    -11.33780720599));
#3071 = CARTESIAN_POINT('',(84.905659425713,45.436596261165,
    -11.30428560435));
#3072 = CARTESIAN_POINT('',(84.953365252783,45.388950858651,
    -11.27182292515));
#3073 = CARTESIAN_POINT('',(84.998613822312,45.337950708897,
    -11.24064513374));
#3074 = CARTESIAN_POINT('',(85.041129549736,45.283647507213,
    -11.21101343259));
#3075 = CARTESIAN_POINT('',(85.080607673142,45.226128936352,
    -11.18321852292));
#3076 = CARTESIAN_POINT('',(85.165547661633,45.083604931781,
    -11.12289499436));
#3077 = CARTESIAN_POINT('',(85.208283328982,44.995951734688,
    -11.09210202517));
#3078 = CARTESIAN_POINT('',(85.243979722286,44.903081967028,
    -11.06605793706));
#3079 = CARTESIAN_POINT('',(85.2716864744,44.805767228998,
    -11.04564976492));
#3080 = CARTESIAN_POINT('',(85.290567697741,44.705091214423,
    -11.03167776679));
#3081 = CARTESIAN_POINT('',(85.3,44.602518818123,-11.02469816311));
#3082 = CARTESIAN_POINT('',(85.3,44.5,-11.02469816311));
#3083 = PCURVE('',#2867,#3084);
#3084 = DEFINITIONAL_REPRESENTATION('',(#3085),#3157);
#3085 = B_SPLINE_CURVE_WITH_KNOTS('',14,(#3086,#3087,#3088,#3089,#3090,
    #3091,#3092,#3093,#3094,#3095,#3096,#3097,#3098,#3099,#3100,#3101,
    #3102,#3103,#3104,#3105,#3106,#3107,#3108,#3109,#3110,#3111,#3112,
    #3113,#3114,#3115,#3116,#3117,#3118,#3119,#3120,#3121,#3122,#3123,
    #3124,#3125,#3126,#3127,#3128,#3129,#3130,#3131,#3132,#3133,#3134,
    #3135,#3136,#3137,#3138,#3139,#3140,#3141,#3142,#3143,#3144,#3145,
    #3146,#3147,#3148,#3149,#3150,#3151,#3152,#3153,#3154,#3155,#3156),
  .UNSPECIFIED.,.F.,.F.,(15,14,14,14,14,15),(5.441150895115E-07,
    0.250000408086,0.500000272058,0.625000204043,0.750000136029,1.),
  .UNSPECIFIED.);
#3086 = CARTESIAN_POINT('',(12.48100669317,-45.79659616751));
#3087 = CARTESIAN_POINT('',(12.439532384381,-45.79924377078));
#3088 = CARTESIAN_POINT('',(12.397999880825,-45.80077616599));
#3089 = CARTESIAN_POINT('',(12.356443413356,-45.80120237604));
#3090 = CARTESIAN_POINT('',(12.314889076608,-45.80052988773));
#3091 = CARTESIAN_POINT('',(12.27336939211,-45.79876777105));
#3092 = CARTESIAN_POINT('',(12.231915265322,-45.79592485525));
#3093 = CARTESIAN_POINT('',(12.190553662602,-45.79200912172));
#3094 = CARTESIAN_POINT('',(12.149311582966,-45.78702845318));
#3095 = CARTESIAN_POINT('',(12.108218702939,-45.7809911686));
#3096 = CARTESIAN_POINT('',(12.067304659414,-45.77390537296));
#3097 = CARTESIAN_POINT('',(12.026594750126,-45.76577792843));
#3098 = CARTESIAN_POINT('',(11.986112082145,-45.75661472136));
#3099 = CARTESIAN_POINT('',(11.945887321768,-45.74642269458));
#3100 = CARTESIAN_POINT('',(11.905951437086,-45.73520888601));
#3101 = CARTESIAN_POINT('',(11.866015218569,-45.72399509992));
#3102 = CARTESIAN_POINT('',(11.826363116241,-45.71175739113));
#3103 = CARTESIAN_POINT('',(11.787032179548,-45.69850874702));
#3104 = CARTESIAN_POINT('',(11.748020178573,-45.68423408888));
#3105 = CARTESIAN_POINT('',(11.709408255024,-45.66897464245));
#3106 = CARTESIAN_POINT('',(11.671167498892,-45.65269533876));
#3107 = CARTESIAN_POINT('',(11.63335189609,-45.63541661335));
#3108 = CARTESIAN_POINT('',(11.596022840854,-45.61716341031));
#3109 = CARTESIAN_POINT('',(11.559161027291,-45.59790457104));
#3110 = CARTESIAN_POINT('',(11.522804706091,-45.57764657917));
#3111 = CARTESIAN_POINT('',(11.487058786488,-45.55644070053));
#3112 = CARTESIAN_POINT('',(11.451847868127,-45.53421501038));
#3113 = CARTESIAN_POINT('',(11.417294172689,-45.51102800267));
#3114 = CARTESIAN_POINT('',(11.383405974006,-45.48686295452));
#3115 = CARTESIAN_POINT('',(11.366462134738,-45.47478047231));
#3116 = CARTESIAN_POINT('',(11.349685858441,-45.4624543798));
#3117 = CARTESIAN_POINT('',(11.333082086277,-45.44988496964));
#3118 = CARTESIAN_POINT('',(11.316655922387,-45.43707262118));
#3119 = CARTESIAN_POINT('',(11.300412635538,-45.42401781085));
#3120 = CARTESIAN_POINT('',(11.284357656176,-45.41072109284));
#3121 = CARTESIAN_POINT('',(11.268496580728,-45.39718312863));
#3122 = CARTESIAN_POINT('',(11.252835166375,-45.38340464916));
#3123 = CARTESIAN_POINT('',(11.237379336402,-45.36938649595));
#3124 = CARTESIAN_POINT('',(11.222135175552,-45.35512958289));
#3125 = CARTESIAN_POINT('',(11.207108933464,-45.34063492668));
#3126 = CARTESIAN_POINT('',(11.1923070225,-45.3259036261));
#3127 = CARTESIAN_POINT('',(11.177736018917,-45.31093687397));
#3128 = CARTESIAN_POINT('',(11.163402662333,-45.29573595139));
#3129 = CARTESIAN_POINT('',(11.149068642126,-45.28053426924));
#3130 = CARTESIAN_POINT('',(11.134979173996,-45.26510820461));
#3131 = CARTESIAN_POINT('',(11.121093288618,-45.24939331922));
#3132 = CARTESIAN_POINT('',(11.107612478914,-45.23365897994));
#3133 = CARTESIAN_POINT('',(11.093974505704,-45.21712690962));
#3134 = CARTESIAN_POINT('',(11.081430202092,-45.20149428568));
#3135 = CARTESIAN_POINT('',(11.067917492574,-45.18396036546));
#3136 = CARTESIAN_POINT('',(11.05607052132,-45.16805580028));
#3137 = CARTESIAN_POINT('',(11.043380042475,-45.15043869074));
#3138 = CARTESIAN_POINT('',(11.031640643119,-45.13345280192));
#3139 = CARTESIAN_POINT('',(11.019925452185,-45.11589642186));
#3140 = CARTESIAN_POINT('',(11.008604067523,-45.09822935819));
#3141 = CARTESIAN_POINT('',(10.997584274245,-45.08033230375));
#3142 = CARTESIAN_POINT('',(10.986894023699,-45.06223299051));
#3143 = CARTESIAN_POINT('',(10.965513318577,-45.02603408758));
#3144 = CARTESIAN_POINT('',(10.945441748199,-44.98901624647));
#3145 = CARTESIAN_POINT('',(10.92674756505,-44.95121746379));
#3146 = CARTESIAN_POINT('',(10.909497601488,-44.9126804705));
#3147 = CARTESIAN_POINT('',(10.893756787571,-44.87345295663));
#3148 = CARTESIAN_POINT('',(10.879587500521,-44.83358780344));
#3149 = CARTESIAN_POINT('',(10.867048761246,-44.79314336125));
#3150 = CARTESIAN_POINT('',(10.856195252891,-44.75218371068));
#3151 = CARTESIAN_POINT('',(10.847076195995,-44.71077899327));
#3152 = CARTESIAN_POINT('',(10.839734039323,-44.66900571009));
#3153 = CARTESIAN_POINT('',(10.834203008039,-44.62694709087));
#3154 = CARTESIAN_POINT('',(10.830507472728,-44.58469344466));
#3155 = CARTESIAN_POINT('',(10.828660166689,-44.54234255819));
#3156 = CARTESIAN_POINT('',(10.828660233935,-44.5000001));
#3157 = ( GEOMETRIC_REPRESENTATION_CONTEXT(2) 
PARAMETRIC_REPRESENTATION_CONTEXT() REPRESENTATION_CONTEXT('2D SPACE',''
  ) );
#3158 = PCURVE('',#2996,#3159);
#3159 = DEFINITIONAL_REPRESENTATION('',(#3160),#3187);
#3160 = B_SPLINE_CURVE_WITH_KNOTS('',7,(#3161,#3162,#3163,#3164,#3165,
    #3166,#3167,#3168,#3169,#3170,#3171,#3172,#3173,#3174,#3175,#3176,
    #3177,#3178,#3179,#3180,#3181,#3182,#3183,#3184,#3185,#3186),
  .UNSPECIFIED.,.F.,.F.,(8,6,6,6,8),(0.,0.225376473002,0.473501699391,
    0.697352332218,1.),.UNSPECIFIED.);
#3161 = CARTESIAN_POINT('',(4.640006452264,-2.3899994));
#3162 = CARTESIAN_POINT('',(4.6907818686,-2.425502883536));
#3163 = CARTESIAN_POINT('',(4.741270162207,-2.461597379494));
#3164 = CARTESIAN_POINT('',(4.791523159701,-2.498172417096));
#3165 = CARTESIAN_POINT('',(4.841592857544,-2.535113503328));
#3166 = CARTESIAN_POINT('',(4.891534355671,-2.572302216012));
#3167 = CARTESIAN_POINT('',(4.941408791108,-2.609616296884));
#3168 = CARTESIAN_POINT('',(5.04619821947,-2.688009488072));
#3169 = CARTESIAN_POINT('',(5.101104224207,-2.729081024724));
#3170 = CARTESIAN_POINT('',(5.156104378185,-2.769981302679));
#3171 = CARTESIAN_POINT('',(5.211292743016,-2.81052422601));
#3172 = CARTESIAN_POINT('',(5.266762799473,-2.850501339843));
#3173 = CARTESIAN_POINT('',(5.32261527079,-2.889680322336));
#3174 = CARTESIAN_POINT('',(5.429808234964,-2.962192794007));
#3175 = CARTESIAN_POINT('',(5.481042580827,-2.995714395645));
#3176 = CARTESIAN_POINT('',(5.532759665142,-3.028177074848));
#3177 = CARTESIAN_POINT('',(5.585030999583,-3.059354866252));
#3178 = CARTESIAN_POINT('',(5.63791748394,-3.088986567407));
#3179 = CARTESIAN_POINT('',(5.691471445256,-3.116781477079));
#3180 = CARTESIAN_POINT('',(5.819098614749,-3.177105005632));
#3181 = CARTESIAN_POINT('',(5.89384797938,-3.207897974827));
#3182 = CARTESIAN_POINT('',(5.969916211221,-3.233942062933));
#3183 = CARTESIAN_POINT('',(6.04717795854,-3.254350235074));
#3184 = CARTESIAN_POINT('',(6.125423006972,-3.268322233203));
#3185 = CARTESIAN_POINT('',(6.204324677854,-3.27530183689));
#3186 = CARTESIAN_POINT('',(6.28318530718,-3.27530183689));
#3187 = ( GEOMETRIC_REPRESENTATION_CONTEXT(2) 
PARAMETRIC_REPRESENTATION_CONTEXT() REPRESENTATION_CONTEXT('2D SPACE',''
  ) );
#3188 = ORIENTED_EDGE('',*,*,#3189,.F.);
#3189 = EDGE_CURVE('',#2836,#3053,#3190,.T.);
#3190 = SURFACE_CURVE('',#3191,(#3242,#3456),.PCURVE_S1.);
#3191 = B_SPLINE_CURVE_WITH_KNOTS('',8,(#3192,#3193,#3194,#3195,#3196,
    #3197,#3198,#3199,#3200,#3201,#3202,#3203,#3204,#3205,#3206,#3207,
    #3208,#3209,#3210,#3211,#3212,#3213,#3214,#3215,#3216,#3217,#3218,
    #3219,#3220,#3221,#3222,#3223,#3224,#3225,#3226,#3227,#3228,#3229,
    #3230,#3231,#3232,#3233,#3234,#3235,#3236,#3237,#3238,#3239,#3240,
    #3241),.UNSPECIFIED.,.F.,.F.,(9,7,7,7,7,7,6,9),(0.,0.216209415724,
    0.290319394041,0.439526502555,0.695842640312,0.819342204894,1.,
    1.038546408573),.UNSPECIFIED.);
#3192 = CARTESIAN_POINT('',(83.905985970746,43.203403932482,-11.91));
#3193 = CARTESIAN_POINT('',(83.788349418535,43.15741466623,
    -11.97343883541));
#3194 = CARTESIAN_POINT('',(83.665700905043,43.122639185221,
    -12.03758175034));
#3195 = CARTESIAN_POINT('',(83.538790372394,43.099713833962,
    -12.10177339034));
#3196 = CARTESIAN_POINT('',(83.408553580984,43.089504775934,
    -12.16532810703));
#3197 = CARTESIAN_POINT('',(83.276170468808,43.092955049194,
    -12.22753306779));
#3198 = CARTESIAN_POINT('',(83.14309753672,43.110989680319,
    -12.2876740314));
#3199 = CARTESIAN_POINT('',(83.011087224105,43.14442143526,
    -12.34506423427));
#3200 = CARTESIAN_POINT('',(82.838031120446,43.210725174697,
    -12.41756384408));
#3201 = CARTESIAN_POINT('',(82.794244714047,43.22951583263,
    -12.43566245966));
#3202 = CARTESIAN_POINT('',(82.750940324234,43.250186767217,
    -12.45332319161));
#3203 = CARTESIAN_POINT('',(82.70821524279,43.272746586222,
    -12.47051724587));
#3204 = CARTESIAN_POINT('',(82.666171013955,43.297196152277,
    -12.48721670266));
#3205 = CARTESIAN_POINT('',(82.62491269912,43.323527237753,
    -12.50339469779));
#3206 = CARTESIAN_POINT('',(82.584548141516,43.351721179634,
    -12.51902560384));
#3207 = CARTESIAN_POINT('',(82.465941118669,43.442200197775,
    -12.56440502196));
#3208 = CARTESIAN_POINT('',(82.390708170774,43.510122237855,
    -12.59243009258));
#3209 = CARTESIAN_POINT('',(82.320463948044,43.585228015536,
    -12.61793034282));
#3210 = CARTESIAN_POINT('',(82.256110723218,43.667064017787,
    -12.64074233276));
#3211 = CARTESIAN_POINT('',(82.198468320175,43.755020241013,
    -12.66075408519));
#3212 = CARTESIAN_POINT('',(82.148267022162,43.848337320425,
    -12.67788690483));
#3213 = CARTESIAN_POINT('',(82.106124354941,43.946100577499,
    -12.69208329599));
#3214 = CARTESIAN_POINT('',(82.014704407447,44.220907164308,
    -12.72259606423));
#3215 = CARTESIAN_POINT('',(81.981703907223,44.405441964378,
    -12.73322482128));
#3216 = CARTESIAN_POINT('',(81.976460494905,44.594738327524,
    -12.73478601508));
#3217 = CARTESIAN_POINT('',(81.99924630941,44.782991973664,
    -12.7275194074));
#3218 = CARTESIAN_POINT('',(82.049402584729,44.964708186495,
    -12.71139922482));
#3219 = CARTESIAN_POINT('',(82.12493135244,45.134784150906,
    -12.68643254859));
#3220 = CARTESIAN_POINT('',(82.222809099727,45.28854336383,
    -12.65267329309));
#3221 = CARTESIAN_POINT('',(82.393172909436,45.486932108863,
    -12.59118970052));
#3222 = CARTESIAN_POINT('',(82.452637775103,45.546943434432,
    -12.56936589731));
#3223 = CARTESIAN_POINT('',(82.515682325343,45.602116098823,
    -12.54579093362));
#3224 = CARTESIAN_POINT('',(82.581797730929,45.652219194355,
    -12.52055909036));
#3225 = CARTESIAN_POINT('',(82.650473825007,45.697114627846,
    -12.49377847253));
#3226 = CARTESIAN_POINT('',(82.721212186046,45.73674164571,
    -12.46557063155));
#3227 = CARTESIAN_POINT('',(82.793535084081,45.771104748217,
    -12.43606941699));
#3228 = CARTESIAN_POINT('',(82.974442131337,45.842921220325,
    -12.36058305915));
#3229 = CARTESIAN_POINT('',(83.084280858655,45.874429658794,
    -12.31330326512));
#3230 = CARTESIAN_POINT('',(83.195241204655,45.895055001795,
    -12.26397175943));
#3231 = CARTESIAN_POINT('',(83.306218967323,45.905231489672,
    -12.21299824919));
#3232 = CARTESIAN_POINT('',(83.416275917527,45.905481612068,
    -12.16080421714));
#3233 = CARTESIAN_POINT('',(83.524631814951,45.896358672988,
    -12.10780797793));
#3234 = CARTESIAN_POINT('',(83.653272918101,45.874561437122,
    -12.04301536647));
#3235 = CARTESIAN_POINT('',(83.777720417662,45.840406449775,
    -11.97818852524));
#3236 = CARTESIAN_POINT('',(83.799467985418,45.834023061164,
    -11.96679234147));
#3237 = CARTESIAN_POINT('',(83.82107446444,45.827266661803,
    -11.95540334477));
#3238 = CARTESIAN_POINT('',(83.842534624694,45.820141577083,
    -11.94402553788));
#3239 = CARTESIAN_POINT('',(83.863843308031,45.81265203925,
    -11.93266297129));
#3240 = CARTESIAN_POINT('',(83.884995428178,45.804802187409,
    -11.92131974331));
#3241 = CARTESIAN_POINT('',(83.905985970746,45.796596067518,-11.91));
#3242 = PCURVE('',#2867,#3243);
#3243 = DEFINITIONAL_REPRESENTATION('',(#3244),#3455);
#3244 = B_SPLINE_CURVE_WITH_KNOTS('',14,(#3245,#3246,#3247,#3248,#3249,
    #3250,#3251,#3252,#3253,#3254,#3255,#3256,#3257,#3258,#3259,#3260,
    #3261,#3262,#3263,#3264,#3265,#3266,#3267,#3268,#3269,#3270,#3271,
    #3272,#3273,#3274,#3275,#3276,#3277,#3278,#3279,#3280,#3281,#3282,
    #3283,#3284,#3285,#3286,#3287,#3288,#3289,#3290,#3291,#3292,#3293,
    #3294,#3295,#3296,#3297,#3298,#3299,#3300,#3301,#3302,#3303,#3304,
    #3305,#3306,#3307,#3308,#3309,#3310,#3311,#3312,#3313,#3314,#3315,
    #3316,#3317,#3318,#3319,#3320,#3321,#3322,#3323,#3324,#3325,#3326,
    #3327,#3328,#3329,#3330,#3331,#3332,#3333,#3334,#3335,#3336,#3337,
    #3338,#3339,#3340,#3341,#3342,#3343,#3344,#3345,#3346,#3347,#3348,
    #3349,#3350,#3351,#3352,#3353,#3354,#3355,#3356,#3357,#3358,#3359,
    #3360,#3361,#3362,#3363,#3364,#3365,#3366,#3367,#3368,#3369,#3370,
    #3371,#3372,#3373,#3374,#3375,#3376,#3377,#3378,#3379,#3380,#3381,
    #3382,#3383,#3384,#3385,#3386,#3387,#3388,#3389,#3390,#3391,#3392,
    #3393,#3394,#3395,#3396,#3397,#3398,#3399,#3400,#3401,#3402,#3403,
    #3404,#3405,#3406,#3407,#3408,#3409,#3410,#3411,#3412,#3413,#3414,
    #3415,#3416,#3417,#3418,#3419,#3420,#3421,#3422,#3423,#3424,#3425,
    #3426,#3427,#3428,#3429,#3430,#3431,#3432,#3433,#3434,#3435,#3436,
    #3437,#3438,#3439,#3440,#3441,#3442,#3443,#3444,#3445,#3446,#3447,
    #3448,#3449,#3450,#3451,#3452,#3453,#3454),.UNSPECIFIED.,.F.,.F.,(15
    ,13,13,13,13,13,13,13,13,13,13,13,13,13,13,13,15),(0.,0.129818301072
    ,0.194727451607,0.210954739241,0.227182026875,0.259636602143,
    0.292091177411,0.324545752679,0.389454903215,0.421909478483,
    0.438136766117,0.454364053751,0.519273204286,0.649091505358,
    0.714000655894,0.77890980643,1.038546408573),.UNSPECIFIED.);
#3245 = CARTESIAN_POINT('',(12.48100669317,-43.20340403248));
#3246 = CARTESIAN_POINT('',(12.526851162477,-43.18762502255));
#3247 = CARTESIAN_POINT('',(12.573221908022,-43.17308991616));
#3248 = CARTESIAN_POINT('',(12.620087509899,-43.15981993676));
#3249 = CARTESIAN_POINT('',(12.66741498987,-43.14783835632));
#3250 = CARTESIAN_POINT('',(12.715169708708,-43.13717019758));
#3251 = CARTESIAN_POINT('',(12.763315267599,-43.12784192947));
#3252 = CARTESIAN_POINT('',(12.811813422802,-43.1198812022));
#3253 = CARTESIAN_POINT('',(12.860623999319,-43.11331655052));
#3254 = CARTESIAN_POINT('',(12.909704822435,-43.10817715856));
#3255 = CARTESIAN_POINT('',(12.959011645616,-43.10449258156));
#3256 = CARTESIAN_POINT('',(13.008498095992,-43.10229252568));
#3257 = CARTESIAN_POINT('',(13.058115619307,-43.10160660149));
#3258 = CARTESIAN_POINT('',(13.107813437653,-43.1024641116));
#3259 = CARTESIAN_POINT('',(13.182401048637,-43.10610869772));
#3260 = CARTESIAN_POINT('',(13.207270398228,-43.10771661113));
#3261 = CARTESIAN_POINT('',(13.232139929286,-43.10972116769));
#3262 = CARTESIAN_POINT('',(13.257002868285,-43.11212592466));
#3263 = CARTESIAN_POINT('',(13.281852298226,-43.11493440007));
#3264 = CARTESIAN_POINT('',(13.306681156839,-43.11815005804));
#3265 = CARTESIAN_POINT('',(13.331482235602,-43.12177631049));
#3266 = CARTESIAN_POINT('',(13.35624817828,-43.12581649659));
#3267 = CARTESIAN_POINT('',(13.38097147915,-43.13027388767));
#3268 = CARTESIAN_POINT('',(13.405644482499,-43.13515166738));
#3269 = CARTESIAN_POINT('',(13.430259380173,-43.14045293236));
#3270 = CARTESIAN_POINT('',(13.454808211175,-43.14618067841));
#3271 = CARTESIAN_POINT('',(13.479282859641,-43.15233779544));
#3272 = CARTESIAN_POINT('',(13.509773102326,-43.16057437339));
#3273 = CARTESIAN_POINT('',(13.515865997472,-43.16224869791));
#3274 = CARTESIAN_POINT('',(13.521953609893,-43.16395007453));
#3275 = CARTESIAN_POINT('',(13.528035810053,-43.16567854691));
#3276 = CARTESIAN_POINT('',(13.534112466811,-43.16743415581));
#3277 = CARTESIAN_POINT('',(13.540183450233,-43.16921694593));
#3278 = CARTESIAN_POINT('',(13.546248627045,-43.17102695484));
#3279 = CARTESIAN_POINT('',(13.552307866727,-43.17286422772));
#3280 = CARTESIAN_POINT('',(13.558361034647,-43.17472880098));
#3281 = CARTESIAN_POINT('',(13.564407998606,-43.17662071757));
#3282 = CARTESIAN_POINT('',(13.570448623558,-43.17854001493));
#3283 = CARTESIAN_POINT('',(13.576482775191,-43.18048673291));
#3284 = CARTESIAN_POINT('',(13.582510317922,-43.18246090953));
#3285 = CARTESIAN_POINT('',(13.594551913645,-43.1864642559));
#3286 = CARTESIAN_POINT('',(13.600565951425,-43.18849341835));
#3287 = CARTESIAN_POINT('',(13.606573389035,-43.19055022384));
#3288 = CARTESIAN_POINT('',(13.612572561748,-43.19263414291));
#3289 = CARTESIAN_POINT('',(13.61856662042,-43.19474639496));
#3290 = CARTESIAN_POINT('',(13.624553258109,-43.19688626732));
#3291 = CARTESIAN_POINT('',(13.630530045368,-43.19905295637));
#3292 = CARTESIAN_POINT('',(13.636498799857,-43.20124718275));
#3293 = CARTESIAN_POINT('',(13.642461277766,-43.20346963725));
#3294 = CARTESIAN_POINT('',(13.648415194667,-43.20571960752));
#3295 = CARTESIAN_POINT('',(13.654358884041,-43.20799656902));
#3296 = CARTESIAN_POINT('',(13.660295888581,-43.21030184312));
#3297 = CARTESIAN_POINT('',(13.666223316525,-43.21263448928));
#3298 = CARTESIAN_POINT('',(13.683979354595,-43.21971562728));
#3299 = CARTESIAN_POINT('',(13.69578112547,-43.22454710348));
#3300 = CARTESIAN_POINT('',(13.707546033659,-43.22948943286));
#3301 = CARTESIAN_POINT('',(13.719272795586,-43.23454272931));
#3302 = CARTESIAN_POINT('',(13.730960118719,-43.23970708541));
#3303 = CARTESIAN_POINT('',(13.742606702161,-43.24498257204));
#3304 = CARTESIAN_POINT('',(13.754211235552,-43.25036923853));
#3305 = CARTESIAN_POINT('',(13.765772400706,-43.25586711295));
#3306 = CARTESIAN_POINT('',(13.777288869575,-43.26147620127));
#3307 = CARTESIAN_POINT('',(13.788759306386,-43.26719648864));
#3308 = CARTESIAN_POINT('',(13.800182365751,-43.27302793799));
#3309 = CARTESIAN_POINT('',(13.811556694061,-43.27897049119));
#3310 = CARTESIAN_POINT('',(13.822880928649,-43.28502406834));
#3311 = CARTESIAN_POINT('',(13.845426467705,-43.29735306777));
#3312 = CARTESIAN_POINT('',(13.856647733931,-43.30362845242));
#3313 = CARTESIAN_POINT('',(13.867816323052,-43.31001475767));
#3314 = CARTESIAN_POINT('',(13.878930549722,-43.3165116217));
#3315 = CARTESIAN_POINT('',(13.889989136586,-43.32311896267));
#3316 = CARTESIAN_POINT('',(13.900990885115,-43.32983673878));
#3317 = CARTESIAN_POINT('',(13.911934351334,-43.33666470244));
#3318 = CARTESIAN_POINT('',(13.922817936973,-43.34360247309));
#3319 = CARTESIAN_POINT('',(13.933640181692,-43.35064974297));
#3320 = CARTESIAN_POINT('',(13.944399912773,-43.35780639613));
#3321 = CARTESIAN_POINT('',(13.955095935058,-43.36507227347));
#3322 = CARTESIAN_POINT('',(13.965726489068,-43.37244677801));
#3323 = CARTESIAN_POINT('',(13.976289430546,-43.37992899912));
#3324 = CARTESIAN_POINT('',(13.997281100582,-43.39511087211));
#3325 = CARTESIAN_POINT('',(14.007709430929,-43.40281024471));
#3326 = CARTESIAN_POINT('',(14.01806870329,-43.41061758414));
#3327 = CARTESIAN_POINT('',(14.028357378369,-43.41853239492));
#3328 = CARTESIAN_POINT('',(14.038573931124,-43.42655415758));
#3329 = CARTESIAN_POINT('',(14.048716850544,-43.43468232462));
#3330 = CARTESIAN_POINT('',(14.058784639673,-43.44291632653));
#3331 = CARTESIAN_POINT('',(14.068775815985,-43.45125556428));
#3332 = CARTESIAN_POINT('',(14.078688910537,-43.45969941732));
#3333 = CARTESIAN_POINT('',(14.088522469154,-43.46824723621));
#3334 = CARTESIAN_POINT('',(14.098275051192,-43.47689834854));
#3335 = CARTESIAN_POINT('',(14.107945230541,-43.48565205473));
#3336 = CARTESIAN_POINT('',(14.117531595003,-43.49450763071));
#3337 = CARTESIAN_POINT('',(14.14603504968,-43.52137771771));
#3338 = CARTESIAN_POINT('',(14.164696495773,-43.53969559924));
#3339 = CARTESIAN_POINT('',(14.183005914983,-43.55841197222));
#3340 = CARTESIAN_POINT('',(14.200952359982,-43.57752045089));
#3341 = CARTESIAN_POINT('',(14.218525106108,-43.59701424638));
#3342 = CARTESIAN_POINT('',(14.235713667228,-43.61688619885));
#3343 = CARTESIAN_POINT('',(14.252507784389,-43.63712872567));
#3344 = CARTESIAN_POINT('',(14.268897453872,-43.65773389218));
#3345 = CARTESIAN_POINT('',(14.284872906843,-43.67869333028));
#3346 = CARTESIAN_POINT('',(14.300424639819,-43.6999983187));
#3347 = CARTESIAN_POINT('',(14.315543399411,-43.72163971595));
#3348 = CARTESIAN_POINT('',(14.330220202281,-43.74360800817));
#3349 = CARTESIAN_POINT('',(14.344446332034,-43.76589328078));
#3350 = CARTESIAN_POINT('',(14.365096857154,-43.79978120834));
#3351 = CARTESIAN_POINT('',(14.371865594249,-43.81115385048));
#3352 = CARTESIAN_POINT('',(14.378518501776,-43.82260187137));
#3353 = CARTESIAN_POINT('',(14.385054542027,-43.83412395977));
#3354 = CARTESIAN_POINT('',(14.391472695777,-43.84571877365));
#3355 = CARTESIAN_POINT('',(14.397771966635,-43.85738495477));
#3356 = CARTESIAN_POINT('',(14.403951373792,-43.86912110465));
#3357 = CARTESIAN_POINT('',(14.410009962046,-43.88092581738));
#3358 = CARTESIAN_POINT('',(14.415946790121,-43.89279764191));
#3359 = CARTESIAN_POINT('',(14.421760942236,-43.9047351188));
#3360 = CARTESIAN_POINT('',(14.427451518336,-43.91673674976));
#3361 = CARTESIAN_POINT('',(14.43301764111,-43.92880101912));
#3362 = CARTESIAN_POINT('',(14.438458451738,-43.94092638102));
#3363 = CARTESIAN_POINT('',(14.446430442171,-43.95920370819));
#3364 = CARTESIAN_POINT('',(14.449056236272,-43.96531103051));
#3365 = CARTESIAN_POINT('',(14.451650390058,-43.97143303667));
#3366 = CARTESIAN_POINT('',(14.454212800539,-43.97756952748));
#3367 = CARTESIAN_POINT('',(14.456743366729,-43.98372030508));
#3368 = CARTESIAN_POINT('',(14.459241988321,-43.98988516442));
#3369 = CARTESIAN_POINT('',(14.461708567685,-43.99606390679));
#3370 = CARTESIAN_POINT('',(14.464143007353,-44.00225632171));
#3371 = CARTESIAN_POINT('',(14.466545212686,-44.00846220761));
#3372 = CARTESIAN_POINT('',(14.468915089475,-44.01468135157));
#3373 = CARTESIAN_POINT('',(14.471252545783,-44.02091354635));
#3374 = CARTESIAN_POINT('',(14.473557490729,-44.02715857815));
#3375 = CARTESIAN_POINT('',(14.475829835186,-44.03341623409));
#3376 = CARTESIAN_POINT('',(14.480309147666,-44.04595636265));
#3377 = CARTESIAN_POINT('',(14.482516083221,-44.05223875381));
#3378 = CARTESIAN_POINT('',(14.484689928556,-44.05853237075));
#3379 = CARTESIAN_POINT('',(14.486832859538,-44.0648436133));
#3380 = CARTESIAN_POINT('',(14.488942327796,-44.07116526821));
#3381 = CARTESIAN_POINT('',(14.491018550604,-44.07749800917));
#3382 = CARTESIAN_POINT('',(14.493062760103,-44.08384542672));
#3383 = CARTESIAN_POINT('',(14.495074307368,-44.09020574048));
#3384 = CARTESIAN_POINT('',(14.49705209973,-44.09657586912));
#3385 = CARTESIAN_POINT('',(14.498996805094,-44.10295775978));
#3386 = CARTESIAN_POINT('',(14.500909103107,-44.10935339011));
#3387 = CARTESIAN_POINT('',(14.502787334987,-44.11575805409));
#3388 = CARTESIAN_POINT('',(14.50463252734,-44.12217469741));
#3389 = CARTESIAN_POINT('',(14.513690869321,-44.15431096806));
#3390 = CARTESIAN_POINT('',(14.520402092976,-44.18019249456));
#3391 = CARTESIAN_POINT('',(14.526572389785,-44.20623154742));
#3392 = CARTESIAN_POINT('',(14.532196921392,-44.23241322252));
#3393 = CARTESIAN_POINT('',(14.537271462025,-44.25872270002));
#3394 = CARTESIAN_POINT('',(14.541792371085,-44.28514524014));
#3395 = CARTESIAN_POINT('',(14.545756568207,-44.31166619438));
#3396 = CARTESIAN_POINT('',(14.549161504695,-44.33827099387));
#3397 = CARTESIAN_POINT('',(14.55200513949,-44.36494516694));
#3398 = CARTESIAN_POINT('',(14.554285910302,-44.39167432449));
#3399 = CARTESIAN_POINT('',(14.556002709141,-44.41844417587));
#3400 = CARTESIAN_POINT('',(14.557154854455,-44.4452405201));
#3401 = CARTESIAN_POINT('',(14.557742065459,-44.47204925389));
#3402 = CARTESIAN_POINT('',(14.557809175003,-44.55247060271));
#3403 = CARTESIAN_POINT('',(14.555594645654,-44.60607839267));
#3404 = CARTESIAN_POINT('',(14.551121934643,-44.65956764103));
#3405 = CARTESIAN_POINT('',(14.544398567224,-44.71282788418));
#3406 = CARTESIAN_POINT('',(14.535438148605,-44.76575031861));
#3407 = CARTESIAN_POINT('',(14.524260106316,-44.81822785009));
#3408 = CARTESIAN_POINT('',(14.510889543591,-44.87015518704));
#3409 = CARTESIAN_POINT('',(14.495357186148,-44.92142894434));
#3410 = CARTESIAN_POINT('',(14.477699446906,-44.97194780614));
#3411 = CARTESIAN_POINT('',(14.457958579393,-45.02161268828));
#3412 = CARTESIAN_POINT('',(14.436182949821,-45.07032696252));
#3413 = CARTESIAN_POINT('',(14.412427401339,-45.11799668655));
#3414 = CARTESIAN_POINT('',(14.38675373063,-45.16453088324));
#3415 = CARTESIAN_POINT('',(14.345470030226,-45.23249731865));
#3416 = CARTESIAN_POINT('',(14.331244355888,-45.25484965914));
#3417 = CARTESIAN_POINT('',(14.316585070824,-45.27686136272));
#3418 = CARTESIAN_POINT('',(14.301396905298,-45.29864846248));
#3419 = CARTESIAN_POINT('',(14.285993939421,-45.31982300652));
#3420 = CARTESIAN_POINT('',(14.269795912268,-45.34113313457));
#3421 = CARTESIAN_POINT('',(14.25355564083,-45.36154266452));
#3422 = CARTESIAN_POINT('',(14.236822339554,-45.38185963452));
#3423 = CARTESIAN_POINT('',(14.219344521137,-45.40201449258));
#3424 = CARTESIAN_POINT('',(14.202104743515,-45.42122700802));
#3425 = CARTESIAN_POINT('',(14.184004506196,-45.44053296753));
#3426 = CARTESIAN_POINT('',(14.165754255701,-45.4592286574));
#3427 = CARTESIAN_POINT('',(14.147098414685,-45.47758078711));
#3428 = CARTESIAN_POINT('',(14.109116501144,-45.51346249616));
#3429 = CARTESIAN_POINT('',(14.089784323876,-45.53099848872));
#3430 = CARTESIAN_POINT('',(14.070122056433,-45.54812371987));
#3431 = CARTESIAN_POINT('',(14.050140884264,-45.56483282475));
#3432 = CARTESIAN_POINT('',(14.029852032239,-45.58112095008));
#3433 = CARTESIAN_POINT('',(14.009266758181,-45.5969837505));
#3434 = CARTESIAN_POINT('',(13.988396330232,-45.61241735169));
#3435 = CARTESIAN_POINT('',(13.967252027826,-45.62741836067));
#3436 = CARTESIAN_POINT('',(13.945845113442,-45.64198381984));
#3437 = CARTESIAN_POINT('',(13.924186835267,-45.65611121786));
#3438 = CARTESIAN_POINT('',(13.902288401835,-45.66979845166));
#3439 = CARTESIAN_POINT('',(13.880160978391,-45.68304382419));
#3440 = CARTESIAN_POINT('',(13.857815668979,-45.69584602009));
#3441 = CARTESIAN_POINT('',(13.745054855769,-45.75763638308));
#3442 = CARTESIAN_POINT('',(13.651527389767,-45.79996621412));
#3443 = CARTESIAN_POINT('',(13.555525020819,-45.83508066298));
#3444 = CARTESIAN_POINT('',(13.456839220957,-45.86338104544));
#3445 = CARTESIAN_POINT('',(13.359455940192,-45.88351755747));
#3446 = CARTESIAN_POINT('',(13.256632663399,-45.89936810224));
#3447 = CARTESIAN_POINT('',(13.159268170203,-45.90511543092));
#3448 = CARTESIAN_POINT('',(13.056973333964,-45.90827848705));
#3449 = CARTESIAN_POINT('',(12.958655232234,-45.90239166165));
#3450 = CARTESIAN_POINT('',(12.859569701604,-45.89247031523));
#3451 = CARTESIAN_POINT('',(12.76250142787,-45.87620928593));
#3452 = CARTESIAN_POINT('',(12.666671373672,-45.85479622856));
#3453 = CARTESIAN_POINT('',(12.572774215294,-45.82818123471));
#3454 = CARTESIAN_POINT('',(12.48100669317,-45.79659616751));
#3455 = ( GEOMETRIC_REPRESENTATION_CONTEXT(2) 
PARAMETRIC_REPRESENTATION_CONTEXT() REPRESENTATION_CONTEXT('2D SPACE',''
  ) );
#3456 = PCURVE('',#3457,#3462);
#3457 = CONICAL_SURFACE('',#3458,2.5,0.708626272128);
#3458 = AXIS2_PLACEMENT_3D('',#3459,#3460,#3461);
#3459 = CARTESIAN_POINT('',(84.,44.5,-13.31));
#3460 = DIRECTION('',(0.,0.,-1.));
#3461 = DIRECTION('',(1.,-0.,-0.));
#3462 = DEFINITIONAL_REPRESENTATION('',(#3463),#3533);
#3463 = B_SPLINE_CURVE_WITH_KNOTS('',3,(#3464,#3465,#3466,#3467,#3468,
    #3469,#3470,#3471,#3472,#3473,#3474,#3475,#3476,#3477,#3478,#3479,
    #3480,#3481,#3482,#3483,#3484,#3485,#3486,#3487,#3488,#3489,#3490,
    #3491,#3492,#3493,#3494,#3495,#3496,#3497,#3498,#3499,#3500,#3501,
    #3502,#3503,#3504,#3505,#3506,#3507,#3508,#3509,#3510,#3511,#3512,
    #3513,#3514,#3515,#3516,#3517,#3518,#3519,#3520,#3521,#3522,#3523,
    #3524,#3525,#3526,#3527,#3528,#3529,#3530,#3531,#3532),
  .UNSPECIFIED.,.F.,.F.,(4,1,1,1,1,1,1,1,1,1,1,1,1,1,1,1,1,1,1,1,1,1,1,1
    ,1,1,1,1,1,1,1,1,1,1,1,1,1,1,1,1,1,1,1,1,1,1,1,1,1,1,1,1,1,1,1,1,1,1
    ,1,1,1,1,1,1,1,1,4),(0.,1.573555164504E-02,3.147110329009E-02,
    4.720665493513E-02,6.294220658018E-02,7.867775822522E-02,
    9.441330987026E-02,0.110148861515,0.12588441316,0.141619964805,
    0.15735551645,0.173091068095,0.188826619741,0.204562171386,
    0.220297723031,0.236033274676,0.251768826321,0.267504377966,
    0.283239929611,0.298975481256,0.314711032901,0.330446584546,
    0.346182136191,0.361917687836,0.377653239481,0.393388791126,
    0.409124342771,0.424859894416,0.440595446061,0.456330997706,
    0.472066549351,0.487802100996,0.503537652641,0.519273204286,
    0.535008755931,0.550744307577,0.566479859222,0.582215410867,
    0.597950962512,0.613686514157,0.629422065802,0.645157617447,
    0.660893169092,0.676628720737,0.692364272382,0.708099824027,
    0.723835375672,0.739570927317,0.755306478962,0.771042030607,
    0.786777582252,0.802513133897,0.818248685542,0.833984237187,
    0.849719788832,0.865455340477,0.881190892122,0.896926443767,
    0.912661995413,0.928397547058,0.944133098703,0.959868650348,
    0.975604201993,0.991339753638,1.007075305283,1.022810856928,
    1.038546408573),.QUASI_UNIFORM_KNOTS.);
#3464 = CARTESIAN_POINT('',(1.643177996824,-1.4));
#3465 = CARTESIAN_POINT('',(1.660196765818,-1.387688032183));
#3466 = CARTESIAN_POINT('',(1.693850164536,-1.362994061417));
#3467 = CARTESIAN_POINT('',(1.74328922784,-1.325830047618));
#3468 = CARTESIAN_POINT('',(1.791801914283,-1.288629536694));
#3469 = CARTESIAN_POINT('',(1.839491419689,-1.251480794451));
#3470 = CARTESIAN_POINT('',(1.886454983572,-1.214472993471));
#3471 = CARTESIAN_POINT('',(1.93278368678,-1.177696147895));
#3472 = CARTESIAN_POINT('',(1.978563553575,-1.141240805873));
#3473 = CARTESIAN_POINT('',(2.02387613238,-1.105197770499));
#3474 = CARTESIAN_POINT('',(2.068799049457,-1.069657807275));
#3475 = CARTESIAN_POINT('',(2.113406529715,-1.034711285079));
#3476 = CARTESIAN_POINT('',(2.15776951175,-1.000448047961));
#3477 = CARTESIAN_POINT('',(2.201956915568,-0.966956425492));
#3478 = CARTESIAN_POINT('',(2.246032234983,-0.934325504383));
#3479 = CARTESIAN_POINT('',(2.290067220864,-0.902635325819));
#3480 = CARTESIAN_POINT('',(2.334084529482,-0.871997216717));
#3481 = CARTESIAN_POINT('',(2.378115308508,-0.842508818953));
#3482 = CARTESIAN_POINT('',(2.422193920135,-0.814258789138));
#3483 = CARTESIAN_POINT('',(2.466346489946,-0.787333806877));
#3484 = CARTESIAN_POINT('',(2.510593231494,-0.761815803253));
#3485 = CARTESIAN_POINT('',(2.554963991193,-0.737773406416));
#3486 = CARTESIAN_POINT('',(2.599451185925,-0.715286671921));
#3487 = CARTESIAN_POINT('',(2.644055295492,-0.694419846791));
#3488 = CARTESIAN_POINT('',(2.688775144968,-0.675227924816));
#3489 = CARTESIAN_POINT('',(2.733608754252,-0.657756635026));
#3490 = CARTESIAN_POINT('',(2.778552185555,-0.642043921432));
#3491 = CARTESIAN_POINT('',(2.823596031812,-0.628121393922));
#3492 = CARTESIAN_POINT('',(2.868733072233,-0.616013394018));
#3493 = CARTESIAN_POINT('',(2.913922797964,-0.605744320857));
#3494 = CARTESIAN_POINT('',(2.959217323421,-0.597313485859));
#3495 = CARTESIAN_POINT('',(3.004615324307,-0.590734857899));
#3496 = CARTESIAN_POINT('',(3.050065129381,-0.586024289399));
#3497 = CARTESIAN_POINT('',(3.095541779442,-0.583187384219));
#3498 = CARTESIAN_POINT('',(3.14102289365,-0.58222626839));
#3499 = CARTESIAN_POINT('',(3.186492545788,-0.583140272303));
#3500 = CARTESIAN_POINT('',(3.231938266092,-0.585927344756));
#3501 = CARTESIAN_POINT('',(3.27735030701,-0.590584487653));
#3502 = CARTESIAN_POINT('',(3.322720561185,-0.597107770896));
#3503 = CARTESIAN_POINT('',(3.368041698167,-0.605491854739));
#3504 = CARTESIAN_POINT('',(3.41330626841,-0.61572909309));
#3505 = CARTESIAN_POINT('',(3.458505703809,-0.627808203463));
#3506 = CARTESIAN_POINT('',(3.503629267006,-0.641712545406));
#3507 = CARTESIAN_POINT('',(3.548662296402,-0.657417761046));
#3508 = CARTESIAN_POINT('',(3.593585697343,-0.674889483455));
#3509 = CARTESIAN_POINT('',(3.638368763521,-0.694078170892));
#3510 = CARTESIAN_POINT('',(3.682984054532,-0.714921660109));
#3511 = CARTESIAN_POINT('',(3.727490609209,-0.737390622293));
#3512 = CARTESIAN_POINT('',(3.771875520483,-0.761414812663));
#3513 = CARTESIAN_POINT('',(3.816152319954,-0.786926134154));
#3514 = CARTESIAN_POINT('',(3.860335620656,-0.8138483086));
#3515 = CARTESIAN_POINT('',(3.904446674423,-0.842099924266));
#3516 = CARTESIAN_POINT('',(3.948510224449,-0.871593484272));
#3517 = CARTESIAN_POINT('',(3.992556580095,-0.902237498613));
#3518 = CARTESIAN_POINT('',(4.036612551098,-0.933930539986));
#3519 = CARTESIAN_POINT('',(4.080725227489,-0.96657904285));
#3520 = CARTESIAN_POINT('',(4.124955289812,-1.000095265864));
#3521 = CARTESIAN_POINT('',(4.169364145281,-1.034388341846));
#3522 = CARTESIAN_POINT('',(4.214017408198,-1.06936708385));
#3523 = CARTESIAN_POINT('',(4.258984168488,-1.104939718718));
#3524 = CARTESIAN_POINT('',(4.304337515233,-1.141014470114));
#3525 = CARTESIAN_POINT('',(4.350154877679,-1.177499935608));
#3526 = CARTESIAN_POINT('',(4.39651850323,-1.214305464737));
#3527 = CARTESIAN_POINT('',(4.443516298105,-1.251341673876));
#3528 = CARTESIAN_POINT('',(4.491241910573,-1.288520251178));
#3529 = CARTESIAN_POINT('',(4.539798456264,-1.325756195336));
#3530 = CARTESIAN_POINT('',(4.589287812408,-1.362959212893));
#3531 = CARTESIAN_POINT('',(4.622973633215,-1.387677302067));
#3532 = CARTESIAN_POINT('',(4.640007310355,-1.4));
#3533 = ( GEOMETRIC_REPRESENTATION_CONTEXT(2) 
PARAMETRIC_REPRESENTATION_CONTEXT() REPRESENTATION_CONTEXT('2D SPACE',''
  ) );
#3534 = ADVANCED_FACE('',(#3535),#2996,.T.);
#3535 = FACE_BOUND('',#3536,.T.);
#3536 = EDGE_LOOP('',(#3537,#3559,#3560,#3583,#3614,#3615));
#3537 = ORIENTED_EDGE('',*,*,#3538,.F.);
#3538 = EDGE_CURVE('',#2836,#3053,#3539,.T.);
#3539 = SURFACE_CURVE('',#3540,(#3545,#3552),.PCURVE_S1.);
#3540 = CIRCLE('',#3541,1.3);
#3541 = AXIS2_PLACEMENT_3D('',#3542,#3543,#3544);
#3542 = CARTESIAN_POINT('',(84.,44.5,-11.91));
#3543 = DIRECTION('',(0.,0.,-1.));
#3544 = DIRECTION('',(1.,0.,0.));
#3545 = PCURVE('',#2996,#3546);
#3546 = DEFINITIONAL_REPRESENTATION('',(#3547),#3551);
#3547 = LINE('',#3548,#3549);
#3548 = CARTESIAN_POINT('',(0.,-2.39));
#3549 = VECTOR('',#3550,1.);
#3550 = DIRECTION('',(1.,0.));
#3551 = ( GEOMETRIC_REPRESENTATION_CONTEXT(2) 
PARAMETRIC_REPRESENTATION_CONTEXT() REPRESENTATION_CONTEXT('2D SPACE',''
  ) );
#3552 = PCURVE('',#3457,#3553);
#3553 = DEFINITIONAL_REPRESENTATION('',(#3554),#3558);
#3554 = LINE('',#3555,#3556);
#3555 = CARTESIAN_POINT('',(0.,-1.4));
#3556 = VECTOR('',#3557,1.);
#3557 = DIRECTION('',(1.,-0.));
#3558 = ( GEOMETRIC_REPRESENTATION_CONTEXT(2) 
PARAMETRIC_REPRESENTATION_CONTEXT() REPRESENTATION_CONTEXT('2D SPACE',''
  ) );
#3559 = ORIENTED_EDGE('',*,*,#2833,.F.);
#3560 = ORIENTED_EDGE('',*,*,#3561,.T.);
#3561 = EDGE_CURVE('',#2834,#3562,#3564,.T.);
#3562 = VERTEX_POINT('',#3563);
#3563 = CARTESIAN_POINT('',(85.3,44.5,-4.3));
#3564 = SEAM_CURVE('',#3565,(#3569,#3576),.PCURVE_S1.);
#3565 = LINE('',#3566,#3567);
#3566 = CARTESIAN_POINT('',(85.3,44.5,-14.3));
#3567 = VECTOR('',#3568,1.);
#3568 = DIRECTION('',(-0.,-0.,1.));
#3569 = PCURVE('',#2996,#3570);
#3570 = DEFINITIONAL_REPRESENTATION('',(#3571),#3575);
#3571 = LINE('',#3572,#3573);
#3572 = CARTESIAN_POINT('',(6.28318530718,0.));
#3573 = VECTOR('',#3574,1.);
#3574 = DIRECTION('',(0.,-1.));
#3575 = ( GEOMETRIC_REPRESENTATION_CONTEXT(2) 
PARAMETRIC_REPRESENTATION_CONTEXT() REPRESENTATION_CONTEXT('2D SPACE',''
  ) );
#3576 = PCURVE('',#2996,#3577);
#3577 = DEFINITIONAL_REPRESENTATION('',(#3578),#3582);
#3578 = LINE('',#3579,#3580);
#3579 = CARTESIAN_POINT('',(0.,0.));
#3580 = VECTOR('',#3581,1.);
#3581 = DIRECTION('',(0.,-1.));
#3582 = ( GEOMETRIC_REPRESENTATION_CONTEXT(2) 
PARAMETRIC_REPRESENTATION_CONTEXT() REPRESENTATION_CONTEXT('2D SPACE',''
  ) );
#3583 = ORIENTED_EDGE('',*,*,#3584,.T.);
#3584 = EDGE_CURVE('',#3562,#3562,#3585,.T.);
#3585 = SURFACE_CURVE('',#3586,(#3591,#3598),.PCURVE_S1.);
#3586 = CIRCLE('',#3587,1.3);
#3587 = AXIS2_PLACEMENT_3D('',#3588,#3589,#3590);
#3588 = CARTESIAN_POINT('',(84.,44.5,-4.3));
#3589 = DIRECTION('',(0.,0.,-1.));
#3590 = DIRECTION('',(1.,-0.,-0.));
#3591 = PCURVE('',#2996,#3592);
#3592 = DEFINITIONAL_REPRESENTATION('',(#3593),#3597);
#3593 = LINE('',#3594,#3595);
#3594 = CARTESIAN_POINT('',(0.,-10.));
#3595 = VECTOR('',#3596,1.);
#3596 = DIRECTION('',(1.,0.));
#3597 = ( GEOMETRIC_REPRESENTATION_CONTEXT(2) 
PARAMETRIC_REPRESENTATION_CONTEXT() REPRESENTATION_CONTEXT('2D SPACE',''
  ) );
#3598 = PCURVE('',#3599,#3604);
#3599 = PLANE('',#3600);
#3600 = AXIS2_PLACEMENT_3D('',#3601,#3602,#3603);
#3601 = CARTESIAN_POINT('',(84.,44.5,-4.3));
#3602 = DIRECTION('',(-0.,-0.,1.));
#3603 = DIRECTION('',(-1.,0.,0.));
#3604 = DEFINITIONAL_REPRESENTATION('',(#3605),#3613);
#3605 = ( BOUNDED_CURVE() B_SPLINE_CURVE(2,(#3606,#3607,#3608,#3609,
#3610,#3611,#3612),.UNSPECIFIED.,.T.,.F.) B_SPLINE_CURVE_WITH_KNOTS((1,2
    ,2,2,2,1),(-2.094395102393,0.,2.094395102393,4.188790204786,
6.28318530718,8.377580409573),.UNSPECIFIED.) CURVE() 
GEOMETRIC_REPRESENTATION_ITEM() RATIONAL_B_SPLINE_CURVE((1.,0.5,1.,0.5,
1.,0.5,1.)) REPRESENTATION_ITEM('') );
#3606 = CARTESIAN_POINT('',(-1.3,0.));
#3607 = CARTESIAN_POINT('',(-1.3,2.25166604984));
#3608 = CARTESIAN_POINT('',(0.65,1.12583302492));
#3609 = CARTESIAN_POINT('',(2.6,3.184081677783E-16));
#3610 = CARTESIAN_POINT('',(0.65,-1.12583302492));
#3611 = CARTESIAN_POINT('',(-1.3,-2.25166604984));
#3612 = CARTESIAN_POINT('',(-1.3,0.));
#3613 = ( GEOMETRIC_REPRESENTATION_CONTEXT(2) 
PARAMETRIC_REPRESENTATION_CONTEXT() REPRESENTATION_CONTEXT('2D SPACE',''
  ) );
#3614 = ORIENTED_EDGE('',*,*,#3561,.F.);
#3615 = ORIENTED_EDGE('',*,*,#3052,.F.);
#3616 = ADVANCED_FACE('',(#3617),#3457,.T.);
#3617 = FACE_BOUND('',#3618,.F.);
#3618 = EDGE_LOOP('',(#3619,#3620));
#3619 = ORIENTED_EDGE('',*,*,#3538,.F.);
#3620 = ORIENTED_EDGE('',*,*,#3189,.T.);
#3621 = ADVANCED_FACE('',(#3622),#3599,.T.);
#3622 = FACE_BOUND('',#3623,.F.);
#3623 = EDGE_LOOP('',(#3624));
#3624 = ORIENTED_EDGE('',*,*,#3584,.T.);
#3625 = ( GEOMETRIC_REPRESENTATION_CONTEXT(3) 
GLOBAL_UNCERTAINTY_ASSIGNED_CONTEXT((#3629)) 
GLOBAL_UNIT_ASSIGNED_CONTEXT((#3626,#3627,#3628)) REPRESENTATION_CONTEXT
('Context #1','3D Context with UNIT and UNCERTAINTY') );
#3626 = ( LENGTH_UNIT() NAMED_UNIT(*) SI_UNIT(.MILLI.,.METRE.) );
#3627 = ( NAMED_UNIT(*) PLANE_ANGLE_UNIT() SI_UNIT($,.RADIAN.) );
#3628 = ( NAMED_UNIT(*) SI_UNIT($,.STERADIAN.) SOLID_ANGLE_UNIT() );
#3629 = UNCERTAINTY_MEASURE_WITH_UNIT(LENGTH_MEASURE(2.E-06),#3626,
  'distance_accuracy_value','confusion accuracy');
#3630 = CONTEXT_DEPENDENT_SHAPE_REPRESENTATION(#3631,#3633);
#3631 = ( REPRESENTATION_RELATIONSHIP('','',#2826,#10) 
REPRESENTATION_RELATIONSHIP_WITH_TRANSFORMATION(#3632) 
SHAPE_REPRESENTATION_RELATIONSHIP() );
#3632 = ITEM_DEFINED_TRANSFORMATION('','',#11,#35);
#3633 = PRODUCT_DEFINITION_SHAPE('Placement','Placement of an item',
  #3634);
#3634 = NEXT_ASSEMBLY_USAGE_OCCURRENCE('13','','',#5,#2821,$);
#3635 = PRODUCT_RELATED_PRODUCT_CATEGORY('part',$,(#2823));
#3636 = SHAPE_DEFINITION_REPRESENTATION(#3637,#3643);
#3637 = PRODUCT_DEFINITION_SHAPE('','',#3638);
#3638 = PRODUCT_DEFINITION('design','',#3639,#3642);
#3639 = PRODUCT_DEFINITION_FORMATION('','',#3640);
#3640 = PRODUCT('Open CASCADE STEP translator 7.9 4.7',
  'Open CASCADE STEP translator 7.9 4.7','',(#3641));
#3641 = PRODUCT_CONTEXT('',#2,'mechanical');
#3642 = PRODUCT_DEFINITION_CONTEXT('part definition',#2,'design');
#3643 = ADVANCED_BREP_SHAPE_REPRESENTATION('',(#11,#3644),#3801);
#3644 = MANIFOLD_SOLID_BREP('',#3645);
#3645 = CLOSED_SHELL('',(#3646,#3738,#3793,#3797));
#3646 = ADVANCED_FACE('',(#3647),#3660,.T.);
#3647 = FACE_BOUND('',#3648,.T.);
#3648 = EDGE_LOOP('',(#3649,#3683,#3706,#3737));
#3649 = ORIENTED_EDGE('',*,*,#3650,.F.);
#3650 = EDGE_CURVE('',#3651,#3651,#3653,.T.);
#3651 = VERTEX_POINT('',#3652);
#3652 = CARTESIAN_POINT('',(67.3,12.,-11.91));
#3653 = SURFACE_CURVE('',#3654,(#3659,#3671),.PCURVE_S1.);
#3654 = CIRCLE('',#3655,1.3);
#3655 = AXIS2_PLACEMENT_3D('',#3656,#3657,#3658);
#3656 = CARTESIAN_POINT('',(66.,12.,-11.91));
#3657 = DIRECTION('',(0.,0.,-1.));
#3658 = DIRECTION('',(1.,0.,0.));
#3659 = PCURVE('',#3660,#3665);
#3660 = CYLINDRICAL_SURFACE('',#3661,1.3);
#3661 = AXIS2_PLACEMENT_3D('',#3662,#3663,#3664);
#3662 = CARTESIAN_POINT('',(66.,12.,-14.3));
#3663 = DIRECTION('',(-0.,0.,-1.));
#3664 = DIRECTION('',(1.,-0.,-0.));
#3665 = DEFINITIONAL_REPRESENTATION('',(#3666),#3670);
#3666 = LINE('',#3667,#3668);
#3667 = CARTESIAN_POINT('',(0.,-2.39));
#3668 = VECTOR('',#3669,1.);
#3669 = DIRECTION('',(1.,0.));
#3670 = ( GEOMETRIC_REPRESENTATION_CONTEXT(2) 
PARAMETRIC_REPRESENTATION_CONTEXT() REPRESENTATION_CONTEXT('2D SPACE',''
  ) );
#3671 = PCURVE('',#3672,#3677);
#3672 = CONICAL_SURFACE('',#3673,2.5,0.708626272128);
#3673 = AXIS2_PLACEMENT_3D('',#3674,#3675,#3676);
#3674 = CARTESIAN_POINT('',(66.,12.,-13.31));
#3675 = DIRECTION('',(0.,0.,-1.));
#3676 = DIRECTION('',(1.,-0.,-0.));
#3677 = DEFINITIONAL_REPRESENTATION('',(#3678),#3682);
#3678 = LINE('',#3679,#3680);
#3679 = CARTESIAN_POINT('',(0.,-1.4));
#3680 = VECTOR('',#3681,1.);
#3681 = DIRECTION('',(1.,-0.));
#3682 = ( GEOMETRIC_REPRESENTATION_CONTEXT(2) 
PARAMETRIC_REPRESENTATION_CONTEXT() REPRESENTATION_CONTEXT('2D SPACE',''
  ) );
#3683 = ORIENTED_EDGE('',*,*,#3684,.T.);
#3684 = EDGE_CURVE('',#3651,#3685,#3687,.T.);
#3685 = VERTEX_POINT('',#3686);
#3686 = CARTESIAN_POINT('',(67.3,12.,-4.3));
#3687 = SEAM_CURVE('',#3688,(#3692,#3699),.PCURVE_S1.);
#3688 = LINE('',#3689,#3690);
#3689 = CARTESIAN_POINT('',(67.3,12.,-14.3));
#3690 = VECTOR('',#3691,1.);
#3691 = DIRECTION('',(-0.,-0.,1.));
#3692 = PCURVE('',#3660,#3693);
#3693 = DEFINITIONAL_REPRESENTATION('',(#3694),#3698);
#3694 = LINE('',#3695,#3696);
#3695 = CARTESIAN_POINT('',(6.28318530718,0.));
#3696 = VECTOR('',#3697,1.);
#3697 = DIRECTION('',(0.,-1.));
#3698 = ( GEOMETRIC_REPRESENTATION_CONTEXT(2) 
PARAMETRIC_REPRESENTATION_CONTEXT() REPRESENTATION_CONTEXT('2D SPACE',''
  ) );
#3699 = PCURVE('',#3660,#3700);
#3700 = DEFINITIONAL_REPRESENTATION('',(#3701),#3705);
#3701 = LINE('',#3702,#3703);
#3702 = CARTESIAN_POINT('',(0.,0.));
#3703 = VECTOR('',#3704,1.);
#3704 = DIRECTION('',(0.,-1.));
#3705 = ( GEOMETRIC_REPRESENTATION_CONTEXT(2) 
PARAMETRIC_REPRESENTATION_CONTEXT() REPRESENTATION_CONTEXT('2D SPACE',''
  ) );
#3706 = ORIENTED_EDGE('',*,*,#3707,.T.);
#3707 = EDGE_CURVE('',#3685,#3685,#3708,.T.);
#3708 = SURFACE_CURVE('',#3709,(#3714,#3721),.PCURVE_S1.);
#3709 = CIRCLE('',#3710,1.3);
#3710 = AXIS2_PLACEMENT_3D('',#3711,#3712,#3713);
#3711 = CARTESIAN_POINT('',(66.,12.,-4.3));
#3712 = DIRECTION('',(0.,0.,-1.));
#3713 = DIRECTION('',(1.,-0.,-0.));
#3714 = PCURVE('',#3660,#3715);
#3715 = DEFINITIONAL_REPRESENTATION('',(#3716),#3720);
#3716 = LINE('',#3717,#3718);
#3717 = CARTESIAN_POINT('',(0.,-10.));
#3718 = VECTOR('',#3719,1.);
#3719 = DIRECTION('',(1.,0.));
#3720 = ( GEOMETRIC_REPRESENTATION_CONTEXT(2) 
PARAMETRIC_REPRESENTATION_CONTEXT() REPRESENTATION_CONTEXT('2D SPACE',''
  ) );
#3721 = PCURVE('',#3722,#3727);
#3722 = PLANE('',#3723);
#3723 = AXIS2_PLACEMENT_3D('',#3724,#3725,#3726);
#3724 = CARTESIAN_POINT('',(66.,12.,-4.3));
#3725 = DIRECTION('',(-0.,-0.,1.));
#3726 = DIRECTION('',(-1.,0.,0.));
#3727 = DEFINITIONAL_REPRESENTATION('',(#3728),#3736);
#3728 = ( BOUNDED_CURVE() B_SPLINE_CURVE(2,(#3729,#3730,#3731,#3732,
#3733,#3734,#3735),.UNSPECIFIED.,.T.,.F.) B_SPLINE_CURVE_WITH_KNOTS((1,2
    ,2,2,2,1),(-2.094395102393,0.,2.094395102393,4.188790204786,
6.28318530718,8.377580409573),.UNSPECIFIED.) CURVE() 
GEOMETRIC_REPRESENTATION_ITEM() RATIONAL_B_SPLINE_CURVE((1.,0.5,1.,0.5,
1.,0.5,1.)) REPRESENTATION_ITEM('') );
#3729 = CARTESIAN_POINT('',(-1.3,0.));
#3730 = CARTESIAN_POINT('',(-1.3,2.25166604984));
#3731 = CARTESIAN_POINT('',(0.65,1.12583302492));
#3732 = CARTESIAN_POINT('',(2.6,3.184081677783E-16));
#3733 = CARTESIAN_POINT('',(0.65,-1.12583302492));
#3734 = CARTESIAN_POINT('',(-1.3,-2.25166604984));
#3735 = CARTESIAN_POINT('',(-1.3,0.));
#3736 = ( GEOMETRIC_REPRESENTATION_CONTEXT(2) 
PARAMETRIC_REPRESENTATION_CONTEXT() REPRESENTATION_CONTEXT('2D SPACE',''
  ) );
#3737 = ORIENTED_EDGE('',*,*,#3684,.F.);
#3738 = ADVANCED_FACE('',(#3739),#3672,.T.);
#3739 = FACE_BOUND('',#3740,.F.);
#3740 = EDGE_LOOP('',(#3741,#3764,#3765,#3766));
#3741 = ORIENTED_EDGE('',*,*,#3742,.T.);
#3742 = EDGE_CURVE('',#3743,#3651,#3745,.T.);
#3743 = VERTEX_POINT('',#3744);
#3744 = CARTESIAN_POINT('',(68.491428571429,12.,-13.3));
#3745 = SEAM_CURVE('',#3746,(#3750,#3757),.PCURVE_S1.);
#3746 = LINE('',#3747,#3748);
#3747 = CARTESIAN_POINT('',(68.5,12.,-13.31));
#3748 = VECTOR('',#3749,1.);
#3749 = DIRECTION('',(-0.650791373456,-0.,0.759256602365));
#3750 = PCURVE('',#3672,#3751);
#3751 = DEFINITIONAL_REPRESENTATION('',(#3752),#3756);
#3752 = LINE('',#3753,#3754);
#3753 = CARTESIAN_POINT('',(6.28318530718,-0.));
#3754 = VECTOR('',#3755,1.);
#3755 = DIRECTION('',(0.,-1.));
#3756 = ( GEOMETRIC_REPRESENTATION_CONTEXT(2) 
PARAMETRIC_REPRESENTATION_CONTEXT() REPRESENTATION_CONTEXT('2D SPACE',''
  ) );
#3757 = PCURVE('',#3672,#3758);
#3758 = DEFINITIONAL_REPRESENTATION('',(#3759),#3763);
#3759 = LINE('',#3760,#3761);
#3760 = CARTESIAN_POINT('',(0.,-0.));
#3761 = VECTOR('',#3762,1.);
#3762 = DIRECTION('',(0.,-1.));
#3763 = ( GEOMETRIC_REPRESENTATION_CONTEXT(2) 
PARAMETRIC_REPRESENTATION_CONTEXT() REPRESENTATION_CONTEXT('2D SPACE',''
  ) );
#3764 = ORIENTED_EDGE('',*,*,#3650,.F.);
#3765 = ORIENTED_EDGE('',*,*,#3742,.F.);
#3766 = ORIENTED_EDGE('',*,*,#3767,.T.);
#3767 = EDGE_CURVE('',#3743,#3743,#3768,.T.);
#3768 = SURFACE_CURVE('',#3769,(#3774,#3781),.PCURVE_S1.);
#3769 = CIRCLE('',#3770,2.491428571429);
#3770 = AXIS2_PLACEMENT_3D('',#3771,#3772,#3773);
#3771 = CARTESIAN_POINT('',(66.,12.,-13.3));
#3772 = DIRECTION('',(0.,0.,-1.));
#3773 = DIRECTION('',(1.,-0.,-0.));
#3774 = PCURVE('',#3672,#3775);
#3775 = DEFINITIONAL_REPRESENTATION('',(#3776),#3780);
#3776 = LINE('',#3777,#3778);
#3777 = CARTESIAN_POINT('',(0.,-1.E-02));
#3778 = VECTOR('',#3779,1.);
#3779 = DIRECTION('',(1.,-0.));
#3780 = ( GEOMETRIC_REPRESENTATION_CONTEXT(2) 
PARAMETRIC_REPRESENTATION_CONTEXT() REPRESENTATION_CONTEXT('2D SPACE',''
  ) );
#3781 = PCURVE('',#3782,#3787);
#3782 = PLANE('',#3783);
#3783 = AXIS2_PLACEMENT_3D('',#3784,#3785,#3786);
#3784 = CARTESIAN_POINT('',(78.4,-9.999999406318E-08,-13.3));
#3785 = DIRECTION('',(-0.,0.,-1.));
#3786 = DIRECTION('',(1.,0.,0.));
#3787 = DEFINITIONAL_REPRESENTATION('',(#3788),#3792);
#3788 = CIRCLE('',#3789,2.491428571429);
#3789 = AXIS2_PLACEMENT_2D('',#3790,#3791);
#3790 = CARTESIAN_POINT('',(-12.4,-12.0000001));
#3791 = DIRECTION('',(1.,-0.));
#3792 = ( GEOMETRIC_REPRESENTATION_CONTEXT(2) 
PARAMETRIC_REPRESENTATION_CONTEXT() REPRESENTATION_CONTEXT('2D SPACE',''
  ) );
#3793 = ADVANCED_FACE('',(#3794),#3722,.T.);
#3794 = FACE_BOUND('',#3795,.F.);
#3795 = EDGE_LOOP('',(#3796));
#3796 = ORIENTED_EDGE('',*,*,#3707,.T.);
#3797 = ADVANCED_FACE('',(#3798),#3782,.T.);
#3798 = FACE_BOUND('',#3799,.F.);
#3799 = EDGE_LOOP('',(#3800));
#3800 = ORIENTED_EDGE('',*,*,#3767,.F.);
#3801 = ( GEOMETRIC_REPRESENTATION_CONTEXT(3) 
GLOBAL_UNCERTAINTY_ASSIGNED_CONTEXT((#3805)) 
GLOBAL_UNIT_ASSIGNED_CONTEXT((#3802,#3803,#3804)) REPRESENTATION_CONTEXT
('Context #1','3D Context with UNIT and UNCERTAINTY') );
#3802 = ( LENGTH_UNIT() NAMED_UNIT(*) SI_UNIT(.MILLI.,.METRE.) );
#3803 = ( NAMED_UNIT(*) PLANE_ANGLE_UNIT() SI_UNIT($,.RADIAN.) );
#3804 = ( NAMED_UNIT(*) SI_UNIT($,.STERADIAN.) SOLID_ANGLE_UNIT() );
#3805 = UNCERTAINTY_MEASURE_WITH_UNIT(LENGTH_MEASURE(1.E-07),#3802,
  'distance_accuracy_value','confusion accuracy');
#3806 = CONTEXT_DEPENDENT_SHAPE_REPRESENTATION(#3807,#3809);
#3807 = ( REPRESENTATION_RELATIONSHIP('','',#3643,#10) 
REPRESENTATION_RELATIONSHIP_WITH_TRANSFORMATION(#3808) 
SHAPE_REPRESENTATION_RELATIONSHIP() );
#3808 = ITEM_DEFINED_TRANSFORMATION('','',#11,#39);
#3809 = PRODUCT_DEFINITION_SHAPE('Placement','Placement of an item',
  #3810);
#3810 = NEXT_ASSEMBLY_USAGE_OCCURRENCE('14','','',#5,#3638,$);
#3811 = PRODUCT_RELATED_PRODUCT_CATEGORY('part',$,(#3640));
ENDSEC;
END-ISO-10303-21;
