ISO-10303-21;
HEADER;
FILE_DESCRIPTION(('Open CASCADE Model'),'2;1');
FILE_NAME('Open CASCADE Shape Model','2026-08-01T20:23:24',('Author'),(
    'Open CASCADE'),'Open CASCADE STEP processor 7.9','Open CASCADE 7.9'
  ,'Unknown');
FILE_SCHEMA(('AUTOMOTIVE_DESIGN { 1 0 10303 214 1 1 1 1 }'));
ENDSEC;
DATA;
#1 = APPLICATION_PROTOCOL_DEFINITION('international standard',
  'automotive_design',2000,#2);
#2 = APPLICATION_CONTEXT(
  'core data for automotive mechanical design processes');
#3 = SHAPE_DEFINITION_REPRESENTATION(#4,#10);
#4 = PRODUCT_DEFINITION_SHAPE('','',#5);
#5 = PRODUCT_DEFINITION('design','',#6,#9);
#6 = PRODUCT_DEFINITION_FORMATION('','',#7);
#7 = PRODUCT('Open CASCADE STEP translator 7.9 17',
  'Open CASCADE STEP translator 7.9 17','',(#8));
#8 = PRODUCT_CONTEXT('',#2,'mechanical');
#9 = PRODUCT_DEFINITION_CONTEXT('part definition',#2,'design');
#10 = SHAPE_REPRESENTATION('',(#11,#15,#19,#23,#27,#31,#35,#39,#43),#47
  );
#11 = AXIS2_PLACEMENT_3D('',#12,#13,#14);
#12 = CARTESIAN_POINT('',(0.,0.,0.));
#13 = DIRECTION('',(0.,0.,1.));
#14 = DIRECTION('',(1.,0.,-0.));
#15 = AXIS2_PLACEMENT_3D('',#16,#17,#18);
#16 = CARTESIAN_POINT('',(0.,0.,0.));
#17 = DIRECTION('',(0.,0.,1.));
#18 = DIRECTION('',(1.,0.,-0.));
#19 = AXIS2_PLACEMENT_3D('',#20,#21,#22);
#20 = CARTESIAN_POINT('',(0.,0.,0.));
#21 = DIRECTION('',(0.,0.,1.));
#22 = DIRECTION('',(1.,0.,-0.));
#23 = AXIS2_PLACEMENT_3D('',#24,#25,#26);
#24 = CARTESIAN_POINT('',(0.,0.,0.));
#25 = DIRECTION('',(0.,0.,1.));
#26 = DIRECTION('',(1.,0.,-0.));
#27 = AXIS2_PLACEMENT_3D('',#28,#29,#30);
#28 = CARTESIAN_POINT('',(0.,0.,0.));
#29 = DIRECTION('',(0.,0.,1.));
#30 = DIRECTION('',(1.,0.,-0.));
#31 = AXIS2_PLACEMENT_3D('',#32,#33,#34);
#32 = CARTESIAN_POINT('',(0.,0.,0.));
#33 = DIRECTION('',(0.,0.,1.));
#34 = DIRECTION('',(1.,0.,-0.));
#35 = AXIS2_PLACEMENT_3D('',#36,#37,#38);
#36 = CARTESIAN_POINT('',(0.,0.,0.));
#37 = DIRECTION('',(0.,0.,1.));
#38 = DIRECTION('',(1.,0.,-0.));
#39 = AXIS2_PLACEMENT_3D('',#40,#41,#42);
#40 = CARTESIAN_POINT('',(0.,0.,0.));
#41 = DIRECTION('',(0.,0.,1.));
#42 = DIRECTION('',(1.,0.,-0.));
#43 = AXIS2_PLACEMENT_3D('',#44,#45,#46);
#44 = CARTESIAN_POINT('',(0.,0.,0.));
#45 = DIRECTION('',(0.,0.,1.));
#46 = DIRECTION('',(1.,0.,-0.));
#47 = ( GEOMETRIC_REPRESENTATION_CONTEXT(3) 
GLOBAL_UNCERTAINTY_ASSIGNED_CONTEXT((#51)) GLOBAL_UNIT_ASSIGNED_CONTEXT(
(#48,#49,#50)) REPRESENTATION_CONTEXT('Context #1',
  '3D Context with UNIT and UNCERTAINTY') );
#48 = ( LENGTH_UNIT() NAMED_UNIT(*) SI_UNIT(.MILLI.,.METRE.) );
#49 = ( NAMED_UNIT(*) PLANE_ANGLE_UNIT() SI_UNIT($,.RADIAN.) );
#50 = ( NAMED_UNIT(*) SI_UNIT($,.STERADIAN.) SOLID_ANGLE_UNIT() );
#51 = UNCERTAINTY_MEASURE_WITH_UNIT(LENGTH_MEASURE(1.E-07),#48,
  'distance_accuracy_value','confusion accuracy');
#52 = PRODUCT_RELATED_PRODUCT_CATEGORY('part',$,(#7));
#53 = SHAPE_DEFINITION_REPRESENTATION(#54,#60);
#54 = PRODUCT_DEFINITION_SHAPE('','',#55);
#55 = PRODUCT_DEFINITION('design','',#56,#59);
#56 = PRODUCT_DEFINITION_FORMATION('','',#57);
#57 = PRODUCT('Open CASCADE STEP translator 7.9 17.1',
  'Open CASCADE STEP translator 7.9 17.1','',(#58));
#58 = PRODUCT_CONTEXT('',#2,'mechanical');
#59 = PRODUCT_DEFINITION_CONTEXT('part definition',#2,'design');
#60 = ADVANCED_BREP_SHAPE_REPRESENTATION('',(#11,#61),#663);
#61 = MANIFOLD_SOLID_BREP('',#62);
#62 = CLOSED_SHELL('',(#63,#189,#265,#354,#403,#466,#473,#532,#591,#595,
    #634));
#63 = ADVANCED_FACE('',(#64),#78,.T.);
#64 = FACE_BOUND('',#65,.F.);
#65 = EDGE_LOOP('',(#66,#101,#130,#158));
#66 = ORIENTED_EDGE('',*,*,#67,.T.);
#67 = EDGE_CURVE('',#68,#70,#72,.T.);
#68 = VERTEX_POINT('',#69);
#69 = CARTESIAN_POINT('',(22.519131071802,28.95,-2.5));
#70 = VERTEX_POINT('',#71);
#71 = CARTESIAN_POINT('',(22.519131071802,28.95,-1.5));
#72 = SURFACE_CURVE('',#73,(#77,#89),.PCURVE_S1.);
#73 = LINE('',#74,#75);
#74 = CARTESIAN_POINT('',(22.519131071802,28.95,-1.5));
#75 = VECTOR('',#76,1.);
#76 = DIRECTION('',(-0.,-0.,1.));
#77 = PCURVE('',#78,#83);
#78 = CYLINDRICAL_SURFACE('',#79,5.1);
#79 = AXIS2_PLACEMENT_3D('',#80,#81,#82);
#80 = CARTESIAN_POINT('',(19.7,33.2,-1.5));
#81 = DIRECTION('',(-0.,-0.,1.));
#82 = DIRECTION('',(1.,-0.,-0.));
#83 = DEFINITIONAL_REPRESENTATION('',(#84),#88);
#84 = LINE('',#85,#86);
#85 = CARTESIAN_POINT('',(-7.268296090517,0.));
#86 = VECTOR('',#87,1.);
#87 = DIRECTION('',(-0.,1.));
#88 = ( GEOMETRIC_REPRESENTATION_CONTEXT(2) 
PARAMETRIC_REPRESENTATION_CONTEXT() REPRESENTATION_CONTEXT('2D SPACE',''
  ) );
#89 = PCURVE('',#90,#95);
#90 = PLANE('',#91);
#91 = AXIS2_PLACEMENT_3D('',#92,#93,#94);
#92 = CARTESIAN_POINT('',(9.5,28.95,-50.));
#93 = DIRECTION('',(0.,-1.,0.));
#94 = DIRECTION('',(0.,-0.,-1.));
#95 = DEFINITIONAL_REPRESENTATION('',(#96),#100);
#96 = LINE('',#97,#98);
#97 = CARTESIAN_POINT('',(-48.5,13.019131071802));
#98 = VECTOR('',#99,1.);
#99 = DIRECTION('',(-1.,0.));
#100 = ( GEOMETRIC_REPRESENTATION_CONTEXT(2) 
PARAMETRIC_REPRESENTATION_CONTEXT() REPRESENTATION_CONTEXT('2D SPACE',''
  ) );
#101 = ORIENTED_EDGE('',*,*,#102,.T.);
#102 = EDGE_CURVE('',#70,#103,#105,.T.);
#103 = VERTEX_POINT('',#104);
#104 = CARTESIAN_POINT('',(22.519131071802,37.45,-1.5));
#105 = SURFACE_CURVE('',#106,(#111,#118),.PCURVE_S1.);
#106 = CIRCLE('',#107,5.1);
#107 = AXIS2_PLACEMENT_3D('',#108,#109,#110);
#108 = CARTESIAN_POINT('',(19.7,33.2,-1.5));
#109 = DIRECTION('',(0.,0.,1.));
#110 = DIRECTION('',(0.552770798393,-0.833333333333,-0.));
#111 = PCURVE('',#78,#112);
#112 = DEFINITIONAL_REPRESENTATION('',(#113),#117);
#113 = LINE('',#114,#115);
#114 = CARTESIAN_POINT('',(-7.268296090517,0.));
#115 = VECTOR('',#116,1.);
#116 = DIRECTION('',(1.,-0.));
#117 = ( GEOMETRIC_REPRESENTATION_CONTEXT(2) 
PARAMETRIC_REPRESENTATION_CONTEXT() REPRESENTATION_CONTEXT('2D SPACE',''
  ) );
#118 = PCURVE('',#119,#124);
#119 = PLANE('',#120);
#120 = AXIS2_PLACEMENT_3D('',#121,#122,#123);
#121 = CARTESIAN_POINT('',(19.7,33.2,-1.5));
#122 = DIRECTION('',(-0.,-0.,1.));
#123 = DIRECTION('',(-1.,0.,0.));
#124 = DEFINITIONAL_REPRESENTATION('',(#125),#129);
#125 = CIRCLE('',#126,5.1);
#126 = AXIS2_PLACEMENT_2D('',#127,#128);
#127 = CARTESIAN_POINT('',(0.,0.));
#128 = DIRECTION('',(-0.552770798393,0.833333333333));
#129 = ( GEOMETRIC_REPRESENTATION_CONTEXT(2) 
PARAMETRIC_REPRESENTATION_CONTEXT() REPRESENTATION_CONTEXT('2D SPACE',''
  ) );
#130 = ORIENTED_EDGE('',*,*,#131,.F.);
#131 = EDGE_CURVE('',#132,#103,#134,.T.);
#132 = VERTEX_POINT('',#133);
#133 = CARTESIAN_POINT('',(22.519131071802,37.45,-2.5));
#134 = SURFACE_CURVE('',#135,(#139,#146),.PCURVE_S1.);
#135 = LINE('',#136,#137);
#136 = CARTESIAN_POINT('',(22.519131071802,37.45,-1.5));
#137 = VECTOR('',#138,1.);
#138 = DIRECTION('',(-0.,-0.,1.));
#139 = PCURVE('',#78,#140);
#140 = DEFINITIONAL_REPRESENTATION('',(#141),#145);
#141 = LINE('',#142,#143);
#142 = CARTESIAN_POINT('',(-5.298074523842,0.));
#143 = VECTOR('',#144,1.);
#144 = DIRECTION('',(-0.,1.));
#145 = ( GEOMETRIC_REPRESENTATION_CONTEXT(2) 
PARAMETRIC_REPRESENTATION_CONTEXT() REPRESENTATION_CONTEXT('2D SPACE',''
  ) );
#146 = PCURVE('',#147,#152);
#147 = PLANE('',#148);
#148 = AXIS2_PLACEMENT_3D('',#149,#150,#151);
#149 = CARTESIAN_POINT('',(9.5,37.45,-50.));
#150 = DIRECTION('',(0.,-1.,0.));
#151 = DIRECTION('',(0.,-0.,-1.));
#152 = DEFINITIONAL_REPRESENTATION('',(#153),#157);
#153 = LINE('',#154,#155);
#154 = CARTESIAN_POINT('',(-48.5,13.019131071802));
#155 = VECTOR('',#156,1.);
#156 = DIRECTION('',(-1.,0.));
#157 = ( GEOMETRIC_REPRESENTATION_CONTEXT(2) 
PARAMETRIC_REPRESENTATION_CONTEXT() REPRESENTATION_CONTEXT('2D SPACE',''
  ) );
#158 = ORIENTED_EDGE('',*,*,#159,.T.);
#159 = EDGE_CURVE('',#132,#68,#160,.T.);
#160 = SURFACE_CURVE('',#161,(#166,#173),.PCURVE_S1.);
#161 = CIRCLE('',#162,5.1);
#162 = AXIS2_PLACEMENT_3D('',#163,#164,#165);
#163 = CARTESIAN_POINT('',(19.7,33.2,-2.5));
#164 = DIRECTION('',(0.,0.,-1.));
#165 = DIRECTION('',(-0.552770798393,-0.833333333333,-0.));
#166 = PCURVE('',#78,#167);
#167 = DEFINITIONAL_REPRESENTATION('',(#168),#172);
#168 = LINE('',#169,#170);
#169 = CARTESIAN_POINT('',(-2.156481870252,-1.));
#170 = VECTOR('',#171,1.);
#171 = DIRECTION('',(-1.,0.));
#172 = ( GEOMETRIC_REPRESENTATION_CONTEXT(2) 
PARAMETRIC_REPRESENTATION_CONTEXT() REPRESENTATION_CONTEXT('2D SPACE',''
  ) );
#173 = PCURVE('',#174,#179);
#174 = PLANE('',#175);
#175 = AXIS2_PLACEMENT_3D('',#176,#177,#178);
#176 = CARTESIAN_POINT('',(19.7,33.2,-2.5));
#177 = DIRECTION('',(-0.,-0.,1.));
#178 = DIRECTION('',(-1.,0.,0.));
#179 = DEFINITIONAL_REPRESENTATION('',(#180),#188);
#180 = ( BOUNDED_CURVE() B_SPLINE_CURVE(2,(#181,#182,#183,#184,#185,#186
,#187),.UNSPECIFIED.,.T.,.F.) B_SPLINE_CURVE_WITH_KNOTS((1,2,2,2,2,1),(
    -2.094395102393,0.,2.094395102393,4.188790204786,6.28318530718,
8.377580409573),.UNSPECIFIED.) CURVE() GEOMETRIC_REPRESENTATION_ITEM() 
RATIONAL_B_SPLINE_CURVE((1.,0.5,1.,0.5,1.,0.5,1.)) REPRESENTATION_ITEM(
  '') );
#181 = CARTESIAN_POINT('',(2.819131071802,4.25));
#182 = CARTESIAN_POINT('',(10.18034700397,-0.632878249557));
#183 = CARTESIAN_POINT('',(2.271042430183,-4.566439124779));
#184 = CARTESIAN_POINT('',(-5.638262143604,-8.5));
#185 = CARTESIAN_POINT('',(-5.090173501985,0.316439124779));
#186 = CARTESIAN_POINT('',(-4.542084860366,9.132878249557));
#187 = CARTESIAN_POINT('',(2.819131071802,4.25));
#188 = ( GEOMETRIC_REPRESENTATION_CONTEXT(2) 
PARAMETRIC_REPRESENTATION_CONTEXT() REPRESENTATION_CONTEXT('2D SPACE',''
  ) );
#189 = ADVANCED_FACE('',(#190),#90,.T.);
#190 = FACE_BOUND('',#191,.F.);
#191 = EDGE_LOOP('',(#192,#193,#216,#244));
#192 = ORIENTED_EDGE('',*,*,#67,.F.);
#193 = ORIENTED_EDGE('',*,*,#194,.T.);
#194 = EDGE_CURVE('',#68,#195,#197,.T.);
#195 = VERTEX_POINT('',#196);
#196 = CARTESIAN_POINT('',(16.880868928198,28.95,-2.5));
#197 = SURFACE_CURVE('',#198,(#202,#209),.PCURVE_S1.);
#198 = LINE('',#199,#200);
#199 = CARTESIAN_POINT('',(14.6,28.95,-2.5));
#200 = VECTOR('',#201,1.);
#201 = DIRECTION('',(-1.,-0.,-0.));
#202 = PCURVE('',#90,#203);
#203 = DEFINITIONAL_REPRESENTATION('',(#204),#208);
#204 = LINE('',#205,#206);
#205 = CARTESIAN_POINT('',(-47.5,5.1));
#206 = VECTOR('',#207,1.);
#207 = DIRECTION('',(-0.,-1.));
#208 = ( GEOMETRIC_REPRESENTATION_CONTEXT(2) 
PARAMETRIC_REPRESENTATION_CONTEXT() REPRESENTATION_CONTEXT('2D SPACE',''
  ) );
#209 = PCURVE('',#174,#210);
#210 = DEFINITIONAL_REPRESENTATION('',(#211),#215);
#211 = LINE('',#212,#213);
#212 = CARTESIAN_POINT('',(5.1,4.25));
#213 = VECTOR('',#214,1.);
#214 = DIRECTION('',(1.,-0.));
#215 = ( GEOMETRIC_REPRESENTATION_CONTEXT(2) 
PARAMETRIC_REPRESENTATION_CONTEXT() REPRESENTATION_CONTEXT('2D SPACE',''
  ) );
#216 = ORIENTED_EDGE('',*,*,#217,.T.);
#217 = EDGE_CURVE('',#195,#218,#220,.T.);
#218 = VERTEX_POINT('',#219);
#219 = CARTESIAN_POINT('',(16.880868928198,28.95,-1.5));
#220 = SURFACE_CURVE('',#221,(#225,#232),.PCURVE_S1.);
#221 = LINE('',#222,#223);
#222 = CARTESIAN_POINT('',(16.880868928198,28.95,-1.5));
#223 = VECTOR('',#224,1.);
#224 = DIRECTION('',(-0.,-0.,1.));
#225 = PCURVE('',#90,#226);
#226 = DEFINITIONAL_REPRESENTATION('',(#227),#231);
#227 = LINE('',#228,#229);
#228 = CARTESIAN_POINT('',(-48.5,7.380868928198));
#229 = VECTOR('',#230,1.);
#230 = DIRECTION('',(-1.,0.));
#231 = ( GEOMETRIC_REPRESENTATION_CONTEXT(2) 
PARAMETRIC_REPRESENTATION_CONTEXT() REPRESENTATION_CONTEXT('2D SPACE',''
  ) );
#232 = PCURVE('',#233,#238);
#233 = CYLINDRICAL_SURFACE('',#234,5.1);
#234 = AXIS2_PLACEMENT_3D('',#235,#236,#237);
#235 = CARTESIAN_POINT('',(19.7,33.2,-1.5));
#236 = DIRECTION('',(-0.,-0.,1.));
#237 = DIRECTION('',(1.,-0.,-0.));
#238 = DEFINITIONAL_REPRESENTATION('',(#239),#243);
#239 = LINE('',#240,#241);
#240 = CARTESIAN_POINT('',(-2.156481870252,0.));
#241 = VECTOR('',#242,1.);
#242 = DIRECTION('',(-0.,1.));
#243 = ( GEOMETRIC_REPRESENTATION_CONTEXT(2) 
PARAMETRIC_REPRESENTATION_CONTEXT() REPRESENTATION_CONTEXT('2D SPACE',''
  ) );
#244 = ORIENTED_EDGE('',*,*,#245,.F.);
#245 = EDGE_CURVE('',#70,#218,#246,.T.);
#246 = SURFACE_CURVE('',#247,(#251,#258),.PCURVE_S1.);
#247 = LINE('',#248,#249);
#248 = CARTESIAN_POINT('',(14.6,28.95,-1.5));
#249 = VECTOR('',#250,1.);
#250 = DIRECTION('',(-1.,-0.,-0.));
#251 = PCURVE('',#90,#252);
#252 = DEFINITIONAL_REPRESENTATION('',(#253),#257);
#253 = LINE('',#254,#255);
#254 = CARTESIAN_POINT('',(-48.5,5.1));
#255 = VECTOR('',#256,1.);
#256 = DIRECTION('',(-0.,-1.));
#257 = ( GEOMETRIC_REPRESENTATION_CONTEXT(2) 
PARAMETRIC_REPRESENTATION_CONTEXT() REPRESENTATION_CONTEXT('2D SPACE',''
  ) );
#258 = PCURVE('',#119,#259);
#259 = DEFINITIONAL_REPRESENTATION('',(#260),#264);
#260 = LINE('',#261,#262);
#261 = CARTESIAN_POINT('',(5.1,4.25));
#262 = VECTOR('',#263,1.);
#263 = DIRECTION('',(1.,-0.));
#264 = ( GEOMETRIC_REPRESENTATION_CONTEXT(2) 
PARAMETRIC_REPRESENTATION_CONTEXT() REPRESENTATION_CONTEXT('2D SPACE',''
  ) );
#265 = ADVANCED_FACE('',(#266,#319),#174,.F.);
#266 = FACE_BOUND('',#267,.T.);
#267 = EDGE_LOOP('',(#268,#269,#297,#318));
#268 = ORIENTED_EDGE('',*,*,#194,.T.);
#269 = ORIENTED_EDGE('',*,*,#270,.T.);
#270 = EDGE_CURVE('',#195,#271,#273,.T.);
#271 = VERTEX_POINT('',#272);
#272 = CARTESIAN_POINT('',(16.880868928198,37.45,-2.5));
#273 = SURFACE_CURVE('',#274,(#279,#290),.PCURVE_S1.);
#274 = CIRCLE('',#275,5.1);
#275 = AXIS2_PLACEMENT_3D('',#276,#277,#278);
#276 = CARTESIAN_POINT('',(19.7,33.2,-2.5));
#277 = DIRECTION('',(0.,0.,-1.));
#278 = DIRECTION('',(-0.552770798393,-0.833333333333,-0.));
#279 = PCURVE('',#174,#280);
#280 = DEFINITIONAL_REPRESENTATION('',(#281),#289);
#281 = ( BOUNDED_CURVE() B_SPLINE_CURVE(2,(#282,#283,#284,#285,#286,#287
,#288),.UNSPECIFIED.,.T.,.F.) B_SPLINE_CURVE_WITH_KNOTS((1,2,2,2,2,1),(
    -2.094395102393,0.,2.094395102393,4.188790204786,6.28318530718,
8.377580409573),.UNSPECIFIED.) CURVE() GEOMETRIC_REPRESENTATION_ITEM() 
RATIONAL_B_SPLINE_CURVE((1.,0.5,1.,0.5,1.,0.5,1.)) REPRESENTATION_ITEM(
  '') );
#282 = CARTESIAN_POINT('',(2.819131071802,4.25));
#283 = CARTESIAN_POINT('',(10.18034700397,-0.632878249557));
#284 = CARTESIAN_POINT('',(2.271042430183,-4.566439124779));
#285 = CARTESIAN_POINT('',(-5.638262143604,-8.5));
#286 = CARTESIAN_POINT('',(-5.090173501985,0.316439124779));
#287 = CARTESIAN_POINT('',(-4.542084860366,9.132878249557));
#288 = CARTESIAN_POINT('',(2.819131071802,4.25));
#289 = ( GEOMETRIC_REPRESENTATION_CONTEXT(2) 
PARAMETRIC_REPRESENTATION_CONTEXT() REPRESENTATION_CONTEXT('2D SPACE',''
  ) );
#290 = PCURVE('',#233,#291);
#291 = DEFINITIONAL_REPRESENTATION('',(#292),#296);
#292 = LINE('',#293,#294);
#293 = CARTESIAN_POINT('',(-2.156481870252,-1.));
#294 = VECTOR('',#295,1.);
#295 = DIRECTION('',(-1.,0.));
#296 = ( GEOMETRIC_REPRESENTATION_CONTEXT(2) 
PARAMETRIC_REPRESENTATION_CONTEXT() REPRESENTATION_CONTEXT('2D SPACE',''
  ) );
#297 = ORIENTED_EDGE('',*,*,#298,.F.);
#298 = EDGE_CURVE('',#132,#271,#299,.T.);
#299 = SURFACE_CURVE('',#300,(#304,#311),.PCURVE_S1.);
#300 = LINE('',#301,#302);
#301 = CARTESIAN_POINT('',(14.6,37.45,-2.5));
#302 = VECTOR('',#303,1.);
#303 = DIRECTION('',(-1.,-0.,-0.));
#304 = PCURVE('',#174,#305);
#305 = DEFINITIONAL_REPRESENTATION('',(#306),#310);
#306 = LINE('',#307,#308);
#307 = CARTESIAN_POINT('',(5.1,-4.25));
#308 = VECTOR('',#309,1.);
#309 = DIRECTION('',(1.,-0.));
#310 = ( GEOMETRIC_REPRESENTATION_CONTEXT(2) 
PARAMETRIC_REPRESENTATION_CONTEXT() REPRESENTATION_CONTEXT('2D SPACE',''
  ) );
#311 = PCURVE('',#147,#312);
#312 = DEFINITIONAL_REPRESENTATION('',(#313),#317);
#313 = LINE('',#314,#315);
#314 = CARTESIAN_POINT('',(-47.5,5.1));
#315 = VECTOR('',#316,1.);
#316 = DIRECTION('',(-0.,-1.));
#317 = ( GEOMETRIC_REPRESENTATION_CONTEXT(2) 
PARAMETRIC_REPRESENTATION_CONTEXT() REPRESENTATION_CONTEXT('2D SPACE',''
  ) );
#318 = ORIENTED_EDGE('',*,*,#159,.T.);
#319 = FACE_BOUND('',#320,.T.);
#320 = EDGE_LOOP('',(#321));
#321 = ORIENTED_EDGE('',*,*,#322,.F.);
#322 = EDGE_CURVE('',#323,#323,#325,.T.);
#323 = VERTEX_POINT('',#324);
#324 = CARTESIAN_POINT('',(21.2,33.2,-2.5));
#325 = SURFACE_CURVE('',#326,(#331,#342),.PCURVE_S1.);
#326 = CIRCLE('',#327,1.5);
#327 = AXIS2_PLACEMENT_3D('',#328,#329,#330);
#328 = CARTESIAN_POINT('',(19.7,33.2,-2.5));
#329 = DIRECTION('',(0.,0.,-1.));
#330 = DIRECTION('',(1.,-0.,-0.));
#331 = PCURVE('',#174,#332);
#332 = DEFINITIONAL_REPRESENTATION('',(#333),#341);
#333 = ( BOUNDED_CURVE() B_SPLINE_CURVE(2,(#334,#335,#336,#337,#338,#339
,#340),.UNSPECIFIED.,.T.,.F.) B_SPLINE_CURVE_WITH_KNOTS((1,2,2,2,2,1),(
    -2.094395102393,0.,2.094395102393,4.188790204786,6.28318530718,
8.377580409573),.UNSPECIFIED.) CURVE() GEOMETRIC_REPRESENTATION_ITEM() 
RATIONAL_B_SPLINE_CURVE((1.,0.5,1.,0.5,1.,0.5,1.)) REPRESENTATION_ITEM(
  '') );
#334 = CARTESIAN_POINT('',(-1.5,0.));
#335 = CARTESIAN_POINT('',(-1.5,2.598076211353));
#336 = CARTESIAN_POINT('',(0.75,1.299038105677));
#337 = CARTESIAN_POINT('',(3.,3.673940397442E-16));
#338 = CARTESIAN_POINT('',(0.75,-1.299038105677));
#339 = CARTESIAN_POINT('',(-1.5,-2.598076211353));
#340 = CARTESIAN_POINT('',(-1.5,0.));
#341 = ( GEOMETRIC_REPRESENTATION_CONTEXT(2) 
PARAMETRIC_REPRESENTATION_CONTEXT() REPRESENTATION_CONTEXT('2D SPACE',''
  ) );
#342 = PCURVE('',#343,#348);
#343 = CYLINDRICAL_SURFACE('',#344,1.5);
#344 = AXIS2_PLACEMENT_3D('',#345,#346,#347);
#345 = CARTESIAN_POINT('',(19.7,33.2,-2.5));
#346 = DIRECTION('',(-0.,-0.,1.));
#347 = DIRECTION('',(1.,-0.,-0.));
#348 = DEFINITIONAL_REPRESENTATION('',(#349),#353);
#349 = LINE('',#350,#351);
#350 = CARTESIAN_POINT('',(-0.,0.));
#351 = VECTOR('',#352,1.);
#352 = DIRECTION('',(-1.,0.));
#353 = ( GEOMETRIC_REPRESENTATION_CONTEXT(2) 
PARAMETRIC_REPRESENTATION_CONTEXT() REPRESENTATION_CONTEXT('2D SPACE',''
  ) );
#354 = ADVANCED_FACE('',(#355),#147,.F.);
#355 = FACE_BOUND('',#356,.T.);
#356 = EDGE_LOOP('',(#357,#358,#359,#382));
#357 = ORIENTED_EDGE('',*,*,#131,.F.);
#358 = ORIENTED_EDGE('',*,*,#298,.T.);
#359 = ORIENTED_EDGE('',*,*,#360,.T.);
#360 = EDGE_CURVE('',#271,#361,#363,.T.);
#361 = VERTEX_POINT('',#362);
#362 = CARTESIAN_POINT('',(16.880868928198,37.45,-1.5));
#363 = SURFACE_CURVE('',#364,(#368,#375),.PCURVE_S1.);
#364 = LINE('',#365,#366);
#365 = CARTESIAN_POINT('',(16.880868928198,37.45,-1.5));
#366 = VECTOR('',#367,1.);
#367 = DIRECTION('',(-0.,-0.,1.));
#368 = PCURVE('',#147,#369);
#369 = DEFINITIONAL_REPRESENTATION('',(#370),#374);
#370 = LINE('',#371,#372);
#371 = CARTESIAN_POINT('',(-48.5,7.380868928198));
#372 = VECTOR('',#373,1.);
#373 = DIRECTION('',(-1.,0.));
#374 = ( GEOMETRIC_REPRESENTATION_CONTEXT(2) 
PARAMETRIC_REPRESENTATION_CONTEXT() REPRESENTATION_CONTEXT('2D SPACE',''
  ) );
#375 = PCURVE('',#233,#376);
#376 = DEFINITIONAL_REPRESENTATION('',(#377),#381);
#377 = LINE('',#378,#379);
#378 = CARTESIAN_POINT('',(-4.126703436928,0.));
#379 = VECTOR('',#380,1.);
#380 = DIRECTION('',(-0.,1.));
#381 = ( GEOMETRIC_REPRESENTATION_CONTEXT(2) 
PARAMETRIC_REPRESENTATION_CONTEXT() REPRESENTATION_CONTEXT('2D SPACE',''
  ) );
#382 = ORIENTED_EDGE('',*,*,#383,.F.);
#383 = EDGE_CURVE('',#103,#361,#384,.T.);
#384 = SURFACE_CURVE('',#385,(#389,#396),.PCURVE_S1.);
#385 = LINE('',#386,#387);
#386 = CARTESIAN_POINT('',(14.6,37.45,-1.5));
#387 = VECTOR('',#388,1.);
#388 = DIRECTION('',(-1.,-0.,-0.));
#389 = PCURVE('',#147,#390);
#390 = DEFINITIONAL_REPRESENTATION('',(#391),#395);
#391 = LINE('',#392,#393);
#392 = CARTESIAN_POINT('',(-48.5,5.1));
#393 = VECTOR('',#394,1.);
#394 = DIRECTION('',(-0.,-1.));
#395 = ( GEOMETRIC_REPRESENTATION_CONTEXT(2) 
PARAMETRIC_REPRESENTATION_CONTEXT() REPRESENTATION_CONTEXT('2D SPACE',''
  ) );
#396 = PCURVE('',#119,#397);
#397 = DEFINITIONAL_REPRESENTATION('',(#398),#402);
#398 = LINE('',#399,#400);
#399 = CARTESIAN_POINT('',(5.1,-4.25));
#400 = VECTOR('',#401,1.);
#401 = DIRECTION('',(1.,-0.));
#402 = ( GEOMETRIC_REPRESENTATION_CONTEXT(2) 
PARAMETRIC_REPRESENTATION_CONTEXT() REPRESENTATION_CONTEXT('2D SPACE',''
  ) );
#403 = ADVANCED_FACE('',(#404,#431),#119,.T.);
#404 = FACE_BOUND('',#405,.F.);
#405 = EDGE_LOOP('',(#406,#407,#408,#430));
#406 = ORIENTED_EDGE('',*,*,#102,.F.);
#407 = ORIENTED_EDGE('',*,*,#245,.T.);
#408 = ORIENTED_EDGE('',*,*,#409,.F.);
#409 = EDGE_CURVE('',#361,#218,#410,.T.);
#410 = SURFACE_CURVE('',#411,(#416,#423),.PCURVE_S1.);
#411 = CIRCLE('',#412,5.1);
#412 = AXIS2_PLACEMENT_3D('',#413,#414,#415);
#413 = CARTESIAN_POINT('',(19.7,33.2,-1.5));
#414 = DIRECTION('',(0.,0.,1.));
#415 = DIRECTION('',(0.552770798393,-0.833333333333,-0.));
#416 = PCURVE('',#119,#417);
#417 = DEFINITIONAL_REPRESENTATION('',(#418),#422);
#418 = CIRCLE('',#419,5.1);
#419 = AXIS2_PLACEMENT_2D('',#420,#421);
#420 = CARTESIAN_POINT('',(0.,0.));
#421 = DIRECTION('',(-0.552770798393,0.833333333333));
#422 = ( GEOMETRIC_REPRESENTATION_CONTEXT(2) 
PARAMETRIC_REPRESENTATION_CONTEXT() REPRESENTATION_CONTEXT('2D SPACE',''
  ) );
#423 = PCURVE('',#233,#424);
#424 = DEFINITIONAL_REPRESENTATION('',(#425),#429);
#425 = LINE('',#426,#427);
#426 = CARTESIAN_POINT('',(-7.268296090517,0.));
#427 = VECTOR('',#428,1.);
#428 = DIRECTION('',(1.,-0.));
#429 = ( GEOMETRIC_REPRESENTATION_CONTEXT(2) 
PARAMETRIC_REPRESENTATION_CONTEXT() REPRESENTATION_CONTEXT('2D SPACE',''
  ) );
#430 = ORIENTED_EDGE('',*,*,#383,.F.);
#431 = FACE_BOUND('',#432,.F.);
#432 = EDGE_LOOP('',(#433));
#433 = ORIENTED_EDGE('',*,*,#434,.F.);
#434 = EDGE_CURVE('',#435,#435,#437,.T.);
#435 = VERTEX_POINT('',#436);
#436 = CARTESIAN_POINT('',(23.5,33.2,-1.5));
#437 = SURFACE_CURVE('',#438,(#443,#454),.PCURVE_S1.);
#438 = CIRCLE('',#439,3.8);
#439 = AXIS2_PLACEMENT_3D('',#440,#441,#442);
#440 = CARTESIAN_POINT('',(19.7,33.2,-1.5));
#441 = DIRECTION('',(0.,0.,-1.));
#442 = DIRECTION('',(1.,-0.,-0.));
#443 = PCURVE('',#119,#444);
#444 = DEFINITIONAL_REPRESENTATION('',(#445),#453);
#445 = ( BOUNDED_CURVE() B_SPLINE_CURVE(2,(#446,#447,#448,#449,#450,#451
,#452),.UNSPECIFIED.,.T.,.F.) B_SPLINE_CURVE_WITH_KNOTS((1,2,2,2,2,1),(
    -2.094395102393,0.,2.094395102393,4.188790204786,6.28318530718,
8.377580409573),.UNSPECIFIED.) CURVE() GEOMETRIC_REPRESENTATION_ITEM() 
RATIONAL_B_SPLINE_CURVE((1.,0.5,1.,0.5,1.,0.5,1.)) REPRESENTATION_ITEM(
  '') );
#446 = CARTESIAN_POINT('',(-3.8,0.));
#447 = CARTESIAN_POINT('',(-3.8,6.581793068762));
#448 = CARTESIAN_POINT('',(1.9,3.290896534381));
#449 = CARTESIAN_POINT('',(7.6,9.30731567352E-16));
#450 = CARTESIAN_POINT('',(1.9,-3.290896534381));
#451 = CARTESIAN_POINT('',(-3.8,-6.581793068762));
#452 = CARTESIAN_POINT('',(-3.8,0.));
#453 = ( GEOMETRIC_REPRESENTATION_CONTEXT(2) 
PARAMETRIC_REPRESENTATION_CONTEXT() REPRESENTATION_CONTEXT('2D SPACE',''
  ) );
#454 = PCURVE('',#455,#460);
#455 = CYLINDRICAL_SURFACE('',#456,3.8);
#456 = AXIS2_PLACEMENT_3D('',#457,#458,#459);
#457 = CARTESIAN_POINT('',(19.7,33.2,0.));
#458 = DIRECTION('',(-0.,-0.,1.));
#459 = DIRECTION('',(1.,-0.,-0.));
#460 = DEFINITIONAL_REPRESENTATION('',(#461),#465);
#461 = LINE('',#462,#463);
#462 = CARTESIAN_POINT('',(-0.,-1.5));
#463 = VECTOR('',#464,1.);
#464 = DIRECTION('',(-1.,0.));
#465 = ( GEOMETRIC_REPRESENTATION_CONTEXT(2) 
PARAMETRIC_REPRESENTATION_CONTEXT() REPRESENTATION_CONTEXT('2D SPACE',''
  ) );
#466 = ADVANCED_FACE('',(#467),#233,.T.);
#467 = FACE_BOUND('',#468,.F.);
#468 = EDGE_LOOP('',(#469,#470,#471,#472));
#469 = ORIENTED_EDGE('',*,*,#360,.T.);
#470 = ORIENTED_EDGE('',*,*,#409,.T.);
#471 = ORIENTED_EDGE('',*,*,#217,.F.);
#472 = ORIENTED_EDGE('',*,*,#270,.T.);
#473 = ADVANCED_FACE('',(#474),#343,.T.);
#474 = FACE_BOUND('',#475,.F.);
#475 = EDGE_LOOP('',(#476,#499,#530,#531));
#476 = ORIENTED_EDGE('',*,*,#477,.T.);
#477 = EDGE_CURVE('',#323,#478,#480,.T.);
#478 = VERTEX_POINT('',#479);
#479 = CARTESIAN_POINT('',(21.2,33.2,-3.));
#480 = SEAM_CURVE('',#481,(#485,#492),.PCURVE_S1.);
#481 = LINE('',#482,#483);
#482 = CARTESIAN_POINT('',(21.2,33.2,-2.5));
#483 = VECTOR('',#484,1.);
#484 = DIRECTION('',(-0.,0.,-1.));
#485 = PCURVE('',#343,#486);
#486 = DEFINITIONAL_REPRESENTATION('',(#487),#491);
#487 = LINE('',#488,#489);
#488 = CARTESIAN_POINT('',(-0.,0.));
#489 = VECTOR('',#490,1.);
#490 = DIRECTION('',(-0.,-1.));
#491 = ( GEOMETRIC_REPRESENTATION_CONTEXT(2) 
PARAMETRIC_REPRESENTATION_CONTEXT() REPRESENTATION_CONTEXT('2D SPACE',''
  ) );
#492 = PCURVE('',#343,#493);
#493 = DEFINITIONAL_REPRESENTATION('',(#494),#498);
#494 = LINE('',#495,#496);
#495 = CARTESIAN_POINT('',(-6.28318530718,0.));
#496 = VECTOR('',#497,1.);
#497 = DIRECTION('',(-0.,-1.));
#498 = ( GEOMETRIC_REPRESENTATION_CONTEXT(2) 
PARAMETRIC_REPRESENTATION_CONTEXT() REPRESENTATION_CONTEXT('2D SPACE',''
  ) );
#499 = ORIENTED_EDGE('',*,*,#500,.T.);
#500 = EDGE_CURVE('',#478,#478,#501,.T.);
#501 = SURFACE_CURVE('',#502,(#507,#514),.PCURVE_S1.);
#502 = CIRCLE('',#503,1.5);
#503 = AXIS2_PLACEMENT_3D('',#504,#505,#506);
#504 = CARTESIAN_POINT('',(19.7,33.2,-3.));
#505 = DIRECTION('',(0.,0.,-1.));
#506 = DIRECTION('',(1.,-0.,-0.));
#507 = PCURVE('',#343,#508);
#508 = DEFINITIONAL_REPRESENTATION('',(#509),#513);
#509 = LINE('',#510,#511);
#510 = CARTESIAN_POINT('',(-0.,-0.5));
#511 = VECTOR('',#512,1.);
#512 = DIRECTION('',(-1.,0.));
#513 = ( GEOMETRIC_REPRESENTATION_CONTEXT(2) 
PARAMETRIC_REPRESENTATION_CONTEXT() REPRESENTATION_CONTEXT('2D SPACE',''
  ) );
#514 = PCURVE('',#515,#520);
#515 = PLANE('',#516);
#516 = AXIS2_PLACEMENT_3D('',#517,#518,#519);
#517 = CARTESIAN_POINT('',(19.7,33.2,-3.));
#518 = DIRECTION('',(-0.,-0.,1.));
#519 = DIRECTION('',(-1.,0.,0.));
#520 = DEFINITIONAL_REPRESENTATION('',(#521),#529);
#521 = ( BOUNDED_CURVE() B_SPLINE_CURVE(2,(#522,#523,#524,#525,#526,#527
,#528),.UNSPECIFIED.,.T.,.F.) B_SPLINE_CURVE_WITH_KNOTS((1,2,2,2,2,1),(
    -2.094395102393,0.,2.094395102393,4.188790204786,6.28318530718,
8.377580409573),.UNSPECIFIED.) CURVE() GEOMETRIC_REPRESENTATION_ITEM() 
RATIONAL_B_SPLINE_CURVE((1.,0.5,1.,0.5,1.,0.5,1.)) REPRESENTATION_ITEM(
  '') );
#522 = CARTESIAN_POINT('',(-1.5,0.));
#523 = CARTESIAN_POINT('',(-1.5,2.598076211353));
#524 = CARTESIAN_POINT('',(0.75,1.299038105677));
#525 = CARTESIAN_POINT('',(3.,3.673940397442E-16));
#526 = CARTESIAN_POINT('',(0.75,-1.299038105677));
#527 = CARTESIAN_POINT('',(-1.5,-2.598076211353));
#528 = CARTESIAN_POINT('',(-1.5,0.));
#529 = ( GEOMETRIC_REPRESENTATION_CONTEXT(2) 
PARAMETRIC_REPRESENTATION_CONTEXT() REPRESENTATION_CONTEXT('2D SPACE',''
  ) );
#530 = ORIENTED_EDGE('',*,*,#477,.F.);
#531 = ORIENTED_EDGE('',*,*,#322,.F.);
#532 = ADVANCED_FACE('',(#533),#455,.T.);
#533 = FACE_BOUND('',#534,.F.);
#534 = EDGE_LOOP('',(#535,#536,#559,#590));
#535 = ORIENTED_EDGE('',*,*,#434,.T.);
#536 = ORIENTED_EDGE('',*,*,#537,.T.);
#537 = EDGE_CURVE('',#435,#538,#540,.T.);
#538 = VERTEX_POINT('',#539);
#539 = CARTESIAN_POINT('',(23.5,33.2,1.));
#540 = SEAM_CURVE('',#541,(#545,#552),.PCURVE_S1.);
#541 = LINE('',#542,#543);
#542 = CARTESIAN_POINT('',(23.5,33.2,-1.5));
#543 = VECTOR('',#544,1.);
#544 = DIRECTION('',(-0.,-0.,1.));
#545 = PCURVE('',#455,#546);
#546 = DEFINITIONAL_REPRESENTATION('',(#547),#551);
#547 = LINE('',#548,#549);
#548 = CARTESIAN_POINT('',(-6.28318530718,-1.5));
#549 = VECTOR('',#550,1.);
#550 = DIRECTION('',(0.,1.));
#551 = ( GEOMETRIC_REPRESENTATION_CONTEXT(2) 
PARAMETRIC_REPRESENTATION_CONTEXT() REPRESENTATION_CONTEXT('2D SPACE',''
  ) );
#552 = PCURVE('',#455,#553);
#553 = DEFINITIONAL_REPRESENTATION('',(#554),#558);
#554 = LINE('',#555,#556);
#555 = CARTESIAN_POINT('',(-0.,-1.5));
#556 = VECTOR('',#557,1.);
#557 = DIRECTION('',(0.,1.));
#558 = ( GEOMETRIC_REPRESENTATION_CONTEXT(2) 
PARAMETRIC_REPRESENTATION_CONTEXT() REPRESENTATION_CONTEXT('2D SPACE',''
  ) );
#559 = ORIENTED_EDGE('',*,*,#560,.F.);
#560 = EDGE_CURVE('',#538,#538,#561,.T.);
#561 = SURFACE_CURVE('',#562,(#567,#574),.PCURVE_S1.);
#562 = CIRCLE('',#563,3.8);
#563 = AXIS2_PLACEMENT_3D('',#564,#565,#566);
#564 = CARTESIAN_POINT('',(19.7,33.2,1.));
#565 = DIRECTION('',(0.,0.,-1.));
#566 = DIRECTION('',(1.,-0.,-0.));
#567 = PCURVE('',#455,#568);
#568 = DEFINITIONAL_REPRESENTATION('',(#569),#573);
#569 = LINE('',#570,#571);
#570 = CARTESIAN_POINT('',(0.,1.));
#571 = VECTOR('',#572,1.);
#572 = DIRECTION('',(-1.,-0.));
#573 = ( GEOMETRIC_REPRESENTATION_CONTEXT(2) 
PARAMETRIC_REPRESENTATION_CONTEXT() REPRESENTATION_CONTEXT('2D SPACE',''
  ) );
#574 = PCURVE('',#575,#580);
#575 = PLANE('',#576);
#576 = AXIS2_PLACEMENT_3D('',#577,#578,#579);
#577 = CARTESIAN_POINT('',(19.7,33.2,1.));
#578 = DIRECTION('',(-0.,-0.,1.));
#579 = DIRECTION('',(-1.,0.,0.));
#580 = DEFINITIONAL_REPRESENTATION('',(#581),#589);
#581 = ( BOUNDED_CURVE() B_SPLINE_CURVE(2,(#582,#583,#584,#585,#586,#587
,#588),.UNSPECIFIED.,.T.,.F.) B_SPLINE_CURVE_WITH_KNOTS((1,2,2,2,2,1),(
    -2.094395102393,0.,2.094395102393,4.188790204786,6.28318530718,
8.377580409573),.UNSPECIFIED.) CURVE() GEOMETRIC_REPRESENTATION_ITEM() 
RATIONAL_B_SPLINE_CURVE((1.,0.5,1.,0.5,1.,0.5,1.)) REPRESENTATION_ITEM(
  '') );
#582 = CARTESIAN_POINT('',(-3.8,0.));
#583 = CARTESIAN_POINT('',(-3.8,6.581793068762));
#584 = CARTESIAN_POINT('',(1.9,3.290896534381));
#585 = CARTESIAN_POINT('',(7.6,9.30731567352E-16));
#586 = CARTESIAN_POINT('',(1.9,-3.290896534381));
#587 = CARTESIAN_POINT('',(-3.8,-6.581793068762));
#588 = CARTESIAN_POINT('',(-3.8,0.));
#589 = ( GEOMETRIC_REPRESENTATION_CONTEXT(2) 
PARAMETRIC_REPRESENTATION_CONTEXT() REPRESENTATION_CONTEXT('2D SPACE',''
  ) );
#590 = ORIENTED_EDGE('',*,*,#537,.F.);
#591 = ADVANCED_FACE('',(#592),#515,.F.);
#592 = FACE_BOUND('',#593,.T.);
#593 = EDGE_LOOP('',(#594));
#594 = ORIENTED_EDGE('',*,*,#500,.T.);
#595 = ADVANCED_FACE('',(#596,#599),#575,.T.);
#596 = FACE_BOUND('',#597,.F.);
#597 = EDGE_LOOP('',(#598));
#598 = ORIENTED_EDGE('',*,*,#560,.T.);
#599 = FACE_BOUND('',#600,.F.);
#600 = EDGE_LOOP('',(#601));
#601 = ORIENTED_EDGE('',*,*,#602,.F.);
#602 = EDGE_CURVE('',#603,#603,#605,.T.);
#603 = VERTEX_POINT('',#604);
#604 = CARTESIAN_POINT('',(22.596463360721,33.2,1.));
#605 = SURFACE_CURVE('',#606,(#611,#622),.PCURVE_S1.);
#606 = CIRCLE('',#607,2.896463360721);
#607 = AXIS2_PLACEMENT_3D('',#608,#609,#610);
#608 = CARTESIAN_POINT('',(19.7,33.2,1.));
#609 = DIRECTION('',(0.,0.,-1.));
#610 = DIRECTION('',(1.,-0.,-0.));
#611 = PCURVE('',#575,#612);
#612 = DEFINITIONAL_REPRESENTATION('',(#613),#621);
#613 = ( BOUNDED_CURVE() B_SPLINE_CURVE(2,(#614,#615,#616,#617,#618,#619
,#620),.UNSPECIFIED.,.T.,.F.) B_SPLINE_CURVE_WITH_KNOTS((1,2,2,2,2,1),(
    -2.094395102393,0.,2.094395102393,4.188790204786,6.28318530718,
8.377580409573),.UNSPECIFIED.) CURVE() GEOMETRIC_REPRESENTATION_ITEM() 
RATIONAL_B_SPLINE_CURVE((1.,0.5,1.,0.5,1.,0.5,1.)) REPRESENTATION_ITEM(
  '') );
#614 = CARTESIAN_POINT('',(-2.896463360721,0.));
#615 = CARTESIAN_POINT('',(-2.896463360721,5.016821703031));
#616 = CARTESIAN_POINT('',(1.448231680361,2.508410851515));
#617 = CARTESIAN_POINT('',(5.792926721442,7.094289167109E-16));
#618 = CARTESIAN_POINT('',(1.448231680361,-2.508410851515));
#619 = CARTESIAN_POINT('',(-2.896463360721,-5.016821703031));
#620 = CARTESIAN_POINT('',(-2.896463360721,0.));
#621 = ( GEOMETRIC_REPRESENTATION_CONTEXT(2) 
PARAMETRIC_REPRESENTATION_CONTEXT() REPRESENTATION_CONTEXT('2D SPACE',''
  ) );
#622 = PCURVE('',#623,#628);
#623 = SPHERICAL_SURFACE('',#624,12.16);
#624 = AXIS2_PLACEMENT_3D('',#625,#626,#627);
#625 = CARTESIAN_POINT('',(19.7,33.2,12.81));
#626 = DIRECTION('',(0.,0.,1.));
#627 = DIRECTION('',(1.,0.,0.));
#628 = DEFINITIONAL_REPRESENTATION('',(#629),#633);
#629 = LINE('',#630,#631);
#630 = CARTESIAN_POINT('',(-0.,-1.33028836321));
#631 = VECTOR('',#632,1.);
#632 = DIRECTION('',(-1.,0.));
#633 = ( GEOMETRIC_REPRESENTATION_CONTEXT(2) 
PARAMETRIC_REPRESENTATION_CONTEXT() REPRESENTATION_CONTEXT('2D SPACE',''
  ) );
#634 = ADVANCED_FACE('',(#635),#623,.F.);
#635 = FACE_BOUND('',#636,.T.);
#636 = EDGE_LOOP('',(#637,#638,#662));
#637 = ORIENTED_EDGE('',*,*,#602,.F.);
#638 = ORIENTED_EDGE('',*,*,#639,.F.);
#639 = EDGE_CURVE('',#640,#603,#642,.T.);
#640 = VERTEX_POINT('',#641);
#641 = CARTESIAN_POINT('',(19.7,33.2,0.65));
#642 = SEAM_CURVE('',#643,(#648,#655),.PCURVE_S1.);
#643 = CIRCLE('',#644,12.16);
#644 = AXIS2_PLACEMENT_3D('',#645,#646,#647);
#645 = CARTESIAN_POINT('',(19.7,33.2,12.81));
#646 = DIRECTION('',(2.449293598295E-16,-1.,0.));
#647 = DIRECTION('',(1.,2.449293598295E-16,0.));
#648 = PCURVE('',#623,#649);
#649 = DEFINITIONAL_REPRESENTATION('',(#650),#654);
#650 = LINE('',#651,#652);
#651 = CARTESIAN_POINT('',(-6.28318530718,-6.28318530718));
#652 = VECTOR('',#653,1.);
#653 = DIRECTION('',(-0.,1.));
#654 = ( GEOMETRIC_REPRESENTATION_CONTEXT(2) 
PARAMETRIC_REPRESENTATION_CONTEXT() REPRESENTATION_CONTEXT('2D SPACE',''
  ) );
#655 = PCURVE('',#623,#656);
#656 = DEFINITIONAL_REPRESENTATION('',(#657),#661);
#657 = LINE('',#658,#659);
#658 = CARTESIAN_POINT('',(-0.,-6.28318530718));
#659 = VECTOR('',#660,1.);
#660 = DIRECTION('',(-0.,1.));
#661 = ( GEOMETRIC_REPRESENTATION_CONTEXT(2) 
PARAMETRIC_REPRESENTATION_CONTEXT() REPRESENTATION_CONTEXT('2D SPACE',''
  ) );
#662 = ORIENTED_EDGE('',*,*,#639,.T.);
#663 = ( GEOMETRIC_REPRESENTATION_CONTEXT(3) 
GLOBAL_UNCERTAINTY_ASSIGNED_CONTEXT((#667)) GLOBAL_UNIT_ASSIGNED_CONTEXT
((#664,#665,#666)) REPRESENTATION_CONTEXT('Context #1',
  '3D Context with UNIT and UNCERTAINTY') );
#664 = ( LENGTH_UNIT() NAMED_UNIT(*) SI_UNIT(.MILLI.,.METRE.) );
#665 = ( NAMED_UNIT(*) PLANE_ANGLE_UNIT() SI_UNIT($,.RADIAN.) );
#666 = ( NAMED_UNIT(*) SI_UNIT($,.STERADIAN.) SOLID_ANGLE_UNIT() );
#667 = UNCERTAINTY_MEASURE_WITH_UNIT(LENGTH_MEASURE(1.E-07),#664,
  'distance_accuracy_value','confusion accuracy');
#668 = CONTEXT_DEPENDENT_SHAPE_REPRESENTATION(#669,#671);
#669 = ( REPRESENTATION_RELATIONSHIP('','',#60,#10) 
REPRESENTATION_RELATIONSHIP_WITH_TRANSFORMATION(#670) 
SHAPE_REPRESENTATION_RELATIONSHIP() );
#670 = ITEM_DEFINED_TRANSFORMATION('','',#11,#15);
#671 = PRODUCT_DEFINITION_SHAPE('Placement','Placement of an item',#672
  );
#672 = NEXT_ASSEMBLY_USAGE_OCCURRENCE('69','','',#5,#55,$);
#673 = PRODUCT_RELATED_PRODUCT_CATEGORY('part',$,(#57));
#674 = SHAPE_DEFINITION_REPRESENTATION(#675,#681);
#675 = PRODUCT_DEFINITION_SHAPE('','',#676);
#676 = PRODUCT_DEFINITION('design','',#677,#680);
#677 = PRODUCT_DEFINITION_FORMATION('','',#678);
#678 = PRODUCT('Open CASCADE STEP translator 7.9 17.2',
  'Open CASCADE STEP translator 7.9 17.2','',(#679));
#679 = PRODUCT_CONTEXT('',#2,'mechanical');
#680 = PRODUCT_DEFINITION_CONTEXT('part definition',#2,'design');
#681 = ADVANCED_BREP_SHAPE_REPRESENTATION('',(#11,#682),#1284);
#682 = MANIFOLD_SOLID_BREP('',#683);
#683 = CLOSED_SHELL('',(#684,#810,#886,#975,#1024,#1087,#1094,#1153,
    #1212,#1216,#1255));
#684 = ADVANCED_FACE('',(#685),#699,.T.);
#685 = FACE_BOUND('',#686,.F.);
#686 = EDGE_LOOP('',(#687,#722,#751,#779));
#687 = ORIENTED_EDGE('',*,*,#688,.T.);
#688 = EDGE_CURVE('',#689,#691,#693,.T.);
#689 = VERTEX_POINT('',#690);
#690 = CARTESIAN_POINT('',(22.519131071802,10.95,-2.5));
#691 = VERTEX_POINT('',#692);
#692 = CARTESIAN_POINT('',(22.519131071802,10.95,-1.5));
#693 = SURFACE_CURVE('',#694,(#698,#710),.PCURVE_S1.);
#694 = LINE('',#695,#696);
#695 = CARTESIAN_POINT('',(22.519131071802,10.95,-1.5));
#696 = VECTOR('',#697,1.);
#697 = DIRECTION('',(-0.,-0.,1.));
#698 = PCURVE('',#699,#704);
#699 = CYLINDRICAL_SURFACE('',#700,5.1);
#700 = AXIS2_PLACEMENT_3D('',#701,#702,#703);
#701 = CARTESIAN_POINT('',(19.7,15.2,-1.5));
#702 = DIRECTION('',(-0.,-0.,1.));
#703 = DIRECTION('',(1.,-0.,-0.));
#704 = DEFINITIONAL_REPRESENTATION('',(#705),#709);
#705 = LINE('',#706,#707);
#706 = CARTESIAN_POINT('',(-7.268296090517,0.));
#707 = VECTOR('',#708,1.);
#708 = DIRECTION('',(-0.,1.));
#709 = ( GEOMETRIC_REPRESENTATION_CONTEXT(2) 
PARAMETRIC_REPRESENTATION_CONTEXT() REPRESENTATION_CONTEXT('2D SPACE',''
  ) );
#710 = PCURVE('',#711,#716);
#711 = PLANE('',#712);
#712 = AXIS2_PLACEMENT_3D('',#713,#714,#715);
#713 = CARTESIAN_POINT('',(9.5,10.95,-50.));
#714 = DIRECTION('',(0.,-1.,0.));
#715 = DIRECTION('',(0.,-0.,-1.));
#716 = DEFINITIONAL_REPRESENTATION('',(#717),#721);
#717 = LINE('',#718,#719);
#718 = CARTESIAN_POINT('',(-48.5,13.019131071802));
#719 = VECTOR('',#720,1.);
#720 = DIRECTION('',(-1.,0.));
#721 = ( GEOMETRIC_REPRESENTATION_CONTEXT(2) 
PARAMETRIC_REPRESENTATION_CONTEXT() REPRESENTATION_CONTEXT('2D SPACE',''
  ) );
#722 = ORIENTED_EDGE('',*,*,#723,.T.);
#723 = EDGE_CURVE('',#691,#724,#726,.T.);
#724 = VERTEX_POINT('',#725);
#725 = CARTESIAN_POINT('',(22.519131071802,19.45,-1.5));
#726 = SURFACE_CURVE('',#727,(#732,#739),.PCURVE_S1.);
#727 = CIRCLE('',#728,5.1);
#728 = AXIS2_PLACEMENT_3D('',#729,#730,#731);
#729 = CARTESIAN_POINT('',(19.7,15.2,-1.5));
#730 = DIRECTION('',(0.,0.,1.));
#731 = DIRECTION('',(0.552770798393,-0.833333333333,-0.));
#732 = PCURVE('',#699,#733);
#733 = DEFINITIONAL_REPRESENTATION('',(#734),#738);
#734 = LINE('',#735,#736);
#735 = CARTESIAN_POINT('',(-7.268296090517,0.));
#736 = VECTOR('',#737,1.);
#737 = DIRECTION('',(1.,-0.));
#738 = ( GEOMETRIC_REPRESENTATION_CONTEXT(2) 
PARAMETRIC_REPRESENTATION_CONTEXT() REPRESENTATION_CONTEXT('2D SPACE',''
  ) );
#739 = PCURVE('',#740,#745);
#740 = PLANE('',#741);
#741 = AXIS2_PLACEMENT_3D('',#742,#743,#744);
#742 = CARTESIAN_POINT('',(19.7,15.2,-1.5));
#743 = DIRECTION('',(-0.,-0.,1.));
#744 = DIRECTION('',(-1.,0.,0.));
#745 = DEFINITIONAL_REPRESENTATION('',(#746),#750);
#746 = CIRCLE('',#747,5.1);
#747 = AXIS2_PLACEMENT_2D('',#748,#749);
#748 = CARTESIAN_POINT('',(0.,0.));
#749 = DIRECTION('',(-0.552770798393,0.833333333333));
#750 = ( GEOMETRIC_REPRESENTATION_CONTEXT(2) 
PARAMETRIC_REPRESENTATION_CONTEXT() REPRESENTATION_CONTEXT('2D SPACE',''
  ) );
#751 = ORIENTED_EDGE('',*,*,#752,.F.);
#752 = EDGE_CURVE('',#753,#724,#755,.T.);
#753 = VERTEX_POINT('',#754);
#754 = CARTESIAN_POINT('',(22.519131071802,19.45,-2.5));
#755 = SURFACE_CURVE('',#756,(#760,#767),.PCURVE_S1.);
#756 = LINE('',#757,#758);
#757 = CARTESIAN_POINT('',(22.519131071802,19.45,-1.5));
#758 = VECTOR('',#759,1.);
#759 = DIRECTION('',(-0.,-0.,1.));
#760 = PCURVE('',#699,#761);
#761 = DEFINITIONAL_REPRESENTATION('',(#762),#766);
#762 = LINE('',#763,#764);
#763 = CARTESIAN_POINT('',(-5.298074523842,0.));
#764 = VECTOR('',#765,1.);
#765 = DIRECTION('',(-0.,1.));
#766 = ( GEOMETRIC_REPRESENTATION_CONTEXT(2) 
PARAMETRIC_REPRESENTATION_CONTEXT() REPRESENTATION_CONTEXT('2D SPACE',''
  ) );
#767 = PCURVE('',#768,#773);
#768 = PLANE('',#769);
#769 = AXIS2_PLACEMENT_3D('',#770,#771,#772);
#770 = CARTESIAN_POINT('',(9.5,19.45,-50.));
#771 = DIRECTION('',(0.,-1.,0.));
#772 = DIRECTION('',(0.,-0.,-1.));
#773 = DEFINITIONAL_REPRESENTATION('',(#774),#778);
#774 = LINE('',#775,#776);
#775 = CARTESIAN_POINT('',(-48.5,13.019131071802));
#776 = VECTOR('',#777,1.);
#777 = DIRECTION('',(-1.,0.));
#778 = ( GEOMETRIC_REPRESENTATION_CONTEXT(2) 
PARAMETRIC_REPRESENTATION_CONTEXT() REPRESENTATION_CONTEXT('2D SPACE',''
  ) );
#779 = ORIENTED_EDGE('',*,*,#780,.T.);
#780 = EDGE_CURVE('',#753,#689,#781,.T.);
#781 = SURFACE_CURVE('',#782,(#787,#794),.PCURVE_S1.);
#782 = CIRCLE('',#783,5.1);
#783 = AXIS2_PLACEMENT_3D('',#784,#785,#786);
#784 = CARTESIAN_POINT('',(19.7,15.2,-2.5));
#785 = DIRECTION('',(0.,0.,-1.));
#786 = DIRECTION('',(-0.552770798393,-0.833333333333,-0.));
#787 = PCURVE('',#699,#788);
#788 = DEFINITIONAL_REPRESENTATION('',(#789),#793);
#789 = LINE('',#790,#791);
#790 = CARTESIAN_POINT('',(-2.156481870252,-1.));
#791 = VECTOR('',#792,1.);
#792 = DIRECTION('',(-1.,0.));
#793 = ( GEOMETRIC_REPRESENTATION_CONTEXT(2) 
PARAMETRIC_REPRESENTATION_CONTEXT() REPRESENTATION_CONTEXT('2D SPACE',''
  ) );
#794 = PCURVE('',#795,#800);
#795 = PLANE('',#796);
#796 = AXIS2_PLACEMENT_3D('',#797,#798,#799);
#797 = CARTESIAN_POINT('',(19.7,15.2,-2.5));
#798 = DIRECTION('',(-0.,-0.,1.));
#799 = DIRECTION('',(-1.,0.,0.));
#800 = DEFINITIONAL_REPRESENTATION('',(#801),#809);
#801 = ( BOUNDED_CURVE() B_SPLINE_CURVE(2,(#802,#803,#804,#805,#806,#807
,#808),.UNSPECIFIED.,.T.,.F.) B_SPLINE_CURVE_WITH_KNOTS((1,2,2,2,2,1),(
    -2.094395102393,0.,2.094395102393,4.188790204786,6.28318530718,
8.377580409573),.UNSPECIFIED.) CURVE() GEOMETRIC_REPRESENTATION_ITEM() 
RATIONAL_B_SPLINE_CURVE((1.,0.5,1.,0.5,1.,0.5,1.)) REPRESENTATION_ITEM(
  '') );
#802 = CARTESIAN_POINT('',(2.819131071802,4.25));
#803 = CARTESIAN_POINT('',(10.18034700397,-0.632878249557));
#804 = CARTESIAN_POINT('',(2.271042430183,-4.566439124779));
#805 = CARTESIAN_POINT('',(-5.638262143604,-8.5));
#806 = CARTESIAN_POINT('',(-5.090173501985,0.316439124779));
#807 = CARTESIAN_POINT('',(-4.542084860366,9.132878249557));
#808 = CARTESIAN_POINT('',(2.819131071802,4.25));
#809 = ( GEOMETRIC_REPRESENTATION_CONTEXT(2) 
PARAMETRIC_REPRESENTATION_CONTEXT() REPRESENTATION_CONTEXT('2D SPACE',''
  ) );
#810 = ADVANCED_FACE('',(#811),#711,.T.);
#811 = FACE_BOUND('',#812,.F.);
#812 = EDGE_LOOP('',(#813,#814,#837,#865));
#813 = ORIENTED_EDGE('',*,*,#688,.F.);
#814 = ORIENTED_EDGE('',*,*,#815,.T.);
#815 = EDGE_CURVE('',#689,#816,#818,.T.);
#816 = VERTEX_POINT('',#817);
#817 = CARTESIAN_POINT('',(16.880868928198,10.95,-2.5));
#818 = SURFACE_CURVE('',#819,(#823,#830),.PCURVE_S1.);
#819 = LINE('',#820,#821);
#820 = CARTESIAN_POINT('',(14.6,10.95,-2.5));
#821 = VECTOR('',#822,1.);
#822 = DIRECTION('',(-1.,-0.,-0.));
#823 = PCURVE('',#711,#824);
#824 = DEFINITIONAL_REPRESENTATION('',(#825),#829);
#825 = LINE('',#826,#827);
#826 = CARTESIAN_POINT('',(-47.5,5.1));
#827 = VECTOR('',#828,1.);
#828 = DIRECTION('',(-0.,-1.));
#829 = ( GEOMETRIC_REPRESENTATION_CONTEXT(2) 
PARAMETRIC_REPRESENTATION_CONTEXT() REPRESENTATION_CONTEXT('2D SPACE',''
  ) );
#830 = PCURVE('',#795,#831);
#831 = DEFINITIONAL_REPRESENTATION('',(#832),#836);
#832 = LINE('',#833,#834);
#833 = CARTESIAN_POINT('',(5.1,4.25));
#834 = VECTOR('',#835,1.);
#835 = DIRECTION('',(1.,-0.));
#836 = ( GEOMETRIC_REPRESENTATION_CONTEXT(2) 
PARAMETRIC_REPRESENTATION_CONTEXT() REPRESENTATION_CONTEXT('2D SPACE',''
  ) );
#837 = ORIENTED_EDGE('',*,*,#838,.T.);
#838 = EDGE_CURVE('',#816,#839,#841,.T.);
#839 = VERTEX_POINT('',#840);
#840 = CARTESIAN_POINT('',(16.880868928198,10.95,-1.5));
#841 = SURFACE_CURVE('',#842,(#846,#853),.PCURVE_S1.);
#842 = LINE('',#843,#844);
#843 = CARTESIAN_POINT('',(16.880868928198,10.95,-1.5));
#844 = VECTOR('',#845,1.);
#845 = DIRECTION('',(-0.,-0.,1.));
#846 = PCURVE('',#711,#847);
#847 = DEFINITIONAL_REPRESENTATION('',(#848),#852);
#848 = LINE('',#849,#850);
#849 = CARTESIAN_POINT('',(-48.5,7.380868928198));
#850 = VECTOR('',#851,1.);
#851 = DIRECTION('',(-1.,0.));
#852 = ( GEOMETRIC_REPRESENTATION_CONTEXT(2) 
PARAMETRIC_REPRESENTATION_CONTEXT() REPRESENTATION_CONTEXT('2D SPACE',''
  ) );
#853 = PCURVE('',#854,#859);
#854 = CYLINDRICAL_SURFACE('',#855,5.1);
#855 = AXIS2_PLACEMENT_3D('',#856,#857,#858);
#856 = CARTESIAN_POINT('',(19.7,15.2,-1.5));
#857 = DIRECTION('',(-0.,-0.,1.));
#858 = DIRECTION('',(1.,-0.,-0.));
#859 = DEFINITIONAL_REPRESENTATION('',(#860),#864);
#860 = LINE('',#861,#862);
#861 = CARTESIAN_POINT('',(-2.156481870252,0.));
#862 = VECTOR('',#863,1.);
#863 = DIRECTION('',(-0.,1.));
#864 = ( GEOMETRIC_REPRESENTATION_CONTEXT(2) 
PARAMETRIC_REPRESENTATION_CONTEXT() REPRESENTATION_CONTEXT('2D SPACE',''
  ) );
#865 = ORIENTED_EDGE('',*,*,#866,.F.);
#866 = EDGE_CURVE('',#691,#839,#867,.T.);
#867 = SURFACE_CURVE('',#868,(#872,#879),.PCURVE_S1.);
#868 = LINE('',#869,#870);
#869 = CARTESIAN_POINT('',(14.6,10.95,-1.5));
#870 = VECTOR('',#871,1.);
#871 = DIRECTION('',(-1.,-0.,-0.));
#872 = PCURVE('',#711,#873);
#873 = DEFINITIONAL_REPRESENTATION('',(#874),#878);
#874 = LINE('',#875,#876);
#875 = CARTESIAN_POINT('',(-48.5,5.1));
#876 = VECTOR('',#877,1.);
#877 = DIRECTION('',(-0.,-1.));
#878 = ( GEOMETRIC_REPRESENTATION_CONTEXT(2) 
PARAMETRIC_REPRESENTATION_CONTEXT() REPRESENTATION_CONTEXT('2D SPACE',''
  ) );
#879 = PCURVE('',#740,#880);
#880 = DEFINITIONAL_REPRESENTATION('',(#881),#885);
#881 = LINE('',#882,#883);
#882 = CARTESIAN_POINT('',(5.1,4.25));
#883 = VECTOR('',#884,1.);
#884 = DIRECTION('',(1.,-0.));
#885 = ( GEOMETRIC_REPRESENTATION_CONTEXT(2) 
PARAMETRIC_REPRESENTATION_CONTEXT() REPRESENTATION_CONTEXT('2D SPACE',''
  ) );
#886 = ADVANCED_FACE('',(#887,#940),#795,.F.);
#887 = FACE_BOUND('',#888,.T.);
#888 = EDGE_LOOP('',(#889,#890,#918,#939));
#889 = ORIENTED_EDGE('',*,*,#815,.T.);
#890 = ORIENTED_EDGE('',*,*,#891,.T.);
#891 = EDGE_CURVE('',#816,#892,#894,.T.);
#892 = VERTEX_POINT('',#893);
#893 = CARTESIAN_POINT('',(16.880868928198,19.45,-2.5));
#894 = SURFACE_CURVE('',#895,(#900,#911),.PCURVE_S1.);
#895 = CIRCLE('',#896,5.1);
#896 = AXIS2_PLACEMENT_3D('',#897,#898,#899);
#897 = CARTESIAN_POINT('',(19.7,15.2,-2.5));
#898 = DIRECTION('',(0.,0.,-1.));
#899 = DIRECTION('',(-0.552770798393,-0.833333333333,-0.));
#900 = PCURVE('',#795,#901);
#901 = DEFINITIONAL_REPRESENTATION('',(#902),#910);
#902 = ( BOUNDED_CURVE() B_SPLINE_CURVE(2,(#903,#904,#905,#906,#907,#908
,#909),.UNSPECIFIED.,.T.,.F.) B_SPLINE_CURVE_WITH_KNOTS((1,2,2,2,2,1),(
    -2.094395102393,0.,2.094395102393,4.188790204786,6.28318530718,
8.377580409573),.UNSPECIFIED.) CURVE() GEOMETRIC_REPRESENTATION_ITEM() 
RATIONAL_B_SPLINE_CURVE((1.,0.5,1.,0.5,1.,0.5,1.)) REPRESENTATION_ITEM(
  '') );
#903 = CARTESIAN_POINT('',(2.819131071802,4.25));
#904 = CARTESIAN_POINT('',(10.18034700397,-0.632878249557));
#905 = CARTESIAN_POINT('',(2.271042430183,-4.566439124779));
#906 = CARTESIAN_POINT('',(-5.638262143604,-8.5));
#907 = CARTESIAN_POINT('',(-5.090173501985,0.316439124779));
#908 = CARTESIAN_POINT('',(-4.542084860366,9.132878249557));
#909 = CARTESIAN_POINT('',(2.819131071802,4.25));
#910 = ( GEOMETRIC_REPRESENTATION_CONTEXT(2) 
PARAMETRIC_REPRESENTATION_CONTEXT() REPRESENTATION_CONTEXT('2D SPACE',''
  ) );
#911 = PCURVE('',#854,#912);
#912 = DEFINITIONAL_REPRESENTATION('',(#913),#917);
#913 = LINE('',#914,#915);
#914 = CARTESIAN_POINT('',(-2.156481870252,-1.));
#915 = VECTOR('',#916,1.);
#916 = DIRECTION('',(-1.,0.));
#917 = ( GEOMETRIC_REPRESENTATION_CONTEXT(2) 
PARAMETRIC_REPRESENTATION_CONTEXT() REPRESENTATION_CONTEXT('2D SPACE',''
  ) );
#918 = ORIENTED_EDGE('',*,*,#919,.F.);
#919 = EDGE_CURVE('',#753,#892,#920,.T.);
#920 = SURFACE_CURVE('',#921,(#925,#932),.PCURVE_S1.);
#921 = LINE('',#922,#923);
#922 = CARTESIAN_POINT('',(14.6,19.45,-2.5));
#923 = VECTOR('',#924,1.);
#924 = DIRECTION('',(-1.,-0.,-0.));
#925 = PCURVE('',#795,#926);
#926 = DEFINITIONAL_REPRESENTATION('',(#927),#931);
#927 = LINE('',#928,#929);
#928 = CARTESIAN_POINT('',(5.1,-4.25));
#929 = VECTOR('',#930,1.);
#930 = DIRECTION('',(1.,-0.));
#931 = ( GEOMETRIC_REPRESENTATION_CONTEXT(2) 
PARAMETRIC_REPRESENTATION_CONTEXT() REPRESENTATION_CONTEXT('2D SPACE',''
  ) );
#932 = PCURVE('',#768,#933);
#933 = DEFINITIONAL_REPRESENTATION('',(#934),#938);
#934 = LINE('',#935,#936);
#935 = CARTESIAN_POINT('',(-47.5,5.1));
#936 = VECTOR('',#937,1.);
#937 = DIRECTION('',(-0.,-1.));
#938 = ( GEOMETRIC_REPRESENTATION_CONTEXT(2) 
PARAMETRIC_REPRESENTATION_CONTEXT() REPRESENTATION_CONTEXT('2D SPACE',''
  ) );
#939 = ORIENTED_EDGE('',*,*,#780,.T.);
#940 = FACE_BOUND('',#941,.T.);
#941 = EDGE_LOOP('',(#942));
#942 = ORIENTED_EDGE('',*,*,#943,.F.);
#943 = EDGE_CURVE('',#944,#944,#946,.T.);
#944 = VERTEX_POINT('',#945);
#945 = CARTESIAN_POINT('',(21.2,15.2,-2.5));
#946 = SURFACE_CURVE('',#947,(#952,#963),.PCURVE_S1.);
#947 = CIRCLE('',#948,1.5);
#948 = AXIS2_PLACEMENT_3D('',#949,#950,#951);
#949 = CARTESIAN_POINT('',(19.7,15.2,-2.5));
#950 = DIRECTION('',(0.,0.,-1.));
#951 = DIRECTION('',(1.,-0.,-0.));
#952 = PCURVE('',#795,#953);
#953 = DEFINITIONAL_REPRESENTATION('',(#954),#962);
#954 = ( BOUNDED_CURVE() B_SPLINE_CURVE(2,(#955,#956,#957,#958,#959,#960
,#961),.UNSPECIFIED.,.T.,.F.) B_SPLINE_CURVE_WITH_KNOTS((1,2,2,2,2,1),(
    -2.094395102393,0.,2.094395102393,4.188790204786,6.28318530718,
8.377580409573),.UNSPECIFIED.) CURVE() GEOMETRIC_REPRESENTATION_ITEM() 
RATIONAL_B_SPLINE_CURVE((1.,0.5,1.,0.5,1.,0.5,1.)) REPRESENTATION_ITEM(
  '') );
#955 = CARTESIAN_POINT('',(-1.5,0.));
#956 = CARTESIAN_POINT('',(-1.5,2.598076211353));
#957 = CARTESIAN_POINT('',(0.75,1.299038105677));
#958 = CARTESIAN_POINT('',(3.,3.673940397442E-16));
#959 = CARTESIAN_POINT('',(0.75,-1.299038105677));
#960 = CARTESIAN_POINT('',(-1.5,-2.598076211353));
#961 = CARTESIAN_POINT('',(-1.5,0.));
#962 = ( GEOMETRIC_REPRESENTATION_CONTEXT(2) 
PARAMETRIC_REPRESENTATION_CONTEXT() REPRESENTATION_CONTEXT('2D SPACE',''
  ) );
#963 = PCURVE('',#964,#969);
#964 = CYLINDRICAL_SURFACE('',#965,1.5);
#965 = AXIS2_PLACEMENT_3D('',#966,#967,#968);
#966 = CARTESIAN_POINT('',(19.7,15.2,-2.5));
#967 = DIRECTION('',(-0.,-0.,1.));
#968 = DIRECTION('',(1.,-0.,-0.));
#969 = DEFINITIONAL_REPRESENTATION('',(#970),#974);
#970 = LINE('',#971,#972);
#971 = CARTESIAN_POINT('',(-0.,0.));
#972 = VECTOR('',#973,1.);
#973 = DIRECTION('',(-1.,0.));
#974 = ( GEOMETRIC_REPRESENTATION_CONTEXT(2) 
PARAMETRIC_REPRESENTATION_CONTEXT() REPRESENTATION_CONTEXT('2D SPACE',''
  ) );
#975 = ADVANCED_FACE('',(#976),#768,.F.);
#976 = FACE_BOUND('',#977,.T.);
#977 = EDGE_LOOP('',(#978,#979,#980,#1003));
#978 = ORIENTED_EDGE('',*,*,#752,.F.);
#979 = ORIENTED_EDGE('',*,*,#919,.T.);
#980 = ORIENTED_EDGE('',*,*,#981,.T.);
#981 = EDGE_CURVE('',#892,#982,#984,.T.);
#982 = VERTEX_POINT('',#983);
#983 = CARTESIAN_POINT('',(16.880868928198,19.45,-1.5));
#984 = SURFACE_CURVE('',#985,(#989,#996),.PCURVE_S1.);
#985 = LINE('',#986,#987);
#986 = CARTESIAN_POINT('',(16.880868928198,19.45,-1.5));
#987 = VECTOR('',#988,1.);
#988 = DIRECTION('',(-0.,-0.,1.));
#989 = PCURVE('',#768,#990);
#990 = DEFINITIONAL_REPRESENTATION('',(#991),#995);
#991 = LINE('',#992,#993);
#992 = CARTESIAN_POINT('',(-48.5,7.380868928198));
#993 = VECTOR('',#994,1.);
#994 = DIRECTION('',(-1.,0.));
#995 = ( GEOMETRIC_REPRESENTATION_CONTEXT(2) 
PARAMETRIC_REPRESENTATION_CONTEXT() REPRESENTATION_CONTEXT('2D SPACE',''
  ) );
#996 = PCURVE('',#854,#997);
#997 = DEFINITIONAL_REPRESENTATION('',(#998),#1002);
#998 = LINE('',#999,#1000);
#999 = CARTESIAN_POINT('',(-4.126703436928,0.));
#1000 = VECTOR('',#1001,1.);
#1001 = DIRECTION('',(-0.,1.));
#1002 = ( GEOMETRIC_REPRESENTATION_CONTEXT(2) 
PARAMETRIC_REPRESENTATION_CONTEXT() REPRESENTATION_CONTEXT('2D SPACE',''
  ) );
#1003 = ORIENTED_EDGE('',*,*,#1004,.F.);
#1004 = EDGE_CURVE('',#724,#982,#1005,.T.);
#1005 = SURFACE_CURVE('',#1006,(#1010,#1017),.PCURVE_S1.);
#1006 = LINE('',#1007,#1008);
#1007 = CARTESIAN_POINT('',(14.6,19.45,-1.5));
#1008 = VECTOR('',#1009,1.);
#1009 = DIRECTION('',(-1.,-0.,-0.));
#1010 = PCURVE('',#768,#1011);
#1011 = DEFINITIONAL_REPRESENTATION('',(#1012),#1016);
#1012 = LINE('',#1013,#1014);
#1013 = CARTESIAN_POINT('',(-48.5,5.1));
#1014 = VECTOR('',#1015,1.);
#1015 = DIRECTION('',(-0.,-1.));
#1016 = ( GEOMETRIC_REPRESENTATION_CONTEXT(2) 
PARAMETRIC_REPRESENTATION_CONTEXT() REPRESENTATION_CONTEXT('2D SPACE',''
  ) );
#1017 = PCURVE('',#740,#1018);
#1018 = DEFINITIONAL_REPRESENTATION('',(#1019),#1023);
#1019 = LINE('',#1020,#1021);
#1020 = CARTESIAN_POINT('',(5.1,-4.25));
#1021 = VECTOR('',#1022,1.);
#1022 = DIRECTION('',(1.,-0.));
#1023 = ( GEOMETRIC_REPRESENTATION_CONTEXT(2) 
PARAMETRIC_REPRESENTATION_CONTEXT() REPRESENTATION_CONTEXT('2D SPACE',''
  ) );
#1024 = ADVANCED_FACE('',(#1025,#1052),#740,.T.);
#1025 = FACE_BOUND('',#1026,.F.);
#1026 = EDGE_LOOP('',(#1027,#1028,#1029,#1051));
#1027 = ORIENTED_EDGE('',*,*,#723,.F.);
#1028 = ORIENTED_EDGE('',*,*,#866,.T.);
#1029 = ORIENTED_EDGE('',*,*,#1030,.F.);
#1030 = EDGE_CURVE('',#982,#839,#1031,.T.);
#1031 = SURFACE_CURVE('',#1032,(#1037,#1044),.PCURVE_S1.);
#1032 = CIRCLE('',#1033,5.1);
#1033 = AXIS2_PLACEMENT_3D('',#1034,#1035,#1036);
#1034 = CARTESIAN_POINT('',(19.7,15.2,-1.5));
#1035 = DIRECTION('',(0.,0.,1.));
#1036 = DIRECTION('',(0.552770798393,-0.833333333333,-0.));
#1037 = PCURVE('',#740,#1038);
#1038 = DEFINITIONAL_REPRESENTATION('',(#1039),#1043);
#1039 = CIRCLE('',#1040,5.1);
#1040 = AXIS2_PLACEMENT_2D('',#1041,#1042);
#1041 = CARTESIAN_POINT('',(0.,0.));
#1042 = DIRECTION('',(-0.552770798393,0.833333333333));
#1043 = ( GEOMETRIC_REPRESENTATION_CONTEXT(2) 
PARAMETRIC_REPRESENTATION_CONTEXT() REPRESENTATION_CONTEXT('2D SPACE',''
  ) );
#1044 = PCURVE('',#854,#1045);
#1045 = DEFINITIONAL_REPRESENTATION('',(#1046),#1050);
#1046 = LINE('',#1047,#1048);
#1047 = CARTESIAN_POINT('',(-7.268296090517,0.));
#1048 = VECTOR('',#1049,1.);
#1049 = DIRECTION('',(1.,-0.));
#1050 = ( GEOMETRIC_REPRESENTATION_CONTEXT(2) 
PARAMETRIC_REPRESENTATION_CONTEXT() REPRESENTATION_CONTEXT('2D SPACE',''
  ) );
#1051 = ORIENTED_EDGE('',*,*,#1004,.F.);
#1052 = FACE_BOUND('',#1053,.F.);
#1053 = EDGE_LOOP('',(#1054));
#1054 = ORIENTED_EDGE('',*,*,#1055,.F.);
#1055 = EDGE_CURVE('',#1056,#1056,#1058,.T.);
#1056 = VERTEX_POINT('',#1057);
#1057 = CARTESIAN_POINT('',(23.5,15.2,-1.5));
#1058 = SURFACE_CURVE('',#1059,(#1064,#1075),.PCURVE_S1.);
#1059 = CIRCLE('',#1060,3.8);
#1060 = AXIS2_PLACEMENT_3D('',#1061,#1062,#1063);
#1061 = CARTESIAN_POINT('',(19.7,15.2,-1.5));
#1062 = DIRECTION('',(0.,0.,-1.));
#1063 = DIRECTION('',(1.,-0.,-0.));
#1064 = PCURVE('',#740,#1065);
#1065 = DEFINITIONAL_REPRESENTATION('',(#1066),#1074);
#1066 = ( BOUNDED_CURVE() B_SPLINE_CURVE(2,(#1067,#1068,#1069,#1070,
#1071,#1072,#1073),.UNSPECIFIED.,.T.,.F.) B_SPLINE_CURVE_WITH_KNOTS((1,2
    ,2,2,2,1),(-2.094395102393,0.,2.094395102393,4.188790204786,
6.28318530718,8.377580409573),.UNSPECIFIED.) CURVE() 
GEOMETRIC_REPRESENTATION_ITEM() RATIONAL_B_SPLINE_CURVE((1.,0.5,1.,0.5,
1.,0.5,1.)) REPRESENTATION_ITEM('') );
#1067 = CARTESIAN_POINT('',(-3.8,0.));
#1068 = CARTESIAN_POINT('',(-3.8,6.581793068762));
#1069 = CARTESIAN_POINT('',(1.9,3.290896534381));
#1070 = CARTESIAN_POINT('',(7.6,9.30731567352E-16));
#1071 = CARTESIAN_POINT('',(1.9,-3.290896534381));
#1072 = CARTESIAN_POINT('',(-3.8,-6.581793068762));
#1073 = CARTESIAN_POINT('',(-3.8,0.));
#1074 = ( GEOMETRIC_REPRESENTATION_CONTEXT(2) 
PARAMETRIC_REPRESENTATION_CONTEXT() REPRESENTATION_CONTEXT('2D SPACE',''
  ) );
#1075 = PCURVE('',#1076,#1081);
#1076 = CYLINDRICAL_SURFACE('',#1077,3.8);
#1077 = AXIS2_PLACEMENT_3D('',#1078,#1079,#1080);
#1078 = CARTESIAN_POINT('',(19.7,15.2,0.));
#1079 = DIRECTION('',(-0.,-0.,1.));
#1080 = DIRECTION('',(1.,-0.,-0.));
#1081 = DEFINITIONAL_REPRESENTATION('',(#1082),#1086);
#1082 = LINE('',#1083,#1084);
#1083 = CARTESIAN_POINT('',(-0.,-1.5));
#1084 = VECTOR('',#1085,1.);
#1085 = DIRECTION('',(-1.,0.));
#1086 = ( GEOMETRIC_REPRESENTATION_CONTEXT(2) 
PARAMETRIC_REPRESENTATION_CONTEXT() REPRESENTATION_CONTEXT('2D SPACE',''
  ) );
#1087 = ADVANCED_FACE('',(#1088),#854,.T.);
#1088 = FACE_BOUND('',#1089,.F.);
#1089 = EDGE_LOOP('',(#1090,#1091,#1092,#1093));
#1090 = ORIENTED_EDGE('',*,*,#981,.T.);
#1091 = ORIENTED_EDGE('',*,*,#1030,.T.);
#1092 = ORIENTED_EDGE('',*,*,#838,.F.);
#1093 = ORIENTED_EDGE('',*,*,#891,.T.);
#1094 = ADVANCED_FACE('',(#1095),#964,.T.);
#1095 = FACE_BOUND('',#1096,.F.);
#1096 = EDGE_LOOP('',(#1097,#1120,#1151,#1152));
#1097 = ORIENTED_EDGE('',*,*,#1098,.T.);
#1098 = EDGE_CURVE('',#944,#1099,#1101,.T.);
#1099 = VERTEX_POINT('',#1100);
#1100 = CARTESIAN_POINT('',(21.2,15.2,-3.));
#1101 = SEAM_CURVE('',#1102,(#1106,#1113),.PCURVE_S1.);
#1102 = LINE('',#1103,#1104);
#1103 = CARTESIAN_POINT('',(21.2,15.2,-2.5));
#1104 = VECTOR('',#1105,1.);
#1105 = DIRECTION('',(-0.,0.,-1.));
#1106 = PCURVE('',#964,#1107);
#1107 = DEFINITIONAL_REPRESENTATION('',(#1108),#1112);
#1108 = LINE('',#1109,#1110);
#1109 = CARTESIAN_POINT('',(-0.,0.));
#1110 = VECTOR('',#1111,1.);
#1111 = DIRECTION('',(-0.,-1.));
#1112 = ( GEOMETRIC_REPRESENTATION_CONTEXT(2) 
PARAMETRIC_REPRESENTATION_CONTEXT() REPRESENTATION_CONTEXT('2D SPACE',''
  ) );
#1113 = PCURVE('',#964,#1114);
#1114 = DEFINITIONAL_REPRESENTATION('',(#1115),#1119);
#1115 = LINE('',#1116,#1117);
#1116 = CARTESIAN_POINT('',(-6.28318530718,0.));
#1117 = VECTOR('',#1118,1.);
#1118 = DIRECTION('',(-0.,-1.));
#1119 = ( GEOMETRIC_REPRESENTATION_CONTEXT(2) 
PARAMETRIC_REPRESENTATION_CONTEXT() REPRESENTATION_CONTEXT('2D SPACE',''
  ) );
#1120 = ORIENTED_EDGE('',*,*,#1121,.T.);
#1121 = EDGE_CURVE('',#1099,#1099,#1122,.T.);
#1122 = SURFACE_CURVE('',#1123,(#1128,#1135),.PCURVE_S1.);
#1123 = CIRCLE('',#1124,1.5);
#1124 = AXIS2_PLACEMENT_3D('',#1125,#1126,#1127);
#1125 = CARTESIAN_POINT('',(19.7,15.2,-3.));
#1126 = DIRECTION('',(0.,0.,-1.));
#1127 = DIRECTION('',(1.,-0.,-0.));
#1128 = PCURVE('',#964,#1129);
#1129 = DEFINITIONAL_REPRESENTATION('',(#1130),#1134);
#1130 = LINE('',#1131,#1132);
#1131 = CARTESIAN_POINT('',(-0.,-0.5));
#1132 = VECTOR('',#1133,1.);
#1133 = DIRECTION('',(-1.,0.));
#1134 = ( GEOMETRIC_REPRESENTATION_CONTEXT(2) 
PARAMETRIC_REPRESENTATION_CONTEXT() REPRESENTATION_CONTEXT('2D SPACE',''
  ) );
#1135 = PCURVE('',#1136,#1141);
#1136 = PLANE('',#1137);
#1137 = AXIS2_PLACEMENT_3D('',#1138,#1139,#1140);
#1138 = CARTESIAN_POINT('',(19.7,15.2,-3.));
#1139 = DIRECTION('',(-0.,-0.,1.));
#1140 = DIRECTION('',(-1.,0.,0.));
#1141 = DEFINITIONAL_REPRESENTATION('',(#1142),#1150);
#1142 = ( BOUNDED_CURVE() B_SPLINE_CURVE(2,(#1143,#1144,#1145,#1146,
#1147,#1148,#1149),.UNSPECIFIED.,.T.,.F.) B_SPLINE_CURVE_WITH_KNOTS((1,2
    ,2,2,2,1),(-2.094395102393,0.,2.094395102393,4.188790204786,
6.28318530718,8.377580409573),.UNSPECIFIED.) CURVE() 
GEOMETRIC_REPRESENTATION_ITEM() RATIONAL_B_SPLINE_CURVE((1.,0.5,1.,0.5,
1.,0.5,1.)) REPRESENTATION_ITEM('') );
#1143 = CARTESIAN_POINT('',(-1.5,0.));
#1144 = CARTESIAN_POINT('',(-1.5,2.598076211353));
#1145 = CARTESIAN_POINT('',(0.75,1.299038105677));
#1146 = CARTESIAN_POINT('',(3.,3.673940397442E-16));
#1147 = CARTESIAN_POINT('',(0.75,-1.299038105677));
#1148 = CARTESIAN_POINT('',(-1.5,-2.598076211353));
#1149 = CARTESIAN_POINT('',(-1.5,0.));
#1150 = ( GEOMETRIC_REPRESENTATION_CONTEXT(2) 
PARAMETRIC_REPRESENTATION_CONTEXT() REPRESENTATION_CONTEXT('2D SPACE',''
  ) );
#1151 = ORIENTED_EDGE('',*,*,#1098,.F.);
#1152 = ORIENTED_EDGE('',*,*,#943,.F.);
#1153 = ADVANCED_FACE('',(#1154),#1076,.T.);
#1154 = FACE_BOUND('',#1155,.F.);
#1155 = EDGE_LOOP('',(#1156,#1157,#1180,#1211));
#1156 = ORIENTED_EDGE('',*,*,#1055,.T.);
#1157 = ORIENTED_EDGE('',*,*,#1158,.T.);
#1158 = EDGE_CURVE('',#1056,#1159,#1161,.T.);
#1159 = VERTEX_POINT('',#1160);
#1160 = CARTESIAN_POINT('',(23.5,15.2,1.));
#1161 = SEAM_CURVE('',#1162,(#1166,#1173),.PCURVE_S1.);
#1162 = LINE('',#1163,#1164);
#1163 = CARTESIAN_POINT('',(23.5,15.2,-1.5));
#1164 = VECTOR('',#1165,1.);
#1165 = DIRECTION('',(-0.,-0.,1.));
#1166 = PCURVE('',#1076,#1167);
#1167 = DEFINITIONAL_REPRESENTATION('',(#1168),#1172);
#1168 = LINE('',#1169,#1170);
#1169 = CARTESIAN_POINT('',(-6.28318530718,-1.5));
#1170 = VECTOR('',#1171,1.);
#1171 = DIRECTION('',(0.,1.));
#1172 = ( GEOMETRIC_REPRESENTATION_CONTEXT(2) 
PARAMETRIC_REPRESENTATION_CONTEXT() REPRESENTATION_CONTEXT('2D SPACE',''
  ) );
#1173 = PCURVE('',#1076,#1174);
#1174 = DEFINITIONAL_REPRESENTATION('',(#1175),#1179);
#1175 = LINE('',#1176,#1177);
#1176 = CARTESIAN_POINT('',(-0.,-1.5));
#1177 = VECTOR('',#1178,1.);
#1178 = DIRECTION('',(0.,1.));
#1179 = ( GEOMETRIC_REPRESENTATION_CONTEXT(2) 
PARAMETRIC_REPRESENTATION_CONTEXT() REPRESENTATION_CONTEXT('2D SPACE',''
  ) );
#1180 = ORIENTED_EDGE('',*,*,#1181,.F.);
#1181 = EDGE_CURVE('',#1159,#1159,#1182,.T.);
#1182 = SURFACE_CURVE('',#1183,(#1188,#1195),.PCURVE_S1.);
#1183 = CIRCLE('',#1184,3.8);
#1184 = AXIS2_PLACEMENT_3D('',#1185,#1186,#1187);
#1185 = CARTESIAN_POINT('',(19.7,15.2,1.));
#1186 = DIRECTION('',(0.,0.,-1.));
#1187 = DIRECTION('',(1.,-0.,-0.));
#1188 = PCURVE('',#1076,#1189);
#1189 = DEFINITIONAL_REPRESENTATION('',(#1190),#1194);
#1190 = LINE('',#1191,#1192);
#1191 = CARTESIAN_POINT('',(0.,1.));
#1192 = VECTOR('',#1193,1.);
#1193 = DIRECTION('',(-1.,-0.));
#1194 = ( GEOMETRIC_REPRESENTATION_CONTEXT(2) 
PARAMETRIC_REPRESENTATION_CONTEXT() REPRESENTATION_CONTEXT('2D SPACE',''
  ) );
#1195 = PCURVE('',#1196,#1201);
#1196 = PLANE('',#1197);
#1197 = AXIS2_PLACEMENT_3D('',#1198,#1199,#1200);
#1198 = CARTESIAN_POINT('',(19.7,15.2,1.));
#1199 = DIRECTION('',(-0.,-0.,1.));
#1200 = DIRECTION('',(-1.,0.,0.));
#1201 = DEFINITIONAL_REPRESENTATION('',(#1202),#1210);
#1202 = ( BOUNDED_CURVE() B_SPLINE_CURVE(2,(#1203,#1204,#1205,#1206,
#1207,#1208,#1209),.UNSPECIFIED.,.T.,.F.) B_SPLINE_CURVE_WITH_KNOTS((1,2
    ,2,2,2,1),(-2.094395102393,0.,2.094395102393,4.188790204786,
6.28318530718,8.377580409573),.UNSPECIFIED.) CURVE() 
GEOMETRIC_REPRESENTATION_ITEM() RATIONAL_B_SPLINE_CURVE((1.,0.5,1.,0.5,
1.,0.5,1.)) REPRESENTATION_ITEM('') );
#1203 = CARTESIAN_POINT('',(-3.8,0.));
#1204 = CARTESIAN_POINT('',(-3.8,6.581793068762));
#1205 = CARTESIAN_POINT('',(1.9,3.290896534381));
#1206 = CARTESIAN_POINT('',(7.6,9.30731567352E-16));
#1207 = CARTESIAN_POINT('',(1.9,-3.290896534381));
#1208 = CARTESIAN_POINT('',(-3.8,-6.581793068762));
#1209 = CARTESIAN_POINT('',(-3.8,0.));
#1210 = ( GEOMETRIC_REPRESENTATION_CONTEXT(2) 
PARAMETRIC_REPRESENTATION_CONTEXT() REPRESENTATION_CONTEXT('2D SPACE',''
  ) );
#1211 = ORIENTED_EDGE('',*,*,#1158,.F.);
#1212 = ADVANCED_FACE('',(#1213),#1136,.F.);
#1213 = FACE_BOUND('',#1214,.T.);
#1214 = EDGE_LOOP('',(#1215));
#1215 = ORIENTED_EDGE('',*,*,#1121,.T.);
#1216 = ADVANCED_FACE('',(#1217,#1220),#1196,.T.);
#1217 = FACE_BOUND('',#1218,.F.);
#1218 = EDGE_LOOP('',(#1219));
#1219 = ORIENTED_EDGE('',*,*,#1181,.T.);
#1220 = FACE_BOUND('',#1221,.F.);
#1221 = EDGE_LOOP('',(#1222));
#1222 = ORIENTED_EDGE('',*,*,#1223,.F.);
#1223 = EDGE_CURVE('',#1224,#1224,#1226,.T.);
#1224 = VERTEX_POINT('',#1225);
#1225 = CARTESIAN_POINT('',(22.596463360721,15.2,1.));
#1226 = SURFACE_CURVE('',#1227,(#1232,#1243),.PCURVE_S1.);
#1227 = CIRCLE('',#1228,2.896463360721);
#1228 = AXIS2_PLACEMENT_3D('',#1229,#1230,#1231);
#1229 = CARTESIAN_POINT('',(19.7,15.2,1.));
#1230 = DIRECTION('',(0.,0.,-1.));
#1231 = DIRECTION('',(1.,-0.,-0.));
#1232 = PCURVE('',#1196,#1233);
#1233 = DEFINITIONAL_REPRESENTATION('',(#1234),#1242);
#1234 = ( BOUNDED_CURVE() B_SPLINE_CURVE(2,(#1235,#1236,#1237,#1238,
#1239,#1240,#1241),.UNSPECIFIED.,.T.,.F.) B_SPLINE_CURVE_WITH_KNOTS((1,2
    ,2,2,2,1),(-2.094395102393,0.,2.094395102393,4.188790204786,
6.28318530718,8.377580409573),.UNSPECIFIED.) CURVE() 
GEOMETRIC_REPRESENTATION_ITEM() RATIONAL_B_SPLINE_CURVE((1.,0.5,1.,0.5,
1.,0.5,1.)) REPRESENTATION_ITEM('') );
#1235 = CARTESIAN_POINT('',(-2.896463360721,0.));
#1236 = CARTESIAN_POINT('',(-2.896463360721,5.016821703031));
#1237 = CARTESIAN_POINT('',(1.448231680361,2.508410851515));
#1238 = CARTESIAN_POINT('',(5.792926721442,7.094289167109E-16));
#1239 = CARTESIAN_POINT('',(1.448231680361,-2.508410851515));
#1240 = CARTESIAN_POINT('',(-2.896463360721,-5.016821703031));
#1241 = CARTESIAN_POINT('',(-2.896463360721,0.));
#1242 = ( GEOMETRIC_REPRESENTATION_CONTEXT(2) 
PARAMETRIC_REPRESENTATION_CONTEXT() REPRESENTATION_CONTEXT('2D SPACE',''
  ) );
#1243 = PCURVE('',#1244,#1249);
#1244 = SPHERICAL_SURFACE('',#1245,12.16);
#1245 = AXIS2_PLACEMENT_3D('',#1246,#1247,#1248);
#1246 = CARTESIAN_POINT('',(19.7,15.2,12.81));
#1247 = DIRECTION('',(0.,0.,1.));
#1248 = DIRECTION('',(1.,0.,0.));
#1249 = DEFINITIONAL_REPRESENTATION('',(#1250),#1254);
#1250 = LINE('',#1251,#1252);
#1251 = CARTESIAN_POINT('',(-0.,-1.33028836321));
#1252 = VECTOR('',#1253,1.);
#1253 = DIRECTION('',(-1.,0.));
#1254 = ( GEOMETRIC_REPRESENTATION_CONTEXT(2) 
PARAMETRIC_REPRESENTATION_CONTEXT() REPRESENTATION_CONTEXT('2D SPACE',''
  ) );
#1255 = ADVANCED_FACE('',(#1256),#1244,.F.);
#1256 = FACE_BOUND('',#1257,.T.);
#1257 = EDGE_LOOP('',(#1258,#1259,#1283));
#1258 = ORIENTED_EDGE('',*,*,#1223,.F.);
#1259 = ORIENTED_EDGE('',*,*,#1260,.F.);
#1260 = EDGE_CURVE('',#1261,#1224,#1263,.T.);
#1261 = VERTEX_POINT('',#1262);
#1262 = CARTESIAN_POINT('',(19.7,15.2,0.65));
#1263 = SEAM_CURVE('',#1264,(#1269,#1276),.PCURVE_S1.);
#1264 = CIRCLE('',#1265,12.16);
#1265 = AXIS2_PLACEMENT_3D('',#1266,#1267,#1268);
#1266 = CARTESIAN_POINT('',(19.7,15.2,12.81));
#1267 = DIRECTION('',(2.449293598295E-16,-1.,0.));
#1268 = DIRECTION('',(1.,2.449293598295E-16,0.));
#1269 = PCURVE('',#1244,#1270);
#1270 = DEFINITIONAL_REPRESENTATION('',(#1271),#1275);
#1271 = LINE('',#1272,#1273);
#1272 = CARTESIAN_POINT('',(-6.28318530718,-6.28318530718));
#1273 = VECTOR('',#1274,1.);
#1274 = DIRECTION('',(-0.,1.));
#1275 = ( GEOMETRIC_REPRESENTATION_CONTEXT(2) 
PARAMETRIC_REPRESENTATION_CONTEXT() REPRESENTATION_CONTEXT('2D SPACE',''
  ) );
#1276 = PCURVE('',#1244,#1277);
#1277 = DEFINITIONAL_REPRESENTATION('',(#1278),#1282);
#1278 = LINE('',#1279,#1280);
#1279 = CARTESIAN_POINT('',(-0.,-6.28318530718));
#1280 = VECTOR('',#1281,1.);
#1281 = DIRECTION('',(-0.,1.));
#1282 = ( GEOMETRIC_REPRESENTATION_CONTEXT(2) 
PARAMETRIC_REPRESENTATION_CONTEXT() REPRESENTATION_CONTEXT('2D SPACE',''
  ) );
#1283 = ORIENTED_EDGE('',*,*,#1260,.T.);
#1284 = ( GEOMETRIC_REPRESENTATION_CONTEXT(3) 
GLOBAL_UNCERTAINTY_ASSIGNED_CONTEXT((#1288)) 
GLOBAL_UNIT_ASSIGNED_CONTEXT((#1285,#1286,#1287)) REPRESENTATION_CONTEXT
('Context #1','3D Context with UNIT and UNCERTAINTY') );
#1285 = ( LENGTH_UNIT() NAMED_UNIT(*) SI_UNIT(.MILLI.,.METRE.) );
#1286 = ( NAMED_UNIT(*) PLANE_ANGLE_UNIT() SI_UNIT($,.RADIAN.) );
#1287 = ( NAMED_UNIT(*) SI_UNIT($,.STERADIAN.) SOLID_ANGLE_UNIT() );
#1288 = UNCERTAINTY_MEASURE_WITH_UNIT(LENGTH_MEASURE(1.E-07),#1285,
  'distance_accuracy_value','confusion accuracy');
#1289 = CONTEXT_DEPENDENT_SHAPE_REPRESENTATION(#1290,#1292);
#1290 = ( REPRESENTATION_RELATIONSHIP('','',#681,#10) 
REPRESENTATION_RELATIONSHIP_WITH_TRANSFORMATION(#1291) 
SHAPE_REPRESENTATION_RELATIONSHIP() );
#1291 = ITEM_DEFINED_TRANSFORMATION('','',#11,#19);
#1292 = PRODUCT_DEFINITION_SHAPE('Placement','Placement of an item',
  #1293);
#1293 = NEXT_ASSEMBLY_USAGE_OCCURRENCE('70','','',#5,#676,$);
#1294 = PRODUCT_RELATED_PRODUCT_CATEGORY('part',$,(#678));
#1295 = SHAPE_DEFINITION_REPRESENTATION(#1296,#1302);
#1296 = PRODUCT_DEFINITION_SHAPE('','',#1297);
#1297 = PRODUCT_DEFINITION('design','',#1298,#1301);
#1298 = PRODUCT_DEFINITION_FORMATION('','',#1299);
#1299 = PRODUCT('Open CASCADE STEP translator 7.9 17.3',
  'Open CASCADE STEP translator 7.9 17.3','',(#1300));
#1300 = PRODUCT_CONTEXT('',#2,'mechanical');
#1301 = PRODUCT_DEFINITION_CONTEXT('part definition',#2,'design');
#1302 = ADVANCED_BREP_SHAPE_REPRESENTATION('',(#11,#1303),#1905);
#1303 = MANIFOLD_SOLID_BREP('',#1304);
#1304 = CLOSED_SHELL('',(#1305,#1431,#1507,#1596,#1645,#1708,#1715,#1774
    ,#1833,#1837,#1876));
#1305 = ADVANCED_FACE('',(#1306),#1320,.T.);
#1306 = FACE_BOUND('',#1307,.F.);
#1307 = EDGE_LOOP('',(#1308,#1343,#1372,#1400));
#1308 = ORIENTED_EDGE('',*,*,#1309,.T.);
#1309 = EDGE_CURVE('',#1310,#1312,#1314,.T.);
#1310 = VERTEX_POINT('',#1311);
#1311 = CARTESIAN_POINT('',(13.519131071802,19.95,-2.5));
#1312 = VERTEX_POINT('',#1313);
#1313 = CARTESIAN_POINT('',(13.519131071802,19.95,-1.5));
#1314 = SURFACE_CURVE('',#1315,(#1319,#1331),.PCURVE_S1.);
#1315 = LINE('',#1316,#1317);
#1316 = CARTESIAN_POINT('',(13.519131071802,19.95,-1.5));
#1317 = VECTOR('',#1318,1.);
#1318 = DIRECTION('',(-0.,-0.,1.));
#1319 = PCURVE('',#1320,#1325);
#1320 = CYLINDRICAL_SURFACE('',#1321,5.1);
#1321 = AXIS2_PLACEMENT_3D('',#1322,#1323,#1324);
#1322 = CARTESIAN_POINT('',(10.7,24.2,-1.5));
#1323 = DIRECTION('',(-0.,-0.,1.));
#1324 = DIRECTION('',(1.,-0.,-0.));
#1325 = DEFINITIONAL_REPRESENTATION('',(#1326),#1330);
#1326 = LINE('',#1327,#1328);
#1327 = CARTESIAN_POINT('',(-7.268296090517,0.));
#1328 = VECTOR('',#1329,1.);
#1329 = DIRECTION('',(-0.,1.));
#1330 = ( GEOMETRIC_REPRESENTATION_CONTEXT(2) 
PARAMETRIC_REPRESENTATION_CONTEXT() REPRESENTATION_CONTEXT('2D SPACE',''
  ) );
#1331 = PCURVE('',#1332,#1337);
#1332 = PLANE('',#1333);
#1333 = AXIS2_PLACEMENT_3D('',#1334,#1335,#1336);
#1334 = CARTESIAN_POINT('',(0.5,19.95,-50.));
#1335 = DIRECTION('',(0.,-1.,0.));
#1336 = DIRECTION('',(0.,-0.,-1.));
#1337 = DEFINITIONAL_REPRESENTATION('',(#1338),#1342);
#1338 = LINE('',#1339,#1340);
#1339 = CARTESIAN_POINT('',(-48.5,13.019131071802));
#1340 = VECTOR('',#1341,1.);
#1341 = DIRECTION('',(-1.,0.));
#1342 = ( GEOMETRIC_REPRESENTATION_CONTEXT(2) 
PARAMETRIC_REPRESENTATION_CONTEXT() REPRESENTATION_CONTEXT('2D SPACE',''
  ) );
#1343 = ORIENTED_EDGE('',*,*,#1344,.T.);
#1344 = EDGE_CURVE('',#1312,#1345,#1347,.T.);
#1345 = VERTEX_POINT('',#1346);
#1346 = CARTESIAN_POINT('',(13.519131071802,28.45,-1.5));
#1347 = SURFACE_CURVE('',#1348,(#1353,#1360),.PCURVE_S1.);
#1348 = CIRCLE('',#1349,5.1);
#1349 = AXIS2_PLACEMENT_3D('',#1350,#1351,#1352);
#1350 = CARTESIAN_POINT('',(10.7,24.2,-1.5));
#1351 = DIRECTION('',(0.,0.,1.));
#1352 = DIRECTION('',(0.552770798393,-0.833333333333,-0.));
#1353 = PCURVE('',#1320,#1354);
#1354 = DEFINITIONAL_REPRESENTATION('',(#1355),#1359);
#1355 = LINE('',#1356,#1357);
#1356 = CARTESIAN_POINT('',(-7.268296090517,0.));
#1357 = VECTOR('',#1358,1.);
#1358 = DIRECTION('',(1.,-0.));
#1359 = ( GEOMETRIC_REPRESENTATION_CONTEXT(2) 
PARAMETRIC_REPRESENTATION_CONTEXT() REPRESENTATION_CONTEXT('2D SPACE',''
  ) );
#1360 = PCURVE('',#1361,#1366);
#1361 = PLANE('',#1362);
#1362 = AXIS2_PLACEMENT_3D('',#1363,#1364,#1365);
#1363 = CARTESIAN_POINT('',(10.7,24.2,-1.5));
#1364 = DIRECTION('',(-0.,-0.,1.));
#1365 = DIRECTION('',(-1.,0.,0.));
#1366 = DEFINITIONAL_REPRESENTATION('',(#1367),#1371);
#1367 = CIRCLE('',#1368,5.1);
#1368 = AXIS2_PLACEMENT_2D('',#1369,#1370);
#1369 = CARTESIAN_POINT('',(0.,0.));
#1370 = DIRECTION('',(-0.552770798393,0.833333333333));
#1371 = ( GEOMETRIC_REPRESENTATION_CONTEXT(2) 
PARAMETRIC_REPRESENTATION_CONTEXT() REPRESENTATION_CONTEXT('2D SPACE',''
  ) );
#1372 = ORIENTED_EDGE('',*,*,#1373,.F.);
#1373 = EDGE_CURVE('',#1374,#1345,#1376,.T.);
#1374 = VERTEX_POINT('',#1375);
#1375 = CARTESIAN_POINT('',(13.519131071802,28.45,-2.5));
#1376 = SURFACE_CURVE('',#1377,(#1381,#1388),.PCURVE_S1.);
#1377 = LINE('',#1378,#1379);
#1378 = CARTESIAN_POINT('',(13.519131071802,28.45,-1.5));
#1379 = VECTOR('',#1380,1.);
#1380 = DIRECTION('',(-0.,-0.,1.));
#1381 = PCURVE('',#1320,#1382);
#1382 = DEFINITIONAL_REPRESENTATION('',(#1383),#1387);
#1383 = LINE('',#1384,#1385);
#1384 = CARTESIAN_POINT('',(-5.298074523842,0.));
#1385 = VECTOR('',#1386,1.);
#1386 = DIRECTION('',(-0.,1.));
#1387 = ( GEOMETRIC_REPRESENTATION_CONTEXT(2) 
PARAMETRIC_REPRESENTATION_CONTEXT() REPRESENTATION_CONTEXT('2D SPACE',''
  ) );
#1388 = PCURVE('',#1389,#1394);
#1389 = PLANE('',#1390);
#1390 = AXIS2_PLACEMENT_3D('',#1391,#1392,#1393);
#1391 = CARTESIAN_POINT('',(0.5,28.45,-50.));
#1392 = DIRECTION('',(0.,-1.,0.));
#1393 = DIRECTION('',(0.,-0.,-1.));
#1394 = DEFINITIONAL_REPRESENTATION('',(#1395),#1399);
#1395 = LINE('',#1396,#1397);
#1396 = CARTESIAN_POINT('',(-48.5,13.019131071802));
#1397 = VECTOR('',#1398,1.);
#1398 = DIRECTION('',(-1.,0.));
#1399 = ( GEOMETRIC_REPRESENTATION_CONTEXT(2) 
PARAMETRIC_REPRESENTATION_CONTEXT() REPRESENTATION_CONTEXT('2D SPACE',''
  ) );
#1400 = ORIENTED_EDGE('',*,*,#1401,.T.);
#1401 = EDGE_CURVE('',#1374,#1310,#1402,.T.);
#1402 = SURFACE_CURVE('',#1403,(#1408,#1415),.PCURVE_S1.);
#1403 = CIRCLE('',#1404,5.1);
#1404 = AXIS2_PLACEMENT_3D('',#1405,#1406,#1407);
#1405 = CARTESIAN_POINT('',(10.7,24.2,-2.5));
#1406 = DIRECTION('',(0.,0.,-1.));
#1407 = DIRECTION('',(-0.552770798393,-0.833333333333,-0.));
#1408 = PCURVE('',#1320,#1409);
#1409 = DEFINITIONAL_REPRESENTATION('',(#1410),#1414);
#1410 = LINE('',#1411,#1412);
#1411 = CARTESIAN_POINT('',(-2.156481870252,-1.));
#1412 = VECTOR('',#1413,1.);
#1413 = DIRECTION('',(-1.,0.));
#1414 = ( GEOMETRIC_REPRESENTATION_CONTEXT(2) 
PARAMETRIC_REPRESENTATION_CONTEXT() REPRESENTATION_CONTEXT('2D SPACE',''
  ) );
#1415 = PCURVE('',#1416,#1421);
#1416 = PLANE('',#1417);
#1417 = AXIS2_PLACEMENT_3D('',#1418,#1419,#1420);
#1418 = CARTESIAN_POINT('',(10.7,24.2,-2.5));
#1419 = DIRECTION('',(-0.,-0.,1.));
#1420 = DIRECTION('',(-1.,0.,0.));
#1421 = DEFINITIONAL_REPRESENTATION('',(#1422),#1430);
#1422 = ( BOUNDED_CURVE() B_SPLINE_CURVE(2,(#1423,#1424,#1425,#1426,
#1427,#1428,#1429),.UNSPECIFIED.,.T.,.F.) B_SPLINE_CURVE_WITH_KNOTS((1,2
    ,2,2,2,1),(-2.094395102393,0.,2.094395102393,4.188790204786,
6.28318530718,8.377580409573),.UNSPECIFIED.) CURVE() 
GEOMETRIC_REPRESENTATION_ITEM() RATIONAL_B_SPLINE_CURVE((1.,0.5,1.,0.5,
1.,0.5,1.)) REPRESENTATION_ITEM('') );
#1423 = CARTESIAN_POINT('',(2.819131071802,4.25));
#1424 = CARTESIAN_POINT('',(10.18034700397,-0.632878249557));
#1425 = CARTESIAN_POINT('',(2.271042430183,-4.566439124779));
#1426 = CARTESIAN_POINT('',(-5.638262143604,-8.5));
#1427 = CARTESIAN_POINT('',(-5.090173501985,0.316439124779));
#1428 = CARTESIAN_POINT('',(-4.542084860366,9.132878249557));
#1429 = CARTESIAN_POINT('',(2.819131071802,4.25));
#1430 = ( GEOMETRIC_REPRESENTATION_CONTEXT(2) 
PARAMETRIC_REPRESENTATION_CONTEXT() REPRESENTATION_CONTEXT('2D SPACE',''
  ) );
#1431 = ADVANCED_FACE('',(#1432),#1332,.T.);
#1432 = FACE_BOUND('',#1433,.F.);
#1433 = EDGE_LOOP('',(#1434,#1435,#1458,#1486));
#1434 = ORIENTED_EDGE('',*,*,#1309,.F.);
#1435 = ORIENTED_EDGE('',*,*,#1436,.T.);
#1436 = EDGE_CURVE('',#1310,#1437,#1439,.T.);
#1437 = VERTEX_POINT('',#1438);
#1438 = CARTESIAN_POINT('',(7.880868928198,19.95,-2.5));
#1439 = SURFACE_CURVE('',#1440,(#1444,#1451),.PCURVE_S1.);
#1440 = LINE('',#1441,#1442);
#1441 = CARTESIAN_POINT('',(5.6,19.95,-2.5));
#1442 = VECTOR('',#1443,1.);
#1443 = DIRECTION('',(-1.,-0.,-0.));
#1444 = PCURVE('',#1332,#1445);
#1445 = DEFINITIONAL_REPRESENTATION('',(#1446),#1450);
#1446 = LINE('',#1447,#1448);
#1447 = CARTESIAN_POINT('',(-47.5,5.1));
#1448 = VECTOR('',#1449,1.);
#1449 = DIRECTION('',(-0.,-1.));
#1450 = ( GEOMETRIC_REPRESENTATION_CONTEXT(2) 
PARAMETRIC_REPRESENTATION_CONTEXT() REPRESENTATION_CONTEXT('2D SPACE',''
  ) );
#1451 = PCURVE('',#1416,#1452);
#1452 = DEFINITIONAL_REPRESENTATION('',(#1453),#1457);
#1453 = LINE('',#1454,#1455);
#1454 = CARTESIAN_POINT('',(5.1,4.25));
#1455 = VECTOR('',#1456,1.);
#1456 = DIRECTION('',(1.,-0.));
#1457 = ( GEOMETRIC_REPRESENTATION_CONTEXT(2) 
PARAMETRIC_REPRESENTATION_CONTEXT() REPRESENTATION_CONTEXT('2D SPACE',''
  ) );
#1458 = ORIENTED_EDGE('',*,*,#1459,.T.);
#1459 = EDGE_CURVE('',#1437,#1460,#1462,.T.);
#1460 = VERTEX_POINT('',#1461);
#1461 = CARTESIAN_POINT('',(7.880868928198,19.95,-1.5));
#1462 = SURFACE_CURVE('',#1463,(#1467,#1474),.PCURVE_S1.);
#1463 = LINE('',#1464,#1465);
#1464 = CARTESIAN_POINT('',(7.880868928198,19.95,-1.5));
#1465 = VECTOR('',#1466,1.);
#1466 = DIRECTION('',(-0.,-0.,1.));
#1467 = PCURVE('',#1332,#1468);
#1468 = DEFINITIONAL_REPRESENTATION('',(#1469),#1473);
#1469 = LINE('',#1470,#1471);
#1470 = CARTESIAN_POINT('',(-48.5,7.380868928198));
#1471 = VECTOR('',#1472,1.);
#1472 = DIRECTION('',(-1.,0.));
#1473 = ( GEOMETRIC_REPRESENTATION_CONTEXT(2) 
PARAMETRIC_REPRESENTATION_CONTEXT() REPRESENTATION_CONTEXT('2D SPACE',''
  ) );
#1474 = PCURVE('',#1475,#1480);
#1475 = CYLINDRICAL_SURFACE('',#1476,5.1);
#1476 = AXIS2_PLACEMENT_3D('',#1477,#1478,#1479);
#1477 = CARTESIAN_POINT('',(10.7,24.2,-1.5));
#1478 = DIRECTION('',(-0.,-0.,1.));
#1479 = DIRECTION('',(1.,-0.,-0.));
#1480 = DEFINITIONAL_REPRESENTATION('',(#1481),#1485);
#1481 = LINE('',#1482,#1483);
#1482 = CARTESIAN_POINT('',(-2.156481870252,0.));
#1483 = VECTOR('',#1484,1.);
#1484 = DIRECTION('',(-0.,1.));
#1485 = ( GEOMETRIC_REPRESENTATION_CONTEXT(2) 
PARAMETRIC_REPRESENTATION_CONTEXT() REPRESENTATION_CONTEXT('2D SPACE',''
  ) );
#1486 = ORIENTED_EDGE('',*,*,#1487,.F.);
#1487 = EDGE_CURVE('',#1312,#1460,#1488,.T.);
#1488 = SURFACE_CURVE('',#1489,(#1493,#1500),.PCURVE_S1.);
#1489 = LINE('',#1490,#1491);
#1490 = CARTESIAN_POINT('',(5.6,19.95,-1.5));
#1491 = VECTOR('',#1492,1.);
#1492 = DIRECTION('',(-1.,-0.,-0.));
#1493 = PCURVE('',#1332,#1494);
#1494 = DEFINITIONAL_REPRESENTATION('',(#1495),#1499);
#1495 = LINE('',#1496,#1497);
#1496 = CARTESIAN_POINT('',(-48.5,5.1));
#1497 = VECTOR('',#1498,1.);
#1498 = DIRECTION('',(-0.,-1.));
#1499 = ( GEOMETRIC_REPRESENTATION_CONTEXT(2) 
PARAMETRIC_REPRESENTATION_CONTEXT() REPRESENTATION_CONTEXT('2D SPACE',''
  ) );
#1500 = PCURVE('',#1361,#1501);
#1501 = DEFINITIONAL_REPRESENTATION('',(#1502),#1506);
#1502 = LINE('',#1503,#1504);
#1503 = CARTESIAN_POINT('',(5.1,4.25));
#1504 = VECTOR('',#1505,1.);
#1505 = DIRECTION('',(1.,-0.));
#1506 = ( GEOMETRIC_REPRESENTATION_CONTEXT(2) 
PARAMETRIC_REPRESENTATION_CONTEXT() REPRESENTATION_CONTEXT('2D SPACE',''
  ) );
#1507 = ADVANCED_FACE('',(#1508,#1561),#1416,.F.);
#1508 = FACE_BOUND('',#1509,.T.);
#1509 = EDGE_LOOP('',(#1510,#1511,#1539,#1560));
#1510 = ORIENTED_EDGE('',*,*,#1436,.T.);
#1511 = ORIENTED_EDGE('',*,*,#1512,.T.);
#1512 = EDGE_CURVE('',#1437,#1513,#1515,.T.);
#1513 = VERTEX_POINT('',#1514);
#1514 = CARTESIAN_POINT('',(7.880868928198,28.45,-2.5));
#1515 = SURFACE_CURVE('',#1516,(#1521,#1532),.PCURVE_S1.);
#1516 = CIRCLE('',#1517,5.1);
#1517 = AXIS2_PLACEMENT_3D('',#1518,#1519,#1520);
#1518 = CARTESIAN_POINT('',(10.7,24.2,-2.5));
#1519 = DIRECTION('',(0.,0.,-1.));
#1520 = DIRECTION('',(-0.552770798393,-0.833333333333,-0.));
#1521 = PCURVE('',#1416,#1522);
#1522 = DEFINITIONAL_REPRESENTATION('',(#1523),#1531);
#1523 = ( BOUNDED_CURVE() B_SPLINE_CURVE(2,(#1524,#1525,#1526,#1527,
#1528,#1529,#1530),.UNSPECIFIED.,.T.,.F.) B_SPLINE_CURVE_WITH_KNOTS((1,2
    ,2,2,2,1),(-2.094395102393,0.,2.094395102393,4.188790204786,
6.28318530718,8.377580409573),.UNSPECIFIED.) CURVE() 
GEOMETRIC_REPRESENTATION_ITEM() RATIONAL_B_SPLINE_CURVE((1.,0.5,1.,0.5,
1.,0.5,1.)) REPRESENTATION_ITEM('') );
#1524 = CARTESIAN_POINT('',(2.819131071802,4.25));
#1525 = CARTESIAN_POINT('',(10.18034700397,-0.632878249557));
#1526 = CARTESIAN_POINT('',(2.271042430183,-4.566439124779));
#1527 = CARTESIAN_POINT('',(-5.638262143604,-8.5));
#1528 = CARTESIAN_POINT('',(-5.090173501985,0.316439124779));
#1529 = CARTESIAN_POINT('',(-4.542084860366,9.132878249557));
#1530 = CARTESIAN_POINT('',(2.819131071802,4.25));
#1531 = ( GEOMETRIC_REPRESENTATION_CONTEXT(2) 
PARAMETRIC_REPRESENTATION_CONTEXT() REPRESENTATION_CONTEXT('2D SPACE',''
  ) );
#1532 = PCURVE('',#1475,#1533);
#1533 = DEFINITIONAL_REPRESENTATION('',(#1534),#1538);
#1534 = LINE('',#1535,#1536);
#1535 = CARTESIAN_POINT('',(-2.156481870252,-1.));
#1536 = VECTOR('',#1537,1.);
#1537 = DIRECTION('',(-1.,0.));
#1538 = ( GEOMETRIC_REPRESENTATION_CONTEXT(2) 
PARAMETRIC_REPRESENTATION_CONTEXT() REPRESENTATION_CONTEXT('2D SPACE',''
  ) );
#1539 = ORIENTED_EDGE('',*,*,#1540,.F.);
#1540 = EDGE_CURVE('',#1374,#1513,#1541,.T.);
#1541 = SURFACE_CURVE('',#1542,(#1546,#1553),.PCURVE_S1.);
#1542 = LINE('',#1543,#1544);
#1543 = CARTESIAN_POINT('',(5.6,28.45,-2.5));
#1544 = VECTOR('',#1545,1.);
#1545 = DIRECTION('',(-1.,-0.,-0.));
#1546 = PCURVE('',#1416,#1547);
#1547 = DEFINITIONAL_REPRESENTATION('',(#1548),#1552);
#1548 = LINE('',#1549,#1550);
#1549 = CARTESIAN_POINT('',(5.1,-4.25));
#1550 = VECTOR('',#1551,1.);
#1551 = DIRECTION('',(1.,-0.));
#1552 = ( GEOMETRIC_REPRESENTATION_CONTEXT(2) 
PARAMETRIC_REPRESENTATION_CONTEXT() REPRESENTATION_CONTEXT('2D SPACE',''
  ) );
#1553 = PCURVE('',#1389,#1554);
#1554 = DEFINITIONAL_REPRESENTATION('',(#1555),#1559);
#1555 = LINE('',#1556,#1557);
#1556 = CARTESIAN_POINT('',(-47.5,5.1));
#1557 = VECTOR('',#1558,1.);
#1558 = DIRECTION('',(-0.,-1.));
#1559 = ( GEOMETRIC_REPRESENTATION_CONTEXT(2) 
PARAMETRIC_REPRESENTATION_CONTEXT() REPRESENTATION_CONTEXT('2D SPACE',''
  ) );
#1560 = ORIENTED_EDGE('',*,*,#1401,.T.);
#1561 = FACE_BOUND('',#1562,.T.);
#1562 = EDGE_LOOP('',(#1563));
#1563 = ORIENTED_EDGE('',*,*,#1564,.F.);
#1564 = EDGE_CURVE('',#1565,#1565,#1567,.T.);
#1565 = VERTEX_POINT('',#1566);
#1566 = CARTESIAN_POINT('',(12.2,24.2,-2.5));
#1567 = SURFACE_CURVE('',#1568,(#1573,#1584),.PCURVE_S1.);
#1568 = CIRCLE('',#1569,1.5);
#1569 = AXIS2_PLACEMENT_3D('',#1570,#1571,#1572);
#1570 = CARTESIAN_POINT('',(10.7,24.2,-2.5));
#1571 = DIRECTION('',(0.,0.,-1.));
#1572 = DIRECTION('',(1.,-0.,-0.));
#1573 = PCURVE('',#1416,#1574);
#1574 = DEFINITIONAL_REPRESENTATION('',(#1575),#1583);
#1575 = ( BOUNDED_CURVE() B_SPLINE_CURVE(2,(#1576,#1577,#1578,#1579,
#1580,#1581,#1582),.UNSPECIFIED.,.T.,.F.) B_SPLINE_CURVE_WITH_KNOTS((1,2
    ,2,2,2,1),(-2.094395102393,0.,2.094395102393,4.188790204786,
6.28318530718,8.377580409573),.UNSPECIFIED.) CURVE() 
GEOMETRIC_REPRESENTATION_ITEM() RATIONAL_B_SPLINE_CURVE((1.,0.5,1.,0.5,
1.,0.5,1.)) REPRESENTATION_ITEM('') );
#1576 = CARTESIAN_POINT('',(-1.5,0.));
#1577 = CARTESIAN_POINT('',(-1.5,2.598076211353));
#1578 = CARTESIAN_POINT('',(0.75,1.299038105677));
#1579 = CARTESIAN_POINT('',(3.,3.673940397442E-16));
#1580 = CARTESIAN_POINT('',(0.75,-1.299038105677));
#1581 = CARTESIAN_POINT('',(-1.5,-2.598076211353));
#1582 = CARTESIAN_POINT('',(-1.5,0.));
#1583 = ( GEOMETRIC_REPRESENTATION_CONTEXT(2) 
PARAMETRIC_REPRESENTATION_CONTEXT() REPRESENTATION_CONTEXT('2D SPACE',''
  ) );
#1584 = PCURVE('',#1585,#1590);
#1585 = CYLINDRICAL_SURFACE('',#1586,1.5);
#1586 = AXIS2_PLACEMENT_3D('',#1587,#1588,#1589);
#1587 = CARTESIAN_POINT('',(10.7,24.2,-2.5));
#1588 = DIRECTION('',(-0.,-0.,1.));
#1589 = DIRECTION('',(1.,-0.,-0.));
#1590 = DEFINITIONAL_REPRESENTATION('',(#1591),#1595);
#1591 = LINE('',#1592,#1593);
#1592 = CARTESIAN_POINT('',(-0.,0.));
#1593 = VECTOR('',#1594,1.);
#1594 = DIRECTION('',(-1.,0.));
#1595 = ( GEOMETRIC_REPRESENTATION_CONTEXT(2) 
PARAMETRIC_REPRESENTATION_CONTEXT() REPRESENTATION_CONTEXT('2D SPACE',''
  ) );
#1596 = ADVANCED_FACE('',(#1597),#1389,.F.);
#1597 = FACE_BOUND('',#1598,.T.);
#1598 = EDGE_LOOP('',(#1599,#1600,#1601,#1624));
#1599 = ORIENTED_EDGE('',*,*,#1373,.F.);
#1600 = ORIENTED_EDGE('',*,*,#1540,.T.);
#1601 = ORIENTED_EDGE('',*,*,#1602,.T.);
#1602 = EDGE_CURVE('',#1513,#1603,#1605,.T.);
#1603 = VERTEX_POINT('',#1604);
#1604 = CARTESIAN_POINT('',(7.880868928198,28.45,-1.5));
#1605 = SURFACE_CURVE('',#1606,(#1610,#1617),.PCURVE_S1.);
#1606 = LINE('',#1607,#1608);
#1607 = CARTESIAN_POINT('',(7.880868928198,28.45,-1.5));
#1608 = VECTOR('',#1609,1.);
#1609 = DIRECTION('',(-0.,-0.,1.));
#1610 = PCURVE('',#1389,#1611);
#1611 = DEFINITIONAL_REPRESENTATION('',(#1612),#1616);
#1612 = LINE('',#1613,#1614);
#1613 = CARTESIAN_POINT('',(-48.5,7.380868928198));
#1614 = VECTOR('',#1615,1.);
#1615 = DIRECTION('',(-1.,0.));
#1616 = ( GEOMETRIC_REPRESENTATION_CONTEXT(2) 
PARAMETRIC_REPRESENTATION_CONTEXT() REPRESENTATION_CONTEXT('2D SPACE',''
  ) );
#1617 = PCURVE('',#1475,#1618);
#1618 = DEFINITIONAL_REPRESENTATION('',(#1619),#1623);
#1619 = LINE('',#1620,#1621);
#1620 = CARTESIAN_POINT('',(-4.126703436928,0.));
#1621 = VECTOR('',#1622,1.);
#1622 = DIRECTION('',(-0.,1.));
#1623 = ( GEOMETRIC_REPRESENTATION_CONTEXT(2) 
PARAMETRIC_REPRESENTATION_CONTEXT() REPRESENTATION_CONTEXT('2D SPACE',''
  ) );
#1624 = ORIENTED_EDGE('',*,*,#1625,.F.);
#1625 = EDGE_CURVE('',#1345,#1603,#1626,.T.);
#1626 = SURFACE_CURVE('',#1627,(#1631,#1638),.PCURVE_S1.);
#1627 = LINE('',#1628,#1629);
#1628 = CARTESIAN_POINT('',(5.6,28.45,-1.5));
#1629 = VECTOR('',#1630,1.);
#1630 = DIRECTION('',(-1.,-0.,-0.));
#1631 = PCURVE('',#1389,#1632);
#1632 = DEFINITIONAL_REPRESENTATION('',(#1633),#1637);
#1633 = LINE('',#1634,#1635);
#1634 = CARTESIAN_POINT('',(-48.5,5.1));
#1635 = VECTOR('',#1636,1.);
#1636 = DIRECTION('',(-0.,-1.));
#1637 = ( GEOMETRIC_REPRESENTATION_CONTEXT(2) 
PARAMETRIC_REPRESENTATION_CONTEXT() REPRESENTATION_CONTEXT('2D SPACE',''
  ) );
#1638 = PCURVE('',#1361,#1639);
#1639 = DEFINITIONAL_REPRESENTATION('',(#1640),#1644);
#1640 = LINE('',#1641,#1642);
#1641 = CARTESIAN_POINT('',(5.1,-4.25));
#1642 = VECTOR('',#1643,1.);
#1643 = DIRECTION('',(1.,-0.));
#1644 = ( GEOMETRIC_REPRESENTATION_CONTEXT(2) 
PARAMETRIC_REPRESENTATION_CONTEXT() REPRESENTATION_CONTEXT('2D SPACE',''
  ) );
#1645 = ADVANCED_FACE('',(#1646,#1673),#1361,.T.);
#1646 = FACE_BOUND('',#1647,.F.);
#1647 = EDGE_LOOP('',(#1648,#1649,#1650,#1672));
#1648 = ORIENTED_EDGE('',*,*,#1344,.F.);
#1649 = ORIENTED_EDGE('',*,*,#1487,.T.);
#1650 = ORIENTED_EDGE('',*,*,#1651,.F.);
#1651 = EDGE_CURVE('',#1603,#1460,#1652,.T.);
#1652 = SURFACE_CURVE('',#1653,(#1658,#1665),.PCURVE_S1.);
#1653 = CIRCLE('',#1654,5.1);
#1654 = AXIS2_PLACEMENT_3D('',#1655,#1656,#1657);
#1655 = CARTESIAN_POINT('',(10.7,24.2,-1.5));
#1656 = DIRECTION('',(0.,0.,1.));
#1657 = DIRECTION('',(0.552770798393,-0.833333333333,-0.));
#1658 = PCURVE('',#1361,#1659);
#1659 = DEFINITIONAL_REPRESENTATION('',(#1660),#1664);
#1660 = CIRCLE('',#1661,5.1);
#1661 = AXIS2_PLACEMENT_2D('',#1662,#1663);
#1662 = CARTESIAN_POINT('',(0.,0.));
#1663 = DIRECTION('',(-0.552770798393,0.833333333333));
#1664 = ( GEOMETRIC_REPRESENTATION_CONTEXT(2) 
PARAMETRIC_REPRESENTATION_CONTEXT() REPRESENTATION_CONTEXT('2D SPACE',''
  ) );
#1665 = PCURVE('',#1475,#1666);
#1666 = DEFINITIONAL_REPRESENTATION('',(#1667),#1671);
#1667 = LINE('',#1668,#1669);
#1668 = CARTESIAN_POINT('',(-7.268296090517,0.));
#1669 = VECTOR('',#1670,1.);
#1670 = DIRECTION('',(1.,-0.));
#1671 = ( GEOMETRIC_REPRESENTATION_CONTEXT(2) 
PARAMETRIC_REPRESENTATION_CONTEXT() REPRESENTATION_CONTEXT('2D SPACE',''
  ) );
#1672 = ORIENTED_EDGE('',*,*,#1625,.F.);
#1673 = FACE_BOUND('',#1674,.F.);
#1674 = EDGE_LOOP('',(#1675));
#1675 = ORIENTED_EDGE('',*,*,#1676,.F.);
#1676 = EDGE_CURVE('',#1677,#1677,#1679,.T.);
#1677 = VERTEX_POINT('',#1678);
#1678 = CARTESIAN_POINT('',(14.5,24.2,-1.5));
#1679 = SURFACE_CURVE('',#1680,(#1685,#1696),.PCURVE_S1.);
#1680 = CIRCLE('',#1681,3.8);
#1681 = AXIS2_PLACEMENT_3D('',#1682,#1683,#1684);
#1682 = CARTESIAN_POINT('',(10.7,24.2,-1.5));
#1683 = DIRECTION('',(0.,0.,-1.));
#1684 = DIRECTION('',(1.,-0.,-0.));
#1685 = PCURVE('',#1361,#1686);
#1686 = DEFINITIONAL_REPRESENTATION('',(#1687),#1695);
#1687 = ( BOUNDED_CURVE() B_SPLINE_CURVE(2,(#1688,#1689,#1690,#1691,
#1692,#1693,#1694),.UNSPECIFIED.,.T.,.F.) B_SPLINE_CURVE_WITH_KNOTS((1,2
    ,2,2,2,1),(-2.094395102393,0.,2.094395102393,4.188790204786,
6.28318530718,8.377580409573),.UNSPECIFIED.) CURVE() 
GEOMETRIC_REPRESENTATION_ITEM() RATIONAL_B_SPLINE_CURVE((1.,0.5,1.,0.5,
1.,0.5,1.)) REPRESENTATION_ITEM('') );
#1688 = CARTESIAN_POINT('',(-3.8,0.));
#1689 = CARTESIAN_POINT('',(-3.8,6.581793068762));
#1690 = CARTESIAN_POINT('',(1.9,3.290896534381));
#1691 = CARTESIAN_POINT('',(7.6,9.30731567352E-16));
#1692 = CARTESIAN_POINT('',(1.9,-3.290896534381));
#1693 = CARTESIAN_POINT('',(-3.8,-6.581793068762));
#1694 = CARTESIAN_POINT('',(-3.8,0.));
#1695 = ( GEOMETRIC_REPRESENTATION_CONTEXT(2) 
PARAMETRIC_REPRESENTATION_CONTEXT() REPRESENTATION_CONTEXT('2D SPACE',''
  ) );
#1696 = PCURVE('',#1697,#1702);
#1697 = CYLINDRICAL_SURFACE('',#1698,3.8);
#1698 = AXIS2_PLACEMENT_3D('',#1699,#1700,#1701);
#1699 = CARTESIAN_POINT('',(10.7,24.2,0.));
#1700 = DIRECTION('',(-0.,-0.,1.));
#1701 = DIRECTION('',(1.,-0.,-0.));
#1702 = DEFINITIONAL_REPRESENTATION('',(#1703),#1707);
#1703 = LINE('',#1704,#1705);
#1704 = CARTESIAN_POINT('',(-0.,-1.5));
#1705 = VECTOR('',#1706,1.);
#1706 = DIRECTION('',(-1.,0.));
#1707 = ( GEOMETRIC_REPRESENTATION_CONTEXT(2) 
PARAMETRIC_REPRESENTATION_CONTEXT() REPRESENTATION_CONTEXT('2D SPACE',''
  ) );
#1708 = ADVANCED_FACE('',(#1709),#1475,.T.);
#1709 = FACE_BOUND('',#1710,.F.);
#1710 = EDGE_LOOP('',(#1711,#1712,#1713,#1714));
#1711 = ORIENTED_EDGE('',*,*,#1602,.T.);
#1712 = ORIENTED_EDGE('',*,*,#1651,.T.);
#1713 = ORIENTED_EDGE('',*,*,#1459,.F.);
#1714 = ORIENTED_EDGE('',*,*,#1512,.T.);
#1715 = ADVANCED_FACE('',(#1716),#1585,.T.);
#1716 = FACE_BOUND('',#1717,.F.);
#1717 = EDGE_LOOP('',(#1718,#1741,#1772,#1773));
#1718 = ORIENTED_EDGE('',*,*,#1719,.T.);
#1719 = EDGE_CURVE('',#1565,#1720,#1722,.T.);
#1720 = VERTEX_POINT('',#1721);
#1721 = CARTESIAN_POINT('',(12.2,24.2,-3.));
#1722 = SEAM_CURVE('',#1723,(#1727,#1734),.PCURVE_S1.);
#1723 = LINE('',#1724,#1725);
#1724 = CARTESIAN_POINT('',(12.2,24.2,-2.5));
#1725 = VECTOR('',#1726,1.);
#1726 = DIRECTION('',(-0.,0.,-1.));
#1727 = PCURVE('',#1585,#1728);
#1728 = DEFINITIONAL_REPRESENTATION('',(#1729),#1733);
#1729 = LINE('',#1730,#1731);
#1730 = CARTESIAN_POINT('',(-0.,0.));
#1731 = VECTOR('',#1732,1.);
#1732 = DIRECTION('',(-0.,-1.));
#1733 = ( GEOMETRIC_REPRESENTATION_CONTEXT(2) 
PARAMETRIC_REPRESENTATION_CONTEXT() REPRESENTATION_CONTEXT('2D SPACE',''
  ) );
#1734 = PCURVE('',#1585,#1735);
#1735 = DEFINITIONAL_REPRESENTATION('',(#1736),#1740);
#1736 = LINE('',#1737,#1738);
#1737 = CARTESIAN_POINT('',(-6.28318530718,0.));
#1738 = VECTOR('',#1739,1.);
#1739 = DIRECTION('',(-0.,-1.));
#1740 = ( GEOMETRIC_REPRESENTATION_CONTEXT(2) 
PARAMETRIC_REPRESENTATION_CONTEXT() REPRESENTATION_CONTEXT('2D SPACE',''
  ) );
#1741 = ORIENTED_EDGE('',*,*,#1742,.T.);
#1742 = EDGE_CURVE('',#1720,#1720,#1743,.T.);
#1743 = SURFACE_CURVE('',#1744,(#1749,#1756),.PCURVE_S1.);
#1744 = CIRCLE('',#1745,1.5);
#1745 = AXIS2_PLACEMENT_3D('',#1746,#1747,#1748);
#1746 = CARTESIAN_POINT('',(10.7,24.2,-3.));
#1747 = DIRECTION('',(0.,0.,-1.));
#1748 = DIRECTION('',(1.,-0.,-0.));
#1749 = PCURVE('',#1585,#1750);
#1750 = DEFINITIONAL_REPRESENTATION('',(#1751),#1755);
#1751 = LINE('',#1752,#1753);
#1752 = CARTESIAN_POINT('',(-0.,-0.5));
#1753 = VECTOR('',#1754,1.);
#1754 = DIRECTION('',(-1.,0.));
#1755 = ( GEOMETRIC_REPRESENTATION_CONTEXT(2) 
PARAMETRIC_REPRESENTATION_CONTEXT() REPRESENTATION_CONTEXT('2D SPACE',''
  ) );
#1756 = PCURVE('',#1757,#1762);
#1757 = PLANE('',#1758);
#1758 = AXIS2_PLACEMENT_3D('',#1759,#1760,#1761);
#1759 = CARTESIAN_POINT('',(10.7,24.2,-3.));
#1760 = DIRECTION('',(-0.,-0.,1.));
#1761 = DIRECTION('',(-1.,0.,0.));
#1762 = DEFINITIONAL_REPRESENTATION('',(#1763),#1771);
#1763 = ( BOUNDED_CURVE() B_SPLINE_CURVE(2,(#1764,#1765,#1766,#1767,
#1768,#1769,#1770),.UNSPECIFIED.,.T.,.F.) B_SPLINE_CURVE_WITH_KNOTS((1,2
    ,2,2,2,1),(-2.094395102393,0.,2.094395102393,4.188790204786,
6.28318530718,8.377580409573),.UNSPECIFIED.) CURVE() 
GEOMETRIC_REPRESENTATION_ITEM() RATIONAL_B_SPLINE_CURVE((1.,0.5,1.,0.5,
1.,0.5,1.)) REPRESENTATION_ITEM('') );
#1764 = CARTESIAN_POINT('',(-1.5,0.));
#1765 = CARTESIAN_POINT('',(-1.5,2.598076211353));
#1766 = CARTESIAN_POINT('',(0.75,1.299038105677));
#1767 = CARTESIAN_POINT('',(3.,3.673940397442E-16));
#1768 = CARTESIAN_POINT('',(0.75,-1.299038105677));
#1769 = CARTESIAN_POINT('',(-1.5,-2.598076211353));
#1770 = CARTESIAN_POINT('',(-1.5,0.));
#1771 = ( GEOMETRIC_REPRESENTATION_CONTEXT(2) 
PARAMETRIC_REPRESENTATION_CONTEXT() REPRESENTATION_CONTEXT('2D SPACE',''
  ) );
#1772 = ORIENTED_EDGE('',*,*,#1719,.F.);
#1773 = ORIENTED_EDGE('',*,*,#1564,.F.);
#1774 = ADVANCED_FACE('',(#1775),#1697,.T.);
#1775 = FACE_BOUND('',#1776,.F.);
#1776 = EDGE_LOOP('',(#1777,#1778,#1801,#1832));
#1777 = ORIENTED_EDGE('',*,*,#1676,.T.);
#1778 = ORIENTED_EDGE('',*,*,#1779,.T.);
#1779 = EDGE_CURVE('',#1677,#1780,#1782,.T.);
#1780 = VERTEX_POINT('',#1781);
#1781 = CARTESIAN_POINT('',(14.5,24.2,1.));
#1782 = SEAM_CURVE('',#1783,(#1787,#1794),.PCURVE_S1.);
#1783 = LINE('',#1784,#1785);
#1784 = CARTESIAN_POINT('',(14.5,24.2,-1.5));
#1785 = VECTOR('',#1786,1.);
#1786 = DIRECTION('',(-0.,-0.,1.));
#1787 = PCURVE('',#1697,#1788);
#1788 = DEFINITIONAL_REPRESENTATION('',(#1789),#1793);
#1789 = LINE('',#1790,#1791);
#1790 = CARTESIAN_POINT('',(-6.28318530718,-1.5));
#1791 = VECTOR('',#1792,1.);
#1792 = DIRECTION('',(0.,1.));
#1793 = ( GEOMETRIC_REPRESENTATION_CONTEXT(2) 
PARAMETRIC_REPRESENTATION_CONTEXT() REPRESENTATION_CONTEXT('2D SPACE',''
  ) );
#1794 = PCURVE('',#1697,#1795);
#1795 = DEFINITIONAL_REPRESENTATION('',(#1796),#1800);
#1796 = LINE('',#1797,#1798);
#1797 = CARTESIAN_POINT('',(-0.,-1.5));
#1798 = VECTOR('',#1799,1.);
#1799 = DIRECTION('',(0.,1.));
#1800 = ( GEOMETRIC_REPRESENTATION_CONTEXT(2) 
PARAMETRIC_REPRESENTATION_CONTEXT() REPRESENTATION_CONTEXT('2D SPACE',''
  ) );
#1801 = ORIENTED_EDGE('',*,*,#1802,.F.);
#1802 = EDGE_CURVE('',#1780,#1780,#1803,.T.);
#1803 = SURFACE_CURVE('',#1804,(#1809,#1816),.PCURVE_S1.);
#1804 = CIRCLE('',#1805,3.8);
#1805 = AXIS2_PLACEMENT_3D('',#1806,#1807,#1808);
#1806 = CARTESIAN_POINT('',(10.7,24.2,1.));
#1807 = DIRECTION('',(0.,0.,-1.));
#1808 = DIRECTION('',(1.,-0.,-0.));
#1809 = PCURVE('',#1697,#1810);
#1810 = DEFINITIONAL_REPRESENTATION('',(#1811),#1815);
#1811 = LINE('',#1812,#1813);
#1812 = CARTESIAN_POINT('',(0.,1.));
#1813 = VECTOR('',#1814,1.);
#1814 = DIRECTION('',(-1.,-0.));
#1815 = ( GEOMETRIC_REPRESENTATION_CONTEXT(2) 
PARAMETRIC_REPRESENTATION_CONTEXT() REPRESENTATION_CONTEXT('2D SPACE',''
  ) );
#1816 = PCURVE('',#1817,#1822);
#1817 = PLANE('',#1818);
#1818 = AXIS2_PLACEMENT_3D('',#1819,#1820,#1821);
#1819 = CARTESIAN_POINT('',(10.7,24.2,1.));
#1820 = DIRECTION('',(-0.,-0.,1.));
#1821 = DIRECTION('',(-1.,0.,0.));
#1822 = DEFINITIONAL_REPRESENTATION('',(#1823),#1831);
#1823 = ( BOUNDED_CURVE() B_SPLINE_CURVE(2,(#1824,#1825,#1826,#1827,
#1828,#1829,#1830),.UNSPECIFIED.,.T.,.F.) B_SPLINE_CURVE_WITH_KNOTS((1,2
    ,2,2,2,1),(-2.094395102393,0.,2.094395102393,4.188790204786,
6.28318530718,8.377580409573),.UNSPECIFIED.) CURVE() 
GEOMETRIC_REPRESENTATION_ITEM() RATIONAL_B_SPLINE_CURVE((1.,0.5,1.,0.5,
1.,0.5,1.)) REPRESENTATION_ITEM('') );
#1824 = CARTESIAN_POINT('',(-3.8,0.));
#1825 = CARTESIAN_POINT('',(-3.8,6.581793068762));
#1826 = CARTESIAN_POINT('',(1.9,3.290896534381));
#1827 = CARTESIAN_POINT('',(7.6,9.30731567352E-16));
#1828 = CARTESIAN_POINT('',(1.9,-3.290896534381));
#1829 = CARTESIAN_POINT('',(-3.8,-6.581793068762));
#1830 = CARTESIAN_POINT('',(-3.8,0.));
#1831 = ( GEOMETRIC_REPRESENTATION_CONTEXT(2) 
PARAMETRIC_REPRESENTATION_CONTEXT() REPRESENTATION_CONTEXT('2D SPACE',''
  ) );
#1832 = ORIENTED_EDGE('',*,*,#1779,.F.);
#1833 = ADVANCED_FACE('',(#1834),#1757,.F.);
#1834 = FACE_BOUND('',#1835,.T.);
#1835 = EDGE_LOOP('',(#1836));
#1836 = ORIENTED_EDGE('',*,*,#1742,.T.);
#1837 = ADVANCED_FACE('',(#1838,#1841),#1817,.T.);
#1838 = FACE_BOUND('',#1839,.F.);
#1839 = EDGE_LOOP('',(#1840));
#1840 = ORIENTED_EDGE('',*,*,#1802,.T.);
#1841 = FACE_BOUND('',#1842,.F.);
#1842 = EDGE_LOOP('',(#1843));
#1843 = ORIENTED_EDGE('',*,*,#1844,.F.);
#1844 = EDGE_CURVE('',#1845,#1845,#1847,.T.);
#1845 = VERTEX_POINT('',#1846);
#1846 = CARTESIAN_POINT('',(13.596463360721,24.2,1.));
#1847 = SURFACE_CURVE('',#1848,(#1853,#1864),.PCURVE_S1.);
#1848 = CIRCLE('',#1849,2.896463360721);
#1849 = AXIS2_PLACEMENT_3D('',#1850,#1851,#1852);
#1850 = CARTESIAN_POINT('',(10.7,24.2,1.));
#1851 = DIRECTION('',(0.,0.,-1.));
#1852 = DIRECTION('',(1.,-0.,-0.));
#1853 = PCURVE('',#1817,#1854);
#1854 = DEFINITIONAL_REPRESENTATION('',(#1855),#1863);
#1855 = ( BOUNDED_CURVE() B_SPLINE_CURVE(2,(#1856,#1857,#1858,#1859,
#1860,#1861,#1862),.UNSPECIFIED.,.T.,.F.) B_SPLINE_CURVE_WITH_KNOTS((1,2
    ,2,2,2,1),(-2.094395102393,0.,2.094395102393,4.188790204786,
6.28318530718,8.377580409573),.UNSPECIFIED.) CURVE() 
GEOMETRIC_REPRESENTATION_ITEM() RATIONAL_B_SPLINE_CURVE((1.,0.5,1.,0.5,
1.,0.5,1.)) REPRESENTATION_ITEM('') );
#1856 = CARTESIAN_POINT('',(-2.896463360721,0.));
#1857 = CARTESIAN_POINT('',(-2.896463360721,5.016821703031));
#1858 = CARTESIAN_POINT('',(1.448231680361,2.508410851515));
#1859 = CARTESIAN_POINT('',(5.792926721442,7.094289167109E-16));
#1860 = CARTESIAN_POINT('',(1.448231680361,-2.508410851515));
#1861 = CARTESIAN_POINT('',(-2.896463360721,-5.016821703031));
#1862 = CARTESIAN_POINT('',(-2.896463360721,0.));
#1863 = ( GEOMETRIC_REPRESENTATION_CONTEXT(2) 
PARAMETRIC_REPRESENTATION_CONTEXT() REPRESENTATION_CONTEXT('2D SPACE',''
  ) );
#1864 = PCURVE('',#1865,#1870);
#1865 = SPHERICAL_SURFACE('',#1866,12.16);
#1866 = AXIS2_PLACEMENT_3D('',#1867,#1868,#1869);
#1867 = CARTESIAN_POINT('',(10.7,24.2,12.81));
#1868 = DIRECTION('',(0.,0.,1.));
#1869 = DIRECTION('',(1.,0.,0.));
#1870 = DEFINITIONAL_REPRESENTATION('',(#1871),#1875);
#1871 = LINE('',#1872,#1873);
#1872 = CARTESIAN_POINT('',(-0.,-1.33028836321));
#1873 = VECTOR('',#1874,1.);
#1874 = DIRECTION('',(-1.,0.));
#1875 = ( GEOMETRIC_REPRESENTATION_CONTEXT(2) 
PARAMETRIC_REPRESENTATION_CONTEXT() REPRESENTATION_CONTEXT('2D SPACE',''
  ) );
#1876 = ADVANCED_FACE('',(#1877),#1865,.F.);
#1877 = FACE_BOUND('',#1878,.T.);
#1878 = EDGE_LOOP('',(#1879,#1880,#1904));
#1879 = ORIENTED_EDGE('',*,*,#1844,.F.);
#1880 = ORIENTED_EDGE('',*,*,#1881,.F.);
#1881 = EDGE_CURVE('',#1882,#1845,#1884,.T.);
#1882 = VERTEX_POINT('',#1883);
#1883 = CARTESIAN_POINT('',(10.7,24.2,0.65));
#1884 = SEAM_CURVE('',#1885,(#1890,#1897),.PCURVE_S1.);
#1885 = CIRCLE('',#1886,12.16);
#1886 = AXIS2_PLACEMENT_3D('',#1887,#1888,#1889);
#1887 = CARTESIAN_POINT('',(10.7,24.2,12.81));
#1888 = DIRECTION('',(2.449293598295E-16,-1.,0.));
#1889 = DIRECTION('',(1.,2.449293598295E-16,0.));
#1890 = PCURVE('',#1865,#1891);
#1891 = DEFINITIONAL_REPRESENTATION('',(#1892),#1896);
#1892 = LINE('',#1893,#1894);
#1893 = CARTESIAN_POINT('',(-6.28318530718,-6.28318530718));
#1894 = VECTOR('',#1895,1.);
#1895 = DIRECTION('',(-0.,1.));
#1896 = ( GEOMETRIC_REPRESENTATION_CONTEXT(2) 
PARAMETRIC_REPRESENTATION_CONTEXT() REPRESENTATION_CONTEXT('2D SPACE',''
  ) );
#1897 = PCURVE('',#1865,#1898);
#1898 = DEFINITIONAL_REPRESENTATION('',(#1899),#1903);
#1899 = LINE('',#1900,#1901);
#1900 = CARTESIAN_POINT('',(-0.,-6.28318530718));
#1901 = VECTOR('',#1902,1.);
#1902 = DIRECTION('',(-0.,1.));
#1903 = ( GEOMETRIC_REPRESENTATION_CONTEXT(2) 
PARAMETRIC_REPRESENTATION_CONTEXT() REPRESENTATION_CONTEXT('2D SPACE',''
  ) );
#1904 = ORIENTED_EDGE('',*,*,#1881,.T.);
#1905 = ( GEOMETRIC_REPRESENTATION_CONTEXT(3) 
GLOBAL_UNCERTAINTY_ASSIGNED_CONTEXT((#1909)) 
GLOBAL_UNIT_ASSIGNED_CONTEXT((#1906,#1907,#1908)) REPRESENTATION_CONTEXT
('Context #1','3D Context with UNIT and UNCERTAINTY') );
#1906 = ( LENGTH_UNIT() NAMED_UNIT(*) SI_UNIT(.MILLI.,.METRE.) );
#1907 = ( NAMED_UNIT(*) PLANE_ANGLE_UNIT() SI_UNIT($,.RADIAN.) );
#1908 = ( NAMED_UNIT(*) SI_UNIT($,.STERADIAN.) SOLID_ANGLE_UNIT() );
#1909 = UNCERTAINTY_MEASURE_WITH_UNIT(LENGTH_MEASURE(1.E-07),#1906,
  'distance_accuracy_value','confusion accuracy');
#1910 = CONTEXT_DEPENDENT_SHAPE_REPRESENTATION(#1911,#1913);
#1911 = ( REPRESENTATION_RELATIONSHIP('','',#1302,#10) 
REPRESENTATION_RELATIONSHIP_WITH_TRANSFORMATION(#1912) 
SHAPE_REPRESENTATION_RELATIONSHIP() );
#1912 = ITEM_DEFINED_TRANSFORMATION('','',#11,#23);
#1913 = PRODUCT_DEFINITION_SHAPE('Placement','Placement of an item',
  #1914);
#1914 = NEXT_ASSEMBLY_USAGE_OCCURRENCE('71','','',#5,#1297,$);
#1915 = PRODUCT_RELATED_PRODUCT_CATEGORY('part',$,(#1299));
#1916 = SHAPE_DEFINITION_REPRESENTATION(#1917,#1923);
#1917 = PRODUCT_DEFINITION_SHAPE('','',#1918);
#1918 = PRODUCT_DEFINITION('design','',#1919,#1922);
#1919 = PRODUCT_DEFINITION_FORMATION('','',#1920);
#1920 = PRODUCT('Open CASCADE STEP translator 7.9 17.4',
  'Open CASCADE STEP translator 7.9 17.4','',(#1921));
#1921 = PRODUCT_CONTEXT('',#2,'mechanical');
#1922 = PRODUCT_DEFINITION_CONTEXT('part definition',#2,'design');
#1923 = ADVANCED_BREP_SHAPE_REPRESENTATION('',(#11,#1924),#2526);
#1924 = MANIFOLD_SOLID_BREP('',#1925);
#1925 = CLOSED_SHELL('',(#1926,#2052,#2128,#2217,#2266,#2329,#2336,#2395
    ,#2454,#2458,#2497));
#1926 = ADVANCED_FACE('',(#1927),#1941,.T.);
#1927 = FACE_BOUND('',#1928,.F.);
#1928 = EDGE_LOOP('',(#1929,#1964,#1993,#2021));
#1929 = ORIENTED_EDGE('',*,*,#1930,.T.);
#1930 = EDGE_CURVE('',#1931,#1933,#1935,.T.);
#1931 = VERTEX_POINT('',#1932);
#1932 = CARTESIAN_POINT('',(31.519131071802,19.95,-2.5));
#1933 = VERTEX_POINT('',#1934);
#1934 = CARTESIAN_POINT('',(31.519131071802,19.95,-1.5));
#1935 = SURFACE_CURVE('',#1936,(#1940,#1952),.PCURVE_S1.);
#1936 = LINE('',#1937,#1938);
#1937 = CARTESIAN_POINT('',(31.519131071802,19.95,-1.5));
#1938 = VECTOR('',#1939,1.);
#1939 = DIRECTION('',(-0.,-0.,1.));
#1940 = PCURVE('',#1941,#1946);
#1941 = CYLINDRICAL_SURFACE('',#1942,5.1);
#1942 = AXIS2_PLACEMENT_3D('',#1943,#1944,#1945);
#1943 = CARTESIAN_POINT('',(28.7,24.2,-1.5));
#1944 = DIRECTION('',(-0.,-0.,1.));
#1945 = DIRECTION('',(1.,-0.,-0.));
#1946 = DEFINITIONAL_REPRESENTATION('',(#1947),#1951);
#1947 = LINE('',#1948,#1949);
#1948 = CARTESIAN_POINT('',(-7.268296090517,0.));
#1949 = VECTOR('',#1950,1.);
#1950 = DIRECTION('',(-0.,1.));
#1951 = ( GEOMETRIC_REPRESENTATION_CONTEXT(2) 
PARAMETRIC_REPRESENTATION_CONTEXT() REPRESENTATION_CONTEXT('2D SPACE',''
  ) );
#1952 = PCURVE('',#1953,#1958);
#1953 = PLANE('',#1954);
#1954 = AXIS2_PLACEMENT_3D('',#1955,#1956,#1957);
#1955 = CARTESIAN_POINT('',(18.5,19.95,-50.));
#1956 = DIRECTION('',(0.,-1.,0.));
#1957 = DIRECTION('',(0.,-0.,-1.));
#1958 = DEFINITIONAL_REPRESENTATION('',(#1959),#1963);
#1959 = LINE('',#1960,#1961);
#1960 = CARTESIAN_POINT('',(-48.5,13.019131071802));
#1961 = VECTOR('',#1962,1.);
#1962 = DIRECTION('',(-1.,0.));
#1963 = ( GEOMETRIC_REPRESENTATION_CONTEXT(2) 
PARAMETRIC_REPRESENTATION_CONTEXT() REPRESENTATION_CONTEXT('2D SPACE',''
  ) );
#1964 = ORIENTED_EDGE('',*,*,#1965,.T.);
#1965 = EDGE_CURVE('',#1933,#1966,#1968,.T.);
#1966 = VERTEX_POINT('',#1967);
#1967 = CARTESIAN_POINT('',(31.519131071802,28.45,-1.5));
#1968 = SURFACE_CURVE('',#1969,(#1974,#1981),.PCURVE_S1.);
#1969 = CIRCLE('',#1970,5.1);
#1970 = AXIS2_PLACEMENT_3D('',#1971,#1972,#1973);
#1971 = CARTESIAN_POINT('',(28.7,24.2,-1.5));
#1972 = DIRECTION('',(0.,0.,1.));
#1973 = DIRECTION('',(0.552770798393,-0.833333333333,-0.));
#1974 = PCURVE('',#1941,#1975);
#1975 = DEFINITIONAL_REPRESENTATION('',(#1976),#1980);
#1976 = LINE('',#1977,#1978);
#1977 = CARTESIAN_POINT('',(-7.268296090517,0.));
#1978 = VECTOR('',#1979,1.);
#1979 = DIRECTION('',(1.,-0.));
#1980 = ( GEOMETRIC_REPRESENTATION_CONTEXT(2) 
PARAMETRIC_REPRESENTATION_CONTEXT() REPRESENTATION_CONTEXT('2D SPACE',''
  ) );
#1981 = PCURVE('',#1982,#1987);
#1982 = PLANE('',#1983);
#1983 = AXIS2_PLACEMENT_3D('',#1984,#1985,#1986);
#1984 = CARTESIAN_POINT('',(28.7,24.2,-1.5));
#1985 = DIRECTION('',(-0.,-0.,1.));
#1986 = DIRECTION('',(-1.,0.,0.));
#1987 = DEFINITIONAL_REPRESENTATION('',(#1988),#1992);
#1988 = CIRCLE('',#1989,5.1);
#1989 = AXIS2_PLACEMENT_2D('',#1990,#1991);
#1990 = CARTESIAN_POINT('',(0.,0.));
#1991 = DIRECTION('',(-0.552770798393,0.833333333333));
#1992 = ( GEOMETRIC_REPRESENTATION_CONTEXT(2) 
PARAMETRIC_REPRESENTATION_CONTEXT() REPRESENTATION_CONTEXT('2D SPACE',''
  ) );
#1993 = ORIENTED_EDGE('',*,*,#1994,.F.);
#1994 = EDGE_CURVE('',#1995,#1966,#1997,.T.);
#1995 = VERTEX_POINT('',#1996);
#1996 = CARTESIAN_POINT('',(31.519131071802,28.45,-2.5));
#1997 = SURFACE_CURVE('',#1998,(#2002,#2009),.PCURVE_S1.);
#1998 = LINE('',#1999,#2000);
#1999 = CARTESIAN_POINT('',(31.519131071802,28.45,-1.5));
#2000 = VECTOR('',#2001,1.);
#2001 = DIRECTION('',(-0.,-0.,1.));
#2002 = PCURVE('',#1941,#2003);
#2003 = DEFINITIONAL_REPRESENTATION('',(#2004),#2008);
#2004 = LINE('',#2005,#2006);
#2005 = CARTESIAN_POINT('',(-5.298074523842,0.));
#2006 = VECTOR('',#2007,1.);
#2007 = DIRECTION('',(-0.,1.));
#2008 = ( GEOMETRIC_REPRESENTATION_CONTEXT(2) 
PARAMETRIC_REPRESENTATION_CONTEXT() REPRESENTATION_CONTEXT('2D SPACE',''
  ) );
#2009 = PCURVE('',#2010,#2015);
#2010 = PLANE('',#2011);
#2011 = AXIS2_PLACEMENT_3D('',#2012,#2013,#2014);
#2012 = CARTESIAN_POINT('',(18.5,28.45,-50.));
#2013 = DIRECTION('',(0.,-1.,0.));
#2014 = DIRECTION('',(0.,-0.,-1.));
#2015 = DEFINITIONAL_REPRESENTATION('',(#2016),#2020);
#2016 = LINE('',#2017,#2018);
#2017 = CARTESIAN_POINT('',(-48.5,13.019131071802));
#2018 = VECTOR('',#2019,1.);
#2019 = DIRECTION('',(-1.,0.));
#2020 = ( GEOMETRIC_REPRESENTATION_CONTEXT(2) 
PARAMETRIC_REPRESENTATION_CONTEXT() REPRESENTATION_CONTEXT('2D SPACE',''
  ) );
#2021 = ORIENTED_EDGE('',*,*,#2022,.T.);
#2022 = EDGE_CURVE('',#1995,#1931,#2023,.T.);
#2023 = SURFACE_CURVE('',#2024,(#2029,#2036),.PCURVE_S1.);
#2024 = CIRCLE('',#2025,5.1);
#2025 = AXIS2_PLACEMENT_3D('',#2026,#2027,#2028);
#2026 = CARTESIAN_POINT('',(28.7,24.2,-2.5));
#2027 = DIRECTION('',(0.,0.,-1.));
#2028 = DIRECTION('',(-0.552770798393,-0.833333333333,-0.));
#2029 = PCURVE('',#1941,#2030);
#2030 = DEFINITIONAL_REPRESENTATION('',(#2031),#2035);
#2031 = LINE('',#2032,#2033);
#2032 = CARTESIAN_POINT('',(-2.156481870252,-1.));
#2033 = VECTOR('',#2034,1.);
#2034 = DIRECTION('',(-1.,0.));
#2035 = ( GEOMETRIC_REPRESENTATION_CONTEXT(2) 
PARAMETRIC_REPRESENTATION_CONTEXT() REPRESENTATION_CONTEXT('2D SPACE',''
  ) );
#2036 = PCURVE('',#2037,#2042);
#2037 = PLANE('',#2038);
#2038 = AXIS2_PLACEMENT_3D('',#2039,#2040,#2041);
#2039 = CARTESIAN_POINT('',(28.7,24.2,-2.5));
#2040 = DIRECTION('',(-0.,-0.,1.));
#2041 = DIRECTION('',(-1.,0.,0.));
#2042 = DEFINITIONAL_REPRESENTATION('',(#2043),#2051);
#2043 = ( BOUNDED_CURVE() B_SPLINE_CURVE(2,(#2044,#2045,#2046,#2047,
#2048,#2049,#2050),.UNSPECIFIED.,.T.,.F.) B_SPLINE_CURVE_WITH_KNOTS((1,2
    ,2,2,2,1),(-2.094395102393,0.,2.094395102393,4.188790204786,
6.28318530718,8.377580409573),.UNSPECIFIED.) CURVE() 
GEOMETRIC_REPRESENTATION_ITEM() RATIONAL_B_SPLINE_CURVE((1.,0.5,1.,0.5,
1.,0.5,1.)) REPRESENTATION_ITEM('') );
#2044 = CARTESIAN_POINT('',(2.819131071802,4.25));
#2045 = CARTESIAN_POINT('',(10.18034700397,-0.632878249557));
#2046 = CARTESIAN_POINT('',(2.271042430183,-4.566439124779));
#2047 = CARTESIAN_POINT('',(-5.638262143604,-8.5));
#2048 = CARTESIAN_POINT('',(-5.090173501985,0.316439124779));
#2049 = CARTESIAN_POINT('',(-4.542084860366,9.132878249557));
#2050 = CARTESIAN_POINT('',(2.819131071802,4.25));
#2051 = ( GEOMETRIC_REPRESENTATION_CONTEXT(2) 
PARAMETRIC_REPRESENTATION_CONTEXT() REPRESENTATION_CONTEXT('2D SPACE',''
  ) );
#2052 = ADVANCED_FACE('',(#2053),#1953,.T.);
#2053 = FACE_BOUND('',#2054,.F.);
#2054 = EDGE_LOOP('',(#2055,#2056,#2079,#2107));
#2055 = ORIENTED_EDGE('',*,*,#1930,.F.);
#2056 = ORIENTED_EDGE('',*,*,#2057,.T.);
#2057 = EDGE_CURVE('',#1931,#2058,#2060,.T.);
#2058 = VERTEX_POINT('',#2059);
#2059 = CARTESIAN_POINT('',(25.880868928198,19.95,-2.5));
#2060 = SURFACE_CURVE('',#2061,(#2065,#2072),.PCURVE_S1.);
#2061 = LINE('',#2062,#2063);
#2062 = CARTESIAN_POINT('',(23.6,19.95,-2.5));
#2063 = VECTOR('',#2064,1.);
#2064 = DIRECTION('',(-1.,-0.,-0.));
#2065 = PCURVE('',#1953,#2066);
#2066 = DEFINITIONAL_REPRESENTATION('',(#2067),#2071);
#2067 = LINE('',#2068,#2069);
#2068 = CARTESIAN_POINT('',(-47.5,5.1));
#2069 = VECTOR('',#2070,1.);
#2070 = DIRECTION('',(-0.,-1.));
#2071 = ( GEOMETRIC_REPRESENTATION_CONTEXT(2) 
PARAMETRIC_REPRESENTATION_CONTEXT() REPRESENTATION_CONTEXT('2D SPACE',''
  ) );
#2072 = PCURVE('',#2037,#2073);
#2073 = DEFINITIONAL_REPRESENTATION('',(#2074),#2078);
#2074 = LINE('',#2075,#2076);
#2075 = CARTESIAN_POINT('',(5.1,4.25));
#2076 = VECTOR('',#2077,1.);
#2077 = DIRECTION('',(1.,-0.));
#2078 = ( GEOMETRIC_REPRESENTATION_CONTEXT(2) 
PARAMETRIC_REPRESENTATION_CONTEXT() REPRESENTATION_CONTEXT('2D SPACE',''
  ) );
#2079 = ORIENTED_EDGE('',*,*,#2080,.T.);
#2080 = EDGE_CURVE('',#2058,#2081,#2083,.T.);
#2081 = VERTEX_POINT('',#2082);
#2082 = CARTESIAN_POINT('',(25.880868928198,19.95,-1.5));
#2083 = SURFACE_CURVE('',#2084,(#2088,#2095),.PCURVE_S1.);
#2084 = LINE('',#2085,#2086);
#2085 = CARTESIAN_POINT('',(25.880868928198,19.95,-1.5));
#2086 = VECTOR('',#2087,1.);
#2087 = DIRECTION('',(-0.,-0.,1.));
#2088 = PCURVE('',#1953,#2089);
#2089 = DEFINITIONAL_REPRESENTATION('',(#2090),#2094);
#2090 = LINE('',#2091,#2092);
#2091 = CARTESIAN_POINT('',(-48.5,7.380868928198));
#2092 = VECTOR('',#2093,1.);
#2093 = DIRECTION('',(-1.,0.));
#2094 = ( GEOMETRIC_REPRESENTATION_CONTEXT(2) 
PARAMETRIC_REPRESENTATION_CONTEXT() REPRESENTATION_CONTEXT('2D SPACE',''
  ) );
#2095 = PCURVE('',#2096,#2101);
#2096 = CYLINDRICAL_SURFACE('',#2097,5.1);
#2097 = AXIS2_PLACEMENT_3D('',#2098,#2099,#2100);
#2098 = CARTESIAN_POINT('',(28.7,24.2,-1.5));
#2099 = DIRECTION('',(-0.,-0.,1.));
#2100 = DIRECTION('',(1.,-0.,-0.));
#2101 = DEFINITIONAL_REPRESENTATION('',(#2102),#2106);
#2102 = LINE('',#2103,#2104);
#2103 = CARTESIAN_POINT('',(-2.156481870252,0.));
#2104 = VECTOR('',#2105,1.);
#2105 = DIRECTION('',(-0.,1.));
#2106 = ( GEOMETRIC_REPRESENTATION_CONTEXT(2) 
PARAMETRIC_REPRESENTATION_CONTEXT() REPRESENTATION_CONTEXT('2D SPACE',''
  ) );
#2107 = ORIENTED_EDGE('',*,*,#2108,.F.);
#2108 = EDGE_CURVE('',#1933,#2081,#2109,.T.);
#2109 = SURFACE_CURVE('',#2110,(#2114,#2121),.PCURVE_S1.);
#2110 = LINE('',#2111,#2112);
#2111 = CARTESIAN_POINT('',(23.6,19.95,-1.5));
#2112 = VECTOR('',#2113,1.);
#2113 = DIRECTION('',(-1.,-0.,-0.));
#2114 = PCURVE('',#1953,#2115);
#2115 = DEFINITIONAL_REPRESENTATION('',(#2116),#2120);
#2116 = LINE('',#2117,#2118);
#2117 = CARTESIAN_POINT('',(-48.5,5.1));
#2118 = VECTOR('',#2119,1.);
#2119 = DIRECTION('',(-0.,-1.));
#2120 = ( GEOMETRIC_REPRESENTATION_CONTEXT(2) 
PARAMETRIC_REPRESENTATION_CONTEXT() REPRESENTATION_CONTEXT('2D SPACE',''
  ) );
#2121 = PCURVE('',#1982,#2122);
#2122 = DEFINITIONAL_REPRESENTATION('',(#2123),#2127);
#2123 = LINE('',#2124,#2125);
#2124 = CARTESIAN_POINT('',(5.1,4.25));
#2125 = VECTOR('',#2126,1.);
#2126 = DIRECTION('',(1.,-0.));
#2127 = ( GEOMETRIC_REPRESENTATION_CONTEXT(2) 
PARAMETRIC_REPRESENTATION_CONTEXT() REPRESENTATION_CONTEXT('2D SPACE',''
  ) );
#2128 = ADVANCED_FACE('',(#2129,#2182),#2037,.F.);
#2129 = FACE_BOUND('',#2130,.T.);
#2130 = EDGE_LOOP('',(#2131,#2132,#2160,#2181));
#2131 = ORIENTED_EDGE('',*,*,#2057,.T.);
#2132 = ORIENTED_EDGE('',*,*,#2133,.T.);
#2133 = EDGE_CURVE('',#2058,#2134,#2136,.T.);
#2134 = VERTEX_POINT('',#2135);
#2135 = CARTESIAN_POINT('',(25.880868928198,28.45,-2.5));
#2136 = SURFACE_CURVE('',#2137,(#2142,#2153),.PCURVE_S1.);
#2137 = CIRCLE('',#2138,5.1);
#2138 = AXIS2_PLACEMENT_3D('',#2139,#2140,#2141);
#2139 = CARTESIAN_POINT('',(28.7,24.2,-2.5));
#2140 = DIRECTION('',(0.,0.,-1.));
#2141 = DIRECTION('',(-0.552770798393,-0.833333333333,-0.));
#2142 = PCURVE('',#2037,#2143);
#2143 = DEFINITIONAL_REPRESENTATION('',(#2144),#2152);
#2144 = ( BOUNDED_CURVE() B_SPLINE_CURVE(2,(#2145,#2146,#2147,#2148,
#2149,#2150,#2151),.UNSPECIFIED.,.T.,.F.) B_SPLINE_CURVE_WITH_KNOTS((1,2
    ,2,2,2,1),(-2.094395102393,0.,2.094395102393,4.188790204786,
6.28318530718,8.377580409573),.UNSPECIFIED.) CURVE() 
GEOMETRIC_REPRESENTATION_ITEM() RATIONAL_B_SPLINE_CURVE((1.,0.5,1.,0.5,
1.,0.5,1.)) REPRESENTATION_ITEM('') );
#2145 = CARTESIAN_POINT('',(2.819131071802,4.25));
#2146 = CARTESIAN_POINT('',(10.18034700397,-0.632878249557));
#2147 = CARTESIAN_POINT('',(2.271042430183,-4.566439124779));
#2148 = CARTESIAN_POINT('',(-5.638262143604,-8.5));
#2149 = CARTESIAN_POINT('',(-5.090173501985,0.316439124779));
#2150 = CARTESIAN_POINT('',(-4.542084860366,9.132878249557));
#2151 = CARTESIAN_POINT('',(2.819131071802,4.25));
#2152 = ( GEOMETRIC_REPRESENTATION_CONTEXT(2) 
PARAMETRIC_REPRESENTATION_CONTEXT() REPRESENTATION_CONTEXT('2D SPACE',''
  ) );
#2153 = PCURVE('',#2096,#2154);
#2154 = DEFINITIONAL_REPRESENTATION('',(#2155),#2159);
#2155 = LINE('',#2156,#2157);
#2156 = CARTESIAN_POINT('',(-2.156481870252,-1.));
#2157 = VECTOR('',#2158,1.);
#2158 = DIRECTION('',(-1.,0.));
#2159 = ( GEOMETRIC_REPRESENTATION_CONTEXT(2) 
PARAMETRIC_REPRESENTATION_CONTEXT() REPRESENTATION_CONTEXT('2D SPACE',''
  ) );
#2160 = ORIENTED_EDGE('',*,*,#2161,.F.);
#2161 = EDGE_CURVE('',#1995,#2134,#2162,.T.);
#2162 = SURFACE_CURVE('',#2163,(#2167,#2174),.PCURVE_S1.);
#2163 = LINE('',#2164,#2165);
#2164 = CARTESIAN_POINT('',(23.6,28.45,-2.5));
#2165 = VECTOR('',#2166,1.);
#2166 = DIRECTION('',(-1.,-0.,-0.));
#2167 = PCURVE('',#2037,#2168);
#2168 = DEFINITIONAL_REPRESENTATION('',(#2169),#2173);
#2169 = LINE('',#2170,#2171);
#2170 = CARTESIAN_POINT('',(5.1,-4.25));
#2171 = VECTOR('',#2172,1.);
#2172 = DIRECTION('',(1.,-0.));
#2173 = ( GEOMETRIC_REPRESENTATION_CONTEXT(2) 
PARAMETRIC_REPRESENTATION_CONTEXT() REPRESENTATION_CONTEXT('2D SPACE',''
  ) );
#2174 = PCURVE('',#2010,#2175);
#2175 = DEFINITIONAL_REPRESENTATION('',(#2176),#2180);
#2176 = LINE('',#2177,#2178);
#2177 = CARTESIAN_POINT('',(-47.5,5.1));
#2178 = VECTOR('',#2179,1.);
#2179 = DIRECTION('',(-0.,-1.));
#2180 = ( GEOMETRIC_REPRESENTATION_CONTEXT(2) 
PARAMETRIC_REPRESENTATION_CONTEXT() REPRESENTATION_CONTEXT('2D SPACE',''
  ) );
#2181 = ORIENTED_EDGE('',*,*,#2022,.T.);
#2182 = FACE_BOUND('',#2183,.T.);
#2183 = EDGE_LOOP('',(#2184));
#2184 = ORIENTED_EDGE('',*,*,#2185,.F.);
#2185 = EDGE_CURVE('',#2186,#2186,#2188,.T.);
#2186 = VERTEX_POINT('',#2187);
#2187 = CARTESIAN_POINT('',(30.2,24.2,-2.5));
#2188 = SURFACE_CURVE('',#2189,(#2194,#2205),.PCURVE_S1.);
#2189 = CIRCLE('',#2190,1.5);
#2190 = AXIS2_PLACEMENT_3D('',#2191,#2192,#2193);
#2191 = CARTESIAN_POINT('',(28.7,24.2,-2.5));
#2192 = DIRECTION('',(0.,0.,-1.));
#2193 = DIRECTION('',(1.,-0.,-0.));
#2194 = PCURVE('',#2037,#2195);
#2195 = DEFINITIONAL_REPRESENTATION('',(#2196),#2204);
#2196 = ( BOUNDED_CURVE() B_SPLINE_CURVE(2,(#2197,#2198,#2199,#2200,
#2201,#2202,#2203),.UNSPECIFIED.,.T.,.F.) B_SPLINE_CURVE_WITH_KNOTS((1,2
    ,2,2,2,1),(-2.094395102393,0.,2.094395102393,4.188790204786,
6.28318530718,8.377580409573),.UNSPECIFIED.) CURVE() 
GEOMETRIC_REPRESENTATION_ITEM() RATIONAL_B_SPLINE_CURVE((1.,0.5,1.,0.5,
1.,0.5,1.)) REPRESENTATION_ITEM('') );
#2197 = CARTESIAN_POINT('',(-1.5,0.));
#2198 = CARTESIAN_POINT('',(-1.5,2.598076211353));
#2199 = CARTESIAN_POINT('',(0.75,1.299038105677));
#2200 = CARTESIAN_POINT('',(3.,3.673940397442E-16));
#2201 = CARTESIAN_POINT('',(0.75,-1.299038105677));
#2202 = CARTESIAN_POINT('',(-1.5,-2.598076211353));
#2203 = CARTESIAN_POINT('',(-1.5,0.));
#2204 = ( GEOMETRIC_REPRESENTATION_CONTEXT(2) 
PARAMETRIC_REPRESENTATION_CONTEXT() REPRESENTATION_CONTEXT('2D SPACE',''
  ) );
#2205 = PCURVE('',#2206,#2211);
#2206 = CYLINDRICAL_SURFACE('',#2207,1.5);
#2207 = AXIS2_PLACEMENT_3D('',#2208,#2209,#2210);
#2208 = CARTESIAN_POINT('',(28.7,24.2,-2.5));
#2209 = DIRECTION('',(-0.,-0.,1.));
#2210 = DIRECTION('',(1.,-0.,-0.));
#2211 = DEFINITIONAL_REPRESENTATION('',(#2212),#2216);
#2212 = LINE('',#2213,#2214);
#2213 = CARTESIAN_POINT('',(-0.,0.));
#2214 = VECTOR('',#2215,1.);
#2215 = DIRECTION('',(-1.,0.));
#2216 = ( GEOMETRIC_REPRESENTATION_CONTEXT(2) 
PARAMETRIC_REPRESENTATION_CONTEXT() REPRESENTATION_CONTEXT('2D SPACE',''
  ) );
#2217 = ADVANCED_FACE('',(#2218),#2010,.F.);
#2218 = FACE_BOUND('',#2219,.T.);
#2219 = EDGE_LOOP('',(#2220,#2221,#2222,#2245));
#2220 = ORIENTED_EDGE('',*,*,#1994,.F.);
#2221 = ORIENTED_EDGE('',*,*,#2161,.T.);
#2222 = ORIENTED_EDGE('',*,*,#2223,.T.);
#2223 = EDGE_CURVE('',#2134,#2224,#2226,.T.);
#2224 = VERTEX_POINT('',#2225);
#2225 = CARTESIAN_POINT('',(25.880868928198,28.45,-1.5));
#2226 = SURFACE_CURVE('',#2227,(#2231,#2238),.PCURVE_S1.);
#2227 = LINE('',#2228,#2229);
#2228 = CARTESIAN_POINT('',(25.880868928198,28.45,-1.5));
#2229 = VECTOR('',#2230,1.);
#2230 = DIRECTION('',(-0.,-0.,1.));
#2231 = PCURVE('',#2010,#2232);
#2232 = DEFINITIONAL_REPRESENTATION('',(#2233),#2237);
#2233 = LINE('',#2234,#2235);
#2234 = CARTESIAN_POINT('',(-48.5,7.380868928198));
#2235 = VECTOR('',#2236,1.);
#2236 = DIRECTION('',(-1.,0.));
#2237 = ( GEOMETRIC_REPRESENTATION_CONTEXT(2) 
PARAMETRIC_REPRESENTATION_CONTEXT() REPRESENTATION_CONTEXT('2D SPACE',''
  ) );
#2238 = PCURVE('',#2096,#2239);
#2239 = DEFINITIONAL_REPRESENTATION('',(#2240),#2244);
#2240 = LINE('',#2241,#2242);
#2241 = CARTESIAN_POINT('',(-4.126703436928,0.));
#2242 = VECTOR('',#2243,1.);
#2243 = DIRECTION('',(-0.,1.));
#2244 = ( GEOMETRIC_REPRESENTATION_CONTEXT(2) 
PARAMETRIC_REPRESENTATION_CONTEXT() REPRESENTATION_CONTEXT('2D SPACE',''
  ) );
#2245 = ORIENTED_EDGE('',*,*,#2246,.F.);
#2246 = EDGE_CURVE('',#1966,#2224,#2247,.T.);
#2247 = SURFACE_CURVE('',#2248,(#2252,#2259),.PCURVE_S1.);
#2248 = LINE('',#2249,#2250);
#2249 = CARTESIAN_POINT('',(23.6,28.45,-1.5));
#2250 = VECTOR('',#2251,1.);
#2251 = DIRECTION('',(-1.,-0.,-0.));
#2252 = PCURVE('',#2010,#2253);
#2253 = DEFINITIONAL_REPRESENTATION('',(#2254),#2258);
#2254 = LINE('',#2255,#2256);
#2255 = CARTESIAN_POINT('',(-48.5,5.1));
#2256 = VECTOR('',#2257,1.);
#2257 = DIRECTION('',(-0.,-1.));
#2258 = ( GEOMETRIC_REPRESENTATION_CONTEXT(2) 
PARAMETRIC_REPRESENTATION_CONTEXT() REPRESENTATION_CONTEXT('2D SPACE',''
  ) );
#2259 = PCURVE('',#1982,#2260);
#2260 = DEFINITIONAL_REPRESENTATION('',(#2261),#2265);
#2261 = LINE('',#2262,#2263);
#2262 = CARTESIAN_POINT('',(5.1,-4.25));
#2263 = VECTOR('',#2264,1.);
#2264 = DIRECTION('',(1.,-0.));
#2265 = ( GEOMETRIC_REPRESENTATION_CONTEXT(2) 
PARAMETRIC_REPRESENTATION_CONTEXT() REPRESENTATION_CONTEXT('2D SPACE',''
  ) );
#2266 = ADVANCED_FACE('',(#2267,#2294),#1982,.T.);
#2267 = FACE_BOUND('',#2268,.F.);
#2268 = EDGE_LOOP('',(#2269,#2270,#2271,#2293));
#2269 = ORIENTED_EDGE('',*,*,#1965,.F.);
#2270 = ORIENTED_EDGE('',*,*,#2108,.T.);
#2271 = ORIENTED_EDGE('',*,*,#2272,.F.);
#2272 = EDGE_CURVE('',#2224,#2081,#2273,.T.);
#2273 = SURFACE_CURVE('',#2274,(#2279,#2286),.PCURVE_S1.);
#2274 = CIRCLE('',#2275,5.1);
#2275 = AXIS2_PLACEMENT_3D('',#2276,#2277,#2278);
#2276 = CARTESIAN_POINT('',(28.7,24.2,-1.5));
#2277 = DIRECTION('',(0.,0.,1.));
#2278 = DIRECTION('',(0.552770798393,-0.833333333333,-0.));
#2279 = PCURVE('',#1982,#2280);
#2280 = DEFINITIONAL_REPRESENTATION('',(#2281),#2285);
#2281 = CIRCLE('',#2282,5.1);
#2282 = AXIS2_PLACEMENT_2D('',#2283,#2284);
#2283 = CARTESIAN_POINT('',(0.,0.));
#2284 = DIRECTION('',(-0.552770798393,0.833333333333));
#2285 = ( GEOMETRIC_REPRESENTATION_CONTEXT(2) 
PARAMETRIC_REPRESENTATION_CONTEXT() REPRESENTATION_CONTEXT('2D SPACE',''
  ) );
#2286 = PCURVE('',#2096,#2287);
#2287 = DEFINITIONAL_REPRESENTATION('',(#2288),#2292);
#2288 = LINE('',#2289,#2290);
#2289 = CARTESIAN_POINT('',(-7.268296090517,0.));
#2290 = VECTOR('',#2291,1.);
#2291 = DIRECTION('',(1.,-0.));
#2292 = ( GEOMETRIC_REPRESENTATION_CONTEXT(2) 
PARAMETRIC_REPRESENTATION_CONTEXT() REPRESENTATION_CONTEXT('2D SPACE',''
  ) );
#2293 = ORIENTED_EDGE('',*,*,#2246,.F.);
#2294 = FACE_BOUND('',#2295,.F.);
#2295 = EDGE_LOOP('',(#2296));
#2296 = ORIENTED_EDGE('',*,*,#2297,.F.);
#2297 = EDGE_CURVE('',#2298,#2298,#2300,.T.);
#2298 = VERTEX_POINT('',#2299);
#2299 = CARTESIAN_POINT('',(32.5,24.2,-1.5));
#2300 = SURFACE_CURVE('',#2301,(#2306,#2317),.PCURVE_S1.);
#2301 = CIRCLE('',#2302,3.8);
#2302 = AXIS2_PLACEMENT_3D('',#2303,#2304,#2305);
#2303 = CARTESIAN_POINT('',(28.7,24.2,-1.5));
#2304 = DIRECTION('',(0.,0.,-1.));
#2305 = DIRECTION('',(1.,-0.,-0.));
#2306 = PCURVE('',#1982,#2307);
#2307 = DEFINITIONAL_REPRESENTATION('',(#2308),#2316);
#2308 = ( BOUNDED_CURVE() B_SPLINE_CURVE(2,(#2309,#2310,#2311,#2312,
#2313,#2314,#2315),.UNSPECIFIED.,.T.,.F.) B_SPLINE_CURVE_WITH_KNOTS((1,2
    ,2,2,2,1),(-2.094395102393,0.,2.094395102393,4.188790204786,
6.28318530718,8.377580409573),.UNSPECIFIED.) CURVE() 
GEOMETRIC_REPRESENTATION_ITEM() RATIONAL_B_SPLINE_CURVE((1.,0.5,1.,0.5,
1.,0.5,1.)) REPRESENTATION_ITEM('') );
#2309 = CARTESIAN_POINT('',(-3.8,0.));
#2310 = CARTESIAN_POINT('',(-3.8,6.581793068762));
#2311 = CARTESIAN_POINT('',(1.9,3.290896534381));
#2312 = CARTESIAN_POINT('',(7.6,9.30731567352E-16));
#2313 = CARTESIAN_POINT('',(1.9,-3.290896534381));
#2314 = CARTESIAN_POINT('',(-3.8,-6.581793068762));
#2315 = CARTESIAN_POINT('',(-3.8,0.));
#2316 = ( GEOMETRIC_REPRESENTATION_CONTEXT(2) 
PARAMETRIC_REPRESENTATION_CONTEXT() REPRESENTATION_CONTEXT('2D SPACE',''
  ) );
#2317 = PCURVE('',#2318,#2323);
#2318 = CYLINDRICAL_SURFACE('',#2319,3.8);
#2319 = AXIS2_PLACEMENT_3D('',#2320,#2321,#2322);
#2320 = CARTESIAN_POINT('',(28.7,24.2,0.));
#2321 = DIRECTION('',(-0.,-0.,1.));
#2322 = DIRECTION('',(1.,-0.,-0.));
#2323 = DEFINITIONAL_REPRESENTATION('',(#2324),#2328);
#2324 = LINE('',#2325,#2326);
#2325 = CARTESIAN_POINT('',(-0.,-1.5));
#2326 = VECTOR('',#2327,1.);
#2327 = DIRECTION('',(-1.,0.));
#2328 = ( GEOMETRIC_REPRESENTATION_CONTEXT(2) 
PARAMETRIC_REPRESENTATION_CONTEXT() REPRESENTATION_CONTEXT('2D SPACE',''
  ) );
#2329 = ADVANCED_FACE('',(#2330),#2096,.T.);
#2330 = FACE_BOUND('',#2331,.F.);
#2331 = EDGE_LOOP('',(#2332,#2333,#2334,#2335));
#2332 = ORIENTED_EDGE('',*,*,#2223,.T.);
#2333 = ORIENTED_EDGE('',*,*,#2272,.T.);
#2334 = ORIENTED_EDGE('',*,*,#2080,.F.);
#2335 = ORIENTED_EDGE('',*,*,#2133,.T.);
#2336 = ADVANCED_FACE('',(#2337),#2206,.T.);
#2337 = FACE_BOUND('',#2338,.F.);
#2338 = EDGE_LOOP('',(#2339,#2362,#2393,#2394));
#2339 = ORIENTED_EDGE('',*,*,#2340,.T.);
#2340 = EDGE_CURVE('',#2186,#2341,#2343,.T.);
#2341 = VERTEX_POINT('',#2342);
#2342 = CARTESIAN_POINT('',(30.2,24.2,-3.));
#2343 = SEAM_CURVE('',#2344,(#2348,#2355),.PCURVE_S1.);
#2344 = LINE('',#2345,#2346);
#2345 = CARTESIAN_POINT('',(30.2,24.2,-2.5));
#2346 = VECTOR('',#2347,1.);
#2347 = DIRECTION('',(-0.,0.,-1.));
#2348 = PCURVE('',#2206,#2349);
#2349 = DEFINITIONAL_REPRESENTATION('',(#2350),#2354);
#2350 = LINE('',#2351,#2352);
#2351 = CARTESIAN_POINT('',(-0.,0.));
#2352 = VECTOR('',#2353,1.);
#2353 = DIRECTION('',(-0.,-1.));
#2354 = ( GEOMETRIC_REPRESENTATION_CONTEXT(2) 
PARAMETRIC_REPRESENTATION_CONTEXT() REPRESENTATION_CONTEXT('2D SPACE',''
  ) );
#2355 = PCURVE('',#2206,#2356);
#2356 = DEFINITIONAL_REPRESENTATION('',(#2357),#2361);
#2357 = LINE('',#2358,#2359);
#2358 = CARTESIAN_POINT('',(-6.28318530718,0.));
#2359 = VECTOR('',#2360,1.);
#2360 = DIRECTION('',(-0.,-1.));
#2361 = ( GEOMETRIC_REPRESENTATION_CONTEXT(2) 
PARAMETRIC_REPRESENTATION_CONTEXT() REPRESENTATION_CONTEXT('2D SPACE',''
  ) );
#2362 = ORIENTED_EDGE('',*,*,#2363,.T.);
#2363 = EDGE_CURVE('',#2341,#2341,#2364,.T.);
#2364 = SURFACE_CURVE('',#2365,(#2370,#2377),.PCURVE_S1.);
#2365 = CIRCLE('',#2366,1.5);
#2366 = AXIS2_PLACEMENT_3D('',#2367,#2368,#2369);
#2367 = CARTESIAN_POINT('',(28.7,24.2,-3.));
#2368 = DIRECTION('',(0.,0.,-1.));
#2369 = DIRECTION('',(1.,-0.,-0.));
#2370 = PCURVE('',#2206,#2371);
#2371 = DEFINITIONAL_REPRESENTATION('',(#2372),#2376);
#2372 = LINE('',#2373,#2374);
#2373 = CARTESIAN_POINT('',(-0.,-0.5));
#2374 = VECTOR('',#2375,1.);
#2375 = DIRECTION('',(-1.,0.));
#2376 = ( GEOMETRIC_REPRESENTATION_CONTEXT(2) 
PARAMETRIC_REPRESENTATION_CONTEXT() REPRESENTATION_CONTEXT('2D SPACE',''
  ) );
#2377 = PCURVE('',#2378,#2383);
#2378 = PLANE('',#2379);
#2379 = AXIS2_PLACEMENT_3D('',#2380,#2381,#2382);
#2380 = CARTESIAN_POINT('',(28.7,24.2,-3.));
#2381 = DIRECTION('',(-0.,-0.,1.));
#2382 = DIRECTION('',(-1.,0.,0.));
#2383 = DEFINITIONAL_REPRESENTATION('',(#2384),#2392);
#2384 = ( BOUNDED_CURVE() B_SPLINE_CURVE(2,(#2385,#2386,#2387,#2388,
#2389,#2390,#2391),.UNSPECIFIED.,.T.,.F.) B_SPLINE_CURVE_WITH_KNOTS((1,2
    ,2,2,2,1),(-2.094395102393,0.,2.094395102393,4.188790204786,
6.28318530718,8.377580409573),.UNSPECIFIED.) CURVE() 
GEOMETRIC_REPRESENTATION_ITEM() RATIONAL_B_SPLINE_CURVE((1.,0.5,1.,0.5,
1.,0.5,1.)) REPRESENTATION_ITEM('') );
#2385 = CARTESIAN_POINT('',(-1.5,0.));
#2386 = CARTESIAN_POINT('',(-1.5,2.598076211353));
#2387 = CARTESIAN_POINT('',(0.75,1.299038105677));
#2388 = CARTESIAN_POINT('',(3.,3.673940397442E-16));
#2389 = CARTESIAN_POINT('',(0.75,-1.299038105677));
#2390 = CARTESIAN_POINT('',(-1.5,-2.598076211353));
#2391 = CARTESIAN_POINT('',(-1.5,0.));
#2392 = ( GEOMETRIC_REPRESENTATION_CONTEXT(2) 
PARAMETRIC_REPRESENTATION_CONTEXT() REPRESENTATION_CONTEXT('2D SPACE',''
  ) );
#2393 = ORIENTED_EDGE('',*,*,#2340,.F.);
#2394 = ORIENTED_EDGE('',*,*,#2185,.F.);
#2395 = ADVANCED_FACE('',(#2396),#2318,.T.);
#2396 = FACE_BOUND('',#2397,.F.);
#2397 = EDGE_LOOP('',(#2398,#2399,#2422,#2453));
#2398 = ORIENTED_EDGE('',*,*,#2297,.T.);
#2399 = ORIENTED_EDGE('',*,*,#2400,.T.);
#2400 = EDGE_CURVE('',#2298,#2401,#2403,.T.);
#2401 = VERTEX_POINT('',#2402);
#2402 = CARTESIAN_POINT('',(32.5,24.2,1.));
#2403 = SEAM_CURVE('',#2404,(#2408,#2415),.PCURVE_S1.);
#2404 = LINE('',#2405,#2406);
#2405 = CARTESIAN_POINT('',(32.5,24.2,-1.5));
#2406 = VECTOR('',#2407,1.);
#2407 = DIRECTION('',(-0.,-0.,1.));
#2408 = PCURVE('',#2318,#2409);
#2409 = DEFINITIONAL_REPRESENTATION('',(#2410),#2414);
#2410 = LINE('',#2411,#2412);
#2411 = CARTESIAN_POINT('',(-6.28318530718,-1.5));
#2412 = VECTOR('',#2413,1.);
#2413 = DIRECTION('',(0.,1.));
#2414 = ( GEOMETRIC_REPRESENTATION_CONTEXT(2) 
PARAMETRIC_REPRESENTATION_CONTEXT() REPRESENTATION_CONTEXT('2D SPACE',''
  ) );
#2415 = PCURVE('',#2318,#2416);
#2416 = DEFINITIONAL_REPRESENTATION('',(#2417),#2421);
#2417 = LINE('',#2418,#2419);
#2418 = CARTESIAN_POINT('',(-0.,-1.5));
#2419 = VECTOR('',#2420,1.);
#2420 = DIRECTION('',(0.,1.));
#2421 = ( GEOMETRIC_REPRESENTATION_CONTEXT(2) 
PARAMETRIC_REPRESENTATION_CONTEXT() REPRESENTATION_CONTEXT('2D SPACE',''
  ) );
#2422 = ORIENTED_EDGE('',*,*,#2423,.F.);
#2423 = EDGE_CURVE('',#2401,#2401,#2424,.T.);
#2424 = SURFACE_CURVE('',#2425,(#2430,#2437),.PCURVE_S1.);
#2425 = CIRCLE('',#2426,3.8);
#2426 = AXIS2_PLACEMENT_3D('',#2427,#2428,#2429);
#2427 = CARTESIAN_POINT('',(28.7,24.2,1.));
#2428 = DIRECTION('',(0.,0.,-1.));
#2429 = DIRECTION('',(1.,-0.,-0.));
#2430 = PCURVE('',#2318,#2431);
#2431 = DEFINITIONAL_REPRESENTATION('',(#2432),#2436);
#2432 = LINE('',#2433,#2434);
#2433 = CARTESIAN_POINT('',(0.,1.));
#2434 = VECTOR('',#2435,1.);
#2435 = DIRECTION('',(-1.,-0.));
#2436 = ( GEOMETRIC_REPRESENTATION_CONTEXT(2) 
PARAMETRIC_REPRESENTATION_CONTEXT() REPRESENTATION_CONTEXT('2D SPACE',''
  ) );
#2437 = PCURVE('',#2438,#2443);
#2438 = PLANE('',#2439);
#2439 = AXIS2_PLACEMENT_3D('',#2440,#2441,#2442);
#2440 = CARTESIAN_POINT('',(28.7,24.2,1.));
#2441 = DIRECTION('',(-0.,-0.,1.));
#2442 = DIRECTION('',(-1.,0.,0.));
#2443 = DEFINITIONAL_REPRESENTATION('',(#2444),#2452);
#2444 = ( BOUNDED_CURVE() B_SPLINE_CURVE(2,(#2445,#2446,#2447,#2448,
#2449,#2450,#2451),.UNSPECIFIED.,.T.,.F.) B_SPLINE_CURVE_WITH_KNOTS((1,2
    ,2,2,2,1),(-2.094395102393,0.,2.094395102393,4.188790204786,
6.28318530718,8.377580409573),.UNSPECIFIED.) CURVE() 
GEOMETRIC_REPRESENTATION_ITEM() RATIONAL_B_SPLINE_CURVE((1.,0.5,1.,0.5,
1.,0.5,1.)) REPRESENTATION_ITEM('') );
#2445 = CARTESIAN_POINT('',(-3.8,0.));
#2446 = CARTESIAN_POINT('',(-3.8,6.581793068762));
#2447 = CARTESIAN_POINT('',(1.9,3.290896534381));
#2448 = CARTESIAN_POINT('',(7.6,9.30731567352E-16));
#2449 = CARTESIAN_POINT('',(1.9,-3.290896534381));
#2450 = CARTESIAN_POINT('',(-3.8,-6.581793068762));
#2451 = CARTESIAN_POINT('',(-3.8,0.));
#2452 = ( GEOMETRIC_REPRESENTATION_CONTEXT(2) 
PARAMETRIC_REPRESENTATION_CONTEXT() REPRESENTATION_CONTEXT('2D SPACE',''
  ) );
#2453 = ORIENTED_EDGE('',*,*,#2400,.F.);
#2454 = ADVANCED_FACE('',(#2455),#2378,.F.);
#2455 = FACE_BOUND('',#2456,.T.);
#2456 = EDGE_LOOP('',(#2457));
#2457 = ORIENTED_EDGE('',*,*,#2363,.T.);
#2458 = ADVANCED_FACE('',(#2459,#2462),#2438,.T.);
#2459 = FACE_BOUND('',#2460,.F.);
#2460 = EDGE_LOOP('',(#2461));
#2461 = ORIENTED_EDGE('',*,*,#2423,.T.);
#2462 = FACE_BOUND('',#2463,.F.);
#2463 = EDGE_LOOP('',(#2464));
#2464 = ORIENTED_EDGE('',*,*,#2465,.F.);
#2465 = EDGE_CURVE('',#2466,#2466,#2468,.T.);
#2466 = VERTEX_POINT('',#2467);
#2467 = CARTESIAN_POINT('',(31.596463360721,24.2,1.));
#2468 = SURFACE_CURVE('',#2469,(#2474,#2485),.PCURVE_S1.);
#2469 = CIRCLE('',#2470,2.896463360721);
#2470 = AXIS2_PLACEMENT_3D('',#2471,#2472,#2473);
#2471 = CARTESIAN_POINT('',(28.7,24.2,1.));
#2472 = DIRECTION('',(0.,0.,-1.));
#2473 = DIRECTION('',(1.,-0.,-0.));
#2474 = PCURVE('',#2438,#2475);
#2475 = DEFINITIONAL_REPRESENTATION('',(#2476),#2484);
#2476 = ( BOUNDED_CURVE() B_SPLINE_CURVE(2,(#2477,#2478,#2479,#2480,
#2481,#2482,#2483),.UNSPECIFIED.,.T.,.F.) B_SPLINE_CURVE_WITH_KNOTS((1,2
    ,2,2,2,1),(-2.094395102393,0.,2.094395102393,4.188790204786,
6.28318530718,8.377580409573),.UNSPECIFIED.) CURVE() 
GEOMETRIC_REPRESENTATION_ITEM() RATIONAL_B_SPLINE_CURVE((1.,0.5,1.,0.5,
1.,0.5,1.)) REPRESENTATION_ITEM('') );
#2477 = CARTESIAN_POINT('',(-2.896463360721,0.));
#2478 = CARTESIAN_POINT('',(-2.896463360721,5.016821703031));
#2479 = CARTESIAN_POINT('',(1.448231680361,2.508410851515));
#2480 = CARTESIAN_POINT('',(5.792926721442,7.094289167109E-16));
#2481 = CARTESIAN_POINT('',(1.448231680361,-2.508410851515));
#2482 = CARTESIAN_POINT('',(-2.896463360721,-5.016821703031));
#2483 = CARTESIAN_POINT('',(-2.896463360721,0.));
#2484 = ( GEOMETRIC_REPRESENTATION_CONTEXT(2) 
PARAMETRIC_REPRESENTATION_CONTEXT() REPRESENTATION_CONTEXT('2D SPACE',''
  ) );
#2485 = PCURVE('',#2486,#2491);
#2486 = SPHERICAL_SURFACE('',#2487,12.16);
#2487 = AXIS2_PLACEMENT_3D('',#2488,#2489,#2490);
#2488 = CARTESIAN_POINT('',(28.7,24.2,12.81));
#2489 = DIRECTION('',(0.,0.,1.));
#2490 = DIRECTION('',(1.,0.,0.));
#2491 = DEFINITIONAL_REPRESENTATION('',(#2492),#2496);
#2492 = LINE('',#2493,#2494);
#2493 = CARTESIAN_POINT('',(-0.,-1.33028836321));
#2494 = VECTOR('',#2495,1.);
#2495 = DIRECTION('',(-1.,0.));
#2496 = ( GEOMETRIC_REPRESENTATION_CONTEXT(2) 
PARAMETRIC_REPRESENTATION_CONTEXT() REPRESENTATION_CONTEXT('2D SPACE',''
  ) );
#2497 = ADVANCED_FACE('',(#2498),#2486,.F.);
#2498 = FACE_BOUND('',#2499,.T.);
#2499 = EDGE_LOOP('',(#2500,#2501,#2525));
#2500 = ORIENTED_EDGE('',*,*,#2465,.F.);
#2501 = ORIENTED_EDGE('',*,*,#2502,.F.);
#2502 = EDGE_CURVE('',#2503,#2466,#2505,.T.);
#2503 = VERTEX_POINT('',#2504);
#2504 = CARTESIAN_POINT('',(28.7,24.2,0.65));
#2505 = SEAM_CURVE('',#2506,(#2511,#2518),.PCURVE_S1.);
#2506 = CIRCLE('',#2507,12.16);
#2507 = AXIS2_PLACEMENT_3D('',#2508,#2509,#2510);
#2508 = CARTESIAN_POINT('',(28.7,24.2,12.81));
#2509 = DIRECTION('',(2.449293598295E-16,-1.,0.));
#2510 = DIRECTION('',(1.,2.449293598295E-16,0.));
#2511 = PCURVE('',#2486,#2512);
#2512 = DEFINITIONAL_REPRESENTATION('',(#2513),#2517);
#2513 = LINE('',#2514,#2515);
#2514 = CARTESIAN_POINT('',(-6.28318530718,-6.28318530718));
#2515 = VECTOR('',#2516,1.);
#2516 = DIRECTION('',(-0.,1.));
#2517 = ( GEOMETRIC_REPRESENTATION_CONTEXT(2) 
PARAMETRIC_REPRESENTATION_CONTEXT() REPRESENTATION_CONTEXT('2D SPACE',''
  ) );
#2518 = PCURVE('',#2486,#2519);
#2519 = DEFINITIONAL_REPRESENTATION('',(#2520),#2524);
#2520 = LINE('',#2521,#2522);
#2521 = CARTESIAN_POINT('',(-0.,-6.28318530718));
#2522 = VECTOR('',#2523,1.);
#2523 = DIRECTION('',(-0.,1.));
#2524 = ( GEOMETRIC_REPRESENTATION_CONTEXT(2) 
PARAMETRIC_REPRESENTATION_CONTEXT() REPRESENTATION_CONTEXT('2D SPACE',''
  ) );
#2525 = ORIENTED_EDGE('',*,*,#2502,.T.);
#2526 = ( GEOMETRIC_REPRESENTATION_CONTEXT(3) 
GLOBAL_UNCERTAINTY_ASSIGNED_CONTEXT((#2530)) 
GLOBAL_UNIT_ASSIGNED_CONTEXT((#2527,#2528,#2529)) REPRESENTATION_CONTEXT
('Context #1','3D Context with UNIT and UNCERTAINTY') );
#2527 = ( LENGTH_UNIT() NAMED_UNIT(*) SI_UNIT(.MILLI.,.METRE.) );
#2528 = ( NAMED_UNIT(*) PLANE_ANGLE_UNIT() SI_UNIT($,.RADIAN.) );
#2529 = ( NAMED_UNIT(*) SI_UNIT($,.STERADIAN.) SOLID_ANGLE_UNIT() );
#2530 = UNCERTAINTY_MEASURE_WITH_UNIT(LENGTH_MEASURE(1.E-07),#2527,
  'distance_accuracy_value','confusion accuracy');
#2531 = CONTEXT_DEPENDENT_SHAPE_REPRESENTATION(#2532,#2534);
#2532 = ( REPRESENTATION_RELATIONSHIP('','',#1923,#10) 
REPRESENTATION_RELATIONSHIP_WITH_TRANSFORMATION(#2533) 
SHAPE_REPRESENTATION_RELATIONSHIP() );
#2533 = ITEM_DEFINED_TRANSFORMATION('','',#11,#27);
#2534 = PRODUCT_DEFINITION_SHAPE('Placement','Placement of an item',
  #2535);
#2535 = NEXT_ASSEMBLY_USAGE_OCCURRENCE('72','','',#5,#1918,$);
#2536 = PRODUCT_RELATED_PRODUCT_CATEGORY('part',$,(#1920));
#2537 = SHAPE_DEFINITION_REPRESENTATION(#2538,#2544);
#2538 = PRODUCT_DEFINITION_SHAPE('','',#2539);
#2539 = PRODUCT_DEFINITION('design','',#2540,#2543);
#2540 = PRODUCT_DEFINITION_FORMATION('','',#2541);
#2541 = PRODUCT('Open CASCADE STEP translator 7.9 17.5',
  'Open CASCADE STEP translator 7.9 17.5','',(#2542));
#2542 = PRODUCT_CONTEXT('',#2,'mechanical');
#2543 = PRODUCT_DEFINITION_CONTEXT('part definition',#2,'design');
#2544 = ADVANCED_BREP_SHAPE_REPRESENTATION('',(#11,#2545),#3147);
#2545 = MANIFOLD_SOLID_BREP('',#2546);
#2546 = CLOSED_SHELL('',(#2547,#2673,#2749,#2838,#2887,#2950,#2957,#3016
    ,#3075,#3079,#3118));
#2547 = ADVANCED_FACE('',(#2548),#2562,.T.);
#2548 = FACE_BOUND('',#2549,.F.);
#2549 = EDGE_LOOP('',(#2550,#2585,#2614,#2642));
#2550 = ORIENTED_EDGE('',*,*,#2551,.T.);
#2551 = EDGE_CURVE('',#2552,#2554,#2556,.T.);
#2552 = VERTEX_POINT('',#2553);
#2553 = CARTESIAN_POINT('',(63.639984567864,21.45,-2.5));
#2554 = VERTEX_POINT('',#2555);
#2555 = CARTESIAN_POINT('',(63.639984567864,21.45,-1.5));
#2556 = SURFACE_CURVE('',#2557,(#2561,#2573),.PCURVE_S1.);
#2557 = LINE('',#2558,#2559);
#2558 = CARTESIAN_POINT('',(63.639984567864,21.45,-1.5));
#2559 = VECTOR('',#2560,1.);
#2560 = DIRECTION('',(-0.,-0.,1.));
#2561 = PCURVE('',#2562,#2567);
#2562 = CYLINDRICAL_SURFACE('',#2563,6.6);
#2563 = AXIS2_PLACEMENT_3D('',#2564,#2565,#2566);
#2564 = CARTESIAN_POINT('',(60.4,27.2,-1.5));
#2565 = DIRECTION('',(-0.,-0.,1.));
#2566 = DIRECTION('',(1.,-0.,-0.));
#2567 = DEFINITIONAL_REPRESENTATION('',(#2568),#2572);
#2568 = LINE('',#2569,#2570);
#2569 = CARTESIAN_POINT('',(-7.340851391456,0.));
#2570 = VECTOR('',#2571,1.);
#2571 = DIRECTION('',(-0.,1.));
#2572 = ( GEOMETRIC_REPRESENTATION_CONTEXT(2) 
PARAMETRIC_REPRESENTATION_CONTEXT() REPRESENTATION_CONTEXT('2D SPACE',''
  ) );
#2573 = PCURVE('',#2574,#2579);
#2574 = PLANE('',#2575);
#2575 = AXIS2_PLACEMENT_3D('',#2576,#2577,#2578);
#2576 = CARTESIAN_POINT('',(47.2,21.45,-50.));
#2577 = DIRECTION('',(0.,-1.,0.));
#2578 = DIRECTION('',(0.,-0.,-1.));
#2579 = DEFINITIONAL_REPRESENTATION('',(#2580),#2584);
#2580 = LINE('',#2581,#2582);
#2581 = CARTESIAN_POINT('',(-48.5,16.439984567864));
#2582 = VECTOR('',#2583,1.);
#2583 = DIRECTION('',(-1.,0.));
#2584 = ( GEOMETRIC_REPRESENTATION_CONTEXT(2) 
PARAMETRIC_REPRESENTATION_CONTEXT() REPRESENTATION_CONTEXT('2D SPACE',''
  ) );
#2585 = ORIENTED_EDGE('',*,*,#2586,.T.);
#2586 = EDGE_CURVE('',#2554,#2587,#2589,.T.);
#2587 = VERTEX_POINT('',#2588);
#2588 = CARTESIAN_POINT('',(63.639984567864,32.95,-1.5));
#2589 = SURFACE_CURVE('',#2590,(#2595,#2602),.PCURVE_S1.);
#2590 = CIRCLE('',#2591,6.6);
#2591 = AXIS2_PLACEMENT_3D('',#2592,#2593,#2594);
#2592 = CARTESIAN_POINT('',(60.4,27.2,-1.5));
#2593 = DIRECTION('',(0.,0.,1.));
#2594 = DIRECTION('',(0.490906752707,-0.871212121212,-0.));
#2595 = PCURVE('',#2562,#2596);
#2596 = DEFINITIONAL_REPRESENTATION('',(#2597),#2601);
#2597 = LINE('',#2598,#2599);
#2598 = CARTESIAN_POINT('',(-7.340851391456,0.));
#2599 = VECTOR('',#2600,1.);
#2600 = DIRECTION('',(1.,-0.));
#2601 = ( GEOMETRIC_REPRESENTATION_CONTEXT(2) 
PARAMETRIC_REPRESENTATION_CONTEXT() REPRESENTATION_CONTEXT('2D SPACE',''
  ) );
#2602 = PCURVE('',#2603,#2608);
#2603 = PLANE('',#2604);
#2604 = AXIS2_PLACEMENT_3D('',#2605,#2606,#2607);
#2605 = CARTESIAN_POINT('',(60.4,27.2,-1.5));
#2606 = DIRECTION('',(-0.,-0.,1.));
#2607 = DIRECTION('',(-1.,0.,0.));
#2608 = DEFINITIONAL_REPRESENTATION('',(#2609),#2613);
#2609 = CIRCLE('',#2610,6.6);
#2610 = AXIS2_PLACEMENT_2D('',#2611,#2612);
#2611 = CARTESIAN_POINT('',(0.,0.));
#2612 = DIRECTION('',(-0.490906752707,0.871212121212));
#2613 = ( GEOMETRIC_REPRESENTATION_CONTEXT(2) 
PARAMETRIC_REPRESENTATION_CONTEXT() REPRESENTATION_CONTEXT('2D SPACE',''
  ) );
#2614 = ORIENTED_EDGE('',*,*,#2615,.F.);
#2615 = EDGE_CURVE('',#2616,#2587,#2618,.T.);
#2616 = VERTEX_POINT('',#2617);
#2617 = CARTESIAN_POINT('',(63.639984567864,32.95,-2.5));
#2618 = SURFACE_CURVE('',#2619,(#2623,#2630),.PCURVE_S1.);
#2619 = LINE('',#2620,#2621);
#2620 = CARTESIAN_POINT('',(63.639984567864,32.95,-1.5));
#2621 = VECTOR('',#2622,1.);
#2622 = DIRECTION('',(-0.,-0.,1.));
#2623 = PCURVE('',#2562,#2624);
#2624 = DEFINITIONAL_REPRESENTATION('',(#2625),#2629);
#2625 = LINE('',#2626,#2627);
#2626 = CARTESIAN_POINT('',(-5.225519222903,0.));
#2627 = VECTOR('',#2628,1.);
#2628 = DIRECTION('',(-0.,1.));
#2629 = ( GEOMETRIC_REPRESENTATION_CONTEXT(2) 
PARAMETRIC_REPRESENTATION_CONTEXT() REPRESENTATION_CONTEXT('2D SPACE',''
  ) );
#2630 = PCURVE('',#2631,#2636);
#2631 = PLANE('',#2632);
#2632 = AXIS2_PLACEMENT_3D('',#2633,#2634,#2635);
#2633 = CARTESIAN_POINT('',(47.2,32.95,-50.));
#2634 = DIRECTION('',(0.,-1.,0.));
#2635 = DIRECTION('',(0.,-0.,-1.));
#2636 = DEFINITIONAL_REPRESENTATION('',(#2637),#2641);
#2637 = LINE('',#2638,#2639);
#2638 = CARTESIAN_POINT('',(-48.5,16.439984567864));
#2639 = VECTOR('',#2640,1.);
#2640 = DIRECTION('',(-1.,0.));
#2641 = ( GEOMETRIC_REPRESENTATION_CONTEXT(2) 
PARAMETRIC_REPRESENTATION_CONTEXT() REPRESENTATION_CONTEXT('2D SPACE',''
  ) );
#2642 = ORIENTED_EDGE('',*,*,#2643,.T.);
#2643 = EDGE_CURVE('',#2616,#2552,#2644,.T.);
#2644 = SURFACE_CURVE('',#2645,(#2650,#2657),.PCURVE_S1.);
#2645 = CIRCLE('',#2646,6.6);
#2646 = AXIS2_PLACEMENT_3D('',#2647,#2648,#2649);
#2647 = CARTESIAN_POINT('',(60.4,27.2,-2.5));
#2648 = DIRECTION('',(0.,0.,-1.));
#2649 = DIRECTION('',(-0.490906752707,-0.871212121212,-0.));
#2650 = PCURVE('',#2562,#2651);
#2651 = DEFINITIONAL_REPRESENTATION('',(#2652),#2656);
#2652 = LINE('',#2653,#2654);
#2653 = CARTESIAN_POINT('',(-2.083926569313,-1.));
#2654 = VECTOR('',#2655,1.);
#2655 = DIRECTION('',(-1.,0.));
#2656 = ( GEOMETRIC_REPRESENTATION_CONTEXT(2) 
PARAMETRIC_REPRESENTATION_CONTEXT() REPRESENTATION_CONTEXT('2D SPACE',''
  ) );
#2657 = PCURVE('',#2658,#2663);
#2658 = PLANE('',#2659);
#2659 = AXIS2_PLACEMENT_3D('',#2660,#2661,#2662);
#2660 = CARTESIAN_POINT('',(60.4,27.2,-2.5));
#2661 = DIRECTION('',(-0.,-0.,1.));
#2662 = DIRECTION('',(-1.,0.,0.));
#2663 = DEFINITIONAL_REPRESENTATION('',(#2664),#2672);
#2664 = ( BOUNDED_CURVE() B_SPLINE_CURVE(2,(#2665,#2666,#2667,#2668,
#2669,#2670,#2671),.UNSPECIFIED.,.T.,.F.) B_SPLINE_CURVE_WITH_KNOTS((1,2
    ,2,2,2,1),(-2.094395102393,0.,2.094395102393,4.188790204786,
6.28318530718,8.377580409573),.UNSPECIFIED.) CURVE() 
GEOMETRIC_REPRESENTATION_ITEM() RATIONAL_B_SPLINE_CURVE((1.,0.5,1.,0.5,
1.,0.5,1.)) REPRESENTATION_ITEM('') );
#2665 = CARTESIAN_POINT('',(3.239984567864,5.75));
#2666 = CARTESIAN_POINT('',(13.199276711386,0.13818211272));
#2667 = CARTESIAN_POINT('',(3.359653787828,-5.68090894364));
#2668 = CARTESIAN_POINT('',(-6.479969135729,-11.5));
#2669 = CARTESIAN_POINT('',(-6.599638355693,-6.909105635982E-02));
#2670 = CARTESIAN_POINT('',(-6.719307575657,11.36181788728));
#2671 = CARTESIAN_POINT('',(3.239984567864,5.75));
#2672 = ( GEOMETRIC_REPRESENTATION_CONTEXT(2) 
PARAMETRIC_REPRESENTATION_CONTEXT() REPRESENTATION_CONTEXT('2D SPACE',''
  ) );
#2673 = ADVANCED_FACE('',(#2674),#2574,.T.);
#2674 = FACE_BOUND('',#2675,.F.);
#2675 = EDGE_LOOP('',(#2676,#2677,#2700,#2728));
#2676 = ORIENTED_EDGE('',*,*,#2551,.F.);
#2677 = ORIENTED_EDGE('',*,*,#2678,.T.);
#2678 = EDGE_CURVE('',#2552,#2679,#2681,.T.);
#2679 = VERTEX_POINT('',#2680);
#2680 = CARTESIAN_POINT('',(57.160015432136,21.45,-2.5));
#2681 = SURFACE_CURVE('',#2682,(#2686,#2693),.PCURVE_S1.);
#2682 = LINE('',#2683,#2684);
#2683 = CARTESIAN_POINT('',(53.8,21.45,-2.5));
#2684 = VECTOR('',#2685,1.);
#2685 = DIRECTION('',(-1.,-0.,-0.));
#2686 = PCURVE('',#2574,#2687);
#2687 = DEFINITIONAL_REPRESENTATION('',(#2688),#2692);
#2688 = LINE('',#2689,#2690);
#2689 = CARTESIAN_POINT('',(-47.5,6.6));
#2690 = VECTOR('',#2691,1.);
#2691 = DIRECTION('',(-0.,-1.));
#2692 = ( GEOMETRIC_REPRESENTATION_CONTEXT(2) 
PARAMETRIC_REPRESENTATION_CONTEXT() REPRESENTATION_CONTEXT('2D SPACE',''
  ) );
#2693 = PCURVE('',#2658,#2694);
#2694 = DEFINITIONAL_REPRESENTATION('',(#2695),#2699);
#2695 = LINE('',#2696,#2697);
#2696 = CARTESIAN_POINT('',(6.6,5.75));
#2697 = VECTOR('',#2698,1.);
#2698 = DIRECTION('',(1.,-0.));
#2699 = ( GEOMETRIC_REPRESENTATION_CONTEXT(2) 
PARAMETRIC_REPRESENTATION_CONTEXT() REPRESENTATION_CONTEXT('2D SPACE',''
  ) );
#2700 = ORIENTED_EDGE('',*,*,#2701,.T.);
#2701 = EDGE_CURVE('',#2679,#2702,#2704,.T.);
#2702 = VERTEX_POINT('',#2703);
#2703 = CARTESIAN_POINT('',(57.160015432136,21.45,-1.5));
#2704 = SURFACE_CURVE('',#2705,(#2709,#2716),.PCURVE_S1.);
#2705 = LINE('',#2706,#2707);
#2706 = CARTESIAN_POINT('',(57.160015432136,21.45,-1.5));
#2707 = VECTOR('',#2708,1.);
#2708 = DIRECTION('',(-0.,-0.,1.));
#2709 = PCURVE('',#2574,#2710);
#2710 = DEFINITIONAL_REPRESENTATION('',(#2711),#2715);
#2711 = LINE('',#2712,#2713);
#2712 = CARTESIAN_POINT('',(-48.5,9.960015432136));
#2713 = VECTOR('',#2714,1.);
#2714 = DIRECTION('',(-1.,0.));
#2715 = ( GEOMETRIC_REPRESENTATION_CONTEXT(2) 
PARAMETRIC_REPRESENTATION_CONTEXT() REPRESENTATION_CONTEXT('2D SPACE',''
  ) );
#2716 = PCURVE('',#2717,#2722);
#2717 = CYLINDRICAL_SURFACE('',#2718,6.6);
#2718 = AXIS2_PLACEMENT_3D('',#2719,#2720,#2721);
#2719 = CARTESIAN_POINT('',(60.4,27.2,-1.5));
#2720 = DIRECTION('',(-0.,-0.,1.));
#2721 = DIRECTION('',(1.,-0.,-0.));
#2722 = DEFINITIONAL_REPRESENTATION('',(#2723),#2727);
#2723 = LINE('',#2724,#2725);
#2724 = CARTESIAN_POINT('',(-2.083926569313,0.));
#2725 = VECTOR('',#2726,1.);
#2726 = DIRECTION('',(-0.,1.));
#2727 = ( GEOMETRIC_REPRESENTATION_CONTEXT(2) 
PARAMETRIC_REPRESENTATION_CONTEXT() REPRESENTATION_CONTEXT('2D SPACE',''
  ) );
#2728 = ORIENTED_EDGE('',*,*,#2729,.F.);
#2729 = EDGE_CURVE('',#2554,#2702,#2730,.T.);
#2730 = SURFACE_CURVE('',#2731,(#2735,#2742),.PCURVE_S1.);
#2731 = LINE('',#2732,#2733);
#2732 = CARTESIAN_POINT('',(53.8,21.45,-1.5));
#2733 = VECTOR('',#2734,1.);
#2734 = DIRECTION('',(-1.,-0.,-0.));
#2735 = PCURVE('',#2574,#2736);
#2736 = DEFINITIONAL_REPRESENTATION('',(#2737),#2741);
#2737 = LINE('',#2738,#2739);
#2738 = CARTESIAN_POINT('',(-48.5,6.6));
#2739 = VECTOR('',#2740,1.);
#2740 = DIRECTION('',(-0.,-1.));
#2741 = ( GEOMETRIC_REPRESENTATION_CONTEXT(2) 
PARAMETRIC_REPRESENTATION_CONTEXT() REPRESENTATION_CONTEXT('2D SPACE',''
  ) );
#2742 = PCURVE('',#2603,#2743);
#2743 = DEFINITIONAL_REPRESENTATION('',(#2744),#2748);
#2744 = LINE('',#2745,#2746);
#2745 = CARTESIAN_POINT('',(6.6,5.75));
#2746 = VECTOR('',#2747,1.);
#2747 = DIRECTION('',(1.,-0.));
#2748 = ( GEOMETRIC_REPRESENTATION_CONTEXT(2) 
PARAMETRIC_REPRESENTATION_CONTEXT() REPRESENTATION_CONTEXT('2D SPACE',''
  ) );
#2749 = ADVANCED_FACE('',(#2750,#2803),#2658,.F.);
#2750 = FACE_BOUND('',#2751,.T.);
#2751 = EDGE_LOOP('',(#2752,#2753,#2781,#2802));
#2752 = ORIENTED_EDGE('',*,*,#2678,.T.);
#2753 = ORIENTED_EDGE('',*,*,#2754,.T.);
#2754 = EDGE_CURVE('',#2679,#2755,#2757,.T.);
#2755 = VERTEX_POINT('',#2756);
#2756 = CARTESIAN_POINT('',(57.160015432136,32.95,-2.5));
#2757 = SURFACE_CURVE('',#2758,(#2763,#2774),.PCURVE_S1.);
#2758 = CIRCLE('',#2759,6.6);
#2759 = AXIS2_PLACEMENT_3D('',#2760,#2761,#2762);
#2760 = CARTESIAN_POINT('',(60.4,27.2,-2.5));
#2761 = DIRECTION('',(0.,0.,-1.));
#2762 = DIRECTION('',(-0.490906752707,-0.871212121212,-0.));
#2763 = PCURVE('',#2658,#2764);
#2764 = DEFINITIONAL_REPRESENTATION('',(#2765),#2773);
#2765 = ( BOUNDED_CURVE() B_SPLINE_CURVE(2,(#2766,#2767,#2768,#2769,
#2770,#2771,#2772),.UNSPECIFIED.,.T.,.F.) B_SPLINE_CURVE_WITH_KNOTS((1,2
    ,2,2,2,1),(-2.094395102393,0.,2.094395102393,4.188790204786,
6.28318530718,8.377580409573),.UNSPECIFIED.) CURVE() 
GEOMETRIC_REPRESENTATION_ITEM() RATIONAL_B_SPLINE_CURVE((1.,0.5,1.,0.5,
1.,0.5,1.)) REPRESENTATION_ITEM('') );
#2766 = CARTESIAN_POINT('',(3.239984567864,5.75));
#2767 = CARTESIAN_POINT('',(13.199276711386,0.13818211272));
#2768 = CARTESIAN_POINT('',(3.359653787828,-5.68090894364));
#2769 = CARTESIAN_POINT('',(-6.479969135729,-11.5));
#2770 = CARTESIAN_POINT('',(-6.599638355693,-6.909105635982E-02));
#2771 = CARTESIAN_POINT('',(-6.719307575657,11.36181788728));
#2772 = CARTESIAN_POINT('',(3.239984567864,5.75));
#2773 = ( GEOMETRIC_REPRESENTATION_CONTEXT(2) 
PARAMETRIC_REPRESENTATION_CONTEXT() REPRESENTATION_CONTEXT('2D SPACE',''
  ) );
#2774 = PCURVE('',#2717,#2775);
#2775 = DEFINITIONAL_REPRESENTATION('',(#2776),#2780);
#2776 = LINE('',#2777,#2778);
#2777 = CARTESIAN_POINT('',(-2.083926569313,-1.));
#2778 = VECTOR('',#2779,1.);
#2779 = DIRECTION('',(-1.,0.));
#2780 = ( GEOMETRIC_REPRESENTATION_CONTEXT(2) 
PARAMETRIC_REPRESENTATION_CONTEXT() REPRESENTATION_CONTEXT('2D SPACE',''
  ) );
#2781 = ORIENTED_EDGE('',*,*,#2782,.F.);
#2782 = EDGE_CURVE('',#2616,#2755,#2783,.T.);
#2783 = SURFACE_CURVE('',#2784,(#2788,#2795),.PCURVE_S1.);
#2784 = LINE('',#2785,#2786);
#2785 = CARTESIAN_POINT('',(53.8,32.95,-2.5));
#2786 = VECTOR('',#2787,1.);
#2787 = DIRECTION('',(-1.,-0.,-0.));
#2788 = PCURVE('',#2658,#2789);
#2789 = DEFINITIONAL_REPRESENTATION('',(#2790),#2794);
#2790 = LINE('',#2791,#2792);
#2791 = CARTESIAN_POINT('',(6.6,-5.75));
#2792 = VECTOR('',#2793,1.);
#2793 = DIRECTION('',(1.,-0.));
#2794 = ( GEOMETRIC_REPRESENTATION_CONTEXT(2) 
PARAMETRIC_REPRESENTATION_CONTEXT() REPRESENTATION_CONTEXT('2D SPACE',''
  ) );
#2795 = PCURVE('',#2631,#2796);
#2796 = DEFINITIONAL_REPRESENTATION('',(#2797),#2801);
#2797 = LINE('',#2798,#2799);
#2798 = CARTESIAN_POINT('',(-47.5,6.6));
#2799 = VECTOR('',#2800,1.);
#2800 = DIRECTION('',(-0.,-1.));
#2801 = ( GEOMETRIC_REPRESENTATION_CONTEXT(2) 
PARAMETRIC_REPRESENTATION_CONTEXT() REPRESENTATION_CONTEXT('2D SPACE',''
  ) );
#2802 = ORIENTED_EDGE('',*,*,#2643,.T.);
#2803 = FACE_BOUND('',#2804,.T.);
#2804 = EDGE_LOOP('',(#2805));
#2805 = ORIENTED_EDGE('',*,*,#2806,.F.);
#2806 = EDGE_CURVE('',#2807,#2807,#2809,.T.);
#2807 = VERTEX_POINT('',#2808);
#2808 = CARTESIAN_POINT('',(61.9,27.2,-2.5));
#2809 = SURFACE_CURVE('',#2810,(#2815,#2826),.PCURVE_S1.);
#2810 = CIRCLE('',#2811,1.5);
#2811 = AXIS2_PLACEMENT_3D('',#2812,#2813,#2814);
#2812 = CARTESIAN_POINT('',(60.4,27.2,-2.5));
#2813 = DIRECTION('',(0.,0.,-1.));
#2814 = DIRECTION('',(1.,-0.,-0.));
#2815 = PCURVE('',#2658,#2816);
#2816 = DEFINITIONAL_REPRESENTATION('',(#2817),#2825);
#2817 = ( BOUNDED_CURVE() B_SPLINE_CURVE(2,(#2818,#2819,#2820,#2821,
#2822,#2823,#2824),.UNSPECIFIED.,.T.,.F.) B_SPLINE_CURVE_WITH_KNOTS((1,2
    ,2,2,2,1),(-2.094395102393,0.,2.094395102393,4.188790204786,
6.28318530718,8.377580409573),.UNSPECIFIED.) CURVE() 
GEOMETRIC_REPRESENTATION_ITEM() RATIONAL_B_SPLINE_CURVE((1.,0.5,1.,0.5,
1.,0.5,1.)) REPRESENTATION_ITEM('') );
#2818 = CARTESIAN_POINT('',(-1.5,0.));
#2819 = CARTESIAN_POINT('',(-1.5,2.598076211353));
#2820 = CARTESIAN_POINT('',(0.75,1.299038105677));
#2821 = CARTESIAN_POINT('',(3.,3.673940397442E-16));
#2822 = CARTESIAN_POINT('',(0.75,-1.299038105677));
#2823 = CARTESIAN_POINT('',(-1.5,-2.598076211353));
#2824 = CARTESIAN_POINT('',(-1.5,0.));
#2825 = ( GEOMETRIC_REPRESENTATION_CONTEXT(2) 
PARAMETRIC_REPRESENTATION_CONTEXT() REPRESENTATION_CONTEXT('2D SPACE',''
  ) );
#2826 = PCURVE('',#2827,#2832);
#2827 = CYLINDRICAL_SURFACE('',#2828,1.5);
#2828 = AXIS2_PLACEMENT_3D('',#2829,#2830,#2831);
#2829 = CARTESIAN_POINT('',(60.4,27.2,-2.5));
#2830 = DIRECTION('',(-0.,-0.,1.));
#2831 = DIRECTION('',(1.,-0.,-0.));
#2832 = DEFINITIONAL_REPRESENTATION('',(#2833),#2837);
#2833 = LINE('',#2834,#2835);
#2834 = CARTESIAN_POINT('',(-0.,0.));
#2835 = VECTOR('',#2836,1.);
#2836 = DIRECTION('',(-1.,0.));
#2837 = ( GEOMETRIC_REPRESENTATION_CONTEXT(2) 
PARAMETRIC_REPRESENTATION_CONTEXT() REPRESENTATION_CONTEXT('2D SPACE',''
  ) );
#2838 = ADVANCED_FACE('',(#2839),#2631,.F.);
#2839 = FACE_BOUND('',#2840,.T.);
#2840 = EDGE_LOOP('',(#2841,#2842,#2843,#2866));
#2841 = ORIENTED_EDGE('',*,*,#2615,.F.);
#2842 = ORIENTED_EDGE('',*,*,#2782,.T.);
#2843 = ORIENTED_EDGE('',*,*,#2844,.T.);
#2844 = EDGE_CURVE('',#2755,#2845,#2847,.T.);
#2845 = VERTEX_POINT('',#2846);
#2846 = CARTESIAN_POINT('',(57.160015432136,32.95,-1.5));
#2847 = SURFACE_CURVE('',#2848,(#2852,#2859),.PCURVE_S1.);
#2848 = LINE('',#2849,#2850);
#2849 = CARTESIAN_POINT('',(57.160015432136,32.95,-1.5));
#2850 = VECTOR('',#2851,1.);
#2851 = DIRECTION('',(-0.,-0.,1.));
#2852 = PCURVE('',#2631,#2853);
#2853 = DEFINITIONAL_REPRESENTATION('',(#2854),#2858);
#2854 = LINE('',#2855,#2856);
#2855 = CARTESIAN_POINT('',(-48.5,9.960015432136));
#2856 = VECTOR('',#2857,1.);
#2857 = DIRECTION('',(-1.,0.));
#2858 = ( GEOMETRIC_REPRESENTATION_CONTEXT(2) 
PARAMETRIC_REPRESENTATION_CONTEXT() REPRESENTATION_CONTEXT('2D SPACE',''
  ) );
#2859 = PCURVE('',#2717,#2860);
#2860 = DEFINITIONAL_REPRESENTATION('',(#2861),#2865);
#2861 = LINE('',#2862,#2863);
#2862 = CARTESIAN_POINT('',(-4.199258737866,0.));
#2863 = VECTOR('',#2864,1.);
#2864 = DIRECTION('',(-0.,1.));
#2865 = ( GEOMETRIC_REPRESENTATION_CONTEXT(2) 
PARAMETRIC_REPRESENTATION_CONTEXT() REPRESENTATION_CONTEXT('2D SPACE',''
  ) );
#2866 = ORIENTED_EDGE('',*,*,#2867,.F.);
#2867 = EDGE_CURVE('',#2587,#2845,#2868,.T.);
#2868 = SURFACE_CURVE('',#2869,(#2873,#2880),.PCURVE_S1.);
#2869 = LINE('',#2870,#2871);
#2870 = CARTESIAN_POINT('',(53.8,32.95,-1.5));
#2871 = VECTOR('',#2872,1.);
#2872 = DIRECTION('',(-1.,-0.,-0.));
#2873 = PCURVE('',#2631,#2874);
#2874 = DEFINITIONAL_REPRESENTATION('',(#2875),#2879);
#2875 = LINE('',#2876,#2877);
#2876 = CARTESIAN_POINT('',(-48.5,6.6));
#2877 = VECTOR('',#2878,1.);
#2878 = DIRECTION('',(-0.,-1.));
#2879 = ( GEOMETRIC_REPRESENTATION_CONTEXT(2) 
PARAMETRIC_REPRESENTATION_CONTEXT() REPRESENTATION_CONTEXT('2D SPACE',''
  ) );
#2880 = PCURVE('',#2603,#2881);
#2881 = DEFINITIONAL_REPRESENTATION('',(#2882),#2886);
#2882 = LINE('',#2883,#2884);
#2883 = CARTESIAN_POINT('',(6.6,-5.75));
#2884 = VECTOR('',#2885,1.);
#2885 = DIRECTION('',(1.,-0.));
#2886 = ( GEOMETRIC_REPRESENTATION_CONTEXT(2) 
PARAMETRIC_REPRESENTATION_CONTEXT() REPRESENTATION_CONTEXT('2D SPACE',''
  ) );
#2887 = ADVANCED_FACE('',(#2888,#2915),#2603,.T.);
#2888 = FACE_BOUND('',#2889,.F.);
#2889 = EDGE_LOOP('',(#2890,#2891,#2892,#2914));
#2890 = ORIENTED_EDGE('',*,*,#2586,.F.);
#2891 = ORIENTED_EDGE('',*,*,#2729,.T.);
#2892 = ORIENTED_EDGE('',*,*,#2893,.F.);
#2893 = EDGE_CURVE('',#2845,#2702,#2894,.T.);
#2894 = SURFACE_CURVE('',#2895,(#2900,#2907),.PCURVE_S1.);
#2895 = CIRCLE('',#2896,6.6);
#2896 = AXIS2_PLACEMENT_3D('',#2897,#2898,#2899);
#2897 = CARTESIAN_POINT('',(60.4,27.2,-1.5));
#2898 = DIRECTION('',(0.,0.,1.));
#2899 = DIRECTION('',(0.490906752707,-0.871212121212,-0.));
#2900 = PCURVE('',#2603,#2901);
#2901 = DEFINITIONAL_REPRESENTATION('',(#2902),#2906);
#2902 = CIRCLE('',#2903,6.6);
#2903 = AXIS2_PLACEMENT_2D('',#2904,#2905);
#2904 = CARTESIAN_POINT('',(0.,0.));
#2905 = DIRECTION('',(-0.490906752707,0.871212121212));
#2906 = ( GEOMETRIC_REPRESENTATION_CONTEXT(2) 
PARAMETRIC_REPRESENTATION_CONTEXT() REPRESENTATION_CONTEXT('2D SPACE',''
  ) );
#2907 = PCURVE('',#2717,#2908);
#2908 = DEFINITIONAL_REPRESENTATION('',(#2909),#2913);
#2909 = LINE('',#2910,#2911);
#2910 = CARTESIAN_POINT('',(-7.340851391456,0.));
#2911 = VECTOR('',#2912,1.);
#2912 = DIRECTION('',(1.,-0.));
#2913 = ( GEOMETRIC_REPRESENTATION_CONTEXT(2) 
PARAMETRIC_REPRESENTATION_CONTEXT() REPRESENTATION_CONTEXT('2D SPACE',''
  ) );
#2914 = ORIENTED_EDGE('',*,*,#2867,.F.);
#2915 = FACE_BOUND('',#2916,.F.);
#2916 = EDGE_LOOP('',(#2917));
#2917 = ORIENTED_EDGE('',*,*,#2918,.F.);
#2918 = EDGE_CURVE('',#2919,#2919,#2921,.T.);
#2919 = VERTEX_POINT('',#2920);
#2920 = CARTESIAN_POINT('',(65.7,27.2,-1.5));
#2921 = SURFACE_CURVE('',#2922,(#2927,#2938),.PCURVE_S1.);
#2922 = CIRCLE('',#2923,5.3);
#2923 = AXIS2_PLACEMENT_3D('',#2924,#2925,#2926);
#2924 = CARTESIAN_POINT('',(60.4,27.2,-1.5));
#2925 = DIRECTION('',(0.,0.,-1.));
#2926 = DIRECTION('',(1.,-0.,-0.));
#2927 = PCURVE('',#2603,#2928);
#2928 = DEFINITIONAL_REPRESENTATION('',(#2929),#2937);
#2929 = ( BOUNDED_CURVE() B_SPLINE_CURVE(2,(#2930,#2931,#2932,#2933,
#2934,#2935,#2936),.UNSPECIFIED.,.T.,.F.) B_SPLINE_CURVE_WITH_KNOTS((1,2
    ,2,2,2,1),(-2.094395102393,0.,2.094395102393,4.188790204786,
6.28318530718,8.377580409573),.UNSPECIFIED.) CURVE() 
GEOMETRIC_REPRESENTATION_ITEM() RATIONAL_B_SPLINE_CURVE((1.,0.5,1.,0.5,
1.,0.5,1.)) REPRESENTATION_ITEM('') );
#2930 = CARTESIAN_POINT('',(-5.3,0.));
#2931 = CARTESIAN_POINT('',(-5.3,9.179869280115));
#2932 = CARTESIAN_POINT('',(2.65,4.589934640058));
#2933 = CARTESIAN_POINT('',(10.6,1.298125607096E-15));
#2934 = CARTESIAN_POINT('',(2.65,-4.589934640058));
#2935 = CARTESIAN_POINT('',(-5.3,-9.179869280115));
#2936 = CARTESIAN_POINT('',(-5.3,0.));
#2937 = ( GEOMETRIC_REPRESENTATION_CONTEXT(2) 
PARAMETRIC_REPRESENTATION_CONTEXT() REPRESENTATION_CONTEXT('2D SPACE',''
  ) );
#2938 = PCURVE('',#2939,#2944);
#2939 = CYLINDRICAL_SURFACE('',#2940,5.3);
#2940 = AXIS2_PLACEMENT_3D('',#2941,#2942,#2943);
#2941 = CARTESIAN_POINT('',(60.4,27.2,0.));
#2942 = DIRECTION('',(-0.,-0.,1.));
#2943 = DIRECTION('',(1.,-0.,-0.));
#2944 = DEFINITIONAL_REPRESENTATION('',(#2945),#2949);
#2945 = LINE('',#2946,#2947);
#2946 = CARTESIAN_POINT('',(-0.,-1.5));
#2947 = VECTOR('',#2948,1.);
#2948 = DIRECTION('',(-1.,0.));
#2949 = ( GEOMETRIC_REPRESENTATION_CONTEXT(2) 
PARAMETRIC_REPRESENTATION_CONTEXT() REPRESENTATION_CONTEXT('2D SPACE',''
  ) );
#2950 = ADVANCED_FACE('',(#2951),#2717,.T.);
#2951 = FACE_BOUND('',#2952,.F.);
#2952 = EDGE_LOOP('',(#2953,#2954,#2955,#2956));
#2953 = ORIENTED_EDGE('',*,*,#2844,.T.);
#2954 = ORIENTED_EDGE('',*,*,#2893,.T.);
#2955 = ORIENTED_EDGE('',*,*,#2701,.F.);
#2956 = ORIENTED_EDGE('',*,*,#2754,.T.);
#2957 = ADVANCED_FACE('',(#2958),#2827,.T.);
#2958 = FACE_BOUND('',#2959,.F.);
#2959 = EDGE_LOOP('',(#2960,#2983,#3014,#3015));
#2960 = ORIENTED_EDGE('',*,*,#2961,.T.);
#2961 = EDGE_CURVE('',#2807,#2962,#2964,.T.);
#2962 = VERTEX_POINT('',#2963);
#2963 = CARTESIAN_POINT('',(61.9,27.2,-3.));
#2964 = SEAM_CURVE('',#2965,(#2969,#2976),.PCURVE_S1.);
#2965 = LINE('',#2966,#2967);
#2966 = CARTESIAN_POINT('',(61.9,27.2,-2.5));
#2967 = VECTOR('',#2968,1.);
#2968 = DIRECTION('',(-0.,0.,-1.));
#2969 = PCURVE('',#2827,#2970);
#2970 = DEFINITIONAL_REPRESENTATION('',(#2971),#2975);
#2971 = LINE('',#2972,#2973);
#2972 = CARTESIAN_POINT('',(-0.,0.));
#2973 = VECTOR('',#2974,1.);
#2974 = DIRECTION('',(-0.,-1.));
#2975 = ( GEOMETRIC_REPRESENTATION_CONTEXT(2) 
PARAMETRIC_REPRESENTATION_CONTEXT() REPRESENTATION_CONTEXT('2D SPACE',''
  ) );
#2976 = PCURVE('',#2827,#2977);
#2977 = DEFINITIONAL_REPRESENTATION('',(#2978),#2982);
#2978 = LINE('',#2979,#2980);
#2979 = CARTESIAN_POINT('',(-6.28318530718,0.));
#2980 = VECTOR('',#2981,1.);
#2981 = DIRECTION('',(-0.,-1.));
#2982 = ( GEOMETRIC_REPRESENTATION_CONTEXT(2) 
PARAMETRIC_REPRESENTATION_CONTEXT() REPRESENTATION_CONTEXT('2D SPACE',''
  ) );
#2983 = ORIENTED_EDGE('',*,*,#2984,.T.);
#2984 = EDGE_CURVE('',#2962,#2962,#2985,.T.);
#2985 = SURFACE_CURVE('',#2986,(#2991,#2998),.PCURVE_S1.);
#2986 = CIRCLE('',#2987,1.5);
#2987 = AXIS2_PLACEMENT_3D('',#2988,#2989,#2990);
#2988 = CARTESIAN_POINT('',(60.4,27.2,-3.));
#2989 = DIRECTION('',(0.,0.,-1.));
#2990 = DIRECTION('',(1.,-0.,-0.));
#2991 = PCURVE('',#2827,#2992);
#2992 = DEFINITIONAL_REPRESENTATION('',(#2993),#2997);
#2993 = LINE('',#2994,#2995);
#2994 = CARTESIAN_POINT('',(-0.,-0.5));
#2995 = VECTOR('',#2996,1.);
#2996 = DIRECTION('',(-1.,0.));
#2997 = ( GEOMETRIC_REPRESENTATION_CONTEXT(2) 
PARAMETRIC_REPRESENTATION_CONTEXT() REPRESENTATION_CONTEXT('2D SPACE',''
  ) );
#2998 = PCURVE('',#2999,#3004);
#2999 = PLANE('',#3000);
#3000 = AXIS2_PLACEMENT_3D('',#3001,#3002,#3003);
#3001 = CARTESIAN_POINT('',(60.4,27.2,-3.));
#3002 = DIRECTION('',(-0.,-0.,1.));
#3003 = DIRECTION('',(-1.,0.,0.));
#3004 = DEFINITIONAL_REPRESENTATION('',(#3005),#3013);
#3005 = ( BOUNDED_CURVE() B_SPLINE_CURVE(2,(#3006,#3007,#3008,#3009,
#3010,#3011,#3012),.UNSPECIFIED.,.T.,.F.) B_SPLINE_CURVE_WITH_KNOTS((1,2
    ,2,2,2,1),(-2.094395102393,0.,2.094395102393,4.188790204786,
6.28318530718,8.377580409573),.UNSPECIFIED.) CURVE() 
GEOMETRIC_REPRESENTATION_ITEM() RATIONAL_B_SPLINE_CURVE((1.,0.5,1.,0.5,
1.,0.5,1.)) REPRESENTATION_ITEM('') );
#3006 = CARTESIAN_POINT('',(-1.5,0.));
#3007 = CARTESIAN_POINT('',(-1.5,2.598076211353));
#3008 = CARTESIAN_POINT('',(0.75,1.299038105677));
#3009 = CARTESIAN_POINT('',(3.,3.673940397442E-16));
#3010 = CARTESIAN_POINT('',(0.75,-1.299038105677));
#3011 = CARTESIAN_POINT('',(-1.5,-2.598076211353));
#3012 = CARTESIAN_POINT('',(-1.5,0.));
#3013 = ( GEOMETRIC_REPRESENTATION_CONTEXT(2) 
PARAMETRIC_REPRESENTATION_CONTEXT() REPRESENTATION_CONTEXT('2D SPACE',''
  ) );
#3014 = ORIENTED_EDGE('',*,*,#2961,.F.);
#3015 = ORIENTED_EDGE('',*,*,#2806,.F.);
#3016 = ADVANCED_FACE('',(#3017),#2939,.T.);
#3017 = FACE_BOUND('',#3018,.F.);
#3018 = EDGE_LOOP('',(#3019,#3020,#3043,#3074));
#3019 = ORIENTED_EDGE('',*,*,#2918,.T.);
#3020 = ORIENTED_EDGE('',*,*,#3021,.T.);
#3021 = EDGE_CURVE('',#2919,#3022,#3024,.T.);
#3022 = VERTEX_POINT('',#3023);
#3023 = CARTESIAN_POINT('',(65.7,27.2,1.));
#3024 = SEAM_CURVE('',#3025,(#3029,#3036),.PCURVE_S1.);
#3025 = LINE('',#3026,#3027);
#3026 = CARTESIAN_POINT('',(65.7,27.2,-1.5));
#3027 = VECTOR('',#3028,1.);
#3028 = DIRECTION('',(-0.,-0.,1.));
#3029 = PCURVE('',#2939,#3030);
#3030 = DEFINITIONAL_REPRESENTATION('',(#3031),#3035);
#3031 = LINE('',#3032,#3033);
#3032 = CARTESIAN_POINT('',(-6.28318530718,-1.5));
#3033 = VECTOR('',#3034,1.);
#3034 = DIRECTION('',(0.,1.));
#3035 = ( GEOMETRIC_REPRESENTATION_CONTEXT(2) 
PARAMETRIC_REPRESENTATION_CONTEXT() REPRESENTATION_CONTEXT('2D SPACE',''
  ) );
#3036 = PCURVE('',#2939,#3037);
#3037 = DEFINITIONAL_REPRESENTATION('',(#3038),#3042);
#3038 = LINE('',#3039,#3040);
#3039 = CARTESIAN_POINT('',(-0.,-1.5));
#3040 = VECTOR('',#3041,1.);
#3041 = DIRECTION('',(0.,1.));
#3042 = ( GEOMETRIC_REPRESENTATION_CONTEXT(2) 
PARAMETRIC_REPRESENTATION_CONTEXT() REPRESENTATION_CONTEXT('2D SPACE',''
  ) );
#3043 = ORIENTED_EDGE('',*,*,#3044,.F.);
#3044 = EDGE_CURVE('',#3022,#3022,#3045,.T.);
#3045 = SURFACE_CURVE('',#3046,(#3051,#3058),.PCURVE_S1.);
#3046 = CIRCLE('',#3047,5.3);
#3047 = AXIS2_PLACEMENT_3D('',#3048,#3049,#3050);
#3048 = CARTESIAN_POINT('',(60.4,27.2,1.));
#3049 = DIRECTION('',(0.,0.,-1.));
#3050 = DIRECTION('',(1.,-0.,-0.));
#3051 = PCURVE('',#2939,#3052);
#3052 = DEFINITIONAL_REPRESENTATION('',(#3053),#3057);
#3053 = LINE('',#3054,#3055);
#3054 = CARTESIAN_POINT('',(0.,1.));
#3055 = VECTOR('',#3056,1.);
#3056 = DIRECTION('',(-1.,-0.));
#3057 = ( GEOMETRIC_REPRESENTATION_CONTEXT(2) 
PARAMETRIC_REPRESENTATION_CONTEXT() REPRESENTATION_CONTEXT('2D SPACE',''
  ) );
#3058 = PCURVE('',#3059,#3064);
#3059 = PLANE('',#3060);
#3060 = AXIS2_PLACEMENT_3D('',#3061,#3062,#3063);
#3061 = CARTESIAN_POINT('',(60.4,27.2,1.));
#3062 = DIRECTION('',(-0.,-0.,1.));
#3063 = DIRECTION('',(-1.,0.,0.));
#3064 = DEFINITIONAL_REPRESENTATION('',(#3065),#3073);
#3065 = ( BOUNDED_CURVE() B_SPLINE_CURVE(2,(#3066,#3067,#3068,#3069,
#3070,#3071,#3072),.UNSPECIFIED.,.T.,.F.) B_SPLINE_CURVE_WITH_KNOTS((1,2
    ,2,2,2,1),(-2.094395102393,0.,2.094395102393,4.188790204786,
6.28318530718,8.377580409573),.UNSPECIFIED.) CURVE() 
GEOMETRIC_REPRESENTATION_ITEM() RATIONAL_B_SPLINE_CURVE((1.,0.5,1.,0.5,
1.,0.5,1.)) REPRESENTATION_ITEM('') );
#3066 = CARTESIAN_POINT('',(-5.3,0.));
#3067 = CARTESIAN_POINT('',(-5.3,9.179869280115));
#3068 = CARTESIAN_POINT('',(2.65,4.589934640058));
#3069 = CARTESIAN_POINT('',(10.6,1.298125607096E-15));
#3070 = CARTESIAN_POINT('',(2.65,-4.589934640058));
#3071 = CARTESIAN_POINT('',(-5.3,-9.179869280115));
#3072 = CARTESIAN_POINT('',(-5.3,0.));
#3073 = ( GEOMETRIC_REPRESENTATION_CONTEXT(2) 
PARAMETRIC_REPRESENTATION_CONTEXT() REPRESENTATION_CONTEXT('2D SPACE',''
  ) );
#3074 = ORIENTED_EDGE('',*,*,#3021,.F.);
#3075 = ADVANCED_FACE('',(#3076),#2999,.F.);
#3076 = FACE_BOUND('',#3077,.T.);
#3077 = EDGE_LOOP('',(#3078));
#3078 = ORIENTED_EDGE('',*,*,#2984,.T.);
#3079 = ADVANCED_FACE('',(#3080,#3083),#3059,.T.);
#3080 = FACE_BOUND('',#3081,.F.);
#3081 = EDGE_LOOP('',(#3082));
#3082 = ORIENTED_EDGE('',*,*,#3044,.T.);
#3083 = FACE_BOUND('',#3084,.F.);
#3084 = EDGE_LOOP('',(#3085));
#3085 = ORIENTED_EDGE('',*,*,#3086,.F.);
#3086 = EDGE_CURVE('',#3087,#3087,#3089,.T.);
#3087 = VERTEX_POINT('',#3088);
#3088 = CARTESIAN_POINT('',(63.827754366929,27.2,1.));
#3089 = SURFACE_CURVE('',#3090,(#3095,#3106),.PCURVE_S1.);
#3090 = CIRCLE('',#3091,3.427754366929);
#3091 = AXIS2_PLACEMENT_3D('',#3092,#3093,#3094);
#3092 = CARTESIAN_POINT('',(60.4,27.2,1.));
#3093 = DIRECTION('',(0.,0.,-1.));
#3094 = DIRECTION('',(1.,-0.,-0.));
#3095 = PCURVE('',#3059,#3096);
#3096 = DEFINITIONAL_REPRESENTATION('',(#3097),#3105);
#3097 = ( BOUNDED_CURVE() B_SPLINE_CURVE(2,(#3098,#3099,#3100,#3101,
#3102,#3103,#3104),.UNSPECIFIED.,.T.,.F.) B_SPLINE_CURVE_WITH_KNOTS((1,2
    ,2,2,2,1),(-2.094395102393,0.,2.094395102393,4.188790204786,
6.28318530718,8.377580409573),.UNSPECIFIED.) CURVE() 
GEOMETRIC_REPRESENTATION_ITEM() RATIONAL_B_SPLINE_CURVE((1.,0.5,1.,0.5,
1.,0.5,1.)) REPRESENTATION_ITEM('') );
#3098 = CARTESIAN_POINT('',(-3.427754366929,0.));
#3099 = CARTESIAN_POINT('',(-3.427754366929,5.937044719387));
#3100 = CARTESIAN_POINT('',(1.713877183464,2.968522359693));
#3101 = CARTESIAN_POINT('',(6.855508733858,8.395576827446E-16));
#3102 = CARTESIAN_POINT('',(1.713877183464,-2.968522359693));
#3103 = CARTESIAN_POINT('',(-3.427754366929,-5.937044719387));
#3104 = CARTESIAN_POINT('',(-3.427754366929,0.));
#3105 = ( GEOMETRIC_REPRESENTATION_CONTEXT(2) 
PARAMETRIC_REPRESENTATION_CONTEXT() REPRESENTATION_CONTEXT('2D SPACE',''
  ) );
#3106 = PCURVE('',#3107,#3112);
#3107 = SPHERICAL_SURFACE('',#3108,16.96);
#3108 = AXIS2_PLACEMENT_3D('',#3109,#3110,#3111);
#3109 = CARTESIAN_POINT('',(60.4,27.2,17.61));
#3110 = DIRECTION('',(0.,0.,1.));
#3111 = DIRECTION('',(1.,0.,0.));
#3112 = DEFINITIONAL_REPRESENTATION('',(#3113),#3117);
#3113 = LINE('',#3114,#3115);
#3114 = CARTESIAN_POINT('',(-0.,-1.367286301452));
#3115 = VECTOR('',#3116,1.);
#3116 = DIRECTION('',(-1.,0.));
#3117 = ( GEOMETRIC_REPRESENTATION_CONTEXT(2) 
PARAMETRIC_REPRESENTATION_CONTEXT() REPRESENTATION_CONTEXT('2D SPACE',''
  ) );
#3118 = ADVANCED_FACE('',(#3119),#3107,.F.);
#3119 = FACE_BOUND('',#3120,.T.);
#3120 = EDGE_LOOP('',(#3121,#3122,#3146));
#3121 = ORIENTED_EDGE('',*,*,#3086,.F.);
#3122 = ORIENTED_EDGE('',*,*,#3123,.F.);
#3123 = EDGE_CURVE('',#3124,#3087,#3126,.T.);
#3124 = VERTEX_POINT('',#3125);
#3125 = CARTESIAN_POINT('',(60.4,27.2,0.65));
#3126 = SEAM_CURVE('',#3127,(#3132,#3139),.PCURVE_S1.);
#3127 = CIRCLE('',#3128,16.96);
#3128 = AXIS2_PLACEMENT_3D('',#3129,#3130,#3131);
#3129 = CARTESIAN_POINT('',(60.4,27.2,17.61));
#3130 = DIRECTION('',(2.449293598295E-16,-1.,0.));
#3131 = DIRECTION('',(1.,2.449293598295E-16,0.));
#3132 = PCURVE('',#3107,#3133);
#3133 = DEFINITIONAL_REPRESENTATION('',(#3134),#3138);
#3134 = LINE('',#3135,#3136);
#3135 = CARTESIAN_POINT('',(-6.28318530718,-6.28318530718));
#3136 = VECTOR('',#3137,1.);
#3137 = DIRECTION('',(-0.,1.));
#3138 = ( GEOMETRIC_REPRESENTATION_CONTEXT(2) 
PARAMETRIC_REPRESENTATION_CONTEXT() REPRESENTATION_CONTEXT('2D SPACE',''
  ) );
#3139 = PCURVE('',#3107,#3140);
#3140 = DEFINITIONAL_REPRESENTATION('',(#3141),#3145);
#3141 = LINE('',#3142,#3143);
#3142 = CARTESIAN_POINT('',(-0.,-6.28318530718));
#3143 = VECTOR('',#3144,1.);
#3144 = DIRECTION('',(-0.,1.));
#3145 = ( GEOMETRIC_REPRESENTATION_CONTEXT(2) 
PARAMETRIC_REPRESENTATION_CONTEXT() REPRESENTATION_CONTEXT('2D SPACE',''
  ) );
#3146 = ORIENTED_EDGE('',*,*,#3123,.T.);
#3147 = ( GEOMETRIC_REPRESENTATION_CONTEXT(3) 
GLOBAL_UNCERTAINTY_ASSIGNED_CONTEXT((#3151)) 
GLOBAL_UNIT_ASSIGNED_CONTEXT((#3148,#3149,#3150)) REPRESENTATION_CONTEXT
('Context #1','3D Context with UNIT and UNCERTAINTY') );
#3148 = ( LENGTH_UNIT() NAMED_UNIT(*) SI_UNIT(.MILLI.,.METRE.) );
#3149 = ( NAMED_UNIT(*) PLANE_ANGLE_UNIT() SI_UNIT($,.RADIAN.) );
#3150 = ( NAMED_UNIT(*) SI_UNIT($,.STERADIAN.) SOLID_ANGLE_UNIT() );
#3151 = UNCERTAINTY_MEASURE_WITH_UNIT(LENGTH_MEASURE(1.E-07),#3148,
  'distance_accuracy_value','confusion accuracy');
#3152 = CONTEXT_DEPENDENT_SHAPE_REPRESENTATION(#3153,#3155);
#3153 = ( REPRESENTATION_RELATIONSHIP('','',#2544,#10) 
REPRESENTATION_RELATIONSHIP_WITH_TRANSFORMATION(#3154) 
SHAPE_REPRESENTATION_RELATIONSHIP() );
#3154 = ITEM_DEFINED_TRANSFORMATION('','',#11,#31);
#3155 = PRODUCT_DEFINITION_SHAPE('Placement','Placement of an item',
  #3156);
#3156 = NEXT_ASSEMBLY_USAGE_OCCURRENCE('73','','',#5,#2539,$);
#3157 = PRODUCT_RELATED_PRODUCT_CATEGORY('part',$,(#2541));
#3158 = SHAPE_DEFINITION_REPRESENTATION(#3159,#3165);
#3159 = PRODUCT_DEFINITION_SHAPE('','',#3160);
#3160 = PRODUCT_DEFINITION('design','',#3161,#3164);
#3161 = PRODUCT_DEFINITION_FORMATION('','',#3162);
#3162 = PRODUCT('Open CASCADE STEP translator 7.9 17.6',
  'Open CASCADE STEP translator 7.9 17.6','',(#3163));
#3163 = PRODUCT_CONTEXT('',#2,'mechanical');
#3164 = PRODUCT_DEFINITION_CONTEXT('part definition',#2,'design');
#3165 = ADVANCED_BREP_SHAPE_REPRESENTATION('',(#11,#3166),#3768);
#3166 = MANIFOLD_SOLID_BREP('',#3167);
#3167 = CLOSED_SHELL('',(#3168,#3294,#3370,#3459,#3508,#3571,#3578,#3637
    ,#3696,#3700,#3739));
#3168 = ADVANCED_FACE('',(#3169),#3183,.T.);
#3169 = FACE_BOUND('',#3170,.F.);
#3170 = EDGE_LOOP('',(#3171,#3206,#3235,#3263));
#3171 = ORIENTED_EDGE('',*,*,#3172,.T.);
#3172 = EDGE_CURVE('',#3173,#3175,#3177,.T.);
#3173 = VERTEX_POINT('',#3174);
#3174 = CARTESIAN_POINT('',(80.339984567864,26.15,-2.5));
#3175 = VERTEX_POINT('',#3176);
#3176 = CARTESIAN_POINT('',(80.339984567864,26.15,-1.5));
#3177 = SURFACE_CURVE('',#3178,(#3182,#3194),.PCURVE_S1.);
#3178 = LINE('',#3179,#3180);
#3179 = CARTESIAN_POINT('',(80.339984567864,26.15,-1.5));
#3180 = VECTOR('',#3181,1.);
#3181 = DIRECTION('',(-0.,-0.,1.));
#3182 = PCURVE('',#3183,#3188);
#3183 = CYLINDRICAL_SURFACE('',#3184,6.6);
#3184 = AXIS2_PLACEMENT_3D('',#3185,#3186,#3187);
#3185 = CARTESIAN_POINT('',(77.1,31.9,-1.5));
#3186 = DIRECTION('',(-0.,-0.,1.));
#3187 = DIRECTION('',(1.,-0.,-0.));
#3188 = DEFINITIONAL_REPRESENTATION('',(#3189),#3193);
#3189 = LINE('',#3190,#3191);
#3190 = CARTESIAN_POINT('',(-7.340851391456,0.));
#3191 = VECTOR('',#3192,1.);
#3192 = DIRECTION('',(-0.,1.));
#3193 = ( GEOMETRIC_REPRESENTATION_CONTEXT(2) 
PARAMETRIC_REPRESENTATION_CONTEXT() REPRESENTATION_CONTEXT('2D SPACE',''
  ) );
#3194 = PCURVE('',#3195,#3200);
#3195 = PLANE('',#3196);
#3196 = AXIS2_PLACEMENT_3D('',#3197,#3198,#3199);
#3197 = CARTESIAN_POINT('',(63.9,26.15,-50.));
#3198 = DIRECTION('',(0.,-1.,0.));
#3199 = DIRECTION('',(0.,-0.,-1.));
#3200 = DEFINITIONAL_REPRESENTATION('',(#3201),#3205);
#3201 = LINE('',#3202,#3203);
#3202 = CARTESIAN_POINT('',(-48.5,16.439984567864));
#3203 = VECTOR('',#3204,1.);
#3204 = DIRECTION('',(-1.,0.));
#3205 = ( GEOMETRIC_REPRESENTATION_CONTEXT(2) 
PARAMETRIC_REPRESENTATION_CONTEXT() REPRESENTATION_CONTEXT('2D SPACE',''
  ) );
#3206 = ORIENTED_EDGE('',*,*,#3207,.T.);
#3207 = EDGE_CURVE('',#3175,#3208,#3210,.T.);
#3208 = VERTEX_POINT('',#3209);
#3209 = CARTESIAN_POINT('',(80.339984567864,37.65,-1.5));
#3210 = SURFACE_CURVE('',#3211,(#3216,#3223),.PCURVE_S1.);
#3211 = CIRCLE('',#3212,6.6);
#3212 = AXIS2_PLACEMENT_3D('',#3213,#3214,#3215);
#3213 = CARTESIAN_POINT('',(77.1,31.9,-1.5));
#3214 = DIRECTION('',(0.,0.,1.));
#3215 = DIRECTION('',(0.490906752707,-0.871212121212,-0.));
#3216 = PCURVE('',#3183,#3217);
#3217 = DEFINITIONAL_REPRESENTATION('',(#3218),#3222);
#3218 = LINE('',#3219,#3220);
#3219 = CARTESIAN_POINT('',(-7.340851391456,0.));
#3220 = VECTOR('',#3221,1.);
#3221 = DIRECTION('',(1.,-0.));
#3222 = ( GEOMETRIC_REPRESENTATION_CONTEXT(2) 
PARAMETRIC_REPRESENTATION_CONTEXT() REPRESENTATION_CONTEXT('2D SPACE',''
  ) );
#3223 = PCURVE('',#3224,#3229);
#3224 = PLANE('',#3225);
#3225 = AXIS2_PLACEMENT_3D('',#3226,#3227,#3228);
#3226 = CARTESIAN_POINT('',(77.1,31.9,-1.5));
#3227 = DIRECTION('',(-0.,-0.,1.));
#3228 = DIRECTION('',(-1.,0.,0.));
#3229 = DEFINITIONAL_REPRESENTATION('',(#3230),#3234);
#3230 = CIRCLE('',#3231,6.6);
#3231 = AXIS2_PLACEMENT_2D('',#3232,#3233);
#3232 = CARTESIAN_POINT('',(0.,0.));
#3233 = DIRECTION('',(-0.490906752707,0.871212121212));
#3234 = ( GEOMETRIC_REPRESENTATION_CONTEXT(2) 
PARAMETRIC_REPRESENTATION_CONTEXT() REPRESENTATION_CONTEXT('2D SPACE',''
  ) );
#3235 = ORIENTED_EDGE('',*,*,#3236,.F.);
#3236 = EDGE_CURVE('',#3237,#3208,#3239,.T.);
#3237 = VERTEX_POINT('',#3238);
#3238 = CARTESIAN_POINT('',(80.339984567864,37.65,-2.5));
#3239 = SURFACE_CURVE('',#3240,(#3244,#3251),.PCURVE_S1.);
#3240 = LINE('',#3241,#3242);
#3241 = CARTESIAN_POINT('',(80.339984567864,37.65,-1.5));
#3242 = VECTOR('',#3243,1.);
#3243 = DIRECTION('',(-0.,-0.,1.));
#3244 = PCURVE('',#3183,#3245);
#3245 = DEFINITIONAL_REPRESENTATION('',(#3246),#3250);
#3246 = LINE('',#3247,#3248);
#3247 = CARTESIAN_POINT('',(-5.225519222903,0.));
#3248 = VECTOR('',#3249,1.);
#3249 = DIRECTION('',(-0.,1.));
#3250 = ( GEOMETRIC_REPRESENTATION_CONTEXT(2) 
PARAMETRIC_REPRESENTATION_CONTEXT() REPRESENTATION_CONTEXT('2D SPACE',''
  ) );
#3251 = PCURVE('',#3252,#3257);
#3252 = PLANE('',#3253);
#3253 = AXIS2_PLACEMENT_3D('',#3254,#3255,#3256);
#3254 = CARTESIAN_POINT('',(63.9,37.65,-50.));
#3255 = DIRECTION('',(0.,-1.,0.));
#3256 = DIRECTION('',(0.,-0.,-1.));
#3257 = DEFINITIONAL_REPRESENTATION('',(#3258),#3262);
#3258 = LINE('',#3259,#3260);
#3259 = CARTESIAN_POINT('',(-48.5,16.439984567864));
#3260 = VECTOR('',#3261,1.);
#3261 = DIRECTION('',(-1.,0.));
#3262 = ( GEOMETRIC_REPRESENTATION_CONTEXT(2) 
PARAMETRIC_REPRESENTATION_CONTEXT() REPRESENTATION_CONTEXT('2D SPACE',''
  ) );
#3263 = ORIENTED_EDGE('',*,*,#3264,.T.);
#3264 = EDGE_CURVE('',#3237,#3173,#3265,.T.);
#3265 = SURFACE_CURVE('',#3266,(#3271,#3278),.PCURVE_S1.);
#3266 = CIRCLE('',#3267,6.6);
#3267 = AXIS2_PLACEMENT_3D('',#3268,#3269,#3270);
#3268 = CARTESIAN_POINT('',(77.1,31.9,-2.5));
#3269 = DIRECTION('',(0.,0.,-1.));
#3270 = DIRECTION('',(-0.490906752707,-0.871212121212,-0.));
#3271 = PCURVE('',#3183,#3272);
#3272 = DEFINITIONAL_REPRESENTATION('',(#3273),#3277);
#3273 = LINE('',#3274,#3275);
#3274 = CARTESIAN_POINT('',(-2.083926569313,-1.));
#3275 = VECTOR('',#3276,1.);
#3276 = DIRECTION('',(-1.,0.));
#3277 = ( GEOMETRIC_REPRESENTATION_CONTEXT(2) 
PARAMETRIC_REPRESENTATION_CONTEXT() REPRESENTATION_CONTEXT('2D SPACE',''
  ) );
#3278 = PCURVE('',#3279,#3284);
#3279 = PLANE('',#3280);
#3280 = AXIS2_PLACEMENT_3D('',#3281,#3282,#3283);
#3281 = CARTESIAN_POINT('',(77.1,31.9,-2.5));
#3282 = DIRECTION('',(-0.,-0.,1.));
#3283 = DIRECTION('',(-1.,0.,0.));
#3284 = DEFINITIONAL_REPRESENTATION('',(#3285),#3293);
#3285 = ( BOUNDED_CURVE() B_SPLINE_CURVE(2,(#3286,#3287,#3288,#3289,
#3290,#3291,#3292),.UNSPECIFIED.,.T.,.F.) B_SPLINE_CURVE_WITH_KNOTS((1,2
    ,2,2,2,1),(-2.094395102393,0.,2.094395102393,4.188790204786,
6.28318530718,8.377580409573),.UNSPECIFIED.) CURVE() 
GEOMETRIC_REPRESENTATION_ITEM() RATIONAL_B_SPLINE_CURVE((1.,0.5,1.,0.5,
1.,0.5,1.)) REPRESENTATION_ITEM('') );
#3286 = CARTESIAN_POINT('',(3.239984567864,5.75));
#3287 = CARTESIAN_POINT('',(13.199276711386,0.13818211272));
#3288 = CARTESIAN_POINT('',(3.359653787828,-5.68090894364));
#3289 = CARTESIAN_POINT('',(-6.479969135729,-11.5));
#3290 = CARTESIAN_POINT('',(-6.599638355693,-6.909105635982E-02));
#3291 = CARTESIAN_POINT('',(-6.719307575657,11.36181788728));
#3292 = CARTESIAN_POINT('',(3.239984567864,5.75));
#3293 = ( GEOMETRIC_REPRESENTATION_CONTEXT(2) 
PARAMETRIC_REPRESENTATION_CONTEXT() REPRESENTATION_CONTEXT('2D SPACE',''
  ) );
#3294 = ADVANCED_FACE('',(#3295),#3195,.T.);
#3295 = FACE_BOUND('',#3296,.F.);
#3296 = EDGE_LOOP('',(#3297,#3298,#3321,#3349));
#3297 = ORIENTED_EDGE('',*,*,#3172,.F.);
#3298 = ORIENTED_EDGE('',*,*,#3299,.T.);
#3299 = EDGE_CURVE('',#3173,#3300,#3302,.T.);
#3300 = VERTEX_POINT('',#3301);
#3301 = CARTESIAN_POINT('',(73.860015432136,26.15,-2.5));
#3302 = SURFACE_CURVE('',#3303,(#3307,#3314),.PCURVE_S1.);
#3303 = LINE('',#3304,#3305);
#3304 = CARTESIAN_POINT('',(70.5,26.15,-2.5));
#3305 = VECTOR('',#3306,1.);
#3306 = DIRECTION('',(-1.,-0.,-0.));
#3307 = PCURVE('',#3195,#3308);
#3308 = DEFINITIONAL_REPRESENTATION('',(#3309),#3313);
#3309 = LINE('',#3310,#3311);
#3310 = CARTESIAN_POINT('',(-47.5,6.6));
#3311 = VECTOR('',#3312,1.);
#3312 = DIRECTION('',(-0.,-1.));
#3313 = ( GEOMETRIC_REPRESENTATION_CONTEXT(2) 
PARAMETRIC_REPRESENTATION_CONTEXT() REPRESENTATION_CONTEXT('2D SPACE',''
  ) );
#3314 = PCURVE('',#3279,#3315);
#3315 = DEFINITIONAL_REPRESENTATION('',(#3316),#3320);
#3316 = LINE('',#3317,#3318);
#3317 = CARTESIAN_POINT('',(6.6,5.75));
#3318 = VECTOR('',#3319,1.);
#3319 = DIRECTION('',(1.,-0.));
#3320 = ( GEOMETRIC_REPRESENTATION_CONTEXT(2) 
PARAMETRIC_REPRESENTATION_CONTEXT() REPRESENTATION_CONTEXT('2D SPACE',''
  ) );
#3321 = ORIENTED_EDGE('',*,*,#3322,.T.);
#3322 = EDGE_CURVE('',#3300,#3323,#3325,.T.);
#3323 = VERTEX_POINT('',#3324);
#3324 = CARTESIAN_POINT('',(73.860015432136,26.15,-1.5));
#3325 = SURFACE_CURVE('',#3326,(#3330,#3337),.PCURVE_S1.);
#3326 = LINE('',#3327,#3328);
#3327 = CARTESIAN_POINT('',(73.860015432136,26.15,-1.5));
#3328 = VECTOR('',#3329,1.);
#3329 = DIRECTION('',(-0.,-0.,1.));
#3330 = PCURVE('',#3195,#3331);
#3331 = DEFINITIONAL_REPRESENTATION('',(#3332),#3336);
#3332 = LINE('',#3333,#3334);
#3333 = CARTESIAN_POINT('',(-48.5,9.960015432136));
#3334 = VECTOR('',#3335,1.);
#3335 = DIRECTION('',(-1.,0.));
#3336 = ( GEOMETRIC_REPRESENTATION_CONTEXT(2) 
PARAMETRIC_REPRESENTATION_CONTEXT() REPRESENTATION_CONTEXT('2D SPACE',''
  ) );
#3337 = PCURVE('',#3338,#3343);
#3338 = CYLINDRICAL_SURFACE('',#3339,6.6);
#3339 = AXIS2_PLACEMENT_3D('',#3340,#3341,#3342);
#3340 = CARTESIAN_POINT('',(77.1,31.9,-1.5));
#3341 = DIRECTION('',(-0.,-0.,1.));
#3342 = DIRECTION('',(1.,-0.,-0.));
#3343 = DEFINITIONAL_REPRESENTATION('',(#3344),#3348);
#3344 = LINE('',#3345,#3346);
#3345 = CARTESIAN_POINT('',(-2.083926569313,0.));
#3346 = VECTOR('',#3347,1.);
#3347 = DIRECTION('',(-0.,1.));
#3348 = ( GEOMETRIC_REPRESENTATION_CONTEXT(2) 
PARAMETRIC_REPRESENTATION_CONTEXT() REPRESENTATION_CONTEXT('2D SPACE',''
  ) );
#3349 = ORIENTED_EDGE('',*,*,#3350,.F.);
#3350 = EDGE_CURVE('',#3175,#3323,#3351,.T.);
#3351 = SURFACE_CURVE('',#3352,(#3356,#3363),.PCURVE_S1.);
#3352 = LINE('',#3353,#3354);
#3353 = CARTESIAN_POINT('',(70.5,26.15,-1.5));
#3354 = VECTOR('',#3355,1.);
#3355 = DIRECTION('',(-1.,-0.,-0.));
#3356 = PCURVE('',#3195,#3357);
#3357 = DEFINITIONAL_REPRESENTATION('',(#3358),#3362);
#3358 = LINE('',#3359,#3360);
#3359 = CARTESIAN_POINT('',(-48.5,6.6));
#3360 = VECTOR('',#3361,1.);
#3361 = DIRECTION('',(-0.,-1.));
#3362 = ( GEOMETRIC_REPRESENTATION_CONTEXT(2) 
PARAMETRIC_REPRESENTATION_CONTEXT() REPRESENTATION_CONTEXT('2D SPACE',''
  ) );
#3363 = PCURVE('',#3224,#3364);
#3364 = DEFINITIONAL_REPRESENTATION('',(#3365),#3369);
#3365 = LINE('',#3366,#3367);
#3366 = CARTESIAN_POINT('',(6.6,5.75));
#3367 = VECTOR('',#3368,1.);
#3368 = DIRECTION('',(1.,-0.));
#3369 = ( GEOMETRIC_REPRESENTATION_CONTEXT(2) 
PARAMETRIC_REPRESENTATION_CONTEXT() REPRESENTATION_CONTEXT('2D SPACE',''
  ) );
#3370 = ADVANCED_FACE('',(#3371,#3424),#3279,.F.);
#3371 = FACE_BOUND('',#3372,.T.);
#3372 = EDGE_LOOP('',(#3373,#3374,#3402,#3423));
#3373 = ORIENTED_EDGE('',*,*,#3299,.T.);
#3374 = ORIENTED_EDGE('',*,*,#3375,.T.);
#3375 = EDGE_CURVE('',#3300,#3376,#3378,.T.);
#3376 = VERTEX_POINT('',#3377);
#3377 = CARTESIAN_POINT('',(73.860015432136,37.65,-2.5));
#3378 = SURFACE_CURVE('',#3379,(#3384,#3395),.PCURVE_S1.);
#3379 = CIRCLE('',#3380,6.6);
#3380 = AXIS2_PLACEMENT_3D('',#3381,#3382,#3383);
#3381 = CARTESIAN_POINT('',(77.1,31.9,-2.5));
#3382 = DIRECTION('',(0.,0.,-1.));
#3383 = DIRECTION('',(-0.490906752707,-0.871212121212,-0.));
#3384 = PCURVE('',#3279,#3385);
#3385 = DEFINITIONAL_REPRESENTATION('',(#3386),#3394);
#3386 = ( BOUNDED_CURVE() B_SPLINE_CURVE(2,(#3387,#3388,#3389,#3390,
#3391,#3392,#3393),.UNSPECIFIED.,.T.,.F.) B_SPLINE_CURVE_WITH_KNOTS((1,2
    ,2,2,2,1),(-2.094395102393,0.,2.094395102393,4.188790204786,
6.28318530718,8.377580409573),.UNSPECIFIED.) CURVE() 
GEOMETRIC_REPRESENTATION_ITEM() RATIONAL_B_SPLINE_CURVE((1.,0.5,1.,0.5,
1.,0.5,1.)) REPRESENTATION_ITEM('') );
#3387 = CARTESIAN_POINT('',(3.239984567864,5.75));
#3388 = CARTESIAN_POINT('',(13.199276711386,0.13818211272));
#3389 = CARTESIAN_POINT('',(3.359653787828,-5.68090894364));
#3390 = CARTESIAN_POINT('',(-6.479969135729,-11.5));
#3391 = CARTESIAN_POINT('',(-6.599638355693,-6.909105635982E-02));
#3392 = CARTESIAN_POINT('',(-6.719307575657,11.36181788728));
#3393 = CARTESIAN_POINT('',(3.239984567864,5.75));
#3394 = ( GEOMETRIC_REPRESENTATION_CONTEXT(2) 
PARAMETRIC_REPRESENTATION_CONTEXT() REPRESENTATION_CONTEXT('2D SPACE',''
  ) );
#3395 = PCURVE('',#3338,#3396);
#3396 = DEFINITIONAL_REPRESENTATION('',(#3397),#3401);
#3397 = LINE('',#3398,#3399);
#3398 = CARTESIAN_POINT('',(-2.083926569313,-1.));
#3399 = VECTOR('',#3400,1.);
#3400 = DIRECTION('',(-1.,0.));
#3401 = ( GEOMETRIC_REPRESENTATION_CONTEXT(2) 
PARAMETRIC_REPRESENTATION_CONTEXT() REPRESENTATION_CONTEXT('2D SPACE',''
  ) );
#3402 = ORIENTED_EDGE('',*,*,#3403,.F.);
#3403 = EDGE_CURVE('',#3237,#3376,#3404,.T.);
#3404 = SURFACE_CURVE('',#3405,(#3409,#3416),.PCURVE_S1.);
#3405 = LINE('',#3406,#3407);
#3406 = CARTESIAN_POINT('',(70.5,37.65,-2.5));
#3407 = VECTOR('',#3408,1.);
#3408 = DIRECTION('',(-1.,-0.,-0.));
#3409 = PCURVE('',#3279,#3410);
#3410 = DEFINITIONAL_REPRESENTATION('',(#3411),#3415);
#3411 = LINE('',#3412,#3413);
#3412 = CARTESIAN_POINT('',(6.6,-5.75));
#3413 = VECTOR('',#3414,1.);
#3414 = DIRECTION('',(1.,-0.));
#3415 = ( GEOMETRIC_REPRESENTATION_CONTEXT(2) 
PARAMETRIC_REPRESENTATION_CONTEXT() REPRESENTATION_CONTEXT('2D SPACE',''
  ) );
#3416 = PCURVE('',#3252,#3417);
#3417 = DEFINITIONAL_REPRESENTATION('',(#3418),#3422);
#3418 = LINE('',#3419,#3420);
#3419 = CARTESIAN_POINT('',(-47.5,6.6));
#3420 = VECTOR('',#3421,1.);
#3421 = DIRECTION('',(-0.,-1.));
#3422 = ( GEOMETRIC_REPRESENTATION_CONTEXT(2) 
PARAMETRIC_REPRESENTATION_CONTEXT() REPRESENTATION_CONTEXT('2D SPACE',''
  ) );
#3423 = ORIENTED_EDGE('',*,*,#3264,.T.);
#3424 = FACE_BOUND('',#3425,.T.);
#3425 = EDGE_LOOP('',(#3426));
#3426 = ORIENTED_EDGE('',*,*,#3427,.F.);
#3427 = EDGE_CURVE('',#3428,#3428,#3430,.T.);
#3428 = VERTEX_POINT('',#3429);
#3429 = CARTESIAN_POINT('',(78.6,31.9,-2.5));
#3430 = SURFACE_CURVE('',#3431,(#3436,#3447),.PCURVE_S1.);
#3431 = CIRCLE('',#3432,1.5);
#3432 = AXIS2_PLACEMENT_3D('',#3433,#3434,#3435);
#3433 = CARTESIAN_POINT('',(77.1,31.9,-2.5));
#3434 = DIRECTION('',(0.,0.,-1.));
#3435 = DIRECTION('',(1.,-0.,-0.));
#3436 = PCURVE('',#3279,#3437);
#3437 = DEFINITIONAL_REPRESENTATION('',(#3438),#3446);
#3438 = ( BOUNDED_CURVE() B_SPLINE_CURVE(2,(#3439,#3440,#3441,#3442,
#3443,#3444,#3445),.UNSPECIFIED.,.T.,.F.) B_SPLINE_CURVE_WITH_KNOTS((1,2
    ,2,2,2,1),(-2.094395102393,0.,2.094395102393,4.188790204786,
6.28318530718,8.377580409573),.UNSPECIFIED.) CURVE() 
GEOMETRIC_REPRESENTATION_ITEM() RATIONAL_B_SPLINE_CURVE((1.,0.5,1.,0.5,
1.,0.5,1.)) REPRESENTATION_ITEM('') );
#3439 = CARTESIAN_POINT('',(-1.5,0.));
#3440 = CARTESIAN_POINT('',(-1.5,2.598076211353));
#3441 = CARTESIAN_POINT('',(0.75,1.299038105677));
#3442 = CARTESIAN_POINT('',(3.,3.673940397442E-16));
#3443 = CARTESIAN_POINT('',(0.75,-1.299038105677));
#3444 = CARTESIAN_POINT('',(-1.5,-2.598076211353));
#3445 = CARTESIAN_POINT('',(-1.5,0.));
#3446 = ( GEOMETRIC_REPRESENTATION_CONTEXT(2) 
PARAMETRIC_REPRESENTATION_CONTEXT() REPRESENTATION_CONTEXT('2D SPACE',''
  ) );
#3447 = PCURVE('',#3448,#3453);
#3448 = CYLINDRICAL_SURFACE('',#3449,1.5);
#3449 = AXIS2_PLACEMENT_3D('',#3450,#3451,#3452);
#3450 = CARTESIAN_POINT('',(77.1,31.9,-2.5));
#3451 = DIRECTION('',(-0.,-0.,1.));
#3452 = DIRECTION('',(1.,-0.,-0.));
#3453 = DEFINITIONAL_REPRESENTATION('',(#3454),#3458);
#3454 = LINE('',#3455,#3456);
#3455 = CARTESIAN_POINT('',(-0.,0.));
#3456 = VECTOR('',#3457,1.);
#3457 = DIRECTION('',(-1.,0.));
#3458 = ( GEOMETRIC_REPRESENTATION_CONTEXT(2) 
PARAMETRIC_REPRESENTATION_CONTEXT() REPRESENTATION_CONTEXT('2D SPACE',''
  ) );
#3459 = ADVANCED_FACE('',(#3460),#3252,.F.);
#3460 = FACE_BOUND('',#3461,.T.);
#3461 = EDGE_LOOP('',(#3462,#3463,#3464,#3487));
#3462 = ORIENTED_EDGE('',*,*,#3236,.F.);
#3463 = ORIENTED_EDGE('',*,*,#3403,.T.);
#3464 = ORIENTED_EDGE('',*,*,#3465,.T.);
#3465 = EDGE_CURVE('',#3376,#3466,#3468,.T.);
#3466 = VERTEX_POINT('',#3467);
#3467 = CARTESIAN_POINT('',(73.860015432136,37.65,-1.5));
#3468 = SURFACE_CURVE('',#3469,(#3473,#3480),.PCURVE_S1.);
#3469 = LINE('',#3470,#3471);
#3470 = CARTESIAN_POINT('',(73.860015432136,37.65,-1.5));
#3471 = VECTOR('',#3472,1.);
#3472 = DIRECTION('',(-0.,-0.,1.));
#3473 = PCURVE('',#3252,#3474);
#3474 = DEFINITIONAL_REPRESENTATION('',(#3475),#3479);
#3475 = LINE('',#3476,#3477);
#3476 = CARTESIAN_POINT('',(-48.5,9.960015432136));
#3477 = VECTOR('',#3478,1.);
#3478 = DIRECTION('',(-1.,0.));
#3479 = ( GEOMETRIC_REPRESENTATION_CONTEXT(2) 
PARAMETRIC_REPRESENTATION_CONTEXT() REPRESENTATION_CONTEXT('2D SPACE',''
  ) );
#3480 = PCURVE('',#3338,#3481);
#3481 = DEFINITIONAL_REPRESENTATION('',(#3482),#3486);
#3482 = LINE('',#3483,#3484);
#3483 = CARTESIAN_POINT('',(-4.199258737866,0.));
#3484 = VECTOR('',#3485,1.);
#3485 = DIRECTION('',(-0.,1.));
#3486 = ( GEOMETRIC_REPRESENTATION_CONTEXT(2) 
PARAMETRIC_REPRESENTATION_CONTEXT() REPRESENTATION_CONTEXT('2D SPACE',''
  ) );
#3487 = ORIENTED_EDGE('',*,*,#3488,.F.);
#3488 = EDGE_CURVE('',#3208,#3466,#3489,.T.);
#3489 = SURFACE_CURVE('',#3490,(#3494,#3501),.PCURVE_S1.);
#3490 = LINE('',#3491,#3492);
#3491 = CARTESIAN_POINT('',(70.5,37.65,-1.5));
#3492 = VECTOR('',#3493,1.);
#3493 = DIRECTION('',(-1.,-0.,-0.));
#3494 = PCURVE('',#3252,#3495);
#3495 = DEFINITIONAL_REPRESENTATION('',(#3496),#3500);
#3496 = LINE('',#3497,#3498);
#3497 = CARTESIAN_POINT('',(-48.5,6.6));
#3498 = VECTOR('',#3499,1.);
#3499 = DIRECTION('',(-0.,-1.));
#3500 = ( GEOMETRIC_REPRESENTATION_CONTEXT(2) 
PARAMETRIC_REPRESENTATION_CONTEXT() REPRESENTATION_CONTEXT('2D SPACE',''
  ) );
#3501 = PCURVE('',#3224,#3502);
#3502 = DEFINITIONAL_REPRESENTATION('',(#3503),#3507);
#3503 = LINE('',#3504,#3505);
#3504 = CARTESIAN_POINT('',(6.6,-5.75));
#3505 = VECTOR('',#3506,1.);
#3506 = DIRECTION('',(1.,-0.));
#3507 = ( GEOMETRIC_REPRESENTATION_CONTEXT(2) 
PARAMETRIC_REPRESENTATION_CONTEXT() REPRESENTATION_CONTEXT('2D SPACE',''
  ) );
#3508 = ADVANCED_FACE('',(#3509,#3536),#3224,.T.);
#3509 = FACE_BOUND('',#3510,.F.);
#3510 = EDGE_LOOP('',(#3511,#3512,#3513,#3535));
#3511 = ORIENTED_EDGE('',*,*,#3207,.F.);
#3512 = ORIENTED_EDGE('',*,*,#3350,.T.);
#3513 = ORIENTED_EDGE('',*,*,#3514,.F.);
#3514 = EDGE_CURVE('',#3466,#3323,#3515,.T.);
#3515 = SURFACE_CURVE('',#3516,(#3521,#3528),.PCURVE_S1.);
#3516 = CIRCLE('',#3517,6.6);
#3517 = AXIS2_PLACEMENT_3D('',#3518,#3519,#3520);
#3518 = CARTESIAN_POINT('',(77.1,31.9,-1.5));
#3519 = DIRECTION('',(0.,0.,1.));
#3520 = DIRECTION('',(0.490906752707,-0.871212121212,-0.));
#3521 = PCURVE('',#3224,#3522);
#3522 = DEFINITIONAL_REPRESENTATION('',(#3523),#3527);
#3523 = CIRCLE('',#3524,6.6);
#3524 = AXIS2_PLACEMENT_2D('',#3525,#3526);
#3525 = CARTESIAN_POINT('',(0.,0.));
#3526 = DIRECTION('',(-0.490906752707,0.871212121212));
#3527 = ( GEOMETRIC_REPRESENTATION_CONTEXT(2) 
PARAMETRIC_REPRESENTATION_CONTEXT() REPRESENTATION_CONTEXT('2D SPACE',''
  ) );
#3528 = PCURVE('',#3338,#3529);
#3529 = DEFINITIONAL_REPRESENTATION('',(#3530),#3534);
#3530 = LINE('',#3531,#3532);
#3531 = CARTESIAN_POINT('',(-7.340851391456,0.));
#3532 = VECTOR('',#3533,1.);
#3533 = DIRECTION('',(1.,-0.));
#3534 = ( GEOMETRIC_REPRESENTATION_CONTEXT(2) 
PARAMETRIC_REPRESENTATION_CONTEXT() REPRESENTATION_CONTEXT('2D SPACE',''
  ) );
#3535 = ORIENTED_EDGE('',*,*,#3488,.F.);
#3536 = FACE_BOUND('',#3537,.F.);
#3537 = EDGE_LOOP('',(#3538));
#3538 = ORIENTED_EDGE('',*,*,#3539,.F.);
#3539 = EDGE_CURVE('',#3540,#3540,#3542,.T.);
#3540 = VERTEX_POINT('',#3541);
#3541 = CARTESIAN_POINT('',(82.4,31.9,-1.5));
#3542 = SURFACE_CURVE('',#3543,(#3548,#3559),.PCURVE_S1.);
#3543 = CIRCLE('',#3544,5.3);
#3544 = AXIS2_PLACEMENT_3D('',#3545,#3546,#3547);
#3545 = CARTESIAN_POINT('',(77.1,31.9,-1.5));
#3546 = DIRECTION('',(0.,0.,-1.));
#3547 = DIRECTION('',(1.,-0.,-0.));
#3548 = PCURVE('',#3224,#3549);
#3549 = DEFINITIONAL_REPRESENTATION('',(#3550),#3558);
#3550 = ( BOUNDED_CURVE() B_SPLINE_CURVE(2,(#3551,#3552,#3553,#3554,
#3555,#3556,#3557),.UNSPECIFIED.,.T.,.F.) B_SPLINE_CURVE_WITH_KNOTS((1,2
    ,2,2,2,1),(-2.094395102393,0.,2.094395102393,4.188790204786,
6.28318530718,8.377580409573),.UNSPECIFIED.) CURVE() 
GEOMETRIC_REPRESENTATION_ITEM() RATIONAL_B_SPLINE_CURVE((1.,0.5,1.,0.5,
1.,0.5,1.)) REPRESENTATION_ITEM('') );
#3551 = CARTESIAN_POINT('',(-5.3,0.));
#3552 = CARTESIAN_POINT('',(-5.3,9.179869280115));
#3553 = CARTESIAN_POINT('',(2.65,4.589934640058));
#3554 = CARTESIAN_POINT('',(10.6,1.298125607096E-15));
#3555 = CARTESIAN_POINT('',(2.65,-4.589934640058));
#3556 = CARTESIAN_POINT('',(-5.3,-9.179869280115));
#3557 = CARTESIAN_POINT('',(-5.3,0.));
#3558 = ( GEOMETRIC_REPRESENTATION_CONTEXT(2) 
PARAMETRIC_REPRESENTATION_CONTEXT() REPRESENTATION_CONTEXT('2D SPACE',''
  ) );
#3559 = PCURVE('',#3560,#3565);
#3560 = CYLINDRICAL_SURFACE('',#3561,5.3);
#3561 = AXIS2_PLACEMENT_3D('',#3562,#3563,#3564);
#3562 = CARTESIAN_POINT('',(77.1,31.9,0.));
#3563 = DIRECTION('',(-0.,-0.,1.));
#3564 = DIRECTION('',(1.,-0.,-0.));
#3565 = DEFINITIONAL_REPRESENTATION('',(#3566),#3570);
#3566 = LINE('',#3567,#3568);
#3567 = CARTESIAN_POINT('',(-0.,-1.5));
#3568 = VECTOR('',#3569,1.);
#3569 = DIRECTION('',(-1.,0.));
#3570 = ( GEOMETRIC_REPRESENTATION_CONTEXT(2) 
PARAMETRIC_REPRESENTATION_CONTEXT() REPRESENTATION_CONTEXT('2D SPACE',''
  ) );
#3571 = ADVANCED_FACE('',(#3572),#3338,.T.);
#3572 = FACE_BOUND('',#3573,.F.);
#3573 = EDGE_LOOP('',(#3574,#3575,#3576,#3577));
#3574 = ORIENTED_EDGE('',*,*,#3465,.T.);
#3575 = ORIENTED_EDGE('',*,*,#3514,.T.);
#3576 = ORIENTED_EDGE('',*,*,#3322,.F.);
#3577 = ORIENTED_EDGE('',*,*,#3375,.T.);
#3578 = ADVANCED_FACE('',(#3579),#3448,.T.);
#3579 = FACE_BOUND('',#3580,.F.);
#3580 = EDGE_LOOP('',(#3581,#3604,#3635,#3636));
#3581 = ORIENTED_EDGE('',*,*,#3582,.T.);
#3582 = EDGE_CURVE('',#3428,#3583,#3585,.T.);
#3583 = VERTEX_POINT('',#3584);
#3584 = CARTESIAN_POINT('',(78.6,31.9,-3.));
#3585 = SEAM_CURVE('',#3586,(#3590,#3597),.PCURVE_S1.);
#3586 = LINE('',#3587,#3588);
#3587 = CARTESIAN_POINT('',(78.6,31.9,-2.5));
#3588 = VECTOR('',#3589,1.);
#3589 = DIRECTION('',(-0.,0.,-1.));
#3590 = PCURVE('',#3448,#3591);
#3591 = DEFINITIONAL_REPRESENTATION('',(#3592),#3596);
#3592 = LINE('',#3593,#3594);
#3593 = CARTESIAN_POINT('',(-0.,0.));
#3594 = VECTOR('',#3595,1.);
#3595 = DIRECTION('',(-0.,-1.));
#3596 = ( GEOMETRIC_REPRESENTATION_CONTEXT(2) 
PARAMETRIC_REPRESENTATION_CONTEXT() REPRESENTATION_CONTEXT('2D SPACE',''
  ) );
#3597 = PCURVE('',#3448,#3598);
#3598 = DEFINITIONAL_REPRESENTATION('',(#3599),#3603);
#3599 = LINE('',#3600,#3601);
#3600 = CARTESIAN_POINT('',(-6.28318530718,0.));
#3601 = VECTOR('',#3602,1.);
#3602 = DIRECTION('',(-0.,-1.));
#3603 = ( GEOMETRIC_REPRESENTATION_CONTEXT(2) 
PARAMETRIC_REPRESENTATION_CONTEXT() REPRESENTATION_CONTEXT('2D SPACE',''
  ) );
#3604 = ORIENTED_EDGE('',*,*,#3605,.T.);
#3605 = EDGE_CURVE('',#3583,#3583,#3606,.T.);
#3606 = SURFACE_CURVE('',#3607,(#3612,#3619),.PCURVE_S1.);
#3607 = CIRCLE('',#3608,1.5);
#3608 = AXIS2_PLACEMENT_3D('',#3609,#3610,#3611);
#3609 = CARTESIAN_POINT('',(77.1,31.9,-3.));
#3610 = DIRECTION('',(0.,0.,-1.));
#3611 = DIRECTION('',(1.,-0.,-0.));
#3612 = PCURVE('',#3448,#3613);
#3613 = DEFINITIONAL_REPRESENTATION('',(#3614),#3618);
#3614 = LINE('',#3615,#3616);
#3615 = CARTESIAN_POINT('',(-0.,-0.5));
#3616 = VECTOR('',#3617,1.);
#3617 = DIRECTION('',(-1.,0.));
#3618 = ( GEOMETRIC_REPRESENTATION_CONTEXT(2) 
PARAMETRIC_REPRESENTATION_CONTEXT() REPRESENTATION_CONTEXT('2D SPACE',''
  ) );
#3619 = PCURVE('',#3620,#3625);
#3620 = PLANE('',#3621);
#3621 = AXIS2_PLACEMENT_3D('',#3622,#3623,#3624);
#3622 = CARTESIAN_POINT('',(77.1,31.9,-3.));
#3623 = DIRECTION('',(-0.,-0.,1.));
#3624 = DIRECTION('',(-1.,0.,0.));
#3625 = DEFINITIONAL_REPRESENTATION('',(#3626),#3634);
#3626 = ( BOUNDED_CURVE() B_SPLINE_CURVE(2,(#3627,#3628,#3629,#3630,
#3631,#3632,#3633),.UNSPECIFIED.,.T.,.F.) B_SPLINE_CURVE_WITH_KNOTS((1,2
    ,2,2,2,1),(-2.094395102393,0.,2.094395102393,4.188790204786,
6.28318530718,8.377580409573),.UNSPECIFIED.) CURVE() 
GEOMETRIC_REPRESENTATION_ITEM() RATIONAL_B_SPLINE_CURVE((1.,0.5,1.,0.5,
1.,0.5,1.)) REPRESENTATION_ITEM('') );
#3627 = CARTESIAN_POINT('',(-1.5,0.));
#3628 = CARTESIAN_POINT('',(-1.5,2.598076211353));
#3629 = CARTESIAN_POINT('',(0.75,1.299038105677));
#3630 = CARTESIAN_POINT('',(3.,3.673940397442E-16));
#3631 = CARTESIAN_POINT('',(0.75,-1.299038105677));
#3632 = CARTESIAN_POINT('',(-1.5,-2.598076211353));
#3633 = CARTESIAN_POINT('',(-1.5,0.));
#3634 = ( GEOMETRIC_REPRESENTATION_CONTEXT(2) 
PARAMETRIC_REPRESENTATION_CONTEXT() REPRESENTATION_CONTEXT('2D SPACE',''
  ) );
#3635 = ORIENTED_EDGE('',*,*,#3582,.F.);
#3636 = ORIENTED_EDGE('',*,*,#3427,.F.);
#3637 = ADVANCED_FACE('',(#3638),#3560,.T.);
#3638 = FACE_BOUND('',#3639,.F.);
#3639 = EDGE_LOOP('',(#3640,#3641,#3664,#3695));
#3640 = ORIENTED_EDGE('',*,*,#3539,.T.);
#3641 = ORIENTED_EDGE('',*,*,#3642,.T.);
#3642 = EDGE_CURVE('',#3540,#3643,#3645,.T.);
#3643 = VERTEX_POINT('',#3644);
#3644 = CARTESIAN_POINT('',(82.4,31.9,1.));
#3645 = SEAM_CURVE('',#3646,(#3650,#3657),.PCURVE_S1.);
#3646 = LINE('',#3647,#3648);
#3647 = CARTESIAN_POINT('',(82.4,31.9,-1.5));
#3648 = VECTOR('',#3649,1.);
#3649 = DIRECTION('',(-0.,-0.,1.));
#3650 = PCURVE('',#3560,#3651);
#3651 = DEFINITIONAL_REPRESENTATION('',(#3652),#3656);
#3652 = LINE('',#3653,#3654);
#3653 = CARTESIAN_POINT('',(-6.28318530718,-1.5));
#3654 = VECTOR('',#3655,1.);
#3655 = DIRECTION('',(0.,1.));
#3656 = ( GEOMETRIC_REPRESENTATION_CONTEXT(2) 
PARAMETRIC_REPRESENTATION_CONTEXT() REPRESENTATION_CONTEXT('2D SPACE',''
  ) );
#3657 = PCURVE('',#3560,#3658);
#3658 = DEFINITIONAL_REPRESENTATION('',(#3659),#3663);
#3659 = LINE('',#3660,#3661);
#3660 = CARTESIAN_POINT('',(-0.,-1.5));
#3661 = VECTOR('',#3662,1.);
#3662 = DIRECTION('',(0.,1.));
#3663 = ( GEOMETRIC_REPRESENTATION_CONTEXT(2) 
PARAMETRIC_REPRESENTATION_CONTEXT() REPRESENTATION_CONTEXT('2D SPACE',''
  ) );
#3664 = ORIENTED_EDGE('',*,*,#3665,.F.);
#3665 = EDGE_CURVE('',#3643,#3643,#3666,.T.);
#3666 = SURFACE_CURVE('',#3667,(#3672,#3679),.PCURVE_S1.);
#3667 = CIRCLE('',#3668,5.3);
#3668 = AXIS2_PLACEMENT_3D('',#3669,#3670,#3671);
#3669 = CARTESIAN_POINT('',(77.1,31.9,1.));
#3670 = DIRECTION('',(0.,0.,-1.));
#3671 = DIRECTION('',(1.,-0.,-0.));
#3672 = PCURVE('',#3560,#3673);
#3673 = DEFINITIONAL_REPRESENTATION('',(#3674),#3678);
#3674 = LINE('',#3675,#3676);
#3675 = CARTESIAN_POINT('',(0.,1.));
#3676 = VECTOR('',#3677,1.);
#3677 = DIRECTION('',(-1.,-0.));
#3678 = ( GEOMETRIC_REPRESENTATION_CONTEXT(2) 
PARAMETRIC_REPRESENTATION_CONTEXT() REPRESENTATION_CONTEXT('2D SPACE',''
  ) );
#3679 = PCURVE('',#3680,#3685);
#3680 = PLANE('',#3681);
#3681 = AXIS2_PLACEMENT_3D('',#3682,#3683,#3684);
#3682 = CARTESIAN_POINT('',(77.1,31.9,1.));
#3683 = DIRECTION('',(-0.,-0.,1.));
#3684 = DIRECTION('',(-1.,0.,0.));
#3685 = DEFINITIONAL_REPRESENTATION('',(#3686),#3694);
#3686 = ( BOUNDED_CURVE() B_SPLINE_CURVE(2,(#3687,#3688,#3689,#3690,
#3691,#3692,#3693),.UNSPECIFIED.,.T.,.F.) B_SPLINE_CURVE_WITH_KNOTS((1,2
    ,2,2,2,1),(-2.094395102393,0.,2.094395102393,4.188790204786,
6.28318530718,8.377580409573),.UNSPECIFIED.) CURVE() 
GEOMETRIC_REPRESENTATION_ITEM() RATIONAL_B_SPLINE_CURVE((1.,0.5,1.,0.5,
1.,0.5,1.)) REPRESENTATION_ITEM('') );
#3687 = CARTESIAN_POINT('',(-5.3,0.));
#3688 = CARTESIAN_POINT('',(-5.3,9.179869280115));
#3689 = CARTESIAN_POINT('',(2.65,4.589934640058));
#3690 = CARTESIAN_POINT('',(10.6,1.298125607096E-15));
#3691 = CARTESIAN_POINT('',(2.65,-4.589934640058));
#3692 = CARTESIAN_POINT('',(-5.3,-9.179869280115));
#3693 = CARTESIAN_POINT('',(-5.3,0.));
#3694 = ( GEOMETRIC_REPRESENTATION_CONTEXT(2) 
PARAMETRIC_REPRESENTATION_CONTEXT() REPRESENTATION_CONTEXT('2D SPACE',''
  ) );
#3695 = ORIENTED_EDGE('',*,*,#3642,.F.);
#3696 = ADVANCED_FACE('',(#3697),#3620,.F.);
#3697 = FACE_BOUND('',#3698,.T.);
#3698 = EDGE_LOOP('',(#3699));
#3699 = ORIENTED_EDGE('',*,*,#3605,.T.);
#3700 = ADVANCED_FACE('',(#3701,#3704),#3680,.T.);
#3701 = FACE_BOUND('',#3702,.F.);
#3702 = EDGE_LOOP('',(#3703));
#3703 = ORIENTED_EDGE('',*,*,#3665,.T.);
#3704 = FACE_BOUND('',#3705,.F.);
#3705 = EDGE_LOOP('',(#3706));
#3706 = ORIENTED_EDGE('',*,*,#3707,.F.);
#3707 = EDGE_CURVE('',#3708,#3708,#3710,.T.);
#3708 = VERTEX_POINT('',#3709);
#3709 = CARTESIAN_POINT('',(80.527754366929,31.9,1.));
#3710 = SURFACE_CURVE('',#3711,(#3716,#3727),.PCURVE_S1.);
#3711 = CIRCLE('',#3712,3.427754366929);
#3712 = AXIS2_PLACEMENT_3D('',#3713,#3714,#3715);
#3713 = CARTESIAN_POINT('',(77.1,31.9,1.));
#3714 = DIRECTION('',(0.,0.,-1.));
#3715 = DIRECTION('',(1.,-0.,-0.));
#3716 = PCURVE('',#3680,#3717);
#3717 = DEFINITIONAL_REPRESENTATION('',(#3718),#3726);
#3718 = ( BOUNDED_CURVE() B_SPLINE_CURVE(2,(#3719,#3720,#3721,#3722,
#3723,#3724,#3725),.UNSPECIFIED.,.T.,.F.) B_SPLINE_CURVE_WITH_KNOTS((1,2
    ,2,2,2,1),(-2.094395102393,0.,2.094395102393,4.188790204786,
6.28318530718,8.377580409573),.UNSPECIFIED.) CURVE() 
GEOMETRIC_REPRESENTATION_ITEM() RATIONAL_B_SPLINE_CURVE((1.,0.5,1.,0.5,
1.,0.5,1.)) REPRESENTATION_ITEM('') );
#3719 = CARTESIAN_POINT('',(-3.427754366929,0.));
#3720 = CARTESIAN_POINT('',(-3.427754366929,5.937044719387));
#3721 = CARTESIAN_POINT('',(1.713877183464,2.968522359693));
#3722 = CARTESIAN_POINT('',(6.855508733858,8.395576827446E-16));
#3723 = CARTESIAN_POINT('',(1.713877183464,-2.968522359693));
#3724 = CARTESIAN_POINT('',(-3.427754366929,-5.937044719387));
#3725 = CARTESIAN_POINT('',(-3.427754366929,0.));
#3726 = ( GEOMETRIC_REPRESENTATION_CONTEXT(2) 
PARAMETRIC_REPRESENTATION_CONTEXT() REPRESENTATION_CONTEXT('2D SPACE',''
  ) );
#3727 = PCURVE('',#3728,#3733);
#3728 = SPHERICAL_SURFACE('',#3729,16.96);
#3729 = AXIS2_PLACEMENT_3D('',#3730,#3731,#3732);
#3730 = CARTESIAN_POINT('',(77.1,31.9,17.61));
#3731 = DIRECTION('',(0.,0.,1.));
#3732 = DIRECTION('',(1.,0.,0.));
#3733 = DEFINITIONAL_REPRESENTATION('',(#3734),#3738);
#3734 = LINE('',#3735,#3736);
#3735 = CARTESIAN_POINT('',(-0.,-1.367286301452));
#3736 = VECTOR('',#3737,1.);
#3737 = DIRECTION('',(-1.,0.));
#3738 = ( GEOMETRIC_REPRESENTATION_CONTEXT(2) 
PARAMETRIC_REPRESENTATION_CONTEXT() REPRESENTATION_CONTEXT('2D SPACE',''
  ) );
#3739 = ADVANCED_FACE('',(#3740),#3728,.F.);
#3740 = FACE_BOUND('',#3741,.T.);
#3741 = EDGE_LOOP('',(#3742,#3743,#3767));
#3742 = ORIENTED_EDGE('',*,*,#3707,.F.);
#3743 = ORIENTED_EDGE('',*,*,#3744,.F.);
#3744 = EDGE_CURVE('',#3745,#3708,#3747,.T.);
#3745 = VERTEX_POINT('',#3746);
#3746 = CARTESIAN_POINT('',(77.1,31.9,0.65));
#3747 = SEAM_CURVE('',#3748,(#3753,#3760),.PCURVE_S1.);
#3748 = CIRCLE('',#3749,16.96);
#3749 = AXIS2_PLACEMENT_3D('',#3750,#3751,#3752);
#3750 = CARTESIAN_POINT('',(77.1,31.9,17.61));
#3751 = DIRECTION('',(2.449293598295E-16,-1.,0.));
#3752 = DIRECTION('',(1.,2.449293598295E-16,0.));
#3753 = PCURVE('',#3728,#3754);
#3754 = DEFINITIONAL_REPRESENTATION('',(#3755),#3759);
#3755 = LINE('',#3756,#3757);
#3756 = CARTESIAN_POINT('',(-6.28318530718,-6.28318530718));
#3757 = VECTOR('',#3758,1.);
#3758 = DIRECTION('',(-0.,1.));
#3759 = ( GEOMETRIC_REPRESENTATION_CONTEXT(2) 
PARAMETRIC_REPRESENTATION_CONTEXT() REPRESENTATION_CONTEXT('2D SPACE',''
  ) );
#3760 = PCURVE('',#3728,#3761);
#3761 = DEFINITIONAL_REPRESENTATION('',(#3762),#3766);
#3762 = LINE('',#3763,#3764);
#3763 = CARTESIAN_POINT('',(-0.,-6.28318530718));
#3764 = VECTOR('',#3765,1.);
#3765 = DIRECTION('',(-0.,1.));
#3766 = ( GEOMETRIC_REPRESENTATION_CONTEXT(2) 
PARAMETRIC_REPRESENTATION_CONTEXT() REPRESENTATION_CONTEXT('2D SPACE',''
  ) );
#3767 = ORIENTED_EDGE('',*,*,#3744,.T.);
#3768 = ( GEOMETRIC_REPRESENTATION_CONTEXT(3) 
GLOBAL_UNCERTAINTY_ASSIGNED_CONTEXT((#3772)) 
GLOBAL_UNIT_ASSIGNED_CONTEXT((#3769,#3770,#3771)) REPRESENTATION_CONTEXT
('Context #1','3D Context with UNIT and UNCERTAINTY') );
#3769 = ( LENGTH_UNIT() NAMED_UNIT(*) SI_UNIT(.MILLI.,.METRE.) );
#3770 = ( NAMED_UNIT(*) PLANE_ANGLE_UNIT() SI_UNIT($,.RADIAN.) );
#3771 = ( NAMED_UNIT(*) SI_UNIT($,.STERADIAN.) SOLID_ANGLE_UNIT() );
#3772 = UNCERTAINTY_MEASURE_WITH_UNIT(LENGTH_MEASURE(1.E-07),#3769,
  'distance_accuracy_value','confusion accuracy');
#3773 = CONTEXT_DEPENDENT_SHAPE_REPRESENTATION(#3774,#3776);
#3774 = ( REPRESENTATION_RELATIONSHIP('','',#3165,#10) 
REPRESENTATION_RELATIONSHIP_WITH_TRANSFORMATION(#3775) 
SHAPE_REPRESENTATION_RELATIONSHIP() );
#3775 = ITEM_DEFINED_TRANSFORMATION('','',#11,#35);
#3776 = PRODUCT_DEFINITION_SHAPE('Placement','Placement of an item',
  #3777);
#3777 = NEXT_ASSEMBLY_USAGE_OCCURRENCE('74','','',#5,#3160,$);
#3778 = PRODUCT_RELATED_PRODUCT_CATEGORY('part',$,(#3162));
#3779 = SHAPE_DEFINITION_REPRESENTATION(#3780,#3786);
#3780 = PRODUCT_DEFINITION_SHAPE('','',#3781);
#3781 = PRODUCT_DEFINITION('design','',#3782,#3785);
#3782 = PRODUCT_DEFINITION_FORMATION('','',#3783);
#3783 = PRODUCT('Open CASCADE STEP translator 7.9 17.7',
  'Open CASCADE STEP translator 7.9 17.7','',(#3784));
#3784 = PRODUCT_CONTEXT('',#2,'mechanical');
#3785 = PRODUCT_DEFINITION_CONTEXT('part definition',#2,'design');
#3786 = ADVANCED_BREP_SHAPE_REPRESENTATION('',(#11,#3787),#4389);
#3787 = MANIFOLD_SOLID_BREP('',#3788);
#3788 = CLOSED_SHELL('',(#3789,#3915,#3991,#4080,#4129,#4192,#4199,#4258
    ,#4317,#4321,#4360));
#3789 = ADVANCED_FACE('',(#3790),#3804,.T.);
#3790 = FACE_BOUND('',#3791,.F.);
#3791 = EDGE_LOOP('',(#3792,#3827,#3856,#3884));
#3792 = ORIENTED_EDGE('',*,*,#3793,.T.);
#3793 = EDGE_CURVE('',#3794,#3796,#3798,.T.);
#3794 = VERTEX_POINT('',#3795);
#3795 = CARTESIAN_POINT('',(59.319131071802,8.75,-2.5));
#3796 = VERTEX_POINT('',#3797);
#3797 = CARTESIAN_POINT('',(59.319131071802,8.75,-1.5));
#3798 = SURFACE_CURVE('',#3799,(#3803,#3815),.PCURVE_S1.);
#3799 = LINE('',#3800,#3801);
#3800 = CARTESIAN_POINT('',(59.319131071802,8.75,-1.5));
#3801 = VECTOR('',#3802,1.);
#3802 = DIRECTION('',(-0.,-0.,1.));
#3803 = PCURVE('',#3804,#3809);
#3804 = CYLINDRICAL_SURFACE('',#3805,5.1);
#3805 = AXIS2_PLACEMENT_3D('',#3806,#3807,#3808);
#3806 = CARTESIAN_POINT('',(56.5,13.,-1.5));
#3807 = DIRECTION('',(-0.,-0.,1.));
#3808 = DIRECTION('',(1.,-0.,-0.));
#3809 = DEFINITIONAL_REPRESENTATION('',(#3810),#3814);
#3810 = LINE('',#3811,#3812);
#3811 = CARTESIAN_POINT('',(-7.268296090517,0.));
#3812 = VECTOR('',#3813,1.);
#3813 = DIRECTION('',(-0.,1.));
#3814 = ( GEOMETRIC_REPRESENTATION_CONTEXT(2) 
PARAMETRIC_REPRESENTATION_CONTEXT() REPRESENTATION_CONTEXT('2D SPACE',''
  ) );
#3815 = PCURVE('',#3816,#3821);
#3816 = PLANE('',#3817);
#3817 = AXIS2_PLACEMENT_3D('',#3818,#3819,#3820);
#3818 = CARTESIAN_POINT('',(46.3,8.75,-50.));
#3819 = DIRECTION('',(0.,-1.,0.));
#3820 = DIRECTION('',(0.,-0.,-1.));
#3821 = DEFINITIONAL_REPRESENTATION('',(#3822),#3826);
#3822 = LINE('',#3823,#3824);
#3823 = CARTESIAN_POINT('',(-48.5,13.019131071802));
#3824 = VECTOR('',#3825,1.);
#3825 = DIRECTION('',(-1.,0.));
#3826 = ( GEOMETRIC_REPRESENTATION_CONTEXT(2) 
PARAMETRIC_REPRESENTATION_CONTEXT() REPRESENTATION_CONTEXT('2D SPACE',''
  ) );
#3827 = ORIENTED_EDGE('',*,*,#3828,.T.);
#3828 = EDGE_CURVE('',#3796,#3829,#3831,.T.);
#3829 = VERTEX_POINT('',#3830);
#3830 = CARTESIAN_POINT('',(59.319131071802,17.25,-1.5));
#3831 = SURFACE_CURVE('',#3832,(#3837,#3844),.PCURVE_S1.);
#3832 = CIRCLE('',#3833,5.1);
#3833 = AXIS2_PLACEMENT_3D('',#3834,#3835,#3836);
#3834 = CARTESIAN_POINT('',(56.5,13.,-1.5));
#3835 = DIRECTION('',(0.,0.,1.));
#3836 = DIRECTION('',(0.552770798393,-0.833333333333,-0.));
#3837 = PCURVE('',#3804,#3838);
#3838 = DEFINITIONAL_REPRESENTATION('',(#3839),#3843);
#3839 = LINE('',#3840,#3841);
#3840 = CARTESIAN_POINT('',(-7.268296090517,0.));
#3841 = VECTOR('',#3842,1.);
#3842 = DIRECTION('',(1.,-0.));
#3843 = ( GEOMETRIC_REPRESENTATION_CONTEXT(2) 
PARAMETRIC_REPRESENTATION_CONTEXT() REPRESENTATION_CONTEXT('2D SPACE',''
  ) );
#3844 = PCURVE('',#3845,#3850);
#3845 = PLANE('',#3846);
#3846 = AXIS2_PLACEMENT_3D('',#3847,#3848,#3849);
#3847 = CARTESIAN_POINT('',(56.5,13.,-1.5));
#3848 = DIRECTION('',(-0.,-0.,1.));
#3849 = DIRECTION('',(-1.,0.,0.));
#3850 = DEFINITIONAL_REPRESENTATION('',(#3851),#3855);
#3851 = CIRCLE('',#3852,5.1);
#3852 = AXIS2_PLACEMENT_2D('',#3853,#3854);
#3853 = CARTESIAN_POINT('',(0.,0.));
#3854 = DIRECTION('',(-0.552770798393,0.833333333333));
#3855 = ( GEOMETRIC_REPRESENTATION_CONTEXT(2) 
PARAMETRIC_REPRESENTATION_CONTEXT() REPRESENTATION_CONTEXT('2D SPACE',''
  ) );
#3856 = ORIENTED_EDGE('',*,*,#3857,.F.);
#3857 = EDGE_CURVE('',#3858,#3829,#3860,.T.);
#3858 = VERTEX_POINT('',#3859);
#3859 = CARTESIAN_POINT('',(59.319131071802,17.25,-2.5));
#3860 = SURFACE_CURVE('',#3861,(#3865,#3872),.PCURVE_S1.);
#3861 = LINE('',#3862,#3863);
#3862 = CARTESIAN_POINT('',(59.319131071802,17.25,-1.5));
#3863 = VECTOR('',#3864,1.);
#3864 = DIRECTION('',(-0.,-0.,1.));
#3865 = PCURVE('',#3804,#3866);
#3866 = DEFINITIONAL_REPRESENTATION('',(#3867),#3871);
#3867 = LINE('',#3868,#3869);
#3868 = CARTESIAN_POINT('',(-5.298074523842,0.));
#3869 = VECTOR('',#3870,1.);
#3870 = DIRECTION('',(-0.,1.));
#3871 = ( GEOMETRIC_REPRESENTATION_CONTEXT(2) 
PARAMETRIC_REPRESENTATION_CONTEXT() REPRESENTATION_CONTEXT('2D SPACE',''
  ) );
#3872 = PCURVE('',#3873,#3878);
#3873 = PLANE('',#3874);
#3874 = AXIS2_PLACEMENT_3D('',#3875,#3876,#3877);
#3875 = CARTESIAN_POINT('',(46.3,17.25,-50.));
#3876 = DIRECTION('',(0.,-1.,0.));
#3877 = DIRECTION('',(0.,-0.,-1.));
#3878 = DEFINITIONAL_REPRESENTATION('',(#3879),#3883);
#3879 = LINE('',#3880,#3881);
#3880 = CARTESIAN_POINT('',(-48.5,13.019131071802));
#3881 = VECTOR('',#3882,1.);
#3882 = DIRECTION('',(-1.,0.));
#3883 = ( GEOMETRIC_REPRESENTATION_CONTEXT(2) 
PARAMETRIC_REPRESENTATION_CONTEXT() REPRESENTATION_CONTEXT('2D SPACE',''
  ) );
#3884 = ORIENTED_EDGE('',*,*,#3885,.T.);
#3885 = EDGE_CURVE('',#3858,#3794,#3886,.T.);
#3886 = SURFACE_CURVE('',#3887,(#3892,#3899),.PCURVE_S1.);
#3887 = CIRCLE('',#3888,5.1);
#3888 = AXIS2_PLACEMENT_3D('',#3889,#3890,#3891);
#3889 = CARTESIAN_POINT('',(56.5,13.,-2.5));
#3890 = DIRECTION('',(0.,0.,-1.));
#3891 = DIRECTION('',(-0.552770798393,-0.833333333333,-0.));
#3892 = PCURVE('',#3804,#3893);
#3893 = DEFINITIONAL_REPRESENTATION('',(#3894),#3898);
#3894 = LINE('',#3895,#3896);
#3895 = CARTESIAN_POINT('',(-2.156481870252,-1.));
#3896 = VECTOR('',#3897,1.);
#3897 = DIRECTION('',(-1.,0.));
#3898 = ( GEOMETRIC_REPRESENTATION_CONTEXT(2) 
PARAMETRIC_REPRESENTATION_CONTEXT() REPRESENTATION_CONTEXT('2D SPACE',''
  ) );
#3899 = PCURVE('',#3900,#3905);
#3900 = PLANE('',#3901);
#3901 = AXIS2_PLACEMENT_3D('',#3902,#3903,#3904);
#3902 = CARTESIAN_POINT('',(56.5,13.,-2.5));
#3903 = DIRECTION('',(-0.,-0.,1.));
#3904 = DIRECTION('',(-1.,0.,0.));
#3905 = DEFINITIONAL_REPRESENTATION('',(#3906),#3914);
#3906 = ( BOUNDED_CURVE() B_SPLINE_CURVE(2,(#3907,#3908,#3909,#3910,
#3911,#3912,#3913),.UNSPECIFIED.,.T.,.F.) B_SPLINE_CURVE_WITH_KNOTS((1,2
    ,2,2,2,1),(-2.094395102393,0.,2.094395102393,4.188790204786,
6.28318530718,8.377580409573),.UNSPECIFIED.) CURVE() 
GEOMETRIC_REPRESENTATION_ITEM() RATIONAL_B_SPLINE_CURVE((1.,0.5,1.,0.5,
1.,0.5,1.)) REPRESENTATION_ITEM('') );
#3907 = CARTESIAN_POINT('',(2.819131071802,4.25));
#3908 = CARTESIAN_POINT('',(10.18034700397,-0.632878249557));
#3909 = CARTESIAN_POINT('',(2.271042430183,-4.566439124779));
#3910 = CARTESIAN_POINT('',(-5.638262143604,-8.5));
#3911 = CARTESIAN_POINT('',(-5.090173501985,0.316439124779));
#3912 = CARTESIAN_POINT('',(-4.542084860366,9.132878249557));
#3913 = CARTESIAN_POINT('',(2.819131071802,4.25));
#3914 = ( GEOMETRIC_REPRESENTATION_CONTEXT(2) 
PARAMETRIC_REPRESENTATION_CONTEXT() REPRESENTATION_CONTEXT('2D SPACE',''
  ) );
#3915 = ADVANCED_FACE('',(#3916),#3816,.T.);
#3916 = FACE_BOUND('',#3917,.F.);
#3917 = EDGE_LOOP('',(#3918,#3919,#3942,#3970));
#3918 = ORIENTED_EDGE('',*,*,#3793,.F.);
#3919 = ORIENTED_EDGE('',*,*,#3920,.T.);
#3920 = EDGE_CURVE('',#3794,#3921,#3923,.T.);
#3921 = VERTEX_POINT('',#3922);
#3922 = CARTESIAN_POINT('',(53.680868928198,8.75,-2.5));
#3923 = SURFACE_CURVE('',#3924,(#3928,#3935),.PCURVE_S1.);
#3924 = LINE('',#3925,#3926);
#3925 = CARTESIAN_POINT('',(51.4,8.75,-2.5));
#3926 = VECTOR('',#3927,1.);
#3927 = DIRECTION('',(-1.,-0.,-0.));
#3928 = PCURVE('',#3816,#3929);
#3929 = DEFINITIONAL_REPRESENTATION('',(#3930),#3934);
#3930 = LINE('',#3931,#3932);
#3931 = CARTESIAN_POINT('',(-47.5,5.1));
#3932 = VECTOR('',#3933,1.);
#3933 = DIRECTION('',(-0.,-1.));
#3934 = ( GEOMETRIC_REPRESENTATION_CONTEXT(2) 
PARAMETRIC_REPRESENTATION_CONTEXT() REPRESENTATION_CONTEXT('2D SPACE',''
  ) );
#3935 = PCURVE('',#3900,#3936);
#3936 = DEFINITIONAL_REPRESENTATION('',(#3937),#3941);
#3937 = LINE('',#3938,#3939);
#3938 = CARTESIAN_POINT('',(5.1,4.25));
#3939 = VECTOR('',#3940,1.);
#3940 = DIRECTION('',(1.,-0.));
#3941 = ( GEOMETRIC_REPRESENTATION_CONTEXT(2) 
PARAMETRIC_REPRESENTATION_CONTEXT() REPRESENTATION_CONTEXT('2D SPACE',''
  ) );
#3942 = ORIENTED_EDGE('',*,*,#3943,.T.);
#3943 = EDGE_CURVE('',#3921,#3944,#3946,.T.);
#3944 = VERTEX_POINT('',#3945);
#3945 = CARTESIAN_POINT('',(53.680868928198,8.75,-1.5));
#3946 = SURFACE_CURVE('',#3947,(#3951,#3958),.PCURVE_S1.);
#3947 = LINE('',#3948,#3949);
#3948 = CARTESIAN_POINT('',(53.680868928198,8.75,-1.5));
#3949 = VECTOR('',#3950,1.);
#3950 = DIRECTION('',(-0.,-0.,1.));
#3951 = PCURVE('',#3816,#3952);
#3952 = DEFINITIONAL_REPRESENTATION('',(#3953),#3957);
#3953 = LINE('',#3954,#3955);
#3954 = CARTESIAN_POINT('',(-48.5,7.380868928198));
#3955 = VECTOR('',#3956,1.);
#3956 = DIRECTION('',(-1.,0.));
#3957 = ( GEOMETRIC_REPRESENTATION_CONTEXT(2) 
PARAMETRIC_REPRESENTATION_CONTEXT() REPRESENTATION_CONTEXT('2D SPACE',''
  ) );
#3958 = PCURVE('',#3959,#3964);
#3959 = CYLINDRICAL_SURFACE('',#3960,5.1);
#3960 = AXIS2_PLACEMENT_3D('',#3961,#3962,#3963);
#3961 = CARTESIAN_POINT('',(56.5,13.,-1.5));
#3962 = DIRECTION('',(-0.,-0.,1.));
#3963 = DIRECTION('',(1.,-0.,-0.));
#3964 = DEFINITIONAL_REPRESENTATION('',(#3965),#3969);
#3965 = LINE('',#3966,#3967);
#3966 = CARTESIAN_POINT('',(-2.156481870252,0.));
#3967 = VECTOR('',#3968,1.);
#3968 = DIRECTION('',(-0.,1.));
#3969 = ( GEOMETRIC_REPRESENTATION_CONTEXT(2) 
PARAMETRIC_REPRESENTATION_CONTEXT() REPRESENTATION_CONTEXT('2D SPACE',''
  ) );
#3970 = ORIENTED_EDGE('',*,*,#3971,.F.);
#3971 = EDGE_CURVE('',#3796,#3944,#3972,.T.);
#3972 = SURFACE_CURVE('',#3973,(#3977,#3984),.PCURVE_S1.);
#3973 = LINE('',#3974,#3975);
#3974 = CARTESIAN_POINT('',(51.4,8.75,-1.5));
#3975 = VECTOR('',#3976,1.);
#3976 = DIRECTION('',(-1.,-0.,-0.));
#3977 = PCURVE('',#3816,#3978);
#3978 = DEFINITIONAL_REPRESENTATION('',(#3979),#3983);
#3979 = LINE('',#3980,#3981);
#3980 = CARTESIAN_POINT('',(-48.5,5.1));
#3981 = VECTOR('',#3982,1.);
#3982 = DIRECTION('',(-0.,-1.));
#3983 = ( GEOMETRIC_REPRESENTATION_CONTEXT(2) 
PARAMETRIC_REPRESENTATION_CONTEXT() REPRESENTATION_CONTEXT('2D SPACE',''
  ) );
#3984 = PCURVE('',#3845,#3985);
#3985 = DEFINITIONAL_REPRESENTATION('',(#3986),#3990);
#3986 = LINE('',#3987,#3988);
#3987 = CARTESIAN_POINT('',(5.1,4.25));
#3988 = VECTOR('',#3989,1.);
#3989 = DIRECTION('',(1.,-0.));
#3990 = ( GEOMETRIC_REPRESENTATION_CONTEXT(2) 
PARAMETRIC_REPRESENTATION_CONTEXT() REPRESENTATION_CONTEXT('2D SPACE',''
  ) );
#3991 = ADVANCED_FACE('',(#3992,#4045),#3900,.F.);
#3992 = FACE_BOUND('',#3993,.T.);
#3993 = EDGE_LOOP('',(#3994,#3995,#4023,#4044));
#3994 = ORIENTED_EDGE('',*,*,#3920,.T.);
#3995 = ORIENTED_EDGE('',*,*,#3996,.T.);
#3996 = EDGE_CURVE('',#3921,#3997,#3999,.T.);
#3997 = VERTEX_POINT('',#3998);
#3998 = CARTESIAN_POINT('',(53.680868928198,17.25,-2.5));
#3999 = SURFACE_CURVE('',#4000,(#4005,#4016),.PCURVE_S1.);
#4000 = CIRCLE('',#4001,5.1);
#4001 = AXIS2_PLACEMENT_3D('',#4002,#4003,#4004);
#4002 = CARTESIAN_POINT('',(56.5,13.,-2.5));
#4003 = DIRECTION('',(0.,0.,-1.));
#4004 = DIRECTION('',(-0.552770798393,-0.833333333333,-0.));
#4005 = PCURVE('',#3900,#4006);
#4006 = DEFINITIONAL_REPRESENTATION('',(#4007),#4015);
#4007 = ( BOUNDED_CURVE() B_SPLINE_CURVE(2,(#4008,#4009,#4010,#4011,
#4012,#4013,#4014),.UNSPECIFIED.,.T.,.F.) B_SPLINE_CURVE_WITH_KNOTS((1,2
    ,2,2,2,1),(-2.094395102393,0.,2.094395102393,4.188790204786,
6.28318530718,8.377580409573),.UNSPECIFIED.) CURVE() 
GEOMETRIC_REPRESENTATION_ITEM() RATIONAL_B_SPLINE_CURVE((1.,0.5,1.,0.5,
1.,0.5,1.)) REPRESENTATION_ITEM('') );
#4008 = CARTESIAN_POINT('',(2.819131071802,4.25));
#4009 = CARTESIAN_POINT('',(10.18034700397,-0.632878249557));
#4010 = CARTESIAN_POINT('',(2.271042430183,-4.566439124779));
#4011 = CARTESIAN_POINT('',(-5.638262143604,-8.5));
#4012 = CARTESIAN_POINT('',(-5.090173501985,0.316439124779));
#4013 = CARTESIAN_POINT('',(-4.542084860366,9.132878249557));
#4014 = CARTESIAN_POINT('',(2.819131071802,4.25));
#4015 = ( GEOMETRIC_REPRESENTATION_CONTEXT(2) 
PARAMETRIC_REPRESENTATION_CONTEXT() REPRESENTATION_CONTEXT('2D SPACE',''
  ) );
#4016 = PCURVE('',#3959,#4017);
#4017 = DEFINITIONAL_REPRESENTATION('',(#4018),#4022);
#4018 = LINE('',#4019,#4020);
#4019 = CARTESIAN_POINT('',(-2.156481870252,-1.));
#4020 = VECTOR('',#4021,1.);
#4021 = DIRECTION('',(-1.,0.));
#4022 = ( GEOMETRIC_REPRESENTATION_CONTEXT(2) 
PARAMETRIC_REPRESENTATION_CONTEXT() REPRESENTATION_CONTEXT('2D SPACE',''
  ) );
#4023 = ORIENTED_EDGE('',*,*,#4024,.F.);
#4024 = EDGE_CURVE('',#3858,#3997,#4025,.T.);
#4025 = SURFACE_CURVE('',#4026,(#4030,#4037),.PCURVE_S1.);
#4026 = LINE('',#4027,#4028);
#4027 = CARTESIAN_POINT('',(51.4,17.25,-2.5));
#4028 = VECTOR('',#4029,1.);
#4029 = DIRECTION('',(-1.,-0.,-0.));
#4030 = PCURVE('',#3900,#4031);
#4031 = DEFINITIONAL_REPRESENTATION('',(#4032),#4036);
#4032 = LINE('',#4033,#4034);
#4033 = CARTESIAN_POINT('',(5.1,-4.25));
#4034 = VECTOR('',#4035,1.);
#4035 = DIRECTION('',(1.,-0.));
#4036 = ( GEOMETRIC_REPRESENTATION_CONTEXT(2) 
PARAMETRIC_REPRESENTATION_CONTEXT() REPRESENTATION_CONTEXT('2D SPACE',''
  ) );
#4037 = PCURVE('',#3873,#4038);
#4038 = DEFINITIONAL_REPRESENTATION('',(#4039),#4043);
#4039 = LINE('',#4040,#4041);
#4040 = CARTESIAN_POINT('',(-47.5,5.1));
#4041 = VECTOR('',#4042,1.);
#4042 = DIRECTION('',(-0.,-1.));
#4043 = ( GEOMETRIC_REPRESENTATION_CONTEXT(2) 
PARAMETRIC_REPRESENTATION_CONTEXT() REPRESENTATION_CONTEXT('2D SPACE',''
  ) );
#4044 = ORIENTED_EDGE('',*,*,#3885,.T.);
#4045 = FACE_BOUND('',#4046,.T.);
#4046 = EDGE_LOOP('',(#4047));
#4047 = ORIENTED_EDGE('',*,*,#4048,.F.);
#4048 = EDGE_CURVE('',#4049,#4049,#4051,.T.);
#4049 = VERTEX_POINT('',#4050);
#4050 = CARTESIAN_POINT('',(58.,13.,-2.5));
#4051 = SURFACE_CURVE('',#4052,(#4057,#4068),.PCURVE_S1.);
#4052 = CIRCLE('',#4053,1.5);
#4053 = AXIS2_PLACEMENT_3D('',#4054,#4055,#4056);
#4054 = CARTESIAN_POINT('',(56.5,13.,-2.5));
#4055 = DIRECTION('',(0.,0.,-1.));
#4056 = DIRECTION('',(1.,-0.,-0.));
#4057 = PCURVE('',#3900,#4058);
#4058 = DEFINITIONAL_REPRESENTATION('',(#4059),#4067);
#4059 = ( BOUNDED_CURVE() B_SPLINE_CURVE(2,(#4060,#4061,#4062,#4063,
#4064,#4065,#4066),.UNSPECIFIED.,.T.,.F.) B_SPLINE_CURVE_WITH_KNOTS((1,2
    ,2,2,2,1),(-2.094395102393,0.,2.094395102393,4.188790204786,
6.28318530718,8.377580409573),.UNSPECIFIED.) CURVE() 
GEOMETRIC_REPRESENTATION_ITEM() RATIONAL_B_SPLINE_CURVE((1.,0.5,1.,0.5,
1.,0.5,1.)) REPRESENTATION_ITEM('') );
#4060 = CARTESIAN_POINT('',(-1.5,0.));
#4061 = CARTESIAN_POINT('',(-1.5,2.598076211353));
#4062 = CARTESIAN_POINT('',(0.75,1.299038105677));
#4063 = CARTESIAN_POINT('',(3.,3.673940397442E-16));
#4064 = CARTESIAN_POINT('',(0.75,-1.299038105677));
#4065 = CARTESIAN_POINT('',(-1.5,-2.598076211353));
#4066 = CARTESIAN_POINT('',(-1.5,0.));
#4067 = ( GEOMETRIC_REPRESENTATION_CONTEXT(2) 
PARAMETRIC_REPRESENTATION_CONTEXT() REPRESENTATION_CONTEXT('2D SPACE',''
  ) );
#4068 = PCURVE('',#4069,#4074);
#4069 = CYLINDRICAL_SURFACE('',#4070,1.5);
#4070 = AXIS2_PLACEMENT_3D('',#4071,#4072,#4073);
#4071 = CARTESIAN_POINT('',(56.5,13.,-2.5));
#4072 = DIRECTION('',(-0.,-0.,1.));
#4073 = DIRECTION('',(1.,-0.,-0.));
#4074 = DEFINITIONAL_REPRESENTATION('',(#4075),#4079);
#4075 = LINE('',#4076,#4077);
#4076 = CARTESIAN_POINT('',(-0.,0.));
#4077 = VECTOR('',#4078,1.);
#4078 = DIRECTION('',(-1.,0.));
#4079 = ( GEOMETRIC_REPRESENTATION_CONTEXT(2) 
PARAMETRIC_REPRESENTATION_CONTEXT() REPRESENTATION_CONTEXT('2D SPACE',''
  ) );
#4080 = ADVANCED_FACE('',(#4081),#3873,.F.);
#4081 = FACE_BOUND('',#4082,.T.);
#4082 = EDGE_LOOP('',(#4083,#4084,#4085,#4108));
#4083 = ORIENTED_EDGE('',*,*,#3857,.F.);
#4084 = ORIENTED_EDGE('',*,*,#4024,.T.);
#4085 = ORIENTED_EDGE('',*,*,#4086,.T.);
#4086 = EDGE_CURVE('',#3997,#4087,#4089,.T.);
#4087 = VERTEX_POINT('',#4088);
#4088 = CARTESIAN_POINT('',(53.680868928198,17.25,-1.5));
#4089 = SURFACE_CURVE('',#4090,(#4094,#4101),.PCURVE_S1.);
#4090 = LINE('',#4091,#4092);
#4091 = CARTESIAN_POINT('',(53.680868928198,17.25,-1.5));
#4092 = VECTOR('',#4093,1.);
#4093 = DIRECTION('',(-0.,-0.,1.));
#4094 = PCURVE('',#3873,#4095);
#4095 = DEFINITIONAL_REPRESENTATION('',(#4096),#4100);
#4096 = LINE('',#4097,#4098);
#4097 = CARTESIAN_POINT('',(-48.5,7.380868928198));
#4098 = VECTOR('',#4099,1.);
#4099 = DIRECTION('',(-1.,0.));
#4100 = ( GEOMETRIC_REPRESENTATION_CONTEXT(2) 
PARAMETRIC_REPRESENTATION_CONTEXT() REPRESENTATION_CONTEXT('2D SPACE',''
  ) );
#4101 = PCURVE('',#3959,#4102);
#4102 = DEFINITIONAL_REPRESENTATION('',(#4103),#4107);
#4103 = LINE('',#4104,#4105);
#4104 = CARTESIAN_POINT('',(-4.126703436928,0.));
#4105 = VECTOR('',#4106,1.);
#4106 = DIRECTION('',(-0.,1.));
#4107 = ( GEOMETRIC_REPRESENTATION_CONTEXT(2) 
PARAMETRIC_REPRESENTATION_CONTEXT() REPRESENTATION_CONTEXT('2D SPACE',''
  ) );
#4108 = ORIENTED_EDGE('',*,*,#4109,.F.);
#4109 = EDGE_CURVE('',#3829,#4087,#4110,.T.);
#4110 = SURFACE_CURVE('',#4111,(#4115,#4122),.PCURVE_S1.);
#4111 = LINE('',#4112,#4113);
#4112 = CARTESIAN_POINT('',(51.4,17.25,-1.5));
#4113 = VECTOR('',#4114,1.);
#4114 = DIRECTION('',(-1.,-0.,-0.));
#4115 = PCURVE('',#3873,#4116);
#4116 = DEFINITIONAL_REPRESENTATION('',(#4117),#4121);
#4117 = LINE('',#4118,#4119);
#4118 = CARTESIAN_POINT('',(-48.5,5.1));
#4119 = VECTOR('',#4120,1.);
#4120 = DIRECTION('',(-0.,-1.));
#4121 = ( GEOMETRIC_REPRESENTATION_CONTEXT(2) 
PARAMETRIC_REPRESENTATION_CONTEXT() REPRESENTATION_CONTEXT('2D SPACE',''
  ) );
#4122 = PCURVE('',#3845,#4123);
#4123 = DEFINITIONAL_REPRESENTATION('',(#4124),#4128);
#4124 = LINE('',#4125,#4126);
#4125 = CARTESIAN_POINT('',(5.1,-4.25));
#4126 = VECTOR('',#4127,1.);
#4127 = DIRECTION('',(1.,-0.));
#4128 = ( GEOMETRIC_REPRESENTATION_CONTEXT(2) 
PARAMETRIC_REPRESENTATION_CONTEXT() REPRESENTATION_CONTEXT('2D SPACE',''
  ) );
#4129 = ADVANCED_FACE('',(#4130,#4157),#3845,.T.);
#4130 = FACE_BOUND('',#4131,.F.);
#4131 = EDGE_LOOP('',(#4132,#4133,#4134,#4156));
#4132 = ORIENTED_EDGE('',*,*,#3828,.F.);
#4133 = ORIENTED_EDGE('',*,*,#3971,.T.);
#4134 = ORIENTED_EDGE('',*,*,#4135,.F.);
#4135 = EDGE_CURVE('',#4087,#3944,#4136,.T.);
#4136 = SURFACE_CURVE('',#4137,(#4142,#4149),.PCURVE_S1.);
#4137 = CIRCLE('',#4138,5.1);
#4138 = AXIS2_PLACEMENT_3D('',#4139,#4140,#4141);
#4139 = CARTESIAN_POINT('',(56.5,13.,-1.5));
#4140 = DIRECTION('',(0.,0.,1.));
#4141 = DIRECTION('',(0.552770798393,-0.833333333333,-0.));
#4142 = PCURVE('',#3845,#4143);
#4143 = DEFINITIONAL_REPRESENTATION('',(#4144),#4148);
#4144 = CIRCLE('',#4145,5.1);
#4145 = AXIS2_PLACEMENT_2D('',#4146,#4147);
#4146 = CARTESIAN_POINT('',(0.,0.));
#4147 = DIRECTION('',(-0.552770798393,0.833333333333));
#4148 = ( GEOMETRIC_REPRESENTATION_CONTEXT(2) 
PARAMETRIC_REPRESENTATION_CONTEXT() REPRESENTATION_CONTEXT('2D SPACE',''
  ) );
#4149 = PCURVE('',#3959,#4150);
#4150 = DEFINITIONAL_REPRESENTATION('',(#4151),#4155);
#4151 = LINE('',#4152,#4153);
#4152 = CARTESIAN_POINT('',(-7.268296090517,0.));
#4153 = VECTOR('',#4154,1.);
#4154 = DIRECTION('',(1.,-0.));
#4155 = ( GEOMETRIC_REPRESENTATION_CONTEXT(2) 
PARAMETRIC_REPRESENTATION_CONTEXT() REPRESENTATION_CONTEXT('2D SPACE',''
  ) );
#4156 = ORIENTED_EDGE('',*,*,#4109,.F.);
#4157 = FACE_BOUND('',#4158,.F.);
#4158 = EDGE_LOOP('',(#4159));
#4159 = ORIENTED_EDGE('',*,*,#4160,.F.);
#4160 = EDGE_CURVE('',#4161,#4161,#4163,.T.);
#4161 = VERTEX_POINT('',#4162);
#4162 = CARTESIAN_POINT('',(60.3,13.,-1.5));
#4163 = SURFACE_CURVE('',#4164,(#4169,#4180),.PCURVE_S1.);
#4164 = CIRCLE('',#4165,3.8);
#4165 = AXIS2_PLACEMENT_3D('',#4166,#4167,#4168);
#4166 = CARTESIAN_POINT('',(56.5,13.,-1.5));
#4167 = DIRECTION('',(0.,0.,-1.));
#4168 = DIRECTION('',(1.,-0.,-0.));
#4169 = PCURVE('',#3845,#4170);
#4170 = DEFINITIONAL_REPRESENTATION('',(#4171),#4179);
#4171 = ( BOUNDED_CURVE() B_SPLINE_CURVE(2,(#4172,#4173,#4174,#4175,
#4176,#4177,#4178),.UNSPECIFIED.,.T.,.F.) B_SPLINE_CURVE_WITH_KNOTS((1,2
    ,2,2,2,1),(-2.094395102393,0.,2.094395102393,4.188790204786,
6.28318530718,8.377580409573),.UNSPECIFIED.) CURVE() 
GEOMETRIC_REPRESENTATION_ITEM() RATIONAL_B_SPLINE_CURVE((1.,0.5,1.,0.5,
1.,0.5,1.)) REPRESENTATION_ITEM('') );
#4172 = CARTESIAN_POINT('',(-3.8,0.));
#4173 = CARTESIAN_POINT('',(-3.8,6.581793068762));
#4174 = CARTESIAN_POINT('',(1.9,3.290896534381));
#4175 = CARTESIAN_POINT('',(7.6,9.30731567352E-16));
#4176 = CARTESIAN_POINT('',(1.9,-3.290896534381));
#4177 = CARTESIAN_POINT('',(-3.8,-6.581793068762));
#4178 = CARTESIAN_POINT('',(-3.8,0.));
#4179 = ( GEOMETRIC_REPRESENTATION_CONTEXT(2) 
PARAMETRIC_REPRESENTATION_CONTEXT() REPRESENTATION_CONTEXT('2D SPACE',''
  ) );
#4180 = PCURVE('',#4181,#4186);
#4181 = CYLINDRICAL_SURFACE('',#4182,3.8);
#4182 = AXIS2_PLACEMENT_3D('',#4183,#4184,#4185);
#4183 = CARTESIAN_POINT('',(56.5,13.,0.));
#4184 = DIRECTION('',(-0.,-0.,1.));
#4185 = DIRECTION('',(1.,-0.,-0.));
#4186 = DEFINITIONAL_REPRESENTATION('',(#4187),#4191);
#4187 = LINE('',#4188,#4189);
#4188 = CARTESIAN_POINT('',(-0.,-1.5));
#4189 = VECTOR('',#4190,1.);
#4190 = DIRECTION('',(-1.,0.));
#4191 = ( GEOMETRIC_REPRESENTATION_CONTEXT(2) 
PARAMETRIC_REPRESENTATION_CONTEXT() REPRESENTATION_CONTEXT('2D SPACE',''
  ) );
#4192 = ADVANCED_FACE('',(#4193),#3959,.T.);
#4193 = FACE_BOUND('',#4194,.F.);
#4194 = EDGE_LOOP('',(#4195,#4196,#4197,#4198));
#4195 = ORIENTED_EDGE('',*,*,#4086,.T.);
#4196 = ORIENTED_EDGE('',*,*,#4135,.T.);
#4197 = ORIENTED_EDGE('',*,*,#3943,.F.);
#4198 = ORIENTED_EDGE('',*,*,#3996,.T.);
#4199 = ADVANCED_FACE('',(#4200),#4069,.T.);
#4200 = FACE_BOUND('',#4201,.F.);
#4201 = EDGE_LOOP('',(#4202,#4225,#4256,#4257));
#4202 = ORIENTED_EDGE('',*,*,#4203,.T.);
#4203 = EDGE_CURVE('',#4049,#4204,#4206,.T.);
#4204 = VERTEX_POINT('',#4205);
#4205 = CARTESIAN_POINT('',(58.,13.,-3.));
#4206 = SEAM_CURVE('',#4207,(#4211,#4218),.PCURVE_S1.);
#4207 = LINE('',#4208,#4209);
#4208 = CARTESIAN_POINT('',(58.,13.,-2.5));
#4209 = VECTOR('',#4210,1.);
#4210 = DIRECTION('',(-0.,0.,-1.));
#4211 = PCURVE('',#4069,#4212);
#4212 = DEFINITIONAL_REPRESENTATION('',(#4213),#4217);
#4213 = LINE('',#4214,#4215);
#4214 = CARTESIAN_POINT('',(-0.,0.));
#4215 = VECTOR('',#4216,1.);
#4216 = DIRECTION('',(-0.,-1.));
#4217 = ( GEOMETRIC_REPRESENTATION_CONTEXT(2) 
PARAMETRIC_REPRESENTATION_CONTEXT() REPRESENTATION_CONTEXT('2D SPACE',''
  ) );
#4218 = PCURVE('',#4069,#4219);
#4219 = DEFINITIONAL_REPRESENTATION('',(#4220),#4224);
#4220 = LINE('',#4221,#4222);
#4221 = CARTESIAN_POINT('',(-6.28318530718,0.));
#4222 = VECTOR('',#4223,1.);
#4223 = DIRECTION('',(-0.,-1.));
#4224 = ( GEOMETRIC_REPRESENTATION_CONTEXT(2) 
PARAMETRIC_REPRESENTATION_CONTEXT() REPRESENTATION_CONTEXT('2D SPACE',''
  ) );
#4225 = ORIENTED_EDGE('',*,*,#4226,.T.);
#4226 = EDGE_CURVE('',#4204,#4204,#4227,.T.);
#4227 = SURFACE_CURVE('',#4228,(#4233,#4240),.PCURVE_S1.);
#4228 = CIRCLE('',#4229,1.5);
#4229 = AXIS2_PLACEMENT_3D('',#4230,#4231,#4232);
#4230 = CARTESIAN_POINT('',(56.5,13.,-3.));
#4231 = DIRECTION('',(0.,0.,-1.));
#4232 = DIRECTION('',(1.,-0.,-0.));
#4233 = PCURVE('',#4069,#4234);
#4234 = DEFINITIONAL_REPRESENTATION('',(#4235),#4239);
#4235 = LINE('',#4236,#4237);
#4236 = CARTESIAN_POINT('',(-0.,-0.5));
#4237 = VECTOR('',#4238,1.);
#4238 = DIRECTION('',(-1.,0.));
#4239 = ( GEOMETRIC_REPRESENTATION_CONTEXT(2) 
PARAMETRIC_REPRESENTATION_CONTEXT() REPRESENTATION_CONTEXT('2D SPACE',''
  ) );
#4240 = PCURVE('',#4241,#4246);
#4241 = PLANE('',#4242);
#4242 = AXIS2_PLACEMENT_3D('',#4243,#4244,#4245);
#4243 = CARTESIAN_POINT('',(56.5,13.,-3.));
#4244 = DIRECTION('',(-0.,-0.,1.));
#4245 = DIRECTION('',(-1.,0.,0.));
#4246 = DEFINITIONAL_REPRESENTATION('',(#4247),#4255);
#4247 = ( BOUNDED_CURVE() B_SPLINE_CURVE(2,(#4248,#4249,#4250,#4251,
#4252,#4253,#4254),.UNSPECIFIED.,.T.,.F.) B_SPLINE_CURVE_WITH_KNOTS((1,2
    ,2,2,2,1),(-2.094395102393,0.,2.094395102393,4.188790204786,
6.28318530718,8.377580409573),.UNSPECIFIED.) CURVE() 
GEOMETRIC_REPRESENTATION_ITEM() RATIONAL_B_SPLINE_CURVE((1.,0.5,1.,0.5,
1.,0.5,1.)) REPRESENTATION_ITEM('') );
#4248 = CARTESIAN_POINT('',(-1.5,0.));
#4249 = CARTESIAN_POINT('',(-1.5,2.598076211353));
#4250 = CARTESIAN_POINT('',(0.75,1.299038105677));
#4251 = CARTESIAN_POINT('',(3.,3.673940397442E-16));
#4252 = CARTESIAN_POINT('',(0.75,-1.299038105677));
#4253 = CARTESIAN_POINT('',(-1.5,-2.598076211353));
#4254 = CARTESIAN_POINT('',(-1.5,0.));
#4255 = ( GEOMETRIC_REPRESENTATION_CONTEXT(2) 
PARAMETRIC_REPRESENTATION_CONTEXT() REPRESENTATION_CONTEXT('2D SPACE',''
  ) );
#4256 = ORIENTED_EDGE('',*,*,#4203,.F.);
#4257 = ORIENTED_EDGE('',*,*,#4048,.F.);
#4258 = ADVANCED_FACE('',(#4259),#4181,.T.);
#4259 = FACE_BOUND('',#4260,.F.);
#4260 = EDGE_LOOP('',(#4261,#4262,#4285,#4316));
#4261 = ORIENTED_EDGE('',*,*,#4160,.T.);
#4262 = ORIENTED_EDGE('',*,*,#4263,.T.);
#4263 = EDGE_CURVE('',#4161,#4264,#4266,.T.);
#4264 = VERTEX_POINT('',#4265);
#4265 = CARTESIAN_POINT('',(60.3,13.,1.));
#4266 = SEAM_CURVE('',#4267,(#4271,#4278),.PCURVE_S1.);
#4267 = LINE('',#4268,#4269);
#4268 = CARTESIAN_POINT('',(60.3,13.,-1.5));
#4269 = VECTOR('',#4270,1.);
#4270 = DIRECTION('',(-0.,-0.,1.));
#4271 = PCURVE('',#4181,#4272);
#4272 = DEFINITIONAL_REPRESENTATION('',(#4273),#4277);
#4273 = LINE('',#4274,#4275);
#4274 = CARTESIAN_POINT('',(-6.28318530718,-1.5));
#4275 = VECTOR('',#4276,1.);
#4276 = DIRECTION('',(0.,1.));
#4277 = ( GEOMETRIC_REPRESENTATION_CONTEXT(2) 
PARAMETRIC_REPRESENTATION_CONTEXT() REPRESENTATION_CONTEXT('2D SPACE',''
  ) );
#4278 = PCURVE('',#4181,#4279);
#4279 = DEFINITIONAL_REPRESENTATION('',(#4280),#4284);
#4280 = LINE('',#4281,#4282);
#4281 = CARTESIAN_POINT('',(-0.,-1.5));
#4282 = VECTOR('',#4283,1.);
#4283 = DIRECTION('',(0.,1.));
#4284 = ( GEOMETRIC_REPRESENTATION_CONTEXT(2) 
PARAMETRIC_REPRESENTATION_CONTEXT() REPRESENTATION_CONTEXT('2D SPACE',''
  ) );
#4285 = ORIENTED_EDGE('',*,*,#4286,.F.);
#4286 = EDGE_CURVE('',#4264,#4264,#4287,.T.);
#4287 = SURFACE_CURVE('',#4288,(#4293,#4300),.PCURVE_S1.);
#4288 = CIRCLE('',#4289,3.8);
#4289 = AXIS2_PLACEMENT_3D('',#4290,#4291,#4292);
#4290 = CARTESIAN_POINT('',(56.5,13.,1.));
#4291 = DIRECTION('',(0.,0.,-1.));
#4292 = DIRECTION('',(1.,-0.,-0.));
#4293 = PCURVE('',#4181,#4294);
#4294 = DEFINITIONAL_REPRESENTATION('',(#4295),#4299);
#4295 = LINE('',#4296,#4297);
#4296 = CARTESIAN_POINT('',(0.,1.));
#4297 = VECTOR('',#4298,1.);
#4298 = DIRECTION('',(-1.,-0.));
#4299 = ( GEOMETRIC_REPRESENTATION_CONTEXT(2) 
PARAMETRIC_REPRESENTATION_CONTEXT() REPRESENTATION_CONTEXT('2D SPACE',''
  ) );
#4300 = PCURVE('',#4301,#4306);
#4301 = PLANE('',#4302);
#4302 = AXIS2_PLACEMENT_3D('',#4303,#4304,#4305);
#4303 = CARTESIAN_POINT('',(56.5,13.,1.));
#4304 = DIRECTION('',(-0.,-0.,1.));
#4305 = DIRECTION('',(-1.,0.,0.));
#4306 = DEFINITIONAL_REPRESENTATION('',(#4307),#4315);
#4307 = ( BOUNDED_CURVE() B_SPLINE_CURVE(2,(#4308,#4309,#4310,#4311,
#4312,#4313,#4314),.UNSPECIFIED.,.T.,.F.) B_SPLINE_CURVE_WITH_KNOTS((1,2
    ,2,2,2,1),(-2.094395102393,0.,2.094395102393,4.188790204786,
6.28318530718,8.377580409573),.UNSPECIFIED.) CURVE() 
GEOMETRIC_REPRESENTATION_ITEM() RATIONAL_B_SPLINE_CURVE((1.,0.5,1.,0.5,
1.,0.5,1.)) REPRESENTATION_ITEM('') );
#4308 = CARTESIAN_POINT('',(-3.8,0.));
#4309 = CARTESIAN_POINT('',(-3.8,6.581793068762));
#4310 = CARTESIAN_POINT('',(1.9,3.290896534381));
#4311 = CARTESIAN_POINT('',(7.6,9.30731567352E-16));
#4312 = CARTESIAN_POINT('',(1.9,-3.290896534381));
#4313 = CARTESIAN_POINT('',(-3.8,-6.581793068762));
#4314 = CARTESIAN_POINT('',(-3.8,0.));
#4315 = ( GEOMETRIC_REPRESENTATION_CONTEXT(2) 
PARAMETRIC_REPRESENTATION_CONTEXT() REPRESENTATION_CONTEXT('2D SPACE',''
  ) );
#4316 = ORIENTED_EDGE('',*,*,#4263,.F.);
#4317 = ADVANCED_FACE('',(#4318),#4241,.F.);
#4318 = FACE_BOUND('',#4319,.T.);
#4319 = EDGE_LOOP('',(#4320));
#4320 = ORIENTED_EDGE('',*,*,#4226,.T.);
#4321 = ADVANCED_FACE('',(#4322,#4325),#4301,.T.);
#4322 = FACE_BOUND('',#4323,.F.);
#4323 = EDGE_LOOP('',(#4324));
#4324 = ORIENTED_EDGE('',*,*,#4286,.T.);
#4325 = FACE_BOUND('',#4326,.F.);
#4326 = EDGE_LOOP('',(#4327));
#4327 = ORIENTED_EDGE('',*,*,#4328,.F.);
#4328 = EDGE_CURVE('',#4329,#4329,#4331,.T.);
#4329 = VERTEX_POINT('',#4330);
#4330 = CARTESIAN_POINT('',(59.396463360721,13.,1.));
#4331 = SURFACE_CURVE('',#4332,(#4337,#4348),.PCURVE_S1.);
#4332 = CIRCLE('',#4333,2.896463360721);
#4333 = AXIS2_PLACEMENT_3D('',#4334,#4335,#4336);
#4334 = CARTESIAN_POINT('',(56.5,13.,1.));
#4335 = DIRECTION('',(0.,0.,-1.));
#4336 = DIRECTION('',(1.,-0.,-0.));
#4337 = PCURVE('',#4301,#4338);
#4338 = DEFINITIONAL_REPRESENTATION('',(#4339),#4347);
#4339 = ( BOUNDED_CURVE() B_SPLINE_CURVE(2,(#4340,#4341,#4342,#4343,
#4344,#4345,#4346),.UNSPECIFIED.,.T.,.F.) B_SPLINE_CURVE_WITH_KNOTS((1,2
    ,2,2,2,1),(-2.094395102393,0.,2.094395102393,4.188790204786,
6.28318530718,8.377580409573),.UNSPECIFIED.) CURVE() 
GEOMETRIC_REPRESENTATION_ITEM() RATIONAL_B_SPLINE_CURVE((1.,0.5,1.,0.5,
1.,0.5,1.)) REPRESENTATION_ITEM('') );
#4340 = CARTESIAN_POINT('',(-2.896463360721,0.));
#4341 = CARTESIAN_POINT('',(-2.896463360721,5.016821703031));
#4342 = CARTESIAN_POINT('',(1.448231680361,2.508410851515));
#4343 = CARTESIAN_POINT('',(5.792926721442,7.094289167109E-16));
#4344 = CARTESIAN_POINT('',(1.448231680361,-2.508410851515));
#4345 = CARTESIAN_POINT('',(-2.896463360721,-5.016821703031));
#4346 = CARTESIAN_POINT('',(-2.896463360721,0.));
#4347 = ( GEOMETRIC_REPRESENTATION_CONTEXT(2) 
PARAMETRIC_REPRESENTATION_CONTEXT() REPRESENTATION_CONTEXT('2D SPACE',''
  ) );
#4348 = PCURVE('',#4349,#4354);
#4349 = SPHERICAL_SURFACE('',#4350,12.16);
#4350 = AXIS2_PLACEMENT_3D('',#4351,#4352,#4353);
#4351 = CARTESIAN_POINT('',(56.5,13.,12.81));
#4352 = DIRECTION('',(0.,0.,1.));
#4353 = DIRECTION('',(1.,0.,0.));
#4354 = DEFINITIONAL_REPRESENTATION('',(#4355),#4359);
#4355 = LINE('',#4356,#4357);
#4356 = CARTESIAN_POINT('',(-0.,-1.33028836321));
#4357 = VECTOR('',#4358,1.);
#4358 = DIRECTION('',(-1.,0.));
#4359 = ( GEOMETRIC_REPRESENTATION_CONTEXT(2) 
PARAMETRIC_REPRESENTATION_CONTEXT() REPRESENTATION_CONTEXT('2D SPACE',''
  ) );
#4360 = ADVANCED_FACE('',(#4361),#4349,.F.);
#4361 = FACE_BOUND('',#4362,.T.);
#4362 = EDGE_LOOP('',(#4363,#4364,#4388));
#4363 = ORIENTED_EDGE('',*,*,#4328,.F.);
#4364 = ORIENTED_EDGE('',*,*,#4365,.F.);
#4365 = EDGE_CURVE('',#4366,#4329,#4368,.T.);
#4366 = VERTEX_POINT('',#4367);
#4367 = CARTESIAN_POINT('',(56.5,13.,0.65));
#4368 = SEAM_CURVE('',#4369,(#4374,#4381),.PCURVE_S1.);
#4369 = CIRCLE('',#4370,12.16);
#4370 = AXIS2_PLACEMENT_3D('',#4371,#4372,#4373);
#4371 = CARTESIAN_POINT('',(56.5,13.,12.81));
#4372 = DIRECTION('',(2.449293598295E-16,-1.,0.));
#4373 = DIRECTION('',(1.,2.449293598295E-16,0.));
#4374 = PCURVE('',#4349,#4375);
#4375 = DEFINITIONAL_REPRESENTATION('',(#4376),#4380);
#4376 = LINE('',#4377,#4378);
#4377 = CARTESIAN_POINT('',(-6.28318530718,-6.28318530718));
#4378 = VECTOR('',#4379,1.);
#4379 = DIRECTION('',(-0.,1.));
#4380 = ( GEOMETRIC_REPRESENTATION_CONTEXT(2) 
PARAMETRIC_REPRESENTATION_CONTEXT() REPRESENTATION_CONTEXT('2D SPACE',''
  ) );
#4381 = PCURVE('',#4349,#4382);
#4382 = DEFINITIONAL_REPRESENTATION('',(#4383),#4387);
#4383 = LINE('',#4384,#4385);
#4384 = CARTESIAN_POINT('',(-0.,-6.28318530718));
#4385 = VECTOR('',#4386,1.);
#4386 = DIRECTION('',(-0.,1.));
#4387 = ( GEOMETRIC_REPRESENTATION_CONTEXT(2) 
PARAMETRIC_REPRESENTATION_CONTEXT() REPRESENTATION_CONTEXT('2D SPACE',''
  ) );
#4388 = ORIENTED_EDGE('',*,*,#4365,.T.);
#4389 = ( GEOMETRIC_REPRESENTATION_CONTEXT(3) 
GLOBAL_UNCERTAINTY_ASSIGNED_CONTEXT((#4393)) 
GLOBAL_UNIT_ASSIGNED_CONTEXT((#4390,#4391,#4392)) REPRESENTATION_CONTEXT
('Context #1','3D Context with UNIT and UNCERTAINTY') );
#4390 = ( LENGTH_UNIT() NAMED_UNIT(*) SI_UNIT(.MILLI.,.METRE.) );
#4391 = ( NAMED_UNIT(*) PLANE_ANGLE_UNIT() SI_UNIT($,.RADIAN.) );
#4392 = ( NAMED_UNIT(*) SI_UNIT($,.STERADIAN.) SOLID_ANGLE_UNIT() );
#4393 = UNCERTAINTY_MEASURE_WITH_UNIT(LENGTH_MEASURE(1.E-07),#4390,
  'distance_accuracy_value','confusion accuracy');
#4394 = CONTEXT_DEPENDENT_SHAPE_REPRESENTATION(#4395,#4397);
#4395 = ( REPRESENTATION_RELATIONSHIP('','',#3786,#10) 
REPRESENTATION_RELATIONSHIP_WITH_TRANSFORMATION(#4396) 
SHAPE_REPRESENTATION_RELATIONSHIP() );
#4396 = ITEM_DEFINED_TRANSFORMATION('','',#11,#39);
#4397 = PRODUCT_DEFINITION_SHAPE('Placement','Placement of an item',
  #4398);
#4398 = NEXT_ASSEMBLY_USAGE_OCCURRENCE('75','','',#5,#3781,$);
#4399 = PRODUCT_RELATED_PRODUCT_CATEGORY('part',$,(#3783));
#4400 = SHAPE_DEFINITION_REPRESENTATION(#4401,#4407);
#4401 = PRODUCT_DEFINITION_SHAPE('','',#4402);
#4402 = PRODUCT_DEFINITION('design','',#4403,#4406);
#4403 = PRODUCT_DEFINITION_FORMATION('','',#4404);
#4404 = PRODUCT('Open CASCADE STEP translator 7.9 17.8',
  'Open CASCADE STEP translator 7.9 17.8','',(#4405));
#4405 = PRODUCT_CONTEXT('',#2,'mechanical');
#4406 = PRODUCT_DEFINITION_CONTEXT('part definition',#2,'design');
#4407 = ADVANCED_BREP_SHAPE_REPRESENTATION('',(#11,#4408),#5092);
#4408 = MANIFOLD_SOLID_BREP('',#4409);
#4409 = CLOSED_SHELL('',(#4410,#4530,#4616,#4697,#4840,#4867,#4874,#4955
    ,#5004,#5058,#5085));
#4410 = ADVANCED_FACE('',(#4411),#4425,.F.);
#4411 = FACE_BOUND('',#4412,.T.);
#4412 = EDGE_LOOP('',(#4413,#4448,#4476,#4504));
#4413 = ORIENTED_EDGE('',*,*,#4414,.T.);
#4414 = EDGE_CURVE('',#4415,#4417,#4419,.T.);
#4415 = VERTEX_POINT('',#4416);
#4416 = CARTESIAN_POINT('',(35.525,5.,-1.5));
#4417 = VERTEX_POINT('',#4418);
#4418 = CARTESIAN_POINT('',(35.525,5.,-2.5));
#4419 = SURFACE_CURVE('',#4420,(#4424,#4436),.PCURVE_S1.);
#4420 = LINE('',#4421,#4422);
#4421 = CARTESIAN_POINT('',(35.525,5.,-1.5));
#4422 = VECTOR('',#4423,1.);
#4423 = DIRECTION('',(-0.,0.,-1.));
#4424 = PCURVE('',#4425,#4430);
#4425 = PLANE('',#4426);
#4426 = AXIS2_PLACEMENT_3D('',#4427,#4428,#4429);
#4427 = CARTESIAN_POINT('',(35.525,5.,-1.5));
#4428 = DIRECTION('',(-0.,1.,-0.));
#4429 = DIRECTION('',(-1.,0.,0.));
#4430 = DEFINITIONAL_REPRESENTATION('',(#4431),#4435);
#4431 = LINE('',#4432,#4433);
#4432 = CARTESIAN_POINT('',(-0.,0.));
#4433 = VECTOR('',#4434,1.);
#4434 = DIRECTION('',(-0.,-1.));
#4435 = ( GEOMETRIC_REPRESENTATION_CONTEXT(2) 
PARAMETRIC_REPRESENTATION_CONTEXT() REPRESENTATION_CONTEXT('2D SPACE',''
  ) );
#4436 = PCURVE('',#4437,#4442);
#4437 = CYLINDRICAL_SURFACE('',#4438,2.6);
#4438 = AXIS2_PLACEMENT_3D('',#4439,#4440,#4441);
#4439 = CARTESIAN_POINT('',(35.525,7.6,-1.5));
#4440 = DIRECTION('',(-0.,-0.,1.));
#4441 = DIRECTION('',(-0.,1.,-0.));
#4442 = DEFINITIONAL_REPRESENTATION('',(#4443),#4447);
#4443 = LINE('',#4444,#4445);
#4444 = CARTESIAN_POINT('',(3.14159265359,0.));
#4445 = VECTOR('',#4446,1.);
#4446 = DIRECTION('',(0.,-1.));
#4447 = ( GEOMETRIC_REPRESENTATION_CONTEXT(2) 
PARAMETRIC_REPRESENTATION_CONTEXT() REPRESENTATION_CONTEXT('2D SPACE',''
  ) );
#4448 = ORIENTED_EDGE('',*,*,#4449,.T.);
#4449 = EDGE_CURVE('',#4417,#4450,#4452,.T.);
#4450 = VERTEX_POINT('',#4451);
#4451 = CARTESIAN_POINT('',(43.675,5.,-2.5));
#4452 = SURFACE_CURVE('',#4453,(#4457,#4464),.PCURVE_S1.);
#4453 = LINE('',#4454,#4455);
#4454 = CARTESIAN_POINT('',(35.525,5.,-2.5));
#4455 = VECTOR('',#4456,1.);
#4456 = DIRECTION('',(1.,-0.,-0.));
#4457 = PCURVE('',#4425,#4458);
#4458 = DEFINITIONAL_REPRESENTATION('',(#4459),#4463);
#4459 = LINE('',#4460,#4461);
#4460 = CARTESIAN_POINT('',(-0.,-1.));
#4461 = VECTOR('',#4462,1.);
#4462 = DIRECTION('',(-1.,0.));
#4463 = ( GEOMETRIC_REPRESENTATION_CONTEXT(2) 
PARAMETRIC_REPRESENTATION_CONTEXT() REPRESENTATION_CONTEXT('2D SPACE',''
  ) );
#4464 = PCURVE('',#4465,#4470);
#4465 = PLANE('',#4466);
#4466 = AXIS2_PLACEMENT_3D('',#4467,#4468,#4469);
#4467 = CARTESIAN_POINT('',(39.6,7.6,-2.5));
#4468 = DIRECTION('',(-0.,0.,-1.));
#4469 = DIRECTION('',(1.,0.,0.));
#4470 = DEFINITIONAL_REPRESENTATION('',(#4471),#4475);
#4471 = LINE('',#4472,#4473);
#4472 = CARTESIAN_POINT('',(-4.075,2.6));
#4473 = VECTOR('',#4474,1.);
#4474 = DIRECTION('',(1.,-0.));
#4475 = ( GEOMETRIC_REPRESENTATION_CONTEXT(2) 
PARAMETRIC_REPRESENTATION_CONTEXT() REPRESENTATION_CONTEXT('2D SPACE',''
  ) );
#4476 = ORIENTED_EDGE('',*,*,#4477,.F.);
#4477 = EDGE_CURVE('',#4478,#4450,#4480,.T.);
#4478 = VERTEX_POINT('',#4479);
#4479 = CARTESIAN_POINT('',(43.675,5.,-1.5));
#4480 = SURFACE_CURVE('',#4481,(#4485,#4492),.PCURVE_S1.);
#4481 = LINE('',#4482,#4483);
#4482 = CARTESIAN_POINT('',(43.675,5.,-1.5));
#4483 = VECTOR('',#4484,1.);
#4484 = DIRECTION('',(-0.,0.,-1.));
#4485 = PCURVE('',#4425,#4486);
#4486 = DEFINITIONAL_REPRESENTATION('',(#4487),#4491);
#4487 = LINE('',#4488,#4489);
#4488 = CARTESIAN_POINT('',(-8.15,0.));
#4489 = VECTOR('',#4490,1.);
#4490 = DIRECTION('',(-0.,-1.));
#4491 = ( GEOMETRIC_REPRESENTATION_CONTEXT(2) 
PARAMETRIC_REPRESENTATION_CONTEXT() REPRESENTATION_CONTEXT('2D SPACE',''
  ) );
#4492 = PCURVE('',#4493,#4498);
#4493 = CYLINDRICAL_SURFACE('',#4494,2.6);
#4494 = AXIS2_PLACEMENT_3D('',#4495,#4496,#4497);
#4495 = CARTESIAN_POINT('',(43.675,7.6,-1.5));
#4496 = DIRECTION('',(-0.,-0.,1.));
#4497 = DIRECTION('',(-0.,-1.,-0.));
#4498 = DEFINITIONAL_REPRESENTATION('',(#4499),#4503);
#4499 = LINE('',#4500,#4501);
#4500 = CARTESIAN_POINT('',(0.,0.));
#4501 = VECTOR('',#4502,1.);
#4502 = DIRECTION('',(0.,-1.));
#4503 = ( GEOMETRIC_REPRESENTATION_CONTEXT(2) 
PARAMETRIC_REPRESENTATION_CONTEXT() REPRESENTATION_CONTEXT('2D SPACE',''
  ) );
#4504 = ORIENTED_EDGE('',*,*,#4505,.F.);
#4505 = EDGE_CURVE('',#4415,#4478,#4506,.T.);
#4506 = SURFACE_CURVE('',#4507,(#4511,#4518),.PCURVE_S1.);
#4507 = LINE('',#4508,#4509);
#4508 = CARTESIAN_POINT('',(35.525,5.,-1.5));
#4509 = VECTOR('',#4510,1.);
#4510 = DIRECTION('',(1.,-0.,-0.));
#4511 = PCURVE('',#4425,#4512);
#4512 = DEFINITIONAL_REPRESENTATION('',(#4513),#4517);
#4513 = LINE('',#4514,#4515);
#4514 = CARTESIAN_POINT('',(-0.,0.));
#4515 = VECTOR('',#4516,1.);
#4516 = DIRECTION('',(-1.,0.));
#4517 = ( GEOMETRIC_REPRESENTATION_CONTEXT(2) 
PARAMETRIC_REPRESENTATION_CONTEXT() REPRESENTATION_CONTEXT('2D SPACE',''
  ) );
#4518 = PCURVE('',#4519,#4524);
#4519 = PLANE('',#4520);
#4520 = AXIS2_PLACEMENT_3D('',#4521,#4522,#4523);
#4521 = CARTESIAN_POINT('',(39.6,7.6,-1.5));
#4522 = DIRECTION('',(-0.,0.,-1.));
#4523 = DIRECTION('',(1.,0.,0.));
#4524 = DEFINITIONAL_REPRESENTATION('',(#4525),#4529);
#4525 = LINE('',#4526,#4527);
#4526 = CARTESIAN_POINT('',(-4.075,2.6));
#4527 = VECTOR('',#4528,1.);
#4528 = DIRECTION('',(1.,-0.));
#4529 = ( GEOMETRIC_REPRESENTATION_CONTEXT(2) 
PARAMETRIC_REPRESENTATION_CONTEXT() REPRESENTATION_CONTEXT('2D SPACE',''
  ) );
#4530 = ADVANCED_FACE('',(#4531),#4437,.T.);
#4531 = FACE_BOUND('',#4532,.T.);
#4532 = EDGE_LOOP('',(#4533,#4563,#4589,#4590));
#4533 = ORIENTED_EDGE('',*,*,#4534,.T.);
#4534 = EDGE_CURVE('',#4535,#4537,#4539,.T.);
#4535 = VERTEX_POINT('',#4536);
#4536 = CARTESIAN_POINT('',(35.525,10.2,-1.5));
#4537 = VERTEX_POINT('',#4538);
#4538 = CARTESIAN_POINT('',(35.525,10.2,-2.5));
#4539 = SURFACE_CURVE('',#4540,(#4544,#4551),.PCURVE_S1.);
#4540 = LINE('',#4541,#4542);
#4541 = CARTESIAN_POINT('',(35.525,10.2,-1.5));
#4542 = VECTOR('',#4543,1.);
#4543 = DIRECTION('',(-0.,0.,-1.));
#4544 = PCURVE('',#4437,#4545);
#4545 = DEFINITIONAL_REPRESENTATION('',(#4546),#4550);
#4546 = LINE('',#4547,#4548);
#4547 = CARTESIAN_POINT('',(0.,0.));
#4548 = VECTOR('',#4549,1.);
#4549 = DIRECTION('',(0.,-1.));
#4550 = ( GEOMETRIC_REPRESENTATION_CONTEXT(2) 
PARAMETRIC_REPRESENTATION_CONTEXT() REPRESENTATION_CONTEXT('2D SPACE',''
  ) );
#4551 = PCURVE('',#4552,#4557);
#4552 = PLANE('',#4553);
#4553 = AXIS2_PLACEMENT_3D('',#4554,#4555,#4556);
#4554 = CARTESIAN_POINT('',(43.675,10.2,-1.5));
#4555 = DIRECTION('',(-0.,-1.,-0.));
#4556 = DIRECTION('',(1.,0.,0.));
#4557 = DEFINITIONAL_REPRESENTATION('',(#4558),#4562);
#4558 = LINE('',#4559,#4560);
#4559 = CARTESIAN_POINT('',(-8.15,0.));
#4560 = VECTOR('',#4561,1.);
#4561 = DIRECTION('',(-0.,-1.));
#4562 = ( GEOMETRIC_REPRESENTATION_CONTEXT(2) 
PARAMETRIC_REPRESENTATION_CONTEXT() REPRESENTATION_CONTEXT('2D SPACE',''
  ) );
#4563 = ORIENTED_EDGE('',*,*,#4564,.T.);
#4564 = EDGE_CURVE('',#4537,#4417,#4565,.T.);
#4565 = SURFACE_CURVE('',#4566,(#4571,#4578),.PCURVE_S1.);
#4566 = CIRCLE('',#4567,2.6);
#4567 = AXIS2_PLACEMENT_3D('',#4568,#4569,#4570);
#4568 = CARTESIAN_POINT('',(35.525,7.6,-2.5));
#4569 = DIRECTION('',(0.,0.,1.));
#4570 = DIRECTION('',(-0.,1.,-0.));
#4571 = PCURVE('',#4437,#4572);
#4572 = DEFINITIONAL_REPRESENTATION('',(#4573),#4577);
#4573 = LINE('',#4574,#4575);
#4574 = CARTESIAN_POINT('',(0.,-1.));
#4575 = VECTOR('',#4576,1.);
#4576 = DIRECTION('',(1.,0.));
#4577 = ( GEOMETRIC_REPRESENTATION_CONTEXT(2) 
PARAMETRIC_REPRESENTATION_CONTEXT() REPRESENTATION_CONTEXT('2D SPACE',''
  ) );
#4578 = PCURVE('',#4465,#4579);
#4579 = DEFINITIONAL_REPRESENTATION('',(#4580),#4588);
#4580 = ( BOUNDED_CURVE() B_SPLINE_CURVE(2,(#4581,#4582,#4583,#4584,
#4585,#4586,#4587),.UNSPECIFIED.,.T.,.F.) B_SPLINE_CURVE_WITH_KNOTS((1,2
    ,2,2,2,1),(-2.094395102393,0.,2.094395102393,4.188790204786,
6.28318530718,8.377580409573),.UNSPECIFIED.) CURVE() 
GEOMETRIC_REPRESENTATION_ITEM() RATIONAL_B_SPLINE_CURVE((1.,0.5,1.,0.5,
1.,0.5,1.)) REPRESENTATION_ITEM('') );
#4581 = CARTESIAN_POINT('',(-4.075,-2.6));
#4582 = CARTESIAN_POINT('',(-8.578332099679,-2.6));
#4583 = CARTESIAN_POINT('',(-6.32666604984,1.3));
#4584 = CARTESIAN_POINT('',(-4.075,5.2));
#4585 = CARTESIAN_POINT('',(-1.82333395016,1.3));
#4586 = CARTESIAN_POINT('',(0.428332099679,-2.6));
#4587 = CARTESIAN_POINT('',(-4.075,-2.6));
#4588 = ( GEOMETRIC_REPRESENTATION_CONTEXT(2) 
PARAMETRIC_REPRESENTATION_CONTEXT() REPRESENTATION_CONTEXT('2D SPACE',''
  ) );
#4589 = ORIENTED_EDGE('',*,*,#4414,.F.);
#4590 = ORIENTED_EDGE('',*,*,#4591,.F.);
#4591 = EDGE_CURVE('',#4535,#4415,#4592,.T.);
#4592 = SURFACE_CURVE('',#4593,(#4598,#4605),.PCURVE_S1.);
#4593 = CIRCLE('',#4594,2.6);
#4594 = AXIS2_PLACEMENT_3D('',#4595,#4596,#4597);
#4595 = CARTESIAN_POINT('',(35.525,7.6,-1.5));
#4596 = DIRECTION('',(0.,0.,1.));
#4597 = DIRECTION('',(-0.,1.,-0.));
#4598 = PCURVE('',#4437,#4599);
#4599 = DEFINITIONAL_REPRESENTATION('',(#4600),#4604);
#4600 = LINE('',#4601,#4602);
#4601 = CARTESIAN_POINT('',(0.,0.));
#4602 = VECTOR('',#4603,1.);
#4603 = DIRECTION('',(1.,0.));
#4604 = ( GEOMETRIC_REPRESENTATION_CONTEXT(2) 
PARAMETRIC_REPRESENTATION_CONTEXT() REPRESENTATION_CONTEXT('2D SPACE',''
  ) );
#4605 = PCURVE('',#4519,#4606);
#4606 = DEFINITIONAL_REPRESENTATION('',(#4607),#4615);
#4607 = ( BOUNDED_CURVE() B_SPLINE_CURVE(2,(#4608,#4609,#4610,#4611,
#4612,#4613,#4614),.UNSPECIFIED.,.T.,.F.) B_SPLINE_CURVE_WITH_KNOTS((1,2
    ,2,2,2,1),(-2.094395102393,0.,2.094395102393,4.188790204786,
6.28318530718,8.377580409573),.UNSPECIFIED.) CURVE() 
GEOMETRIC_REPRESENTATION_ITEM() RATIONAL_B_SPLINE_CURVE((1.,0.5,1.,0.5,
1.,0.5,1.)) REPRESENTATION_ITEM('') );
#4608 = CARTESIAN_POINT('',(-4.075,-2.6));
#4609 = CARTESIAN_POINT('',(-8.578332099679,-2.6));
#4610 = CARTESIAN_POINT('',(-6.32666604984,1.3));
#4611 = CARTESIAN_POINT('',(-4.075,5.2));
#4612 = CARTESIAN_POINT('',(-1.82333395016,1.3));
#4613 = CARTESIAN_POINT('',(0.428332099679,-2.6));
#4614 = CARTESIAN_POINT('',(-4.075,-2.6));
#4615 = ( GEOMETRIC_REPRESENTATION_CONTEXT(2) 
PARAMETRIC_REPRESENTATION_CONTEXT() REPRESENTATION_CONTEXT('2D SPACE',''
  ) );
#4616 = ADVANCED_FACE('',(#4617),#4493,.T.);
#4617 = FACE_BOUND('',#4618,.T.);
#4618 = EDGE_LOOP('',(#4619,#4620,#4648,#4671));
#4619 = ORIENTED_EDGE('',*,*,#4477,.T.);
#4620 = ORIENTED_EDGE('',*,*,#4621,.T.);
#4621 = EDGE_CURVE('',#4450,#4622,#4624,.T.);
#4622 = VERTEX_POINT('',#4623);
#4623 = CARTESIAN_POINT('',(43.675,10.2,-2.5));
#4624 = SURFACE_CURVE('',#4625,(#4630,#4637),.PCURVE_S1.);
#4625 = CIRCLE('',#4626,2.6);
#4626 = AXIS2_PLACEMENT_3D('',#4627,#4628,#4629);
#4627 = CARTESIAN_POINT('',(43.675,7.6,-2.5));
#4628 = DIRECTION('',(0.,-0.,1.));
#4629 = DIRECTION('',(-0.,-1.,-0.));
#4630 = PCURVE('',#4493,#4631);
#4631 = DEFINITIONAL_REPRESENTATION('',(#4632),#4636);
#4632 = LINE('',#4633,#4634);
#4633 = CARTESIAN_POINT('',(0.,-1.));
#4634 = VECTOR('',#4635,1.);
#4635 = DIRECTION('',(1.,0.));
#4636 = ( GEOMETRIC_REPRESENTATION_CONTEXT(2) 
PARAMETRIC_REPRESENTATION_CONTEXT() REPRESENTATION_CONTEXT('2D SPACE',''
  ) );
#4637 = PCURVE('',#4465,#4638);
#4638 = DEFINITIONAL_REPRESENTATION('',(#4639),#4647);
#4639 = ( BOUNDED_CURVE() B_SPLINE_CURVE(2,(#4640,#4641,#4642,#4643,
#4644,#4645,#4646),.UNSPECIFIED.,.T.,.F.) B_SPLINE_CURVE_WITH_KNOTS((1,2
    ,2,2,2,1),(-2.094395102393,0.,2.094395102393,4.188790204786,
6.28318530718,8.377580409573),.UNSPECIFIED.) CURVE() 
GEOMETRIC_REPRESENTATION_ITEM() RATIONAL_B_SPLINE_CURVE((1.,0.5,1.,0.5,
1.,0.5,1.)) REPRESENTATION_ITEM('') );
#4640 = CARTESIAN_POINT('',(4.075,2.6));
#4641 = CARTESIAN_POINT('',(8.578332099679,2.6));
#4642 = CARTESIAN_POINT('',(6.32666604984,-1.3));
#4643 = CARTESIAN_POINT('',(4.075,-5.2));
#4644 = CARTESIAN_POINT('',(1.82333395016,-1.3));
#4645 = CARTESIAN_POINT('',(-0.428332099679,2.6));
#4646 = CARTESIAN_POINT('',(4.075,2.6));
#4647 = ( GEOMETRIC_REPRESENTATION_CONTEXT(2) 
PARAMETRIC_REPRESENTATION_CONTEXT() REPRESENTATION_CONTEXT('2D SPACE',''
  ) );
#4648 = ORIENTED_EDGE('',*,*,#4649,.F.);
#4649 = EDGE_CURVE('',#4650,#4622,#4652,.T.);
#4650 = VERTEX_POINT('',#4651);
#4651 = CARTESIAN_POINT('',(43.675,10.2,-1.5));
#4652 = SURFACE_CURVE('',#4653,(#4657,#4664),.PCURVE_S1.);
#4653 = LINE('',#4654,#4655);
#4654 = CARTESIAN_POINT('',(43.675,10.2,-1.5));
#4655 = VECTOR('',#4656,1.);
#4656 = DIRECTION('',(-0.,0.,-1.));
#4657 = PCURVE('',#4493,#4658);
#4658 = DEFINITIONAL_REPRESENTATION('',(#4659),#4663);
#4659 = LINE('',#4660,#4661);
#4660 = CARTESIAN_POINT('',(3.14159265359,0.));
#4661 = VECTOR('',#4662,1.);
#4662 = DIRECTION('',(0.,-1.));
#4663 = ( GEOMETRIC_REPRESENTATION_CONTEXT(2) 
PARAMETRIC_REPRESENTATION_CONTEXT() REPRESENTATION_CONTEXT('2D SPACE',''
  ) );
#4664 = PCURVE('',#4552,#4665);
#4665 = DEFINITIONAL_REPRESENTATION('',(#4666),#4670);
#4666 = LINE('',#4667,#4668);
#4667 = CARTESIAN_POINT('',(0.,-0.));
#4668 = VECTOR('',#4669,1.);
#4669 = DIRECTION('',(-0.,-1.));
#4670 = ( GEOMETRIC_REPRESENTATION_CONTEXT(2) 
PARAMETRIC_REPRESENTATION_CONTEXT() REPRESENTATION_CONTEXT('2D SPACE',''
  ) );
#4671 = ORIENTED_EDGE('',*,*,#4672,.F.);
#4672 = EDGE_CURVE('',#4478,#4650,#4673,.T.);
#4673 = SURFACE_CURVE('',#4674,(#4679,#4686),.PCURVE_S1.);
#4674 = CIRCLE('',#4675,2.6);
#4675 = AXIS2_PLACEMENT_3D('',#4676,#4677,#4678);
#4676 = CARTESIAN_POINT('',(43.675,7.6,-1.5));
#4677 = DIRECTION('',(0.,-0.,1.));
#4678 = DIRECTION('',(-0.,-1.,-0.));
#4679 = PCURVE('',#4493,#4680);
#4680 = DEFINITIONAL_REPRESENTATION('',(#4681),#4685);
#4681 = LINE('',#4682,#4683);
#4682 = CARTESIAN_POINT('',(0.,0.));
#4683 = VECTOR('',#4684,1.);
#4684 = DIRECTION('',(1.,0.));
#4685 = ( GEOMETRIC_REPRESENTATION_CONTEXT(2) 
PARAMETRIC_REPRESENTATION_CONTEXT() REPRESENTATION_CONTEXT('2D SPACE',''
  ) );
#4686 = PCURVE('',#4519,#4687);
#4687 = DEFINITIONAL_REPRESENTATION('',(#4688),#4696);
#4688 = ( BOUNDED_CURVE() B_SPLINE_CURVE(2,(#4689,#4690,#4691,#4692,
#4693,#4694,#4695),.UNSPECIFIED.,.T.,.F.) B_SPLINE_CURVE_WITH_KNOTS((1,2
    ,2,2,2,1),(-2.094395102393,0.,2.094395102393,4.188790204786,
6.28318530718,8.377580409573),.UNSPECIFIED.) CURVE() 
GEOMETRIC_REPRESENTATION_ITEM() RATIONAL_B_SPLINE_CURVE((1.,0.5,1.,0.5,
1.,0.5,1.)) REPRESENTATION_ITEM('') );
#4689 = CARTESIAN_POINT('',(4.075,2.6));
#4690 = CARTESIAN_POINT('',(8.578332099679,2.6));
#4691 = CARTESIAN_POINT('',(6.32666604984,-1.3));
#4692 = CARTESIAN_POINT('',(4.075,-5.2));
#4693 = CARTESIAN_POINT('',(1.82333395016,-1.3));
#4694 = CARTESIAN_POINT('',(-0.428332099679,2.6));
#4695 = CARTESIAN_POINT('',(4.075,2.6));
#4696 = ( GEOMETRIC_REPRESENTATION_CONTEXT(2) 
PARAMETRIC_REPRESENTATION_CONTEXT() REPRESENTATION_CONTEXT('2D SPACE',''
  ) );
#4697 = ADVANCED_FACE('',(#4698,#4724),#4519,.F.);
#4698 = FACE_BOUND('',#4699,.T.);
#4699 = EDGE_LOOP('',(#4700,#4701,#4702,#4723));
#4700 = ORIENTED_EDGE('',*,*,#4505,.T.);
#4701 = ORIENTED_EDGE('',*,*,#4672,.T.);
#4702 = ORIENTED_EDGE('',*,*,#4703,.T.);
#4703 = EDGE_CURVE('',#4650,#4535,#4704,.T.);
#4704 = SURFACE_CURVE('',#4705,(#4709,#4716),.PCURVE_S1.);
#4705 = LINE('',#4706,#4707);
#4706 = CARTESIAN_POINT('',(43.675,10.2,-1.5));
#4707 = VECTOR('',#4708,1.);
#4708 = DIRECTION('',(-1.,-0.,-0.));
#4709 = PCURVE('',#4519,#4710);
#4710 = DEFINITIONAL_REPRESENTATION('',(#4711),#4715);
#4711 = LINE('',#4712,#4713);
#4712 = CARTESIAN_POINT('',(4.075,-2.6));
#4713 = VECTOR('',#4714,1.);
#4714 = DIRECTION('',(-1.,0.));
#4715 = ( GEOMETRIC_REPRESENTATION_CONTEXT(2) 
PARAMETRIC_REPRESENTATION_CONTEXT() REPRESENTATION_CONTEXT('2D SPACE',''
  ) );
#4716 = PCURVE('',#4552,#4717);
#4717 = DEFINITIONAL_REPRESENTATION('',(#4718),#4722);
#4718 = LINE('',#4719,#4720);
#4719 = CARTESIAN_POINT('',(0.,-0.));
#4720 = VECTOR('',#4721,1.);
#4721 = DIRECTION('',(-1.,0.));
#4722 = ( GEOMETRIC_REPRESENTATION_CONTEXT(2) 
PARAMETRIC_REPRESENTATION_CONTEXT() REPRESENTATION_CONTEXT('2D SPACE',''
  ) );
#4723 = ORIENTED_EDGE('',*,*,#4591,.T.);
#4724 = FACE_BOUND('',#4725,.T.);
#4725 = EDGE_LOOP('',(#4726,#4757,#4785,#4814));
#4726 = ORIENTED_EDGE('',*,*,#4727,.T.);
#4727 = EDGE_CURVE('',#4728,#4730,#4732,.T.);
#4728 = VERTEX_POINT('',#4729);
#4729 = CARTESIAN_POINT('',(43.675,8.9,-1.5));
#4730 = VERTEX_POINT('',#4731);
#4731 = CARTESIAN_POINT('',(43.675,6.3,-1.5));
#4732 = SURFACE_CURVE('',#4733,(#4738,#4745),.PCURVE_S1.);
#4733 = CIRCLE('',#4734,1.3);
#4734 = AXIS2_PLACEMENT_3D('',#4735,#4736,#4737);
#4735 = CARTESIAN_POINT('',(43.675,7.6,-1.5));
#4736 = DIRECTION('',(-0.,0.,-1.));
#4737 = DIRECTION('',(6.832141690001E-16,1.,-0.));
#4738 = PCURVE('',#4519,#4739);
#4739 = DEFINITIONAL_REPRESENTATION('',(#4740),#4744);
#4740 = CIRCLE('',#4741,1.3);
#4741 = AXIS2_PLACEMENT_2D('',#4742,#4743);
#4742 = CARTESIAN_POINT('',(4.075,0.));
#4743 = DIRECTION('',(6.832141690001E-16,-1.));
#4744 = ( GEOMETRIC_REPRESENTATION_CONTEXT(2) 
PARAMETRIC_REPRESENTATION_CONTEXT() REPRESENTATION_CONTEXT('2D SPACE',''
  ) );
#4745 = PCURVE('',#4746,#4751);
#4746 = CYLINDRICAL_SURFACE('',#4747,1.3);
#4747 = AXIS2_PLACEMENT_3D('',#4748,#4749,#4750);
#4748 = CARTESIAN_POINT('',(43.675,7.6,0.));
#4749 = DIRECTION('',(-0.,-0.,-1.));
#4750 = DIRECTION('',(6.832141690001E-16,-1.,-0.));
#4751 = DEFINITIONAL_REPRESENTATION('',(#4752),#4756);
#4752 = LINE('',#4753,#4754);
#4753 = CARTESIAN_POINT('',(-9.424777960769,1.5));
#4754 = VECTOR('',#4755,1.);
#4755 = DIRECTION('',(1.,-0.));
#4756 = ( GEOMETRIC_REPRESENTATION_CONTEXT(2) 
PARAMETRIC_REPRESENTATION_CONTEXT() REPRESENTATION_CONTEXT('2D SPACE',''
  ) );
#4757 = ORIENTED_EDGE('',*,*,#4758,.T.);
#4758 = EDGE_CURVE('',#4730,#4759,#4761,.T.);
#4759 = VERTEX_POINT('',#4760);
#4760 = CARTESIAN_POINT('',(35.525,6.3,-1.5));
#4761 = SURFACE_CURVE('',#4762,(#4766,#4773),.PCURVE_S1.);
#4762 = LINE('',#4763,#4764);
#4763 = CARTESIAN_POINT('',(43.675,6.3,-1.5));
#4764 = VECTOR('',#4765,1.);
#4765 = DIRECTION('',(-1.,-0.,-0.));
#4766 = PCURVE('',#4519,#4767);
#4767 = DEFINITIONAL_REPRESENTATION('',(#4768),#4772);
#4768 = LINE('',#4769,#4770);
#4769 = CARTESIAN_POINT('',(4.075,1.3));
#4770 = VECTOR('',#4771,1.);
#4771 = DIRECTION('',(-1.,0.));
#4772 = ( GEOMETRIC_REPRESENTATION_CONTEXT(2) 
PARAMETRIC_REPRESENTATION_CONTEXT() REPRESENTATION_CONTEXT('2D SPACE',''
  ) );
#4773 = PCURVE('',#4774,#4779);
#4774 = PLANE('',#4775);
#4775 = AXIS2_PLACEMENT_3D('',#4776,#4777,#4778);
#4776 = CARTESIAN_POINT('',(35.525,6.3,0.));
#4777 = DIRECTION('',(-0.,-1.,-0.));
#4778 = DIRECTION('',(-1.,0.,0.));
#4779 = DEFINITIONAL_REPRESENTATION('',(#4780),#4784);
#4780 = LINE('',#4781,#4782);
#4781 = CARTESIAN_POINT('',(-8.15,1.5));
#4782 = VECTOR('',#4783,1.);
#4783 = DIRECTION('',(1.,-0.));
#4784 = ( GEOMETRIC_REPRESENTATION_CONTEXT(2) 
PARAMETRIC_REPRESENTATION_CONTEXT() REPRESENTATION_CONTEXT('2D SPACE',''
  ) );
#4785 = ORIENTED_EDGE('',*,*,#4786,.T.);
#4786 = EDGE_CURVE('',#4759,#4787,#4789,.T.);
#4787 = VERTEX_POINT('',#4788);
#4788 = CARTESIAN_POINT('',(35.525,8.9,-1.5));
#4789 = SURFACE_CURVE('',#4790,(#4795,#4802),.PCURVE_S1.);
#4790 = CIRCLE('',#4791,1.3);
#4791 = AXIS2_PLACEMENT_3D('',#4792,#4793,#4794);
#4792 = CARTESIAN_POINT('',(35.525,7.6,-1.5));
#4793 = DIRECTION('',(0.,0.,-1.));
#4794 = DIRECTION('',(-6.832141690001E-16,-1.,-0.));
#4795 = PCURVE('',#4519,#4796);
#4796 = DEFINITIONAL_REPRESENTATION('',(#4797),#4801);
#4797 = CIRCLE('',#4798,1.3);
#4798 = AXIS2_PLACEMENT_2D('',#4799,#4800);
#4799 = CARTESIAN_POINT('',(-4.075,0.));
#4800 = DIRECTION('',(-6.832141690001E-16,1.));
#4801 = ( GEOMETRIC_REPRESENTATION_CONTEXT(2) 
PARAMETRIC_REPRESENTATION_CONTEXT() REPRESENTATION_CONTEXT('2D SPACE',''
  ) );
#4802 = PCURVE('',#4803,#4808);
#4803 = CYLINDRICAL_SURFACE('',#4804,1.3);
#4804 = AXIS2_PLACEMENT_3D('',#4805,#4806,#4807);
#4805 = CARTESIAN_POINT('',(35.525,7.6,0.));
#4806 = DIRECTION('',(-0.,-0.,-1.));
#4807 = DIRECTION('',(-6.832141690001E-16,1.,0.));
#4808 = DEFINITIONAL_REPRESENTATION('',(#4809),#4813);
#4809 = LINE('',#4810,#4811);
#4810 = CARTESIAN_POINT('',(-9.424777960769,1.5));
#4811 = VECTOR('',#4812,1.);
#4812 = DIRECTION('',(1.,-0.));
#4813 = ( GEOMETRIC_REPRESENTATION_CONTEXT(2) 
PARAMETRIC_REPRESENTATION_CONTEXT() REPRESENTATION_CONTEXT('2D SPACE',''
  ) );
#4814 = ORIENTED_EDGE('',*,*,#4815,.T.);
#4815 = EDGE_CURVE('',#4787,#4728,#4816,.T.);
#4816 = SURFACE_CURVE('',#4817,(#4821,#4828),.PCURVE_S1.);
#4817 = LINE('',#4818,#4819);
#4818 = CARTESIAN_POINT('',(35.525,8.9,-1.5));
#4819 = VECTOR('',#4820,1.);
#4820 = DIRECTION('',(1.,-0.,-0.));
#4821 = PCURVE('',#4519,#4822);
#4822 = DEFINITIONAL_REPRESENTATION('',(#4823),#4827);
#4823 = LINE('',#4824,#4825);
#4824 = CARTESIAN_POINT('',(-4.075,-1.3));
#4825 = VECTOR('',#4826,1.);
#4826 = DIRECTION('',(1.,-0.));
#4827 = ( GEOMETRIC_REPRESENTATION_CONTEXT(2) 
PARAMETRIC_REPRESENTATION_CONTEXT() REPRESENTATION_CONTEXT('2D SPACE',''
  ) );
#4828 = PCURVE('',#4829,#4834);
#4829 = PLANE('',#4830);
#4830 = AXIS2_PLACEMENT_3D('',#4831,#4832,#4833);
#4831 = CARTESIAN_POINT('',(43.675,8.9,0.));
#4832 = DIRECTION('',(-0.,1.,-0.));
#4833 = DIRECTION('',(1.,0.,0.));
#4834 = DEFINITIONAL_REPRESENTATION('',(#4835),#4839);
#4835 = LINE('',#4836,#4837);
#4836 = CARTESIAN_POINT('',(-8.15,1.5));
#4837 = VECTOR('',#4838,1.);
#4838 = DIRECTION('',(1.,-0.));
#4839 = ( GEOMETRIC_REPRESENTATION_CONTEXT(2) 
PARAMETRIC_REPRESENTATION_CONTEXT() REPRESENTATION_CONTEXT('2D SPACE',''
  ) );
#4840 = ADVANCED_FACE('',(#4841),#4465,.T.);
#4841 = FACE_BOUND('',#4842,.F.);
#4842 = EDGE_LOOP('',(#4843,#4844,#4845,#4866));
#4843 = ORIENTED_EDGE('',*,*,#4449,.T.);
#4844 = ORIENTED_EDGE('',*,*,#4621,.T.);
#4845 = ORIENTED_EDGE('',*,*,#4846,.T.);
#4846 = EDGE_CURVE('',#4622,#4537,#4847,.T.);
#4847 = SURFACE_CURVE('',#4848,(#4852,#4859),.PCURVE_S1.);
#4848 = LINE('',#4849,#4850);
#4849 = CARTESIAN_POINT('',(43.675,10.2,-2.5));
#4850 = VECTOR('',#4851,1.);
#4851 = DIRECTION('',(-1.,-0.,-0.));
#4852 = PCURVE('',#4465,#4853);
#4853 = DEFINITIONAL_REPRESENTATION('',(#4854),#4858);
#4854 = LINE('',#4855,#4856);
#4855 = CARTESIAN_POINT('',(4.075,-2.6));
#4856 = VECTOR('',#4857,1.);
#4857 = DIRECTION('',(-1.,0.));
#4858 = ( GEOMETRIC_REPRESENTATION_CONTEXT(2) 
PARAMETRIC_REPRESENTATION_CONTEXT() REPRESENTATION_CONTEXT('2D SPACE',''
  ) );
#4859 = PCURVE('',#4552,#4860);
#4860 = DEFINITIONAL_REPRESENTATION('',(#4861),#4865);
#4861 = LINE('',#4862,#4863);
#4862 = CARTESIAN_POINT('',(-0.,-1.));
#4863 = VECTOR('',#4864,1.);
#4864 = DIRECTION('',(-1.,0.));
#4865 = ( GEOMETRIC_REPRESENTATION_CONTEXT(2) 
PARAMETRIC_REPRESENTATION_CONTEXT() REPRESENTATION_CONTEXT('2D SPACE',''
  ) );
#4866 = ORIENTED_EDGE('',*,*,#4564,.T.);
#4867 = ADVANCED_FACE('',(#4868),#4552,.F.);
#4868 = FACE_BOUND('',#4869,.T.);
#4869 = EDGE_LOOP('',(#4870,#4871,#4872,#4873));
#4870 = ORIENTED_EDGE('',*,*,#4649,.T.);
#4871 = ORIENTED_EDGE('',*,*,#4846,.T.);
#4872 = ORIENTED_EDGE('',*,*,#4534,.F.);
#4873 = ORIENTED_EDGE('',*,*,#4703,.F.);
#4874 = ADVANCED_FACE('',(#4875),#4746,.T.);
#4875 = FACE_BOUND('',#4876,.F.);
#4876 = EDGE_LOOP('',(#4877,#4900,#4933,#4954));
#4877 = ORIENTED_EDGE('',*,*,#4878,.F.);
#4878 = EDGE_CURVE('',#4879,#4730,#4881,.T.);
#4879 = VERTEX_POINT('',#4880);
#4880 = CARTESIAN_POINT('',(43.675,6.3,1.));
#4881 = SURFACE_CURVE('',#4882,(#4886,#4893),.PCURVE_S1.);
#4882 = LINE('',#4883,#4884);
#4883 = CARTESIAN_POINT('',(43.675,6.3,1.));
#4884 = VECTOR('',#4885,1.);
#4885 = DIRECTION('',(-0.,-0.,-1.));
#4886 = PCURVE('',#4746,#4887);
#4887 = DEFINITIONAL_REPRESENTATION('',(#4888),#4892);
#4888 = LINE('',#4889,#4890);
#4889 = CARTESIAN_POINT('',(-6.28318530718,-1.));
#4890 = VECTOR('',#4891,1.);
#4891 = DIRECTION('',(0.,1.));
#4892 = ( GEOMETRIC_REPRESENTATION_CONTEXT(2) 
PARAMETRIC_REPRESENTATION_CONTEXT() REPRESENTATION_CONTEXT('2D SPACE',''
  ) );
#4893 = PCURVE('',#4774,#4894);
#4894 = DEFINITIONAL_REPRESENTATION('',(#4895),#4899);
#4895 = LINE('',#4896,#4897);
#4896 = CARTESIAN_POINT('',(-8.15,-1.));
#4897 = VECTOR('',#4898,1.);
#4898 = DIRECTION('',(-0.,1.));
#4899 = ( GEOMETRIC_REPRESENTATION_CONTEXT(2) 
PARAMETRIC_REPRESENTATION_CONTEXT() REPRESENTATION_CONTEXT('2D SPACE',''
  ) );
#4900 = ORIENTED_EDGE('',*,*,#4901,.T.);
#4901 = EDGE_CURVE('',#4879,#4902,#4904,.T.);
#4902 = VERTEX_POINT('',#4903);
#4903 = CARTESIAN_POINT('',(43.675,8.9,1.));
#4904 = SURFACE_CURVE('',#4905,(#4910,#4917),.PCURVE_S1.);
#4905 = CIRCLE('',#4906,1.3);
#4906 = AXIS2_PLACEMENT_3D('',#4907,#4908,#4909);
#4907 = CARTESIAN_POINT('',(43.675,7.6,1.));
#4908 = DIRECTION('',(0.,0.,1.));
#4909 = DIRECTION('',(6.832141690001E-16,-1.,-0.));
#4910 = PCURVE('',#4746,#4911);
#4911 = DEFINITIONAL_REPRESENTATION('',(#4912),#4916);
#4912 = LINE('',#4913,#4914);
#4913 = CARTESIAN_POINT('',(-6.28318530718,-1.));
#4914 = VECTOR('',#4915,1.);
#4915 = DIRECTION('',(-1.,0.));
#4916 = ( GEOMETRIC_REPRESENTATION_CONTEXT(2) 
PARAMETRIC_REPRESENTATION_CONTEXT() REPRESENTATION_CONTEXT('2D SPACE',''
  ) );
#4917 = PCURVE('',#4918,#4923);
#4918 = PLANE('',#4919);
#4919 = AXIS2_PLACEMENT_3D('',#4920,#4921,#4922);
#4920 = CARTESIAN_POINT('',(39.6,7.6,1.));
#4921 = DIRECTION('',(-0.,0.,-1.));
#4922 = DIRECTION('',(1.,0.,0.));
#4923 = DEFINITIONAL_REPRESENTATION('',(#4924),#4932);
#4924 = ( BOUNDED_CURVE() B_SPLINE_CURVE(2,(#4925,#4926,#4927,#4928,
#4929,#4930,#4931),.UNSPECIFIED.,.T.,.F.) B_SPLINE_CURVE_WITH_KNOTS((1,2
    ,2,2,2,1),(-2.094395102393,0.,2.094395102393,4.188790204786,
6.28318530718,8.377580409573),.UNSPECIFIED.) CURVE() 
GEOMETRIC_REPRESENTATION_ITEM() RATIONAL_B_SPLINE_CURVE((1.,0.5,1.,0.5,
1.,0.5,1.)) REPRESENTATION_ITEM('') );
#4925 = CARTESIAN_POINT('',(4.075,1.3));
#4926 = CARTESIAN_POINT('',(6.32666604984,1.3));
#4927 = CARTESIAN_POINT('',(5.20083302492,-0.65));
#4928 = CARTESIAN_POINT('',(4.075,-2.6));
#4929 = CARTESIAN_POINT('',(2.94916697508,-0.65));
#4930 = CARTESIAN_POINT('',(1.82333395016,1.3));
#4931 = CARTESIAN_POINT('',(4.075,1.3));
#4932 = ( GEOMETRIC_REPRESENTATION_CONTEXT(2) 
PARAMETRIC_REPRESENTATION_CONTEXT() REPRESENTATION_CONTEXT('2D SPACE',''
  ) );
#4933 = ORIENTED_EDGE('',*,*,#4934,.T.);
#4934 = EDGE_CURVE('',#4902,#4728,#4935,.T.);
#4935 = SURFACE_CURVE('',#4936,(#4940,#4947),.PCURVE_S1.);
#4936 = LINE('',#4937,#4938);
#4937 = CARTESIAN_POINT('',(43.675,8.9,1.));
#4938 = VECTOR('',#4939,1.);
#4939 = DIRECTION('',(-0.,-0.,-1.));
#4940 = PCURVE('',#4746,#4941);
#4941 = DEFINITIONAL_REPRESENTATION('',(#4942),#4946);
#4942 = LINE('',#4943,#4944);
#4943 = CARTESIAN_POINT('',(-9.424777960769,-1.));
#4944 = VECTOR('',#4945,1.);
#4945 = DIRECTION('',(0.,1.));
#4946 = ( GEOMETRIC_REPRESENTATION_CONTEXT(2) 
PARAMETRIC_REPRESENTATION_CONTEXT() REPRESENTATION_CONTEXT('2D SPACE',''
  ) );
#4947 = PCURVE('',#4829,#4948);
#4948 = DEFINITIONAL_REPRESENTATION('',(#4949),#4953);
#4949 = LINE('',#4950,#4951);
#4950 = CARTESIAN_POINT('',(-0.,-1.));
#4951 = VECTOR('',#4952,1.);
#4952 = DIRECTION('',(-0.,1.));
#4953 = ( GEOMETRIC_REPRESENTATION_CONTEXT(2) 
PARAMETRIC_REPRESENTATION_CONTEXT() REPRESENTATION_CONTEXT('2D SPACE',''
  ) );
#4954 = ORIENTED_EDGE('',*,*,#4727,.T.);
#4955 = ADVANCED_FACE('',(#4956),#4829,.T.);
#4956 = FACE_BOUND('',#4957,.F.);
#4957 = EDGE_LOOP('',(#4958,#4959,#4982,#5003));
#4958 = ORIENTED_EDGE('',*,*,#4934,.F.);
#4959 = ORIENTED_EDGE('',*,*,#4960,.T.);
#4960 = EDGE_CURVE('',#4902,#4961,#4963,.T.);
#4961 = VERTEX_POINT('',#4962);
#4962 = CARTESIAN_POINT('',(35.525,8.9,1.));
#4963 = SURFACE_CURVE('',#4964,(#4968,#4975),.PCURVE_S1.);
#4964 = LINE('',#4965,#4966);
#4965 = CARTESIAN_POINT('',(43.675,8.9,1.));
#4966 = VECTOR('',#4967,1.);
#4967 = DIRECTION('',(-1.,-0.,-0.));
#4968 = PCURVE('',#4829,#4969);
#4969 = DEFINITIONAL_REPRESENTATION('',(#4970),#4974);
#4970 = LINE('',#4971,#4972);
#4971 = CARTESIAN_POINT('',(-0.,-1.));
#4972 = VECTOR('',#4973,1.);
#4973 = DIRECTION('',(-1.,0.));
#4974 = ( GEOMETRIC_REPRESENTATION_CONTEXT(2) 
PARAMETRIC_REPRESENTATION_CONTEXT() REPRESENTATION_CONTEXT('2D SPACE',''
  ) );
#4975 = PCURVE('',#4918,#4976);
#4976 = DEFINITIONAL_REPRESENTATION('',(#4977),#4981);
#4977 = LINE('',#4978,#4979);
#4978 = CARTESIAN_POINT('',(4.075,-1.3));
#4979 = VECTOR('',#4980,1.);
#4980 = DIRECTION('',(-1.,0.));
#4981 = ( GEOMETRIC_REPRESENTATION_CONTEXT(2) 
PARAMETRIC_REPRESENTATION_CONTEXT() REPRESENTATION_CONTEXT('2D SPACE',''
  ) );
#4982 = ORIENTED_EDGE('',*,*,#4983,.F.);
#4983 = EDGE_CURVE('',#4787,#4961,#4984,.T.);
#4984 = SURFACE_CURVE('',#4985,(#4989,#4996),.PCURVE_S1.);
#4985 = LINE('',#4986,#4987);
#4986 = CARTESIAN_POINT('',(35.525,8.9,-1.5));
#4987 = VECTOR('',#4988,1.);
#4988 = DIRECTION('',(-0.,-0.,1.));
#4989 = PCURVE('',#4829,#4990);
#4990 = DEFINITIONAL_REPRESENTATION('',(#4991),#4995);
#4991 = LINE('',#4992,#4993);
#4992 = CARTESIAN_POINT('',(-8.15,1.5));
#4993 = VECTOR('',#4994,1.);
#4994 = DIRECTION('',(-0.,-1.));
#4995 = ( GEOMETRIC_REPRESENTATION_CONTEXT(2) 
PARAMETRIC_REPRESENTATION_CONTEXT() REPRESENTATION_CONTEXT('2D SPACE',''
  ) );
#4996 = PCURVE('',#4803,#4997);
#4997 = DEFINITIONAL_REPRESENTATION('',(#4998),#5002);
#4998 = LINE('',#4999,#5000);
#4999 = CARTESIAN_POINT('',(-6.28318530718,1.5));
#5000 = VECTOR('',#5001,1.);
#5001 = DIRECTION('',(-0.,-1.));
#5002 = ( GEOMETRIC_REPRESENTATION_CONTEXT(2) 
PARAMETRIC_REPRESENTATION_CONTEXT() REPRESENTATION_CONTEXT('2D SPACE',''
  ) );
#5003 = ORIENTED_EDGE('',*,*,#4815,.T.);
#5004 = ADVANCED_FACE('',(#5005),#4803,.T.);
#5005 = FACE_BOUND('',#5006,.F.);
#5006 = EDGE_LOOP('',(#5007,#5035,#5056,#5057));
#5007 = ORIENTED_EDGE('',*,*,#5008,.T.);
#5008 = EDGE_CURVE('',#4961,#5009,#5011,.T.);
#5009 = VERTEX_POINT('',#5010);
#5010 = CARTESIAN_POINT('',(35.525,6.3,1.));
#5011 = SURFACE_CURVE('',#5012,(#5017,#5024),.PCURVE_S1.);
#5012 = CIRCLE('',#5013,1.3);
#5013 = AXIS2_PLACEMENT_3D('',#5014,#5015,#5016);
#5014 = CARTESIAN_POINT('',(35.525,7.6,1.));
#5015 = DIRECTION('',(0.,-0.,1.));
#5016 = DIRECTION('',(-6.832141690001E-16,1.,0.));
#5017 = PCURVE('',#4803,#5018);
#5018 = DEFINITIONAL_REPRESENTATION('',(#5019),#5023);
#5019 = LINE('',#5020,#5021);
#5020 = CARTESIAN_POINT('',(-6.28318530718,-1.));
#5021 = VECTOR('',#5022,1.);
#5022 = DIRECTION('',(-1.,0.));
#5023 = ( GEOMETRIC_REPRESENTATION_CONTEXT(2) 
PARAMETRIC_REPRESENTATION_CONTEXT() REPRESENTATION_CONTEXT('2D SPACE',''
  ) );
#5024 = PCURVE('',#4918,#5025);
#5025 = DEFINITIONAL_REPRESENTATION('',(#5026),#5034);
#5026 = ( BOUNDED_CURVE() B_SPLINE_CURVE(2,(#5027,#5028,#5029,#5030,
#5031,#5032,#5033),.UNSPECIFIED.,.T.,.F.) B_SPLINE_CURVE_WITH_KNOTS((1,2
    ,2,2,2,1),(-2.094395102393,0.,2.094395102393,4.188790204786,
6.28318530718,8.377580409573),.UNSPECIFIED.) CURVE() 
GEOMETRIC_REPRESENTATION_ITEM() RATIONAL_B_SPLINE_CURVE((1.,0.5,1.,0.5,
1.,0.5,1.)) REPRESENTATION_ITEM('') );
#5027 = CARTESIAN_POINT('',(-4.075,-1.3));
#5028 = CARTESIAN_POINT('',(-6.32666604984,-1.3));
#5029 = CARTESIAN_POINT('',(-5.20083302492,0.65));
#5030 = CARTESIAN_POINT('',(-4.075,2.6));
#5031 = CARTESIAN_POINT('',(-2.94916697508,0.65));
#5032 = CARTESIAN_POINT('',(-1.82333395016,-1.3));
#5033 = CARTESIAN_POINT('',(-4.075,-1.3));
#5034 = ( GEOMETRIC_REPRESENTATION_CONTEXT(2) 
PARAMETRIC_REPRESENTATION_CONTEXT() REPRESENTATION_CONTEXT('2D SPACE',''
  ) );
#5035 = ORIENTED_EDGE('',*,*,#5036,.F.);
#5036 = EDGE_CURVE('',#4759,#5009,#5037,.T.);
#5037 = SURFACE_CURVE('',#5038,(#5042,#5049),.PCURVE_S1.);
#5038 = LINE('',#5039,#5040);
#5039 = CARTESIAN_POINT('',(35.525,6.3,-1.5));
#5040 = VECTOR('',#5041,1.);
#5041 = DIRECTION('',(-0.,-0.,1.));
#5042 = PCURVE('',#4803,#5043);
#5043 = DEFINITIONAL_REPRESENTATION('',(#5044),#5048);
#5044 = LINE('',#5045,#5046);
#5045 = CARTESIAN_POINT('',(-9.424777960769,1.5));
#5046 = VECTOR('',#5047,1.);
#5047 = DIRECTION('',(-0.,-1.));
#5048 = ( GEOMETRIC_REPRESENTATION_CONTEXT(2) 
PARAMETRIC_REPRESENTATION_CONTEXT() REPRESENTATION_CONTEXT('2D SPACE',''
  ) );
#5049 = PCURVE('',#4774,#5050);
#5050 = DEFINITIONAL_REPRESENTATION('',(#5051),#5055);
#5051 = LINE('',#5052,#5053);
#5052 = CARTESIAN_POINT('',(-0.,1.5));
#5053 = VECTOR('',#5054,1.);
#5054 = DIRECTION('',(-0.,-1.));
#5055 = ( GEOMETRIC_REPRESENTATION_CONTEXT(2) 
PARAMETRIC_REPRESENTATION_CONTEXT() REPRESENTATION_CONTEXT('2D SPACE',''
  ) );
#5056 = ORIENTED_EDGE('',*,*,#4786,.T.);
#5057 = ORIENTED_EDGE('',*,*,#4983,.T.);
#5058 = ADVANCED_FACE('',(#5059),#4774,.T.);
#5059 = FACE_BOUND('',#5060,.F.);
#5060 = EDGE_LOOP('',(#5061,#5082,#5083,#5084));
#5061 = ORIENTED_EDGE('',*,*,#5062,.T.);
#5062 = EDGE_CURVE('',#5009,#4879,#5063,.T.);
#5063 = SURFACE_CURVE('',#5064,(#5068,#5075),.PCURVE_S1.);
#5064 = LINE('',#5065,#5066);
#5065 = CARTESIAN_POINT('',(35.525,6.3,1.));
#5066 = VECTOR('',#5067,1.);
#5067 = DIRECTION('',(1.,-0.,-0.));
#5068 = PCURVE('',#4774,#5069);
#5069 = DEFINITIONAL_REPRESENTATION('',(#5070),#5074);
#5070 = LINE('',#5071,#5072);
#5071 = CARTESIAN_POINT('',(-0.,-1.));
#5072 = VECTOR('',#5073,1.);
#5073 = DIRECTION('',(-1.,-0.));
#5074 = ( GEOMETRIC_REPRESENTATION_CONTEXT(2) 
PARAMETRIC_REPRESENTATION_CONTEXT() REPRESENTATION_CONTEXT('2D SPACE',''
  ) );
#5075 = PCURVE('',#4918,#5076);
#5076 = DEFINITIONAL_REPRESENTATION('',(#5077),#5081);
#5077 = LINE('',#5078,#5079);
#5078 = CARTESIAN_POINT('',(-4.075,1.3));
#5079 = VECTOR('',#5080,1.);
#5080 = DIRECTION('',(1.,-0.));
#5081 = ( GEOMETRIC_REPRESENTATION_CONTEXT(2) 
PARAMETRIC_REPRESENTATION_CONTEXT() REPRESENTATION_CONTEXT('2D SPACE',''
  ) );
#5082 = ORIENTED_EDGE('',*,*,#4878,.T.);
#5083 = ORIENTED_EDGE('',*,*,#4758,.T.);
#5084 = ORIENTED_EDGE('',*,*,#5036,.T.);
#5085 = ADVANCED_FACE('',(#5086),#4918,.F.);
#5086 = FACE_BOUND('',#5087,.T.);
#5087 = EDGE_LOOP('',(#5088,#5089,#5090,#5091));
#5088 = ORIENTED_EDGE('',*,*,#5062,.T.);
#5089 = ORIENTED_EDGE('',*,*,#4901,.T.);
#5090 = ORIENTED_EDGE('',*,*,#4960,.T.);
#5091 = ORIENTED_EDGE('',*,*,#5008,.T.);
#5092 = ( GEOMETRIC_REPRESENTATION_CONTEXT(3) 
GLOBAL_UNCERTAINTY_ASSIGNED_CONTEXT((#5096)) 
GLOBAL_UNIT_ASSIGNED_CONTEXT((#5093,#5094,#5095)) REPRESENTATION_CONTEXT
('Context #1','3D Context with UNIT and UNCERTAINTY') );
#5093 = ( LENGTH_UNIT() NAMED_UNIT(*) SI_UNIT(.MILLI.,.METRE.) );
#5094 = ( NAMED_UNIT(*) PLANE_ANGLE_UNIT() SI_UNIT($,.RADIAN.) );
#5095 = ( NAMED_UNIT(*) SI_UNIT($,.STERADIAN.) SOLID_ANGLE_UNIT() );
#5096 = UNCERTAINTY_MEASURE_WITH_UNIT(LENGTH_MEASURE(1.E-07),#5093,
  'distance_accuracy_value','confusion accuracy');
#5097 = CONTEXT_DEPENDENT_SHAPE_REPRESENTATION(#5098,#5100);
#5098 = ( REPRESENTATION_RELATIONSHIP('','',#4407,#10) 
REPRESENTATION_RELATIONSHIP_WITH_TRANSFORMATION(#5099) 
SHAPE_REPRESENTATION_RELATIONSHIP() );
#5099 = ITEM_DEFINED_TRANSFORMATION('','',#11,#43);
#5100 = PRODUCT_DEFINITION_SHAPE('Placement','Placement of an item',
  #5101);
#5101 = NEXT_ASSEMBLY_USAGE_OCCURRENCE('76','','',#5,#4402,$);
#5102 = PRODUCT_RELATED_PRODUCT_CATEGORY('part',$,(#4404));
ENDSEC;
END-ISO-10303-21;
