side,pair,game,level,status,elapsed_ms,expanded
before,1,15 push pull levels.txt,1,solved,21,1342
before,1,15 push pull levels.txt,3,solved,2,137
before,1,15 push pull levels.txt,5,solved,90,5517
before,1,15 push pull levels.txt,7,solved,120,7643
before,1,15 push pull levels.txt,9,solved,67,4319
before,1,15 push pull levels.txt,11,solved,24,1565
before,1,15 push pull levels.txt,13,solved,21,1376
before,1,15 push pull levels.txt,15,solved,36,2195
before,1,15 push pull levels.txt,17,solved,26,1730
before,1,15 push pull levels.txt,19,solved,127,7849
before,1,15 push pull levels.txt,21,timeout,251,14868
before,1,15 push pull levels.txt,23,solved,219,13036
before,1,15 push pull levels.txt,25,solved,197,12036
before,1,15 push pull levels.txt,27,timeout,251,14839
before,1,15 push pull levels.txt,29,timeout,251,15610
before,1,5-junctions-maker.txt,1,timeout,250,459
before,1,5-junctions-maker.txt,3,solved,0,1
before,1,8 happy snakes.txt,1,solved,0,10
before,1,8 happy snakes.txt,3,solved,28,346
before,1,8 happy snakes.txt,5,solved,6,91
before,1,8 happy snakes.txt,7,solved,42,465
before,1,8 happy snakes.txt,9,timeout,253,6450
before,1,8 happy snakes.txt,11,timeout,253,4747
before,1,8 happy snakes.txt,13,timeout,253,5219
before,1,8 happy snakes.txt,15,timeout,250,1767
before,1,ALL GREEN TO BLUE.txt,1,solved,0,36
before,1,ALL GREEN TO BLUE.txt,3,solved,184,8191
before,1,ALL GREEN TO BLUE.txt,5,solved,84,4892
before,1,ALL GREEN TO BLUE.txt,7,solved,57,3260
before,1,ALL GREEN TO BLUE.txt,9,solved,29,1376
before,1,ALL GREEN TO BLUE.txt,11,timeout,252,11239
before,1,ALL GREEN TO BLUE.txt,13,solved,155,10966
before,1,ALL GREEN TO BLUE.txt,15,solved,3,188
before,1,ALL GREEN TO BLUE.txt,17,timeout,251,16239
before,1,ALL GREEN TO BLUE.txt,19,solved,11,884
before,1,ALL GREEN TO BLUE.txt,21,solved,3,89
before,1,Acorn Scorchery Paradise.txt,1,solved,9,489
before,1,Acorn Scorchery Paradise.txt,3,solved,7,380
before,1,Acorn Scorchery Paradise.txt,5,solved,22,1219
before,1,Acorn Scorchery Paradise.txt,7,solved,8,454
before,1,Acorn Scorchery Paradise.txt,9,solved,27,1545
before,1,All Green and Blue on Yellow.txt,1,solved,2,200
before,1,All Green and Blue on Yellow.txt,3,solved,2,166
before,1,All Green and Blue on Yellow.txt,5,solved,14,1249
before,1,All Green and Blue on Yellow.txt,7,solved,15,1343
before,1,All Green and Blue on Yellow.txt,9,solved,16,1260
before,1,Any hole is a goal.txt,1,solved,6,17
before,1,Any hole is a goal.txt,3,solved,200,802
before,1,Any hole is a goal.txt,5,timeout,250,828
before,1,Any hole is a goal.txt,7,solved,179,748
before,1,Any hole is a goal.txt,9,timeout,250,940
before,1,Any hole is a goal.txt,11,timeout,250,982
before,1,Any hole is a goal.txt,13,timeout,250,867
before,1,Any hole is a goal.txt,15,timeout,250,789
before,1,Any hole is a goal.txt,17,timeout,250,1009
before,1,Any hole is a goal.txt,19,timeout,250,975
before,1,Any hole is a goal.txt,21,timeout,250,896
before,1,Any hole is a goal.txt,23,solved,231,1037
before,1,Any hole is a goal.txt,25,timeout,250,946
before,1,Any hole is a goal.txt,27,timeout,250,541
before,1,Any hole is a goal.txt,29,timeout,250,959
before,1,Any hole is a goal.txt,31,timeout,250,923
before,1,Any hole is a goal.txt,33,timeout,250,1036
before,1,Any hole is a goal.txt,35,timeout,250,835
before,1,Any hole is a goal.txt,37,timeout,250,463
before,1,Any hole is a goal.txt,39,timeout,250,906
before,1,Any hole is a goal.txt,41,timeout,250,979
before,1,Any hole is a goal.txt,43,timeout,250,474
before,1,Any hole is a goal.txt,45,timeout,250,371
before,1,Any hole is a goal.txt,47,timeout,250,1044
before,1,Any hole is a goal.txt,49,timeout,250,1012
before,1,Any hole is a goal.txt,51,timeout,250,777
before,1,Any hole is a goal.txt,53,timeout,250,725
before,1,Any hole is a goal.txt,55,timeout,250,746
before,1,Any hole is a goal.txt,57,timeout,250,925
before,1,Any hole is a goal.txt,59,timeout,250,995
before,1,Any hole is a goal.txt,61,timeout,250,780
before,1,Any hole is a goal.txt,63,timeout,250,1035
before,1,Any hole is a goal.txt,65,timeout,250,1028
before,1,Any hole is a goal.txt,67,timeout,250,964
before,1,Any hole is a goal.txt,69,timeout,250,900
before,1,Attractor Net.txt,1,solved,93,2014
before,1,Attractor Net.txt,3,solved,111,2769
before,1,Attractor Net.txt,5,solved,6,162
before,1,Attractor Net.txt,7,solved,21,523
before,1,Attractor Net.txt,9,solved,87,1433
before,1,Attractor Net.txt,11,solved,20,571
before,1,Attractor Net.txt,13,solved,130,3034
before,1,Attractor Net.txt,15,solved,70,1772
before,1,Attractor Net.txt,17,solved,1,20
before,1,Attractor Net.txt,19,solved,64,1642
before,1,BIAXIAL INVASION OF SATURN.txt,3,solved,121,523
before,1,BIAXIAL INVASION OF SATURN.txt,5,timeout,250,675
before,1,BIAXIAL INVASION OF SATURN.txt,7,timeout,250,479
before,1,BIAXIAL INVASION OF SATURN.txt,9,timeout,250,443
before,1,BIAXIAL INVASION OF SATURN.txt,11,timeout,250,457
before,1,BIAXIAL INVASION OF SATURN.txt,13,solved,200,444
before,1,BIAXIAL INVASION OF SATURN.txt,15,timeout,250,533
before,1,BIAXIAL INVASION OF SATURN.txt,17,timeout,250,267
before,1,BIAXIAL INVASION OF SATURN.txt,19,timeout,250,123
before,1,BIAXIAL INVASION OF SATURN.txt,21,timeout,250,106
before,1,BIAXIAL INVASION OF SATURN.txt,23,timeout,250,182
before,1,BIAXIAL INVASION OF SATURN.txt,25,timeout,251,18
before,1,BIAXIAL INVASION OF SATURN.txt,28,solved,0,1
before,1,BIAXIAL INVASION OF SATURN.txt,29,solved,0,1
before,1,BIAXIAL INVASION OF SATURN.txt,30,solved,0,1
before,1,BIAXIAL INVASION OF SATURN.txt,31,solved,1,1
before,1,Bicycle-Kick Football.txt,1,solved,230,621
before,1,Bicycle-Kick Football.txt,4,solved,14,91
before,1,Bicycle-Kick Football.txt,7,solved,125,685
before,1,Bicycle-Kick Football.txt,10,timeout,250,1874
before,1,Bicycle-Kick Football.txt,13,timeout,250,1028
before,1,Bicycle-Kick Football.txt,16,timeout,250,1395
before,1,Bring the ice cube to the goal without exposing it to heat.txt,1,timeout,250,492
before,1,CODEX LUBRICUS.txt,2,solved,44,130
before,1,CODEX LUBRICUS.txt,4,solved,58,93
before,1,CODEX LUBRICUS.txt,6,solved,57,73
before,1,CODEX LUBRICUS.txt,8,solved,36,93
before,1,CODEX LUBRICUS.txt,10,solved,95,113
before,1,CODEX LUBRICUS.txt,12,solved,74,149
before,1,CODEX LUBRICUS.txt,14,solved,53,111
before,1,CODEX LUBRICUS.txt,16,solved,58,118
before,1,CODEX LUBRICUS.txt,18,solved,74,105
before,1,CODEX LUBRICUS.txt,20,solved,94,115
before,1,CODEX LUBRICUS.txt,22,solved,48,112
before,1,CODEX LUBRICUS.txt,24,solved,55,116
before,1,CODEX LUBRICUS.txt,26,solved,67,108
before,1,CODEX LUBRICUS.txt,28,solved,76,104
before,1,CODEX LUBRICUS.txt,30,solved,88,131
before,1,CODEX LUBRICUS.txt,32,solved,216,275
before,1,CODEX LUBRICUS.txt,34,solved,74,122
before,1,CODEX LUBRICUS.txt,36,solved,62,164
before,1,CODEX LUBRICUS.txt,38,solved,43,102
before,1,CODEX LUBRICUS.txt,40,solved,154,262
before,1,Chevron Lodger.txt,1,solved,2,67
before,1,Chevron Lodger.txt,3,solved,53,1755
before,1,Chevron Lodger.txt,5,solved,210,5035
before,1,Chevron Lodger.txt,7,solved,30,823
before,1,Chevron Lodger.txt,9,timeout,251,6821
before,1,Chevron Lodger.txt,11,timeout,250,5856
before,1,Crates move when you move.txt,1,solved,3,138
before,1,Crates move when you move.txt,3,solved,1,73
before,1,Crates move when you move.txt,5,solved,1,49
before,1,Crates move when you move.txt,7,solved,3,115
before,1,Crates move when you move.txt,9,solved,1,71
before,1,Crates move when you move.txt,11,solved,0,3
before,1,Crates move when you move.txt,13,solved,8,348
before,1,Crates move when you move.txt,15,solved,6,230
before,1,Crates move when you move.txt,17,solved,2,93
before,1,Crates move when you move.txt,19,solved,10,415
before,1,Cucumber Surprise.txt,2,solved,5,259
before,1,Cucumber Surprise.txt,5,solved,5,201
before,1,Cucumber Surprise.txt,7,solved,32,1178
before,1,Cucumber Surprise.txt,9,solved,73,2499
before,1,Cucumber Surprise.txt,11,solved,215,7606
before,1,Cucumber Surprise.txt,13,solved,31,1163
before,1,Cucumber Surprise.txt,15,solved,58,2202
before,1,Cucumber Surprise.txt,17,solved,25,916
before,1,Cucumber Surprise.txt,19,solved,36,1311
before,1,Cucumber Surprise.txt,21,timeout,250,7940
before,1,Cucumber Surprise.txt,23,solved,100,3449
before,1,Cucumber Surprise.txt,25,solved,32,1243
before,1,Cucumber Surprise.txt,27,solved,201,7437
before,1,Cucumber Surprise.txt,29,solved,18,731
before,1,Cucumber Surprise.txt,31,solved,60,2119
before,1,Cucumber Surprise.txt,33,solved,101,3415
before,1,Cucumber Surprise.txt,35,solved,49,1727
before,1,Cucumber Surprise.txt,37,solved,23,812
before,1,Cucumber Surprise.txt,39,solved,93,2968
before,1,Cucumber Surprise.txt,41,timeout,251,7019
before,1,Des Poseidons Dreizack.txt,1,timeout,250,162
before,1,Des Poseidons Dreizack.txt,3,timeout,250,170
before,1,Des Poseidons Dreizack.txt,5,timeout,250,149
before,1,Des Poseidons Dreizack.txt,6,solved,1,9
before,1,Des Poseidons Dreizack.txt,7,solved,0,1
before,1,Don't let your goals slip away.txt,1,solved,1,63
before,1,Don't let your goals slip away.txt,3,solved,103,4881
before,1,Don't let your goals slip away.txt,5,solved,2,121
before,1,Don't let your goals slip away.txt,7,solved,10,512
before,1,Don't let your goals slip away.txt,9,solved,23,1317
before,1,Don't let your goals slip away.txt,11,solved,135,5817
before,1,Don't let your goals slip away.txt,13,solved,51,2187
before,1,Don't let your goals slip away.txt,15,solved,155,7721
before,1,Double-Entry Bookkeeping Simulator.txt,1,timeout,250,1487
before,1,Double-Entry Bookkeeping Simulator.txt,3,timeout,250,715
before,1,Double-Entry Bookkeeping Simulator.txt,5,timeout,250,1542
before,1,Double-Entry Bookkeeping Simulator.txt,7,timeout,250,745
before,1,Double-Entry Bookkeeping Simulator.txt,9,timeout,250,1006
before,1,Double-Entry Bookkeeping Simulator.txt,11,timeout,250,590
before,1,Double-Entry Bookkeeping Simulator.txt,13,timeout,250,330
before,1,Double-Entry Bookkeeping Simulator.txt,15,timeout,250,430
before,1,Double-Entry Bookkeeping Simulator.txt,17,timeout,250,1756
before,1,Explodoban.txt,1,solved,9,437
before,1,Explodoban.txt,3,solved,6,320
before,1,Explodoban.txt,5,solved,70,3082
before,1,Explodoban.txt,7,solved,155,5873
before,1,Explodoban.txt,9,solved,116,3907
before,1,Explodoban.txt,11,solved,78,2959
before,1,Explodoban.txt,13,timeout,251,9397
before,1,Eyeball-watching flowers bloom.txt,1,solved,2,53
before,1,Eyeball-watching flowers bloom.txt,3,solved,182,4076
before,1,Eyeball-watching flowers bloom.txt,5,timeout,250,4959
before,1,Garten der Medusen.txt,1,solved,6,6
before,1,Garten der Medusen.txt,3,solved,5,4
before,1,Garten der Medusen.txt,5,solved,8,6
before,1,Garten der Medusen.txt,7,timeout,250,283
before,1,Garten der Medusen.txt,9,timeout,250,128
before,1,Garten der Medusen.txt,11,timeout,250,158
before,1,Garten der Medusen.txt,13,timeout,251,55
before,1,Garten der Medusen.txt,15,timeout,250,70
before,1,Hole-Stuffer.txt,1,timeout,250,3032
before,1,Hole-Stuffer.txt,3,solved,233,3591
before,1,Hole-Stuffer.txt,5,solved,12,178
before,1,Hole-Stuffer.txt,7,timeout,250,3172
before,1,"Individuals can produce a society, but can a society produce individuals.txt",1,timeout,250,486
before,1,It gets its Feet Wet.txt,1,timeout,250,233
before,1,Legend of Swixero.txt,1,solved,6,369
before,1,Legend of Swixero.txt,3,solved,31,1444
before,1,Legend of Swixero.txt,5,solved,10,450
before,1,Legend of Swixero.txt,7,timeout,251,9943
before,1,Legend of Swixero.txt,9,timeout,251,10378
before,1,Match two two by twos.txt,2,timeout,250,1421
before,1,Match two two by twos.txt,4,timeout,250,773
before,1,Match two two by twos.txt,6,timeout,250,910
before,1,Match-Maker.txt,1,solved,34,1111
before,1,Match-Maker.txt,3,solved,4,66
before,1,Match-Maker.txt,5,solved,11,214
before,1,Match-Maker.txt,7,solved,221,4771
before,1,Match-Maker.txt,9,timeout,250,4526
before,1,Match-Maker.txt,11,timeout,250,4657
before,1,Match-Maker.txt,13,solved,171,3402
before,1,Match-Maker.txt,15,solved,237,4839
before,1,Match-Maker.txt,17,timeout,250,3902
before,1,Microban x 10.txt,2,timeout,250,272
before,1,Muraphilic Monophobic Multiban.txt,1,timeout,252,9713
before,1,Muraphilic Monophobic Multiban.txt,3,solved,0,6
before,1,Muraphilic Monophobic Multiban.txt,5,solved,13,390
before,1,Muraphilic Monophobic Multiban.txt,7,solved,108,4207
before,1,Muraphilic Monophobic Multiban.txt,9,timeout,252,10000
before,1,Muraphilic Monophobic Multiban.txt,11,solved,69,2039
before,1,Muraphilic Monophobic Multiban.txt,13,solved,25,1149
before,1,Muraphilic Monophobic Multiban.txt,15,timeout,251,9127
before,1,NIGHTMARECROBAN.txt,1,solved,6,309
before,1,NIGHTMARECROBAN.txt,3,solved,38,1682
before,1,NIGHTMARECROBAN.txt,5,solved,24,1170
before,1,NIGHTMARECROBAN.txt,7,solved,8,387
before,1,NIGHTMARECROBAN.txt,9,solved,12,515
before,1,NIGHTMARECROBAN.txt,11,solved,37,1605
before,1,NIGHTMARECROBAN.txt,13,solved,89,3677
before,1,Neoprenanzieher.txt,2,timeout,250,526
before,1,North Wind Simple Sailboat Buoy Collection.txt,2,exhausted,1,9
before,1,North Wind Simple Sailboat Buoy Collection.txt,4,exhausted,2,9
before,1,North Wind Simple Sailboat Buoy Collection.txt,6,exhausted,1,9
before,1,Oh No My Dog Is About To Swallow A Piece Of.txt,1,timeout,250,126
before,1,Place the crate on the targets.txt,1,timeout,251,1282
before,1,Pocket Gopher - Root-Shoot Nibbler.txt,2,timeout,250,1557
before,1,Pocket Gopher - Root-Shoot Nibbler.txt,5,timeout,250,1069
before,1,Pocket Gopher - Root-Shoot Nibbler.txt,8,timeout,250,1466
before,1,Pocket Gopher - Root-Shoot Nibbler.txt,11,timeout,250,806
before,1,Pocket Gopher - Root-Shoot Nibbler.txt,14,timeout,250,1282
before,1,Pushy-V Pully-H.txt,1,solved,12,664
before,1,Pushy-V Pully-H.txt,3,solved,0,25
before,1,Pushy-V Pully-H.txt,5,solved,16,866
before,1,Pushy-V Pully-H.txt,7,solved,29,1738
before,1,Pushy-V Pully-H.txt,9,solved,0,14
before,1,Pushy-V Pully-H.txt,11,solved,2,109
before,1,Pushy-V Pully-H.txt,13,solved,1,78
before,1,Pushy-V Pully-H.txt,15,solved,71,3497
before,1,Pushy-V Pully-H.txt,17,solved,47,2857
before,1,Pushy-V Pully-H.txt,19,solved,2,72
before,1,Pushy-V Pully-H.txt,21,solved,170,9302
before,1,"Put the logs in the water, elephant.txt",1,timeout,250,3172
before,1,"Put the logs in the water, elephant.txt",4,solved,57,770
before,1,"Put the logs in the water, elephant.txt",7,timeout,250,3331
before,1,"Put the logs in the water, elephant.txt",10,solved,140,1313
before,1,"Put the logs in the water, elephant.txt",13,timeout,250,2989
before,1,"Put the logs in the water, elephant.txt",16,timeout,250,3839
before,1,"Put the logs in the water, elephant.txt",19,timeout,250,2705
before,1,"Put the logs in the water, elephant.txt",22,timeout,250,3739
before,1,Putting Bicycle Helmets on Young Children.txt,1,timeout,251,180
before,1,Putting Bicycle Helmets on Young Children.txt,3,timeout,252,71
before,1,Putting Bicycle Helmets on Young Children.txt,5,timeout,261,82
before,1,Recondite Star Sector Sigma.txt,1,solved,13,644
before,1,Recondite Star Sector Sigma.txt,3,solved,176,7848
before,1,Recondite Star Sector Sigma.txt,5,solved,129,6910
before,1,Recondite Star Sector Sigma.txt,7,solved,217,9804
before,1,Recondite Star Sector Sigma.txt,9,solved,170,9178
before,1,Recondite Star Sector Sigma.txt,11,solved,23,1338
before,1,Recondite Star Sector Sigma.txt,13,timeout,251,11681
before,1,Recondite Star Sector Sigma.txt,15,solved,75,3835
before,1,Recondite Star Sector Sigma.txt,17,timeout,251,13344
before,1,Recondite Star Sector Sigma.txt,19,solved,30,1580
before,1,Resin-Caster.txt,2,solved,16,1014
before,1,Resin-Caster.txt,4,solved,11,729
before,1,Resin-Caster.txt,6,solved,33,2010
before,1,Resin-Caster.txt,8,solved,82,4444
before,1,Resin-Caster.txt,10,solved,19,762
before,1,Resin-Caster.txt,12,solved,27,1470
before,1,Resin-Caster.txt,14,solved,66,3899
before,1,Resin-Caster.txt,16,solved,9,576
before,1,Resin-Caster.txt,18,solved,19,1073
before,1,Resin-Caster.txt,20,solved,22,1472
before,1,S-tercourse.txt,1,timeout,250,1695
before,1,S-tercourse.txt,3,solved,52,357
before,1,S-tercourse.txt,5,solved,33,302
before,1,S-tercourse.txt,7,timeout,250,2019
before,1,S-tercourse.txt,9,timeout,250,2010
before,1,S-tercourse.txt,11,timeout,250,1851
before,1,S-tercourse.txt,13,timeout,250,2317
before,1,S-tercourse.txt,15,timeout,250,1993
before,1,S-tercourse.txt,17,timeout,250,1999
before,1,S-tercourse.txt,19,timeout,250,2003
before,1,S-tercourse.txt,21,timeout,250,2367
before,1,S-tercourse.txt,23,timeout,250,2539
before,1,SWIMMING TIME.txt,2,timeout,250,396
before,1,Scalesoban.txt,1,solved,0,14
before,1,Scalesoban.txt,3,solved,2,91
before,1,Scalesoban.txt,5,solved,19,858
before,1,Schleimban.txt,1,solved,26,306
before,1,Schleimban.txt,3,solved,50,768
before,1,Schleimban.txt,5,solved,39,548
before,1,Schleimban.txt,7,solved,70,1018
before,1,Schleimban.txt,9,solved,40,503
before,1,Schleimban.txt,11,solved,0,1
before,1,Subway upholstry snot smearing championship.txt,2,solved,208,6991
before,1,Subway upholstry snot smearing championship.txt,4,solved,6,240
before,1,Subway upholstry snot smearing championship.txt,6,solved,3,96
before,1,Subway upholstry snot smearing championship.txt,8,timeout,250,5229
before,1,Subway upholstry snot smearing championship.txt,10,solved,131,3469
before,1,Subway upholstry snot smearing championship.txt,12,solved,77,1208
before,1,Subway upholstry snot smearing championship.txt,14,timeout,250,4506
before,1,The Far Away Danish Pastry is always Delicio.txt,1,solved,0,7
before,1,The Far Away Danish Pastry is always Delicio.txt,3,solved,0,10
before,1,The Far Away Danish Pastry is always Delicio.txt,5,solved,3,183
before,1,The Far Away Danish Pastry is always Delicio.txt,7,solved,1,45
before,1,The Far Away Danish Pastry is always Delicio.txt,9,solved,1,74
before,1,The Far Away Danish Pastry is always Delicio.txt,11,solved,69,3545
before,1,The Far Away Danish Pastry is always Delicio.txt,13,solved,29,1232
before,1,The Far Away Danish Pastry is always Delicio.txt,15,solved,119,4154
before,1,The Monsterous Autoshove.txt,1,solved,55,710
before,1,The Monsterous Autoshove.txt,3,solved,72,921
before,1,The Monsterous Autoshove.txt,5,timeout,250,1889
before,1,The Monsterous Autoshove.txt,7,solved,42,575
before,1,The Monsterous Autoshove.txt,9,timeout,250,2154
before,1,The Monsterous Autoshove.txt,11,timeout,250,2148
before,1,The sponge what lights up the seafloor.txt,1,solved,118,503
before,1,The sponge what lights up the seafloor.txt,3,timeout,250,1505
before,1,The sponge what lights up the seafloor.txt,5,timeout,250,1103
before,1,The sponge what lights up the seafloor.txt,7,solved,109,633
before,1,The sponge what lights up the seafloor.txt,9,solved,227,1501
before,1,The sponge what lights up the seafloor.txt,11,solved,179,942
before,1,The sponge what lights up the seafloor.txt,13,timeout,250,1593
before,1,The sponge what lights up the seafloor.txt,15,timeout,250,1468
before,1,The sponge what lights up the seafloor.txt,17,timeout,250,1419
before,1,The sponge what lights up the seafloor.txt,19,timeout,250,1292
before,1,Two-Step Pete.txt,1,solved,1,61
before,1,Two-Step Pete.txt,3,solved,49,2153
before,1,Two-Step Pete.txt,5,solved,5,305
before,1,Two-Step Pete.txt,7,timeout,252,7444
before,1,Two-Step Pete.txt,9,solved,43,1810
before,1,Two-Step Pete.txt,11,solved,3,99
before,1,Two-Step Pete.txt,13,solved,15,756
before,1,Two-Step Pete.txt,15,timeout,251,11542
before,1,Two-Tone Tango.txt,1,solved,70,1805
before,1,Two-Tone Tango.txt,3,solved,19,569
before,1,Two-Tone Tango.txt,5,solved,36,1163
before,1,Two-Tone Tango.txt,7,timeout,250,6623
before,1,Two-Tone Tango.txt,9,solved,1,38
before,1,Two-Tone Tango.txt,11,solved,25,747
before,1,Two-Tone Tango.txt,13,solved,111,4124
before,1,Two-Tone Tango.txt,15,solved,92,3028
before,1,Van-to-Mobile-Living-Space-Conversion Window.txt,1,solved,2,39
before,1,Van-to-Mobile-Living-Space-Conversion Window.txt,3,solved,70,1296
before,1,Van-to-Mobile-Living-Space-Conversion Window.txt,5,solved,2,49
before,1,Van-to-Mobile-Living-Space-Conversion Window.txt,7,timeout,250,4177
before,1,Van-to-Mobile-Living-Space-Conversion Window.txt,9,solved,247,4464
before,1,Van-to-Mobile-Living-Space-Conversion Window.txt,11,timeout,250,3524
before,1,Van-to-Mobile-Living-Space-Conversion Window.txt,13,solved,80,938
before,1,Van-to-Mobile-Living-Space-Conversion Window.txt,15,solved,195,3383
before,1,Van-to-Mobile-Living-Space-Conversion Window.txt,17,solved,35,673
before,1,Van-to-Mobile-Living-Space-Conversion Window.txt,19,timeout,250,4047
before,1,Van-to-Mobile-Living-Space-Conversion Window.txt,21,timeout,250,4469
before,1,Van-to-Mobile-Living-Space-Conversion Window.txt,23,solved,119,1754
before,1,Van-to-Mobile-Living-Space-Conversion Window.txt,25,timeout,250,4750
before,1,Van-to-Mobile-Living-Space-Conversion Window.txt,27,timeout,250,4387
before,1,Varifocal Nightmare.txt,1,solved,40,1456
before,1,Varifocal Nightmare.txt,3,solved,20,780
before,1,Varifocal Nightmare.txt,5,solved,58,2291
before,1,Varifocal Nightmare.txt,7,timeout,251,8562
before,1,Varifocal Nightmare.txt,9,solved,170,4318
before,1,Vexatious Match 3.txt,2,timeout,251,7245
before,1,Vexatious Match 3.txt,4,timeout,251,9054
before,1,Vexatious Match 3.txt,6,timeout,250,9839
before,1,Vexatious Match 3.txt,8,timeout,250,8512
before,1,Vexatious Match 3.txt,10,solved,41,1992
before,1,Voitex Rasteriser 2.txt,1,timeout,251,5097
before,1,Voitex Rasteriser.txt,0,timeout,252,8586
before,1,Voitex Rasteriser.txt,2,solved,0,1
before,1,Wand Spinner.txt,1,solved,6,263
before,1,Wand Spinner.txt,3,solved,5,214
before,1,Wand Spinner.txt,5,solved,62,2715
before,1,Wand Spinner.txt,7,solved,92,4051
before,1,Wand Spinner.txt,9,solved,10,417
before,1,Wand Spinner.txt,11,solved,22,949
before,1,Wand Spinner.txt,13,solved,30,1308
before,1,Wand Spinner.txt,15,solved,12,513
before,1,Wand Spinner.txt,17,solved,28,973
before,1,Wand Spinner.txt,19,solved,57,1879
before,1,Wand Spinner.txt,21,solved,21,796
before,1,Wand Spinner.txt,23,solved,239,9400
before,1,Wand Spinner.txt,25,solved,18,721
before,1,Wand Spinner.txt,27,solved,79,3180
before,1,Wand Spinner.txt,29,timeout,250,10036
before,1,Wand Spinner.txt,31,solved,61,2265
before,1,Wand Spinner.txt,33,solved,2,68
before,1,Wand Spinner.txt,35,solved,141,5885
before,1,Xorro The Chaos Warden.txt,1,solved,6,267
before,1,Xorro The Chaos Warden.txt,3,solved,115,4418
before,1,Xorro The Chaos Warden.txt,5,solved,90,3553
before,1,Xorro The Chaos Warden.txt,7,timeout,251,7055
before,1,Yellow Box.txt,1,solved,129,3503
before,1,Yellow Box.txt,3,solved,16,332
before,1,Yellow Box.txt,5,solved,3,49
before,1,Yellow Box.txt,7,solved,13,293
before,1,Yellow Box.txt,9,solved,71,1318
before,1,Yellow Box.txt,11,solved,80,1642
before,1,Yellow Box.txt,13,solved,14,285
before,1,Yellow Box.txt,15,timeout,251,10464
before,1,Yellow Box.txt,17,solved,3,58
before,1,Yellow Box.txt,19,solved,15,272
before,1,Yellow Box.txt,21,solved,84,1639
before,1,Yellow Box.txt,23,solved,1,20
before,1,Yellow Box.txt,25,solved,21,259
before,1,Yellow Box.txt,27,solved,32,498
before,1,Yellow Box.txt,29,solved,16,280
before,1,Yellow Box.txt,31,solved,136,2277
before,1,Yellow Box.txt,33,solved,15,284
before,1,Yellow Box.txt,35,timeout,250,5048
before,1,a clear view of the sky.txt,3,solved,29,58
before,1,a clear view of the sky.txt,6,solved,19,55
before,1,a clear view of the sky.txt,8,solved,21,60
before,1,a clear view of the sky.txt,10,solved,14,52
before,1,a clear view of the sky.txt,12,solved,20,54
before,1,a clear view of the sky.txt,14,solved,16,43
before,1,a clear view of the sky.txt,16,solved,65,185
before,1,a clear view of the sky.txt,18,timeout,250,325
before,1,a clear view of the sky.txt,20,solved,39,64
before,1,a clear view of the sky.txt,22,solved,159,235
before,1,a clear view of the sky.txt,24,timeout,250,455
before,1,a clear view of the sky.txt,26,timeout,250,130
before,1,a clear view of the sky.txt,28,timeout,250,64
before,1,a clear view of the sky.txt,30,solved,0,1
before,1,a clear view of the sky.txt,31,solved,0,1
before,1,a clear view of the sky.txt,32,solved,0,1
before,1,a clear view of the sky.txt,33,solved,0,1
before,1,a clear view of the sky.txt,34,solved,0,1
before,1,a clear view of the sky.txt,35,solved,0,1
before,1,a cliche for bedtime.txt,1,timeout,252,7312
before,1,a distant sunset.txt,1,solved,24,83
before,1,a distant sunset.txt,3,solved,0,1
before,1,a distant sunset.txt,4,solved,0,1
before,1,a distant sunset.txt,5,solved,0,1
before,1,alternatey.txt,2,solved,14,170
before,1,alternatey.txt,4,solved,76,428
before,1,alternatey.txt,6,timeout,250,2334
before,1,an ok multiban level.txt,1,timeout,251,10710
before,1,atlas shrank.txt,1,solved,1,11
before,1,atlas shrank.txt,4,solved,230,1898
before,1,atlas shrank.txt,5,solved,160,887
before,1,atlas shrank.txt,6,timeout,250,1757
before,1,atlas shrank.txt,8,timeout,250,887
before,1,atlas shrank.txt,10,solved,109,611
before,1,atlas shrank.txt,11,timeout,250,1204
before,1,atlas shrank.txt,12,timeout,250,1236
before,1,atlas shrank.txt,14,timeout,250,1254
before,1,atlas shrank.txt,15,timeout,250,363
before,1,atlas shrank.txt,16,timeout,250,386
before,1,atlas shrank.txt,17,timeout,250,837
before,1,autohurdler.txt,1,solved,9,124
before,1,autohurdler.txt,3,solved,3,35
before,1,autohurdler.txt,5,timeout,250,3799
before,1,autohurdler.txt,7,solved,33,402
before,1,big dog and little dog.txt,1,solved,216,2021
before,1,big dog and little dog.txt,3,timeout,250,1815
before,1,big dog and little dog.txt,5,timeout,250,1648
before,1,big dog and little dog.txt,7,timeout,250,1621
before,1,big dog and little dog.txt,9,timeout,250,1599
before,1,big dog and little dog.txt,11,timeout,251,776
before,1,bouncers.txt,1,timeout,253,7547
before,1,bouncers.txt,3,timeout,252,7774
before,1,bouncers.txt,5,timeout,252,7559
before,1,bouncers.txt,7,timeout,254,6452
before,1,bouncers.txt,9,timeout,253,4421
before,1,butteater.txt,1,solved,25,482
before,1,butteater.txt,3,timeout,250,4939
before,1,byyourside.txt,0,solved,1,17
before,1,byyourside.txt,1,solved,93,1231
before,1,byyourside.txt,2,solved,15,216
before,1,byyourside.txt,3,solved,1,14
before,1,byyourside.txt,4,solved,16,264
before,1,byyourside.txt,5,solved,19,299
before,1,byyourside.txt,6,solved,0,5
before,1,byyourside.txt,7,solved,1,16
before,1,byyourside.txt,8,solved,131,1709
before,1,byyourside.txt,9,solved,75,1062
before,1,cakemonsters.txt,2,solved,0,3
before,1,cakemonsters.txt,4,solved,0,10
before,1,cakemonsters.txt,7,solved,7,208
before,1,cakemonsters.txt,9,solved,6,268
before,1,cakemonsters.txt,11,solved,1,25
before,1,cakemonsters.txt,13,solved,11,275
before,1,cakemonsters.txt,14,solved,1,43
before,1,cakemonsters.txt,15,solved,10,305
before,1,cakemonsters.txt,16,solved,36,1021
before,1,cakemonsters.txt,17,solved,2,70
before,1,cakemonsters.txt,18,solved,0,10
before,1,cakemonsters.txt,20,timeout,252,7332
before,1,cakemonsters.txt,21,solved,122,3880
before,1,cakemonsters.txt,22,solved,9,326
before,1,cakemonsters.txt,24,solved,0,18
before,1,cakemonsters.txt,25,solved,0,7
before,1,cakemonsters.txt,26,solved,0,8
before,1,cakemonsters.txt,27,solved,0,9
before,1,cakemonsters.txt,28,solved,10,380
before,1,cakemonsters.txt,29,solved,10,314
before,1,cakemonsters.txt,31,solved,1,40
before,1,cakemonsters.txt,32,solved,33,1164
before,1,cakemonsters.txt,33,solved,115,3917
before,1,cakemonsters.txt,34,timeout,252,4803
before,1,cakemonsters.txt,35,solved,11,259
before,1,cakemonsters.txt,37,timeout,251,5348
before,1,cakemonsters.txt,38,solved,170,6123
before,1,cakemonsters.txt,39,solved,1,18
before,1,cakemonsters.txt,40,solved,134,4864
before,1,cakemonsters.txt,41,timeout,251,9351
before,1,cakemonsters.txt,43,solved,1,34
before,1,cakemonsters.txt,44,solved,151,5188
before,1,cakemonsters.txt,46,solved,44,1821
before,1,cakemonsters.txt,47,timeout,252,8590
before,1,cakemonsters.txt,49,solved,242,9290
before,1,cakemonsters.txt,52,timeout,251,8597
before,1,car crash.txt,1,timeout,250,42
before,1,car crash.txt,2,solved,105,0
before,1,castlecloset.txt,0,solved,177,2695
before,1,castlemouse.txt,1,solved,8,48
before,1,castlemouse.txt,3,solved,8,42
before,1,castlemouse.txt,5,solved,27,138
before,1,castlemouse.txt,7,solved,66,251
before,1,castlemouse.txt,9,solved,4,20
before,1,castlemouse.txt,11,timeout,250,753
before,1,castlemouse.txt,13,solved,3,6
before,1,castlemouse.txt,15,solved,6,12
before,1,castlemouse.txt,17,solved,1,3
before,1,castlemouse.txt,19,solved,5,9
before,1,chaos wizard.txt,2,solved,66,960
before,1,chaos wizard.txt,3,solved,21,293
before,1,chaos wizard.txt,4,timeout,251,3951
before,1,chaos wizard.txt,5,timeout,250,3249
before,1,chaos wizard.txt,6,timeout,251,2390
before,1,chaos wizard.txt,7,timeout,250,3296
before,1,chaos wizard.txt,8,timeout,251,2741
before,1,chaos wizard.txt,9,timeout,251,3746
before,1,chaos wizard.txt,10,timeout,251,3185
before,1,chaos wizard.txt,11,timeout,250,3176
before,1,chaos wizard.txt,12,timeout,251,3075
before,1,chaos wizard.txt,13,timeout,251,2827
before,1,chaos wizard.txt,14,timeout,250,3319
before,1,chaos wizard.txt,15,timeout,250,3626
before,1,chaos wizard.txt,16,timeout,251,3988
before,1,chaos wizard.txt,17,timeout,251,2868
before,1,chaos wizard.txt,18,timeout,251,3888
before,1,chaos wizard.txt,19,timeout,251,3695
before,1,chaos wizard.txt,20,timeout,251,2448
before,1,chaos wizard.txt,22,solved,8,65
before,1,chaos wizard.txt,24,timeout,251,1915
before,1,chaos wizard.txt,27,timeout,251,2697
before,1,coincounter.txt,0,solved,2,9
before,1,coincounter.txt,1,solved,2,22
before,1,coincounter.txt,2,solved,8,69
before,1,coincounter.txt,3,solved,12,93
before,1,coincounter.txt,4,solved,46,289
before,1,coincounter.txt,5,solved,46,287
before,1,coincounter.txt,6,solved,135,892
before,1,coincounter.txt,7,timeout,250,1910
before,1,coincounter.txt,8,solved,8,51
before,1,coincounter.txt,9,solved,2,7
before,1,coincounter.txt,10,solved,0,1
before,1,collapse.txt,2,solved,204,186
before,1,collapse.txt,3,timeout,260,157
before,1,color chained.txt,0,solved,16,31
before,1,color chained.txt,1,solved,6,9
before,1,color chained.txt,2,solved,244,645
before,1,color chained.txt,3,solved,75,160
before,1,color chained.txt,4,solved,57,139
before,1,color chained.txt,5,timeout,250,500
before,1,color chained.txt,6,timeout,250,429
before,1,color chained.txt,7,timeout,250,398
before,1,color chained.txt,8,timeout,250,410
before,1,color chained.txt,9,timeout,250,393
before,1,color chained.txt,10,timeout,250,372
before,1,color chained.txt,14,timeout,250,371
before,1,constellationz.txt,0,solved,0,5
before,1,constellationz.txt,1,solved,0,5
before,1,constellationz.txt,2,solved,3,72
before,1,constellationz.txt,3,solved,0,10
before,1,constellationz.txt,4,solved,5,124
before,1,constellationz.txt,5,solved,6,28
before,1,constellationz.txt,6,solved,185,1718
before,1,constellationz.txt,7,solved,163,1466
before,1,constellationz.txt,8,timeout,250,2947
before,1,constellationz.txt,9,timeout,251,1940
before,1,constellationz.txt,10,timeout,251,3015
before,1,cooperacing.txt,3,timeout,251,3376
before,1,cooperacing.txt,5,timeout,250,3244
before,1,cooperacing.txt,8,timeout,250,3810
before,1,cooperacing.txt,10,timeout,250,3652
before,1,crate guardian.txt,1,timeout,250,5971
before,1,crate guardian.txt,3,solved,74,1913
before,1,crate guardian.txt,5,timeout,250,6060
before,1,crate guardian.txt,7,timeout,250,6677
before,1,crate guardian.txt,9,timeout,250,5451
before,1,crate guardian.txt,11,timeout,250,5887
before,1,crate swap.txt,1,solved,20,1202
before,1,crate swap.txt,3,solved,11,714
before,1,crate swap.txt,5,solved,35,1659
before,1,crate swap.txt,7,solved,37,1732
before,1,crate swap.txt,9,solved,53,2606
before,1,crate swap.txt,11,solved,52,3024
before,1,crate swap.txt,13,solved,41,2569
before,1,crate swap.txt,15,solved,29,1789
before,1,cratopia.txt,2,solved,4,70
before,1,cratopia.txt,3,timeout,250,2890
before,1,cratopia.txt,5,solved,58,764
before,1,cratopia.txt,9,timeout,250,1979
before,1,cratopia.txt,11,timeout,250,3704
before,1,cratopia.txt,12,timeout,250,2750
before,1,cratopia.txt,13,timeout,250,1749
before,1,cratopia.txt,14,timeout,250,2997
before,1,cratopia.txt,15,timeout,250,2971
before,1,cratopia.txt,16,timeout,251,2543
before,1,cratopia.txt,17,timeout,250,3686
before,1,cratopia.txt,18,timeout,250,3658
before,1,cratopia.txt,19,timeout,250,2912
before,1,cratopia.txt,20,solved,26,31
before,1,cratopia.txt,21,solved,38,0
before,1,cratopia.txt,22,solved,33,0
before,1,cratopia.txt,23,solved,32,0
before,1,cute train.txt,1,timeout,250,105
before,1,der hydra krypta.txt,1,solved,24,21
before,1,der hydra krypta.txt,3,timeout,250,139
before,1,der hydra krypta.txt,5,timeout,250,178
before,1,der hydra krypta.txt,7,timeout,252,94
before,1,der hydra krypta.txt,9,timeout,250,161
before,1,der hydra krypta.txt,11,timeout,250,152
before,1,der hydra krypta.txt,13,solved,0,1
before,1,dice goblin.txt,3,timeout,250,814
before,1,die schoene steinmetzin.txt,1,timeout,250,1347
before,1,die schoene steinmetzin.txt,3,timeout,250,1431
before,1,die schoene steinmetzin.txt,5,timeout,250,1505
before,1,die schoene steinmetzin.txt,7,timeout,250,1657
before,1,die schoene steinmetzin.txt,9,timeout,250,1592
before,1,die schoene steinmetzin.txt,11,timeout,250,1058
before,1,die schoene steinmetzin.txt,13,timeout,250,1117
before,1,die schoene steinmetzin.txt,15,timeout,250,952
before,1,die schoene steinmetzin.txt,16,exhausted,0,1
before,1,diesinthelight.txt,0,solved,10,94
before,1,diesinthelight.txt,1,solved,76,432
before,1,diesinthelight.txt,2,timeout,250,974
before,1,diesinthelight.txt,3,timeout,250,920
before,1,dollyban.txt,1,solved,104,3182
before,1,dollyban.txt,3,solved,89,3417
before,1,dollyban.txt,5,timeout,251,9481
before,1,dollyban.txt,7,timeout,250,8740
before,1,dollyban.txt,9,timeout,250,9561
before,1,dollyban.txt,11,timeout,250,8555
before,1,dollyban.txt,13,solved,172,5653
before,1,dollyban.txt,15,timeout,250,7238
before,1,dollyban.txt,17,timeout,250,8283
before,1,dollyban.txt,19,timeout,250,8317
before,1,dollyban.txt,21,timeout,250,8117
before,1,dollyban.txt,23,timeout,250,7895
before,1,dollyban.txt,25,timeout,250,7468
before,1,dollyban.txt,27,timeout,250,7822
before,1,dollyban.txt,29,timeout,250,7604
before,1,dreizack.txt,1,timeout,250,176
before,1,dreizack.txt,3,timeout,250,174
before,1,dreizack.txt,5,timeout,250,148
before,1,dreizack.txt,6,solved,1,9
before,1,dreizack.txt,7,solved,0,1
before,1,dropswap.txt,3,solved,85,1246
before,1,dropswap.txt,5,solved,88,831
before,1,dropswap.txt,8,timeout,250,1474
before,1,dropswap.txt,12,solved,83,728
before,1,dropswap.txt,14,timeout,250,1782
before,1,dungeon janitor.txt,2,solved,1,22
before,1,dungeon janitor.txt,4,timeout,250,3135
before,1,dungeon janitor.txt,6,timeout,250,2257
before,1,dungeon janitor.txt,9,timeout,250,1281
before,1,easyenigma.txt,0,solved,2,5
before,1,easyenigma.txt,1,solved,0,1
before,1,easyenigma.txt,2,solved,143,455
before,1,easyenigma.txt,3,solved,1,2
before,1,easyenigma.txt,4,solved,0,2
before,1,easyenigma.txt,5,solved,183,363
before,1,easyenigma.txt,6,solved,2,5
before,1,easyenigma.txt,7,solved,3,7
before,1,easyenigma.txt,8,solved,69,99
before,1,easyenigma.txt,9,solved,2,1
before,1,easyenigma.txt,10,solved,6,2
before,1,easyenigma.txt,11,timeout,252,557
before,1,easyenigma.txt,12,solved,7,2
before,1,easyenigma.txt,13,solved,6,13
before,1,easyenigma.txt,14,solved,1,1
before,1,easyenigma.txt,15,solved,3,5
before,1,easyenigma.txt,16,timeout,251,361
before,1,easyenigma.txt,17,timeout,310,1
before,1,easyenigma.txt,18,solved,2,2
before,1,easyenigma.txt,19,timeout,250,148
before,1,easyenigma.txt,20,timeout,251,323
before,1,ecosystem generator.txt,1,timeout,251,1440
before,1,expand also avoid the flames.txt,1,timeout,258,110
before,1,fickle fred.txt,1,solved,4,226
before,1,fickle fred.txt,3,solved,28,1408
before,1,fickle fred.txt,5,timeout,250,10723
before,1,fickle fred.txt,7,solved,69,3331
before,1,fickle fred.txt,9,solved,10,563
before,1,flesh-handed hot casserole delivery bot.txt,1,solved,3,272
before,1,flesh-handed hot casserole delivery bot.txt,2,solved,12,878
before,1,flesh-handed hot casserole delivery bot.txt,4,timeout,250,15143
before,1,flesh-handed hot casserole delivery bot.txt,6,timeout,250,16744
before,1,flesh-handed hot casserole delivery bot.txt,8,solved,21,1546
before,1,flesh-handed hot casserole delivery bot.txt,10,solved,210,13570
before,1,flesh-handed hot casserole delivery bot.txt,12,solved,33,1923
before,1,flesh-handed hot casserole delivery bot.txt,14,solved,78,4331
before,1,flesh-handed hot casserole delivery bot.txt,16,solved,220,13080
before,1,flesh-handed hot casserole delivery bot.txt,18,timeout,250,14620
before,1,gabelstapler.txt,1,solved,89,936
before,1,gabelstapler.txt,3,timeout,250,1909
before,1,gabelstapler.txt,5,timeout,250,1565
before,1,gapfiller.txt,1,solved,11,383
before,1,gapfiller.txt,3,solved,177,4611
before,1,gapfiller.txt,5,solved,10,404
before,1,gapfiller.txt,7,solved,37,1441
before,1,gapfiller.txt,9,solved,2,76
before,1,gapfiller.txt,11,timeout,251,6781
before,1,gapfiller.txt,13,solved,8,332
before,1,gapfiller.txt,15,solved,2,87
before,1,gapfiller.txt,17,solved,107,3993
before,1,gapfiller.txt,19,timeout,250,5830
before,1,gem soketeer.txt,1,solved,182,563
before,1,gem soketeer.txt,3,solved,73,345
before,1,gem soketeer.txt,5,solved,34,111
before,1,gem soketeer.txt,7,solved,27,127
before,1,gem soketeer.txt,9,timeout,250,994
before,1,gem soketeer.txt,11,solved,10,53
before,1,gem soketeer.txt,13,timeout,250,1041
before,1,gem soketeer.txt,15,timeout,250,868
before,1,gem soketeer.txt,17,timeout,250,634
before,1,gem soketeer.txt,19,timeout,250,791
before,1,gem soketeer.txt,21,timeout,250,676
before,1,gem soketeer.txt,23,timeout,250,642
before,1,gem soketeer.txt,25,timeout,250,1162
before,1,gem soketeer.txt,27,timeout,250,763
before,1,gem soketeer.txt,29,timeout,250,1395
before,1,gem soketeer.txt,31,timeout,250,1379
before,1,gem soketeer.txt,33,timeout,250,1406
before,1,gobble_rush.txt,0,solved,1,11
before,1,gobble_rush.txt,1,solved,2,42
before,1,gobble_rush.txt,2,solved,7,121
before,1,gobble_rush.txt,3,solved,81,926
before,1,gobble_rush.txt,4,solved,6,92
before,1,gobble_rush.txt,5,solved,22,259
before,1,gobble_rush.txt,6,solved,16,257
before,1,gobble_rush.txt,7,solved,18,257
before,1,gobble_rush.txt,8,solved,18,253
before,1,gobble_rush.txt,9,solved,38,575
before,1,gobble_rush.txt,10,solved,16,174
before,1,gobble_rush.txt,11,solved,24,225
before,1,gobble_rush.txt,12,solved,29,192
before,1,gobble_rush.txt,13,solved,7,92
before,1,gobble_rush.txt,14,solved,13,222
before,1,gobble_rush.txt,15,solved,4,34
before,1,gobble_rush.txt,16,solved,31,403
before,1,gobble_rush.txt,17,solved,19,264
before,1,gobble_rush.txt,18,solved,36,436
before,1,gobble_rush.txt,19,solved,113,1386
before,1,gobble_rush.txt,20,solved,0,4
before,1,hairtug.txt,1,solved,10,65
before,1,hairtug.txt,4,timeout,250,1566
before,1,hairtug.txt,7,timeout,250,1220
before,1,hairtug.txt,10,timeout,250,1572
before,1,hairtug.txt,13,timeout,250,1381
before,1,head skuller.txt,1,solved,12,717
before,1,head skuller.txt,3,solved,120,6231
before,1,head skuller.txt,5,timeout,250,11425
before,1,head skuller.txt,7,solved,74,3927
before,1,head skuller.txt,9,timeout,251,10925
before,1,head skuller.txt,11,timeout,251,11403
before,1,head skuller.txt,13,solved,0,1
before,1,hedgehog stimulator.txt,1,timeout,250,3183
before,1,hedgehog stimulator.txt,3,timeout,250,3378
before,1,hedgehog stimulator.txt,5,solved,233,3142
before,1,hedgehog stimulator.txt,7,timeout,250,3213
before,1,hedgehog stimulator.txt,9,timeout,250,3008
before,1,hedgehog stimulator.txt,11,timeout,250,3461
before,1,hedgehog stimulator.txt,13,solved,245,2657
before,1,hedgehog stimulator.txt,15,timeout,250,2975
before,1,hedgehog stimulator.txt,17,timeout,250,2708
before,1,hedgehog stimulator.txt,19,timeout,250,2640
before,1,hedgehog stimulator.txt,21,timeout,250,2586
before,1,hedgehog stimulator.txt,23,timeout,250,2816
before,1,heroes_of_sokoban.txt,1,solved,0,8
before,1,heroes_of_sokoban.txt,3,solved,13,587
before,1,heroes_of_sokoban.txt,5,solved,0,26
before,1,heroes_of_sokoban.txt,7,timeout,251,8192
before,1,heroes_of_sokoban.txt,9,solved,2,55
before,1,heroes_of_sokoban.txt,10,timeout,250,8156
before,1,heroes_of_sokoban.txt,11,solved,6,257
before,1,heroes_of_sokoban.txt,13,solved,103,2751
before,1,heroes_of_sokoban.txt,14,timeout,250,6558
before,1,heroes_of_sokoban.txt,15,solved,0,17
before,1,heroes_of_sokoban.txt,17,solved,16,372
before,1,heroes_of_sokoban.txt,19,timeout,250,7968
before,1,heroes_of_sokoban.txt,20,timeout,251,7292
before,1,heroes_of_sokoban.txt,21,timeout,251,4995
before,1,heroes_of_sokoban.txt,22,solved,13,361
before,1,heroes_of_sokoban.txt,23,solved,173,5422
before,1,heroes_of_sokoban.txt,24,timeout,251,7646
before,1,heroes_of_sokoban.txt,25,timeout,251,5420
before,1,heroes_of_sokoban.txt,26,timeout,251,7552
before,1,heroes_of_sokoban.txt,27,solved,3,77
before,1,heroes_of_sokoban.txt,28,timeout,251,5020
before,1,heroes_of_sokoban.txt,29,solved,1,10
before,1,heroes_of_sokoban_2.txt,3,timeout,251,3221
before,1,heroes_of_sokoban_2.txt,5,solved,3,35
before,1,heroes_of_sokoban_2.txt,6,solved,2,32
before,1,heroes_of_sokoban_2.txt,8,timeout,250,5119
before,1,heroes_of_sokoban_2.txt,10,solved,7,73
before,1,heroes_of_sokoban_2.txt,12,timeout,250,2893
before,1,heroes_of_sokoban_2.txt,13,solved,167,1817
before,1,heroes_of_sokoban_2.txt,15,solved,5,52
before,1,heroes_of_sokoban_2.txt,17,timeout,250,4242
before,1,heroes_of_sokoban_2.txt,19,timeout,250,4539
before,1,heroes_of_sokoban_2.txt,20,timeout,250,4190
before,1,heroes_of_sokoban_2.txt,21,timeout,250,3364
before,1,heroes_of_sokoban_2.txt,23,solved,1,21
before,1,heroes_of_sokoban_2.txt,24,solved,29,285
before,1,heroes_of_sokoban_2.txt,26,solved,214,2065
before,1,heroes_of_sokoban_2.txt,27,timeout,251,2641
before,1,heroes_of_sokoban_2.txt,28,timeout,250,2671
before,1,heroes_of_sokoban_2.txt,29,timeout,250,2963
before,1,heroes_of_sokoban_2.txt,30,timeout,250,2892
before,1,heroes_of_sokoban_2.txt,31,timeout,250,3875
before,1,heroes_of_sokoban_2.txt,32,timeout,250,4079
before,1,heroes_of_sokoban_2.txt,34,timeout,251,2189
before,1,heroes_of_sokoban_3.txt,3,timeout,250,3053
before,1,heroes_of_sokoban_3.txt,5,solved,30,324
before,1,heroes_of_sokoban_3.txt,6,solved,9,84
before,1,heroes_of_sokoban_3.txt,8,solved,12,114
before,1,heroes_of_sokoban_3.txt,10,solved,239,3546
before,1,heroes_of_sokoban_3.txt,11,solved,108,1649
before,1,heroes_of_sokoban_3.txt,12,solved,26,393
before,1,heroes_of_sokoban_3.txt,13,timeout,251,3070
before,1,heroes_of_sokoban_3.txt,14,timeout,250,3756
before,1,heroes_of_sokoban_3.txt,16,timeout,250,6837
before,1,heroes_of_sokoban_3.txt,17,timeout,251,4761
before,1,heroes_of_sokoban_3.txt,18,timeout,250,4429
before,1,heroes_of_sokoban_3.txt,21,timeout,250,4392
before,1,heroes_of_sokoban_3.txt,22,timeout,250,3642
before,1,heroes_of_sokoban_3.txt,23,timeout,251,7586
before,1,heroes_of_sokoban_3.txt,24,timeout,250,2747
before,1,heroes_of_sokoban_3.txt,25,timeout,250,2834
before,1,heroes_of_sokoban_3.txt,26,timeout,250,4605
before,1,heroes_of_sokoban_3.txt,27,timeout,251,2686
before,1,heroes_of_sokoban_3.txt,28,timeout,250,2805
before,1,heroes_of_sokoban_3.txt,30,timeout,251,2328
before,1,heroes_of_sokoban_3.txt,31,solved,41,530
before,1,hungry kraken.txt,1,timeout,250,988
before,1,hungry kraken.txt,3,exhausted,0,1
before,1,i am a gust of wind.txt,1,solved,1,76
before,1,i am a gust of wind.txt,3,solved,8,383
before,1,i am a gust of wind.txt,5,solved,5,245
before,1,i am a gust of wind.txt,7,timeout,250,14124
before,1,i sure look tasty.txt,1,timeout,250,134
before,1,i want to grind myself into dust.txt,1,timeout,250,1827
before,1,i want to grind myself into dust.txt,3,timeout,250,1029
before,1,i want to grind myself into dust.txt,5,timeout,250,414
before,1,icecrates.txt,1,solved,0,6
before,1,icecrates.txt,3,solved,1,9
before,1,icecrates.txt,5,solved,4,53
before,1,icecrates.txt,7,solved,110,930
before,1,icecrates.txt,9,solved,39,219
before,1,icecrates.txt,11,timeout,250,1571
before,1,impossible.txt,0,exhausted,0,1
before,1,it dies in the light.txt,0,solved,10,94
before,1,it dies in the light.txt,1,solved,65,432
before,1,it dies in the light.txt,2,timeout,250,939
before,1,it dies in the light.txt,3,timeout,250,952
before,1,karamell.txt,1,timeout,250,448
before,1,karamell.txt,3,timeout,250,319
before,1,karamell.txt,5,timeout,250,255
before,1,karamell.txt,7,solved,0,1
before,1,kettle.txt,1,solved,1,26
before,1,kettle.txt,4,solved,0,3
before,1,kettle.txt,7,solved,0,3
before,1,kettle.txt,10,solved,2,27
before,1,kettle.txt,13,solved,9,97
before,1,kettle.txt,16,solved,2,26
before,1,kettle.txt,19,solved,50,473
before,1,kettle.txt,22,solved,53,353
before,1,kettle.txt,25,timeout,250,1686
before,1,kettle.txt,28,timeout,251,1693
before,1,kettle.txt,31,timeout,250,1551
before,1,kishoutenketsu.txt,2,solved,23,320
before,1,kishoutenketsu.txt,5,timeout,250,4136
before,1,kishoutenketsu.txt,8,solved,2,41
before,1,kishoutenketsu.txt,11,timeout,250,737
before,1,konsum.txt,1,timeout,250,2665
before,1,kreiseln.txt,1,solved,19,292
before,1,kreiseln.txt,3,timeout,250,4615
before,1,kreiseln.txt,5,timeout,250,3149
before,1,kreiseln.txt,7,timeout,250,2750
before,1,kreiseln.txt,9,timeout,250,2622
before,1,led challenge.txt,1,timeout,250,4691
before,1,led challenge.txt,3,timeout,250,5657
before,1,led challenge.txt,5,timeout,250,4813
before,1,led challenge.txt,7,timeout,250,1492
before,1,ledchallenge.txt,1,timeout,250,4801
before,1,ledchallenge.txt,3,timeout,250,5652
before,1,ledchallenge.txt,5,timeout,250,4856
before,1,ledchallenge.txt,7,timeout,250,1592
before,1,legend of zokoban.txt,0,timeout,251,1884
before,1,limerick.txt,1,solved,2,41
before,1,limerick.txt,3,solved,141,2800
before,1,limerick.txt,5,timeout,252,5366
before,1,limerick.txt,7,solved,14,264
before,1,limerick.txt,9,solved,77,1490
before,1,limerick.txt,11,solved,14,296
before,1,limerick.txt,13,timeout,252,5330
before,1,limerick.txt,15,timeout,250,4788
before,1,limerick.txt,17,solved,49,821
before,1,limerick.txt,19,timeout,251,4476
before,1,m c eschers armageddon.txt,0,solved,0,11
before,1,m c eschers armageddon.txt,1,solved,0,4
before,1,m c eschers armageddon.txt,2,solved,1,12
before,1,m c eschers armageddon.txt,3,solved,44,284
before,1,make way.txt,1,timeout,250,9788
before,1,make way.txt,3,solved,68,3331
before,1,manic_ammo.txt,1,solved,0,9
before,1,manic_ammo.txt,3,solved,0,9
before,1,manic_ammo.txt,5,solved,1,71
before,1,manic_ammo.txt,8,solved,0,9
before,1,manic_ammo.txt,10,solved,157,6607
before,1,manic_ammo.txt,12,solved,3,99
before,1,manic_ammo.txt,14,timeout,250,7165
before,1,manic_ammo.txt,16,solved,73,3210
before,1,manic_ammo.txt,18,solved,1,12
before,1,manic_ammo.txt,20,timeout,251,7450
before,1,manic_ammo.txt,22,solved,41,281
before,1,manic_ammo.txt,24,solved,237,4956
before,1,manic_ammo.txt,26,timeout,250,2349
before,1,manic_ammo.txt,28,timeout,250,1730
before,1,manic_ammo.txt,30,timeout,251,5247
before,1,match three billiards.txt,1,solved,0,4
before,1,match three billiards.txt,3,solved,25,451
before,1,match three billiards.txt,5,solved,39,563
before,1,mazezam.txt,1,solved,1,48
before,1,mazezam.txt,3,solved,2,134
before,1,mazezam.txt,5,solved,4,210
before,1,mazezam.txt,7,solved,11,534
before,1,mazezam.txt,9,solved,12,662
before,1,mazezam.txt,11,solved,11,501
before,1,mazezam.txt,13,solved,25,1121
before,1,mazezam.txt,15,solved,17,763
before,1,mazezam.txt,17,solved,16,709
before,1,mazezam.txt,19,solved,148,3882
before,1,mazezam.txt,21,solved,32,1424
before,1,mazezam.txt,23,timeout,250,7068
before,1,mazezam.txt,25,solved,76,3165
before,1,mazezam.txt,27,solved,58,2557
before,1,mazezam.txt,29,solved,190,8022
before,1,mazezam.txt,31,solved,34,932
before,1,mazezam.txt,33,solved,38,1333
before,1,mazezam.txt,35,timeout,250,8431
before,1,mazezam.txt,37,solved,24,1095
before,1,mazezam.txt,39,solved,99,2661
before,1,mazezam.txt,41,solved,49,1924
before,1,mazezam.txt,43,solved,85,3247
before,1,mazezam.txt,45,solved,45,1874
before,1,mazezam.txt,47,solved,128,5229
before,1,mazezam.txt,49,timeout,250,8453
before,1,mazezam.txt,51,solved,76,2701
before,1,mazezam.txt,53,timeout,250,6393
before,1,mazezam.txt,55,timeout,250,7634
before,1,mazezam.txt,57,timeout,250,6720
before,1,mazezam.txt,59,timeout,250,8196
before,1,message_skip.txt,1,solved,0,1
before,1,midas.txt,0,solved,5,105
before,1,midas.txt,2,solved,24,318
before,1,midas.txt,4,solved,17,285
before,1,midas.txt,6,solved,35,681
before,1,midas.txt,8,timeout,250,3889
before,1,midas.txt,11,timeout,250,2737
before,1,midas.txt,13,timeout,250,3178
before,1,midas.txt,15,timeout,250,2631
before,1,midas.txt,17,timeout,251,2812
before,1,midas.txt,19,timeout,250,2463
before,1,midas.txt,21,timeout,250,2350
before,1,midas.txt,23,timeout,250,2872
before,1,midas.txt,25,solved,130,1609
before,1,midas.txt,27,timeout,250,2561
before,1,midas.txt,29,timeout,250,2707
before,1,moved by leaves of grass.txt,1,timeout,250,297
before,1,multi_level.txt,0,solved,0,1
before,1,multi_level.txt,1,solved,0,1
before,1,newton.txt,1,timeout,250,6128
before,1,newton.txt,3,timeout,250,6568
before,1,newton.txt,5,timeout,250,7639
before,1,no don't eat that.txt,1,timeout,250,68
before,1,no don't eat that.txt,3,timeout,250,64
before,1,no don't eat that.txt,5,timeout,250,47
before,1,no don't eat that.txt,7,timeout,251,39
before,1,no don't eat that.txt,9,timeout,250,55
before,1,no don't eat that.txt,11,timeout,251,23
before,1,no don't eat that.txt,13,timeout,250,26
before,1,no don't eat that.txt,15,timeout,251,26
before,1,no forbidden symbols 2.txt,1,timeout,250,7568
before,1,no forbidden symbols.txt,1,timeout,251,11347
before,1,no heroes necessary.txt,1,solved,16,176
before,1,no heroes necessary.txt,3,solved,8,53
before,1,no heroes necessary.txt,5,solved,30,237
before,1,no heroes necessary.txt,7,solved,8,54
before,1,no heroes necessary.txt,9,solved,149,695
before,1,oh no i accidentally swallowed myself.txt,1,timeout,250,160
before,1,oh no i accidentally swallowed myself.txt,2,solved,0,1
before,1,oh no i accidentally swallowed myself.txt,3,solved,0,1
before,1,oh no i accidentally swallowed myself.txt,4,solved,0,1
before,1,one_move.txt,0,solved,0,1
before,1,paint everything everywhere.txt,1,solved,12,28
before,1,paint everything everywhere.txt,3,solved,38,104
before,1,paint everything everywhere.txt,5,solved,40,20
before,1,paint everything everywhere.txt,7,solved,86,55
before,1,paint everything everywhere.txt,9,solved,265,113
before,1,paint everything everywhere.txt,11,solved,116,129
before,1,paint everything everywhere.txt,13,solved,45,76
before,1,paint everything everywhere.txt,15,solved,62,44
before,1,paint everything everywhere.txt,17,timeout,252,30
before,1,paint everything everywhere.txt,19,solved,34,46
before,1,paint everything everywhere.txt,21,solved,104,110
before,1,paint everything everywhere.txt,23,solved,88,50
before,1,paint everything everywhere.txt,25,solved,182,99
before,1,paint everything everywhere.txt,27,solved,229,81
before,1,paint everything everywhere.txt,29,solved,213,102
before,1,paint everything everywhere.txt,31,solved,162,66
before,1,paint everything everywhere.txt,33,solved,93,51
before,1,paint everything everywhere.txt,35,solved,153,57
before,1,paint everything everywhere.txt,37,timeout,250,446
before,1,paint everything everywhere.txt,39,timeout,253,41
before,1,participating in society.txt,2,timeout,252,1441
before,1,pipe puffer.txt,2,timeout,250,4150
before,1,pipe puffer.txt,4,solved,38,589
before,1,pipe puffer.txt,6,timeout,250,1977
before,1,pipe puffer.txt,8,solved,219,1808
before,1,pipe puffer.txt,10,timeout,250,3394
before,1,pipe puffer.txt,12,timeout,250,2395
before,1,pipe puffer.txt,14,timeout,250,2491
before,1,pipe puffer.txt,16,solved,10,73
before,1,ponies jumping synchronously.txt,0,solved,0,8
before,1,ponies jumping synchronously.txt,2,solved,0,9
before,1,ponies jumping synchronously.txt,4,solved,0,7
before,1,ponies jumping synchronously.txt,6,solved,0,9
before,1,ponies jumping synchronously.txt,8,solved,1,29
before,1,ponies jumping synchronously.txt,10,solved,17,388
before,1,ponies jumping synchronously.txt,12,solved,0,8
before,1,ponies jumping synchronously.txt,14,solved,16,283
before,1,ponies jumping synchronously.txt,17,timeout,250,2810
before,1,ponies jumping synchronously.txt,19,solved,16,265
before,1,ponies jumping synchronously.txt,21,timeout,251,3140
before,1,ponies jumping synchronously.txt,23,timeout,250,2018
before,1,pupush.txt,1,timeout,250,6707
before,1,push pull.txt,1,solved,4,285
before,1,push pull.txt,3,solved,4,236
before,1,push pull.txt,5,solved,18,876
before,1,push.txt,1,solved,0,6
before,1,push.txt,3,solved,0,13
before,1,push.txt,5,solved,17,566
before,1,push.txt,7,solved,4,110
before,1,push.txt,9,solved,8,243
before,1,push.txt,11,solved,33,884
before,1,push.txt,13,solved,32,663
before,1,push.txt,15,timeout,250,4110
before,1,push.txt,17,timeout,250,4503
before,1,push.txt,19,timeout,250,3998
before,1,push.txt,21,solved,179,3306
before,1,push.txt,23,solved,3,78
before,1,push.txt,25,solved,193,3950
before,1,push.txt,27,solved,245,4707
before,1,push.txt,29,timeout,250,4236
before,1,push.txt,31,solved,101,2397
before,1,push.txt,33,timeout,250,3093
before,1,push.txt,35,timeout,250,2636
before,1,push.txt,37,solved,2,52
before,1,push.txt,39,timeout,251,5359
before,1,push.txt,40,solved,0,4
before,1,pushit.txt,1,solved,122,5171
before,1,pushit.txt,3,timeout,251,6351
before,1,pushit.txt,5,timeout,251,13769
before,1,pushit.txt,7,timeout,250,14994
before,1,puzzles.txt,0,timeout,250,1370
before,1,realtime dog mountain rescue.txt,1,timeout,250,704
before,1,realtime dog mountain rescue.txt,4,timeout,250,634
before,1,realtime dog mountain rescue.txt,7,timeout,250,393
before,1,riverpuzzle.txt,0,timeout,251,41
before,1,robot arm.txt,3,timeout,250,1007
before,1,robot arm.txt,5,timeout,261,34
before,1,robot arm.txt,7,timeout,250,1031
before,1,robotarm.txt,3,timeout,250,997
before,1,robotarm.txt,5,timeout,257,34
before,1,robotarm.txt,7,timeout,250,1100
before,1,sacrament of the river god.txt,1,timeout,250,893
before,1,sacrament of the river god.txt,3,timeout,250,243
before,1,sacrament of the river god.txt,5,timeout,250,735
before,1,sacrament of the river god.txt,7,timeout,250,627
before,1,sacrament of the river god.txt,9,timeout,250,979
before,1,sacrament of the river god.txt,11,timeout,250,168
before,1,sacrament of the river god.txt,13,solved,3,12
before,1,seize the flag.txt,1,timeout,250,663
before,1,seize the flag.txt,3,solved,0,1
before,1,short adventure in sticky wall land.txt,1,timeout,250,1729
before,1,short adventure in sticky wall land.txt,3,timeout,250,1574
before,1,short adventure in sticky wall land.txt,5,timeout,250,1723
before,1,shy snake.txt,1,solved,70,95
before,1,shy snake.txt,3,timeout,250,122
before,1,shy snake.txt,5,timeout,250,130
before,1,slide pull.txt,1,solved,31,1388
before,1,slide pull.txt,3,solved,12,573
before,1,slide pull.txt,5,solved,50,2583
before,1,slide pull.txt,7,timeout,251,11103
before,1,slide pull.txt,9,solved,14,782
before,1,slide pull.txt,11,timeout,251,9493
before,1,slide pull.txt,13,solved,173,6725
before,1,slidings.txt,1,solved,1,39
before,1,slidings.txt,3,solved,0,18
before,1,slidings.txt,5,solved,1,38
before,1,slidings.txt,7,solved,2,82
before,1,slidings.txt,9,solved,7,234
before,1,slidings.txt,11,solved,243,6268
before,1,slidings.txt,13,solved,171,5247
before,1,slidings.txt,15,solved,182,6209
before,1,slidings.txt,17,timeout,250,6676
before,1,slidings.txt,19,solved,66,1895
before,1,slidings.txt,21,solved,94,2959
before,1,slime vat filler.txt,2,solved,4,229
before,1,slime vat filler.txt,4,solved,0,39
before,1,slime vat filler.txt,6,solved,2,125
before,1,slime vat filler.txt,8,solved,1,89
before,1,slime vat filler.txt,10,solved,2,127
before,1,slime vat filler.txt,12,solved,165,7121
before,1,slime vat filler.txt,14,solved,10,550
before,1,slime vat filler.txt,16,timeout,250,9429
before,1,slime vat filler.txt,18,solved,134,5783
before,1,slime vat filler.txt,21,solved,69,3131
before,1,slime vat filler.txt,23,solved,0,1
before,1,slot machine.txt,1,solved,85,620
before,1,slot machine.txt,3,timeout,250,1724
before,1,smother.txt,2,solved,15,265
before,1,smother.txt,4,solved,19,499
before,1,smother.txt,6,solved,32,765
before,1,smother.txt,8,solved,35,415
before,1,smother.txt,10,solved,79,781
before,1,smother.txt,14,solved,0,6
before,1,smother.txt,16,solved,1,32
before,1,smother.txt,18,solved,1,36
before,1,smother.txt,20,solved,11,276
before,1,smother.txt,22,solved,13,334
before,1,smother.txt,26,solved,34,536
before,1,smother.txt,28,solved,139,1909
before,1,smother.txt,30,solved,20,317
before,1,smother.txt,32,timeout,250,744
before,1,smother.txt,34,timeout,250,2096
before,1,smother.txt,37,solved,0,4
before,1,snkaey makes a sixy.txt,0,timeout,250,3003
before,1,snkaey makes a sixy.txt,2,exhausted,0,1
before,1,snortal.txt,0,timeout,250,4459
before,1,sok7.txt,0,timeout,250,1085
before,1,sokobansokobansokoban.txt,1,timeout,250,6330
before,1,sokobond demake.txt,2,solved,1,38
before,1,sokobond demake.txt,4,solved,0,18
before,1,sokobond demake.txt,6,solved,0,16
before,1,sokobond demake.txt,8,solved,1,20
before,1,sokobond demake.txt,10,solved,2,64
before,1,sokobond demake.txt,12,solved,2,49
before,1,sokobond demake.txt,14,solved,16,300
before,1,sokobond demake.txt,16,solved,4,81
before,1,sokobond demake.txt,18,solved,40,830
before,1,sokobond demake.txt,20,solved,38,748
before,1,sokobond demake.txt,22,solved,22,588
before,1,sokobond demake.txt,24,timeout,250,5550
before,1,sokobond demake.txt,26,solved,21,615
before,1,sokobond demake.txt,28,timeout,250,8583
before,1,sokobond demake.txt,30,timeout,250,7651
before,1,sokogoban.txt,2,timeout,250,1301
before,1,sokogoban.txt,4,timeout,250,729
before,1,sokogoban.txt,6,timeout,250,468
before,1,stick_candy_puzzle_saga.txt,1,solved,157,2971
before,1,stick_candy_puzzle_saga.txt,2,timeout,250,5010
before,1,stick_candy_puzzle_saga.txt,4,timeout,250,3704
before,1,stick_candy_puzzle_saga.txt,5,timeout,250,3018
before,1,stick_candy_puzzle_saga.txt,6,timeout,250,3244
before,1,stick_candy_puzzle_saga.txt,7,timeout,250,4205
before,1,stick_candy_puzzle_saga.txt,8,timeout,250,3309
before,1,stick_candy_puzzle_saga.txt,9,timeout,250,4420
before,1,stick_candy_puzzle_saga.txt,10,timeout,250,2944
before,1,stick_candy_puzzle_saga.txt,11,timeout,250,3963
before,1,stick_candy_puzzle_saga.txt,12,timeout,250,3111
before,1,stick_candy_puzzle_saga.txt,13,timeout,250,3526
before,1,stick_candy_puzzle_saga.txt,14,timeout,250,4197
before,1,stick_candy_puzzle_saga.txt,15,timeout,250,3111
before,1,stick_candy_puzzle_saga.txt,16,timeout,250,2987
before,1,stick_candy_puzzle_saga.txt,17,timeout,250,3347
before,1,stick_candy_puzzle_saga.txt,18,timeout,250,3218
before,1,stick_candy_puzzle_saga.txt,19,timeout,250,2459
before,1,stick_candy_puzzle_saga.txt,20,timeout,250,3369
before,1,stick_candy_puzzle_saga.txt,21,timeout,250,2315
before,1,sum three horizontally to 8.txt,4,solved,1,15
before,1,sum three horizontally to 8.txt,6,solved,1,8
before,1,sum three horizontally to 8.txt,8,solved,1,6
before,1,sum three horizontally to 8.txt,10,solved,2,13
before,1,sum three horizontally to 8.txt,13,solved,1,26
before,1,sum three horizontally to 8.txt,15,solved,34,473
before,1,sum three horizontally to 8.txt,17,solved,2,19
before,1,sum three horizontally to 8.txt,19,solved,7,109
before,1,sum three horizontally to 8.txt,22,solved,45,623
before,1,sum three horizontally to 8.txt,24,solved,8,107
before,1,sum three horizontally to 8.txt,26,solved,37,415
before,1,sum three horizontally to 8.txt,28,solved,25,304
before,1,sum three horizontally to 8.txt,31,timeout,250,659
before,1,take heart lass.txt,1,solved,0,3
before,1,take heart lass.txt,3,solved,2,25
before,1,take heart lass.txt,5,solved,0,8
before,1,take heart lass.txt,7,solved,2,28
before,1,take heart lass.txt,9,solved,130,1256
before,1,take heart lass.txt,11,solved,13,120
before,1,take heart lass.txt,13,solved,47,361
before,1,take heart lass.txt,15,timeout,250,2053
before,1,take heart lass.txt,17,solved,11,49
before,1,take heart lass.txt,19,solved,74,512
before,1,take heart lass.txt,21,solved,113,761
before,1,take heart lass.txt,23,timeout,250,910
before,1,talo pipi 2.txt,1,timeout,250,1226
before,1,talo pipi 2.txt,3,timeout,250,2048
before,1,talo pipi 2.txt,5,timeout,250,1224
before,1,talo pipi 2.txt,7,timeout,250,1477
before,1,talo pipi 2.txt,9,timeout,250,1981
before,1,talo pipi 2.txt,11,timeout,250,915
before,1,talo pipi 2.txt,13,timeout,250,867
before,1,talo pipi 2.txt,15,timeout,250,828
before,1,talo pipi 2.txt,17,solved,0,1
before,1,the exit is under my left foot.txt,1,solved,123,102
before,1,the red ring of immortality.txt,1,solved,6,226
before,1,the red ring of immortality.txt,3,solved,47,1354
before,1,the red ring of immortality.txt,5,solved,1,52
before,1,the red ring of immortality.txt,7,solved,66,1633
before,1,the red ring of immortality.txt,9,solved,6,213
before,1,the red ring of immortality.txt,11,solved,11,332
before,1,the red ring of immortality.txt,13,solved,101,2759
before,1,the red ring of immortality.txt,15,solved,14,424
before,1,the red ring of immortality.txt,17,solved,80,2173
before,1,the red ring of immortality.txt,19,solved,8,264
before,1,the red ring of immortality.txt,21,solved,0,21
before,1,the red ring of immortality.txt,23,solved,0,2
before,1,the_saga_of_the_candy_scroll.txt,6,solved,4,106
before,1,the_saga_of_the_candy_scroll.txt,10,solved,0,8
before,1,the_saga_of_the_candy_scroll.txt,14,solved,0,4
before,1,the_saga_of_the_candy_scroll.txt,18,solved,27,551
before,1,the_saga_of_the_candy_scroll.txt,20,timeout,250,5297
before,1,the_saga_of_the_candy_scroll.txt,22,solved,5,104
before,1,the_saga_of_the_candy_scroll.txt,26,solved,41,832
before,1,the_saga_of_the_candy_scroll.txt,28,timeout,250,4219
before,1,the_saga_of_the_candy_scroll.txt,31,solved,87,1273
before,1,the_saga_of_the_candy_scroll.txt,35,timeout,250,3750
before,1,the_saga_of_the_candy_scroll.txt,46,solved,0,3
before,1,the_saga_of_the_candy_scroll.txt,50,solved,2,54
before,1,the_saga_of_the_candy_scroll.txt,53,solved,32,723
before,1,the_saga_of_the_candy_scroll.txt,55,solved,133,2683
before,1,the_saga_of_the_candy_scroll.txt,58,timeout,250,4900
before,1,the_saga_of_the_candy_scroll.txt,61,timeout,251,4869
before,1,the_saga_of_the_candy_scroll.txt,64,timeout,250,5296
before,1,the_saga_of_the_candy_scroll.txt,66,timeout,250,4974
before,1,the_saga_of_the_candy_scroll.txt,68,timeout,251,5555
before,1,the_saga_of_the_candy_scroll.txt,70,timeout,250,4346
before,1,the_saga_of_the_candy_scroll.txt,78,timeout,250,4318
before,1,the_saga_of_the_candy_scroll.txt,80,timeout,251,3572
before,1,the_saga_of_the_candy_scroll.txt,82,timeout,250,2941
before,1,the_saga_of_the_candy_scroll.txt,85,timeout,250,3461
before,1,the_saga_of_the_candy_scroll.txt,89,timeout,250,2935
before,1,the_saga_of_the_candy_scroll.txt,98,timeout,250,4351
before,1,the_saga_of_the_candy_scroll.txt,102,timeout,250,2942
before,1,the_saga_of_the_candy_scroll.txt,106,timeout,250,2025
before,1,the_saga_of_the_candy_scroll.txt,112,timeout,251,2782
before,1,the_saga_of_the_candy_scroll.txt,116,solved,39,501
before,1,threes.txt,0,timeout,250,345
before,1,tiny treasure hunt.txt,1,timeout,251,71
before,1,tiny treasure hunt.txt,3,timeout,252,23
before,1,tiny treasure hunt.txt,5,timeout,250,30
before,1,tiny treasure hunt.txt,7,timeout,250,93
before,1,tiny treasure hunt.txt,9,timeout,251,31
before,1,tiny treasure hunt.txt,11,timeout,250,81
before,1,tiny treasure hunt.txt,13,timeout,250,34
before,1,tunnel rat.txt,1,timeout,250,285
before,1,tunnel rat.txt,3,timeout,250,148
before,1,unclean residues.txt,2,timeout,250,6104
before,1,unclean residues.txt,4,timeout,250,8100
before,1,unclean residues.txt,6,timeout,250,7899
before,1,unclean residues.txt,8,timeout,250,6935
before,1,unclean residues.txt,10,timeout,250,6481
before,1,unclean residues.txt,13,solved,137,3677
before,1,unewton.txt,2,timeout,251,4287
before,1,unewton.txt,4,timeout,250,5988
before,1,unewton.txt,6,timeout,250,4729
before,1,unewton.txt,8,timeout,250,3750
before,1,whaleworld.txt,1,solved,22,120
before,1,whaleworld.txt,3,solved,22,240
before,1,whaleworld.txt,5,solved,128,878
before,1,whaleworld.txt,7,solved,217,1685
before,1,whaleworld.txt,9,timeout,250,1170
before,1,whaleworld.txt,11,timeout,250,1130
before,1,whaleworld.txt,13,timeout,250,788
before,1,whaleworld.txt,15,timeout,250,1283
before,1,witch lifter.txt,1,timeout,250,1351
before,1,witch lifter.txt,3,solved,97,564
before,1,witch lifter.txt,5,timeout,250,1680
before,1,witch lifter.txt,7,timeout,250,1560
before,1,witch lifter.txt,9,timeout,250,1386
before,1,witch lifter.txt,11,timeout,250,1723
before,1,witch lifter.txt,13,timeout,250,994
before,1,witch lifter.txt,15,timeout,250,1077
before,1,wool-clawer.txt,1,timeout,250,1079
before,1,wool-clawer.txt,3,timeout,250,973
before,1,wool-clawer.txt,5,timeout,250,483
before,1,wool-clawer.txt,7,timeout,250,275
before,1,wool-clawer.txt,9,timeout,250,360
before,1,wool-clawer.txt,11,timeout,250,330
before,1,you can't make this up.txt,1,timeout,250,4100
before,1,you complete me.txt,0,timeout,250,3170
before,1,zokoban.txt,0,timeout,250,1947
before,2,15 push pull levels.txt,1,solved,21,1342
before,2,15 push pull levels.txt,3,solved,2,137
before,2,15 push pull levels.txt,5,solved,88,5517
before,2,15 push pull levels.txt,7,solved,120,7643
before,2,15 push pull levels.txt,9,solved,69,4319
before,2,15 push pull levels.txt,11,solved,24,1565
before,2,15 push pull levels.txt,13,solved,21,1376
before,2,15 push pull levels.txt,15,solved,35,2195
before,2,15 push pull levels.txt,17,solved,26,1730
before,2,15 push pull levels.txt,19,solved,127,7849
before,2,15 push pull levels.txt,21,timeout,251,14845
before,2,15 push pull levels.txt,23,solved,217,13036
before,2,15 push pull levels.txt,25,solved,200,12036
before,2,15 push pull levels.txt,27,timeout,251,14887
before,2,15 push pull levels.txt,29,timeout,251,14022
before,2,5-junctions-maker.txt,1,timeout,250,455
before,2,5-junctions-maker.txt,3,solved,0,1
before,2,8 happy snakes.txt,1,solved,0,10
before,2,8 happy snakes.txt,3,solved,27,346
before,2,8 happy snakes.txt,5,solved,6,91
before,2,8 happy snakes.txt,7,solved,46,465
before,2,8 happy snakes.txt,9,timeout,252,6723
before,2,8 happy snakes.txt,11,timeout,252,5881
before,2,8 happy snakes.txt,13,timeout,252,5871
before,2,8 happy snakes.txt,15,timeout,251,1847
before,2,ALL GREEN TO BLUE.txt,1,solved,0,36
before,2,ALL GREEN TO BLUE.txt,3,solved,176,8191
before,2,ALL GREEN TO BLUE.txt,5,solved,79,4892
before,2,ALL GREEN TO BLUE.txt,7,solved,52,3260
before,2,ALL GREEN TO BLUE.txt,9,solved,21,1376
before,2,ALL GREEN TO BLUE.txt,11,timeout,252,11841
before,2,ALL GREEN TO BLUE.txt,13,solved,150,10966
before,2,ALL GREEN TO BLUE.txt,15,solved,2,188
before,2,ALL GREEN TO BLUE.txt,17,timeout,251,16911
before,2,ALL GREEN TO BLUE.txt,19,solved,11,884
before,2,ALL GREEN TO BLUE.txt,21,solved,2,89
before,2,Acorn Scorchery Paradise.txt,1,solved,8,489
before,2,Acorn Scorchery Paradise.txt,3,solved,6,380
before,2,Acorn Scorchery Paradise.txt,5,solved,20,1219
before,2,Acorn Scorchery Paradise.txt,7,solved,7,454
before,2,Acorn Scorchery Paradise.txt,9,solved,25,1545
before,2,All Green and Blue on Yellow.txt,1,solved,2,200
before,2,All Green and Blue on Yellow.txt,3,solved,2,166
before,2,All Green and Blue on Yellow.txt,5,solved,14,1249
before,2,All Green and Blue on Yellow.txt,7,solved,15,1343
before,2,All Green and Blue on Yellow.txt,9,solved,16,1260
before,2,Any hole is a goal.txt,1,solved,7,17
before,2,Any hole is a goal.txt,3,solved,180,802
before,2,Any hole is a goal.txt,5,timeout,250,927
before,2,Any hole is a goal.txt,7,solved,167,748
before,2,Any hole is a goal.txt,9,timeout,250,1062
before,2,Any hole is a goal.txt,11,timeout,250,1066
before,2,Any hole is a goal.txt,13,timeout,250,1043
before,2,Any hole is a goal.txt,15,timeout,250,786
before,2,Any hole is a goal.txt,17,timeout,250,998
before,2,Any hole is a goal.txt,19,timeout,250,938
before,2,Any hole is a goal.txt,21,timeout,250,911
before,2,Any hole is a goal.txt,23,timeout,250,912
before,2,Any hole is a goal.txt,25,timeout,250,764
before,2,Any hole is a goal.txt,27,timeout,250,579
before,2,Any hole is a goal.txt,29,timeout,250,924
before,2,Any hole is a goal.txt,31,timeout,250,973
before,2,Any hole is a goal.txt,33,timeout,250,1034
before,2,Any hole is a goal.txt,35,timeout,250,749
before,2,Any hole is a goal.txt,37,timeout,250,548
before,2,Any hole is a goal.txt,39,timeout,250,850
before,2,Any hole is a goal.txt,41,timeout,250,1021
before,2,Any hole is a goal.txt,43,timeout,250,625
before,2,Any hole is a goal.txt,45,timeout,250,488
before,2,Any hole is a goal.txt,47,timeout,250,1102
before,2,Any hole is a goal.txt,49,timeout,250,1009
before,2,Any hole is a goal.txt,51,timeout,250,793
before,2,Any hole is a goal.txt,53,timeout,250,929
before,2,Any hole is a goal.txt,55,timeout,250,953
before,2,Any hole is a goal.txt,57,timeout,250,895
before,2,Any hole is a goal.txt,59,timeout,250,907
before,2,Any hole is a goal.txt,61,timeout,250,811
before,2,Any hole is a goal.txt,63,timeout,250,846
before,2,Any hole is a goal.txt,65,timeout,250,893
before,2,Any hole is a goal.txt,67,timeout,250,878
before,2,Any hole is a goal.txt,69,timeout,250,1079
before,2,Attractor Net.txt,1,solved,92,2014
before,2,Attractor Net.txt,3,solved,109,2769
before,2,Attractor Net.txt,5,solved,6,162
before,2,Attractor Net.txt,7,solved,23,523
before,2,Attractor Net.txt,9,solved,61,1433
before,2,Attractor Net.txt,11,solved,20,571
before,2,Attractor Net.txt,13,solved,127,3034
before,2,Attractor Net.txt,15,solved,83,1772
before,2,Attractor Net.txt,17,solved,1,20
before,2,Attractor Net.txt,19,solved,61,1642
before,2,BIAXIAL INVASION OF SATURN.txt,3,solved,110,523
before,2,BIAXIAL INVASION OF SATURN.txt,5,timeout,250,806
before,2,BIAXIAL INVASION OF SATURN.txt,7,timeout,250,492
before,2,BIAXIAL INVASION OF SATURN.txt,9,timeout,250,490
before,2,BIAXIAL INVASION OF SATURN.txt,11,timeout,250,413
before,2,BIAXIAL INVASION OF SATURN.txt,13,solved,196,444
before,2,BIAXIAL INVASION OF SATURN.txt,15,timeout,250,597
before,2,BIAXIAL INVASION OF SATURN.txt,17,timeout,250,261
before,2,BIAXIAL INVASION OF SATURN.txt,19,timeout,250,126
before,2,BIAXIAL INVASION OF SATURN.txt,21,timeout,250,121
before,2,BIAXIAL INVASION OF SATURN.txt,23,timeout,250,159
before,2,BIAXIAL INVASION OF SATURN.txt,25,timeout,253,18
before,2,BIAXIAL INVASION OF SATURN.txt,28,solved,0,1
before,2,BIAXIAL INVASION OF SATURN.txt,29,solved,0,1
before,2,BIAXIAL INVASION OF SATURN.txt,30,solved,0,1
before,2,BIAXIAL INVASION OF SATURN.txt,31,solved,1,1
before,2,Bicycle-Kick Football.txt,1,timeout,250,618
before,2,Bicycle-Kick Football.txt,4,solved,11,91
before,2,Bicycle-Kick Football.txt,7,solved,121,685
before,2,Bicycle-Kick Football.txt,10,timeout,250,2008
before,2,Bicycle-Kick Football.txt,13,timeout,250,1108
before,2,Bicycle-Kick Football.txt,16,timeout,250,1751
before,2,Bring the ice cube to the goal without exposing it to heat.txt,1,timeout,250,581
before,2,CODEX LUBRICUS.txt,2,solved,38,130
before,2,CODEX LUBRICUS.txt,4,solved,43,93
before,2,CODEX LUBRICUS.txt,6,solved,50,73
before,2,CODEX LUBRICUS.txt,8,solved,25,93
before,2,CODEX LUBRICUS.txt,10,solved,72,113
before,2,CODEX LUBRICUS.txt,12,solved,59,149
before,2,CODEX LUBRICUS.txt,14,solved,49,111
before,2,CODEX LUBRICUS.txt,16,solved,48,118
before,2,CODEX LUBRICUS.txt,18,solved,71,105
before,2,CODEX LUBRICUS.txt,20,solved,73,115
before,2,CODEX LUBRICUS.txt,22,solved,48,112
before,2,CODEX LUBRICUS.txt,24,solved,50,116
before,2,CODEX LUBRICUS.txt,26,solved,68,108
before,2,CODEX LUBRICUS.txt,28,solved,75,104
before,2,CODEX LUBRICUS.txt,30,solved,84,131
before,2,CODEX LUBRICUS.txt,32,solved,172,275
before,2,CODEX LUBRICUS.txt,34,solved,70,122
before,2,CODEX LUBRICUS.txt,36,solved,61,164
before,2,CODEX LUBRICUS.txt,38,solved,43,102
before,2,CODEX LUBRICUS.txt,40,solved,151,262
before,2,Chevron Lodger.txt,1,solved,2,67
before,2,Chevron Lodger.txt,3,solved,56,1755
before,2,Chevron Lodger.txt,5,solved,194,5035
before,2,Chevron Lodger.txt,7,solved,25,823
before,2,Chevron Lodger.txt,9,timeout,250,6812
before,2,Chevron Lodger.txt,11,timeout,251,5606
before,2,Crates move when you move.txt,1,solved,4,138
before,2,Crates move when you move.txt,3,solved,2,73
before,2,Crates move when you move.txt,5,solved,1,49
before,2,Crates move when you move.txt,7,solved,3,115
before,2,Crates move when you move.txt,9,solved,2,71
before,2,Crates move when you move.txt,11,solved,0,3
before,2,Crates move when you move.txt,13,solved,13,348
before,2,Crates move when you move.txt,15,solved,7,230
before,2,Crates move when you move.txt,17,solved,3,93
before,2,Crates move when you move.txt,19,solved,10,415
before,2,Cucumber Surprise.txt,2,solved,5,259
before,2,Cucumber Surprise.txt,5,solved,5,201
before,2,Cucumber Surprise.txt,7,solved,32,1178
before,2,Cucumber Surprise.txt,9,solved,78,2499
before,2,Cucumber Surprise.txt,11,solved,226,7606
before,2,Cucumber Surprise.txt,13,solved,31,1163
before,2,Cucumber Surprise.txt,15,solved,59,2202
before,2,Cucumber Surprise.txt,17,solved,27,916
before,2,Cucumber Surprise.txt,19,solved,50,1311
before,2,Cucumber Surprise.txt,21,timeout,250,8004
before,2,Cucumber Surprise.txt,23,solved,96,3449
before,2,Cucumber Surprise.txt,25,solved,32,1243
before,2,Cucumber Surprise.txt,27,solved,216,7437
before,2,Cucumber Surprise.txt,29,solved,22,731
before,2,Cucumber Surprise.txt,31,solved,65,2119
before,2,Cucumber Surprise.txt,33,solved,101,3415
before,2,Cucumber Surprise.txt,35,solved,49,1727
before,2,Cucumber Surprise.txt,37,solved,24,812
before,2,Cucumber Surprise.txt,39,solved,102,2968
before,2,Cucumber Surprise.txt,41,timeout,251,7416
before,2,Des Poseidons Dreizack.txt,1,timeout,250,193
before,2,Des Poseidons Dreizack.txt,3,timeout,250,172
before,2,Des Poseidons Dreizack.txt,5,timeout,250,155
before,2,Des Poseidons Dreizack.txt,6,solved,1,9
before,2,Des Poseidons Dreizack.txt,7,solved,0,1
before,2,Don't let your goals slip away.txt,1,solved,1,63
before,2,Don't let your goals slip away.txt,3,solved,112,4881
before,2,Don't let your goals slip away.txt,5,solved,3,121
before,2,Don't let your goals slip away.txt,7,solved,10,512
before,2,Don't let your goals slip away.txt,9,solved,25,1317
before,2,Don't let your goals slip away.txt,11,solved,127,5817
before,2,Don't let your goals slip away.txt,13,solved,46,2187
before,2,Don't let your goals slip away.txt,15,solved,151,7721
before,2,Double-Entry Bookkeeping Simulator.txt,1,timeout,250,1384
before,2,Double-Entry Bookkeeping Simulator.txt,3,timeout,250,647
before,2,Double-Entry Bookkeeping Simulator.txt,5,timeout,250,1400
before,2,Double-Entry Bookkeeping Simulator.txt,7,timeout,250,572
before,2,Double-Entry Bookkeeping Simulator.txt,9,timeout,250,802
before,2,Double-Entry Bookkeeping Simulator.txt,11,timeout,250,587
before,2,Double-Entry Bookkeeping Simulator.txt,13,timeout,250,335
before,2,Double-Entry Bookkeeping Simulator.txt,15,timeout,250,483
before,2,Double-Entry Bookkeeping Simulator.txt,17,timeout,250,1856
before,2,Explodoban.txt,1,solved,10,437
before,2,Explodoban.txt,3,solved,6,320
before,2,Explodoban.txt,5,solved,66,3082
before,2,Explodoban.txt,7,solved,150,5873
before,2,Explodoban.txt,9,solved,101,3907
before,2,Explodoban.txt,11,solved,84,2959
before,2,Explodoban.txt,13,timeout,251,8930
before,2,Eyeball-watching flowers bloom.txt,1,solved,2,53
before,2,Eyeball-watching flowers bloom.txt,3,solved,187,4076
before,2,Eyeball-watching flowers bloom.txt,5,timeout,250,4992
before,2,Garten der Medusen.txt,1,solved,6,6
before,2,Garten der Medusen.txt,3,solved,5,4
before,2,Garten der Medusen.txt,5,solved,7,6
before,2,Garten der Medusen.txt,7,timeout,250,292
before,2,Garten der Medusen.txt,9,timeout,250,177
before,2,Garten der Medusen.txt,11,timeout,250,179
before,2,Garten der Medusen.txt,13,timeout,251,55
before,2,Garten der Medusen.txt,15,timeout,250,67
before,2,Hole-Stuffer.txt,1,timeout,250,3603
before,2,Hole-Stuffer.txt,3,solved,238,3591
before,2,Hole-Stuffer.txt,5,solved,18,178
before,2,Hole-Stuffer.txt,7,timeout,250,3467
before,2,"Individuals can produce a society, but can a society produce individuals.txt",1,timeout,251,481
before,2,It gets its Feet Wet.txt,1,timeout,250,283
before,2,Legend of Swixero.txt,1,solved,7,369
before,2,Legend of Swixero.txt,3,solved,26,1444
before,2,Legend of Swixero.txt,5,solved,9,450
before,2,Legend of Swixero.txt,7,timeout,251,11033
before,2,Legend of Swixero.txt,9,timeout,252,11421
before,2,Match two two by twos.txt,2,timeout,250,1249
before,2,Match two two by twos.txt,4,timeout,250,913
before,2,Match two two by twos.txt,6,timeout,250,950
before,2,Match-Maker.txt,1,solved,32,1111
before,2,Match-Maker.txt,3,solved,2,66
before,2,Match-Maker.txt,5,solved,8,214
before,2,Match-Maker.txt,7,solved,210,4771
before,2,Match-Maker.txt,9,timeout,250,4507
before,2,Match-Maker.txt,11,solved,250,5545
before,2,Match-Maker.txt,13,solved,174,3402
before,2,Match-Maker.txt,15,solved,236,4839
before,2,Match-Maker.txt,17,timeout,250,4218
before,2,Microban x 10.txt,2,timeout,250,333
before,2,Muraphilic Monophobic Multiban.txt,1,timeout,252,10815
before,2,Muraphilic Monophobic Multiban.txt,3,solved,0,6
before,2,Muraphilic Monophobic Multiban.txt,5,solved,10,390
before,2,Muraphilic Monophobic Multiban.txt,7,solved,100,4207
before,2,Muraphilic Monophobic Multiban.txt,9,timeout,252,10279
before,2,Muraphilic Monophobic Multiban.txt,11,solved,80,2039
before,2,Muraphilic Monophobic Multiban.txt,13,solved,27,1149
before,2,Muraphilic Monophobic Multiban.txt,15,timeout,251,9586
before,2,NIGHTMARECROBAN.txt,1,solved,6,309
before,2,NIGHTMARECROBAN.txt,3,solved,32,1682
before,2,NIGHTMARECROBAN.txt,5,solved,23,1170
before,2,NIGHTMARECROBAN.txt,7,solved,8,387
before,2,NIGHTMARECROBAN.txt,9,solved,11,515
before,2,NIGHTMARECROBAN.txt,11,solved,33,1605
before,2,NIGHTMARECROBAN.txt,13,solved,82,3677
before,2,Neoprenanzieher.txt,2,timeout,250,565
before,2,North Wind Simple Sailboat Buoy Collection.txt,2,exhausted,1,9
before,2,North Wind Simple Sailboat Buoy Collection.txt,4,exhausted,2,9
before,2,North Wind Simple Sailboat Buoy Collection.txt,6,exhausted,1,9
before,2,Oh No My Dog Is About To Swallow A Piece Of.txt,1,timeout,250,130
before,2,Place the crate on the targets.txt,1,timeout,251,1389
before,2,Pocket Gopher - Root-Shoot Nibbler.txt,2,timeout,250,1615
before,2,Pocket Gopher - Root-Shoot Nibbler.txt,5,timeout,250,1120
before,2,Pocket Gopher - Root-Shoot Nibbler.txt,8,timeout,250,1483
before,2,Pocket Gopher - Root-Shoot Nibbler.txt,11,timeout,250,770
before,2,Pocket Gopher - Root-Shoot Nibbler.txt,14,timeout,250,1138
before,2,Pushy-V Pully-H.txt,1,solved,10,664
before,2,Pushy-V Pully-H.txt,3,solved,0,25
before,2,Pushy-V Pully-H.txt,5,solved,15,866
before,2,Pushy-V Pully-H.txt,7,solved,29,1738
before,2,Pushy-V Pully-H.txt,9,solved,0,14
before,2,Pushy-V Pully-H.txt,11,solved,1,109
before,2,Pushy-V Pully-H.txt,13,solved,1,78
before,2,Pushy-V Pully-H.txt,15,solved,68,3497
before,2,Pushy-V Pully-H.txt,17,solved,49,2857
before,2,Pushy-V Pully-H.txt,19,solved,1,72
before,2,Pushy-V Pully-H.txt,21,solved,164,9302
before,2,"Put the logs in the water, elephant.txt",1,timeout,250,3120
before,2,"Put the logs in the water, elephant.txt",4,solved,54,770
before,2,"Put the logs in the water, elephant.txt",7,timeout,250,3559
before,2,"Put the logs in the water, elephant.txt",10,solved,101,1313
before,2,"Put the logs in the water, elephant.txt",13,timeout,250,3048
before,2,"Put the logs in the water, elephant.txt",16,timeout,250,3613
before,2,"Put the logs in the water, elephant.txt",19,timeout,250,2665
before,2,"Put the logs in the water, elephant.txt",22,timeout,250,4086
before,2,Putting Bicycle Helmets on Young Children.txt,1,timeout,250,205
before,2,Putting Bicycle Helmets on Young Children.txt,3,timeout,250,87
before,2,Putting Bicycle Helmets on Young Children.txt,5,timeout,256,84
before,2,Recondite Star Sector Sigma.txt,1,solved,10,644
before,2,Recondite Star Sector Sigma.txt,3,solved,153,7848
before,2,Recondite Star Sector Sigma.txt,5,solved,129,6910
before,2,Recondite Star Sector Sigma.txt,7,solved,232,9804
before,2,Recondite Star Sector Sigma.txt,9,solved,162,9178
before,2,Recondite Star Sector Sigma.txt,11,solved,30,1338
before,2,Recondite Star Sector Sigma.txt,13,timeout,251,12001
before,2,Recondite Star Sector Sigma.txt,15,solved,75,3835
before,2,Recondite Star Sector Sigma.txt,17,timeout,251,13372
before,2,Recondite Star Sector Sigma.txt,19,solved,30,1580
before,2,Resin-Caster.txt,2,solved,15,1014
before,2,Resin-Caster.txt,4,solved,10,729
before,2,Resin-Caster.txt,6,solved,30,2010
before,2,Resin-Caster.txt,8,solved,67,4444
before,2,Resin-Caster.txt,10,solved,11,762
before,2,Resin-Caster.txt,12,solved,23,1470
before,2,Resin-Caster.txt,14,solved,64,3899
before,2,Resin-Caster.txt,16,solved,9,576
before,2,Resin-Caster.txt,18,solved,17,1073
before,2,Resin-Caster.txt,20,solved,22,1472
before,2,S-tercourse.txt,1,timeout,250,1731
before,2,S-tercourse.txt,3,solved,39,357
before,2,S-tercourse.txt,5,solved,32,302
before,2,S-tercourse.txt,7,timeout,250,2019
before,2,S-tercourse.txt,9,timeout,250,2159
before,2,S-tercourse.txt,11,timeout,250,2308
before,2,S-tercourse.txt,13,timeout,250,2092
before,2,S-tercourse.txt,15,timeout,250,2042
before,2,S-tercourse.txt,17,timeout,250,2112
before,2,S-tercourse.txt,19,timeout,250,2185
before,2,S-tercourse.txt,21,timeout,250,2240
before,2,S-tercourse.txt,23,timeout,250,2529
before,2,SWIMMING TIME.txt,2,timeout,250,398
before,2,Scalesoban.txt,1,solved,0,14
before,2,Scalesoban.txt,3,solved,2,91
before,2,Scalesoban.txt,5,solved,18,858
before,2,Schleimban.txt,1,solved,24,306
before,2,Schleimban.txt,3,solved,46,768
before,2,Schleimban.txt,5,solved,37,548
before,2,Schleimban.txt,7,solved,64,1018
before,2,Schleimban.txt,9,solved,34,503
before,2,Schleimban.txt,11,solved,0,1
before,2,Subway upholstry snot smearing championship.txt,2,solved,230,6991
before,2,Subway upholstry snot smearing championship.txt,4,solved,6,240
before,2,Subway upholstry snot smearing championship.txt,6,solved,3,96
before,2,Subway upholstry snot smearing championship.txt,8,timeout,250,5675
before,2,Subway upholstry snot smearing championship.txt,10,solved,119,3469
before,2,Subway upholstry snot smearing championship.txt,12,solved,69,1208
before,2,Subway upholstry snot smearing championship.txt,14,timeout,250,4840
before,2,The Far Away Danish Pastry is always Delicio.txt,1,solved,0,7
before,2,The Far Away Danish Pastry is always Delicio.txt,3,solved,0,10
before,2,The Far Away Danish Pastry is always Delicio.txt,5,solved,3,183
before,2,The Far Away Danish Pastry is always Delicio.txt,7,solved,1,45
before,2,The Far Away Danish Pastry is always Delicio.txt,9,solved,1,74
before,2,The Far Away Danish Pastry is always Delicio.txt,11,solved,69,3545
before,2,The Far Away Danish Pastry is always Delicio.txt,13,solved,33,1232
before,2,The Far Away Danish Pastry is always Delicio.txt,15,solved,116,4154
before,2,The Monsterous Autoshove.txt,1,solved,40,710
before,2,The Monsterous Autoshove.txt,3,solved,65,921
before,2,The Monsterous Autoshove.txt,5,timeout,250,2295
before,2,The Monsterous Autoshove.txt,7,solved,42,575
before,2,The Monsterous Autoshove.txt,9,timeout,250,2300
before,2,The Monsterous Autoshove.txt,11,timeout,250,2368
before,2,The sponge what lights up the seafloor.txt,1,solved,116,503
before,2,The sponge what lights up the seafloor.txt,3,timeout,250,1509
before,2,The sponge what lights up the seafloor.txt,5,timeout,250,1030
before,2,The sponge what lights up the seafloor.txt,7,solved,101,633
before,2,The sponge what lights up the seafloor.txt,9,solved,243,1501
before,2,The sponge what lights up the seafloor.txt,11,solved,176,942
before,2,The sponge what lights up the seafloor.txt,13,timeout,250,1563
before,2,The sponge what lights up the seafloor.txt,15,timeout,250,1476
before,2,The sponge what lights up the seafloor.txt,17,timeout,250,1345
before,2,The sponge what lights up the seafloor.txt,19,timeout,250,1271
before,2,Two-Step Pete.txt,1,solved,1,61
before,2,Two-Step Pete.txt,3,solved,50,2153
before,2,Two-Step Pete.txt,5,solved,6,305
before,2,Two-Step Pete.txt,7,timeout,251,7813
before,2,Two-Step Pete.txt,9,solved,40,1810
before,2,Two-Step Pete.txt,11,solved,2,99
before,2,Two-Step Pete.txt,13,solved,14,756
before,2,Two-Step Pete.txt,15,timeout,251,11746
before,2,Two-Tone Tango.txt,1,solved,68,1805
before,2,Two-Tone Tango.txt,3,solved,21,569
before,2,Two-Tone Tango.txt,5,solved,36,1163
before,2,Two-Tone Tango.txt,7,timeout,250,6318
before,2,Two-Tone Tango.txt,9,solved,2,38
before,2,Two-Tone Tango.txt,11,solved,28,747
before,2,Two-Tone Tango.txt,13,solved,126,4124
before,2,Two-Tone Tango.txt,15,solved,96,3028
before,2,Van-to-Mobile-Living-Space-Conversion Window.txt,1,solved,2,39
before,2,Van-to-Mobile-Living-Space-Conversion Window.txt,3,solved,70,1296
before,2,Van-to-Mobile-Living-Space-Conversion Window.txt,5,solved,2,49
before,2,Van-to-Mobile-Living-Space-Conversion Window.txt,7,timeout,250,3823
before,2,Van-to-Mobile-Living-Space-Conversion Window.txt,9,solved,249,4464
before,2,Van-to-Mobile-Living-Space-Conversion Window.txt,11,timeout,250,3777
before,2,Van-to-Mobile-Living-Space-Conversion Window.txt,13,solved,52,938
before,2,Van-to-Mobile-Living-Space-Conversion Window.txt,15,solved,222,3383
before,2,Van-to-Mobile-Living-Space-Conversion Window.txt,17,solved,37,673
before,2,Van-to-Mobile-Living-Space-Conversion Window.txt,19,timeout,250,4024
before,2,Van-to-Mobile-Living-Space-Conversion Window.txt,21,timeout,251,4185
before,2,Van-to-Mobile-Living-Space-Conversion Window.txt,23,solved,110,1754
before,2,Van-to-Mobile-Living-Space-Conversion Window.txt,25,timeout,250,4617
before,2,Van-to-Mobile-Living-Space-Conversion Window.txt,27,timeout,251,4152
before,2,Varifocal Nightmare.txt,1,solved,51,1456
before,2,Varifocal Nightmare.txt,3,solved,22,780
before,2,Varifocal Nightmare.txt,5,solved,60,2291
before,2,Varifocal Nightmare.txt,7,timeout,251,7968
before,2,Varifocal Nightmare.txt,9,solved,167,4318
before,2,Vexatious Match 3.txt,2,timeout,251,6972
before,2,Vexatious Match 3.txt,4,timeout,251,9135
before,2,Vexatious Match 3.txt,6,timeout,250,9669
before,2,Vexatious Match 3.txt,8,timeout,250,8234
before,2,Vexatious Match 3.txt,10,solved,43,1992
before,2,Voitex Rasteriser 2.txt,1,timeout,252,4872
before,2,Voitex Rasteriser.txt,0,timeout,252,8621
before,2,Voitex Rasteriser.txt,2,solved,0,1
before,2,Wand Spinner.txt,1,solved,6,263
before,2,Wand Spinner.txt,3,solved,5,214
before,2,Wand Spinner.txt,5,solved,63,2715
before,2,Wand Spinner.txt,7,solved,94,4051
before,2,Wand Spinner.txt,9,solved,10,417
before,2,Wand Spinner.txt,11,solved,23,949
before,2,Wand Spinner.txt,13,solved,36,1308
before,2,Wand Spinner.txt,15,solved,15,513
before,2,Wand Spinner.txt,17,solved,30,973
before,2,Wand Spinner.txt,19,solved,46,1879
before,2,Wand Spinner.txt,21,solved,19,796
before,2,Wand Spinner.txt,23,solved,240,9400
before,2,Wand Spinner.txt,25,solved,18,721
before,2,Wand Spinner.txt,27,solved,80,3180
before,2,Wand Spinner.txt,29,timeout,250,9749
before,2,Wand Spinner.txt,31,solved,56,2265
before,2,Wand Spinner.txt,33,solved,2,68
before,2,Wand Spinner.txt,35,solved,138,5885
before,2,Xorro The Chaos Warden.txt,1,solved,6,267
before,2,Xorro The Chaos Warden.txt,3,solved,126,4418
before,2,Xorro The Chaos Warden.txt,5,solved,105,3553
before,2,Xorro The Chaos Warden.txt,7,timeout,251,7418
before,2,Yellow Box.txt,1,solved,116,3503
before,2,Yellow Box.txt,3,solved,20,332
before,2,Yellow Box.txt,5,solved,4,49
before,2,Yellow Box.txt,7,solved,15,293
before,2,Yellow Box.txt,9,solved,80,1318
before,2,Yellow Box.txt,11,solved,111,1642
before,2,Yellow Box.txt,13,solved,13,285
before,2,Yellow Box.txt,15,timeout,251,9989
before,2,Yellow Box.txt,17,solved,5,58
before,2,Yellow Box.txt,19,solved,25,272
before,2,Yellow Box.txt,21,solved,90,1639
before,2,Yellow Box.txt,23,solved,1,20
before,2,Yellow Box.txt,25,solved,13,259
before,2,Yellow Box.txt,27,solved,26,498
before,2,Yellow Box.txt,29,solved,14,280
before,2,Yellow Box.txt,31,solved,114,2277
before,2,Yellow Box.txt,33,solved,15,284
before,2,Yellow Box.txt,35,timeout,250,5054
before,2,a clear view of the sky.txt,3,solved,30,58
before,2,a clear view of the sky.txt,6,solved,19,55
before,2,a clear view of the sky.txt,8,solved,21,60
before,2,a clear view of the sky.txt,10,solved,14,52
before,2,a clear view of the sky.txt,12,solved,21,54
before,2,a clear view of the sky.txt,14,solved,17,43
before,2,a clear view of the sky.txt,16,solved,72,185
before,2,a clear view of the sky.txt,18,timeout,250,314
before,2,a clear view of the sky.txt,20,solved,47,64
before,2,a clear view of the sky.txt,22,solved,147,235
before,2,a clear view of the sky.txt,24,timeout,250,505
before,2,a clear view of the sky.txt,26,timeout,250,132
before,2,a clear view of the sky.txt,28,timeout,250,72
before,2,a clear view of the sky.txt,30,solved,0,1
before,2,a clear view of the sky.txt,31,solved,0,1
before,2,a clear view of the sky.txt,32,solved,0,1
before,2,a clear view of the sky.txt,33,solved,0,1
before,2,a clear view of the sky.txt,34,solved,0,1
before,2,a clear view of the sky.txt,35,solved,0,1
before,2,a cliche for bedtime.txt,1,timeout,252,7528
before,2,a distant sunset.txt,1,solved,25,83
before,2,a distant sunset.txt,3,solved,0,1
before,2,a distant sunset.txt,4,solved,0,1
before,2,a distant sunset.txt,5,solved,0,1
before,2,alternatey.txt,2,solved,16,170
before,2,alternatey.txt,4,solved,77,428
before,2,alternatey.txt,6,timeout,250,2314
before,2,an ok multiban level.txt,1,timeout,251,12185
before,2,atlas shrank.txt,1,solved,1,11
before,2,atlas shrank.txt,4,solved,209,1898
before,2,atlas shrank.txt,5,solved,124,887
before,2,atlas shrank.txt,6,timeout,250,1751
before,2,atlas shrank.txt,8,timeout,250,845
before,2,atlas shrank.txt,10,solved,142,611
before,2,atlas shrank.txt,11,timeout,250,1197
before,2,atlas shrank.txt,12,timeout,250,1334
before,2,atlas shrank.txt,14,timeout,250,1074
before,2,atlas shrank.txt,15,timeout,250,400
before,2,atlas shrank.txt,16,timeout,250,384
before,2,atlas shrank.txt,17,timeout,250,861
before,2,autohurdler.txt,1,solved,9,124
before,2,autohurdler.txt,3,solved,3,35
before,2,autohurdler.txt,5,timeout,250,3852
before,2,autohurdler.txt,7,solved,35,402
before,2,big dog and little dog.txt,1,solved,234,2021
before,2,big dog and little dog.txt,3,timeout,250,1632
before,2,big dog and little dog.txt,5,timeout,250,1749
before,2,big dog and little dog.txt,7,timeout,250,1639
before,2,big dog and little dog.txt,9,timeout,250,1504
before,2,big dog and little dog.txt,11,timeout,251,712
before,2,bouncers.txt,1,timeout,253,7876
before,2,bouncers.txt,3,timeout,252,7634
before,2,bouncers.txt,5,timeout,253,7477
before,2,bouncers.txt,7,timeout,252,5871
before,2,bouncers.txt,9,timeout,252,5533
before,2,butteater.txt,1,solved,22,482
before,2,butteater.txt,3,timeout,251,4817
before,2,byyourside.txt,0,solved,1,17
before,2,byyourside.txt,1,solved,80,1231
before,2,byyourside.txt,2,solved,14,216
before,2,byyourside.txt,3,solved,1,14
before,2,byyourside.txt,4,solved,16,264
before,2,byyourside.txt,5,solved,20,299
before,2,byyourside.txt,6,solved,0,5
before,2,byyourside.txt,7,solved,1,16
before,2,byyourside.txt,8,solved,102,1709
before,2,byyourside.txt,9,solved,62,1062
before,2,cakemonsters.txt,2,solved,0,3
before,2,cakemonsters.txt,4,solved,0,10
before,2,cakemonsters.txt,7,solved,5,208
before,2,cakemonsters.txt,9,solved,6,268
before,2,cakemonsters.txt,11,solved,1,25
before,2,cakemonsters.txt,13,solved,7,275
before,2,cakemonsters.txt,14,solved,1,43
before,2,cakemonsters.txt,15,solved,6,305
before,2,cakemonsters.txt,16,solved,31,1021
before,2,cakemonsters.txt,17,solved,2,70
before,2,cakemonsters.txt,18,solved,0,10
before,2,cakemonsters.txt,20,timeout,251,7313
before,2,cakemonsters.txt,21,solved,112,3880
before,2,cakemonsters.txt,22,solved,9,326
before,2,cakemonsters.txt,24,solved,0,18
before,2,cakemonsters.txt,25,solved,0,7
before,2,cakemonsters.txt,26,solved,0,8
before,2,cakemonsters.txt,27,solved,0,9
before,2,cakemonsters.txt,28,solved,10,380
before,2,cakemonsters.txt,29,solved,7,314
before,2,cakemonsters.txt,31,solved,1,40
before,2,cakemonsters.txt,32,solved,32,1164
before,2,cakemonsters.txt,33,solved,97,3917
before,2,cakemonsters.txt,34,timeout,252,6830
before,2,cakemonsters.txt,35,solved,7,259
before,2,cakemonsters.txt,37,timeout,252,6065
before,2,cakemonsters.txt,38,solved,159,6123
before,2,cakemonsters.txt,39,solved,0,18
before,2,cakemonsters.txt,40,solved,116,4864
before,2,cakemonsters.txt,41,timeout,250,9672
before,2,cakemonsters.txt,43,solved,1,34
before,2,cakemonsters.txt,44,solved,142,5188
before,2,cakemonsters.txt,46,solved,45,1821
before,2,cakemonsters.txt,47,timeout,252,9508
before,2,cakemonsters.txt,49,solved,241,9290
before,2,cakemonsters.txt,52,timeout,250,8920
before,2,car crash.txt,1,timeout,250,42
before,2,car crash.txt,2,solved,97,0
before,2,castlecloset.txt,0,solved,158,2695
before,2,castlemouse.txt,1,solved,13,48
before,2,castlemouse.txt,3,solved,12,42
before,2,castlemouse.txt,5,solved,37,139
before,2,castlemouse.txt,7,solved,69,272
before,2,castlemouse.txt,9,solved,4,20
before,2,castlemouse.txt,11,timeout,250,670
before,2,castlemouse.txt,13,solved,3,6
before,2,castlemouse.txt,15,solved,6,12
before,2,castlemouse.txt,17,solved,1,3
before,2,castlemouse.txt,19,solved,4,9
before,2,chaos wizard.txt,2,solved,66,960
before,2,chaos wizard.txt,3,solved,22,293
before,2,chaos wizard.txt,4,timeout,251,4000
before,2,chaos wizard.txt,5,timeout,251,4345
before,2,chaos wizard.txt,6,timeout,251,2535
before,2,chaos wizard.txt,7,timeout,251,3933
before,2,chaos wizard.txt,8,timeout,251,3427
before,2,chaos wizard.txt,9,timeout,251,3891
before,2,chaos wizard.txt,10,timeout,250,3576
before,2,chaos wizard.txt,11,timeout,251,3803
before,2,chaos wizard.txt,12,timeout,251,3352
before,2,chaos wizard.txt,13,timeout,251,3386
before,2,chaos wizard.txt,14,timeout,250,2540
before,2,chaos wizard.txt,15,timeout,250,3183
before,2,chaos wizard.txt,16,timeout,251,3596
before,2,chaos wizard.txt,17,timeout,251,3135
before,2,chaos wizard.txt,18,timeout,250,3301
before,2,chaos wizard.txt,19,timeout,251,3653
before,2,chaos wizard.txt,20,timeout,251,2482
before,2,chaos wizard.txt,22,solved,7,65
before,2,chaos wizard.txt,24,timeout,251,1975
before,2,chaos wizard.txt,27,timeout,251,2462
before,2,coincounter.txt,0,solved,2,9
before,2,coincounter.txt,1,solved,2,22
before,2,coincounter.txt,2,solved,9,69
before,2,coincounter.txt,3,solved,11,93
before,2,coincounter.txt,4,solved,45,289
before,2,coincounter.txt,5,solved,44,287
before,2,coincounter.txt,6,solved,144,892
before,2,coincounter.txt,7,timeout,250,1869
before,2,coincounter.txt,8,solved,8,51
before,2,coincounter.txt,9,solved,2,7
before,2,coincounter.txt,10,solved,0,1
before,2,collapse.txt,2,solved,197,186
before,2,collapse.txt,3,timeout,267,157
before,2,color chained.txt,0,solved,11,31
before,2,color chained.txt,1,solved,5,9
before,2,color chained.txt,2,solved,242,645
before,2,color chained.txt,3,solved,70,160
before,2,color chained.txt,4,solved,55,139
before,2,color chained.txt,5,timeout,250,538
before,2,color chained.txt,6,timeout,250,446
before,2,color chained.txt,7,timeout,250,411
before,2,color chained.txt,8,timeout,250,465
before,2,color chained.txt,9,timeout,250,403
before,2,color chained.txt,10,timeout,250,380
before,2,color chained.txt,14,timeout,250,370
before,2,constellationz.txt,0,solved,0,5
before,2,constellationz.txt,1,solved,0,5
before,2,constellationz.txt,2,solved,3,72
before,2,constellationz.txt,3,solved,0,10
before,2,constellationz.txt,4,solved,5,124
before,2,constellationz.txt,5,solved,6,28
before,2,constellationz.txt,6,solved,182,1718
before,2,constellationz.txt,7,solved,161,1466
before,2,constellationz.txt,8,timeout,250,3324
before,2,constellationz.txt,9,timeout,251,1961
before,2,constellationz.txt,10,timeout,251,3020
before,2,cooperacing.txt,3,timeout,251,3160
before,2,cooperacing.txt,5,timeout,250,3574
before,2,cooperacing.txt,8,timeout,250,3492
before,2,cooperacing.txt,10,timeout,250,3845
before,2,crate guardian.txt,1,timeout,250,5860
before,2,crate guardian.txt,3,solved,75,1913
before,2,crate guardian.txt,5,timeout,250,6302
before,2,crate guardian.txt,7,timeout,250,6732
before,2,crate guardian.txt,9,timeout,250,5446
before,2,crate guardian.txt,11,timeout,250,6067
before,2,crate swap.txt,1,solved,19,1202
before,2,crate swap.txt,3,solved,10,714
before,2,crate swap.txt,5,solved,30,1659
before,2,crate swap.txt,7,solved,34,1732
before,2,crate swap.txt,9,solved,47,2606
before,2,crate swap.txt,11,solved,60,3024
before,2,crate swap.txt,13,solved,50,2569
before,2,crate swap.txt,15,solved,28,1789
before,2,cratopia.txt,2,solved,4,70
before,2,cratopia.txt,3,timeout,250,2975
before,2,cratopia.txt,5,solved,60,764
before,2,cratopia.txt,9,timeout,250,2198
before,2,cratopia.txt,11,timeout,250,4054
before,2,cratopia.txt,12,timeout,250,3065
before,2,cratopia.txt,13,timeout,250,1860
before,2,cratopia.txt,14,timeout,250,3017
before,2,cratopia.txt,15,timeout,250,3265
before,2,cratopia.txt,16,timeout,250,2534
before,2,cratopia.txt,17,timeout,250,3669
before,2,cratopia.txt,18,timeout,250,3544
before,2,cratopia.txt,19,timeout,250,3165
before,2,cratopia.txt,20,solved,22,31
before,2,cratopia.txt,21,solved,45,0
before,2,cratopia.txt,22,solved,40,0
before,2,cratopia.txt,23,solved,44,0
before,2,cute train.txt,1,timeout,250,101
before,2,der hydra krypta.txt,1,solved,23,21
before,2,der hydra krypta.txt,3,timeout,250,146
before,2,der hydra krypta.txt,5,timeout,250,174
before,2,der hydra krypta.txt,7,timeout,250,91
before,2,der hydra krypta.txt,9,timeout,250,160
before,2,der hydra krypta.txt,11,timeout,250,153
before,2,der hydra krypta.txt,13,solved,0,1
before,2,dice goblin.txt,3,timeout,250,841
before,2,die schoene steinmetzin.txt,1,timeout,250,1389
before,2,die schoene steinmetzin.txt,3,timeout,250,1372
before,2,die schoene steinmetzin.txt,5,timeout,250,1539
before,2,die schoene steinmetzin.txt,7,timeout,250,1678
before,2,die schoene steinmetzin.txt,9,timeout,250,1559
before,2,die schoene steinmetzin.txt,11,timeout,250,1087
before,2,die schoene steinmetzin.txt,13,timeout,250,1154
before,2,die schoene steinmetzin.txt,15,timeout,250,869
before,2,die schoene steinmetzin.txt,16,exhausted,0,1
before,2,diesinthelight.txt,0,solved,15,94
before,2,diesinthelight.txt,1,solved,72,432
before,2,diesinthelight.txt,2,timeout,250,871
before,2,diesinthelight.txt,3,timeout,250,863
before,2,dollyban.txt,1,solved,95,3182
before,2,dollyban.txt,3,solved,102,3417
before,2,dollyban.txt,5,timeout,250,9001
before,2,dollyban.txt,7,timeout,250,8542
before,2,dollyban.txt,9,timeout,250,9774
before,2,dollyban.txt,11,timeout,250,8773
before,2,dollyban.txt,13,solved,170,5653
before,2,dollyban.txt,15,timeout,251,7795
before,2,dollyban.txt,17,timeout,250,8053
before,2,dollyban.txt,19,timeout,250,8533
before,2,dollyban.txt,21,timeout,251,8355
before,2,dollyban.txt,23,timeout,250,7831
before,2,dollyban.txt,25,timeout,250,7803
before,2,dollyban.txt,27,timeout,250,8567
before,2,dollyban.txt,29,timeout,251,7758
before,2,dreizack.txt,1,timeout,250,177
before,2,dreizack.txt,3,timeout,250,175
before,2,dreizack.txt,5,timeout,250,159
before,2,dreizack.txt,6,solved,1,9
before,2,dreizack.txt,7,solved,0,1
before,2,dropswap.txt,3,solved,89,1246
before,2,dropswap.txt,5,solved,86,831
before,2,dropswap.txt,8,timeout,250,1483
before,2,dropswap.txt,12,solved,96,728
before,2,dropswap.txt,14,timeout,250,1741
before,2,dungeon janitor.txt,2,solved,1,22
before,2,dungeon janitor.txt,4,timeout,250,3218
before,2,dungeon janitor.txt,6,timeout,250,2212
before,2,dungeon janitor.txt,9,timeout,250,1315
before,2,easyenigma.txt,0,solved,2,5
before,2,easyenigma.txt,1,solved,0,1
before,2,easyenigma.txt,2,solved,150,455
before,2,easyenigma.txt,3,solved,2,2
before,2,easyenigma.txt,4,solved,1,2
before,2,easyenigma.txt,5,solved,182,363
before,2,easyenigma.txt,6,solved,2,5
before,2,easyenigma.txt,7,solved,3,7
before,2,easyenigma.txt,8,solved,70,99
before,2,easyenigma.txt,9,solved,2,1
before,2,easyenigma.txt,10,solved,6,2
before,2,easyenigma.txt,11,timeout,252,568
before,2,easyenigma.txt,12,solved,8,2
before,2,easyenigma.txt,13,solved,6,13
before,2,easyenigma.txt,14,solved,1,1
before,2,easyenigma.txt,15,solved,2,5
before,2,easyenigma.txt,16,timeout,250,377
before,2,easyenigma.txt,17,timeout,292,1
before,2,easyenigma.txt,18,solved,2,2
before,2,easyenigma.txt,19,timeout,251,154
before,2,easyenigma.txt,20,timeout,252,319
before,2,ecosystem generator.txt,1,timeout,251,1520
before,2,expand also avoid the flames.txt,1,timeout,252,110
before,2,fickle fred.txt,1,solved,4,226
before,2,fickle fred.txt,3,solved,27,1408
before,2,fickle fred.txt,5,timeout,251,10564
before,2,fickle fred.txt,7,solved,69,3331
before,2,fickle fred.txt,9,solved,10,563
before,2,flesh-handed hot casserole delivery bot.txt,1,solved,3,272
before,2,flesh-handed hot casserole delivery bot.txt,2,solved,10,878
before,2,flesh-handed hot casserole delivery bot.txt,4,timeout,251,16593
before,2,flesh-handed hot casserole delivery bot.txt,6,timeout,250,16359
before,2,flesh-handed hot casserole delivery bot.txt,8,solved,20,1546
before,2,flesh-handed hot casserole delivery bot.txt,10,solved,197,13570
before,2,flesh-handed hot casserole delivery bot.txt,12,solved,27,1923
before,2,flesh-handed hot casserole delivery bot.txt,14,solved,64,4331
before,2,flesh-handed hot casserole delivery bot.txt,16,solved,196,13080
before,2,flesh-handed hot casserole delivery bot.txt,18,timeout,252,15493
before,2,gabelstapler.txt,1,solved,106,936
before,2,gabelstapler.txt,3,timeout,250,1895
before,2,gabelstapler.txt,5,timeout,250,1731
before,2,gapfiller.txt,1,solved,10,383
before,2,gapfiller.txt,3,solved,199,4611
before,2,gapfiller.txt,5,solved,11,404
before,2,gapfiller.txt,7,solved,38,1441
before,2,gapfiller.txt,9,solved,2,76
before,2,gapfiller.txt,11,timeout,250,6583
before,2,gapfiller.txt,13,solved,8,332
before,2,gapfiller.txt,15,solved,2,87
before,2,gapfiller.txt,17,solved,110,3993
before,2,gapfiller.txt,19,timeout,250,5816
before,2,gem soketeer.txt,1,solved,184,563
before,2,gem soketeer.txt,3,solved,73,345
before,2,gem soketeer.txt,5,solved,35,111
before,2,gem soketeer.txt,7,solved,30,127
before,2,gem soketeer.txt,9,solved,158,719
before,2,gem soketeer.txt,11,solved,14,53
before,2,gem soketeer.txt,13,timeout,250,980
before,2,gem soketeer.txt,15,timeout,250,864
before,2,gem soketeer.txt,17,timeout,250,617
before,2,gem soketeer.txt,19,timeout,250,857
before,2,gem soketeer.txt,21,timeout,250,549
before,2,gem soketeer.txt,23,timeout,250,492
before,2,gem soketeer.txt,25,timeout,250,902
before,2,gem soketeer.txt,27,timeout,250,661
before,2,gem soketeer.txt,29,timeout,250,1306
before,2,gem soketeer.txt,31,timeout,250,1420
before,2,gem soketeer.txt,33,timeout,250,1426
before,2,gobble_rush.txt,0,solved,1,11
before,2,gobble_rush.txt,1,solved,2,42
before,2,gobble_rush.txt,2,solved,6,121
before,2,gobble_rush.txt,3,solved,70,926
before,2,gobble_rush.txt,4,solved,5,92
before,2,gobble_rush.txt,5,solved,16,259
before,2,gobble_rush.txt,6,solved,17,257
before,2,gobble_rush.txt,7,solved,18,257
before,2,gobble_rush.txt,8,solved,16,253
before,2,gobble_rush.txt,9,solved,40,575
before,2,gobble_rush.txt,10,solved,17,174
before,2,gobble_rush.txt,11,solved,18,225
before,2,gobble_rush.txt,12,solved,29,192
before,2,gobble_rush.txt,13,solved,6,92
before,2,gobble_rush.txt,14,solved,15,222
before,2,gobble_rush.txt,15,solved,3,34
before,2,gobble_rush.txt,16,solved,28,403
before,2,gobble_rush.txt,17,solved,18,264
before,2,gobble_rush.txt,18,solved,32,436
before,2,gobble_rush.txt,19,solved,106,1386
before,2,gobble_rush.txt,20,solved,0,4
before,2,hairtug.txt,1,solved,11,65
before,2,hairtug.txt,4,timeout,250,1605
before,2,hairtug.txt,7,timeout,250,937
before,2,hairtug.txt,10,timeout,250,1399
before,2,hairtug.txt,13,timeout,251,1246
before,2,head skuller.txt,1,solved,16,717
before,2,head skuller.txt,3,solved,117,6231
before,2,head skuller.txt,5,timeout,250,11870
before,2,head skuller.txt,7,solved,83,3927
before,2,head skuller.txt,9,timeout,250,11842
before,2,head skuller.txt,11,timeout,251,10888
before,2,head skuller.txt,13,solved,0,1
before,2,hedgehog stimulator.txt,1,timeout,250,3441
before,2,hedgehog stimulator.txt,3,timeout,250,3377
before,2,hedgehog stimulator.txt,5,solved,211,3142
before,2,hedgehog stimulator.txt,7,timeout,250,3297
before,2,hedgehog stimulator.txt,9,timeout,250,3065
before,2,hedgehog stimulator.txt,11,timeout,250,3576
before,2,hedgehog stimulator.txt,13,solved,221,2657
before,2,hedgehog stimulator.txt,15,timeout,250,2604
before,2,hedgehog stimulator.txt,17,timeout,250,2803
before,2,hedgehog stimulator.txt,19,timeout,250,2947
before,2,hedgehog stimulator.txt,21,timeout,250,2950
before,2,hedgehog stimulator.txt,23,timeout,250,2633
before,2,heroes_of_sokoban.txt,1,solved,0,8
before,2,heroes_of_sokoban.txt,3,solved,14,587
before,2,heroes_of_sokoban.txt,5,solved,0,26
before,2,heroes_of_sokoban.txt,7,timeout,251,8039
before,2,heroes_of_sokoban.txt,9,solved,1,55
before,2,heroes_of_sokoban.txt,10,timeout,250,8038
before,2,heroes_of_sokoban.txt,11,solved,6,257
before,2,heroes_of_sokoban.txt,13,solved,96,2751
before,2,heroes_of_sokoban.txt,14,timeout,252,6718
before,2,heroes_of_sokoban.txt,15,solved,0,17
before,2,heroes_of_sokoban.txt,17,solved,20,372
before,2,heroes_of_sokoban.txt,19,timeout,251,7720
before,2,heroes_of_sokoban.txt,20,timeout,250,8135
before,2,heroes_of_sokoban.txt,21,timeout,251,5264
before,2,heroes_of_sokoban.txt,22,solved,11,361
before,2,heroes_of_sokoban.txt,23,solved,159,5422
before,2,heroes_of_sokoban.txt,24,timeout,251,7118
before,2,heroes_of_sokoban.txt,25,timeout,250,6479
before,2,heroes_of_sokoban.txt,26,timeout,251,8939
before,2,heroes_of_sokoban.txt,27,solved,2,77
before,2,heroes_of_sokoban.txt,28,timeout,251,5848
before,2,heroes_of_sokoban.txt,29,solved,0,10
before,2,heroes_of_sokoban_2.txt,3,timeout,250,3261
before,2,heroes_of_sokoban_2.txt,5,solved,2,35
before,2,heroes_of_sokoban_2.txt,6,solved,4,32
before,2,heroes_of_sokoban_2.txt,8,timeout,250,5597
before,2,heroes_of_sokoban_2.txt,10,solved,6,73
before,2,heroes_of_sokoban_2.txt,12,timeout,250,3085
before,2,heroes_of_sokoban_2.txt,13,solved,149,1817
before,2,heroes_of_sokoban_2.txt,15,solved,6,52
before,2,heroes_of_sokoban_2.txt,17,timeout,250,3977
before,2,heroes_of_sokoban_2.txt,19,timeout,250,4615
before,2,heroes_of_sokoban_2.txt,20,timeout,250,4302
before,2,heroes_of_sokoban_2.txt,21,timeout,250,4224
before,2,heroes_of_sokoban_2.txt,23,solved,1,21
before,2,heroes_of_sokoban_2.txt,24,solved,23,285
before,2,heroes_of_sokoban_2.txt,26,solved,214,2065
before,2,heroes_of_sokoban_2.txt,27,timeout,250,2984
before,2,heroes_of_sokoban_2.txt,28,timeout,250,2800
before,2,heroes_of_sokoban_2.txt,29,timeout,250,3460
before,2,heroes_of_sokoban_2.txt,30,timeout,250,3222
before,2,heroes_of_sokoban_2.txt,31,timeout,250,4228
before,2,heroes_of_sokoban_2.txt,32,timeout,251,4653
before,2,heroes_of_sokoban_2.txt,34,timeout,250,2544
before,2,heroes_of_sokoban_3.txt,3,timeout,250,3225
before,2,heroes_of_sokoban_3.txt,5,solved,30,324
before,2,heroes_of_sokoban_3.txt,6,solved,8,84
before,2,heroes_of_sokoban_3.txt,8,solved,12,114
before,2,heroes_of_sokoban_3.txt,10,solved,232,3546
before,2,heroes_of_sokoban_3.txt,11,solved,104,1649
before,2,heroes_of_sokoban_3.txt,12,solved,25,393
before,2,heroes_of_sokoban_3.txt,13,timeout,250,3465
before,2,heroes_of_sokoban_3.txt,14,timeout,250,3666
before,2,heroes_of_sokoban_3.txt,16,timeout,251,6615
before,2,heroes_of_sokoban_3.txt,17,timeout,251,5258
before,2,heroes_of_sokoban_3.txt,18,timeout,250,4758
before,2,heroes_of_sokoban_3.txt,21,timeout,251,4306
before,2,heroes_of_sokoban_3.txt,22,timeout,250,3642
before,2,heroes_of_sokoban_3.txt,23,timeout,250,7686
before,2,heroes_of_sokoban_3.txt,24,timeout,250,3243
before,2,heroes_of_sokoban_3.txt,25,timeout,250,2734
before,2,heroes_of_sokoban_3.txt,26,timeout,250,4722
before,2,heroes_of_sokoban_3.txt,27,timeout,250,3059
before,2,heroes_of_sokoban_3.txt,28,timeout,250,3050
before,2,heroes_of_sokoban_3.txt,30,timeout,252,2395
before,2,heroes_of_sokoban_3.txt,31,solved,43,530
before,2,hungry kraken.txt,1,timeout,251,1041
before,2,hungry kraken.txt,3,exhausted,0,1
before,2,i am a gust of wind.txt,1,solved,2,76
before,2,i am a gust of wind.txt,3,solved,13,383
before,2,i am a gust of wind.txt,5,solved,7,245
before,2,i am a gust of wind.txt,7,timeout,251,11844
before,2,i sure look tasty.txt,1,timeout,250,145
before,2,i want to grind myself into dust.txt,1,timeout,250,1696
before,2,i want to grind myself into dust.txt,3,timeout,250,1032
before,2,i want to grind myself into dust.txt,5,timeout,250,431
before,2,icecrates.txt,1,solved,0,6
before,2,icecrates.txt,3,solved,1,9
before,2,icecrates.txt,5,solved,4,53
before,2,icecrates.txt,7,solved,94,930
before,2,icecrates.txt,9,solved,35,219
before,2,icecrates.txt,11,timeout,250,1631
before,2,impossible.txt,0,exhausted,0,1
before,2,it dies in the light.txt,0,solved,13,94
before,2,it dies in the light.txt,1,solved,66,432
before,2,it dies in the light.txt,2,timeout,250,944
before,2,it dies in the light.txt,3,timeout,250,1050
before,2,karamell.txt,1,timeout,250,490
before,2,karamell.txt,3,timeout,250,276
before,2,karamell.txt,5,timeout,250,258
before,2,karamell.txt,7,solved,0,1
before,2,kettle.txt,1,solved,2,26
before,2,kettle.txt,4,solved,0,3
before,2,kettle.txt,7,solved,0,3
before,2,kettle.txt,10,solved,4,27
before,2,kettle.txt,13,solved,11,97
before,2,kettle.txt,16,solved,2,26
before,2,kettle.txt,19,solved,51,473
before,2,kettle.txt,22,solved,48,353
before,2,kettle.txt,25,timeout,251,1805
before,2,kettle.txt,28,timeout,250,1871
before,2,kettle.txt,31,timeout,250,1409
before,2,kishoutenketsu.txt,2,solved,22,320
before,2,kishoutenketsu.txt,5,timeout,250,4341
before,2,kishoutenketsu.txt,8,solved,2,41
before,2,kishoutenketsu.txt,11,timeout,250,829
before,2,konsum.txt,1,timeout,250,2472
before,2,kreiseln.txt,1,solved,29,292
before,2,kreiseln.txt,3,timeout,250,4342
before,2,kreiseln.txt,5,timeout,250,3054
before,2,kreiseln.txt,7,timeout,250,3153
before,2,kreiseln.txt,9,timeout,250,2429
before,2,led challenge.txt,1,timeout,250,4767
before,2,led challenge.txt,3,timeout,250,5662
before,2,led challenge.txt,5,timeout,250,5338
before,2,led challenge.txt,7,timeout,250,1404
before,2,ledchallenge.txt,1,timeout,250,4630
before,2,ledchallenge.txt,3,timeout,250,5621
before,2,ledchallenge.txt,5,timeout,250,5366
before,2,ledchallenge.txt,7,timeout,250,1478
before,2,legend of zokoban.txt,0,timeout,250,1849
before,2,limerick.txt,1,solved,2,41
before,2,limerick.txt,3,solved,135,2800
before,2,limerick.txt,5,timeout,251,5323
before,2,limerick.txt,7,solved,14,264
before,2,limerick.txt,9,solved,64,1490
before,2,limerick.txt,11,solved,14,296
before,2,limerick.txt,13,timeout,251,5077
before,2,limerick.txt,15,timeout,251,5152
before,2,limerick.txt,17,solved,51,821
before,2,limerick.txt,19,timeout,250,5304
before,2,m c eschers armageddon.txt,0,solved,0,11
before,2,m c eschers armageddon.txt,1,solved,0,4
before,2,m c eschers armageddon.txt,2,solved,1,12
before,2,m c eschers armageddon.txt,3,solved,39,284
before,2,make way.txt,1,timeout,250,10422
before,2,make way.txt,3,solved,70,3331
before,2,manic_ammo.txt,1,solved,0,9
before,2,manic_ammo.txt,3,solved,0,9
before,2,manic_ammo.txt,5,solved,1,71
before,2,manic_ammo.txt,8,solved,0,9
before,2,manic_ammo.txt,10,solved,174,6607
before,2,manic_ammo.txt,12,solved,3,99
before,2,manic_ammo.txt,14,timeout,250,7045
before,2,manic_ammo.txt,16,solved,71,3210
before,2,manic_ammo.txt,18,solved,1,12
before,2,manic_ammo.txt,20,timeout,250,7409
before,2,manic_ammo.txt,22,solved,38,281
before,2,manic_ammo.txt,24,solved,235,4956
before,2,manic_ammo.txt,26,timeout,250,2129
before,2,manic_ammo.txt,28,timeout,250,1792
before,2,manic_ammo.txt,30,timeout,250,5394
before,2,match three billiards.txt,1,solved,0,4
before,2,match three billiards.txt,3,solved,23,451
before,2,match three billiards.txt,5,solved,31,563
before,2,mazezam.txt,1,solved,1,48
before,2,mazezam.txt,3,solved,2,134
before,2,mazezam.txt,5,solved,4,210
before,2,mazezam.txt,7,solved,11,534
before,2,mazezam.txt,9,solved,13,662
before,2,mazezam.txt,11,solved,13,501
before,2,mazezam.txt,13,solved,27,1121
before,2,mazezam.txt,15,solved,18,763
before,2,mazezam.txt,17,solved,17,709
before,2,mazezam.txt,19,solved,161,3882
before,2,mazezam.txt,21,solved,34,1424
before,2,mazezam.txt,23,timeout,250,7300
before,2,mazezam.txt,25,solved,81,3165
before,2,mazezam.txt,27,solved,68,2557
before,2,mazezam.txt,29,solved,190,8022
before,2,mazezam.txt,31,solved,27,932
before,2,mazezam.txt,33,solved,30,1333
before,2,mazezam.txt,35,timeout,252,9245
before,2,mazezam.txt,37,solved,36,1095
before,2,mazezam.txt,39,solved,125,2661
before,2,mazezam.txt,41,solved,48,1924
before,2,mazezam.txt,43,solved,84,3247
before,2,mazezam.txt,45,solved,44,1874
before,2,mazezam.txt,47,solved,129,5229
before,2,mazezam.txt,49,timeout,251,8399
before,2,mazezam.txt,51,solved,67,2701
before,2,mazezam.txt,53,timeout,250,6243
before,2,mazezam.txt,55,timeout,250,7841
before,2,mazezam.txt,57,timeout,250,6739
before,2,mazezam.txt,59,timeout,250,8358
before,2,message_skip.txt,1,solved,0,1
before,2,midas.txt,0,solved,5,105
before,2,midas.txt,2,solved,19,318
before,2,midas.txt,4,solved,18,285
before,2,midas.txt,6,solved,36,681
before,2,midas.txt,8,timeout,250,3634
before,2,midas.txt,11,timeout,250,2715
before,2,midas.txt,13,timeout,250,3206
before,2,midas.txt,15,timeout,250,2511
before,2,midas.txt,17,timeout,250,2187
before,2,midas.txt,19,timeout,250,1997
before,2,midas.txt,21,timeout,250,2452
before,2,midas.txt,23,timeout,251,3137
before,2,midas.txt,25,solved,133,1609
before,2,midas.txt,27,timeout,250,2318
before,2,midas.txt,29,timeout,250,2759
before,2,moved by leaves of grass.txt,1,timeout,250,295
before,2,multi_level.txt,0,solved,0,1
before,2,multi_level.txt,1,solved,0,1
before,2,newton.txt,1,timeout,251,6088
before,2,newton.txt,3,timeout,250,5874
before,2,newton.txt,5,timeout,250,7776
before,2,no don't eat that.txt,1,timeout,250,73
before,2,no don't eat that.txt,3,timeout,251,63
before,2,no don't eat that.txt,5,timeout,250,44
before,2,no don't eat that.txt,7,timeout,250,42
before,2,no don't eat that.txt,9,timeout,250,55
before,2,no don't eat that.txt,11,timeout,250,22
before,2,no don't eat that.txt,13,timeout,251,24
before,2,no don't eat that.txt,15,timeout,252,23
before,2,no forbidden symbols 2.txt,1,timeout,250,7802
before,2,no forbidden symbols.txt,1,timeout,251,11199
before,2,no heroes necessary.txt,1,solved,24,176
before,2,no heroes necessary.txt,3,solved,9,53
before,2,no heroes necessary.txt,5,solved,46,237
before,2,no heroes necessary.txt,7,solved,9,54
before,2,no heroes necessary.txt,9,solved,146,695
before,2,oh no i accidentally swallowed myself.txt,1,timeout,250,156
before,2,oh no i accidentally swallowed myself.txt,2,solved,0,1
before,2,oh no i accidentally swallowed myself.txt,3,solved,0,1
before,2,oh no i accidentally swallowed myself.txt,4,solved,0,1
before,2,one_move.txt,0,solved,0,1
before,2,paint everything everywhere.txt,1,solved,12,28
before,2,paint everything everywhere.txt,3,solved,38,104
before,2,paint everything everywhere.txt,5,solved,36,20
before,2,paint everything everywhere.txt,7,solved,87,55
before,2,paint everything everywhere.txt,9,solved,241,113
before,2,paint everything everywhere.txt,11,solved,125,129
before,2,paint everything everywhere.txt,13,solved,44,76
before,2,paint everything everywhere.txt,15,solved,53,44
before,2,paint everything everywhere.txt,17,timeout,251,29
before,2,paint everything everywhere.txt,19,solved,23,46
before,2,paint everything everywhere.txt,21,solved,117,110
before,2,paint everything everywhere.txt,23,solved,97,50
before,2,paint everything everywhere.txt,25,solved,167,99
before,2,paint everything everywhere.txt,27,solved,286,81
before,2,paint everything everywhere.txt,29,solved,214,102
before,2,paint everything everywhere.txt,31,solved,161,66
before,2,paint everything everywhere.txt,33,solved,84,51
before,2,paint everything everywhere.txt,35,solved,156,57
before,2,paint everything everywhere.txt,37,timeout,250,439
before,2,paint everything everywhere.txt,39,timeout,251,31
before,2,participating in society.txt,2,timeout,251,1106
before,2,pipe puffer.txt,2,timeout,250,4125
before,2,pipe puffer.txt,4,solved,36,589
before,2,pipe puffer.txt,6,timeout,250,2357
before,2,pipe puffer.txt,8,timeout,250,1786
before,2,pipe puffer.txt,10,timeout,250,3537
before,2,pipe puffer.txt,12,timeout,250,2447
before,2,pipe puffer.txt,14,timeout,250,2744
before,2,pipe puffer.txt,16,solved,11,73
before,2,ponies jumping synchronously.txt,0,solved,0,8
before,2,ponies jumping synchronously.txt,2,solved,0,9
before,2,ponies jumping synchronously.txt,4,solved,0,7
before,2,ponies jumping synchronously.txt,6,solved,0,9
before,2,ponies jumping synchronously.txt,8,solved,2,29
before,2,ponies jumping synchronously.txt,10,solved,23,388
before,2,ponies jumping synchronously.txt,12,solved,1,8
before,2,ponies jumping synchronously.txt,14,solved,19,283
before,2,ponies jumping synchronously.txt,17,timeout,250,2908
before,2,ponies jumping synchronously.txt,19,solved,15,265
before,2,ponies jumping synchronously.txt,21,timeout,250,3117
before,2,ponies jumping synchronously.txt,23,timeout,251,2105
before,2,pupush.txt,1,timeout,250,6744
before,2,push pull.txt,1,solved,8,285
before,2,push pull.txt,3,solved,4,236
before,2,push pull.txt,5,solved,16,876
before,2,push.txt,1,solved,0,6
before,2,push.txt,3,solved,0,13
before,2,push.txt,5,solved,16,566
before,2,push.txt,7,solved,4,110
before,2,push.txt,9,solved,7,243
before,2,push.txt,11,solved,32,884
before,2,push.txt,13,solved,29,663
before,2,push.txt,15,timeout,250,4191
before,2,push.txt,17,timeout,250,4643
before,2,push.txt,19,timeout,250,4473
before,2,push.txt,21,solved,199,3306
before,2,push.txt,23,solved,3,78
before,2,push.txt,25,solved,190,3950
before,2,push.txt,27,solved,243,4707
before,2,push.txt,29,timeout,250,4441
before,2,push.txt,31,solved,85,2397
before,2,push.txt,33,timeout,250,2980
before,2,push.txt,35,timeout,250,2712
before,2,push.txt,37,solved,2,52
before,2,push.txt,39,timeout,251,5091
before,2,push.txt,40,solved,0,4
before,2,pushit.txt,1,solved,116,5171
before,2,pushit.txt,3,timeout,252,6380
before,2,pushit.txt,5,timeout,250,13420
before,2,pushit.txt,7,timeout,250,15652
before,2,puzzles.txt,0,timeout,250,1410
before,2,realtime dog mountain rescue.txt,1,timeout,250,711
before,2,realtime dog mountain rescue.txt,4,timeout,250,622
before,2,realtime dog mountain rescue.txt,7,timeout,250,344
before,2,riverpuzzle.txt,0,timeout,251,36
before,2,robot arm.txt,3,timeout,250,925
before,2,robot arm.txt,5,timeout,259,34
before,2,robot arm.txt,7,timeout,250,1149
before,2,robotarm.txt,3,timeout,250,1073
before,2,robotarm.txt,5,timeout,275,34
before,2,robotarm.txt,7,timeout,250,1132
before,2,sacrament of the river god.txt,1,timeout,250,922
before,2,sacrament of the river god.txt,3,timeout,250,258
before,2,sacrament of the river god.txt,5,timeout,250,754
before,2,sacrament of the river god.txt,7,timeout,250,648
before,2,sacrament of the river god.txt,9,timeout,250,955
before,2,sacrament of the river god.txt,11,timeout,250,179
before,2,sacrament of the river god.txt,13,solved,2,12
before,2,seize the flag.txt,1,timeout,250,653
before,2,seize the flag.txt,3,solved,0,1
before,2,short adventure in sticky wall land.txt,1,timeout,250,1819
before,2,short adventure in sticky wall land.txt,3,timeout,250,1561
before,2,short adventure in sticky wall land.txt,5,timeout,250,1674
before,2,shy snake.txt,1,solved,51,95
before,2,shy snake.txt,3,timeout,250,118
before,2,shy snake.txt,5,timeout,250,124
before,2,slide pull.txt,1,solved,28,1388
before,2,slide pull.txt,3,solved,10,573
before,2,slide pull.txt,5,solved,49,2583
before,2,slide pull.txt,7,timeout,251,11625
before,2,slide pull.txt,9,solved,14,782
before,2,slide pull.txt,11,timeout,252,10533
before,2,slide pull.txt,13,solved,183,6725
before,2,slidings.txt,1,solved,1,39
before,2,slidings.txt,3,solved,0,18
before,2,slidings.txt,5,solved,1,38
before,2,slidings.txt,7,solved,2,82
before,2,slidings.txt,9,solved,6,234
before,2,slidings.txt,11,solved,237,6268
before,2,slidings.txt,13,solved,166,5247
before,2,slidings.txt,15,solved,163,6209
before,2,slidings.txt,17,timeout,251,6864
before,2,slidings.txt,19,solved,74,1895
before,2,slidings.txt,21,solved,93,2959
before,2,slime vat filler.txt,2,solved,4,229
before,2,slime vat filler.txt,4,solved,0,39
before,2,slime vat filler.txt,6,solved,2,125
before,2,slime vat filler.txt,8,solved,1,89
before,2,slime vat filler.txt,10,solved,2,127
before,2,slime vat filler.txt,12,solved,161,7121
before,2,slime vat filler.txt,14,solved,9,550
before,2,slime vat filler.txt,16,timeout,250,9705
before,2,slime vat filler.txt,18,solved,151,5783
before,2,slime vat filler.txt,21,solved,56,3131
before,2,slime vat filler.txt,23,solved,0,1
before,2,slot machine.txt,1,solved,84,620
before,2,slot machine.txt,3,timeout,250,1508
before,2,smother.txt,2,solved,15,265
before,2,smother.txt,4,solved,23,499
before,2,smother.txt,6,solved,34,765
before,2,smother.txt,8,solved,37,415
before,2,smother.txt,10,solved,85,781
before,2,smother.txt,14,solved,0,6
before,2,smother.txt,16,solved,1,32
before,2,smother.txt,18,solved,1,36
before,2,smother.txt,20,solved,10,276
before,2,smother.txt,22,solved,11,334
before,2,smother.txt,26,solved,30,536
before,2,smother.txt,28,solved,140,1909
before,2,smother.txt,30,solved,19,317
before,2,smother.txt,32,timeout,250,682
before,2,smother.txt,34,timeout,250,2414
before,2,smother.txt,37,solved,0,4
before,2,snkaey makes a sixy.txt,0,timeout,250,3415
before,2,snkaey makes a sixy.txt,2,exhausted,0,1
before,2,snortal.txt,0,timeout,250,5378
before,2,sok7.txt,0,timeout,250,1285
before,2,sokobansokobansokoban.txt,1,timeout,251,5704
before,2,sokobond demake.txt,2,solved,3,38
before,2,sokobond demake.txt,4,solved,1,18
before,2,sokobond demake.txt,6,solved,1,16
before,2,sokobond demake.txt,8,solved,1,20
before,2,sokobond demake.txt,10,solved,5,64
before,2,sokobond demake.txt,12,solved,2,49
before,2,sokobond demake.txt,14,solved,15,300
before,2,sokobond demake.txt,16,solved,4,81
before,2,sokobond demake.txt,18,solved,39,830
before,2,sokobond demake.txt,20,solved,35,748
before,2,sokobond demake.txt,22,solved,22,588
before,2,sokobond demake.txt,24,timeout,250,5460
before,2,sokobond demake.txt,26,solved,18,615
before,2,sokobond demake.txt,28,timeout,250,8390
before,2,sokobond demake.txt,30,timeout,251,8509
before,2,sokogoban.txt,2,timeout,250,1214
before,2,sokogoban.txt,4,timeout,250,800
before,2,sokogoban.txt,6,timeout,250,455
before,2,stick_candy_puzzle_saga.txt,1,solved,133,2971
before,2,stick_candy_puzzle_saga.txt,2,timeout,250,4575
before,2,stick_candy_puzzle_saga.txt,4,timeout,251,3364
before,2,stick_candy_puzzle_saga.txt,5,timeout,250,3056
before,2,stick_candy_puzzle_saga.txt,6,timeout,250,3560
before,2,stick_candy_puzzle_saga.txt,7,timeout,250,4161
before,2,stick_candy_puzzle_saga.txt,8,timeout,250,3484
before,2,stick_candy_puzzle_saga.txt,9,timeout,250,4817
before,2,stick_candy_puzzle_saga.txt,10,timeout,250,3526
before,2,stick_candy_puzzle_saga.txt,11,timeout,250,3928
before,2,stick_candy_puzzle_saga.txt,12,timeout,250,3292
before,2,stick_candy_puzzle_saga.txt,13,timeout,250,3738
before,2,stick_candy_puzzle_saga.txt,14,timeout,250,4624
before,2,stick_candy_puzzle_saga.txt,15,timeout,250,3712
before,2,stick_candy_puzzle_saga.txt,16,timeout,250,3557
before,2,stick_candy_puzzle_saga.txt,17,timeout,250,3672
before,2,stick_candy_puzzle_saga.txt,18,timeout,250,3638
before,2,stick_candy_puzzle_saga.txt,19,timeout,250,2487
before,2,stick_candy_puzzle_saga.txt,20,timeout,250,3178
before,2,stick_candy_puzzle_saga.txt,21,timeout,250,1959
before,2,sum three horizontally to 8.txt,4,solved,1,15
before,2,sum three horizontally to 8.txt,6,solved,1,8
before,2,sum three horizontally to 8.txt,8,solved,1,6
before,2,sum three horizontally to 8.txt,10,solved,3,13
before,2,sum three horizontally to 8.txt,13,solved,3,26
before,2,sum three horizontally to 8.txt,15,solved,32,473
before,2,sum three horizontally to 8.txt,17,solved,3,19
before,2,sum three horizontally to 8.txt,19,solved,11,109
before,2,sum three horizontally to 8.txt,22,solved,66,623
before,2,sum three horizontally to 8.txt,24,solved,7,107
before,2,sum three horizontally to 8.txt,26,solved,30,415
before,2,sum three horizontally to 8.txt,28,solved,29,304
before,2,sum three horizontally to 8.txt,31,timeout,250,648
before,2,take heart lass.txt,1,solved,0,3
before,2,take heart lass.txt,3,solved,4,25
before,2,take heart lass.txt,5,solved,1,8
before,2,take heart lass.txt,7,solved,4,28
before,2,take heart lass.txt,9,solved,129,1256
before,2,take heart lass.txt,11,solved,12,120
before,2,take heart lass.txt,13,solved,47,361
before,2,take heart lass.txt,15,timeout,250,2084
before,2,take heart lass.txt,17,solved,8,49
before,2,take heart lass.txt,19,solved,71,512
before,2,take heart lass.txt,21,solved,114,761
before,2,take heart lass.txt,23,timeout,250,1035
before,2,talo pipi 2.txt,1,timeout,250,1126
before,2,talo pipi 2.txt,3,timeout,250,2076
before,2,talo pipi 2.txt,5,timeout,250,1198
before,2,talo pipi 2.txt,7,timeout,250,1591
before,2,talo pipi 2.txt,9,timeout,250,2142
before,2,talo pipi 2.txt,11,timeout,250,1017
before,2,talo pipi 2.txt,13,timeout,250,904
before,2,talo pipi 2.txt,15,timeout,250,864
before,2,talo pipi 2.txt,17,solved,0,1
before,2,the exit is under my left foot.txt,1,solved,141,102
before,2,the red ring of immortality.txt,1,solved,6,226
before,2,the red ring of immortality.txt,3,solved,46,1354
before,2,the red ring of immortality.txt,5,solved,1,52
before,2,the red ring of immortality.txt,7,solved,58,1633
before,2,the red ring of immortality.txt,9,solved,5,213
before,2,the red ring of immortality.txt,11,solved,9,332
before,2,the red ring of immortality.txt,13,solved,96,2759
before,2,the red ring of immortality.txt,15,solved,14,424
before,2,the red ring of immortality.txt,17,solved,76,2173
before,2,the red ring of immortality.txt,19,solved,8,264
before,2,the red ring of immortality.txt,21,solved,0,21
before,2,the red ring of immortality.txt,23,solved,0,2
before,2,the_saga_of_the_candy_scroll.txt,6,solved,4,106
before,2,the_saga_of_the_candy_scroll.txt,10,solved,0,8
before,2,the_saga_of_the_candy_scroll.txt,14,solved,0,4
before,2,the_saga_of_the_candy_scroll.txt,18,solved,26,551
before,2,the_saga_of_the_candy_scroll.txt,20,timeout,250,5157
before,2,the_saga_of_the_candy_scroll.txt,22,solved,5,104
before,2,the_saga_of_the_candy_scroll.txt,26,solved,39,832
before,2,the_saga_of_the_candy_scroll.txt,28,timeout,250,4457
before,2,the_saga_of_the_candy_scroll.txt,31,solved,100,1273
before,2,the_saga_of_the_candy_scroll.txt,35,timeout,251,3857
before,2,the_saga_of_the_candy_scroll.txt,46,solved,0,3
before,2,the_saga_of_the_candy_scroll.txt,50,solved,2,54
before,2,the_saga_of_the_candy_scroll.txt,53,solved,29,723
before,2,the_saga_of_the_candy_scroll.txt,55,solved,119,2683
before,2,the_saga_of_the_candy_scroll.txt,58,timeout,250,4962
before,2,the_saga_of_the_candy_scroll.txt,61,timeout,251,4953
before,2,the_saga_of_the_candy_scroll.txt,64,timeout,250,4809
before,2,the_saga_of_the_candy_scroll.txt,66,timeout,250,5190
before,2,the_saga_of_the_candy_scroll.txt,68,timeout,252,5575
before,2,the_saga_of_the_candy_scroll.txt,70,timeout,250,4507
before,2,the_saga_of_the_candy_scroll.txt,78,timeout,250,4112
before,2,the_saga_of_the_candy_scroll.txt,80,timeout,251,3735
before,2,the_saga_of_the_candy_scroll.txt,82,timeout,250,3137
before,2,the_saga_of_the_candy_scroll.txt,85,timeout,250,3680
before,2,the_saga_of_the_candy_scroll.txt,89,timeout,251,3099
before,2,the_saga_of_the_candy_scroll.txt,98,timeout,250,4726
before,2,the_saga_of_the_candy_scroll.txt,102,timeout,250,3174
before,2,the_saga_of_the_candy_scroll.txt,106,timeout,251,2496
before,2,the_saga_of_the_candy_scroll.txt,112,timeout,250,3146
before,2,the_saga_of_the_candy_scroll.txt,116,solved,38,501
before,2,threes.txt,0,timeout,250,365
before,2,tiny treasure hunt.txt,1,timeout,250,70
before,2,tiny treasure hunt.txt,3,timeout,250,22
before,2,tiny treasure hunt.txt,5,timeout,250,27
before,2,tiny treasure hunt.txt,7,timeout,250,93
before,2,tiny treasure hunt.txt,9,timeout,251,32
before,2,tiny treasure hunt.txt,11,timeout,250,78
before,2,tiny treasure hunt.txt,13,timeout,250,32
before,2,tunnel rat.txt,1,timeout,250,280
before,2,tunnel rat.txt,3,timeout,250,155
before,2,unclean residues.txt,2,timeout,251,5852
before,2,unclean residues.txt,4,timeout,250,6886
before,2,unclean residues.txt,6,timeout,251,7670
before,2,unclean residues.txt,8,timeout,250,6530
before,2,unclean residues.txt,10,timeout,250,5785
before,2,unclean residues.txt,13,solved,134,3677
before,2,unewton.txt,2,timeout,251,4248
before,2,unewton.txt,4,timeout,250,6580
before,2,unewton.txt,6,timeout,250,4878
before,2,unewton.txt,8,timeout,250,3258
before,2,whaleworld.txt,1,solved,23,120
before,2,whaleworld.txt,3,solved,21,240
before,2,whaleworld.txt,5,solved,123,878
before,2,whaleworld.txt,7,solved,221,1685
before,2,whaleworld.txt,9,timeout,250,1108
before,2,whaleworld.txt,11,timeout,250,959
before,2,whaleworld.txt,13,timeout,250,774
before,2,whaleworld.txt,15,timeout,250,1180
before,2,witch lifter.txt,1,timeout,250,1380
before,2,witch lifter.txt,3,solved,129,564
before,2,witch lifter.txt,5,timeout,250,1313
before,2,witch lifter.txt,7,timeout,250,1259
before,2,witch lifter.txt,9,timeout,250,1413
before,2,witch lifter.txt,11,timeout,250,1847
before,2,witch lifter.txt,13,timeout,250,776
before,2,witch lifter.txt,15,timeout,250,1091
before,2,wool-clawer.txt,1,timeout,250,1046
before,2,wool-clawer.txt,3,timeout,250,1008
before,2,wool-clawer.txt,5,timeout,250,429
before,2,wool-clawer.txt,7,timeout,250,290
before,2,wool-clawer.txt,9,timeout,250,382
before,2,wool-clawer.txt,11,timeout,250,343
before,2,you can't make this up.txt,1,timeout,250,3999
before,2,you complete me.txt,0,timeout,251,3421
before,2,zokoban.txt,0,timeout,250,1938
before,3,15 push pull levels.txt,1,solved,20,1342
before,3,15 push pull levels.txt,3,solved,2,137
before,3,15 push pull levels.txt,5,solved,85,5517
before,3,15 push pull levels.txt,7,solved,121,7643
before,3,15 push pull levels.txt,9,solved,66,4319
before,3,15 push pull levels.txt,11,solved,24,1565
before,3,15 push pull levels.txt,13,solved,21,1376
before,3,15 push pull levels.txt,15,solved,33,2195
before,3,15 push pull levels.txt,17,solved,26,1730
before,3,15 push pull levels.txt,19,solved,131,7849
before,3,15 push pull levels.txt,21,timeout,251,15252
before,3,15 push pull levels.txt,23,solved,214,13036
before,3,15 push pull levels.txt,25,solved,196,12036
before,3,15 push pull levels.txt,27,timeout,251,15217
before,3,15 push pull levels.txt,29,timeout,251,15752
before,3,5-junctions-maker.txt,1,timeout,250,457
before,3,5-junctions-maker.txt,3,solved,0,1
before,3,8 happy snakes.txt,1,solved,0,10
before,3,8 happy snakes.txt,3,solved,27,346
before,3,8 happy snakes.txt,5,solved,6,91
before,3,8 happy snakes.txt,7,solved,47,465
before,3,8 happy snakes.txt,9,timeout,252,6892
before,3,8 happy snakes.txt,11,timeout,252,5461
before,3,8 happy snakes.txt,13,timeout,253,5564
before,3,8 happy snakes.txt,15,timeout,251,1887
before,3,ALL GREEN TO BLUE.txt,1,solved,0,36
before,3,ALL GREEN TO BLUE.txt,3,solved,170,8191
before,3,ALL GREEN TO BLUE.txt,5,solved,78,4892
before,3,ALL GREEN TO BLUE.txt,7,solved,55,3260
before,3,ALL GREEN TO BLUE.txt,9,solved,29,1376
before,3,ALL GREEN TO BLUE.txt,11,timeout,252,11915
before,3,ALL GREEN TO BLUE.txt,13,solved,148,10966
before,3,ALL GREEN TO BLUE.txt,15,solved,2,188
before,3,ALL GREEN TO BLUE.txt,17,timeout,252,17591
before,3,ALL GREEN TO BLUE.txt,19,solved,11,884
before,3,ALL GREEN TO BLUE.txt,21,solved,3,89
before,3,Acorn Scorchery Paradise.txt,1,solved,9,489
before,3,Acorn Scorchery Paradise.txt,3,solved,6,380
before,3,Acorn Scorchery Paradise.txt,5,solved,21,1219
before,3,Acorn Scorchery Paradise.txt,7,solved,7,454
before,3,Acorn Scorchery Paradise.txt,9,solved,27,1545
before,3,All Green and Blue on Yellow.txt,1,solved,2,200
before,3,All Green and Blue on Yellow.txt,3,solved,2,166
before,3,All Green and Blue on Yellow.txt,5,solved,14,1249
before,3,All Green and Blue on Yellow.txt,7,solved,15,1343
before,3,All Green and Blue on Yellow.txt,9,solved,15,1260
before,3,Any hole is a goal.txt,1,solved,6,17
before,3,Any hole is a goal.txt,3,solved,175,802
before,3,Any hole is a goal.txt,5,timeout,250,797
before,3,Any hole is a goal.txt,7,solved,168,748
before,3,Any hole is a goal.txt,9,timeout,250,1069
before,3,Any hole is a goal.txt,11,timeout,250,1095
before,3,Any hole is a goal.txt,13,timeout,250,875
before,3,Any hole is a goal.txt,15,timeout,250,852
before,3,Any hole is a goal.txt,17,timeout,250,1063
before,3,Any hole is a goal.txt,19,timeout,250,1076
before,3,Any hole is a goal.txt,21,timeout,250,922
before,3,Any hole is a goal.txt,23,solved,216,1037
before,3,Any hole is a goal.txt,25,timeout,250,1012
before,3,Any hole is a goal.txt,27,timeout,250,617
before,3,Any hole is a goal.txt,29,timeout,250,1024
before,3,Any hole is a goal.txt,31,timeout,250,1125
before,3,Any hole is a goal.txt,33,timeout,250,1039
before,3,Any hole is a goal.txt,35,timeout,250,922
before,3,Any hole is a goal.txt,37,timeout,250,500
before,3,Any hole is a goal.txt,39,timeout,250,928
before,3,Any hole is a goal.txt,41,timeout,250,1143
before,3,Any hole is a goal.txt,43,timeout,250,646
before,3,Any hole is a goal.txt,45,timeout,250,483
before,3,Any hole is a goal.txt,47,timeout,250,1085
before,3,Any hole is a goal.txt,49,timeout,250,1098
before,3,Any hole is a goal.txt,51,timeout,250,878
before,3,Any hole is a goal.txt,53,timeout,250,816
before,3,Any hole is a goal.txt,55,timeout,250,1119
before,3,Any hole is a goal.txt,57,timeout,250,1057
before,3,Any hole is a goal.txt,59,timeout,250,889
before,3,Any hole is a goal.txt,61,timeout,250,811
before,3,Any hole is a goal.txt,63,timeout,250,986
before,3,Any hole is a goal.txt,65,timeout,250,1112
before,3,Any hole is a goal.txt,67,timeout,250,987
before,3,Any hole is a goal.txt,69,timeout,250,1026
before,3,Attractor Net.txt,1,solved,87,2014
before,3,Attractor Net.txt,3,solved,106,2769
before,3,Attractor Net.txt,5,solved,6,162
before,3,Attractor Net.txt,7,solved,19,523
before,3,Attractor Net.txt,9,solved,56,1433
before,3,Attractor Net.txt,11,solved,20,571
before,3,Attractor Net.txt,13,solved,121,3034
before,3,Attractor Net.txt,15,solved,67,1772
before,3,Attractor Net.txt,17,solved,1,20
before,3,Attractor Net.txt,19,solved,61,1642
before,3,BIAXIAL INVASION OF SATURN.txt,3,solved,109,523
before,3,BIAXIAL INVASION OF SATURN.txt,5,timeout,250,788
before,3,BIAXIAL INVASION OF SATURN.txt,7,timeout,250,525
before,3,BIAXIAL INVASION OF SATURN.txt,9,timeout,250,534
before,3,BIAXIAL INVASION OF SATURN.txt,11,timeout,250,487
before,3,BIAXIAL INVASION OF SATURN.txt,13,solved,188,444
before,3,BIAXIAL INVASION OF SATURN.txt,15,timeout,250,591
before,3,BIAXIAL INVASION OF SATURN.txt,17,timeout,250,273
before,3,BIAXIAL INVASION OF SATURN.txt,19,timeout,250,128
before,3,BIAXIAL INVASION OF SATURN.txt,21,timeout,251,125
before,3,BIAXIAL INVASION OF SATURN.txt,23,timeout,250,171
before,3,BIAXIAL INVASION OF SATURN.txt,25,timeout,252,19
before,3,BIAXIAL INVASION OF SATURN.txt,28,solved,0,1
before,3,BIAXIAL INVASION OF SATURN.txt,29,solved,0,1
before,3,BIAXIAL INVASION OF SATURN.txt,30,solved,0,1
before,3,BIAXIAL INVASION OF SATURN.txt,31,solved,1,1
before,3,Bicycle-Kick Football.txt,1,solved,220,621
before,3,Bicycle-Kick Football.txt,4,solved,10,91
before,3,Bicycle-Kick Football.txt,7,solved,117,685
before,3,Bicycle-Kick Football.txt,10,timeout,250,2234
before,3,Bicycle-Kick Football.txt,13,timeout,250,1095
before,3,Bicycle-Kick Football.txt,16,timeout,250,1933
before,3,Bring the ice cube to the goal without exposing it to heat.txt,1,timeout,250,628
before,3,CODEX LUBRICUS.txt,2,solved,32,130
before,3,CODEX LUBRICUS.txt,4,solved,40,93
before,3,CODEX LUBRICUS.txt,6,solved,47,73
before,3,CODEX LUBRICUS.txt,8,solved,25,93
before,3,CODEX LUBRICUS.txt,10,solved,68,113
before,3,CODEX LUBRICUS.txt,12,solved,52,149
before,3,CODEX LUBRICUS.txt,14,solved,46,111
before,3,CODEX LUBRICUS.txt,16,solved,44,118
before,3,CODEX LUBRICUS.txt,18,solved,65,105
before,3,CODEX LUBRICUS.txt,20,solved,73,115
before,3,CODEX LUBRICUS.txt,22,solved,50,112
before,3,CODEX LUBRICUS.txt,24,solved,48,116
before,3,CODEX LUBRICUS.txt,26,solved,62,108
before,3,CODEX LUBRICUS.txt,28,solved,66,104
before,3,CODEX LUBRICUS.txt,30,solved,80,131
before,3,CODEX LUBRICUS.txt,32,solved,166,275
before,3,CODEX LUBRICUS.txt,34,solved,85,122
before,3,CODEX LUBRICUS.txt,36,solved,58,164
before,3,CODEX LUBRICUS.txt,38,solved,48,102
before,3,CODEX LUBRICUS.txt,40,solved,150,262
before,3,Chevron Lodger.txt,1,solved,2,67
before,3,Chevron Lodger.txt,3,solved,50,1755
before,3,Chevron Lodger.txt,5,solved,168,5035
before,3,Chevron Lodger.txt,7,solved,24,823
before,3,Chevron Lodger.txt,9,solved,227,7084
before,3,Chevron Lodger.txt,11,timeout,251,6308
before,3,Crates move when you move.txt,1,solved,3,138
before,3,Crates move when you move.txt,3,solved,1,73
before,3,Crates move when you move.txt,5,solved,1,49
before,3,Crates move when you move.txt,7,solved,3,115
before,3,Crates move when you move.txt,9,solved,1,71
before,3,Crates move when you move.txt,11,solved,0,3
before,3,Crates move when you move.txt,13,solved,9,348
before,3,Crates move when you move.txt,15,solved,6,230
before,3,Crates move when you move.txt,17,solved,2,93
before,3,Crates move when you move.txt,19,solved,9,415
before,3,Cucumber Surprise.txt,2,solved,5,259
before,3,Cucumber Surprise.txt,5,solved,6,201
before,3,Cucumber Surprise.txt,7,solved,30,1178
before,3,Cucumber Surprise.txt,9,solved,77,2499
before,3,Cucumber Surprise.txt,11,solved,211,7606
before,3,Cucumber Surprise.txt,13,solved,32,1163
before,3,Cucumber Surprise.txt,15,solved,55,2202
before,3,Cucumber Surprise.txt,17,solved,23,916
before,3,Cucumber Surprise.txt,19,solved,34,1311
before,3,Cucumber Surprise.txt,21,solved,239,8142
before,3,Cucumber Surprise.txt,23,solved,89,3449
before,3,Cucumber Surprise.txt,25,solved,31,1243
before,3,Cucumber Surprise.txt,27,solved,201,7437
before,3,Cucumber Surprise.txt,29,solved,24,731
before,3,Cucumber Surprise.txt,31,solved,68,2119
before,3,Cucumber Surprise.txt,33,solved,92,3415
before,3,Cucumber Surprise.txt,35,solved,50,1727
before,3,Cucumber Surprise.txt,37,solved,23,812
before,3,Cucumber Surprise.txt,39,solved,91,2968
before,3,Cucumber Surprise.txt,41,timeout,250,7963
before,3,Des Poseidons Dreizack.txt,1,timeout,250,189
before,3,Des Poseidons Dreizack.txt,3,timeout,250,172
before,3,Des Poseidons Dreizack.txt,5,timeout,250,166
before,3,Des Poseidons Dreizack.txt,6,solved,0,9
before,3,Des Poseidons Dreizack.txt,7,solved,0,1
before,3,Don't let your goals slip away.txt,1,solved,1,63
before,3,Don't let your goals slip away.txt,3,solved,93,4881
before,3,Don't let your goals slip away.txt,5,solved,2,121
before,3,Don't let your goals slip away.txt,7,solved,9,512
before,3,Don't let your goals slip away.txt,9,solved,22,1317
before,3,Don't let your goals slip away.txt,11,solved,111,5817
before,3,Don't let your goals slip away.txt,13,solved,43,2187
before,3,Don't let your goals slip away.txt,15,solved,157,7721
before,3,Double-Entry Bookkeeping Simulator.txt,1,timeout,250,1509
before,3,Double-Entry Bookkeeping Simulator.txt,3,timeout,250,832
before,3,Double-Entry Bookkeeping Simulator.txt,5,timeout,250,1675
before,3,Double-Entry Bookkeeping Simulator.txt,7,timeout,250,975
before,3,Double-Entry Bookkeeping Simulator.txt,9,timeout,250,993
before,3,Double-Entry Bookkeeping Simulator.txt,11,timeout,250,638
before,3,Double-Entry Bookkeeping Simulator.txt,13,timeout,250,378
before,3,Double-Entry Bookkeeping Simulator.txt,15,timeout,250,472
before,3,Double-Entry Bookkeeping Simulator.txt,17,timeout,250,1772
before,3,Explodoban.txt,1,solved,11,437
before,3,Explodoban.txt,3,solved,11,320
before,3,Explodoban.txt,5,solved,65,3082
before,3,Explodoban.txt,7,solved,149,5873
before,3,Explodoban.txt,9,solved,81,3907
before,3,Explodoban.txt,11,solved,66,2959
before,3,Explodoban.txt,13,timeout,251,11015
before,3,Eyeball-watching flowers bloom.txt,1,solved,1,53
before,3,Eyeball-watching flowers bloom.txt,3,solved,184,4076
before,3,Eyeball-watching flowers bloom.txt,5,timeout,250,4972
before,3,Garten der Medusen.txt,1,solved,6,6
before,3,Garten der Medusen.txt,3,solved,5,4
before,3,Garten der Medusen.txt,5,solved,7,6
before,3,Garten der Medusen.txt,7,timeout,250,295
before,3,Garten der Medusen.txt,9,timeout,250,168
before,3,Garten der Medusen.txt,11,timeout,250,174
before,3,Garten der Medusen.txt,13,timeout,250,53
before,3,Garten der Medusen.txt,15,timeout,251,75
before,3,Hole-Stuffer.txt,1,timeout,250,3249
before,3,Hole-Stuffer.txt,3,timeout,250,3028
before,3,Hole-Stuffer.txt,5,solved,11,178
before,3,Hole-Stuffer.txt,7,timeout,250,2877
before,3,"Individuals can produce a society, but can a society produce individuals.txt",1,timeout,251,519
before,3,It gets its Feet Wet.txt,1,timeout,250,282
before,3,Legend of Swixero.txt,1,solved,6,369
before,3,Legend of Swixero.txt,3,solved,26,1444
before,3,Legend of Swixero.txt,5,solved,9,450
before,3,Legend of Swixero.txt,7,timeout,251,11052
before,3,Legend of Swixero.txt,9,timeout,251,11190
before,3,Match two two by twos.txt,2,timeout,250,1551
before,3,Match two two by twos.txt,4,timeout,250,935
before,3,Match two two by twos.txt,6,timeout,250,1042
before,3,Match-Maker.txt,1,solved,30,1111
before,3,Match-Maker.txt,3,solved,2,66
before,3,Match-Maker.txt,5,solved,7,214
before,3,Match-Maker.txt,7,solved,219,4771
before,3,Match-Maker.txt,9,timeout,250,5259
before,3,Match-Maker.txt,11,timeout,250,5462
before,3,Match-Maker.txt,13,solved,173,3402
before,3,Match-Maker.txt,15,solved,220,4839
before,3,Match-Maker.txt,17,timeout,250,4839
before,3,Microban x 10.txt,2,timeout,250,342
before,3,Muraphilic Monophobic Multiban.txt,1,timeout,252,11109
before,3,Muraphilic Monophobic Multiban.txt,3,solved,0,6
before,3,Muraphilic Monophobic Multiban.txt,5,solved,10,390
before,3,Muraphilic Monophobic Multiban.txt,7,solved,99,4207
before,3,Muraphilic Monophobic Multiban.txt,9,timeout,252,10110
before,3,Muraphilic Monophobic Multiban.txt,11,solved,60,2039
before,3,Muraphilic Monophobic Multiban.txt,13,solved,25,1149
before,3,Muraphilic Monophobic Multiban.txt,15,timeout,251,9083
before,3,NIGHTMARECROBAN.txt,1,solved,6,309
before,3,NIGHTMARECROBAN.txt,3,solved,35,1682
before,3,NIGHTMARECROBAN.txt,5,solved,25,1170
before,3,NIGHTMARECROBAN.txt,7,solved,7,387
before,3,NIGHTMARECROBAN.txt,9,solved,11,515
before,3,NIGHTMARECROBAN.txt,11,solved,33,1605
before,3,NIGHTMARECROBAN.txt,13,solved,91,3677
before,3,Neoprenanzieher.txt,2,timeout,250,570
before,3,North Wind Simple Sailboat Buoy Collection.txt,2,exhausted,1,9
before,3,North Wind Simple Sailboat Buoy Collection.txt,4,exhausted,2,9
before,3,North Wind Simple Sailboat Buoy Collection.txt,6,exhausted,1,9
before,3,Oh No My Dog Is About To Swallow A Piece Of.txt,1,timeout,250,136
before,3,Place the crate on the targets.txt,1,timeout,251,1439
before,3,Pocket Gopher - Root-Shoot Nibbler.txt,2,timeout,250,1628
before,3,Pocket Gopher - Root-Shoot Nibbler.txt,5,timeout,250,1135
before,3,Pocket Gopher - Root-Shoot Nibbler.txt,8,timeout,250,1446
before,3,Pocket Gopher - Root-Shoot Nibbler.txt,11,timeout,250,877
before,3,Pocket Gopher - Root-Shoot Nibbler.txt,14,timeout,250,1150
before,3,Pushy-V Pully-H.txt,1,solved,10,664
before,3,Pushy-V Pully-H.txt,3,solved,0,25
before,3,Pushy-V Pully-H.txt,5,solved,14,866
before,3,Pushy-V Pully-H.txt,7,solved,27,1738
before,3,Pushy-V Pully-H.txt,9,solved,0,14
before,3,Pushy-V Pully-H.txt,11,solved,1,109
before,3,Pushy-V Pully-H.txt,13,solved,1,78
before,3,Pushy-V Pully-H.txt,15,solved,73,3497
before,3,Pushy-V Pully-H.txt,17,solved,46,2857
before,3,Pushy-V Pully-H.txt,19,solved,1,72
before,3,Pushy-V Pully-H.txt,21,solved,184,9302
before,3,"Put the logs in the water, elephant.txt",1,timeout,250,3395
before,3,"Put the logs in the water, elephant.txt",4,solved,51,770
before,3,"Put the logs in the water, elephant.txt",7,timeout,250,3563
before,3,"Put the logs in the water, elephant.txt",10,solved,101,1313
before,3,"Put the logs in the water, elephant.txt",13,timeout,250,3029
before,3,"Put the logs in the water, elephant.txt",16,timeout,250,3876
before,3,"Put the logs in the water, elephant.txt",19,timeout,250,2746
before,3,"Put the logs in the water, elephant.txt",22,timeout,250,4107
before,3,Putting Bicycle Helmets on Young Children.txt,1,timeout,250,205
before,3,Putting Bicycle Helmets on Young Children.txt,3,timeout,253,99
before,3,Putting Bicycle Helmets on Young Children.txt,5,timeout,257,88
before,3,Recondite Star Sector Sigma.txt,1,solved,10,644
before,3,Recondite Star Sector Sigma.txt,3,solved,155,7848
before,3,Recondite Star Sector Sigma.txt,5,solved,119,6910
before,3,Recondite Star Sector Sigma.txt,7,solved,212,9804
before,3,Recondite Star Sector Sigma.txt,9,solved,153,9178
before,3,Recondite Star Sector Sigma.txt,11,solved,21,1338
before,3,Recondite Star Sector Sigma.txt,13,solved,216,12443
before,3,Recondite Star Sector Sigma.txt,15,solved,69,3835
before,3,Recondite Star Sector Sigma.txt,17,solved,247,13908
before,3,Recondite Star Sector Sigma.txt,19,solved,29,1580
before,3,Resin-Caster.txt,2,solved,15,1014
before,3,Resin-Caster.txt,4,solved,11,729
before,3,Resin-Caster.txt,6,solved,30,2010
before,3,Resin-Caster.txt,8,solved,66,4444
before,3,Resin-Caster.txt,10,solved,12,762
before,3,Resin-Caster.txt,12,solved,22,1470
before,3,Resin-Caster.txt,14,solved,64,3899
before,3,Resin-Caster.txt,16,solved,12,576
before,3,Resin-Caster.txt,18,solved,22,1073
before,3,Resin-Caster.txt,20,solved,24,1472
before,3,S-tercourse.txt,1,timeout,250,1970
before,3,S-tercourse.txt,3,solved,38,357
before,3,S-tercourse.txt,5,solved,31,302
before,3,S-tercourse.txt,7,timeout,250,2226
before,3,S-tercourse.txt,9,timeout,250,2336
before,3,S-tercourse.txt,11,timeout,250,2200
before,3,S-tercourse.txt,13,timeout,250,2412
before,3,S-tercourse.txt,15,timeout,250,2109
before,3,S-tercourse.txt,17,timeout,250,2211
before,3,S-tercourse.txt,19,timeout,250,1945
before,3,S-tercourse.txt,21,timeout,250,2581
before,3,S-tercourse.txt,23,timeout,250,2627
before,3,SWIMMING TIME.txt,2,timeout,250,413
before,3,Scalesoban.txt,1,solved,0,14
before,3,Scalesoban.txt,3,solved,2,91
before,3,Scalesoban.txt,5,solved,17,858
before,3,Schleimban.txt,1,solved,22,306
before,3,Schleimban.txt,3,solved,50,768
before,3,Schleimban.txt,5,solved,48,548
before,3,Schleimban.txt,7,solved,70,1018
before,3,Schleimban.txt,9,solved,36,503
before,3,Schleimban.txt,11,solved,0,1
before,3,Subway upholstry snot smearing championship.txt,2,solved,205,6991
before,3,Subway upholstry snot smearing championship.txt,4,solved,6,240
before,3,Subway upholstry snot smearing championship.txt,6,solved,3,96
before,3,Subway upholstry snot smearing championship.txt,8,timeout,250,5750
before,3,Subway upholstry snot smearing championship.txt,10,solved,127,3469
before,3,Subway upholstry snot smearing championship.txt,12,solved,71,1208
before,3,Subway upholstry snot smearing championship.txt,14,timeout,250,4324
before,3,The Far Away Danish Pastry is always Delicio.txt,1,solved,0,7
before,3,The Far Away Danish Pastry is always Delicio.txt,3,solved,0,10
before,3,The Far Away Danish Pastry is always Delicio.txt,5,solved,3,183
before,3,The Far Away Danish Pastry is always Delicio.txt,7,solved,0,45
before,3,The Far Away Danish Pastry is always Delicio.txt,9,solved,1,74
before,3,The Far Away Danish Pastry is always Delicio.txt,11,solved,66,3545
before,3,The Far Away Danish Pastry is always Delicio.txt,13,solved,26,1232
before,3,The Far Away Danish Pastry is always Delicio.txt,15,solved,95,4154
before,3,The Monsterous Autoshove.txt,1,solved,48,710
before,3,The Monsterous Autoshove.txt,3,solved,80,921
before,3,The Monsterous Autoshove.txt,5,timeout,250,1834
before,3,The Monsterous Autoshove.txt,7,solved,41,575
before,3,The Monsterous Autoshove.txt,9,timeout,250,1891
before,3,The Monsterous Autoshove.txt,11,timeout,250,2352
before,3,The sponge what lights up the seafloor.txt,1,solved,96,503
before,3,The sponge what lights up the seafloor.txt,3,timeout,250,1535
before,3,The sponge what lights up the seafloor.txt,5,timeout,250,1119
before,3,The sponge what lights up the seafloor.txt,7,solved,104,633
before,3,The sponge what lights up the seafloor.txt,9,solved,248,1501
before,3,The sponge what lights up the seafloor.txt,11,solved,145,942
before,3,The sponge what lights up the seafloor.txt,13,timeout,250,1557
before,3,The sponge what lights up the seafloor.txt,15,timeout,250,1558
before,3,The sponge what lights up the seafloor.txt,17,timeout,250,1371
before,3,The sponge what lights up the seafloor.txt,19,timeout,250,1299
before,3,Two-Step Pete.txt,1,solved,1,61
before,3,Two-Step Pete.txt,3,solved,49,2153
before,3,Two-Step Pete.txt,5,solved,5,305
before,3,Two-Step Pete.txt,7,timeout,251,7539
before,3,Two-Step Pete.txt,9,solved,40,1810
before,3,Two-Step Pete.txt,11,solved,2,99
before,3,Two-Step Pete.txt,13,solved,15,756
before,3,Two-Step Pete.txt,15,timeout,251,11571
before,3,Two-Tone Tango.txt,1,solved,62,1805
before,3,Two-Tone Tango.txt,3,solved,19,569
before,3,Two-Tone Tango.txt,5,solved,42,1163
before,3,Two-Tone Tango.txt,7,solved,233,6728
before,3,Two-Tone Tango.txt,9,solved,1,38
before,3,Two-Tone Tango.txt,11,solved,25,747
before,3,Two-Tone Tango.txt,13,solved,113,4124
before,3,Two-Tone Tango.txt,15,solved,92,3028
before,3,Van-to-Mobile-Living-Space-Conversion Window.txt,1,solved,2,39
before,3,Van-to-Mobile-Living-Space-Conversion Window.txt,3,solved,67,1296
before,3,Van-to-Mobile-Living-Space-Conversion Window.txt,5,solved,3,49
before,3,Van-to-Mobile-Living-Space-Conversion Window.txt,7,timeout,250,4279
before,3,Van-to-Mobile-Living-Space-Conversion Window.txt,9,timeout,250,4221
before,3,Van-to-Mobile-Living-Space-Conversion Window.txt,11,timeout,250,4437
before,3,Van-to-Mobile-Living-Space-Conversion Window.txt,13,solved,54,938
before,3,Van-to-Mobile-Living-Space-Conversion Window.txt,15,solved,202,3383
before,3,Van-to-Mobile-Living-Space-Conversion Window.txt,17,solved,35,673
before,3,Van-to-Mobile-Living-Space-Conversion Window.txt,19,timeout,251,4272
before,3,Van-to-Mobile-Living-Space-Conversion Window.txt,21,timeout,250,4237
before,3,Van-to-Mobile-Living-Space-Conversion Window.txt,23,solved,97,1754
before,3,Van-to-Mobile-Living-Space-Conversion Window.txt,25,timeout,250,4684
before,3,Van-to-Mobile-Living-Space-Conversion Window.txt,27,timeout,250,4505
before,3,Varifocal Nightmare.txt,1,solved,39,1456
before,3,Varifocal Nightmare.txt,3,solved,21,780
before,3,Varifocal Nightmare.txt,5,solved,59,2291
before,3,Varifocal Nightmare.txt,7,timeout,251,7972
before,3,Varifocal Nightmare.txt,9,solved,156,4318
before,3,Vexatious Match 3.txt,2,timeout,251,7251
before,3,Vexatious Match 3.txt,4,timeout,251,9383
before,3,Vexatious Match 3.txt,6,timeout,250,9615
before,3,Vexatious Match 3.txt,8,timeout,250,8171
before,3,Vexatious Match 3.txt,10,solved,45,1992
before,3,Voitex Rasteriser 2.txt,1,timeout,251,4775
before,3,Voitex Rasteriser.txt,0,timeout,252,8700
before,3,Voitex Rasteriser.txt,2,solved,0,1
before,3,Wand Spinner.txt,1,solved,5,263
before,3,Wand Spinner.txt,3,solved,5,214
before,3,Wand Spinner.txt,5,solved,63,2715
before,3,Wand Spinner.txt,7,solved,97,4051
before,3,Wand Spinner.txt,9,solved,9,417
before,3,Wand Spinner.txt,11,solved,21,949
before,3,Wand Spinner.txt,13,solved,38,1308
before,3,Wand Spinner.txt,15,solved,14,513
before,3,Wand Spinner.txt,17,solved,30,973
before,3,Wand Spinner.txt,19,solved,46,1879
before,3,Wand Spinner.txt,21,solved,19,796
before,3,Wand Spinner.txt,23,solved,228,9400
before,3,Wand Spinner.txt,25,solved,19,721
before,3,Wand Spinner.txt,27,solved,79,3180
before,3,Wand Spinner.txt,29,timeout,251,9031
before,3,Wand Spinner.txt,31,solved,58,2265
before,3,Wand Spinner.txt,33,solved,2,68
before,3,Wand Spinner.txt,35,solved,145,5885
before,3,Xorro The Chaos Warden.txt,1,solved,6,267
before,3,Xorro The Chaos Warden.txt,3,solved,113,4418
before,3,Xorro The Chaos Warden.txt,5,solved,89,3553
before,3,Xorro The Chaos Warden.txt,7,timeout,251,7599
before,3,Yellow Box.txt,1,solved,111,3503
before,3,Yellow Box.txt,3,solved,15,332
before,3,Yellow Box.txt,5,solved,3,49
before,3,Yellow Box.txt,7,solved,13,293
before,3,Yellow Box.txt,9,solved,61,1318
before,3,Yellow Box.txt,11,solved,87,1642
before,3,Yellow Box.txt,13,solved,13,285
before,3,Yellow Box.txt,15,timeout,251,10512
before,3,Yellow Box.txt,17,solved,4,58
before,3,Yellow Box.txt,19,solved,15,272
before,3,Yellow Box.txt,21,solved,85,1639
before,3,Yellow Box.txt,23,solved,2,20
before,3,Yellow Box.txt,25,solved,19,259
before,3,Yellow Box.txt,27,solved,29,498
before,3,Yellow Box.txt,29,solved,14,280
before,3,Yellow Box.txt,31,solved,113,2277
before,3,Yellow Box.txt,33,solved,14,284
before,3,Yellow Box.txt,35,timeout,250,4963
before,3,a clear view of the sky.txt,3,solved,29,58
before,3,a clear view of the sky.txt,6,solved,19,55
before,3,a clear view of the sky.txt,8,solved,20,60
before,3,a clear view of the sky.txt,10,solved,13,52
before,3,a clear view of the sky.txt,12,solved,19,54
before,3,a clear view of the sky.txt,14,solved,16,43
before,3,a clear view of the sky.txt,16,solved,64,185
before,3,a clear view of the sky.txt,18,timeout,250,360
before,3,a clear view of the sky.txt,20,solved,42,64
before,3,a clear view of the sky.txt,22,solved,151,235
before,3,a clear view of the sky.txt,24,timeout,250,492
before,3,a clear view of the sky.txt,26,timeout,250,147
before,3,a clear view of the sky.txt,28,timeout,250,76
before,3,a clear view of the sky.txt,30,solved,0,1
before,3,a clear view of the sky.txt,31,solved,0,1
before,3,a clear view of the sky.txt,32,solved,0,1
before,3,a clear view of the sky.txt,33,solved,0,1
before,3,a clear view of the sky.txt,34,solved,0,1
before,3,a clear view of the sky.txt,35,solved,0,1
before,3,a cliche for bedtime.txt,1,timeout,252,7972
before,3,a distant sunset.txt,1,solved,23,83
before,3,a distant sunset.txt,3,solved,0,1
before,3,a distant sunset.txt,4,solved,0,1
before,3,a distant sunset.txt,5,solved,0,1
before,3,alternatey.txt,2,solved,13,170
before,3,alternatey.txt,4,solved,78,428
before,3,alternatey.txt,6,timeout,250,2249
before,3,an ok multiban level.txt,1,timeout,251,12169
before,3,atlas shrank.txt,1,solved,1,11
before,3,atlas shrank.txt,4,solved,188,1898
before,3,atlas shrank.txt,5,solved,140,887
before,3,atlas shrank.txt,6,timeout,250,1834
before,3,atlas shrank.txt,8,timeout,250,875
before,3,atlas shrank.txt,10,solved,108,611
before,3,atlas shrank.txt,11,timeout,250,1252
before,3,atlas shrank.txt,12,timeout,250,1298
before,3,atlas shrank.txt,14,timeout,250,1266
before,3,atlas shrank.txt,15,timeout,250,414
before,3,atlas shrank.txt,16,timeout,250,416
before,3,atlas shrank.txt,17,timeout,250,834
before,3,autohurdler.txt,1,solved,13,124
before,3,autohurdler.txt,3,solved,5,35
before,3,autohurdler.txt,5,timeout,250,3406
before,3,autohurdler.txt,7,solved,34,402
before,3,big dog and little dog.txt,1,solved,217,2021
before,3,big dog and little dog.txt,3,timeout,250,2085
before,3,big dog and little dog.txt,5,timeout,250,1621
before,3,big dog and little dog.txt,7,timeout,250,1658
before,3,big dog and little dog.txt,9,timeout,250,1569
before,3,big dog and little dog.txt,11,timeout,251,819
before,3,bouncers.txt,1,timeout,252,7682
before,3,bouncers.txt,3,timeout,252,7995
before,3,bouncers.txt,5,timeout,252,7101
before,3,bouncers.txt,7,timeout,253,6712
before,3,bouncers.txt,9,timeout,252,5185
before,3,butteater.txt,1,solved,22,482
before,3,butteater.txt,3,timeout,250,5016
before,3,byyourside.txt,0,solved,1,17
before,3,byyourside.txt,1,solved,79,1231
before,3,byyourside.txt,2,solved,14,216
before,3,byyourside.txt,3,solved,1,14
before,3,byyourside.txt,4,solved,17,264
before,3,byyourside.txt,5,solved,21,299
before,3,byyourside.txt,6,solved,0,5
before,3,byyourside.txt,7,solved,1,16
before,3,byyourside.txt,8,solved,110,1709
before,3,byyourside.txt,9,solved,61,1062
before,3,cakemonsters.txt,2,solved,0,3
before,3,cakemonsters.txt,4,solved,0,10
before,3,cakemonsters.txt,7,solved,5,208
before,3,cakemonsters.txt,9,solved,6,268
before,3,cakemonsters.txt,11,solved,1,25
before,3,cakemonsters.txt,13,solved,7,275
before,3,cakemonsters.txt,14,solved,1,43
before,3,cakemonsters.txt,15,solved,6,305
before,3,cakemonsters.txt,16,solved,27,1021
before,3,cakemonsters.txt,17,solved,1,70
before,3,cakemonsters.txt,18,solved,0,10
before,3,cakemonsters.txt,20,timeout,251,7466
before,3,cakemonsters.txt,21,solved,110,3880
before,3,cakemonsters.txt,22,solved,9,326
before,3,cakemonsters.txt,24,solved,0,18
before,3,cakemonsters.txt,25,solved,0,7
before,3,cakemonsters.txt,26,solved,0,8
before,3,cakemonsters.txt,27,solved,0,9
before,3,cakemonsters.txt,28,solved,10,380
before,3,cakemonsters.txt,29,solved,8,314
before,3,cakemonsters.txt,31,solved,1,40
before,3,cakemonsters.txt,32,solved,30,1164
before,3,cakemonsters.txt,33,solved,93,3917
before,3,cakemonsters.txt,34,timeout,251,6807
before,3,cakemonsters.txt,35,solved,7,259
before,3,cakemonsters.txt,37,timeout,251,6475
before,3,cakemonsters.txt,38,solved,155,6123
before,3,cakemonsters.txt,39,solved,0,18
before,3,cakemonsters.txt,40,solved,115,4864
before,3,cakemonsters.txt,41,timeout,250,9979
before,3,cakemonsters.txt,43,solved,1,34
before,3,cakemonsters.txt,44,solved,139,5188
before,3,cakemonsters.txt,46,solved,43,1821
before,3,cakemonsters.txt,47,timeout,251,9963
before,3,cakemonsters.txt,49,solved,233,9290
before,3,cakemonsters.txt,52,timeout,251,8649
before,3,car crash.txt,1,timeout,250,43
before,3,car crash.txt,2,solved,99,0
before,3,castlecloset.txt,0,solved,149,2695
before,3,castlemouse.txt,1,solved,9,48
before,3,castlemouse.txt,3,solved,8,42
before,3,castlemouse.txt,5,solved,27,138
before,3,castlemouse.txt,7,solved,62,272
before,3,castlemouse.txt,9,solved,4,20
before,3,castlemouse.txt,11,timeout,250,696
before,3,castlemouse.txt,13,solved,2,6
before,3,castlemouse.txt,15,solved,6,12
before,3,castlemouse.txt,17,solved,1,3
before,3,castlemouse.txt,19,solved,5,9
before,3,chaos wizard.txt,2,solved,64,960
before,3,chaos wizard.txt,3,solved,21,293
before,3,chaos wizard.txt,4,timeout,250,3984
before,3,chaos wizard.txt,5,timeout,250,3811
before,3,chaos wizard.txt,6,timeout,250,2820
before,3,chaos wizard.txt,7,timeout,250,3961
before,3,chaos wizard.txt,8,timeout,250,3523
before,3,chaos wizard.txt,9,timeout,250,4458
before,3,chaos wizard.txt,10,timeout,250,3768
before,3,chaos wizard.txt,11,timeout,250,3788
before,3,chaos wizard.txt,12,timeout,250,3478
before,3,chaos wizard.txt,13,timeout,250,3397
before,3,chaos wizard.txt,14,timeout,250,3331
before,3,chaos wizard.txt,15,timeout,251,3665
before,3,chaos wizard.txt,16,timeout,251,4260
before,3,chaos wizard.txt,17,timeout,250,2817
before,3,chaos wizard.txt,18,timeout,251,3657
before,3,chaos wizard.txt,19,timeout,250,3782
before,3,chaos wizard.txt,20,timeout,251,2488
before,3,chaos wizard.txt,22,solved,7,65
before,3,chaos wizard.txt,24,timeout,251,1868
before,3,chaos wizard.txt,27,timeout,250,2477
before,3,coincounter.txt,0,solved,2,9
before,3,coincounter.txt,1,solved,2,22
before,3,coincounter.txt,2,solved,8,69
before,3,coincounter.txt,3,solved,11,93
before,3,coincounter.txt,4,solved,46,289
before,3,coincounter.txt,5,solved,45,287
before,3,coincounter.txt,6,solved,136,892
before,3,coincounter.txt,7,timeout,250,1918
before,3,coincounter.txt,8,solved,8,51
before,3,coincounter.txt,9,solved,2,7
before,3,coincounter.txt,10,solved,0,1
before,3,collapse.txt,2,solved,195,186
before,3,collapse.txt,3,timeout,250,153
before,3,color chained.txt,0,solved,12,31
before,3,color chained.txt,1,solved,9,9
before,3,color chained.txt,2,solved,243,645
before,3,color chained.txt,3,solved,68,160
before,3,color chained.txt,4,solved,55,139
before,3,color chained.txt,5,timeout,250,541
before,3,color chained.txt,6,timeout,250,462
before,3,color chained.txt,7,timeout,250,407
before,3,color chained.txt,8,timeout,250,463
before,3,color chained.txt,9,timeout,250,402
before,3,color chained.txt,10,timeout,250,443
before,3,color chained.txt,14,timeout,250,341
before,3,constellationz.txt,0,solved,0,5
before,3,constellationz.txt,1,solved,0,5
before,3,constellationz.txt,2,solved,3,72
before,3,constellationz.txt,3,solved,0,10
before,3,constellationz.txt,4,solved,6,124
before,3,constellationz.txt,5,solved,6,28
before,3,constellationz.txt,6,solved,188,1718
before,3,constellationz.txt,7,solved,160,1466
before,3,constellationz.txt,8,timeout,251,2837
before,3,constellationz.txt,9,timeout,251,1553
before,3,constellationz.txt,10,timeout,250,2676
before,3,cooperacing.txt,3,timeout,250,3532
before,3,cooperacing.txt,5,timeout,250,3471
before,3,cooperacing.txt,8,timeout,251,3923
before,3,cooperacing.txt,10,timeout,251,3829
before,3,crate guardian.txt,1,timeout,250,6002
before,3,crate guardian.txt,3,solved,73,1913
before,3,crate guardian.txt,5,timeout,250,6565
before,3,crate guardian.txt,7,timeout,250,6385
before,3,crate guardian.txt,9,timeout,251,5516
before,3,crate guardian.txt,11,timeout,250,6021
before,3,crate swap.txt,1,solved,21,1202
before,3,crate swap.txt,3,solved,14,714
before,3,crate swap.txt,5,solved,31,1659
before,3,crate swap.txt,7,solved,28,1732
before,3,crate swap.txt,9,solved,41,2606
before,3,crate swap.txt,11,solved,47,3024
before,3,crate swap.txt,13,solved,40,2569
before,3,crate swap.txt,15,solved,27,1789
before,3,cratopia.txt,2,solved,4,70
before,3,cratopia.txt,3,timeout,250,2659
before,3,cratopia.txt,5,solved,62,764
before,3,cratopia.txt,9,timeout,250,2241
before,3,cratopia.txt,11,timeout,250,4048
before,3,cratopia.txt,12,timeout,251,3353
before,3,cratopia.txt,13,timeout,250,1703
before,3,cratopia.txt,14,timeout,250,3164
before,3,cratopia.txt,15,timeout,250,3265
before,3,cratopia.txt,16,timeout,250,2656
before,3,cratopia.txt,17,timeout,250,3621
before,3,cratopia.txt,18,timeout,250,3802
before,3,cratopia.txt,19,timeout,250,3249
before,3,cratopia.txt,20,solved,22,31
before,3,cratopia.txt,21,solved,36,0
before,3,cratopia.txt,22,solved,32,0
before,3,cratopia.txt,23,solved,32,0
before,3,cute train.txt,1,timeout,250,98
before,3,der hydra krypta.txt,1,solved,23,21
before,3,der hydra krypta.txt,3,timeout,250,147
before,3,der hydra krypta.txt,5,timeout,250,177
before,3,der hydra krypta.txt,7,timeout,250,98
before,3,der hydra krypta.txt,9,timeout,250,140
before,3,der hydra krypta.txt,11,timeout,250,148
before,3,der hydra krypta.txt,13,solved,0,1
before,3,dice goblin.txt,3,timeout,250,682
before,3,die schoene steinmetzin.txt,1,timeout,250,1391
before,3,die schoene steinmetzin.txt,3,timeout,250,1348
before,3,die schoene steinmetzin.txt,5,timeout,250,1431
before,3,die schoene steinmetzin.txt,7,timeout,250,1530
before,3,die schoene steinmetzin.txt,9,timeout,250,1358
before,3,die schoene steinmetzin.txt,11,timeout,250,1095
before,3,die schoene steinmetzin.txt,13,timeout,250,1018
before,3,die schoene steinmetzin.txt,15,timeout,250,915
before,3,die schoene steinmetzin.txt,16,exhausted,0,1
before,3,diesinthelight.txt,0,solved,11,94
before,3,diesinthelight.txt,1,solved,60,432
before,3,diesinthelight.txt,2,timeout,250,813
before,3,diesinthelight.txt,3,timeout,250,977
before,3,dollyban.txt,1,solved,92,3182
before,3,dollyban.txt,3,solved,90,3417
before,3,dollyban.txt,5,timeout,250,9797
before,3,dollyban.txt,7,timeout,250,9758
before,3,dollyban.txt,9,timeout,250,8741
before,3,dollyban.txt,11,timeout,250,8490
before,3,dollyban.txt,13,solved,178,5653
before,3,dollyban.txt,15,timeout,251,8095
before,3,dollyban.txt,17,timeout,250,7709
before,3,dollyban.txt,19,timeout,250,8124
before,3,dollyban.txt,21,timeout,251,7803
before,3,dollyban.txt,23,timeout,250,7973
before,3,dollyban.txt,25,timeout,250,7038
before,3,dollyban.txt,27,timeout,250,7540
before,3,dollyban.txt,29,timeout,250,7591
before,3,dreizack.txt,1,timeout,250,173
before,3,dreizack.txt,3,timeout,250,166
before,3,dreizack.txt,5,timeout,250,157
before,3,dreizack.txt,6,solved,0,9
before,3,dreizack.txt,7,solved,0,1
before,3,dropswap.txt,3,solved,87,1246
before,3,dropswap.txt,5,solved,97,831
before,3,dropswap.txt,8,timeout,250,1601
before,3,dropswap.txt,12,solved,81,728
before,3,dropswap.txt,14,timeout,250,1567
before,3,dungeon janitor.txt,2,solved,1,22
before,3,dungeon janitor.txt,4,timeout,250,3346
before,3,dungeon janitor.txt,6,timeout,250,1812
before,3,dungeon janitor.txt,9,timeout,250,1206
before,3,easyenigma.txt,0,solved,3,5
before,3,easyenigma.txt,1,solved,1,1
before,3,easyenigma.txt,2,solved,230,667
before,3,easyenigma.txt,3,solved,1,2
before,3,easyenigma.txt,4,solved,0,2
before,3,easyenigma.txt,5,solved,180,363
before,3,easyenigma.txt,6,solved,2,5
before,3,easyenigma.txt,7,solved,3,7
before,3,easyenigma.txt,8,solved,68,99
before,3,easyenigma.txt,9,solved,2,1
before,3,easyenigma.txt,10,solved,6,2
before,3,easyenigma.txt,11,timeout,252,594
before,3,easyenigma.txt,12,solved,7,2
before,3,easyenigma.txt,13,solved,6,13
before,3,easyenigma.txt,14,solved,1,1
before,3,easyenigma.txt,15,solved,2,5
before,3,easyenigma.txt,16,timeout,251,424
before,3,easyenigma.txt,17,timeout,283,1
before,3,easyenigma.txt,18,solved,2,2
before,3,easyenigma.txt,19,timeout,250,138
before,3,easyenigma.txt,20,timeout,252,323
before,3,ecosystem generator.txt,1,timeout,250,1456
before,3,expand also avoid the flames.txt,1,timeout,261,110
before,3,fickle fred.txt,1,solved,4,226
before,3,fickle fred.txt,3,solved,27,1408
before,3,fickle fred.txt,5,timeout,250,10669
before,3,fickle fred.txt,7,solved,73,3331
before,3,fickle fred.txt,9,solved,10,563
before,3,flesh-handed hot casserole delivery bot.txt,1,solved,3,272
before,3,flesh-handed hot casserole delivery bot.txt,2,solved,11,878
before,3,flesh-handed hot casserole delivery bot.txt,4,timeout,250,17104
before,3,flesh-handed hot casserole delivery bot.txt,6,timeout,252,17675
before,3,flesh-handed hot casserole delivery bot.txt,8,solved,23,1546
before,3,flesh-handed hot casserole delivery bot.txt,10,solved,213,13570
before,3,flesh-handed hot casserole delivery bot.txt,12,solved,27,1923
before,3,flesh-handed hot casserole delivery bot.txt,14,solved,63,4331
before,3,flesh-handed hot casserole delivery bot.txt,16,solved,190,13080
before,3,flesh-handed hot casserole delivery bot.txt,18,timeout,250,16440
before,3,gabelstapler.txt,1,solved,87,936
before,3,gabelstapler.txt,3,timeout,250,1614
before,3,gabelstapler.txt,5,timeout,250,1791
before,3,gapfiller.txt,1,solved,11,383
before,3,gapfiller.txt,3,solved,170,4611
before,3,gapfiller.txt,5,solved,10,404
before,3,gapfiller.txt,7,solved,36,1441
before,3,gapfiller.txt,9,solved,2,76
before,3,gapfiller.txt,11,timeout,250,6841
before,3,gapfiller.txt,13,solved,8,332
before,3,gapfiller.txt,15,solved,2,87
before,3,gapfiller.txt,17,solved,125,3993
before,3,gapfiller.txt,19,timeout,250,5844
before,3,gem soketeer.txt,1,solved,170,563
before,3,gem soketeer.txt,3,solved,72,345
before,3,gem soketeer.txt,5,solved,36,111
before,3,gem soketeer.txt,7,solved,37,127
before,3,gem soketeer.txt,9,solved,162,719
before,3,gem soketeer.txt,11,solved,10,53
before,3,gem soketeer.txt,13,timeout,250,962
before,3,gem soketeer.txt,15,timeout,250,813
before,3,gem soketeer.txt,17,timeout,250,610
before,3,gem soketeer.txt,19,timeout,250,909
before,3,gem soketeer.txt,21,timeout,250,701
before,3,gem soketeer.txt,23,timeout,250,675
before,3,gem soketeer.txt,25,timeout,250,1278
before,3,gem soketeer.txt,27,timeout,250,798
before,3,gem soketeer.txt,29,timeout,250,1334
before,3,gem soketeer.txt,31,timeout,250,1356
before,3,gem soketeer.txt,33,timeout,250,1408
before,3,gobble_rush.txt,0,solved,1,11
before,3,gobble_rush.txt,1,solved,2,42
before,3,gobble_rush.txt,2,solved,7,121
before,3,gobble_rush.txt,3,solved,72,926
before,3,gobble_rush.txt,4,solved,5,92
before,3,gobble_rush.txt,5,solved,15,259
before,3,gobble_rush.txt,6,solved,18,257
before,3,gobble_rush.txt,7,solved,18,257
before,3,gobble_rush.txt,8,solved,20,253
before,3,gobble_rush.txt,9,solved,38,575
before,3,gobble_rush.txt,10,solved,16,174
before,3,gobble_rush.txt,11,solved,19,225
before,3,gobble_rush.txt,12,solved,24,192
before,3,gobble_rush.txt,13,solved,8,92
before,3,gobble_rush.txt,14,solved,15,222
before,3,gobble_rush.txt,15,solved,3,34
before,3,gobble_rush.txt,16,solved,25,403
before,3,gobble_rush.txt,17,solved,16,264
before,3,gobble_rush.txt,18,solved,33,436
before,3,gobble_rush.txt,19,solved,101,1386
before,3,gobble_rush.txt,20,solved,0,4
before,3,hairtug.txt,1,solved,10,65
before,3,hairtug.txt,4,timeout,250,1563
before,3,hairtug.txt,7,timeout,250,1096
before,3,hairtug.txt,10,timeout,250,1766
before,3,hairtug.txt,13,timeout,250,1442
before,3,head skuller.txt,1,solved,12,717
before,3,head skuller.txt,3,solved,129,6231
before,3,head skuller.txt,5,timeout,250,11659
before,3,head skuller.txt,7,solved,71,3927
before,3,head skuller.txt,9,timeout,251,12259
before,3,head skuller.txt,11,timeout,251,11532
before,3,head skuller.txt,13,solved,0,1
before,3,hedgehog stimulator.txt,1,timeout,250,3199
before,3,hedgehog stimulator.txt,3,timeout,250,3554
before,3,hedgehog stimulator.txt,5,timeout,250,3011
before,3,hedgehog stimulator.txt,7,timeout,250,3537
before,3,hedgehog stimulator.txt,9,timeout,250,2993
before,3,hedgehog stimulator.txt,11,timeout,250,3740
before,3,hedgehog stimulator.txt,13,timeout,250,2553
before,3,hedgehog stimulator.txt,15,timeout,250,3007
before,3,hedgehog stimulator.txt,17,timeout,250,2602
before,3,hedgehog stimulator.txt,19,timeout,250,3076
before,3,hedgehog stimulator.txt,21,timeout,250,3109
before,3,hedgehog stimulator.txt,23,timeout,250,2711
before,3,heroes_of_sokoban.txt,1,solved,0,8
before,3,heroes_of_sokoban.txt,3,solved,13,587
before,3,heroes_of_sokoban.txt,5,solved,0,26
before,3,heroes_of_sokoban.txt,7,timeout,250,8335
before,3,heroes_of_sokoban.txt,9,solved,1,55
before,3,heroes_of_sokoban.txt,10,timeout,250,7716
before,3,heroes_of_sokoban.txt,11,solved,6,257
before,3,heroes_of_sokoban.txt,13,solved,91,2751
before,3,heroes_of_sokoban.txt,14,timeout,250,6851
before,3,heroes_of_sokoban.txt,15,solved,0,17
before,3,heroes_of_sokoban.txt,17,solved,15,372
before,3,heroes_of_sokoban.txt,19,timeout,251,7710
before,3,heroes_of_sokoban.txt,20,timeout,250,7332
before,3,heroes_of_sokoban.txt,21,timeout,251,4689
before,3,heroes_of_sokoban.txt,22,solved,16,361
before,3,heroes_of_sokoban.txt,23,solved,173,5422
before,3,heroes_of_sokoban.txt,24,timeout,251,7615
before,3,heroes_of_sokoban.txt,25,timeout,251,5910
before,3,heroes_of_sokoban.txt,26,timeout,251,9517
before,3,heroes_of_sokoban.txt,27,solved,3,77
before,3,heroes_of_sokoban.txt,28,timeout,250,5316
before,3,heroes_of_sokoban.txt,29,solved,0,10
before,3,heroes_of_sokoban_2.txt,3,timeout,251,3532
before,3,heroes_of_sokoban_2.txt,5,solved,3,35
before,3,heroes_of_sokoban_2.txt,6,solved,3,32
before,3,heroes_of_sokoban_2.txt,8,timeout,250,5373
before,3,heroes_of_sokoban_2.txt,10,solved,5,73
before,3,heroes_of_sokoban_2.txt,12,timeout,250,3200
before,3,heroes_of_sokoban_2.txt,13,solved,153,1817
before,3,heroes_of_sokoban_2.txt,15,solved,5,52
before,3,heroes_of_sokoban_2.txt,17,timeout,250,4416
before,3,heroes_of_sokoban_2.txt,19,timeout,250,4407
before,3,heroes_of_sokoban_2.txt,20,timeout,250,4363
before,3,heroes_of_sokoban_2.txt,21,timeout,250,3992
before,3,heroes_of_sokoban_2.txt,23,solved,2,21
before,3,heroes_of_sokoban_2.txt,24,solved,31,285
before,3,heroes_of_sokoban_2.txt,26,solved,221,2065
before,3,heroes_of_sokoban_2.txt,27,timeout,250,2894
before,3,heroes_of_sokoban_2.txt,28,timeout,250,2809
before,3,heroes_of_sokoban_2.txt,29,timeout,250,3134
before,3,heroes_of_sokoban_2.txt,30,timeout,250,3613
before,3,heroes_of_sokoban_2.txt,31,timeout,250,4386
before,3,heroes_of_sokoban_2.txt,32,timeout,250,4785
before,3,heroes_of_sokoban_2.txt,34,timeout,250,2682
before,3,heroes_of_sokoban_3.txt,3,timeout,251,3501
before,3,heroes_of_sokoban_3.txt,5,solved,39,324
before,3,heroes_of_sokoban_3.txt,6,solved,11,84
before,3,heroes_of_sokoban_3.txt,8,solved,16,114
before,3,heroes_of_sokoban_3.txt,10,timeout,250,3492
before,3,heroes_of_sokoban_3.txt,11,solved,103,1649
before,3,heroes_of_sokoban_3.txt,12,solved,27,393
before,3,heroes_of_sokoban_3.txt,13,timeout,250,3281
before,3,heroes_of_sokoban_3.txt,14,timeout,250,3613
before,3,heroes_of_sokoban_3.txt,16,timeout,250,6310
before,3,heroes_of_sokoban_3.txt,17,timeout,251,5346
before,3,heroes_of_sokoban_3.txt,18,timeout,250,5021
before,3,heroes_of_sokoban_3.txt,21,timeout,250,4332
before,3,heroes_of_sokoban_3.txt,22,timeout,250,3612
before,3,heroes_of_sokoban_3.txt,23,timeout,250,8046
before,3,heroes_of_sokoban_3.txt,24,timeout,250,3371
before,3,heroes_of_sokoban_3.txt,25,timeout,250,2977
before,3,heroes_of_sokoban_3.txt,26,timeout,250,4604
before,3,heroes_of_sokoban_3.txt,27,timeout,250,3200
before,3,heroes_of_sokoban_3.txt,28,timeout,250,3419
before,3,heroes_of_sokoban_3.txt,30,timeout,250,2486
before,3,heroes_of_sokoban_3.txt,31,solved,39,530
before,3,hungry kraken.txt,1,timeout,250,1133
before,3,hungry kraken.txt,3,exhausted,0,1
before,3,i am a gust of wind.txt,1,solved,1,76
before,3,i am a gust of wind.txt,3,solved,7,383
before,3,i am a gust of wind.txt,5,solved,4,245
before,3,i am a gust of wind.txt,7,timeout,251,12670
before,3,i sure look tasty.txt,1,timeout,250,148
before,3,i want to grind myself into dust.txt,1,timeout,250,1808
before,3,i want to grind myself into dust.txt,3,timeout,250,851
before,3,i want to grind myself into dust.txt,5,timeout,250,428
before,3,icecrates.txt,1,solved,0,6
before,3,icecrates.txt,3,solved,1,9
before,3,icecrates.txt,5,solved,5,53
before,3,icecrates.txt,7,solved,96,930
before,3,icecrates.txt,9,solved,31,219
before,3,icecrates.txt,11,timeout,250,1725
before,3,impossible.txt,0,exhausted,0,1
before,3,it dies in the light.txt,0,solved,10,94
before,3,it dies in the light.txt,1,solved,72,432
before,3,it dies in the light.txt,2,timeout,250,740
before,3,it dies in the light.txt,3,timeout,250,1064
before,3,karamell.txt,1,timeout,250,444
before,3,karamell.txt,3,timeout,250,290
before,3,karamell.txt,5,timeout,250,219
before,3,karamell.txt,7,solved,0,1
before,3,kettle.txt,1,solved,1,26
before,3,kettle.txt,4,solved,0,3
before,3,kettle.txt,7,solved,0,3
before,3,kettle.txt,10,solved,2,27
before,3,kettle.txt,13,solved,11,97
before,3,kettle.txt,16,solved,2,26
before,3,kettle.txt,19,solved,58,473
before,3,kettle.txt,22,solved,59,353
before,3,kettle.txt,25,timeout,250,1612
before,3,kettle.txt,28,timeout,250,1918
before,3,kettle.txt,31,timeout,251,1415
before,3,kishoutenketsu.txt,2,solved,24,320
before,3,kishoutenketsu.txt,5,timeout,250,4044
before,3,kishoutenketsu.txt,8,solved,2,41
before,3,kishoutenketsu.txt,11,timeout,250,787
before,3,konsum.txt,1,timeout,250,2639
before,3,kreiseln.txt,1,solved,23,292
before,3,kreiseln.txt,3,timeout,250,4454
before,3,kreiseln.txt,5,timeout,250,2782
before,3,kreiseln.txt,7,timeout,250,3086
before,3,kreiseln.txt,9,timeout,250,2440
before,3,led challenge.txt,1,timeout,250,4097
before,3,led challenge.txt,3,timeout,251,5430
before,3,led challenge.txt,5,timeout,250,4933
before,3,led challenge.txt,7,timeout,250,1521
before,3,ledchallenge.txt,1,timeout,250,3510
before,3,ledchallenge.txt,3,timeout,250,5032
before,3,ledchallenge.txt,5,timeout,250,5492
before,3,ledchallenge.txt,7,timeout,250,1625
before,3,legend of zokoban.txt,0,timeout,250,1785
before,3,limerick.txt,1,solved,2,41
before,3,limerick.txt,3,solved,140,2800
before,3,limerick.txt,5,timeout,251,5373
before,3,limerick.txt,7,solved,12,264
before,3,limerick.txt,9,solved,67,1490
before,3,limerick.txt,11,solved,12,296
before,3,limerick.txt,13,timeout,251,5118
before,3,limerick.txt,15,timeout,250,4422
before,3,limerick.txt,17,solved,47,821
before,3,limerick.txt,19,timeout,251,5318
before,3,m c eschers armageddon.txt,0,solved,0,11
before,3,m c eschers armageddon.txt,1,solved,0,4
before,3,m c eschers armageddon.txt,2,solved,0,12
before,3,m c eschers armageddon.txt,3,solved,40,284
before,3,make way.txt,1,timeout,251,11159
before,3,make way.txt,3,solved,66,3331
before,3,manic_ammo.txt,1,solved,0,9
before,3,manic_ammo.txt,3,solved,0,9
before,3,manic_ammo.txt,5,solved,1,71
before,3,manic_ammo.txt,8,solved,0,9
before,3,manic_ammo.txt,10,solved,168,6607
before,3,manic_ammo.txt,12,solved,3,99
before,3,manic_ammo.txt,14,timeout,250,5994
before,3,manic_ammo.txt,16,solved,76,3210
before,3,manic_ammo.txt,18,solved,1,12
before,3,manic_ammo.txt,20,timeout,250,7858
before,3,manic_ammo.txt,22,solved,41,281
before,3,manic_ammo.txt,24,solved,238,4956
before,3,manic_ammo.txt,26,timeout,250,2101
before,3,manic_ammo.txt,28,timeout,250,1500
before,3,manic_ammo.txt,30,timeout,250,5093
before,3,match three billiards.txt,1,solved,0,4
before,3,match three billiards.txt,3,solved,21,451
before,3,match three billiards.txt,5,solved,32,563
before,3,mazezam.txt,1,solved,1,48
before,3,mazezam.txt,3,solved,3,134
before,3,mazezam.txt,5,solved,6,210
before,3,mazezam.txt,7,solved,13,534
before,3,mazezam.txt,9,solved,12,662
before,3,mazezam.txt,11,solved,11,501
before,3,mazezam.txt,13,solved,25,1121
before,3,mazezam.txt,15,solved,16,763
before,3,mazezam.txt,17,solved,16,709
before,3,mazezam.txt,19,solved,147,3882
before,3,mazezam.txt,21,solved,33,1424
before,3,mazezam.txt,23,timeout,251,6352
before,3,mazezam.txt,25,solved,83,3165
before,3,mazezam.txt,27,solved,60,2557
before,3,mazezam.txt,29,solved,186,8022
before,3,mazezam.txt,31,solved,27,932
before,3,mazezam.txt,33,solved,28,1333
before,3,mazezam.txt,35,timeout,250,9529
before,3,mazezam.txt,37,solved,25,1095
before,3,mazezam.txt,39,solved,100,2661
before,3,mazezam.txt,41,solved,48,1924
before,3,mazezam.txt,43,solved,98,3247
before,3,mazezam.txt,45,solved,44,1874
before,3,mazezam.txt,47,solved,131,5229
before,3,mazezam.txt,49,timeout,250,8184
before,3,mazezam.txt,51,solved,71,2701
before,3,mazezam.txt,53,timeout,250,6362
before,3,mazezam.txt,55,timeout,250,7874
before,3,mazezam.txt,57,timeout,250,6951
before,3,mazezam.txt,59,timeout,250,8517
before,3,message_skip.txt,1,solved,0,1
before,3,midas.txt,0,solved,5,105
before,3,midas.txt,2,solved,22,318
before,3,midas.txt,4,solved,17,285
before,3,midas.txt,6,solved,41,681
before,3,midas.txt,8,timeout,250,3808
before,3,midas.txt,11,timeout,250,2590
before,3,midas.txt,13,timeout,250,3118
before,3,midas.txt,15,timeout,250,2646
before,3,midas.txt,17,timeout,251,2194
before,3,midas.txt,19,timeout,250,2251
before,3,midas.txt,21,timeout,250,2255
before,3,midas.txt,23,timeout,250,2938
before,3,midas.txt,25,solved,161,1609
before,3,midas.txt,27,timeout,251,2112
before,3,midas.txt,29,timeout,251,2539
before,3,moved by leaves of grass.txt,1,timeout,250,221
before,3,multi_level.txt,0,solved,0,1
before,3,multi_level.txt,1,solved,0,1
before,3,newton.txt,1,timeout,250,6183
before,3,newton.txt,3,timeout,250,5897
before,3,newton.txt,5,timeout,250,7503
before,3,no don't eat that.txt,1,timeout,250,61
before,3,no don't eat that.txt,3,timeout,250,62
before,3,no don't eat that.txt,5,timeout,250,45
before,3,no don't eat that.txt,7,timeout,250,41
before,3,no don't eat that.txt,9,timeout,250,55
before,3,no don't eat that.txt,11,timeout,250,23
before,3,no don't eat that.txt,13,timeout,250,25
before,3,no don't eat that.txt,15,timeout,250,25
before,3,no forbidden symbols 2.txt,1,timeout,250,7915
before,3,no forbidden symbols.txt,1,timeout,251,12296
before,3,no heroes necessary.txt,1,solved,17,176
before,3,no heroes necessary.txt,3,solved,6,53
before,3,no heroes necessary.txt,5,solved,28,237
before,3,no heroes necessary.txt,7,solved,12,54
before,3,no heroes necessary.txt,9,solved,179,695
before,3,oh no i accidentally swallowed myself.txt,1,timeout,250,133
before,3,oh no i accidentally swallowed myself.txt,2,solved,0,1
before,3,oh no i accidentally swallowed myself.txt,3,solved,0,1
before,3,oh no i accidentally swallowed myself.txt,4,solved,0,1
before,3,one_move.txt,0,solved,0,1
before,3,paint everything everywhere.txt,1,solved,12,28
before,3,paint everything everywhere.txt,3,solved,43,104
before,3,paint everything everywhere.txt,5,solved,50,20
before,3,paint everything everywhere.txt,7,solved,98,55
before,3,paint everything everywhere.txt,9,timeout,250,97
before,3,paint everything everywhere.txt,11,solved,146,129
before,3,paint everything everywhere.txt,13,solved,57,76
before,3,paint everything everywhere.txt,15,solved,61,44
before,3,paint everything everywhere.txt,17,timeout,252,29
before,3,paint everything everywhere.txt,19,solved,23,46
before,3,paint everything everywhere.txt,21,solved,101,110
before,3,paint everything everywhere.txt,23,solved,94,50
before,3,paint everything everywhere.txt,25,solved,169,99
before,3,paint everything everywhere.txt,27,solved,235,81
before,3,paint everything everywhere.txt,29,solved,230,102
before,3,paint everything everywhere.txt,31,solved,167,66
before,3,paint everything everywhere.txt,33,solved,85,51
before,3,paint everything everywhere.txt,35,solved,162,57
before,3,paint everything everywhere.txt,37,timeout,250,433
before,3,paint everything everywhere.txt,39,timeout,251,37
before,3,participating in society.txt,2,timeout,252,1420
before,3,pipe puffer.txt,2,solved,247,4550
before,3,pipe puffer.txt,4,solved,37,589
before,3,pipe puffer.txt,6,timeout,250,2266
before,3,pipe puffer.txt,8,timeout,250,1765
before,3,pipe puffer.txt,10,timeout,250,3229
before,3,pipe puffer.txt,12,timeout,250,2150
before,3,pipe puffer.txt,14,timeout,250,2708
before,3,pipe puffer.txt,16,solved,10,73
before,3,ponies jumping synchronously.txt,0,solved,0,8
before,3,ponies jumping synchronously.txt,2,solved,0,9
before,3,ponies jumping synchronously.txt,4,solved,0,7
before,3,ponies jumping synchronously.txt,6,solved,0,9
before,3,ponies jumping synchronously.txt,8,solved,1,29
before,3,ponies jumping synchronously.txt,10,solved,16,388
before,3,ponies jumping synchronously.txt,12,solved,0,8
before,3,ponies jumping synchronously.txt,14,solved,13,283
before,3,ponies jumping synchronously.txt,17,timeout,250,2654
before,3,ponies jumping synchronously.txt,19,solved,15,265
before,3,ponies jumping synchronously.txt,21,timeout,250,3198
before,3,ponies jumping synchronously.txt,23,timeout,250,2068
before,3,pupush.txt,1,timeout,251,6771
before,3,push pull.txt,1,solved,6,285
before,3,push pull.txt,3,solved,4,236
before,3,push pull.txt,5,solved,25,876
before,3,push.txt,1,solved,0,6
before,3,push.txt,3,solved,0,13
before,3,push.txt,5,solved,19,566
before,3,push.txt,7,solved,6,110
before,3,push.txt,9,solved,11,243
before,3,push.txt,11,solved,43,884
before,3,push.txt,13,solved,32,663
before,3,push.txt,15,timeout,250,4265
before,3,push.txt,17,timeout,250,3577
before,3,push.txt,19,timeout,250,4379
before,3,push.txt,21,solved,190,3306
before,3,push.txt,23,solved,4,78
before,3,push.txt,25,solved,194,3950
before,3,push.txt,27,timeout,250,4017
before,3,push.txt,29,timeout,250,4240
before,3,push.txt,31,solved,93,2397
before,3,push.txt,33,timeout,250,2498
before,3,push.txt,35,timeout,250,2537
before,3,push.txt,37,solved,2,52
before,3,push.txt,39,timeout,251,5452
before,3,push.txt,40,solved,0,4
before,3,pushit.txt,1,solved,115,5171
before,3,pushit.txt,3,timeout,251,6083
before,3,pushit.txt,5,timeout,251,12501
before,3,pushit.txt,7,timeout,251,14953
before,3,puzzles.txt,0,timeout,250,1331
before,3,realtime dog mountain rescue.txt,1,timeout,250,730
before,3,realtime dog mountain rescue.txt,4,timeout,250,602
before,3,realtime dog mountain rescue.txt,7,timeout,250,361
before,3,riverpuzzle.txt,0,timeout,250,40
before,3,robot arm.txt,3,timeout,250,1092
before,3,robot arm.txt,5,timeout,268,34
before,3,robot arm.txt,7,timeout,250,987
before,3,robotarm.txt,3,timeout,250,971
before,3,robotarm.txt,5,timeout,252,34
before,3,robotarm.txt,7,timeout,250,987
before,3,sacrament of the river god.txt,1,timeout,250,876
before,3,sacrament of the river god.txt,3,timeout,250,252
before,3,sacrament of the river god.txt,5,timeout,250,741
before,3,sacrament of the river god.txt,7,timeout,250,584
before,3,sacrament of the river god.txt,9,timeout,250,947
before,3,sacrament of the river god.txt,11,timeout,250,166
before,3,sacrament of the river god.txt,13,solved,2,12
before,3,seize the flag.txt,1,timeout,250,741
before,3,seize the flag.txt,3,solved,0,1
before,3,short adventure in sticky wall land.txt,1,timeout,250,1625
before,3,short adventure in sticky wall land.txt,3,timeout,250,1436
before,3,short adventure in sticky wall land.txt,5,timeout,250,1701
before,3,shy snake.txt,1,solved,54,95
before,3,shy snake.txt,3,timeout,250,95
before,3,shy snake.txt,5,timeout,250,121
before,3,slide pull.txt,1,solved,25,1388
before,3,slide pull.txt,3,solved,11,573
before,3,slide pull.txt,5,solved,50,2583
before,3,slide pull.txt,7,timeout,251,11509
before,3,slide pull.txt,9,solved,13,782
before,3,slide pull.txt,11,timeout,251,8969
before,3,slide pull.txt,13,solved,192,6725
before,3,slidings.txt,1,solved,1,39
before,3,slidings.txt,3,solved,0,18
before,3,slidings.txt,5,solved,1,38
before,3,slidings.txt,7,solved,2,82
before,3,slidings.txt,9,solved,6,234
before,3,slidings.txt,11,timeout,250,5486
before,3,slidings.txt,13,solved,205,5247
before,3,slidings.txt,15,solved,204,6209
before,3,slidings.txt,17,timeout,250,7082
before,3,slidings.txt,19,solved,72,1895
before,3,slidings.txt,21,solved,91,2959
before,3,slime vat filler.txt,2,solved,4,229
before,3,slime vat filler.txt,4,solved,0,39
before,3,slime vat filler.txt,6,solved,2,125
before,3,slime vat filler.txt,8,solved,1,89
before,3,slime vat filler.txt,10,solved,2,127
before,3,slime vat filler.txt,12,solved,155,7121
before,3,slime vat filler.txt,14,solved,9,550
before,3,slime vat filler.txt,16,timeout,251,9758
before,3,slime vat filler.txt,18,solved,129,5783
before,3,slime vat filler.txt,21,solved,61,3131
before,3,slime vat filler.txt,23,solved,0,1
before,3,slot machine.txt,1,solved,81,620
before,3,slot machine.txt,3,timeout,250,1594
before,3,smother.txt,2,solved,15,265
before,3,smother.txt,4,solved,21,499
before,3,smother.txt,6,solved,32,765
before,3,smother.txt,8,solved,35,415
before,3,smother.txt,10,solved,85,781
before,3,smother.txt,14,solved,0,6
before,3,smother.txt,16,solved,0,32
before,3,smother.txt,18,solved,1,36
before,3,smother.txt,20,solved,12,276
before,3,smother.txt,22,solved,12,334
before,3,smother.txt,26,solved,32,536
before,3,smother.txt,28,solved,186,1909
before,3,smother.txt,30,solved,22,317
before,3,smother.txt,32,timeout,250,776
before,3,smother.txt,34,timeout,250,2435
before,3,smother.txt,37,solved,0,4
before,3,snkaey makes a sixy.txt,0,timeout,250,3477
before,3,snkaey makes a sixy.txt,2,exhausted,0,1
before,3,snortal.txt,0,timeout,250,5404
before,3,sok7.txt,0,timeout,250,1266
before,3,sokobansokobansokoban.txt,1,timeout,251,5880
before,3,sokobond demake.txt,2,solved,2,38
before,3,sokobond demake.txt,4,solved,0,18
before,3,sokobond demake.txt,6,solved,0,16
before,3,sokobond demake.txt,8,solved,1,20
before,3,sokobond demake.txt,10,solved,2,64
before,3,sokobond demake.txt,12,solved,2,49
before,3,sokobond demake.txt,14,solved,16,300
before,3,sokobond demake.txt,16,solved,4,81
before,3,sokobond demake.txt,18,solved,40,830
before,3,sokobond demake.txt,20,solved,39,748
before,3,sokobond demake.txt,22,solved,23,588
before,3,sokobond demake.txt,24,timeout,250,5026
before,3,sokobond demake.txt,26,solved,18,615
before,3,sokobond demake.txt,28,timeout,250,8708
before,3,sokobond demake.txt,30,timeout,250,8205
before,3,sokogoban.txt,2,timeout,250,1130
before,3,sokogoban.txt,4,timeout,250,642
before,3,sokogoban.txt,6,timeout,250,467
before,3,stick_candy_puzzle_saga.txt,1,solved,166,2971
before,3,stick_candy_puzzle_saga.txt,2,timeout,250,3639
before,3,stick_candy_puzzle_saga.txt,4,timeout,250,3167
before,3,stick_candy_puzzle_saga.txt,5,timeout,250,2883
before,3,stick_candy_puzzle_saga.txt,6,timeout,250,3501
before,3,stick_candy_puzzle_saga.txt,7,timeout,250,4011
before,3,stick_candy_puzzle_saga.txt,8,timeout,250,2803
before,3,stick_candy_puzzle_saga.txt,9,timeout,250,3884
before,3,stick_candy_puzzle_saga.txt,10,timeout,250,3425
before,3,stick_candy_puzzle_saga.txt,11,timeout,250,4098
before,3,stick_candy_puzzle_saga.txt,12,timeout,250,3251
before,3,stick_candy_puzzle_saga.txt,13,timeout,250,3525
before,3,stick_candy_puzzle_saga.txt,14,timeout,250,4355
before,3,stick_candy_puzzle_saga.txt,15,timeout,250,2573
before,3,stick_candy_puzzle_saga.txt,16,timeout,250,3542
before,3,stick_candy_puzzle_saga.txt,17,timeout,250,3134
before,3,stick_candy_puzzle_saga.txt,18,timeout,250,3280
before,3,stick_candy_puzzle_saga.txt,19,timeout,250,2512
before,3,stick_candy_puzzle_saga.txt,20,timeout,250,3516
before,3,stick_candy_puzzle_saga.txt,21,timeout,250,2245
before,3,sum three horizontally to 8.txt,4,solved,2,15
before,3,sum three horizontally to 8.txt,6,solved,2,8
before,3,sum three horizontally to 8.txt,8,solved,2,6
before,3,sum three horizontally to 8.txt,10,solved,2,13
before,3,sum three horizontally to 8.txt,13,solved,2,26
before,3,sum three horizontally to 8.txt,15,solved,34,473
before,3,sum three horizontally to 8.txt,17,solved,2,19
before,3,sum three horizontally to 8.txt,19,solved,8,109
before,3,sum three horizontally to 8.txt,22,solved,49,623
before,3,sum three horizontally to 8.txt,24,solved,8,107
before,3,sum three horizontally to 8.txt,26,solved,31,415
before,3,sum three horizontally to 8.txt,28,solved,21,304
before,3,sum three horizontally to 8.txt,31,timeout,250,605
before,3,take heart lass.txt,1,solved,0,3
before,3,take heart lass.txt,3,solved,2,25
before,3,take heart lass.txt,5,solved,1,8
before,3,take heart lass.txt,7,solved,2,28
before,3,take heart lass.txt,9,solved,141,1256
before,3,take heart lass.txt,11,solved,19,120
before,3,take heart lass.txt,13,solved,69,361
before,3,take heart lass.txt,15,timeout,250,2164
before,3,take heart lass.txt,17,solved,8,49
before,3,take heart lass.txt,19,solved,68,512
before,3,take heart lass.txt,21,solved,108,761
before,3,take heart lass.txt,23,timeout,250,990
before,3,talo pipi 2.txt,1,timeout,250,1115
before,3,talo pipi 2.txt,3,timeout,250,1731
before,3,talo pipi 2.txt,5,timeout,250,1273
before,3,talo pipi 2.txt,7,timeout,250,1476
before,3,talo pipi 2.txt,9,timeout,250,1939
before,3,talo pipi 2.txt,11,timeout,250,1001
before,3,talo pipi 2.txt,13,timeout,250,916
before,3,talo pipi 2.txt,15,timeout,250,868
before,3,talo pipi 2.txt,17,solved,0,1
before,3,the exit is under my left foot.txt,1,solved,133,102
before,3,the red ring of immortality.txt,1,solved,7,226
before,3,the red ring of immortality.txt,3,solved,47,1354
before,3,the red ring of immortality.txt,5,solved,1,52
before,3,the red ring of immortality.txt,7,solved,65,1633
before,3,the red ring of immortality.txt,9,solved,6,213
before,3,the red ring of immortality.txt,11,solved,11,332
before,3,the red ring of immortality.txt,13,solved,98,2759
before,3,the red ring of immortality.txt,15,solved,16,424
before,3,the red ring of immortality.txt,17,solved,75,2173
before,3,the red ring of immortality.txt,19,solved,8,264
before,3,the red ring of immortality.txt,21,solved,0,21
before,3,the red ring of immortality.txt,23,solved,0,2
before,3,the_saga_of_the_candy_scroll.txt,6,solved,4,106
before,3,the_saga_of_the_candy_scroll.txt,10,solved,0,8
before,3,the_saga_of_the_candy_scroll.txt,14,solved,0,4
before,3,the_saga_of_the_candy_scroll.txt,18,solved,29,551
before,3,the_saga_of_the_candy_scroll.txt,20,timeout,250,4951
before,3,the_saga_of_the_candy_scroll.txt,22,solved,5,104
before,3,the_saga_of_the_candy_scroll.txt,26,solved,39,832
before,3,the_saga_of_the_candy_scroll.txt,28,timeout,250,3791
before,3,the_saga_of_the_candy_scroll.txt,31,solved,83,1273
before,3,the_saga_of_the_candy_scroll.txt,35,timeout,251,3846
before,3,the_saga_of_the_candy_scroll.txt,46,solved,0,3
before,3,the_saga_of_the_candy_scroll.txt,50,solved,2,54
before,3,the_saga_of_the_candy_scroll.txt,53,solved,30,723
before,3,the_saga_of_the_candy_scroll.txt,55,solved,128,2683
before,3,the_saga_of_the_candy_scroll.txt,58,timeout,250,4448
before,3,the_saga_of_the_candy_scroll.txt,61,timeout,250,4376
before,3,the_saga_of_the_candy_scroll.txt,64,timeout,250,4690
before,3,the_saga_of_the_candy_scroll.txt,66,timeout,250,5104
before,3,the_saga_of_the_candy_scroll.txt,68,timeout,251,5907
before,3,the_saga_of_the_candy_scroll.txt,70,timeout,250,4689
before,3,the_saga_of_the_candy_scroll.txt,78,timeout,250,3524
before,3,the_saga_of_the_candy_scroll.txt,80,timeout,250,3514
before,3,the_saga_of_the_candy_scroll.txt,82,timeout,250,3106
before,3,the_saga_of_the_candy_scroll.txt,85,timeout,250,3041
before,3,the_saga_of_the_candy_scroll.txt,89,timeout,250,3139
before,3,the_saga_of_the_candy_scroll.txt,98,timeout,250,4463
before,3,the_saga_of_the_candy_scroll.txt,102,timeout,250,3014
before,3,the_saga_of_the_candy_scroll.txt,106,timeout,250,2201
before,3,the_saga_of_the_candy_scroll.txt,112,timeout,250,3324
before,3,the_saga_of_the_candy_scroll.txt,116,solved,49,501
before,3,threes.txt,0,timeout,250,351
before,3,tiny treasure hunt.txt,1,timeout,250,69
before,3,tiny treasure hunt.txt,3,timeout,251,22
before,3,tiny treasure hunt.txt,5,timeout,250,30
before,3,tiny treasure hunt.txt,7,timeout,250,89
before,3,tiny treasure hunt.txt,9,timeout,250,34
before,3,tiny treasure hunt.txt,11,timeout,250,70
before,3,tiny treasure hunt.txt,13,timeout,251,33
before,3,tunnel rat.txt,1,timeout,250,249
before,3,tunnel rat.txt,3,timeout,250,158
before,3,unclean residues.txt,2,timeout,250,5971
before,3,unclean residues.txt,4,timeout,250,8078
before,3,unclean residues.txt,6,timeout,250,7329
before,3,unclean residues.txt,8,timeout,250,7436
before,3,unclean residues.txt,10,timeout,250,6369
before,3,unclean residues.txt,13,solved,122,3677
before,3,unewton.txt,2,timeout,250,4650
before,3,unewton.txt,4,timeout,250,6440
before,3,unewton.txt,6,timeout,252,5024
before,3,unewton.txt,8,timeout,250,3303
before,3,whaleworld.txt,1,solved,22,120
before,3,whaleworld.txt,3,solved,21,240
before,3,whaleworld.txt,5,solved,126,878
before,3,whaleworld.txt,7,timeout,250,1541
before,3,whaleworld.txt,9,timeout,250,1264
before,3,whaleworld.txt,11,timeout,250,1024
before,3,whaleworld.txt,13,timeout,250,818
before,3,whaleworld.txt,15,timeout,250,1333
before,3,witch lifter.txt,1,solved,238,1434
before,3,witch lifter.txt,3,solved,99,564
before,3,witch lifter.txt,5,timeout,250,1638
before,3,witch lifter.txt,7,timeout,250,1440
before,3,witch lifter.txt,9,timeout,250,1455
before,3,witch lifter.txt,11,timeout,250,1950
before,3,witch lifter.txt,13,timeout,250,834
before,3,witch lifter.txt,15,timeout,250,945
before,3,wool-clawer.txt,1,timeout,250,1040
before,3,wool-clawer.txt,3,timeout,250,850
before,3,wool-clawer.txt,5,timeout,250,445
before,3,wool-clawer.txt,7,timeout,250,279
before,3,wool-clawer.txt,9,timeout,250,384
before,3,wool-clawer.txt,11,timeout,250,351
before,3,you can't make this up.txt,1,timeout,250,4001
before,3,you complete me.txt,0,timeout,251,3206
before,3,zokoban.txt,0,timeout,250,1719
after,1,15 push pull levels.txt,1,solved,25,1342
after,1,15 push pull levels.txt,3,solved,2,137
after,1,15 push pull levels.txt,5,solved,96,5517
after,1,15 push pull levels.txt,7,solved,133,7643
after,1,15 push pull levels.txt,9,solved,75,4319
after,1,15 push pull levels.txt,11,solved,27,1565
after,1,15 push pull levels.txt,13,solved,25,1376
after,1,15 push pull levels.txt,15,solved,36,2195
after,1,15 push pull levels.txt,17,solved,28,1730
after,1,15 push pull levels.txt,19,solved,139,7849
after,1,15 push pull levels.txt,21,timeout,251,13424
after,1,15 push pull levels.txt,23,solved,236,13036
after,1,15 push pull levels.txt,25,solved,219,12036
after,1,15 push pull levels.txt,27,timeout,251,13993
after,1,15 push pull levels.txt,29,timeout,251,14404
after,1,5-junctions-maker.txt,1,timeout,250,494
after,1,5-junctions-maker.txt,3,solved,0,1
after,1,8 happy snakes.txt,1,solved,0,10
after,1,8 happy snakes.txt,3,solved,31,346
after,1,8 happy snakes.txt,5,solved,7,91
after,1,8 happy snakes.txt,7,solved,44,465
after,1,8 happy snakes.txt,9,timeout,252,6315
after,1,8 happy snakes.txt,11,timeout,252,5213
after,1,8 happy snakes.txt,13,timeout,253,5789
after,1,8 happy snakes.txt,15,timeout,250,1725
after,1,ALL GREEN TO BLUE.txt,1,solved,0,36
after,1,ALL GREEN TO BLUE.txt,3,solved,185,8191
after,1,ALL GREEN TO BLUE.txt,5,solved,89,4892
after,1,ALL GREEN TO BLUE.txt,7,solved,59,3260
after,1,ALL GREEN TO BLUE.txt,9,solved,22,1376
after,1,ALL GREEN TO BLUE.txt,11,timeout,253,10728
after,1,ALL GREEN TO BLUE.txt,13,solved,182,10966
after,1,ALL GREEN TO BLUE.txt,15,solved,2,188
after,1,ALL GREEN TO BLUE.txt,17,timeout,251,14640
after,1,ALL GREEN TO BLUE.txt,19,solved,12,884
after,1,ALL GREEN TO BLUE.txt,21,solved,2,89
after,1,Acorn Scorchery Paradise.txt,1,solved,9,489
after,1,Acorn Scorchery Paradise.txt,3,solved,6,380
after,1,Acorn Scorchery Paradise.txt,5,solved,22,1219
after,1,Acorn Scorchery Paradise.txt,7,solved,7,454
after,1,Acorn Scorchery Paradise.txt,9,solved,26,1545
after,1,All Green and Blue on Yellow.txt,1,solved,2,200
after,1,All Green and Blue on Yellow.txt,3,solved,2,166
after,1,All Green and Blue on Yellow.txt,5,solved,15,1249
after,1,All Green and Blue on Yellow.txt,7,solved,18,1343
after,1,All Green and Blue on Yellow.txt,9,solved,16,1260
after,1,Any hole is a goal.txt,1,solved,5,17
after,1,Any hole is a goal.txt,3,solved,151,802
after,1,Any hole is a goal.txt,5,timeout,250,1064
after,1,Any hole is a goal.txt,7,solved,149,748
after,1,Any hole is a goal.txt,9,timeout,250,1176
after,1,Any hole is a goal.txt,11,timeout,250,1250
after,1,Any hole is a goal.txt,13,timeout,250,1155
after,1,Any hole is a goal.txt,15,timeout,250,1109
after,1,Any hole is a goal.txt,17,timeout,250,1098
after,1,Any hole is a goal.txt,19,timeout,250,1158
after,1,Any hole is a goal.txt,21,timeout,250,1162
after,1,Any hole is a goal.txt,23,solved,184,1037
after,1,Any hole is a goal.txt,25,timeout,250,1240
after,1,Any hole is a goal.txt,27,timeout,250,728
after,1,Any hole is a goal.txt,29,timeout,250,1319
after,1,Any hole is a goal.txt,31,timeout,250,1319
after,1,Any hole is a goal.txt,33,timeout,250,1277
after,1,Any hole is a goal.txt,35,timeout,250,875
after,1,Any hole is a goal.txt,37,timeout,250,698
after,1,Any hole is a goal.txt,39,timeout,250,1081
after,1,Any hole is a goal.txt,41,timeout,250,1303
after,1,Any hole is a goal.txt,43,timeout,250,730
after,1,Any hole is a goal.txt,45,timeout,250,748
after,1,Any hole is a goal.txt,47,timeout,250,1339
after,1,Any hole is a goal.txt,49,timeout,250,1204
after,1,Any hole is a goal.txt,51,timeout,250,952
after,1,Any hole is a goal.txt,53,timeout,250,1251
after,1,Any hole is a goal.txt,55,timeout,250,1264
after,1,Any hole is a goal.txt,57,timeout,250,1340
after,1,Any hole is a goal.txt,59,timeout,250,1172
after,1,Any hole is a goal.txt,61,timeout,250,1164
after,1,Any hole is a goal.txt,63,timeout,250,1237
after,1,Any hole is a goal.txt,65,timeout,250,1253
after,1,Any hole is a goal.txt,67,timeout,250,1158
after,1,Any hole is a goal.txt,69,timeout,250,1280
after,1,Attractor Net.txt,1,solved,108,2014
after,1,Attractor Net.txt,3,solved,126,2769
after,1,Attractor Net.txt,5,solved,5,162
after,1,Attractor Net.txt,7,solved,20,523
after,1,Attractor Net.txt,9,solved,59,1433
after,1,Attractor Net.txt,11,solved,21,571
after,1,Attractor Net.txt,13,solved,122,3034
after,1,Attractor Net.txt,15,solved,95,1772
after,1,Attractor Net.txt,17,solved,1,20
after,1,Attractor Net.txt,19,solved,62,1642
after,1,BIAXIAL INVASION OF SATURN.txt,3,solved,103,523
after,1,BIAXIAL INVASION OF SATURN.txt,5,timeout,250,963
after,1,BIAXIAL INVASION OF SATURN.txt,7,timeout,250,725
after,1,BIAXIAL INVASION OF SATURN.txt,9,timeout,250,736
after,1,BIAXIAL INVASION OF SATURN.txt,11,timeout,250,581
after,1,BIAXIAL INVASION OF SATURN.txt,13,solved,162,444
after,1,BIAXIAL INVASION OF SATURN.txt,15,timeout,250,680
after,1,BIAXIAL INVASION OF SATURN.txt,17,timeout,250,349
after,1,BIAXIAL INVASION OF SATURN.txt,19,timeout,250,204
after,1,BIAXIAL INVASION OF SATURN.txt,21,timeout,250,181
after,1,BIAXIAL INVASION OF SATURN.txt,23,timeout,250,305
after,1,BIAXIAL INVASION OF SATURN.txt,25,timeout,251,41
after,1,BIAXIAL INVASION OF SATURN.txt,28,solved,0,1
after,1,BIAXIAL INVASION OF SATURN.txt,29,solved,0,1
after,1,BIAXIAL INVASION OF SATURN.txt,30,solved,0,1
after,1,BIAXIAL INVASION OF SATURN.txt,31,solved,1,1
after,1,Bicycle-Kick Football.txt,1,solved,220,621
after,1,Bicycle-Kick Football.txt,4,solved,10,91
after,1,Bicycle-Kick Football.txt,7,solved,114,685
after,1,Bicycle-Kick Football.txt,10,timeout,250,2284
after,1,Bicycle-Kick Football.txt,13,solved,243,1171
after,1,Bicycle-Kick Football.txt,16,timeout,250,1815
after,1,Bring the ice cube to the goal without exposing it to heat.txt,1,timeout,250,634
after,1,CODEX LUBRICUS.txt,2,solved,32,130
after,1,CODEX LUBRICUS.txt,4,solved,40,93
after,1,CODEX LUBRICUS.txt,6,solved,50,73
after,1,CODEX LUBRICUS.txt,8,solved,24,93
after,1,CODEX LUBRICUS.txt,10,solved,65,113
after,1,CODEX LUBRICUS.txt,12,solved,51,149
after,1,CODEX LUBRICUS.txt,14,solved,46,111
after,1,CODEX LUBRICUS.txt,16,solved,46,118
after,1,CODEX LUBRICUS.txt,18,solved,65,105
after,1,CODEX LUBRICUS.txt,20,solved,68,115
after,1,CODEX LUBRICUS.txt,22,solved,49,112
after,1,CODEX LUBRICUS.txt,24,solved,47,116
after,1,CODEX LUBRICUS.txt,26,solved,67,108
after,1,CODEX LUBRICUS.txt,28,solved,71,104
after,1,CODEX LUBRICUS.txt,30,solved,107,131
after,1,CODEX LUBRICUS.txt,32,solved,166,275
after,1,CODEX LUBRICUS.txt,34,solved,67,122
after,1,CODEX LUBRICUS.txt,36,solved,64,164
after,1,CODEX LUBRICUS.txt,38,solved,48,102
after,1,CODEX LUBRICUS.txt,40,solved,148,262
after,1,Chevron Lodger.txt,1,solved,2,67
after,1,Chevron Lodger.txt,3,solved,52,1755
after,1,Chevron Lodger.txt,5,solved,185,5035
after,1,Chevron Lodger.txt,7,solved,25,823
after,1,Chevron Lodger.txt,9,timeout,250,6727
after,1,Chevron Lodger.txt,11,timeout,250,4839
after,1,Crates move when you move.txt,1,solved,4,138
after,1,Crates move when you move.txt,3,solved,1,73
after,1,Crates move when you move.txt,5,solved,1,49
after,1,Crates move when you move.txt,7,solved,4,115
after,1,Crates move when you move.txt,9,solved,2,71
after,1,Crates move when you move.txt,11,solved,0,3
after,1,Crates move when you move.txt,13,solved,13,348
after,1,Crates move when you move.txt,15,solved,7,230
after,1,Crates move when you move.txt,17,solved,2,93
after,1,Crates move when you move.txt,19,solved,14,415
after,1,Cucumber Surprise.txt,2,solved,7,259
after,1,Cucumber Surprise.txt,5,solved,10,201
after,1,Cucumber Surprise.txt,7,solved,35,1178
after,1,Cucumber Surprise.txt,9,solved,88,2499
after,1,Cucumber Surprise.txt,11,solved,223,7606
after,1,Cucumber Surprise.txt,13,solved,33,1163
after,1,Cucumber Surprise.txt,15,solved,59,2202
after,1,Cucumber Surprise.txt,17,solved,24,916
after,1,Cucumber Surprise.txt,19,solved,36,1311
after,1,Cucumber Surprise.txt,21,solved,246,8142
after,1,Cucumber Surprise.txt,23,solved,93,3449
after,1,Cucumber Surprise.txt,25,solved,32,1243
after,1,Cucumber Surprise.txt,27,solved,207,7437
after,1,Cucumber Surprise.txt,29,solved,19,731
after,1,Cucumber Surprise.txt,31,solved,60,2119
after,1,Cucumber Surprise.txt,33,solved,99,3415
after,1,Cucumber Surprise.txt,35,solved,49,1727
after,1,Cucumber Surprise.txt,37,solved,24,812
after,1,Cucumber Surprise.txt,39,solved,97,2968
after,1,Cucumber Surprise.txt,41,timeout,250,7218
after,1,Des Poseidons Dreizack.txt,1,timeout,250,188
after,1,Des Poseidons Dreizack.txt,3,timeout,250,180
after,1,Des Poseidons Dreizack.txt,5,timeout,250,164
after,1,Des Poseidons Dreizack.txt,6,solved,1,9
after,1,Des Poseidons Dreizack.txt,7,solved,0,1
after,1,Don't let your goals slip away.txt,1,solved,2,63
after,1,Don't let your goals slip away.txt,3,solved,98,4881
after,1,Don't let your goals slip away.txt,5,solved,2,121
after,1,Don't let your goals slip away.txt,7,solved,10,512
after,1,Don't let your goals slip away.txt,9,solved,30,1317
after,1,Don't let your goals slip away.txt,11,solved,128,5817
after,1,Don't let your goals slip away.txt,13,solved,41,2187
after,1,Don't let your goals slip away.txt,15,solved,146,7721
after,1,Double-Entry Bookkeeping Simulator.txt,1,timeout,250,1565
after,1,Double-Entry Bookkeeping Simulator.txt,3,timeout,250,909
after,1,Double-Entry Bookkeeping Simulator.txt,5,timeout,250,1535
after,1,Double-Entry Bookkeeping Simulator.txt,7,timeout,250,1296
after,1,Double-Entry Bookkeeping Simulator.txt,9,timeout,250,1120
after,1,Double-Entry Bookkeeping Simulator.txt,11,timeout,250,764
after,1,Double-Entry Bookkeeping Simulator.txt,13,timeout,250,475
after,1,Double-Entry Bookkeeping Simulator.txt,15,timeout,250,686
after,1,Double-Entry Bookkeeping Simulator.txt,17,timeout,250,1911
after,1,Explodoban.txt,1,solved,9,437
after,1,Explodoban.txt,3,solved,8,320
after,1,Explodoban.txt,5,solved,76,3082
after,1,Explodoban.txt,7,solved,154,5873
after,1,Explodoban.txt,9,solved,86,3907
after,1,Explodoban.txt,11,solved,65,2959
after,1,Explodoban.txt,13,timeout,250,10102
after,1,Eyeball-watching flowers bloom.txt,1,solved,2,53
after,1,Eyeball-watching flowers bloom.txt,3,solved,172,4076
after,1,Eyeball-watching flowers bloom.txt,5,timeout,250,5264
after,1,Garten der Medusen.txt,1,solved,7,6
after,1,Garten der Medusen.txt,3,solved,5,4
after,1,Garten der Medusen.txt,5,solved,7,6
after,1,Garten der Medusen.txt,7,timeout,250,321
after,1,Garten der Medusen.txt,9,timeout,250,179
after,1,Garten der Medusen.txt,11,timeout,250,190
after,1,Garten der Medusen.txt,13,timeout,250,66
after,1,Garten der Medusen.txt,15,timeout,250,93
after,1,Hole-Stuffer.txt,1,timeout,250,3344
after,1,Hole-Stuffer.txt,3,solved,225,3591
after,1,Hole-Stuffer.txt,5,solved,11,178
after,1,Hole-Stuffer.txt,7,timeout,250,3331
after,1,"Individuals can produce a society, but can a society produce individuals.txt",1,timeout,251,527
after,1,It gets its Feet Wet.txt,1,timeout,250,260
after,1,Legend of Swixero.txt,1,solved,7,369
after,1,Legend of Swixero.txt,3,solved,25,1444
after,1,Legend of Swixero.txt,5,solved,9,450
after,1,Legend of Swixero.txt,7,timeout,251,10944
after,1,Legend of Swixero.txt,9,timeout,251,11137
after,1,Match two two by twos.txt,2,timeout,250,1469
after,1,Match two two by twos.txt,4,timeout,250,790
after,1,Match two two by twos.txt,6,timeout,250,990
after,1,Match-Maker.txt,1,solved,32,1111
after,1,Match-Maker.txt,3,solved,2,66
after,1,Match-Maker.txt,5,solved,9,214
after,1,Match-Maker.txt,7,solved,211,4771
after,1,Match-Maker.txt,9,timeout,250,5087
after,1,Match-Maker.txt,11,timeout,250,5090
after,1,Match-Maker.txt,13,solved,158,3402
after,1,Match-Maker.txt,15,solved,211,4839
after,1,Match-Maker.txt,17,timeout,250,4522
after,1,Microban x 10.txt,2,timeout,250,375
after,1,Muraphilic Monophobic Multiban.txt,1,timeout,252,9982
after,1,Muraphilic Monophobic Multiban.txt,3,solved,0,6
after,1,Muraphilic Monophobic Multiban.txt,5,solved,10,390
after,1,Muraphilic Monophobic Multiban.txt,7,solved,102,4207
after,1,Muraphilic Monophobic Multiban.txt,9,timeout,252,10039
after,1,Muraphilic Monophobic Multiban.txt,11,solved,60,2039
after,1,Muraphilic Monophobic Multiban.txt,13,solved,25,1149
after,1,Muraphilic Monophobic Multiban.txt,15,timeout,252,9259
after,1,NIGHTMARECROBAN.txt,1,solved,6,309
after,1,NIGHTMARECROBAN.txt,3,solved,33,1682
after,1,NIGHTMARECROBAN.txt,5,solved,24,1170
after,1,NIGHTMARECROBAN.txt,7,solved,8,387
after,1,NIGHTMARECROBAN.txt,9,solved,11,515
after,1,NIGHTMARECROBAN.txt,11,solved,33,1605
after,1,NIGHTMARECROBAN.txt,13,solved,82,3677
after,1,Neoprenanzieher.txt,2,timeout,250,554
after,1,North Wind Simple Sailboat Buoy Collection.txt,2,exhausted,1,9
after,1,North Wind Simple Sailboat Buoy Collection.txt,4,exhausted,2,9
after,1,North Wind Simple Sailboat Buoy Collection.txt,6,exhausted,1,9
after,1,Oh No My Dog Is About To Swallow A Piece Of.txt,1,timeout,250,131
after,1,Place the crate on the targets.txt,1,timeout,251,1300
after,1,Pocket Gopher - Root-Shoot Nibbler.txt,2,timeout,250,1542
after,1,Pocket Gopher - Root-Shoot Nibbler.txt,5,timeout,250,1141
after,1,Pocket Gopher - Root-Shoot Nibbler.txt,8,timeout,250,1494
after,1,Pocket Gopher - Root-Shoot Nibbler.txt,11,timeout,250,850
after,1,Pocket Gopher - Root-Shoot Nibbler.txt,14,timeout,250,1330
after,1,Pushy-V Pully-H.txt,1,solved,11,664
after,1,Pushy-V Pully-H.txt,3,solved,0,25
after,1,Pushy-V Pully-H.txt,5,solved,15,866
after,1,Pushy-V Pully-H.txt,7,solved,32,1738
after,1,Pushy-V Pully-H.txt,9,solved,0,14
after,1,Pushy-V Pully-H.txt,11,solved,1,109
after,1,Pushy-V Pully-H.txt,13,solved,1,78
after,1,Pushy-V Pully-H.txt,15,solved,71,3497
after,1,Pushy-V Pully-H.txt,17,solved,47,2857
after,1,Pushy-V Pully-H.txt,19,solved,1,72
after,1,Pushy-V Pully-H.txt,21,solved,166,9302
after,1,"Put the logs in the water, elephant.txt",1,timeout,250,2764
after,1,"Put the logs in the water, elephant.txt",4,solved,68,770
after,1,"Put the logs in the water, elephant.txt",7,timeout,250,3198
after,1,"Put the logs in the water, elephant.txt",10,solved,101,1313
after,1,"Put the logs in the water, elephant.txt",13,timeout,250,3445
after,1,"Put the logs in the water, elephant.txt",16,timeout,250,4028
after,1,"Put the logs in the water, elephant.txt",19,timeout,250,2620
after,1,"Put the logs in the water, elephant.txt",22,timeout,250,3995
after,1,Putting Bicycle Helmets on Young Children.txt,1,timeout,250,247
after,1,Putting Bicycle Helmets on Young Children.txt,3,timeout,251,139
after,1,Putting Bicycle Helmets on Young Children.txt,5,timeout,250,115
after,1,Recondite Star Sector Sigma.txt,1,solved,11,644
after,1,Recondite Star Sector Sigma.txt,3,solved,163,7848
after,1,Recondite Star Sector Sigma.txt,5,solved,113,6910
after,1,Recondite Star Sector Sigma.txt,7,solved,212,9804
after,1,Recondite Star Sector Sigma.txt,9,solved,155,9178
after,1,Recondite Star Sector Sigma.txt,11,solved,23,1338
after,1,Recondite Star Sector Sigma.txt,13,solved,227,12443
after,1,Recondite Star Sector Sigma.txt,15,solved,81,3835
after,1,Recondite Star Sector Sigma.txt,17,timeout,251,13195
after,1,Recondite Star Sector Sigma.txt,19,solved,34,1580
after,1,Resin-Caster.txt,2,solved,15,1014
after,1,Resin-Caster.txt,4,solved,11,729
after,1,Resin-Caster.txt,6,solved,35,2010
after,1,Resin-Caster.txt,8,solved,69,4444
after,1,Resin-Caster.txt,10,solved,12,762
after,1,Resin-Caster.txt,12,solved,23,1470
after,1,Resin-Caster.txt,14,solved,65,3899
after,1,Resin-Caster.txt,16,solved,8,576
after,1,Resin-Caster.txt,18,solved,19,1073
after,1,Resin-Caster.txt,20,solved,22,1472
after,1,S-tercourse.txt,1,timeout,250,1834
after,1,S-tercourse.txt,3,solved,47,357
after,1,S-tercourse.txt,5,solved,33,302
after,1,S-tercourse.txt,7,timeout,250,1946
after,1,S-tercourse.txt,9,timeout,250,2309
after,1,S-tercourse.txt,11,timeout,250,2350
after,1,S-tercourse.txt,13,timeout,250,2345
after,1,S-tercourse.txt,15,timeout,250,1827
after,1,S-tercourse.txt,17,timeout,250,2204
after,1,S-tercourse.txt,19,timeout,250,2223
after,1,S-tercourse.txt,21,timeout,250,2576
after,1,S-tercourse.txt,23,timeout,250,2339
after,1,SWIMMING TIME.txt,2,timeout,250,407
after,1,Scalesoban.txt,1,solved,0,14
after,1,Scalesoban.txt,3,solved,2,91
after,1,Scalesoban.txt,5,solved,18,858
after,1,Schleimban.txt,1,solved,22,306
after,1,Schleimban.txt,3,solved,48,768
after,1,Schleimban.txt,5,solved,38,548
after,1,Schleimban.txt,7,solved,65,1018
after,1,Schleimban.txt,9,solved,35,503
after,1,Schleimban.txt,11,solved,0,1
after,1,Subway upholstry snot smearing championship.txt,2,solved,226,6991
after,1,Subway upholstry snot smearing championship.txt,4,solved,6,240
after,1,Subway upholstry snot smearing championship.txt,6,solved,3,96
after,1,Subway upholstry snot smearing championship.txt,8,timeout,250,5561
after,1,Subway upholstry snot smearing championship.txt,10,solved,121,3469
after,1,Subway upholstry snot smearing championship.txt,12,solved,68,1208
after,1,Subway upholstry snot smearing championship.txt,14,timeout,250,4719
after,1,The Far Away Danish Pastry is always Delicio.txt,1,solved,0,7
after,1,The Far Away Danish Pastry is always Delicio.txt,3,solved,0,10
after,1,The Far Away Danish Pastry is always Delicio.txt,5,solved,3,183
after,1,The Far Away Danish Pastry is always Delicio.txt,7,solved,1,45
after,1,The Far Away Danish Pastry is always Delicio.txt,9,solved,1,74
after,1,The Far Away Danish Pastry is always Delicio.txt,11,solved,75,3545
after,1,The Far Away Danish Pastry is always Delicio.txt,13,solved,27,1232
after,1,The Far Away Danish Pastry is always Delicio.txt,15,solved,97,4154
after,1,The Monsterous Autoshove.txt,1,solved,55,710
after,1,The Monsterous Autoshove.txt,3,solved,71,921
after,1,The Monsterous Autoshove.txt,5,timeout,250,2234
after,1,The Monsterous Autoshove.txt,7,solved,35,575
after,1,The Monsterous Autoshove.txt,9,timeout,250,2443
after,1,The Monsterous Autoshove.txt,11,timeout,250,2667
after,1,The sponge what lights up the seafloor.txt,1,solved,95,503
after,1,The sponge what lights up the seafloor.txt,3,timeout,250,1340
after,1,The sponge what lights up the seafloor.txt,5,timeout,250,1038
after,1,The sponge what lights up the seafloor.txt,7,solved,102,633
after,1,The sponge what lights up the seafloor.txt,9,solved,241,1501
after,1,The sponge what lights up the seafloor.txt,11,solved,155,942
after,1,The sponge what lights up the seafloor.txt,13,timeout,250,1437
after,1,The sponge what lights up the seafloor.txt,15,timeout,250,1458
after,1,The sponge what lights up the seafloor.txt,17,timeout,250,1412
after,1,The sponge what lights up the seafloor.txt,19,timeout,250,1439
after,1,Two-Step Pete.txt,1,solved,1,61
after,1,Two-Step Pete.txt,3,solved,54,2153
after,1,Two-Step Pete.txt,5,solved,7,305
after,1,Two-Step Pete.txt,7,timeout,251,6352
after,1,Two-Step Pete.txt,9,solved,49,1810
after,1,Two-Step Pete.txt,11,solved,2,99
after,1,Two-Step Pete.txt,13,solved,15,756
after,1,Two-Step Pete.txt,15,timeout,251,11390
after,1,Two-Tone Tango.txt,1,solved,66,1805
after,1,Two-Tone Tango.txt,3,solved,20,569
after,1,Two-Tone Tango.txt,5,solved,44,1163
after,1,Two-Tone Tango.txt,7,solved,231,6728
after,1,Two-Tone Tango.txt,9,solved,1,38
after,1,Two-Tone Tango.txt,11,solved,25,747
after,1,Two-Tone Tango.txt,13,solved,117,4124
after,1,Two-Tone Tango.txt,15,solved,117,3028
after,1,Van-to-Mobile-Living-Space-Conversion Window.txt,1,solved,4,39
after,1,Van-to-Mobile-Living-Space-Conversion Window.txt,3,solved,74,1296
after,1,Van-to-Mobile-Living-Space-Conversion Window.txt,5,solved,2,49
after,1,Van-to-Mobile-Living-Space-Conversion Window.txt,7,timeout,250,4218
after,1,Van-to-Mobile-Living-Space-Conversion Window.txt,9,timeout,250,4258
after,1,Van-to-Mobile-Living-Space-Conversion Window.txt,11,timeout,251,4044
after,1,Van-to-Mobile-Living-Space-Conversion Window.txt,13,solved,56,938
after,1,Van-to-Mobile-Living-Space-Conversion Window.txt,15,solved,219,3383
after,1,Van-to-Mobile-Living-Space-Conversion Window.txt,17,solved,36,673
after,1,Van-to-Mobile-Living-Space-Conversion Window.txt,19,timeout,250,4123
after,1,Van-to-Mobile-Living-Space-Conversion Window.txt,21,timeout,250,4328
after,1,Van-to-Mobile-Living-Space-Conversion Window.txt,23,solved,105,1754
after,1,Van-to-Mobile-Living-Space-Conversion Window.txt,25,timeout,250,4115
after,1,Van-to-Mobile-Living-Space-Conversion Window.txt,27,timeout,250,3967
after,1,Varifocal Nightmare.txt,1,solved,43,1456
after,1,Varifocal Nightmare.txt,3,solved,21,780
after,1,Varifocal Nightmare.txt,5,solved,61,2291
after,1,Varifocal Nightmare.txt,7,timeout,251,8323
after,1,Varifocal Nightmare.txt,9,solved,156,4318
after,1,Vexatious Match 3.txt,2,timeout,251,6638
after,1,Vexatious Match 3.txt,4,timeout,251,7542
after,1,Vexatious Match 3.txt,6,timeout,250,8320
after,1,Vexatious Match 3.txt,8,timeout,251,9116
after,1,Vexatious Match 3.txt,10,solved,55,1992
after,1,Voitex Rasteriser 2.txt,1,timeout,251,4345
after,1,Voitex Rasteriser.txt,0,timeout,252,8553
after,1,Voitex Rasteriser.txt,2,solved,0,1
after,1,Wand Spinner.txt,1,solved,6,263
after,1,Wand Spinner.txt,3,solved,5,214
after,1,Wand Spinner.txt,5,solved,66,2715
after,1,Wand Spinner.txt,7,solved,95,4051
after,1,Wand Spinner.txt,9,solved,12,417
after,1,Wand Spinner.txt,11,solved,23,949
after,1,Wand Spinner.txt,13,solved,31,1308
after,1,Wand Spinner.txt,15,solved,12,513
after,1,Wand Spinner.txt,17,solved,25,973
after,1,Wand Spinner.txt,19,solved,48,1879
after,1,Wand Spinner.txt,21,solved,19,796
after,1,Wand Spinner.txt,23,timeout,250,9334
after,1,Wand Spinner.txt,25,solved,24,721
after,1,Wand Spinner.txt,27,solved,89,3180
after,1,Wand Spinner.txt,29,timeout,250,9925
after,1,Wand Spinner.txt,31,solved,59,2265
after,1,Wand Spinner.txt,33,solved,2,68
after,1,Wand Spinner.txt,35,solved,143,5885
after,1,Xorro The Chaos Warden.txt,1,solved,6,267
after,1,Xorro The Chaos Warden.txt,3,solved,113,4418
after,1,Xorro The Chaos Warden.txt,5,solved,86,3553
after,1,Xorro The Chaos Warden.txt,7,timeout,251,6477
after,1,Yellow Box.txt,1,solved,136,3503
after,1,Yellow Box.txt,3,solved,15,332
after,1,Yellow Box.txt,5,solved,3,49
after,1,Yellow Box.txt,7,solved,13,293
after,1,Yellow Box.txt,9,solved,67,1318
after,1,Yellow Box.txt,11,solved,82,1642
after,1,Yellow Box.txt,13,solved,13,285
after,1,Yellow Box.txt,15,timeout,251,9789
after,1,Yellow Box.txt,17,solved,3,58
after,1,Yellow Box.txt,19,solved,15,272
after,1,Yellow Box.txt,21,solved,80,1639
after,1,Yellow Box.txt,23,solved,1,20
after,1,Yellow Box.txt,25,solved,14,259
after,1,Yellow Box.txt,27,solved,25,498
after,1,Yellow Box.txt,29,solved,15,280
after,1,Yellow Box.txt,31,solved,118,2277
after,1,Yellow Box.txt,33,solved,14,284
after,1,Yellow Box.txt,35,timeout,250,4447
after,1,a clear view of the sky.txt,3,solved,22,58
after,1,a clear view of the sky.txt,6,solved,15,55
after,1,a clear view of the sky.txt,8,solved,16,60
after,1,a clear view of the sky.txt,10,solved,12,52
after,1,a clear view of the sky.txt,12,solved,16,54
after,1,a clear view of the sky.txt,14,solved,13,43
after,1,a clear view of the sky.txt,16,solved,58,185
after,1,a clear view of the sky.txt,18,timeout,250,481
after,1,a clear view of the sky.txt,20,solved,30,64
after,1,a clear view of the sky.txt,22,solved,113,235
after,1,a clear view of the sky.txt,24,solved,232,600
after,1,a clear view of the sky.txt,26,timeout,250,231
after,1,a clear view of the sky.txt,28,timeout,250,151
after,1,a clear view of the sky.txt,30,solved,0,1
after,1,a clear view of the sky.txt,31,solved,0,1
after,1,a clear view of the sky.txt,32,solved,0,1
after,1,a clear view of the sky.txt,33,solved,0,1
after,1,a clear view of the sky.txt,34,solved,0,1
after,1,a clear view of the sky.txt,35,solved,0,1
after,1,a cliche for bedtime.txt,1,timeout,252,8385
after,1,a distant sunset.txt,1,solved,20,83
after,1,a distant sunset.txt,3,solved,0,1
after,1,a distant sunset.txt,4,solved,0,1
after,1,a distant sunset.txt,5,solved,0,1
after,1,alternatey.txt,2,solved,14,170
after,1,alternatey.txt,4,solved,75,428
after,1,alternatey.txt,6,timeout,250,2110
after,1,an ok multiban level.txt,1,timeout,251,12446
after,1,atlas shrank.txt,1,solved,1,11
after,1,atlas shrank.txt,4,solved,192,1898
after,1,atlas shrank.txt,5,solved,124,887
after,1,atlas shrank.txt,6,timeout,250,1794
after,1,atlas shrank.txt,8,timeout,250,806
after,1,atlas shrank.txt,10,solved,112,611
after,1,atlas shrank.txt,11,timeout,250,1238
after,1,atlas shrank.txt,12,timeout,250,1389
after,1,atlas shrank.txt,14,timeout,250,1191
after,1,atlas shrank.txt,15,timeout,250,384
after,1,atlas shrank.txt,16,timeout,250,405
after,1,atlas shrank.txt,17,timeout,250,883
after,1,autohurdler.txt,1,solved,9,124
after,1,autohurdler.txt,3,solved,3,35
after,1,autohurdler.txt,5,timeout,250,3630
after,1,autohurdler.txt,7,solved,37,402
after,1,big dog and little dog.txt,1,solved,240,2021
after,1,big dog and little dog.txt,3,timeout,250,1852
after,1,big dog and little dog.txt,5,timeout,250,1624
after,1,big dog and little dog.txt,7,timeout,250,1415
after,1,big dog and little dog.txt,9,timeout,250,1463
after,1,big dog and little dog.txt,11,timeout,250,776
after,1,bouncers.txt,1,timeout,252,7635
after,1,bouncers.txt,3,timeout,253,7067
after,1,bouncers.txt,5,timeout,252,6995
after,1,bouncers.txt,7,timeout,252,6387
after,1,bouncers.txt,9,timeout,252,5284
after,1,butteater.txt,1,solved,24,482
after,1,butteater.txt,3,timeout,250,4224
after,1,byyourside.txt,0,solved,1,17
after,1,byyourside.txt,1,solved,81,1231
after,1,byyourside.txt,2,solved,14,216
after,1,byyourside.txt,3,solved,1,14
after,1,byyourside.txt,4,solved,17,264
after,1,byyourside.txt,5,solved,19,299
after,1,byyourside.txt,6,solved,0,5
after,1,byyourside.txt,7,solved,1,16
after,1,byyourside.txt,8,solved,116,1709
after,1,byyourside.txt,9,solved,61,1062
after,1,cakemonsters.txt,2,solved,0,3
after,1,cakemonsters.txt,4,solved,0,10
after,1,cakemonsters.txt,7,solved,5,208
after,1,cakemonsters.txt,9,solved,7,268
after,1,cakemonsters.txt,11,solved,1,25
after,1,cakemonsters.txt,13,solved,7,275
after,1,cakemonsters.txt,14,solved,1,43
after,1,cakemonsters.txt,15,solved,7,305
after,1,cakemonsters.txt,16,solved,27,1021
after,1,cakemonsters.txt,17,solved,1,70
after,1,cakemonsters.txt,18,solved,0,10
after,1,cakemonsters.txt,20,timeout,251,7734
after,1,cakemonsters.txt,21,solved,116,3880
after,1,cakemonsters.txt,22,solved,9,326
after,1,cakemonsters.txt,24,solved,0,18
after,1,cakemonsters.txt,25,solved,0,7
after,1,cakemonsters.txt,26,solved,0,8
after,1,cakemonsters.txt,27,solved,0,9
after,1,cakemonsters.txt,28,solved,10,380
after,1,cakemonsters.txt,29,solved,10,314
after,1,cakemonsters.txt,31,solved,1,40
after,1,cakemonsters.txt,32,solved,42,1164
after,1,cakemonsters.txt,33,solved,119,3917
after,1,cakemonsters.txt,34,timeout,252,6360
after,1,cakemonsters.txt,35,solved,7,259
after,1,cakemonsters.txt,37,timeout,252,6311
after,1,cakemonsters.txt,38,solved,171,6123
after,1,cakemonsters.txt,39,solved,0,18
after,1,cakemonsters.txt,40,solved,116,4864
after,1,cakemonsters.txt,41,timeout,251,8678
after,1,cakemonsters.txt,43,solved,1,34
after,1,cakemonsters.txt,44,solved,147,5188
after,1,cakemonsters.txt,46,solved,45,1821
after,1,cakemonsters.txt,47,timeout,251,9131
after,1,cakemonsters.txt,49,timeout,251,9032
after,1,cakemonsters.txt,52,timeout,251,7850
after,1,car crash.txt,1,timeout,250,137
after,1,car crash.txt,2,solved,91,0
after,1,castlecloset.txt,0,solved,156,2695
after,1,castlemouse.txt,1,solved,8,48
after,1,castlemouse.txt,3,solved,8,42
after,1,castlemouse.txt,5,solved,27,138
after,1,castlemouse.txt,7,solved,59,215
after,1,castlemouse.txt,9,solved,5,20
after,1,castlemouse.txt,11,timeout,250,596
after,1,castlemouse.txt,13,solved,5,6
after,1,castlemouse.txt,15,solved,6,12
after,1,castlemouse.txt,17,solved,1,3
after,1,castlemouse.txt,19,solved,5,9
after,1,chaos wizard.txt,2,solved,82,960
after,1,chaos wizard.txt,3,solved,25,293
after,1,chaos wizard.txt,4,timeout,250,3758
after,1,chaos wizard.txt,5,timeout,251,4392
after,1,chaos wizard.txt,6,timeout,251,2810
after,1,chaos wizard.txt,7,timeout,251,3840
after,1,chaos wizard.txt,8,timeout,250,3281
after,1,chaos wizard.txt,9,timeout,251,4395
after,1,chaos wizard.txt,10,timeout,251,3793
after,1,chaos wizard.txt,11,timeout,250,3518
after,1,chaos wizard.txt,12,timeout,251,3120
after,1,chaos wizard.txt,13,timeout,251,3214
after,1,chaos wizard.txt,14,timeout,250,3302
after,1,chaos wizard.txt,15,timeout,250,3201
after,1,chaos wizard.txt,16,timeout,251,3951
after,1,chaos wizard.txt,17,timeout,251,3149
after,1,chaos wizard.txt,18,timeout,250,3562
after,1,chaos wizard.txt,19,timeout,250,3357
after,1,chaos wizard.txt,20,timeout,251,2275
after,1,chaos wizard.txt,22,solved,7,65
after,1,chaos wizard.txt,24,timeout,251,2160
after,1,chaos wizard.txt,27,timeout,251,2493
after,1,coincounter.txt,0,solved,2,9
after,1,coincounter.txt,1,solved,2,22
after,1,coincounter.txt,2,solved,8,69
after,1,coincounter.txt,3,solved,11,93
after,1,coincounter.txt,4,solved,43,289
after,1,coincounter.txt,5,solved,42,287
after,1,coincounter.txt,6,solved,145,892
after,1,coincounter.txt,7,timeout,250,1966
after,1,coincounter.txt,8,solved,7,51
after,1,coincounter.txt,9,solved,2,7
after,1,coincounter.txt,10,solved,0,1
after,1,collapse.txt,2,solved,157,186
after,1,collapse.txt,3,timeout,252,167
after,1,color chained.txt,0,solved,9,31
after,1,color chained.txt,1,solved,4,9
after,1,color chained.txt,2,solved,192,645
after,1,color chained.txt,3,solved,60,160
after,1,color chained.txt,4,solved,52,139
after,1,color chained.txt,5,timeout,250,662
after,1,color chained.txt,6,timeout,250,590
after,1,color chained.txt,7,timeout,250,539
after,1,color chained.txt,8,timeout,250,523
after,1,color chained.txt,9,timeout,250,433
after,1,color chained.txt,10,timeout,250,510
after,1,color chained.txt,14,timeout,250,408
after,1,constellationz.txt,0,solved,0,5
after,1,constellationz.txt,1,solved,0,5
after,1,constellationz.txt,2,solved,4,72
after,1,constellationz.txt,3,solved,0,10
after,1,constellationz.txt,4,solved,6,124
after,1,constellationz.txt,5,solved,6,28
after,1,constellationz.txt,6,solved,198,1718
after,1,constellationz.txt,7,solved,177,1466
after,1,constellationz.txt,8,timeout,250,3307
after,1,constellationz.txt,9,timeout,250,1868
after,1,constellationz.txt,10,timeout,250,2953
after,1,cooperacing.txt,3,timeout,250,3122
after,1,cooperacing.txt,5,timeout,250,3605
after,1,cooperacing.txt,8,timeout,250,3771
after,1,cooperacing.txt,10,timeout,250,3751
after,1,crate guardian.txt,1,timeout,251,5538
after,1,crate guardian.txt,3,solved,69,1913
after,1,crate guardian.txt,5,timeout,250,6738
after,1,crate guardian.txt,7,timeout,250,6296
after,1,crate guardian.txt,9,timeout,250,5098
after,1,crate guardian.txt,11,timeout,250,5698
after,1,crate swap.txt,1,solved,20,1202
after,1,crate swap.txt,3,solved,10,714
after,1,crate swap.txt,5,solved,28,1659
after,1,crate swap.txt,7,solved,28,1732
after,1,crate swap.txt,9,solved,41,2606
after,1,crate swap.txt,11,solved,51,3024
after,1,crate swap.txt,13,solved,45,2569
after,1,crate swap.txt,15,solved,29,1789
after,1,cratopia.txt,2,solved,4,70
after,1,cratopia.txt,3,timeout,250,2986
after,1,cratopia.txt,5,solved,61,764
after,1,cratopia.txt,9,timeout,250,2103
after,1,cratopia.txt,11,timeout,250,3983
after,1,cratopia.txt,12,timeout,250,3374
after,1,cratopia.txt,13,timeout,250,1906
after,1,cratopia.txt,14,timeout,250,2869
after,1,cratopia.txt,15,timeout,250,3206
after,1,cratopia.txt,16,timeout,250,2797
after,1,cratopia.txt,17,timeout,250,3639
after,1,cratopia.txt,18,timeout,251,3421
after,1,cratopia.txt,19,timeout,250,3174
after,1,cratopia.txt,20,solved,20,31
after,1,cratopia.txt,21,solved,32,0
after,1,cratopia.txt,22,solved,30,0
after,1,cratopia.txt,23,solved,28,0
after,1,cute train.txt,1,timeout,251,104
after,1,der hydra krypta.txt,1,solved,28,21
after,1,der hydra krypta.txt,3,timeout,250,118
after,1,der hydra krypta.txt,5,timeout,250,124
after,1,der hydra krypta.txt,7,timeout,250,74
after,1,der hydra krypta.txt,9,timeout,250,131
after,1,der hydra krypta.txt,11,timeout,250,121
after,1,der hydra krypta.txt,13,solved,0,1
after,1,dice goblin.txt,3,timeout,250,797
after,1,die schoene steinmetzin.txt,1,timeout,250,1499
after,1,die schoene steinmetzin.txt,3,timeout,250,1454
after,1,die schoene steinmetzin.txt,5,timeout,250,1562
after,1,die schoene steinmetzin.txt,7,timeout,250,1614
after,1,die schoene steinmetzin.txt,9,timeout,250,1756
after,1,die schoene steinmetzin.txt,11,timeout,250,1197
after,1,die schoene steinmetzin.txt,13,timeout,250,1237
after,1,die schoene steinmetzin.txt,15,timeout,250,974
after,1,die schoene steinmetzin.txt,16,exhausted,0,1
after,1,diesinthelight.txt,0,solved,9,94
after,1,diesinthelight.txt,1,solved,59,432
after,1,diesinthelight.txt,2,timeout,250,1571
after,1,diesinthelight.txt,3,timeout,250,1356
after,1,dollyban.txt,1,solved,91,3182
after,1,dollyban.txt,3,solved,107,3417
after,1,dollyban.txt,5,timeout,250,8547
after,1,dollyban.txt,7,timeout,250,9712
after,1,dollyban.txt,9,timeout,250,9616
after,1,dollyban.txt,11,timeout,251,8315
after,1,dollyban.txt,13,solved,186,5653
after,1,dollyban.txt,15,timeout,250,8125
after,1,dollyban.txt,17,timeout,251,8239
after,1,dollyban.txt,19,timeout,250,8292
after,1,dollyban.txt,21,timeout,250,8033
after,1,dollyban.txt,23,timeout,251,8692
after,1,dollyban.txt,25,timeout,250,7383
after,1,dollyban.txt,27,timeout,250,8228
after,1,dollyban.txt,29,timeout,250,6924
after,1,dreizack.txt,1,timeout,250,187
after,1,dreizack.txt,3,timeout,250,182
after,1,dreizack.txt,5,timeout,250,164
after,1,dreizack.txt,6,solved,1,9
after,1,dreizack.txt,7,solved,0,1
after,1,dropswap.txt,3,solved,98,1246
after,1,dropswap.txt,5,solved,90,831
after,1,dropswap.txt,8,timeout,250,1587
after,1,dropswap.txt,12,solved,83,728
after,1,dropswap.txt,14,timeout,250,1811
after,1,dungeon janitor.txt,2,solved,1,22
after,1,dungeon janitor.txt,4,timeout,250,3131
after,1,dungeon janitor.txt,6,timeout,250,2114
after,1,dungeon janitor.txt,9,timeout,250,1390
after,1,easyenigma.txt,0,solved,2,5
after,1,easyenigma.txt,1,solved,0,1
after,1,easyenigma.txt,2,solved,144,455
after,1,easyenigma.txt,3,solved,1,2
after,1,easyenigma.txt,4,solved,1,2
after,1,easyenigma.txt,5,solved,182,363
after,1,easyenigma.txt,6,solved,2,5
after,1,easyenigma.txt,7,solved,3,7
after,1,easyenigma.txt,8,solved,68,99
after,1,easyenigma.txt,9,solved,2,1
after,1,easyenigma.txt,10,solved,5,2
after,1,easyenigma.txt,11,timeout,252,510
after,1,easyenigma.txt,12,solved,6,2
after,1,easyenigma.txt,13,solved,6,13
after,1,easyenigma.txt,14,solved,1,1
after,1,easyenigma.txt,15,solved,2,5
after,1,easyenigma.txt,16,timeout,251,423
after,1,easyenigma.txt,17,timeout,270,1
after,1,easyenigma.txt,18,solved,2,2
after,1,easyenigma.txt,19,timeout,250,167
after,1,easyenigma.txt,20,timeout,252,296
after,1,ecosystem generator.txt,1,timeout,251,1587
after,1,expand also avoid the flames.txt,1,timeout,251,110
after,1,fickle fred.txt,1,solved,4,226
after,1,fickle fred.txt,3,solved,26,1408
after,1,fickle fred.txt,5,timeout,250,10710
after,1,fickle fred.txt,7,solved,88,3331
after,1,fickle fred.txt,9,solved,13,563
after,1,flesh-handed hot casserole delivery bot.txt,1,solved,3,272
after,1,flesh-handed hot casserole delivery bot.txt,2,solved,11,878
after,1,flesh-handed hot casserole delivery bot.txt,4,timeout,251,16094
after,1,flesh-handed hot casserole delivery bot.txt,6,timeout,251,16768
after,1,flesh-handed hot casserole delivery bot.txt,8,solved,22,1546
after,1,flesh-handed hot casserole delivery bot.txt,10,solved,198,13570
after,1,flesh-handed hot casserole delivery bot.txt,12,solved,29,1923
after,1,flesh-handed hot casserole delivery bot.txt,14,solved,68,4331
after,1,flesh-handed hot casserole delivery bot.txt,16,solved,228,13080
after,1,flesh-handed hot casserole delivery bot.txt,18,timeout,250,15712
after,1,gabelstapler.txt,1,solved,89,936
after,1,gabelstapler.txt,3,timeout,250,1878
after,1,gabelstapler.txt,5,timeout,250,1740
after,1,gapfiller.txt,1,solved,15,383
after,1,gapfiller.txt,3,solved,192,4611
after,1,gapfiller.txt,5,solved,12,404
after,1,gapfiller.txt,7,solved,37,1441
after,1,gapfiller.txt,9,solved,2,76
after,1,gapfiller.txt,11,timeout,250,6947
after,1,gapfiller.txt,13,solved,8,332
after,1,gapfiller.txt,15,solved,2,87
after,1,gapfiller.txt,17,solved,110,3993
after,1,gapfiller.txt,19,timeout,250,6058
after,1,gem soketeer.txt,1,solved,210,563
after,1,gem soketeer.txt,3,solved,77,345
after,1,gem soketeer.txt,5,solved,35,111
after,1,gem soketeer.txt,7,solved,28,127
after,1,gem soketeer.txt,9,solved,163,719
after,1,gem soketeer.txt,11,solved,10,53
after,1,gem soketeer.txt,13,timeout,250,792
after,1,gem soketeer.txt,15,timeout,250,674
after,1,gem soketeer.txt,17,timeout,250,600
after,1,gem soketeer.txt,19,timeout,250,868
after,1,gem soketeer.txt,21,timeout,250,672
after,1,gem soketeer.txt,23,timeout,250,665
after,1,gem soketeer.txt,25,timeout,250,1096
after,1,gem soketeer.txt,27,timeout,250,844
after,1,gem soketeer.txt,29,timeout,250,1366
after,1,gem soketeer.txt,31,timeout,250,1326
after,1,gem soketeer.txt,33,timeout,250,1249
after,1,gobble_rush.txt,0,solved,1,11
after,1,gobble_rush.txt,1,solved,2,42
after,1,gobble_rush.txt,2,solved,7,121
after,1,gobble_rush.txt,3,solved,71,926
after,1,gobble_rush.txt,4,solved,5,92
after,1,gobble_rush.txt,5,solved,16,259
after,1,gobble_rush.txt,6,solved,16,257
after,1,gobble_rush.txt,7,solved,18,257
after,1,gobble_rush.txt,8,solved,17,253
after,1,gobble_rush.txt,9,solved,37,575
after,1,gobble_rush.txt,10,solved,21,174
after,1,gobble_rush.txt,11,solved,17,225
after,1,gobble_rush.txt,12,solved,22,192
after,1,gobble_rush.txt,13,solved,5,92
after,1,gobble_rush.txt,14,solved,13,222
after,1,gobble_rush.txt,15,solved,3,34
after,1,gobble_rush.txt,16,solved,24,403
after,1,gobble_rush.txt,17,solved,17,264
after,1,gobble_rush.txt,18,solved,35,436
after,1,gobble_rush.txt,19,solved,102,1386
after,1,gobble_rush.txt,20,solved,0,4
after,1,hairtug.txt,1,solved,10,65
after,1,hairtug.txt,4,timeout,250,1656
after,1,hairtug.txt,7,timeout,250,1085
after,1,hairtug.txt,10,timeout,250,1768
after,1,hairtug.txt,13,timeout,250,1412
after,1,head skuller.txt,1,solved,13,717
after,1,head skuller.txt,3,solved,117,6231
after,1,head skuller.txt,5,timeout,251,10880
after,1,head skuller.txt,7,solved,81,3927
after,1,head skuller.txt,9,timeout,251,11969
after,1,head skuller.txt,11,timeout,251,10923
after,1,head skuller.txt,13,solved,0,1
after,1,hedgehog stimulator.txt,1,timeout,250,3423
after,1,hedgehog stimulator.txt,3,timeout,250,3196
after,1,hedgehog stimulator.txt,5,solved,207,3142
after,1,hedgehog stimulator.txt,7,timeout,250,3405
after,1,hedgehog stimulator.txt,9,timeout,250,2949
after,1,hedgehog stimulator.txt,11,timeout,250,3284
after,1,hedgehog stimulator.txt,13,solved,223,2657
after,1,hedgehog stimulator.txt,15,timeout,250,2742
after,1,hedgehog stimulator.txt,17,timeout,250,2674
after,1,hedgehog stimulator.txt,19,timeout,250,2701
after,1,hedgehog stimulator.txt,21,timeout,250,2888
after,1,hedgehog stimulator.txt,23,timeout,250,2837
after,1,heroes_of_sokoban.txt,1,solved,0,8
after,1,heroes_of_sokoban.txt,3,solved,13,587
after,1,heroes_of_sokoban.txt,5,solved,0,26
after,1,heroes_of_sokoban.txt,7,timeout,251,7393
after,1,heroes_of_sokoban.txt,9,solved,2,55
after,1,heroes_of_sokoban.txt,10,timeout,251,7785
after,1,heroes_of_sokoban.txt,11,solved,8,257
after,1,heroes_of_sokoban.txt,13,solved,98,2751
after,1,heroes_of_sokoban.txt,14,timeout,250,6577
after,1,heroes_of_sokoban.txt,15,solved,0,17
after,1,heroes_of_sokoban.txt,17,solved,16,372
after,1,heroes_of_sokoban.txt,19,timeout,251,7932
after,1,heroes_of_sokoban.txt,20,timeout,250,7602
after,1,heroes_of_sokoban.txt,21,timeout,251,5005
after,1,heroes_of_sokoban.txt,22,solved,11,361
after,1,heroes_of_sokoban.txt,23,solved,163,5422
after,1,heroes_of_sokoban.txt,24,timeout,251,7802
after,1,heroes_of_sokoban.txt,25,timeout,251,6254
after,1,heroes_of_sokoban.txt,26,timeout,251,8302
after,1,heroes_of_sokoban.txt,27,solved,2,77
after,1,heroes_of_sokoban.txt,28,timeout,250,5562
after,1,heroes_of_sokoban.txt,29,solved,0,10
after,1,heroes_of_sokoban_2.txt,3,timeout,250,3717
after,1,heroes_of_sokoban_2.txt,5,solved,3,35
after,1,heroes_of_sokoban_2.txt,6,solved,2,32
after,1,heroes_of_sokoban_2.txt,8,timeout,251,5547
after,1,heroes_of_sokoban_2.txt,10,solved,6,73
after,1,heroes_of_sokoban_2.txt,12,timeout,250,2695
after,1,heroes_of_sokoban_2.txt,13,solved,149,1817
after,1,heroes_of_sokoban_2.txt,15,solved,6,52
after,1,heroes_of_sokoban_2.txt,17,timeout,250,4264
after,1,heroes_of_sokoban_2.txt,19,timeout,250,4242
after,1,heroes_of_sokoban_2.txt,20,timeout,250,3927
after,1,heroes_of_sokoban_2.txt,21,timeout,250,4040
after,1,heroes_of_sokoban_2.txt,23,solved,1,21
after,1,heroes_of_sokoban_2.txt,24,solved,23,285
after,1,heroes_of_sokoban_2.txt,26,solved,188,2065
after,1,heroes_of_sokoban_2.txt,27,timeout,250,2916
after,1,heroes_of_sokoban_2.txt,28,timeout,250,2749
after,1,heroes_of_sokoban_2.txt,29,timeout,250,3412
after,1,heroes_of_sokoban_2.txt,30,timeout,250,3481
after,1,heroes_of_sokoban_2.txt,31,timeout,250,4561
after,1,heroes_of_sokoban_2.txt,32,timeout,251,4160
after,1,heroes_of_sokoban_2.txt,34,timeout,250,2298
after,1,heroes_of_sokoban_3.txt,3,timeout,251,3388
after,1,heroes_of_sokoban_3.txt,5,solved,29,324
after,1,heroes_of_sokoban_3.txt,6,solved,9,84
after,1,heroes_of_sokoban_3.txt,8,solved,12,114
after,1,heroes_of_sokoban_3.txt,10,solved,249,3546
after,1,heroes_of_sokoban_3.txt,11,solved,118,1649
after,1,heroes_of_sokoban_3.txt,12,solved,27,393
after,1,heroes_of_sokoban_3.txt,13,timeout,250,2881
after,1,heroes_of_sokoban_3.txt,14,timeout,250,3260
after,1,heroes_of_sokoban_3.txt,16,timeout,250,6716
after,1,heroes_of_sokoban_3.txt,17,timeout,250,5101
after,1,heroes_of_sokoban_3.txt,18,timeout,250,4506
after,1,heroes_of_sokoban_3.txt,21,timeout,250,4413
after,1,heroes_of_sokoban_3.txt,22,timeout,250,3190
after,1,heroes_of_sokoban_3.txt,23,timeout,251,7802
after,1,heroes_of_sokoban_3.txt,24,timeout,250,2979
after,1,heroes_of_sokoban_3.txt,25,timeout,250,2665
after,1,heroes_of_sokoban_3.txt,26,timeout,250,4270
after,1,heroes_of_sokoban_3.txt,27,timeout,250,3014
after,1,heroes_of_sokoban_3.txt,28,timeout,250,3129
after,1,heroes_of_sokoban_3.txt,30,timeout,251,2468
after,1,heroes_of_sokoban_3.txt,31,solved,54,530
after,1,hungry kraken.txt,1,timeout,250,1127
after,1,hungry kraken.txt,3,exhausted,0,1
after,1,i am a gust of wind.txt,1,solved,2,76
after,1,i am a gust of wind.txt,3,solved,8,383
after,1,i am a gust of wind.txt,5,solved,4,245
after,1,i am a gust of wind.txt,7,timeout,251,13102
after,1,i sure look tasty.txt,1,timeout,250,140
after,1,i want to grind myself into dust.txt,1,timeout,250,1899
after,1,i want to grind myself into dust.txt,3,timeout,250,1049
after,1,i want to grind myself into dust.txt,5,timeout,250,436
after,1,icecrates.txt,1,solved,0,6
after,1,icecrates.txt,3,solved,1,9
after,1,icecrates.txt,5,solved,5,53
after,1,icecrates.txt,7,solved,104,930
after,1,icecrates.txt,9,solved,33,219
after,1,icecrates.txt,11,timeout,250,1688
after,1,impossible.txt,0,exhausted,0,1
after,1,it dies in the light.txt,0,solved,9,94
after,1,it dies in the light.txt,1,solved,55,432
after,1,it dies in the light.txt,2,timeout,250,1501
after,1,it dies in the light.txt,3,timeout,250,1333
after,1,karamell.txt,1,timeout,250,498
after,1,karamell.txt,3,timeout,250,336
after,1,karamell.txt,5,timeout,250,278
after,1,karamell.txt,7,solved,0,1
after,1,kettle.txt,1,solved,2,26
after,1,kettle.txt,4,solved,0,3
after,1,kettle.txt,7,solved,0,3
after,1,kettle.txt,10,solved,2,27
after,1,kettle.txt,13,solved,9,97
after,1,kettle.txt,16,solved,2,26
after,1,kettle.txt,19,solved,49,473
after,1,kettle.txt,22,solved,48,353
after,1,kettle.txt,25,timeout,250,1665
after,1,kettle.txt,28,timeout,250,1858
after,1,kettle.txt,31,timeout,251,1623
after,1,kishoutenketsu.txt,2,solved,32,320
after,1,kishoutenketsu.txt,5,timeout,250,4191
after,1,kishoutenketsu.txt,8,solved,2,41
after,1,kishoutenketsu.txt,11,timeout,250,781
after,1,konsum.txt,1,timeout,250,2630
after,1,kreiseln.txt,1,solved,22,292
after,1,kreiseln.txt,3,timeout,250,4295
after,1,kreiseln.txt,5,timeout,250,3125
after,1,kreiseln.txt,7,timeout,250,2645
after,1,kreiseln.txt,9,timeout,250,2519
after,1,led challenge.txt,1,timeout,250,4737
after,1,led challenge.txt,3,timeout,250,5421
after,1,led challenge.txt,5,timeout,250,4863
after,1,led challenge.txt,7,timeout,250,1702
after,1,ledchallenge.txt,1,timeout,250,4583
after,1,ledchallenge.txt,3,timeout,250,5591
after,1,ledchallenge.txt,5,timeout,250,4459
after,1,ledchallenge.txt,7,timeout,250,1758
after,1,legend of zokoban.txt,0,timeout,251,1830
after,1,limerick.txt,1,solved,3,41
after,1,limerick.txt,3,solved,140,2800
after,1,limerick.txt,5,timeout,252,4949
after,1,limerick.txt,7,solved,16,264
after,1,limerick.txt,9,solved,67,1490
after,1,limerick.txt,11,solved,14,296
after,1,limerick.txt,13,timeout,252,5329
after,1,limerick.txt,15,timeout,251,4878
after,1,limerick.txt,17,solved,53,821
after,1,limerick.txt,19,timeout,252,5192
after,1,m c eschers armageddon.txt,0,solved,1,11
after,1,m c eschers armageddon.txt,1,solved,0,4
after,1,m c eschers armageddon.txt,2,solved,1,12
after,1,m c eschers armageddon.txt,3,solved,49,284
after,1,make way.txt,1,timeout,251,11043
after,1,make way.txt,3,solved,67,3331
after,1,manic_ammo.txt,1,solved,0,9
after,1,manic_ammo.txt,3,solved,0,9
after,1,manic_ammo.txt,5,solved,1,71
after,1,manic_ammo.txt,8,solved,0,9
after,1,manic_ammo.txt,10,solved,157,6607
after,1,manic_ammo.txt,12,solved,3,99
after,1,manic_ammo.txt,14,timeout,250,7395
after,1,manic_ammo.txt,16,solved,76,3210
after,1,manic_ammo.txt,18,solved,1,12
after,1,manic_ammo.txt,20,timeout,251,7124
after,1,manic_ammo.txt,22,solved,30,281
after,1,manic_ammo.txt,24,solved,233,4956
after,1,manic_ammo.txt,26,timeout,250,2984
after,1,manic_ammo.txt,28,timeout,250,2227
after,1,manic_ammo.txt,30,timeout,250,5816
after,1,match three billiards.txt,1,solved,0,4
after,1,match three billiards.txt,3,solved,22,451
after,1,match three billiards.txt,5,solved,33,563
after,1,mazezam.txt,1,solved,1,48
after,1,mazezam.txt,3,solved,4,134
after,1,mazezam.txt,5,solved,7,210
after,1,mazezam.txt,7,solved,15,534
after,1,mazezam.txt,9,solved,13,662
after,1,mazezam.txt,11,solved,11,501
after,1,mazezam.txt,13,solved,25,1121
after,1,mazezam.txt,15,solved,18,763
after,1,mazezam.txt,17,solved,16,709
after,1,mazezam.txt,19,solved,144,3882
after,1,mazezam.txt,21,solved,33,1424
after,1,mazezam.txt,23,timeout,250,5863
after,1,mazezam.txt,25,solved,84,3165
after,1,mazezam.txt,27,solved,70,2557
after,1,mazezam.txt,29,solved,237,8022
after,1,mazezam.txt,31,solved,28,932
after,1,mazezam.txt,33,solved,29,1333
after,1,mazezam.txt,35,timeout,250,9237
after,1,mazezam.txt,37,solved,30,1095
after,1,mazezam.txt,39,solved,107,2661
after,1,mazezam.txt,41,solved,52,1924
after,1,mazezam.txt,43,solved,83,3247
after,1,mazezam.txt,45,solved,55,1874
after,1,mazezam.txt,47,solved,135,5229
after,1,mazezam.txt,49,timeout,250,7566
after,1,mazezam.txt,51,solved,68,2701
after,1,mazezam.txt,53,timeout,251,6537
after,1,mazezam.txt,55,timeout,250,7955
after,1,mazezam.txt,57,timeout,251,6923
after,1,mazezam.txt,59,timeout,250,7719
after,1,message_skip.txt,1,solved,0,1
after,1,midas.txt,0,solved,6,105
after,1,midas.txt,2,solved,19,318
after,1,midas.txt,4,solved,16,285
after,1,midas.txt,6,solved,32,681
after,1,midas.txt,8,timeout,250,3875
after,1,midas.txt,11,timeout,250,2610
after,1,midas.txt,13,timeout,250,3158
after,1,midas.txt,15,timeout,250,2909
after,1,midas.txt,17,timeout,251,2657
after,1,midas.txt,19,timeout,250,2455
after,1,midas.txt,21,timeout,250,2314
after,1,midas.txt,23,timeout,250,2967
after,1,midas.txt,25,solved,137,1609
after,1,midas.txt,27,timeout,250,2571
after,1,midas.txt,29,timeout,250,2734
after,1,moved by leaves of grass.txt,1,timeout,250,380
after,1,multi_level.txt,0,solved,0,1
after,1,multi_level.txt,1,solved,0,1
after,1,newton.txt,1,timeout,251,6289
after,1,newton.txt,3,timeout,250,6512
after,1,newton.txt,5,timeout,251,6889
after,1,no don't eat that.txt,1,timeout,250,65
after,1,no don't eat that.txt,3,timeout,250,70
after,1,no don't eat that.txt,5,timeout,251,44
after,1,no don't eat that.txt,7,timeout,251,40
after,1,no don't eat that.txt,9,timeout,250,57
after,1,no don't eat that.txt,11,timeout,251,25
after,1,no don't eat that.txt,13,timeout,252,26
after,1,no don't eat that.txt,15,timeout,251,25
after,1,no forbidden symbols 2.txt,1,timeout,250,6987
after,1,no forbidden symbols.txt,1,timeout,252,11237
after,1,no heroes necessary.txt,1,solved,16,176
after,1,no heroes necessary.txt,3,solved,7,53
after,1,no heroes necessary.txt,5,solved,36,237
after,1,no heroes necessary.txt,7,solved,13,54
after,1,no heroes necessary.txt,9,solved,152,695
after,1,oh no i accidentally swallowed myself.txt,1,timeout,250,156
after,1,oh no i accidentally swallowed myself.txt,2,solved,0,1
after,1,oh no i accidentally swallowed myself.txt,3,solved,0,1
after,1,oh no i accidentally swallowed myself.txt,4,solved,0,1
after,1,one_move.txt,0,solved,0,1
after,1,paint everything everywhere.txt,1,solved,12,28
after,1,paint everything everywhere.txt,3,solved,42,104
after,1,paint everything everywhere.txt,5,solved,56,20
after,1,paint everything everywhere.txt,7,solved,114,55
after,1,paint everything everywhere.txt,9,timeout,250,112
after,1,paint everything everywhere.txt,11,solved,133,129
after,1,paint everything everywhere.txt,13,solved,49,76
after,1,paint everything everywhere.txt,15,solved,63,44
after,1,paint everything everywhere.txt,17,timeout,252,38
after,1,paint everything everywhere.txt,19,solved,26,46
after,1,paint everything everywhere.txt,21,solved,151,110
after,1,paint everything everywhere.txt,23,solved,107,50
after,1,paint everything everywhere.txt,25,solved,177,99
after,1,paint everything everywhere.txt,27,solved,256,81
after,1,paint everything everywhere.txt,29,solved,251,102
after,1,paint everything everywhere.txt,31,solved,216,66
after,1,paint everything everywhere.txt,33,solved,106,51
after,1,paint everything everywhere.txt,35,solved,194,57
after,1,paint everything everywhere.txt,37,timeout,250,452
after,1,paint everything everywhere.txt,39,timeout,252,41
after,1,participating in society.txt,2,timeout,252,1198
after,1,pipe puffer.txt,2,timeout,250,3984
after,1,pipe puffer.txt,4,solved,40,589
after,1,pipe puffer.txt,6,timeout,250,2504
after,1,pipe puffer.txt,8,solved,198,1808
after,1,pipe puffer.txt,10,timeout,250,3225
after,1,pipe puffer.txt,12,timeout,250,2408
after,1,pipe puffer.txt,14,timeout,250,2835
after,1,pipe puffer.txt,16,solved,9,73
after,1,ponies jumping synchronously.txt,0,solved,0,8
after,1,ponies jumping synchronously.txt,2,solved,0,9
after,1,ponies jumping synchronously.txt,4,solved,0,7
after,1,ponies jumping synchronously.txt,6,solved,0,9
after,1,ponies jumping synchronously.txt,8,solved,1,29
after,1,ponies jumping synchronously.txt,10,solved,16,388
after,1,ponies jumping synchronously.txt,12,solved,0,8
after,1,ponies jumping synchronously.txt,14,solved,13,283
after,1,ponies jumping synchronously.txt,17,timeout,250,2710
after,1,ponies jumping synchronously.txt,19,solved,15,265
after,1,ponies jumping synchronously.txt,21,timeout,250,2903
after,1,ponies jumping synchronously.txt,23,timeout,250,1903
after,1,pupush.txt,1,timeout,251,6478
after,1,push pull.txt,1,solved,5,285
after,1,push pull.txt,3,solved,8,236
after,1,push pull.txt,5,solved,26,876
after,1,push.txt,1,solved,0,6
after,1,push.txt,3,solved,0,13
after,1,push.txt,5,solved,22,566
after,1,push.txt,7,solved,5,110
after,1,push.txt,9,solved,7,243
after,1,push.txt,11,solved,35,884
after,1,push.txt,13,solved,31,663
after,1,push.txt,15,timeout,250,3211
after,1,push.txt,17,timeout,250,3439
after,1,push.txt,19,timeout,250,2923
after,1,push.txt,21,solved,193,3306
after,1,push.txt,23,solved,3,78
after,1,push.txt,25,solved,227,3950
after,1,push.txt,27,timeout,250,4191
after,1,push.txt,29,timeout,251,2648
after,1,push.txt,31,solved,115,2397
after,1,push.txt,33,timeout,250,2639
after,1,push.txt,35,timeout,250,2473
after,1,push.txt,37,solved,2,52
after,1,push.txt,39,timeout,250,4961
after,1,push.txt,40,solved,0,4
after,1,pushit.txt,1,solved,115,5171
after,1,pushit.txt,3,timeout,252,6615
after,1,pushit.txt,5,timeout,251,12912
after,1,pushit.txt,7,timeout,251,13954
after,1,puzzles.txt,0,timeout,250,1417
after,1,realtime dog mountain rescue.txt,1,timeout,250,696
after,1,realtime dog mountain rescue.txt,4,timeout,250,610
after,1,realtime dog mountain rescue.txt,7,timeout,250,390
after,1,riverpuzzle.txt,0,timeout,250,46
after,1,robot arm.txt,3,timeout,250,917
after,1,robot arm.txt,5,timeout,254,34
after,1,robot arm.txt,7,timeout,250,992
after,1,robotarm.txt,3,timeout,250,957
after,1,robotarm.txt,5,timeout,264,34
after,1,robotarm.txt,7,timeout,250,967
after,1,sacrament of the river god.txt,1,timeout,250,954
after,1,sacrament of the river god.txt,3,timeout,250,278
after,1,sacrament of the river god.txt,5,timeout,250,822
after,1,sacrament of the river god.txt,7,timeout,250,670
after,1,sacrament of the river god.txt,9,timeout,250,1005
after,1,sacrament of the river god.txt,11,timeout,250,195
after,1,sacrament of the river god.txt,13,solved,2,12
after,1,seize the flag.txt,1,timeout,250,723
after,1,seize the flag.txt,3,solved,0,1
after,1,short adventure in sticky wall land.txt,1,timeout,250,1892
after,1,short adventure in sticky wall land.txt,3,timeout,250,1702
after,1,short adventure in sticky wall land.txt,5,timeout,250,1874
after,1,shy snake.txt,1,solved,50,95
after,1,shy snake.txt,3,timeout,250,133
after,1,shy snake.txt,5,timeout,250,151
after,1,slide pull.txt,1,solved,26,1388
after,1,slide pull.txt,3,solved,11,573
after,1,slide pull.txt,5,solved,51,2583
after,1,slide pull.txt,7,timeout,251,11652
after,1,slide pull.txt,9,solved,14,782
after,1,slide pull.txt,11,timeout,251,10408
after,1,slide pull.txt,13,solved,173,6725
after,1,slidings.txt,1,solved,1,39
after,1,slidings.txt,3,solved,0,18
after,1,slidings.txt,5,solved,1,38
after,1,slidings.txt,7,solved,2,82
after,1,slidings.txt,9,solved,7,234
after,1,slidings.txt,11,timeout,251,6091
after,1,slidings.txt,13,solved,167,5247
after,1,slidings.txt,15,solved,168,6209
after,1,slidings.txt,17,timeout,250,7001
after,1,slidings.txt,19,solved,69,1895
after,1,slidings.txt,21,solved,99,2959
after,1,slime vat filler.txt,2,solved,4,229
after,1,slime vat filler.txt,4,solved,0,39
after,1,slime vat filler.txt,6,solved,3,125
after,1,slime vat filler.txt,8,solved,1,89
after,1,slime vat filler.txt,10,solved,2,127
after,1,slime vat filler.txt,12,solved,170,7121
after,1,slime vat filler.txt,14,solved,10,550
after,1,slime vat filler.txt,16,timeout,250,9349
after,1,slime vat filler.txt,18,solved,140,5783
after,1,slime vat filler.txt,21,solved,62,3131
after,1,slime vat filler.txt,23,solved,0,1
after,1,slot machine.txt,1,solved,85,620
after,1,slot machine.txt,3,timeout,250,1649
after,1,smother.txt,2,solved,22,265
after,1,smother.txt,4,solved,27,499
after,1,smother.txt,6,solved,35,765
after,1,smother.txt,8,solved,34,415
after,1,smother.txt,10,solved,75,781
after,1,smother.txt,14,solved,0,6
after,1,smother.txt,16,solved,0,32
after,1,smother.txt,18,solved,1,36
after,1,smother.txt,20,solved,10,276
after,1,smother.txt,22,solved,11,334
after,1,smother.txt,26,solved,32,536
after,1,smother.txt,28,solved,136,1909
after,1,smother.txt,30,solved,19,317
after,1,smother.txt,32,timeout,250,968
after,1,smother.txt,34,timeout,250,2905
after,1,smother.txt,37,solved,0,4
after,1,snkaey makes a sixy.txt,0,timeout,250,3372
after,1,snkaey makes a sixy.txt,2,exhausted,0,1
after,1,snortal.txt,0,timeout,250,4738
after,1,sok7.txt,0,timeout,250,1249
after,1,sokobansokobansokoban.txt,1,timeout,250,6048
after,1,sokobond demake.txt,2,solved,1,38
after,1,sokobond demake.txt,4,solved,0,18
after,1,sokobond demake.txt,6,solved,0,16
after,1,sokobond demake.txt,8,solved,1,20
after,1,sokobond demake.txt,10,solved,3,64
after,1,sokobond demake.txt,12,solved,3,49
after,1,sokobond demake.txt,14,solved,16,300
after,1,sokobond demake.txt,16,solved,4,81
after,1,sokobond demake.txt,18,solved,42,830
after,1,sokobond demake.txt,20,solved,36,748
after,1,sokobond demake.txt,22,solved,22,588
after,1,sokobond demake.txt,24,timeout,250,5181
after,1,sokobond demake.txt,26,solved,20,615
after,1,sokobond demake.txt,28,timeout,250,8333
after,1,sokobond demake.txt,30,timeout,250,7863
after,1,sokogoban.txt,2,timeout,250,1351
after,1,sokogoban.txt,4,timeout,250,855
after,1,sokogoban.txt,6,timeout,250,526
after,1,stick_candy_puzzle_saga.txt,1,solved,142,2971
after,1,stick_candy_puzzle_saga.txt,2,timeout,250,4832
after,1,stick_candy_puzzle_saga.txt,4,timeout,250,3632
after,1,stick_candy_puzzle_saga.txt,5,timeout,250,2975
after,1,stick_candy_puzzle_saga.txt,6,timeout,250,3554
after,1,stick_candy_puzzle_saga.txt,7,timeout,250,4103
after,1,stick_candy_puzzle_saga.txt,8,timeout,250,3337
after,1,stick_candy_puzzle_saga.txt,9,timeout,250,4585
after,1,stick_candy_puzzle_saga.txt,10,timeout,250,3422
after,1,stick_candy_puzzle_saga.txt,11,timeout,250,4209
after,1,stick_candy_puzzle_saga.txt,12,timeout,250,3041
after,1,stick_candy_puzzle_saga.txt,13,timeout,250,3483
after,1,stick_candy_puzzle_saga.txt,14,timeout,250,4338
after,1,stick_candy_puzzle_saga.txt,15,timeout,250,3664
after,1,stick_candy_puzzle_saga.txt,16,timeout,250,3298
after,1,stick_candy_puzzle_saga.txt,17,timeout,250,3619
after,1,stick_candy_puzzle_saga.txt,18,timeout,250,3437
after,1,stick_candy_puzzle_saga.txt,19,timeout,250,2504
after,1,stick_candy_puzzle_saga.txt,20,timeout,250,3394
after,1,stick_candy_puzzle_saga.txt,21,timeout,250,2358
after,1,sum three horizontally to 8.txt,4,solved,1,15
after,1,sum three horizontally to 8.txt,6,solved,1,8
after,1,sum three horizontally to 8.txt,8,solved,1,6
after,1,sum three horizontally to 8.txt,10,solved,2,13
after,1,sum three horizontally to 8.txt,13,solved,2,26
after,1,sum three horizontally to 8.txt,15,solved,34,473
after,1,sum three horizontally to 8.txt,17,solved,2,19
after,1,sum three horizontally to 8.txt,19,solved,7,109
after,1,sum three horizontally to 8.txt,22,solved,46,623
after,1,sum three horizontally to 8.txt,24,solved,7,107
after,1,sum three horizontally to 8.txt,26,solved,34,415
after,1,sum three horizontally to 8.txt,28,solved,20,304
after,1,sum three horizontally to 8.txt,31,timeout,250,851
after,1,take heart lass.txt,1,solved,0,3
after,1,take heart lass.txt,3,solved,2,25
after,1,take heart lass.txt,5,solved,0,8
after,1,take heart lass.txt,7,solved,2,28
after,1,take heart lass.txt,9,solved,109,1256
after,1,take heart lass.txt,11,solved,11,120
after,1,take heart lass.txt,13,solved,39,361
after,1,take heart lass.txt,15,timeout,250,2468
after,1,take heart lass.txt,17,solved,7,49
after,1,take heart lass.txt,19,solved,59,512
after,1,take heart lass.txt,21,solved,97,761
after,1,take heart lass.txt,23,timeout,250,1347
after,1,talo pipi 2.txt,1,timeout,250,1138
after,1,talo pipi 2.txt,3,timeout,250,1925
after,1,talo pipi 2.txt,5,timeout,250,1227
after,1,talo pipi 2.txt,7,timeout,250,1542
after,1,talo pipi 2.txt,9,timeout,250,2078
after,1,talo pipi 2.txt,11,timeout,250,973
after,1,talo pipi 2.txt,13,timeout,250,899
after,1,talo pipi 2.txt,15,timeout,250,901
after,1,talo pipi 2.txt,17,solved,0,1
after,1,the exit is under my left foot.txt,1,solved,128,102
after,1,the red ring of immortality.txt,1,solved,7,226
after,1,the red ring of immortality.txt,3,solved,49,1354
after,1,the red ring of immortality.txt,5,solved,1,52
after,1,the red ring of immortality.txt,7,solved,60,1633
after,1,the red ring of immortality.txt,9,solved,6,213
after,1,the red ring of immortality.txt,11,solved,10,332
after,1,the red ring of immortality.txt,13,solved,102,2759
after,1,the red ring of immortality.txt,15,solved,15,424
after,1,the red ring of immortality.txt,17,solved,83,2173
after,1,the red ring of immortality.txt,19,solved,9,264
after,1,the red ring of immortality.txt,21,solved,0,21
after,1,the red ring of immortality.txt,23,solved,0,2
after,1,the_saga_of_the_candy_scroll.txt,6,solved,4,106
after,1,the_saga_of_the_candy_scroll.txt,10,solved,0,8
after,1,the_saga_of_the_candy_scroll.txt,14,solved,0,4
after,1,the_saga_of_the_candy_scroll.txt,18,solved,28,551
after,1,the_saga_of_the_candy_scroll.txt,20,timeout,251,4872
after,1,the_saga_of_the_candy_scroll.txt,22,solved,5,104
after,1,the_saga_of_the_candy_scroll.txt,26,solved,40,832
after,1,the_saga_of_the_candy_scroll.txt,28,timeout,250,4546
after,1,the_saga_of_the_candy_scroll.txt,31,solved,80,1273
after,1,the_saga_of_the_candy_scroll.txt,35,timeout,251,3650
after,1,the_saga_of_the_candy_scroll.txt,46,solved,0,3
after,1,the_saga_of_the_candy_scroll.txt,50,solved,2,54
after,1,the_saga_of_the_candy_scroll.txt,53,solved,32,723
after,1,the_saga_of_the_candy_scroll.txt,55,solved,123,2683
after,1,the_saga_of_the_candy_scroll.txt,58,timeout,250,4728
after,1,the_saga_of_the_candy_scroll.txt,61,timeout,251,5166
after,1,the_saga_of_the_candy_scroll.txt,64,timeout,250,5304
after,1,the_saga_of_the_candy_scroll.txt,66,timeout,250,5033
after,1,the_saga_of_the_candy_scroll.txt,68,timeout,251,5825
after,1,the_saga_of_the_candy_scroll.txt,70,timeout,250,4616
after,1,the_saga_of_the_candy_scroll.txt,78,timeout,250,4203
after,1,the_saga_of_the_candy_scroll.txt,80,timeout,251,3559
after,1,the_saga_of_the_candy_scroll.txt,82,timeout,250,3064
after,1,the_saga_of_the_candy_scroll.txt,85,timeout,250,3744
after,1,the_saga_of_the_candy_scroll.txt,89,timeout,250,3077
after,1,the_saga_of_the_candy_scroll.txt,98,timeout,250,4523
after,1,the_saga_of_the_candy_scroll.txt,102,timeout,250,3084
after,1,the_saga_of_the_candy_scroll.txt,106,timeout,250,2572
after,1,the_saga_of_the_candy_scroll.txt,112,timeout,250,3236
after,1,the_saga_of_the_candy_scroll.txt,116,solved,40,501
after,1,threes.txt,0,timeout,250,365
after,1,tiny treasure hunt.txt,1,timeout,250,78
after,1,tiny treasure hunt.txt,3,timeout,250,28
after,1,tiny treasure hunt.txt,5,timeout,250,33
after,1,tiny treasure hunt.txt,7,timeout,250,104
after,1,tiny treasure hunt.txt,9,timeout,250,38
after,1,tiny treasure hunt.txt,11,timeout,250,92
after,1,tiny treasure hunt.txt,13,timeout,250,37
after,1,tunnel rat.txt,1,timeout,250,280
after,1,tunnel rat.txt,3,timeout,250,160
after,1,unclean residues.txt,2,timeout,250,6028
after,1,unclean residues.txt,4,timeout,250,7865
after,1,unclean residues.txt,6,timeout,250,7771
after,1,unclean residues.txt,8,timeout,251,7276
after,1,unclean residues.txt,10,timeout,250,6083
after,1,unclean residues.txt,13,solved,126,3677
after,1,unewton.txt,2,timeout,251,4446
after,1,unewton.txt,4,timeout,250,6519
after,1,unewton.txt,6,timeout,250,5000
after,1,unewton.txt,8,timeout,251,3624
after,1,whaleworld.txt,1,solved,22,120
after,1,whaleworld.txt,3,solved,22,240
after,1,whaleworld.txt,5,solved,125,878
after,1,whaleworld.txt,7,solved,224,1685
after,1,whaleworld.txt,9,timeout,250,1240
after,1,whaleworld.txt,11,timeout,250,1130
after,1,whaleworld.txt,13,timeout,250,809
after,1,whaleworld.txt,15,timeout,250,1325
after,1,witch lifter.txt,1,solved,250,1434
after,1,witch lifter.txt,3,solved,104,564
after,1,witch lifter.txt,5,timeout,250,1641
after,1,witch lifter.txt,7,timeout,250,1529
after,1,witch lifter.txt,9,timeout,250,1419
after,1,witch lifter.txt,11,timeout,250,1893
after,1,witch lifter.txt,13,timeout,250,955
after,1,witch lifter.txt,15,timeout,250,1058
after,1,wool-clawer.txt,1,timeout,250,1050
after,1,wool-clawer.txt,3,timeout,250,903
after,1,wool-clawer.txt,5,timeout,250,409
after,1,wool-clawer.txt,7,timeout,250,256
after,1,wool-clawer.txt,9,timeout,250,339
after,1,wool-clawer.txt,11,timeout,250,332
after,1,you can't make this up.txt,1,timeout,250,4127
after,1,you complete me.txt,0,timeout,250,3180
after,1,zokoban.txt,0,timeout,250,1801
after,2,15 push pull levels.txt,1,solved,22,1342
after,2,15 push pull levels.txt,3,solved,2,137
after,2,15 push pull levels.txt,5,solved,87,5517
after,2,15 push pull levels.txt,7,solved,132,7643
after,2,15 push pull levels.txt,9,solved,71,4319
after,2,15 push pull levels.txt,11,solved,25,1565
after,2,15 push pull levels.txt,13,solved,23,1376
after,2,15 push pull levels.txt,15,solved,35,2195
after,2,15 push pull levels.txt,17,solved,28,1730
after,2,15 push pull levels.txt,19,solved,132,7849
after,2,15 push pull levels.txt,21,timeout,251,14528
after,2,15 push pull levels.txt,23,solved,224,13036
after,2,15 push pull levels.txt,25,solved,205,12036
after,2,15 push pull levels.txt,27,timeout,251,14780
after,2,15 push pull levels.txt,29,timeout,251,15058
after,2,5-junctions-maker.txt,1,timeout,250,513
after,2,5-junctions-maker.txt,3,solved,0,1
after,2,8 happy snakes.txt,1,solved,0,10
after,2,8 happy snakes.txt,3,solved,29,346
after,2,8 happy snakes.txt,5,solved,7,91
after,2,8 happy snakes.txt,7,solved,45,465
after,2,8 happy snakes.txt,9,timeout,253,6373
after,2,8 happy snakes.txt,11,timeout,252,5599
after,2,8 happy snakes.txt,13,timeout,252,5542
after,2,8 happy snakes.txt,15,timeout,250,1916
after,2,ALL GREEN TO BLUE.txt,1,solved,1,36
after,2,ALL GREEN TO BLUE.txt,3,solved,192,8191
after,2,ALL GREEN TO BLUE.txt,5,solved,89,4892
after,2,ALL GREEN TO BLUE.txt,7,solved,57,3260
after,2,ALL GREEN TO BLUE.txt,9,solved,23,1376
after,2,ALL GREEN TO BLUE.txt,11,timeout,252,11339
after,2,ALL GREEN TO BLUE.txt,13,solved,160,10966
after,2,ALL GREEN TO BLUE.txt,15,solved,3,188
after,2,ALL GREEN TO BLUE.txt,17,timeout,251,15659
after,2,ALL GREEN TO BLUE.txt,19,solved,12,884
after,2,ALL GREEN TO BLUE.txt,21,solved,3,89
after,2,Acorn Scorchery Paradise.txt,1,solved,9,489
after,2,Acorn Scorchery Paradise.txt,3,solved,7,380
after,2,Acorn Scorchery Paradise.txt,5,solved,28,1219
after,2,Acorn Scorchery Paradise.txt,7,solved,8,454
after,2,Acorn Scorchery Paradise.txt,9,solved,34,1545
after,2,All Green and Blue on Yellow.txt,1,solved,3,200
after,2,All Green and Blue on Yellow.txt,3,solved,3,166
after,2,All Green and Blue on Yellow.txt,5,solved,15,1249
after,2,All Green and Blue on Yellow.txt,7,solved,17,1343
after,2,All Green and Blue on Yellow.txt,9,solved,16,1260
after,2,Any hole is a goal.txt,1,solved,5,17
after,2,Any hole is a goal.txt,3,solved,171,802
after,2,Any hole is a goal.txt,5,timeout,250,1128
after,2,Any hole is a goal.txt,7,solved,143,748
after,2,Any hole is a goal.txt,9,timeout,250,1286
after,2,Any hole is a goal.txt,11,timeout,250,1235
after,2,Any hole is a goal.txt,13,timeout,250,1113
after,2,Any hole is a goal.txt,15,timeout,250,1071
after,2,Any hole is a goal.txt,17,timeout,250,1195
after,2,Any hole is a goal.txt,19,timeout,250,1056
after,2,Any hole is a goal.txt,21,timeout,250,1147
after,2,Any hole is a goal.txt,23,solved,230,1037
after,2,Any hole is a goal.txt,25,timeout,250,1181
after,2,Any hole is a goal.txt,27,timeout,250,763
after,2,Any hole is a goal.txt,29,timeout,250,1336
after,2,Any hole is a goal.txt,31,timeout,250,1287
after,2,Any hole is a goal.txt,33,timeout,250,1308
after,2,Any hole is a goal.txt,35,timeout,250,1005
after,2,Any hole is a goal.txt,37,timeout,250,690
after,2,Any hole is a goal.txt,39,timeout,250,1092
after,2,Any hole is a goal.txt,41,timeout,250,1316
after,2,Any hole is a goal.txt,43,timeout,250,750
after,2,Any hole is a goal.txt,45,timeout,250,721
after,2,Any hole is a goal.txt,47,timeout,250,1294
after,2,Any hole is a goal.txt,49,timeout,250,1306
after,2,Any hole is a goal.txt,51,timeout,250,946
after,2,Any hole is a goal.txt,53,timeout,250,1176
after,2,Any hole is a goal.txt,55,timeout,250,1225
after,2,Any hole is a goal.txt,57,timeout,250,1346
after,2,Any hole is a goal.txt,59,timeout,250,1242
after,2,Any hole is a goal.txt,61,timeout,250,1178
after,2,Any hole is a goal.txt,63,timeout,250,1062
after,2,Any hole is a goal.txt,65,timeout,250,1155
after,2,Any hole is a goal.txt,67,timeout,250,1107
after,2,Any hole is a goal.txt,69,timeout,250,1215
after,2,Attractor Net.txt,1,solved,98,2014
after,2,Attractor Net.txt,3,solved,126,2769
after,2,Attractor Net.txt,5,solved,6,162
after,2,Attractor Net.txt,7,solved,22,523
after,2,Attractor Net.txt,9,solved,63,1433
after,2,Attractor Net.txt,11,solved,22,571
after,2,Attractor Net.txt,13,solved,123,3034
after,2,Attractor Net.txt,15,solved,76,1772
after,2,Attractor Net.txt,17,solved,1,20
after,2,Attractor Net.txt,19,solved,76,1642
after,2,BIAXIAL INVASION OF SATURN.txt,3,solved,110,523
after,2,BIAXIAL INVASION OF SATURN.txt,5,timeout,250,900
after,2,BIAXIAL INVASION OF SATURN.txt,7,timeout,250,635
after,2,BIAXIAL INVASION OF SATURN.txt,9,timeout,250,665
after,2,BIAXIAL INVASION OF SATURN.txt,11,timeout,250,656
after,2,BIAXIAL INVASION OF SATURN.txt,13,solved,157,444
after,2,BIAXIAL INVASION OF SATURN.txt,15,timeout,250,679
after,2,BIAXIAL INVASION OF SATURN.txt,17,timeout,250,383
after,2,BIAXIAL INVASION OF SATURN.txt,19,timeout,250,280
after,2,BIAXIAL INVASION OF SATURN.txt,21,timeout,250,217
after,2,BIAXIAL INVASION OF SATURN.txt,23,timeout,250,288
after,2,BIAXIAL INVASION OF SATURN.txt,25,timeout,251,40
after,2,BIAXIAL INVASION OF SATURN.txt,28,solved,0,1
after,2,BIAXIAL INVASION OF SATURN.txt,29,solved,0,1
after,2,BIAXIAL INVASION OF SATURN.txt,30,solved,0,1
after,2,BIAXIAL INVASION OF SATURN.txt,31,solved,1,1
after,2,Bicycle-Kick Football.txt,1,solved,216,621
after,2,Bicycle-Kick Football.txt,4,solved,10,91
after,2,Bicycle-Kick Football.txt,7,solved,126,685
after,2,Bicycle-Kick Football.txt,10,timeout,250,2113
after,2,Bicycle-Kick Football.txt,13,timeout,250,1035
after,2,Bicycle-Kick Football.txt,16,timeout,250,1811
after,2,Bring the ice cube to the goal without exposing it to heat.txt,1,timeout,250,676
after,2,CODEX LUBRICUS.txt,2,solved,35,130
after,2,CODEX LUBRICUS.txt,4,solved,47,93
after,2,CODEX LUBRICUS.txt,6,solved,53,73
after,2,CODEX LUBRICUS.txt,8,solved,25,93
after,2,CODEX LUBRICUS.txt,10,solved,79,113
after,2,CODEX LUBRICUS.txt,12,solved,57,149
after,2,CODEX LUBRICUS.txt,14,solved,57,111
after,2,CODEX LUBRICUS.txt,16,solved,61,118
after,2,CODEX LUBRICUS.txt,18,solved,70,105
after,2,CODEX LUBRICUS.txt,20,solved,72,115
after,2,CODEX LUBRICUS.txt,22,solved,49,112
after,2,CODEX LUBRICUS.txt,24,solved,60,116
after,2,CODEX LUBRICUS.txt,26,solved,61,108
after,2,CODEX LUBRICUS.txt,28,solved,72,104
after,2,CODEX LUBRICUS.txt,30,solved,88,131
after,2,CODEX LUBRICUS.txt,32,solved,191,275
after,2,CODEX LUBRICUS.txt,34,solved,74,122
after,2,CODEX LUBRICUS.txt,36,solved,63,164
after,2,CODEX LUBRICUS.txt,38,solved,44,102
after,2,CODEX LUBRICUS.txt,40,solved,173,262
after,2,Chevron Lodger.txt,1,solved,2,67
after,2,Chevron Lodger.txt,3,solved,55,1755
after,2,Chevron Lodger.txt,5,solved,180,5035
after,2,Chevron Lodger.txt,7,solved,26,823
after,2,Chevron Lodger.txt,9,timeout,250,6839
after,2,Chevron Lodger.txt,11,timeout,250,5699
after,2,Crates move when you move.txt,1,solved,3,138
after,2,Crates move when you move.txt,3,solved,1,73
after,2,Crates move when you move.txt,5,solved,1,49
after,2,Crates move when you move.txt,7,solved,3,115
after,2,Crates move when you move.txt,9,solved,2,71
after,2,Crates move when you move.txt,11,solved,0,3
after,2,Crates move when you move.txt,13,solved,9,348
after,2,Crates move when you move.txt,15,solved,6,230
after,2,Crates move when you move.txt,17,solved,2,93
after,2,Crates move when you move.txt,19,solved,10,415
after,2,Cucumber Surprise.txt,2,solved,6,259
after,2,Cucumber Surprise.txt,5,solved,6,201
after,2,Cucumber Surprise.txt,7,solved,31,1178
after,2,Cucumber Surprise.txt,9,solved,93,2499
after,2,Cucumber Surprise.txt,11,timeout,251,7577
after,2,Cucumber Surprise.txt,13,solved,33,1163
after,2,Cucumber Surprise.txt,15,solved,64,2202
after,2,Cucumber Surprise.txt,17,solved,27,916
after,2,Cucumber Surprise.txt,19,solved,39,1311
after,2,Cucumber Surprise.txt,21,solved,238,8142
after,2,Cucumber Surprise.txt,23,solved,104,3449
after,2,Cucumber Surprise.txt,25,solved,39,1243
after,2,Cucumber Surprise.txt,27,solved,235,7437
after,2,Cucumber Surprise.txt,29,solved,21,731
after,2,Cucumber Surprise.txt,31,solved,64,2119
after,2,Cucumber Surprise.txt,33,solved,106,3415
after,2,Cucumber Surprise.txt,35,solved,53,1727
after,2,Cucumber Surprise.txt,37,solved,26,812
after,2,Cucumber Surprise.txt,39,solved,124,2968
after,2,Cucumber Surprise.txt,41,timeout,250,6170
after,2,Des Poseidons Dreizack.txt,1,timeout,250,173
after,2,Des Poseidons Dreizack.txt,3,timeout,250,116
after,2,Des Poseidons Dreizack.txt,5,timeout,250,115
after,2,Des Poseidons Dreizack.txt,6,solved,1,9
after,2,Des Poseidons Dreizack.txt,7,solved,0,1
after,2,Don't let your goals slip away.txt,1,solved,1,63
after,2,Don't let your goals slip away.txt,3,solved,101,4881
after,2,Don't let your goals slip away.txt,5,solved,2,121
after,2,Don't let your goals slip away.txt,7,solved,10,512
after,2,Don't let your goals slip away.txt,9,solved,24,1317
after,2,Don't let your goals slip away.txt,11,solved,124,5817
after,2,Don't let your goals slip away.txt,13,solved,44,2187
after,2,Don't let your goals slip away.txt,15,solved,155,7721
after,2,Double-Entry Bookkeeping Simulator.txt,1,timeout,250,1526
after,2,Double-Entry Bookkeeping Simulator.txt,3,timeout,250,968
after,2,Double-Entry Bookkeeping Simulator.txt,5,timeout,250,1674
after,2,Double-Entry Bookkeeping Simulator.txt,7,timeout,250,1128
after,2,Double-Entry Bookkeeping Simulator.txt,9,timeout,250,1031
after,2,Double-Entry Bookkeeping Simulator.txt,11,timeout,250,753
after,2,Double-Entry Bookkeeping Simulator.txt,13,timeout,250,468
after,2,Double-Entry Bookkeeping Simulator.txt,15,timeout,250,629
after,2,Double-Entry Bookkeeping Simulator.txt,17,timeout,250,1693
after,2,Explodoban.txt,1,solved,9,437
after,2,Explodoban.txt,3,solved,8,320
after,2,Explodoban.txt,5,solved,80,3082
after,2,Explodoban.txt,7,solved,179,5873
after,2,Explodoban.txt,9,solved,95,3907
after,2,Explodoban.txt,11,solved,70,2959
after,2,Explodoban.txt,13,timeout,251,9714
after,2,Eyeball-watching flowers bloom.txt,1,solved,2,53
after,2,Eyeball-watching flowers bloom.txt,3,solved,210,4076
after,2,Eyeball-watching flowers bloom.txt,5,timeout,250,4680
after,2,Garten der Medusen.txt,1,solved,7,6
after,2,Garten der Medusen.txt,3,solved,5,4
after,2,Garten der Medusen.txt,5,solved,8,6
after,2,Garten der Medusen.txt,7,timeout,250,291
after,2,Garten der Medusen.txt,9,timeout,250,177
after,2,Garten der Medusen.txt,11,timeout,250,145
after,2,Garten der Medusen.txt,13,timeout,250,59
after,2,Garten der Medusen.txt,15,timeout,250,85
after,2,Hole-Stuffer.txt,1,timeout,250,3173
after,2,Hole-Stuffer.txt,3,timeout,250,3287
after,2,Hole-Stuffer.txt,5,solved,12,178
after,2,Hole-Stuffer.txt,7,timeout,251,2419
after,2,"Individuals can produce a society, but can a society produce individuals.txt",1,timeout,251,492
after,2,It gets its Feet Wet.txt,1,timeout,250,274
after,2,Legend of Swixero.txt,1,solved,7,369
after,2,Legend of Swixero.txt,3,solved,26,1444
after,2,Legend of Swixero.txt,5,solved,10,450
after,2,Legend of Swixero.txt,7,timeout,251,10707
after,2,Legend of Swixero.txt,9,timeout,251,10804
after,2,Match two two by twos.txt,2,timeout,250,1434
after,2,Match two two by twos.txt,4,timeout,250,851
after,2,Match two two by twos.txt,6,timeout,250,737
after,2,Match-Maker.txt,1,solved,35,1111
after,2,Match-Maker.txt,3,solved,2,66
after,2,Match-Maker.txt,5,solved,9,214
after,2,Match-Maker.txt,7,solved,249,4771
after,2,Match-Maker.txt,9,timeout,250,4249
after,2,Match-Maker.txt,11,timeout,250,4595
after,2,Match-Maker.txt,13,solved,195,3402
after,2,Match-Maker.txt,15,solved,233,4839
after,2,Match-Maker.txt,17,timeout,250,3857
after,2,Microban x 10.txt,2,timeout,250,365
after,2,Muraphilic Monophobic Multiban.txt,1,timeout,252,8597
after,2,Muraphilic Monophobic Multiban.txt,3,solved,0,6
after,2,Muraphilic Monophobic Multiban.txt,5,solved,12,390
after,2,Muraphilic Monophobic Multiban.txt,7,solved,110,4207
after,2,Muraphilic Monophobic Multiban.txt,9,timeout,252,9242
after,2,Muraphilic Monophobic Multiban.txt,11,solved,75,2039
after,2,Muraphilic Monophobic Multiban.txt,13,solved,28,1149
after,2,Muraphilic Monophobic Multiban.txt,15,timeout,251,8733
after,2,NIGHTMARECROBAN.txt,1,solved,6,309
after,2,NIGHTMARECROBAN.txt,3,solved,34,1682
after,2,NIGHTMARECROBAN.txt,5,solved,24,1170
after,2,NIGHTMARECROBAN.txt,7,solved,10,387
after,2,NIGHTMARECROBAN.txt,9,solved,16,515
after,2,NIGHTMARECROBAN.txt,11,solved,46,1605
after,2,NIGHTMARECROBAN.txt,13,solved,98,3677
after,2,Neoprenanzieher.txt,2,timeout,250,475
after,2,North Wind Simple Sailboat Buoy Collection.txt,2,exhausted,1,9
after,2,North Wind Simple Sailboat Buoy Collection.txt,4,exhausted,3,9
after,2,North Wind Simple Sailboat Buoy Collection.txt,6,exhausted,2,9
after,2,Oh No My Dog Is About To Swallow A Piece Of.txt,1,timeout,250,113
after,2,Place the crate on the targets.txt,1,timeout,251,1223
after,2,Pocket Gopher - Root-Shoot Nibbler.txt,2,timeout,250,1403
after,2,Pocket Gopher - Root-Shoot Nibbler.txt,5,timeout,250,999
after,2,Pocket Gopher - Root-Shoot Nibbler.txt,8,timeout,250,1298
after,2,Pocket Gopher - Root-Shoot Nibbler.txt,11,timeout,250,726
after,2,Pocket Gopher - Root-Shoot Nibbler.txt,14,timeout,250,1110
after,2,Pushy-V Pully-H.txt,1,solved,13,664
after,2,Pushy-V Pully-H.txt,3,solved,0,25
after,2,Pushy-V Pully-H.txt,5,solved,16,866
after,2,Pushy-V Pully-H.txt,7,solved,29,1738
after,2,Pushy-V Pully-H.txt,9,solved,0,14
after,2,Pushy-V Pully-H.txt,11,solved,1,109
after,2,Pushy-V Pully-H.txt,13,solved,1,78
after,2,Pushy-V Pully-H.txt,15,solved,75,3497
after,2,Pushy-V Pully-H.txt,17,solved,58,2857
after,2,Pushy-V Pully-H.txt,19,solved,1,72
after,2,Pushy-V Pully-H.txt,21,solved,181,9302
after,2,"Put the logs in the water, elephant.txt",1,timeout,250,2579
after,2,"Put the logs in the water, elephant.txt",4,solved,63,770
after,2,"Put the logs in the water, elephant.txt",7,timeout,250,2871
after,2,"Put the logs in the water, elephant.txt",10,solved,129,1313
after,2,"Put the logs in the water, elephant.txt",13,timeout,250,3022
after,2,"Put the logs in the water, elephant.txt",16,timeout,250,3319
after,2,"Put the logs in the water, elephant.txt",19,timeout,250,2467
after,2,"Put the logs in the water, elephant.txt",22,timeout,250,3342
after,2,Putting Bicycle Helmets on Young Children.txt,1,timeout,251,227
after,2,Putting Bicycle Helmets on Young Children.txt,3,timeout,251,102
after,2,Putting Bicycle Helmets on Young Children.txt,5,timeout,250,97
after,2,Recondite Star Sector Sigma.txt,1,solved,14,644
after,2,Recondite Star Sector Sigma.txt,3,solved,179,7848
after,2,Recondite Star Sector Sigma.txt,5,solved,121,6910
after,2,Recondite Star Sector Sigma.txt,7,solved,224,9804
after,2,Recondite Star Sector Sigma.txt,9,solved,164,9178
after,2,Recondite Star Sector Sigma.txt,11,solved,23,1338
after,2,Recondite Star Sector Sigma.txt,13,solved,244,12443
after,2,Recondite Star Sector Sigma.txt,15,solved,93,3835
after,2,Recondite Star Sector Sigma.txt,17,timeout,251,12071
after,2,Recondite Star Sector Sigma.txt,19,solved,32,1580
after,2,Resin-Caster.txt,2,solved,16,1014
after,2,Resin-Caster.txt,4,solved,12,729
after,2,Resin-Caster.txt,6,solved,33,2010
after,2,Resin-Caster.txt,8,solved,73,4444
after,2,Resin-Caster.txt,10,solved,13,762
after,2,Resin-Caster.txt,12,solved,23,1470
after,2,Resin-Caster.txt,14,solved,70,3899
after,2,Resin-Caster.txt,16,solved,9,576
after,2,Resin-Caster.txt,18,solved,20,1073
after,2,Resin-Caster.txt,20,solved,23,1472
after,2,S-tercourse.txt,1,timeout,250,1792
after,2,S-tercourse.txt,3,solved,40,357
after,2,S-tercourse.txt,5,solved,35,302
after,2,S-tercourse.txt,7,timeout,250,1849
after,2,S-tercourse.txt,9,timeout,250,2071
after,2,S-tercourse.txt,11,timeout,250,2106
after,2,S-tercourse.txt,13,timeout,250,1745
after,2,S-tercourse.txt,15,timeout,250,1554
after,2,S-tercourse.txt,17,timeout,250,1866
after,2,S-tercourse.txt,19,timeout,250,1597
after,2,S-tercourse.txt,21,timeout,250,2162
after,2,S-tercourse.txt,23,timeout,250,1928
after,2,SWIMMING TIME.txt,2,timeout,250,367
after,2,Scalesoban.txt,1,solved,0,14
after,2,Scalesoban.txt,3,solved,2,91
after,2,Scalesoban.txt,5,solved,22,858
after,2,Schleimban.txt,1,solved,25,306
after,2,Schleimban.txt,3,solved,50,768
after,2,Schleimban.txt,5,solved,42,548
after,2,Schleimban.txt,7,solved,72,1018
after,2,Schleimban.txt,9,solved,37,503
after,2,Schleimban.txt,11,solved,0,1
after,2,Subway upholstry snot smearing championship.txt,2,solved,240,6991
after,2,Subway upholstry snot smearing championship.txt,4,solved,7,240
after,2,Subway upholstry snot smearing championship.txt,6,solved,3,96
after,2,Subway upholstry snot smearing championship.txt,8,timeout,250,5192
after,2,Subway upholstry snot smearing championship.txt,10,solved,122,3469
after,2,Subway upholstry snot smearing championship.txt,12,solved,71,1208
after,2,Subway upholstry snot smearing championship.txt,14,timeout,250,4445
after,2,The Far Away Danish Pastry is always Delicio.txt,1,solved,0,7
after,2,The Far Away Danish Pastry is always Delicio.txt,3,solved,0,10
after,2,The Far Away Danish Pastry is always Delicio.txt,5,solved,4,183
after,2,The Far Away Danish Pastry is always Delicio.txt,7,solved,1,45
after,2,The Far Away Danish Pastry is always Delicio.txt,9,solved,1,74
after,2,The Far Away Danish Pastry is always Delicio.txt,11,solved,75,3545
after,2,The Far Away Danish Pastry is always Delicio.txt,13,solved,28,1232
after,2,The Far Away Danish Pastry is always Delicio.txt,15,solved,102,4154
after,2,The Monsterous Autoshove.txt,1,solved,43,710
after,2,The Monsterous Autoshove.txt,3,solved,66,921
after,2,The Monsterous Autoshove.txt,5,timeout,250,2070
after,2,The Monsterous Autoshove.txt,7,solved,38,575
after,2,The Monsterous Autoshove.txt,9,timeout,250,2276
after,2,The Monsterous Autoshove.txt,11,timeout,250,2503
after,2,The sponge what lights up the seafloor.txt,1,solved,106,503
after,2,The sponge what lights up the seafloor.txt,3,timeout,250,1275
after,2,The sponge what lights up the seafloor.txt,5,timeout,250,995
after,2,The sponge what lights up the seafloor.txt,7,solved,119,633
after,2,The sponge what lights up the seafloor.txt,9,timeout,250,1472
after,2,The sponge what lights up the seafloor.txt,11,solved,182,942
after,2,The sponge what lights up the seafloor.txt,13,timeout,250,1318
after,2,The sponge what lights up the seafloor.txt,15,timeout,250,1402
after,2,The sponge what lights up the seafloor.txt,17,timeout,250,1250
after,2,The sponge what lights up the seafloor.txt,19,timeout,250,1296
after,2,Two-Step Pete.txt,1,solved,2,61
after,2,Two-Step Pete.txt,3,solved,58,2153
after,2,Two-Step Pete.txt,5,solved,8,305
after,2,Two-Step Pete.txt,7,timeout,251,6731
after,2,Two-Step Pete.txt,9,solved,43,1810
after,2,Two-Step Pete.txt,11,solved,2,99
after,2,Two-Step Pete.txt,13,solved,19,756
after,2,Two-Step Pete.txt,15,timeout,251,10447
after,2,Two-Tone Tango.txt,1,solved,69,1805
after,2,Two-Tone Tango.txt,3,solved,23,569
after,2,Two-Tone Tango.txt,5,solved,40,1163
after,2,Two-Tone Tango.txt,7,solved,245,6728
after,2,Two-Tone Tango.txt,9,solved,1,38
after,2,Two-Tone Tango.txt,11,solved,28,747
after,2,Two-Tone Tango.txt,13,solved,143,4124
after,2,Two-Tone Tango.txt,15,solved,103,3028
after,2,Van-to-Mobile-Living-Space-Conversion Window.txt,1,solved,3,39
after,2,Van-to-Mobile-Living-Space-Conversion Window.txt,3,solved,77,1296
after,2,Van-to-Mobile-Living-Space-Conversion Window.txt,5,solved,3,49
after,2,Van-to-Mobile-Living-Space-Conversion Window.txt,7,timeout,250,3956
after,2,Van-to-Mobile-Living-Space-Conversion Window.txt,9,timeout,250,3944
after,2,Van-to-Mobile-Living-Space-Conversion Window.txt,11,timeout,250,3575
after,2,Van-to-Mobile-Living-Space-Conversion Window.txt,13,solved,64,938
after,2,Van-to-Mobile-Living-Space-Conversion Window.txt,15,solved,233,3383
after,2,Van-to-Mobile-Living-Space-Conversion Window.txt,17,solved,40,673
after,2,Van-to-Mobile-Living-Space-Conversion Window.txt,19,timeout,250,3600
after,2,Van-to-Mobile-Living-Space-Conversion Window.txt,21,timeout,250,3635
after,2,Van-to-Mobile-Living-Space-Conversion Window.txt,23,solved,128,1754
after,2,Van-to-Mobile-Living-Space-Conversion Window.txt,25,timeout,251,4048
after,2,Van-to-Mobile-Living-Space-Conversion Window.txt,27,timeout,250,3747
after,2,Varifocal Nightmare.txt,1,solved,48,1456
after,2,Varifocal Nightmare.txt,3,solved,23,780
after,2,Varifocal Nightmare.txt,5,solved,66,2291
after,2,Varifocal Nightmare.txt,7,timeout,251,7663
after,2,Varifocal Nightmare.txt,9,solved,197,4318
after,2,Vexatious Match 3.txt,2,timeout,251,6464
after,2,Vexatious Match 3.txt,4,timeout,251,8098
after,2,Vexatious Match 3.txt,6,timeout,250,7531
after,2,Vexatious Match 3.txt,8,timeout,251,8221
after,2,Vexatious Match 3.txt,10,solved,47,1992
after,2,Voitex Rasteriser 2.txt,1,timeout,251,4384
after,2,Voitex Rasteriser.txt,0,timeout,252,7799
after,2,Voitex Rasteriser.txt,2,solved,0,1
after,2,Wand Spinner.txt,1,solved,6,263
after,2,Wand Spinner.txt,3,solved,5,214
after,2,Wand Spinner.txt,5,solved,70,2715
after,2,Wand Spinner.txt,7,solved,108,4051
after,2,Wand Spinner.txt,9,solved,12,417
after,2,Wand Spinner.txt,11,solved,24,949
after,2,Wand Spinner.txt,13,solved,34,1308
after,2,Wand Spinner.txt,15,solved,14,513
after,2,Wand Spinner.txt,17,solved,29,973
after,2,Wand Spinner.txt,19,solved,63,1879
after,2,Wand Spinner.txt,21,solved,27,796
after,2,Wand Spinner.txt,23,timeout,250,7523
after,2,Wand Spinner.txt,25,solved,22,721
after,2,Wand Spinner.txt,27,solved,113,3180
after,2,Wand Spinner.txt,29,timeout,250,8330
after,2,Wand Spinner.txt,31,solved,61,2265
after,2,Wand Spinner.txt,33,solved,2,68
after,2,Wand Spinner.txt,35,solved,156,5885
after,2,Xorro The Chaos Warden.txt,1,solved,6,267
after,2,Xorro The Chaos Warden.txt,3,solved,139,4418
after,2,Xorro The Chaos Warden.txt,5,solved,91,3553
after,2,Xorro The Chaos Warden.txt,7,timeout,251,6850
after,2,Yellow Box.txt,1,solved,124,3503
after,2,Yellow Box.txt,3,solved,16,332
after,2,Yellow Box.txt,5,solved,4,49
after,2,Yellow Box.txt,7,solved,17,293
after,2,Yellow Box.txt,9,solved,74,1318
after,2,Yellow Box.txt,11,solved,90,1642
after,2,Yellow Box.txt,13,solved,15,285
after,2,Yellow Box.txt,15,timeout,251,8945
after,2,Yellow Box.txt,17,solved,5,58
after,2,Yellow Box.txt,19,solved,22,272
after,2,Yellow Box.txt,21,solved,85,1639
after,2,Yellow Box.txt,23,solved,1,20
after,2,Yellow Box.txt,25,solved,14,259
after,2,Yellow Box.txt,27,solved,26,498
after,2,Yellow Box.txt,29,solved,15,280
after,2,Yellow Box.txt,31,solved,127,2277
after,2,Yellow Box.txt,33,solved,16,284
after,2,Yellow Box.txt,35,timeout,250,4299
after,2,a clear view of the sky.txt,3,solved,25,58
after,2,a clear view of the sky.txt,6,solved,19,55
after,2,a clear view of the sky.txt,8,solved,18,60
after,2,a clear view of the sky.txt,10,solved,12,52
after,2,a clear view of the sky.txt,12,solved,21,54
after,2,a clear view of the sky.txt,14,solved,21,43
after,2,a clear view of the sky.txt,16,solved,66,185
after,2,a clear view of the sky.txt,18,timeout,250,427
after,2,a clear view of the sky.txt,20,solved,37,64
after,2,a clear view of the sky.txt,22,solved,129,235
after,2,a clear view of the sky.txt,24,timeout,250,589
after,2,a clear view of the sky.txt,26,timeout,250,223
after,2,a clear view of the sky.txt,28,timeout,250,124
after,2,a clear view of the sky.txt,30,solved,0,1
after,2,a clear view of the sky.txt,31,solved,0,1
after,2,a clear view of the sky.txt,32,solved,0,1
after,2,a clear view of the sky.txt,33,solved,0,1
after,2,a clear view of the sky.txt,34,solved,0,1
after,2,a clear view of the sky.txt,35,solved,0,1
after,2,a cliche for bedtime.txt,1,timeout,251,7499
after,2,a distant sunset.txt,1,solved,22,83
after,2,a distant sunset.txt,3,solved,0,1
after,2,a distant sunset.txt,4,solved,0,1
after,2,a distant sunset.txt,5,solved,0,1
after,2,alternatey.txt,2,solved,15,170
after,2,alternatey.txt,4,solved,78,428
after,2,alternatey.txt,6,timeout,250,2155
after,2,an ok multiban level.txt,1,timeout,251,11885
after,2,atlas shrank.txt,1,solved,1,11
after,2,atlas shrank.txt,4,solved,245,1898
after,2,atlas shrank.txt,5,solved,135,887
after,2,atlas shrank.txt,6,timeout,250,1683
after,2,atlas shrank.txt,8,timeout,250,805
after,2,atlas shrank.txt,10,solved,116,611
after,2,atlas shrank.txt,11,timeout,250,1108
after,2,atlas shrank.txt,12,timeout,250,1262
after,2,atlas shrank.txt,14,timeout,250,1098
after,2,atlas shrank.txt,15,timeout,250,332
after,2,atlas shrank.txt,16,timeout,250,307
after,2,atlas shrank.txt,17,timeout,250,836
after,2,autohurdler.txt,1,solved,9,124
after,2,autohurdler.txt,3,solved,3,35
after,2,autohurdler.txt,5,timeout,250,3431
after,2,autohurdler.txt,7,solved,33,402
after,2,big dog and little dog.txt,1,solved,238,2021
after,2,big dog and little dog.txt,3,timeout,250,1710
after,2,big dog and little dog.txt,5,timeout,250,1464
after,2,big dog and little dog.txt,7,timeout,250,1417
after,2,big dog and little dog.txt,9,timeout,250,1185
after,2,big dog and little dog.txt,11,timeout,250,663
after,2,bouncers.txt,1,timeout,252,7406
after,2,bouncers.txt,3,timeout,253,7067
after,2,bouncers.txt,5,timeout,252,6776
after,2,bouncers.txt,7,timeout,252,5836
after,2,bouncers.txt,9,timeout,252,5202
after,2,butteater.txt,1,solved,23,482
after,2,butteater.txt,3,timeout,251,4400
after,2,byyourside.txt,0,solved,1,17
after,2,byyourside.txt,1,solved,83,1231
after,2,byyourside.txt,2,solved,14,216
after,2,byyourside.txt,3,solved,1,14
after,2,byyourside.txt,4,solved,17,264
after,2,byyourside.txt,5,solved,22,299
after,2,byyourside.txt,6,solved,0,5
after,2,byyourside.txt,7,solved,1,16
after,2,byyourside.txt,8,solved,115,1709
after,2,byyourside.txt,9,solved,65,1062
after,2,cakemonsters.txt,2,solved,0,3
after,2,cakemonsters.txt,4,solved,0,10
after,2,cakemonsters.txt,7,solved,6,208
after,2,cakemonsters.txt,9,solved,7,268
after,2,cakemonsters.txt,11,solved,1,25
after,2,cakemonsters.txt,13,solved,11,275
after,2,cakemonsters.txt,14,solved,1,43
after,2,cakemonsters.txt,15,solved,8,305
after,2,cakemonsters.txt,16,solved,41,1021
after,2,cakemonsters.txt,17,solved,2,70
after,2,cakemonsters.txt,18,solved,0,10
after,2,cakemonsters.txt,20,timeout,251,7606
after,2,cakemonsters.txt,21,solved,123,3880
after,2,cakemonsters.txt,22,solved,10,326
after,2,cakemonsters.txt,24,solved,0,18
after,2,cakemonsters.txt,25,solved,0,7
after,2,cakemonsters.txt,26,solved,0,8
after,2,cakemonsters.txt,27,solved,0,9
after,2,cakemonsters.txt,28,solved,11,380
after,2,cakemonsters.txt,29,solved,8,314
after,2,cakemonsters.txt,31,solved,1,40
after,2,cakemonsters.txt,32,solved,34,1164
after,2,cakemonsters.txt,33,solved,107,3917
after,2,cakemonsters.txt,34,timeout,251,6543
after,2,cakemonsters.txt,35,solved,7,259
after,2,cakemonsters.txt,37,timeout,251,5333
after,2,cakemonsters.txt,38,solved,167,6123
after,2,cakemonsters.txt,39,solved,0,18
after,2,cakemonsters.txt,40,solved,122,4864
after,2,cakemonsters.txt,41,timeout,250,8997
after,2,cakemonsters.txt,43,solved,1,34
after,2,cakemonsters.txt,44,solved,162,5188
after,2,cakemonsters.txt,46,solved,58,1821
after,2,cakemonsters.txt,47,timeout,251,8346
after,2,cakemonsters.txt,49,timeout,251,8853
after,2,cakemonsters.txt,52,timeout,251,7318
after,2,car crash.txt,1,timeout,250,130
after,2,car crash.txt,2,solved,108,0
after,2,castlecloset.txt,0,solved,186,2695
after,2,castlemouse.txt,1,solved,12,48
after,2,castlemouse.txt,3,solved,12,42
after,2,castlemouse.txt,5,solved,46,141
after,2,castlemouse.txt,7,timeout,250,1071
after,2,castlemouse.txt,9,solved,5,20
after,2,castlemouse.txt,11,timeout,250,590
after,2,castlemouse.txt,13,solved,5,6
after,2,castlemouse.txt,15,solved,7,12
after,2,castlemouse.txt,17,solved,2,3
after,2,castlemouse.txt,19,solved,9,9
after,2,chaos wizard.txt,2,solved,92,960
after,2,chaos wizard.txt,3,solved,35,293
after,2,chaos wizard.txt,4,timeout,251,2944
after,2,chaos wizard.txt,5,timeout,251,4239
after,2,chaos wizard.txt,6,timeout,251,2439
after,2,chaos wizard.txt,7,timeout,250,2859
after,2,chaos wizard.txt,8,timeout,250,2649
after,2,chaos wizard.txt,9,timeout,251,3845
after,2,chaos wizard.txt,10,timeout,251,3259
after,2,chaos wizard.txt,11,timeout,250,3141
after,2,chaos wizard.txt,12,timeout,251,2999
after,2,chaos wizard.txt,13,timeout,251,3207
after,2,chaos wizard.txt,14,timeout,251,3247
after,2,chaos wizard.txt,15,timeout,251,3403
after,2,chaos wizard.txt,16,timeout,252,3368
after,2,chaos wizard.txt,17,timeout,251,3009
after,2,chaos wizard.txt,18,timeout,250,3596
after,2,chaos wizard.txt,19,timeout,251,3636
after,2,chaos wizard.txt,20,timeout,251,2342
after,2,chaos wizard.txt,22,solved,9,65
after,2,chaos wizard.txt,24,timeout,250,2165
after,2,chaos wizard.txt,27,timeout,250,2516
after,2,coincounter.txt,0,solved,2,9
after,2,coincounter.txt,1,solved,3,22
after,2,coincounter.txt,2,solved,10,69
after,2,coincounter.txt,3,solved,14,93
after,2,coincounter.txt,4,solved,51,289
after,2,coincounter.txt,5,solved,50,287
after,2,coincounter.txt,6,solved,133,892
after,2,coincounter.txt,7,timeout,250,1660
after,2,coincounter.txt,8,solved,9,51
after,2,coincounter.txt,9,solved,2,7
after,2,coincounter.txt,10,solved,0,1
after,2,collapse.txt,2,solved,167,186
after,2,collapse.txt,3,timeout,250,131
after,2,color chained.txt,0,solved,10,31
after,2,color chained.txt,1,solved,5,9
after,2,color chained.txt,2,solved,220,645
after,2,color chained.txt,3,solved,69,160
after,2,color chained.txt,4,solved,52,139
after,2,color chained.txt,5,timeout,250,542
after,2,color chained.txt,6,timeout,250,507
after,2,color chained.txt,7,timeout,250,395
after,2,color chained.txt,8,timeout,250,457
after,2,color chained.txt,9,timeout,250,423
after,2,color chained.txt,10,timeout,250,480
after,2,color chained.txt,14,timeout,250,379
after,2,constellationz.txt,0,solved,0,5
after,2,constellationz.txt,1,solved,0,5
after,2,constellationz.txt,2,solved,4,72
after,2,constellationz.txt,3,solved,1,10
after,2,constellationz.txt,4,solved,7,124
after,2,constellationz.txt,5,solved,7,28
after,2,constellationz.txt,6,solved,203,1718
after,2,constellationz.txt,7,solved,191,1466
after,2,constellationz.txt,8,timeout,251,2933
after,2,constellationz.txt,9,timeout,251,1726
after,2,constellationz.txt,10,timeout,251,2603
after,2,cooperacing.txt,3,timeout,251,2928
after,2,cooperacing.txt,5,timeout,250,3290
after,2,cooperacing.txt,8,timeout,250,2524
after,2,cooperacing.txt,10,timeout,250,2641
after,2,crate guardian.txt,1,timeout,251,5249
after,2,crate guardian.txt,3,solved,81,1913
after,2,crate guardian.txt,5,timeout,250,5806
after,2,crate guardian.txt,7,timeout,250,5577
after,2,crate guardian.txt,9,timeout,250,5144
after,2,crate guardian.txt,11,timeout,250,5206
after,2,crate swap.txt,1,solved,23,1202
after,2,crate swap.txt,3,solved,11,714
after,2,crate swap.txt,5,solved,29,1659
after,2,crate swap.txt,7,solved,30,1732
after,2,crate swap.txt,9,solved,47,2606
after,2,crate swap.txt,11,solved,53,3024
after,2,crate swap.txt,13,solved,45,2569
after,2,crate swap.txt,15,solved,32,1789
after,2,cratopia.txt,2,solved,5,70
after,2,cratopia.txt,3,timeout,250,2805
after,2,cratopia.txt,5,solved,72,764
after,2,cratopia.txt,9,timeout,250,1964
after,2,cratopia.txt,11,timeout,250,3913
after,2,cratopia.txt,12,timeout,250,3054
after,2,cratopia.txt,13,timeout,250,1498
after,2,cratopia.txt,14,timeout,251,2505
after,2,cratopia.txt,15,timeout,250,2806
after,2,cratopia.txt,16,timeout,250,2254
after,2,cratopia.txt,17,timeout,250,2972
after,2,cratopia.txt,18,timeout,250,2807
after,2,cratopia.txt,19,timeout,250,2379
after,2,cratopia.txt,20,solved,32,31
after,2,cratopia.txt,21,solved,47,0
after,2,cratopia.txt,22,solved,39,0
after,2,cratopia.txt,23,solved,38,0
after,2,cute train.txt,1,timeout,251,90
after,2,der hydra krypta.txt,1,solved,49,21
after,2,der hydra krypta.txt,3,timeout,250,100
after,2,der hydra krypta.txt,5,timeout,250,132
after,2,der hydra krypta.txt,7,timeout,251,72
after,2,der hydra krypta.txt,9,timeout,250,113
after,2,der hydra krypta.txt,11,timeout,250,115
after,2,der hydra krypta.txt,13,solved,0,1
after,2,dice goblin.txt,3,timeout,250,855
after,2,die schoene steinmetzin.txt,1,timeout,250,1536
after,2,die schoene steinmetzin.txt,3,timeout,250,1398
after,2,die schoene steinmetzin.txt,5,timeout,250,1558
after,2,die schoene steinmetzin.txt,7,timeout,250,1679
after,2,die schoene steinmetzin.txt,9,timeout,250,1661
after,2,die schoene steinmetzin.txt,11,timeout,250,1016
after,2,die schoene steinmetzin.txt,13,timeout,250,1019
after,2,die schoene steinmetzin.txt,15,timeout,250,922
after,2,die schoene steinmetzin.txt,16,exhausted,0,1
after,2,diesinthelight.txt,0,solved,12,94
after,2,diesinthelight.txt,1,solved,69,432
after,2,diesinthelight.txt,2,timeout,250,1275
after,2,diesinthelight.txt,3,timeout,250,1266
after,2,dollyban.txt,1,solved,121,3182
after,2,dollyban.txt,3,solved,91,3417
after,2,dollyban.txt,5,timeout,250,9419
after,2,dollyban.txt,7,timeout,250,8690
after,2,dollyban.txt,9,timeout,250,8783
after,2,dollyban.txt,11,timeout,250,7326
after,2,dollyban.txt,13,solved,194,5653
after,2,dollyban.txt,15,timeout,250,7654
after,2,dollyban.txt,17,timeout,250,7889
after,2,dollyban.txt,19,timeout,250,7493
after,2,dollyban.txt,21,timeout,250,8177
after,2,dollyban.txt,23,timeout,250,8402
after,2,dollyban.txt,25,timeout,250,7526
after,2,dollyban.txt,27,timeout,251,7483
after,2,dollyban.txt,29,timeout,250,7352
after,2,dreizack.txt,1,timeout,250,178
after,2,dreizack.txt,3,timeout,250,165
after,2,dreizack.txt,5,timeout,250,139
after,2,dreizack.txt,6,solved,1,9
after,2,dreizack.txt,7,solved,0,1
after,2,dropswap.txt,3,solved,91,1246
after,2,dropswap.txt,5,solved,94,831
after,2,dropswap.txt,8,timeout,250,1432
after,2,dropswap.txt,12,solved,97,728
after,2,dropswap.txt,14,timeout,250,1538
after,2,dungeon janitor.txt,2,solved,2,22
after,2,dungeon janitor.txt,4,timeout,250,2686
after,2,dungeon janitor.txt,6,timeout,250,2103
after,2,dungeon janitor.txt,9,timeout,250,1371
after,2,easyenigma.txt,0,solved,2,5
after,2,easyenigma.txt,1,solved,0,1
after,2,easyenigma.txt,2,solved,148,455
after,2,easyenigma.txt,3,solved,1,2
after,2,easyenigma.txt,4,solved,1,2
after,2,easyenigma.txt,5,solved,195,363
after,2,easyenigma.txt,6,solved,2,5
after,2,easyenigma.txt,7,solved,3,7
after,2,easyenigma.txt,8,solved,89,99
after,2,easyenigma.txt,9,solved,2,1
after,2,easyenigma.txt,10,solved,5,2
after,2,easyenigma.txt,11,timeout,252,540
after,2,easyenigma.txt,12,solved,7,2
after,2,easyenigma.txt,13,solved,6,13
after,2,easyenigma.txt,14,solved,1,1
after,2,easyenigma.txt,15,solved,2,5
after,2,easyenigma.txt,16,timeout,251,387
after,2,easyenigma.txt,17,timeout,302,1
after,2,easyenigma.txt,18,solved,2,2
after,2,easyenigma.txt,19,timeout,250,144
after,2,easyenigma.txt,20,timeout,252,300
after,2,ecosystem generator.txt,1,timeout,251,1484
after,2,expand also avoid the flames.txt,1,timeout,258,110
after,2,fickle fred.txt,1,solved,5,226
after,2,fickle fred.txt,3,solved,29,1408
after,2,fickle fred.txt,5,timeout,250,9485
after,2,fickle fred.txt,7,solved,70,3331
after,2,fickle fred.txt,9,solved,10,563
after,2,flesh-handed hot casserole delivery bot.txt,1,solved,3,272
after,2,flesh-handed hot casserole delivery bot.txt,2,solved,11,878
after,2,flesh-handed hot casserole delivery bot.txt,4,timeout,251,15606
after,2,flesh-handed hot casserole delivery bot.txt,6,timeout,252,16061
after,2,flesh-handed hot casserole delivery bot.txt,8,solved,25,1546
after,2,flesh-handed hot casserole delivery bot.txt,10,solved,221,13570
after,2,flesh-handed hot casserole delivery bot.txt,12,solved,34,1923
after,2,flesh-handed hot casserole delivery bot.txt,14,solved,70,4331
after,2,flesh-handed hot casserole delivery bot.txt,16,solved,207,13080
after,2,flesh-handed hot casserole delivery bot.txt,18,timeout,251,15480
after,2,gabelstapler.txt,1,solved,97,936
after,2,gabelstapler.txt,3,timeout,250,1760
after,2,gabelstapler.txt,5,timeout,251,1386
after,2,gapfiller.txt,1,solved,13,383
after,2,gapfiller.txt,3,solved,181,4611
after,2,gapfiller.txt,5,solved,11,404
after,2,gapfiller.txt,7,solved,41,1441
after,2,gapfiller.txt,9,solved,2,76
after,2,gapfiller.txt,11,timeout,250,6911
after,2,gapfiller.txt,13,solved,8,332
after,2,gapfiller.txt,15,solved,2,87
after,2,gapfiller.txt,17,solved,114,3993
after,2,gapfiller.txt,19,timeout,250,5357
after,2,gem soketeer.txt,1,solved,193,563
after,2,gem soketeer.txt,3,solved,76,345
after,2,gem soketeer.txt,5,solved,38,111
after,2,gem soketeer.txt,7,solved,30,127
after,2,gem soketeer.txt,9,solved,181,719
after,2,gem soketeer.txt,11,solved,11,53
after,2,gem soketeer.txt,13,timeout,250,961
after,2,gem soketeer.txt,15,timeout,250,709
after,2,gem soketeer.txt,17,timeout,250,608
after,2,gem soketeer.txt,19,timeout,250,701
after,2,gem soketeer.txt,21,timeout,250,453
after,2,gem soketeer.txt,23,timeout,250,512
after,2,gem soketeer.txt,25,timeout,250,1126
after,2,gem soketeer.txt,27,timeout,250,726
after,2,gem soketeer.txt,29,timeout,250,1271
after,2,gem soketeer.txt,31,timeout,250,1188
after,2,gem soketeer.txt,33,timeout,250,1305
after,2,gobble_rush.txt,0,solved,1,11
after,2,gobble_rush.txt,1,solved,2,42
after,2,gobble_rush.txt,2,solved,7,121
after,2,gobble_rush.txt,3,solved,73,926
after,2,gobble_rush.txt,4,solved,5,92
after,2,gobble_rush.txt,5,solved,15,259
after,2,gobble_rush.txt,6,solved,19,257
after,2,gobble_rush.txt,7,solved,19,257
after,2,gobble_rush.txt,8,solved,17,253
after,2,gobble_rush.txt,9,solved,40,575
after,2,gobble_rush.txt,10,solved,17,174
after,2,gobble_rush.txt,11,solved,19,225
after,2,gobble_rush.txt,12,solved,25,192
after,2,gobble_rush.txt,13,solved,7,92
after,2,gobble_rush.txt,14,solved,22,222
after,2,gobble_rush.txt,15,solved,3,34
after,2,gobble_rush.txt,16,solved,37,403
after,2,gobble_rush.txt,17,solved,19,264
after,2,gobble_rush.txt,18,solved,33,436
after,2,gobble_rush.txt,19,solved,119,1386
after,2,gobble_rush.txt,20,solved,0,4
after,2,hairtug.txt,1,solved,12,65
after,2,hairtug.txt,4,timeout,250,1468
after,2,hairtug.txt,7,timeout,250,1001
after,2,hairtug.txt,10,timeout,250,1672
after,2,hairtug.txt,13,timeout,250,1376
after,2,head skuller.txt,1,solved,13,717
after,2,head skuller.txt,3,solved,132,6231
after,2,head skuller.txt,5,timeout,251,10908
after,2,head skuller.txt,7,solved,78,3927
after,2,head skuller.txt,9,timeout,250,11568
after,2,head skuller.txt,11,timeout,252,11103
after,2,head skuller.txt,13,solved,0,1
after,2,hedgehog stimulator.txt,1,timeout,250,2982
after,2,hedgehog stimulator.txt,3,timeout,250,3244
after,2,hedgehog stimulator.txt,5,solved,218,3142
after,2,hedgehog stimulator.txt,7,timeout,250,3437
after,2,hedgehog stimulator.txt,9,timeout,250,2561
after,2,hedgehog stimulator.txt,11,timeout,250,3426
after,2,hedgehog stimulator.txt,13,solved,243,2657
after,2,hedgehog stimulator.txt,15,timeout,250,2910
after,2,hedgehog stimulator.txt,17,timeout,250,2499
after,2,hedgehog stimulator.txt,19,timeout,250,2794
after,2,hedgehog stimulator.txt,21,timeout,250,2910
after,2,hedgehog stimulator.txt,23,timeout,250,2648
after,2,heroes_of_sokoban.txt,1,solved,0,8
after,2,heroes_of_sokoban.txt,3,solved,14,587
after,2,heroes_of_sokoban.txt,5,solved,1,26
after,2,heroes_of_sokoban.txt,7,timeout,251,7230
after,2,heroes_of_sokoban.txt,9,solved,1,55
after,2,heroes_of_sokoban.txt,10,timeout,250,8230
after,2,heroes_of_sokoban.txt,11,solved,7,257
after,2,heroes_of_sokoban.txt,13,solved,119,2751
after,2,heroes_of_sokoban.txt,14,timeout,250,6523
after,2,heroes_of_sokoban.txt,15,solved,1,17
after,2,heroes_of_sokoban.txt,17,solved,17,372
after,2,heroes_of_sokoban.txt,19,timeout,251,7380
after,2,heroes_of_sokoban.txt,20,timeout,250,6885
after,2,heroes_of_sokoban.txt,21,timeout,251,5013
after,2,heroes_of_sokoban.txt,22,solved,13,361
after,2,heroes_of_sokoban.txt,23,solved,171,5422
after,2,heroes_of_sokoban.txt,24,timeout,250,6943
after,2,heroes_of_sokoban.txt,25,timeout,250,5559
after,2,heroes_of_sokoban.txt,26,timeout,250,8337
after,2,heroes_of_sokoban.txt,27,solved,2,77
after,2,heroes_of_sokoban.txt,28,timeout,250,5382
after,2,heroes_of_sokoban.txt,29,solved,0,10
after,2,heroes_of_sokoban_2.txt,3,timeout,250,3602
after,2,heroes_of_sokoban_2.txt,5,solved,2,35
after,2,heroes_of_sokoban_2.txt,6,solved,2,32
after,2,heroes_of_sokoban_2.txt,8,timeout,250,4866
after,2,heroes_of_sokoban_2.txt,10,solved,6,73
after,2,heroes_of_sokoban_2.txt,12,timeout,250,3034
after,2,heroes_of_sokoban_2.txt,13,solved,159,1817
after,2,heroes_of_sokoban_2.txt,15,solved,6,52
after,2,heroes_of_sokoban_2.txt,17,timeout,250,3967
after,2,heroes_of_sokoban_2.txt,19,timeout,250,4081
after,2,heroes_of_sokoban_2.txt,20,timeout,251,3992
after,2,heroes_of_sokoban_2.txt,21,timeout,250,3543
after,2,heroes_of_sokoban_2.txt,23,solved,2,21
after,2,heroes_of_sokoban_2.txt,24,solved,24,285
after,2,heroes_of_sokoban_2.txt,26,solved,211,2065
after,2,heroes_of_sokoban_2.txt,27,timeout,250,2698
after,2,heroes_of_sokoban_2.txt,28,timeout,250,2593
after,2,heroes_of_sokoban_2.txt,29,timeout,250,2811
after,2,heroes_of_sokoban_2.txt,30,timeout,250,3328
after,2,heroes_of_sokoban_2.txt,31,timeout,250,4068
after,2,heroes_of_sokoban_2.txt,32,timeout,250,4351
after,2,heroes_of_sokoban_2.txt,34,timeout,250,2404
after,2,heroes_of_sokoban_3.txt,3,timeout,251,3170
after,2,heroes_of_sokoban_3.txt,5,solved,30,324
after,2,heroes_of_sokoban_3.txt,6,solved,8,84
after,2,heroes_of_sokoban_3.txt,8,solved,13,114
after,2,heroes_of_sokoban_3.txt,10,timeout,250,3217
after,2,heroes_of_sokoban_3.txt,11,solved,125,1649
after,2,heroes_of_sokoban_3.txt,12,solved,27,393
after,2,heroes_of_sokoban_3.txt,13,timeout,250,3125
after,2,heroes_of_sokoban_3.txt,14,timeout,250,3408
after,2,heroes_of_sokoban_3.txt,16,timeout,251,5964
after,2,heroes_of_sokoban_3.txt,17,timeout,250,4167
after,2,heroes_of_sokoban_3.txt,18,timeout,250,4588
after,2,heroes_of_sokoban_3.txt,21,timeout,250,3871
after,2,heroes_of_sokoban_3.txt,22,timeout,250,3106
after,2,heroes_of_sokoban_3.txt,23,timeout,250,7417
after,2,heroes_of_sokoban_3.txt,24,timeout,251,2990
after,2,heroes_of_sokoban_3.txt,25,timeout,251,2584
after,2,heroes_of_sokoban_3.txt,26,timeout,250,4013
after,2,heroes_of_sokoban_3.txt,27,timeout,250,2959
after,2,heroes_of_sokoban_3.txt,28,timeout,250,3205
after,2,heroes_of_sokoban_3.txt,30,timeout,250,2187
after,2,heroes_of_sokoban_3.txt,31,solved,41,530
after,2,hungry kraken.txt,1,timeout,251,954
after,2,hungry kraken.txt,3,exhausted,0,1
after,2,i am a gust of wind.txt,1,solved,2,76
after,2,i am a gust of wind.txt,3,solved,8,383
after,2,i am a gust of wind.txt,5,solved,4,245
after,2,i am a gust of wind.txt,7,timeout,250,14105
after,2,i sure look tasty.txt,1,timeout,250,131
after,2,i want to grind myself into dust.txt,1,timeout,250,1854
after,2,i want to grind myself into dust.txt,3,timeout,250,910
after,2,i want to grind myself into dust.txt,5,timeout,250,426
after,2,icecrates.txt,1,solved,0,6
after,2,icecrates.txt,3,solved,1,9
after,2,icecrates.txt,5,solved,4,53
after,2,icecrates.txt,7,solved,101,930
after,2,icecrates.txt,9,solved,37,219
after,2,icecrates.txt,11,timeout,250,1630
after,2,impossible.txt,0,exhausted,0,1
after,2,it dies in the light.txt,0,solved,9,94
after,2,it dies in the light.txt,1,solved,64,432
after,2,it dies in the light.txt,2,timeout,250,1376
after,2,it dies in the light.txt,3,timeout,250,1372
after,2,karamell.txt,1,timeout,250,479
after,2,karamell.txt,3,timeout,250,320
after,2,karamell.txt,5,timeout,250,243
after,2,karamell.txt,7,solved,0,1
after,2,kettle.txt,1,solved,1,26
after,2,kettle.txt,4,solved,0,3
after,2,kettle.txt,7,solved,0,3
after,2,kettle.txt,10,solved,2,27
after,2,kettle.txt,13,solved,10,97
after,2,kettle.txt,16,solved,3,26
after,2,kettle.txt,19,solved,50,473
after,2,kettle.txt,22,solved,49,353
after,2,kettle.txt,25,timeout,250,1849
after,2,kettle.txt,28,timeout,250,1725
after,2,kettle.txt,31,timeout,251,1568
after,2,kishoutenketsu.txt,2,solved,29,320
after,2,kishoutenketsu.txt,5,timeout,250,3977
after,2,kishoutenketsu.txt,8,solved,2,41
after,2,kishoutenketsu.txt,11,timeout,250,643
after,2,konsum.txt,1,timeout,250,2569
after,2,kreiseln.txt,1,solved,32,292
after,2,kreiseln.txt,3,timeout,250,3745
after,2,kreiseln.txt,5,timeout,250,3077
after,2,kreiseln.txt,7,timeout,250,3051
after,2,kreiseln.txt,9,timeout,250,2455
after,2,led challenge.txt,1,timeout,250,4282
after,2,led challenge.txt,3,timeout,251,5314
after,2,led challenge.txt,5,timeout,250,5081
after,2,led challenge.txt,7,timeout,250,1577
after,2,ledchallenge.txt,1,timeout,250,4007
after,2,ledchallenge.txt,3,timeout,250,5003
after,2,ledchallenge.txt,5,timeout,250,5067
after,2,ledchallenge.txt,7,timeout,250,1646
after,2,legend of zokoban.txt,0,timeout,250,1644
after,2,limerick.txt,1,solved,2,41
after,2,limerick.txt,3,solved,139,2800
after,2,limerick.txt,5,timeout,251,5276
after,2,limerick.txt,7,solved,12,264
after,2,limerick.txt,9,solved,69,1490
after,2,limerick.txt,11,solved,13,296
after,2,limerick.txt,13,timeout,251,4942
after,2,limerick.txt,15,timeout,251,4928
after,2,limerick.txt,17,solved,48,821
after,2,limerick.txt,19,timeout,250,5177
after,2,m c eschers armageddon.txt,0,solved,1,11
after,2,m c eschers armageddon.txt,1,solved,0,4
after,2,m c eschers armageddon.txt,2,solved,0,12
after,2,m c eschers armageddon.txt,3,solved,38,284
after,2,make way.txt,1,timeout,250,10402
after,2,make way.txt,3,solved,80,3331
after,2,manic_ammo.txt,1,solved,0,9
after,2,manic_ammo.txt,3,solved,0,9
after,2,manic_ammo.txt,5,solved,3,71
after,2,manic_ammo.txt,8,solved,0,9
after,2,manic_ammo.txt,10,solved,171,6607
after,2,manic_ammo.txt,12,solved,5,99
after,2,manic_ammo.txt,14,timeout,250,6672
after,2,manic_ammo.txt,16,solved,73,3210
after,2,manic_ammo.txt,18,solved,1,12
after,2,manic_ammo.txt,20,timeout,250,7459
after,2,manic_ammo.txt,22,solved,31,281
after,2,manic_ammo.txt,24,solved,233,4956
after,2,manic_ammo.txt,26,timeout,250,2579
after,2,manic_ammo.txt,28,timeout,250,2018
after,2,manic_ammo.txt,30,timeout,250,6200
after,2,match three billiards.txt,1,solved,0,4
after,2,match three billiards.txt,3,solved,24,451
after,2,match three billiards.txt,5,solved,33,563
after,2,mazezam.txt,1,solved,1,48
after,2,mazezam.txt,3,solved,2,134
after,2,mazezam.txt,5,solved,4,210
after,2,mazezam.txt,7,solved,11,534
after,2,mazezam.txt,9,solved,13,662
after,2,mazezam.txt,11,solved,11,501
after,2,mazezam.txt,13,solved,26,1121
after,2,mazezam.txt,15,solved,17,763
after,2,mazezam.txt,17,solved,16,709
after,2,mazezam.txt,19,solved,148,3882
after,2,mazezam.txt,21,solved,36,1424
after,2,mazezam.txt,23,timeout,250,5178
after,2,mazezam.txt,25,solved,67,3165
after,2,mazezam.txt,27,solved,64,2557
after,2,mazezam.txt,29,solved,206,8022
after,2,mazezam.txt,31,solved,28,932
after,2,mazezam.txt,33,solved,30,1333
after,2,mazezam.txt,35,timeout,250,9116
after,2,mazezam.txt,37,solved,25,1095
after,2,mazezam.txt,39,solved,112,2661
after,2,mazezam.txt,41,solved,50,1924
after,2,mazezam.txt,43,solved,102,3247
after,2,mazezam.txt,45,solved,51,1874
after,2,mazezam.txt,47,solved,130,5229
after,2,mazezam.txt,49,timeout,250,7951
after,2,mazezam.txt,51,solved,69,2701
after,2,mazezam.txt,53,timeout,250,6075
after,2,mazezam.txt,55,timeout,251,7740
after,2,mazezam.txt,57,timeout,252,6534
after,2,mazezam.txt,59,timeout,251,8023
after,2,message_skip.txt,1,solved,0,1
after,2,midas.txt,0,solved,9,105
after,2,midas.txt,2,solved,25,318
after,2,midas.txt,4,solved,26,285
after,2,midas.txt,6,solved,42,681
after,2,midas.txt,8,timeout,250,3749
after,2,midas.txt,11,timeout,250,2373
after,2,midas.txt,13,timeout,250,3185
after,2,midas.txt,15,timeout,250,2791
after,2,midas.txt,17,timeout,251,2648
after,2,midas.txt,19,timeout,250,2289
after,2,midas.txt,21,timeout,250,2321
after,2,midas.txt,23,timeout,250,3062
after,2,midas.txt,25,solved,136,1609
after,2,midas.txt,27,timeout,251,2301
after,2,midas.txt,29,timeout,250,2589
after,2,moved by leaves of grass.txt,1,timeout,250,412
after,2,multi_level.txt,0,solved,0,1
after,2,multi_level.txt,1,solved,0,1
after,2,newton.txt,1,timeout,250,5798
after,2,newton.txt,3,timeout,250,5862
after,2,newton.txt,5,timeout,250,7088
after,2,no don't eat that.txt,1,timeout,250,70
after,2,no don't eat that.txt,3,timeout,250,64
after,2,no don't eat that.txt,5,timeout,251,41
after,2,no don't eat that.txt,7,timeout,251,40
after,2,no don't eat that.txt,9,timeout,250,60
after,2,no don't eat that.txt,11,timeout,251,24
after,2,no don't eat that.txt,13,timeout,250,22
after,2,no don't eat that.txt,15,timeout,252,22
after,2,no forbidden symbols 2.txt,1,timeout,250,7474
after,2,no forbidden symbols.txt,1,timeout,251,11110
after,2,no heroes necessary.txt,1,solved,18,176
after,2,no heroes necessary.txt,3,solved,9,53
after,2,no heroes necessary.txt,5,solved,32,237
after,2,no heroes necessary.txt,7,solved,9,54
after,2,no heroes necessary.txt,9,solved,176,695
after,2,oh no i accidentally swallowed myself.txt,1,timeout,250,153
after,2,oh no i accidentally swallowed myself.txt,2,solved,0,1
after,2,oh no i accidentally swallowed myself.txt,3,solved,0,1
after,2,oh no i accidentally swallowed myself.txt,4,solved,0,1
after,2,one_move.txt,0,solved,0,1
after,2,paint everything everywhere.txt,1,solved,13,28
after,2,paint everything everywhere.txt,3,solved,43,104
after,2,paint everything everywhere.txt,5,solved,42,20
after,2,paint everything everywhere.txt,7,solved,117,55
after,2,paint everything everywhere.txt,9,timeout,250,110
after,2,paint everything everywhere.txt,11,solved,146,129
after,2,paint everything everywhere.txt,13,solved,51,76
after,2,paint everything everywhere.txt,15,solved,91,44
after,2,paint everything everywhere.txt,17,timeout,251,35
after,2,paint everything everywhere.txt,19,solved,27,46
after,2,paint everything everywhere.txt,21,solved,131,110
after,2,paint everything everywhere.txt,23,solved,106,50
after,2,paint everything everywhere.txt,25,solved,197,99
after,2,paint everything everywhere.txt,27,solved,293,81
after,2,paint everything everywhere.txt,29,solved,258,102
after,2,paint everything everywhere.txt,31,solved,195,66
after,2,paint everything everywhere.txt,33,solved,114,51
after,2,paint everything everywhere.txt,35,solved,232,57
after,2,paint everything everywhere.txt,37,timeout,250,384
after,2,paint everything everywhere.txt,39,timeout,250,40
after,2,participating in society.txt,2,timeout,251,1361
after,2,pipe puffer.txt,2,timeout,250,3740
after,2,pipe puffer.txt,4,solved,47,589
after,2,pipe puffer.txt,6,timeout,250,2296
after,2,pipe puffer.txt,8,solved,209,1808
after,2,pipe puffer.txt,10,timeout,250,3304
after,2,pipe puffer.txt,12,timeout,250,2354
after,2,pipe puffer.txt,14,timeout,250,2593
after,2,pipe puffer.txt,16,solved,8,73
after,2,ponies jumping synchronously.txt,0,solved,0,8
after,2,ponies jumping synchronously.txt,2,solved,0,9
after,2,ponies jumping synchronously.txt,4,solved,0,7
after,2,ponies jumping synchronously.txt,6,solved,0,9
after,2,ponies jumping synchronously.txt,8,solved,1,29
after,2,ponies jumping synchronously.txt,10,solved,16,388
after,2,ponies jumping synchronously.txt,12,solved,0,8
after,2,ponies jumping synchronously.txt,14,solved,14,283
after,2,ponies jumping synchronously.txt,17,timeout,250,2740
after,2,ponies jumping synchronously.txt,19,solved,16,265
after,2,ponies jumping synchronously.txt,21,timeout,250,2836
after,2,ponies jumping synchronously.txt,23,timeout,250,2031
after,2,pupush.txt,1,timeout,250,6120
after,2,push pull.txt,1,solved,8,285
after,2,push pull.txt,3,solved,7,236
after,2,push pull.txt,5,solved,23,876
after,2,push.txt,1,solved,0,6
after,2,push.txt,3,solved,0,13
after,2,push.txt,5,solved,20,566
after,2,push.txt,7,solved,5,110
after,2,push.txt,9,solved,12,243
after,2,push.txt,11,solved,47,884
after,2,push.txt,13,solved,51,663
after,2,push.txt,15,timeout,250,2818
after,2,push.txt,17,timeout,250,4185
after,2,push.txt,19,timeout,250,3651
after,2,push.txt,21,solved,192,3306
after,2,push.txt,23,solved,3,78
after,2,push.txt,25,solved,203,3950
after,2,push.txt,27,timeout,250,4302
after,2,push.txt,29,timeout,250,4033
after,2,push.txt,31,solved,98,2397
after,2,push.txt,33,timeout,250,2683
after,2,push.txt,35,timeout,250,2578
after,2,push.txt,37,solved,2,52
after,2,push.txt,39,timeout,251,5127
after,2,push.txt,40,solved,0,4
after,2,pushit.txt,1,solved,113,5171
after,2,pushit.txt,3,timeout,251,6300
after,2,pushit.txt,5,timeout,250,12731
after,2,pushit.txt,7,timeout,250,14818
after,2,puzzles.txt,0,timeout,251,1416
after,2,realtime dog mountain rescue.txt,1,timeout,250,652
after,2,realtime dog mountain rescue.txt,4,timeout,250,605
after,2,realtime dog mountain rescue.txt,7,timeout,250,375
after,2,riverpuzzle.txt,0,timeout,250,44
after,2,robot arm.txt,3,timeout,250,862
after,2,robot arm.txt,5,timeout,263,34
after,2,robot arm.txt,7,timeout,250,956
after,2,robotarm.txt,3,timeout,250,902
after,2,robotarm.txt,5,timeout,261,34
after,2,robotarm.txt,7,timeout,250,997
after,2,sacrament of the river god.txt,1,timeout,250,826
after,2,sacrament of the river god.txt,3,timeout,250,261
after,2,sacrament of the river god.txt,5,timeout,250,769
after,2,sacrament of the river god.txt,7,timeout,250,632
after,2,sacrament of the river god.txt,9,timeout,250,981
after,2,sacrament of the river god.txt,11,timeout,250,163
after,2,sacrament of the river god.txt,13,solved,3,12
after,2,seize the flag.txt,1,timeout,250,715
after,2,seize the flag.txt,3,solved,0,1
after,2,short adventure in sticky wall land.txt,1,timeout,250,1806
after,2,short adventure in sticky wall land.txt,3,timeout,250,1608
after,2,short adventure in sticky wall land.txt,5,timeout,250,1734
after,2,shy snake.txt,1,solved,62,95
after,2,shy snake.txt,3,timeout,250,139
after,2,shy snake.txt,5,timeout,250,150
after,2,slide pull.txt,1,solved,26,1388
after,2,slide pull.txt,3,solved,10,573
after,2,slide pull.txt,5,solved,54,2583
after,2,slide pull.txt,7,timeout,251,11375
after,2,slide pull.txt,9,solved,14,782
after,2,slide pull.txt,11,timeout,251,9576
after,2,slide pull.txt,13,solved,177,6725
after,2,slidings.txt,1,solved,1,39
after,2,slidings.txt,3,solved,0,18
after,2,slidings.txt,5,solved,1,38
after,2,slidings.txt,7,solved,3,82
after,2,slidings.txt,9,solved,7,234
after,2,slidings.txt,11,timeout,250,6138
after,2,slidings.txt,13,solved,173,5247
after,2,slidings.txt,15,solved,183,6209
after,2,slidings.txt,17,timeout,250,6484
after,2,slidings.txt,19,solved,69,1895
after,2,slidings.txt,21,solved,107,2959
after,2,slime vat filler.txt,2,solved,4,229
after,2,slime vat filler.txt,4,solved,0,39
after,2,slime vat filler.txt,6,solved,2,125
after,2,slime vat filler.txt,8,solved,2,89
after,2,slime vat filler.txt,10,solved,2,127
after,2,slime vat filler.txt,12,solved,164,7121
after,2,slime vat filler.txt,14,solved,10,550
after,2,slime vat filler.txt,16,timeout,251,8808
after,2,slime vat filler.txt,18,solved,141,5783
after,2,slime vat filler.txt,21,solved,66,3131
after,2,slime vat filler.txt,23,solved,0,1
after,2,slot machine.txt,1,solved,86,620
after,2,slot machine.txt,3,timeout,250,1655
after,2,smother.txt,2,solved,15,265
after,2,smother.txt,4,solved,20,499
after,2,smother.txt,6,solved,34,765
after,2,smother.txt,8,solved,34,415
after,2,smother.txt,10,solved,78,781
after,2,smother.txt,14,solved,0,6
after,2,smother.txt,16,solved,1,32
after,2,smother.txt,18,solved,0,36
after,2,smother.txt,20,solved,11,276
after,2,smother.txt,22,solved,13,334
after,2,smother.txt,26,solved,35,536
after,2,smother.txt,28,solved,157,1909
after,2,smother.txt,30,solved,20,317
after,2,smother.txt,32,timeout,250,881
after,2,smother.txt,34,timeout,250,2859
after,2,smother.txt,37,solved,0,4
after,2,snkaey makes a sixy.txt,0,timeout,250,3349
after,2,snkaey makes a sixy.txt,2,exhausted,0,1
after,2,snortal.txt,0,timeout,250,4486
after,2,sok7.txt,0,timeout,250,1069
after,2,sokobansokobansokoban.txt,1,timeout,250,6234
after,2,sokobond demake.txt,2,solved,1,38
after,2,sokobond demake.txt,4,solved,0,18
after,2,sokobond demake.txt,6,solved,0,16
after,2,sokobond demake.txt,8,solved,1,20
after,2,sokobond demake.txt,10,solved,3,64
after,2,sokobond demake.txt,12,solved,3,49
after,2,sokobond demake.txt,14,solved,16,300
after,2,sokobond demake.txt,16,solved,4,81
after,2,sokobond demake.txt,18,solved,39,830
after,2,sokobond demake.txt,20,solved,37,748
after,2,sokobond demake.txt,22,solved,23,588
after,2,sokobond demake.txt,24,timeout,250,5602
after,2,sokobond demake.txt,26,solved,19,615
after,2,sokobond demake.txt,28,timeout,250,8012
after,2,sokobond demake.txt,30,timeout,250,7437
after,2,sokogoban.txt,2,timeout,250,1344
after,2,sokogoban.txt,4,timeout,250,831
after,2,sokogoban.txt,6,timeout,250,363
after,2,stick_candy_puzzle_saga.txt,1,solved,209,2971
after,2,stick_candy_puzzle_saga.txt,2,timeout,250,3372
after,2,stick_candy_puzzle_saga.txt,4,timeout,250,2938
after,2,stick_candy_puzzle_saga.txt,5,timeout,250,2843
after,2,stick_candy_puzzle_saga.txt,6,timeout,250,3165
after,2,stick_candy_puzzle_saga.txt,7,timeout,250,3996
after,2,stick_candy_puzzle_saga.txt,8,timeout,250,3271
after,2,stick_candy_puzzle_saga.txt,9,timeout,250,3337
after,2,stick_candy_puzzle_saga.txt,10,timeout,250,2341
after,2,stick_candy_puzzle_saga.txt,11,timeout,250,3798
after,2,stick_candy_puzzle_saga.txt,12,timeout,250,2632
after,2,stick_candy_puzzle_saga.txt,13,timeout,250,3085
after,2,stick_candy_puzzle_saga.txt,14,timeout,250,3529
after,2,stick_candy_puzzle_saga.txt,15,timeout,252,3581
after,2,stick_candy_puzzle_saga.txt,16,timeout,250,2694
after,2,stick_candy_puzzle_saga.txt,17,timeout,250,3022
after,2,stick_candy_puzzle_saga.txt,18,timeout,250,2627
after,2,stick_candy_puzzle_saga.txt,19,timeout,250,1935
after,2,stick_candy_puzzle_saga.txt,20,timeout,250,2917
after,2,stick_candy_puzzle_saga.txt,21,timeout,250,1946
after,2,sum three horizontally to 8.txt,4,solved,2,15
after,2,sum three horizontally to 8.txt,6,solved,1,8
after,2,sum three horizontally to 8.txt,8,solved,1,6
after,2,sum three horizontally to 8.txt,10,solved,1,13
after,2,sum three horizontally to 8.txt,13,solved,2,26
after,2,sum three horizontally to 8.txt,15,solved,43,473
after,2,sum three horizontally to 8.txt,17,solved,4,19
after,2,sum three horizontally to 8.txt,19,solved,10,109
after,2,sum three horizontally to 8.txt,22,solved,56,623
after,2,sum three horizontally to 8.txt,24,solved,8,107
after,2,sum three horizontally to 8.txt,26,solved,32,415
after,2,sum three horizontally to 8.txt,28,solved,20,304
after,2,sum three horizontally to 8.txt,31,timeout,250,768
after,2,take heart lass.txt,1,solved,0,3
after,2,take heart lass.txt,3,solved,2,25
after,2,take heart lass.txt,5,solved,0,8
after,2,take heart lass.txt,7,solved,2,28
after,2,take heart lass.txt,9,solved,130,1256
after,2,take heart lass.txt,11,solved,11,120
after,2,take heart lass.txt,13,solved,45,361
after,2,take heart lass.txt,15,timeout,250,2321
after,2,take heart lass.txt,17,solved,7,49
after,2,take heart lass.txt,19,solved,70,512
after,2,take heart lass.txt,21,solved,116,761
after,2,take heart lass.txt,23,timeout,250,1250
after,2,talo pipi 2.txt,1,timeout,250,1101
after,2,talo pipi 2.txt,3,timeout,250,1703
after,2,talo pipi 2.txt,5,timeout,250,1100
after,2,talo pipi 2.txt,7,timeout,250,1351
after,2,talo pipi 2.txt,9,timeout,250,1986
after,2,talo pipi 2.txt,11,timeout,250,955
after,2,talo pipi 2.txt,13,timeout,250,742
after,2,talo pipi 2.txt,15,timeout,250,867
after,2,talo pipi 2.txt,17,solved,0,1
after,2,the exit is under my left foot.txt,1,solved,150,102
after,2,the red ring of immortality.txt,1,solved,7,226
after,2,the red ring of immortality.txt,3,solved,53,1354
after,2,the red ring of immortality.txt,5,solved,1,52
after,2,the red ring of immortality.txt,7,solved,81,1633
after,2,the red ring of immortality.txt,9,solved,8,213
after,2,the red ring of immortality.txt,11,solved,15,332
after,2,the red ring of immortality.txt,13,solved,119,2759
after,2,the red ring of immortality.txt,15,solved,17,424
after,2,the red ring of immortality.txt,17,solved,95,2173
after,2,the red ring of immortality.txt,19,solved,10,264
after,2,the red ring of immortality.txt,21,solved,0,21
after,2,the red ring of immortality.txt,23,solved,0,2
after,2,the_saga_of_the_candy_scroll.txt,6,solved,5,106
after,2,the_saga_of_the_candy_scroll.txt,10,solved,1,8
after,2,the_saga_of_the_candy_scroll.txt,14,solved,0,4
after,2,the_saga_of_the_candy_scroll.txt,18,solved,29,551
after,2,the_saga_of_the_candy_scroll.txt,20,timeout,250,4424
after,2,the_saga_of_the_candy_scroll.txt,22,solved,5,104
after,2,the_saga_of_the_candy_scroll.txt,26,solved,43,832
after,2,the_saga_of_the_candy_scroll.txt,28,timeout,250,4256
after,2,the_saga_of_the_candy_scroll.txt,31,solved,85,1273
after,2,the_saga_of_the_candy_scroll.txt,35,timeout,250,3684
after,2,the_saga_of_the_candy_scroll.txt,46,solved,0,3
after,2,the_saga_of_the_candy_scroll.txt,50,solved,2,54
after,2,the_saga_of_the_candy_scroll.txt,53,solved,30,723
after,2,the_saga_of_the_candy_scroll.txt,55,solved,119,2683
after,2,the_saga_of_the_candy_scroll.txt,58,timeout,250,4687
after,2,the_saga_of_the_candy_scroll.txt,61,timeout,250,5287
after,2,the_saga_of_the_candy_scroll.txt,64,timeout,250,4977
after,2,the_saga_of_the_candy_scroll.txt,66,timeout,250,4774
after,2,the_saga_of_the_candy_scroll.txt,68,timeout,250,5449
after,2,the_saga_of_the_candy_scroll.txt,70,timeout,250,4771
after,2,the_saga_of_the_candy_scroll.txt,78,timeout,250,4215
after,2,the_saga_of_the_candy_scroll.txt,80,timeout,250,3709
after,2,the_saga_of_the_candy_scroll.txt,82,timeout,250,2776
after,2,the_saga_of_the_candy_scroll.txt,85,timeout,250,3836
after,2,the_saga_of_the_candy_scroll.txt,89,timeout,250,3080
after,2,the_saga_of_the_candy_scroll.txt,98,timeout,250,4728
after,2,the_saga_of_the_candy_scroll.txt,102,timeout,250,2793
after,2,the_saga_of_the_candy_scroll.txt,106,timeout,250,2275
after,2,the_saga_of_the_candy_scroll.txt,112,timeout,250,3266
after,2,the_saga_of_the_candy_scroll.txt,116,solved,43,501
after,2,threes.txt,0,timeout,250,376
after,2,tiny treasure hunt.txt,1,timeout,250,71
after,2,tiny treasure hunt.txt,3,timeout,251,28
after,2,tiny treasure hunt.txt,5,timeout,250,32
after,2,tiny treasure hunt.txt,7,timeout,250,89
after,2,tiny treasure hunt.txt,9,timeout,251,32
after,2,tiny treasure hunt.txt,11,timeout,250,89
after,2,tiny treasure hunt.txt,13,timeout,250,32
after,2,tunnel rat.txt,1,timeout,251,203
after,2,tunnel rat.txt,3,timeout,250,120
after,2,unclean residues.txt,2,timeout,250,5743
after,2,unclean residues.txt,4,timeout,250,7784
after,2,unclean residues.txt,6,timeout,251,7534
after,2,unclean residues.txt,8,timeout,251,6927
after,2,unclean residues.txt,10,timeout,250,6785
after,2,unclean residues.txt,13,solved,128,3677
after,2,unewton.txt,2,timeout,250,4317
after,2,unewton.txt,4,timeout,250,6254
after,2,unewton.txt,6,timeout,250,4646
after,2,unewton.txt,8,timeout,250,3772
after,2,whaleworld.txt,1,solved,30,120
after,2,whaleworld.txt,3,solved,21,240
after,2,whaleworld.txt,5,solved,116,878
after,2,whaleworld.txt,7,solved,222,1685
after,2,whaleworld.txt,9,timeout,250,1187
after,2,whaleworld.txt,11,timeout,250,1046
after,2,whaleworld.txt,13,timeout,250,812
after,2,whaleworld.txt,15,timeout,250,1373
after,2,witch lifter.txt,1,timeout,250,1430
after,2,witch lifter.txt,3,solved,95,564
after,2,witch lifter.txt,5,timeout,250,1688
after,2,witch lifter.txt,7,timeout,250,1482
after,2,witch lifter.txt,9,timeout,250,1409
after,2,witch lifter.txt,11,timeout,250,1863
after,2,witch lifter.txt,13,timeout,250,976
after,2,witch lifter.txt,15,timeout,250,1108
after,2,wool-clawer.txt,1,timeout,250,1056
after,2,wool-clawer.txt,3,timeout,250,976
after,2,wool-clawer.txt,5,timeout,250,467
after,2,wool-clawer.txt,7,timeout,250,277
after,2,wool-clawer.txt,9,timeout,250,326
after,2,wool-clawer.txt,11,timeout,250,351
after,2,you can't make this up.txt,1,timeout,250,4089
after,2,you complete me.txt,0,timeout,250,3134
after,2,zokoban.txt,0,timeout,250,1917
after,3,15 push pull levels.txt,1,solved,20,1342
after,3,15 push pull levels.txt,3,solved,2,137
after,3,15 push pull levels.txt,5,solved,86,5517
after,3,15 push pull levels.txt,7,solved,118,7643
after,3,15 push pull levels.txt,9,solved,69,4319
after,3,15 push pull levels.txt,11,solved,24,1565
after,3,15 push pull levels.txt,13,solved,21,1376
after,3,15 push pull levels.txt,15,solved,34,2195
after,3,15 push pull levels.txt,17,solved,26,1730
after,3,15 push pull levels.txt,19,solved,125,7849
after,3,15 push pull levels.txt,21,timeout,252,14350
after,3,15 push pull levels.txt,23,solved,221,13036
after,3,15 push pull levels.txt,25,solved,209,12036
after,3,15 push pull levels.txt,27,timeout,251,14432
after,3,15 push pull levels.txt,29,timeout,251,15029
after,3,5-junctions-maker.txt,1,timeout,250,486
after,3,5-junctions-maker.txt,3,solved,0,1
after,3,8 happy snakes.txt,1,solved,0,10
after,3,8 happy snakes.txt,3,solved,27,346
after,3,8 happy snakes.txt,5,solved,7,91
after,3,8 happy snakes.txt,7,solved,43,465
after,3,8 happy snakes.txt,9,timeout,253,6764
after,3,8 happy snakes.txt,11,timeout,253,5413
after,3,8 happy snakes.txt,13,timeout,253,5766
after,3,8 happy snakes.txt,15,timeout,251,1989
after,3,ALL GREEN TO BLUE.txt,1,solved,0,36
after,3,ALL GREEN TO BLUE.txt,3,solved,178,8191
after,3,ALL GREEN TO BLUE.txt,5,solved,86,4892
after,3,ALL GREEN TO BLUE.txt,7,solved,68,3260
after,3,ALL GREEN TO BLUE.txt,9,solved,21,1376
after,3,ALL GREEN TO BLUE.txt,11,timeout,253,12801
after,3,ALL GREEN TO BLUE.txt,13,solved,148,10966
after,3,ALL GREEN TO BLUE.txt,15,solved,2,188
after,3,ALL GREEN TO BLUE.txt,17,timeout,252,16666
after,3,ALL GREEN TO BLUE.txt,19,solved,14,884
after,3,ALL GREEN TO BLUE.txt,21,solved,3,89
after,3,Acorn Scorchery Paradise.txt,1,solved,8,489
after,3,Acorn Scorchery Paradise.txt,3,solved,6,380
after,3,Acorn Scorchery Paradise.txt,5,solved,20,1219
after,3,Acorn Scorchery Paradise.txt,7,solved,8,454
after,3,Acorn Scorchery Paradise.txt,9,solved,26,1545
after,3,All Green and Blue on Yellow.txt,1,solved,2,200
after,3,All Green and Blue on Yellow.txt,3,solved,3,166
after,3,All Green and Blue on Yellow.txt,5,solved,14,1249
after,3,All Green and Blue on Yellow.txt,7,solved,16,1343
after,3,All Green and Blue on Yellow.txt,9,solved,15,1260
after,3,Any hole is a goal.txt,1,solved,4,17
after,3,Any hole is a goal.txt,3,solved,171,802
after,3,Any hole is a goal.txt,5,timeout,250,1152
after,3,Any hole is a goal.txt,7,solved,140,748
after,3,Any hole is a goal.txt,9,timeout,250,1341
after,3,Any hole is a goal.txt,11,timeout,250,1286
after,3,Any hole is a goal.txt,13,timeout,250,1106
after,3,Any hole is a goal.txt,15,timeout,250,1113
after,3,Any hole is a goal.txt,17,timeout,250,1241
after,3,Any hole is a goal.txt,19,timeout,250,1160
after,3,Any hole is a goal.txt,21,timeout,250,1107
after,3,Any hole is a goal.txt,23,solved,175,1037
after,3,Any hole is a goal.txt,25,timeout,250,1321
after,3,Any hole is a goal.txt,27,timeout,250,757
after,3,Any hole is a goal.txt,29,timeout,250,1282
after,3,Any hole is a goal.txt,31,timeout,250,1331
after,3,Any hole is a goal.txt,33,timeout,250,1330
after,3,Any hole is a goal.txt,35,timeout,250,1032
after,3,Any hole is a goal.txt,37,timeout,250,647
after,3,Any hole is a goal.txt,39,timeout,250,1133
after,3,Any hole is a goal.txt,41,timeout,250,1347
after,3,Any hole is a goal.txt,43,timeout,250,738
after,3,Any hole is a goal.txt,45,timeout,250,646
after,3,Any hole is a goal.txt,47,timeout,250,1309
after,3,Any hole is a goal.txt,49,timeout,250,1291
after,3,Any hole is a goal.txt,51,timeout,250,1003
after,3,Any hole is a goal.txt,53,timeout,250,1153
after,3,Any hole is a goal.txt,55,timeout,250,1324
after,3,Any hole is a goal.txt,57,timeout,250,1378
after,3,Any hole is a goal.txt,59,timeout,250,1248
after,3,Any hole is a goal.txt,61,timeout,250,1094
after,3,Any hole is a goal.txt,63,timeout,250,1280
after,3,Any hole is a goal.txt,65,timeout,250,1336
after,3,Any hole is a goal.txt,67,timeout,250,1227
after,3,Any hole is a goal.txt,69,timeout,250,1314
after,3,Attractor Net.txt,1,solved,85,2014
after,3,Attractor Net.txt,3,solved,110,2769
after,3,Attractor Net.txt,5,solved,6,162
after,3,Attractor Net.txt,7,solved,21,523
after,3,Attractor Net.txt,9,solved,59,1433
after,3,Attractor Net.txt,11,solved,21,571
after,3,Attractor Net.txt,13,solved,125,3034
after,3,Attractor Net.txt,15,solved,75,1772
after,3,Attractor Net.txt,17,solved,1,20
after,3,Attractor Net.txt,19,solved,70,1642
after,3,BIAXIAL INVASION OF SATURN.txt,3,solved,95,523
after,3,BIAXIAL INVASION OF SATURN.txt,5,timeout,250,970
after,3,BIAXIAL INVASION OF SATURN.txt,7,timeout,250,819
after,3,BIAXIAL INVASION OF SATURN.txt,9,timeout,250,786
after,3,BIAXIAL INVASION OF SATURN.txt,11,timeout,250,705
after,3,BIAXIAL INVASION OF SATURN.txt,13,solved,153,444
after,3,BIAXIAL INVASION OF SATURN.txt,15,timeout,250,829
after,3,BIAXIAL INVASION OF SATURN.txt,17,timeout,250,455
after,3,BIAXIAL INVASION OF SATURN.txt,19,timeout,250,289
after,3,BIAXIAL INVASION OF SATURN.txt,21,timeout,250,213
after,3,BIAXIAL INVASION OF SATURN.txt,23,timeout,250,312
after,3,BIAXIAL INVASION OF SATURN.txt,25,timeout,250,42
after,3,BIAXIAL INVASION OF SATURN.txt,28,solved,0,1
after,3,BIAXIAL INVASION OF SATURN.txt,29,solved,0,1
after,3,BIAXIAL INVASION OF SATURN.txt,30,solved,0,1
after,3,BIAXIAL INVASION OF SATURN.txt,31,solved,1,1
after,3,Bicycle-Kick Football.txt,1,solved,212,621
after,3,Bicycle-Kick Football.txt,4,solved,10,91
after,3,Bicycle-Kick Football.txt,7,solved,120,685
after,3,Bicycle-Kick Football.txt,10,timeout,250,2008
after,3,Bicycle-Kick Football.txt,13,timeout,250,959
after,3,Bicycle-Kick Football.txt,16,timeout,250,1699
after,3,Bring the ice cube to the goal without exposing it to heat.txt,1,timeout,250,727
after,3,CODEX LUBRICUS.txt,2,solved,32,130
after,3,CODEX LUBRICUS.txt,4,solved,40,93
after,3,CODEX LUBRICUS.txt,6,solved,46,73
after,3,CODEX LUBRICUS.txt,8,solved,23,93
after,3,CODEX LUBRICUS.txt,10,solved,82,113
after,3,CODEX LUBRICUS.txt,12,solved,71,149
after,3,CODEX LUBRICUS.txt,14,solved,69,111
after,3,CODEX LUBRICUS.txt,16,solved,50,118
after,3,CODEX LUBRICUS.txt,18,solved,64,105
after,3,CODEX LUBRICUS.txt,20,solved,67,115
after,3,CODEX LUBRICUS.txt,22,solved,45,112
after,3,CODEX LUBRICUS.txt,24,solved,48,116
after,3,CODEX LUBRICUS.txt,26,solved,59,108
after,3,CODEX LUBRICUS.txt,28,solved,64,104
after,3,CODEX LUBRICUS.txt,30,solved,82,131
after,3,CODEX LUBRICUS.txt,32,solved,194,275
after,3,CODEX LUBRICUS.txt,34,solved,73,122
after,3,CODEX LUBRICUS.txt,36,solved,65,164
after,3,CODEX LUBRICUS.txt,38,solved,55,102
after,3,CODEX LUBRICUS.txt,40,solved,155,262
after,3,Chevron Lodger.txt,1,solved,2,67
after,3,Chevron Lodger.txt,3,solved,51,1755
after,3,Chevron Lodger.txt,5,solved,167,5035
after,3,Chevron Lodger.txt,7,solved,24,823
after,3,Chevron Lodger.txt,9,solved,243,7084
after,3,Chevron Lodger.txt,11,timeout,250,6075
after,3,Crates move when you move.txt,1,solved,3,138
after,3,Crates move when you move.txt,3,solved,1,73
after,3,Crates move when you move.txt,5,solved,1,49
after,3,Crates move when you move.txt,7,solved,3,115
after,3,Crates move when you move.txt,9,solved,1,71
after,3,Crates move when you move.txt,11,solved,0,3
after,3,Crates move when you move.txt,13,solved,9,348
after,3,Crates move when you move.txt,15,solved,6,230
after,3,Crates move when you move.txt,17,solved,2,93
after,3,Crates move when you move.txt,19,solved,13,415
after,3,Cucumber Surprise.txt,2,solved,5,259
after,3,Cucumber Surprise.txt,5,solved,6,201
after,3,Cucumber Surprise.txt,7,solved,34,1178
after,3,Cucumber Surprise.txt,9,solved,74,2499
after,3,Cucumber Surprise.txt,11,solved,214,7606
after,3,Cucumber Surprise.txt,13,solved,31,1163
after,3,Cucumber Surprise.txt,15,solved,57,2202
after,3,Cucumber Surprise.txt,17,solved,23,916
after,3,Cucumber Surprise.txt,19,solved,36,1311
after,3,Cucumber Surprise.txt,21,solved,227,8142
after,3,Cucumber Surprise.txt,23,solved,92,3449
after,3,Cucumber Surprise.txt,25,solved,32,1243
after,3,Cucumber Surprise.txt,27,solved,218,7437
after,3,Cucumber Surprise.txt,29,solved,19,731
after,3,Cucumber Surprise.txt,31,solved,58,2119
after,3,Cucumber Surprise.txt,33,solved,97,3415
after,3,Cucumber Surprise.txt,35,solved,48,1727
after,3,Cucumber Surprise.txt,37,solved,23,812
after,3,Cucumber Surprise.txt,39,solved,93,2968
after,3,Cucumber Surprise.txt,41,timeout,250,8063
after,3,Des Poseidons Dreizack.txt,1,timeout,250,194
after,3,Des Poseidons Dreizack.txt,3,timeout,250,169
after,3,Des Poseidons Dreizack.txt,5,timeout,250,165
after,3,Des Poseidons Dreizack.txt,6,solved,1,9
after,3,Des Poseidons Dreizack.txt,7,solved,0,1
after,3,Don't let your goals slip away.txt,1,solved,1,63
after,3,Don't let your goals slip away.txt,3,solved,90,4881
after,3,Don't let your goals slip away.txt,5,solved,2,121
after,3,Don't let your goals slip away.txt,7,solved,9,512
after,3,Don't let your goals slip away.txt,9,solved,32,1317
after,3,Don't let your goals slip away.txt,11,solved,123,5817
after,3,Don't let your goals slip away.txt,13,solved,46,2187
after,3,Don't let your goals slip away.txt,15,solved,143,7721
after,3,Double-Entry Bookkeeping Simulator.txt,1,timeout,250,1507
after,3,Double-Entry Bookkeeping Simulator.txt,3,timeout,250,1081
after,3,Double-Entry Bookkeeping Simulator.txt,5,timeout,250,1824
after,3,Double-Entry Bookkeeping Simulator.txt,7,timeout,250,1327
after,3,Double-Entry Bookkeeping Simulator.txt,9,timeout,250,1049
after,3,Double-Entry Bookkeeping Simulator.txt,11,timeout,250,837
after,3,Double-Entry Bookkeeping Simulator.txt,13,timeout,250,556
after,3,Double-Entry Bookkeeping Simulator.txt,15,timeout,250,695
after,3,Double-Entry Bookkeeping Simulator.txt,17,timeout,250,1720
after,3,Explodoban.txt,1,solved,9,437
after,3,Explodoban.txt,3,solved,6,320
after,3,Explodoban.txt,5,solved,65,3082
after,3,Explodoban.txt,7,solved,153,5873
after,3,Explodoban.txt,9,solved,87,3907
after,3,Explodoban.txt,11,solved,64,2959
after,3,Explodoban.txt,13,timeout,250,11203
after,3,Eyeball-watching flowers bloom.txt,1,solved,2,53
after,3,Eyeball-watching flowers bloom.txt,3,solved,173,4076
after,3,Eyeball-watching flowers bloom.txt,5,timeout,250,4926
after,3,Garten der Medusen.txt,1,solved,5,6
after,3,Garten der Medusen.txt,3,solved,5,4
after,3,Garten der Medusen.txt,5,solved,7,6
after,3,Garten der Medusen.txt,7,timeout,250,319
after,3,Garten der Medusen.txt,9,timeout,250,188
after,3,Garten der Medusen.txt,11,timeout,250,178
after,3,Garten der Medusen.txt,13,timeout,250,59
after,3,Garten der Medusen.txt,15,timeout,250,83
after,3,Hole-Stuffer.txt,1,timeout,250,3626
after,3,Hole-Stuffer.txt,3,solved,222,3591
after,3,Hole-Stuffer.txt,5,solved,11,178
after,3,Hole-Stuffer.txt,7,timeout,250,3201
after,3,"Individuals can produce a society, but can a society produce individuals.txt",1,timeout,251,530
after,3,It gets its Feet Wet.txt,1,timeout,250,292
after,3,Legend of Swixero.txt,1,solved,6,369
after,3,Legend of Swixero.txt,3,solved,25,1444
after,3,Legend of Swixero.txt,5,solved,9,450
after,3,Legend of Swixero.txt,7,timeout,251,11086
after,3,Legend of Swixero.txt,9,timeout,251,10520
after,3,Match two two by twos.txt,2,timeout,250,1451
after,3,Match two two by twos.txt,4,timeout,250,849
after,3,Match two two by twos.txt,6,timeout,250,1022
after,3,Match-Maker.txt,1,solved,35,1111
after,3,Match-Maker.txt,3,solved,2,66
after,3,Match-Maker.txt,5,solved,12,214
after,3,Match-Maker.txt,7,solved,215,4771
after,3,Match-Maker.txt,9,timeout,250,5184
after,3,Match-Maker.txt,11,timeout,250,5544
after,3,Match-Maker.txt,13,solved,160,3402
after,3,Match-Maker.txt,15,solved,222,4839
after,3,Match-Maker.txt,17,timeout,250,4813
after,3,Microban x 10.txt,2,timeout,250,416
after,3,Muraphilic Monophobic Multiban.txt,1,timeout,252,10334
after,3,Muraphilic Monophobic Multiban.txt,3,solved,0,6
after,3,Muraphilic Monophobic Multiban.txt,5,solved,12,390
after,3,Muraphilic Monophobic Multiban.txt,7,solved,110,4207
after,3,Muraphilic Monophobic Multiban.txt,9,timeout,252,9991
after,3,Muraphilic Monophobic Multiban.txt,11,solved,59,2039
after,3,Muraphilic Monophobic Multiban.txt,13,solved,27,1149
after,3,Muraphilic Monophobic Multiban.txt,15,timeout,251,8975
after,3,NIGHTMARECROBAN.txt,1,solved,5,309
after,3,NIGHTMARECROBAN.txt,3,solved,31,1682
after,3,NIGHTMARECROBAN.txt,5,solved,22,1170
after,3,NIGHTMARECROBAN.txt,7,solved,8,387
after,3,NIGHTMARECROBAN.txt,9,solved,11,515
after,3,NIGHTMARECROBAN.txt,11,solved,35,1605
after,3,NIGHTMARECROBAN.txt,13,solved,79,3677
after,3,Neoprenanzieher.txt,2,timeout,250,436
after,3,North Wind Simple Sailboat Buoy Collection.txt,2,exhausted,2,9
after,3,North Wind Simple Sailboat Buoy Collection.txt,4,exhausted,2,9
after,3,North Wind Simple Sailboat Buoy Collection.txt,6,exhausted,2,9
after,3,Oh No My Dog Is About To Swallow A Piece Of.txt,1,timeout,250,127
after,3,Place the crate on the targets.txt,1,timeout,251,1279
after,3,Pocket Gopher - Root-Shoot Nibbler.txt,2,timeout,250,1567
after,3,Pocket Gopher - Root-Shoot Nibbler.txt,5,timeout,250,1076
after,3,Pocket Gopher - Root-Shoot Nibbler.txt,8,timeout,250,1498
after,3,Pocket Gopher - Root-Shoot Nibbler.txt,11,timeout,250,974
after,3,Pocket Gopher - Root-Shoot Nibbler.txt,14,timeout,250,1211
after,3,Pushy-V Pully-H.txt,1,solved,10,664
after,3,Pushy-V Pully-H.txt,3,solved,0,25
after,3,Pushy-V Pully-H.txt,5,solved,14,866
after,3,Pushy-V Pully-H.txt,7,solved,27,1738
after,3,Pushy-V Pully-H.txt,9,solved,0,14
after,3,Pushy-V Pully-H.txt,11,solved,2,109
after,3,Pushy-V Pully-H.txt,13,solved,1,78
after,3,Pushy-V Pully-H.txt,15,solved,67,3497
after,3,Pushy-V Pully-H.txt,17,solved,46,2857
after,3,Pushy-V Pully-H.txt,19,solved,1,72
after,3,Pushy-V Pully-H.txt,21,solved,181,9302
after,3,"Put the logs in the water, elephant.txt",1,timeout,250,3228
after,3,"Put the logs in the water, elephant.txt",4,solved,52,770
after,3,"Put the logs in the water, elephant.txt",7,timeout,250,3476
after,3,"Put the logs in the water, elephant.txt",10,solved,111,1313
after,3,"Put the logs in the water, elephant.txt",13,timeout,251,3067
after,3,"Put the logs in the water, elephant.txt",16,timeout,250,3833
after,3,"Put the logs in the water, elephant.txt",19,timeout,250,2748
after,3,"Put the logs in the water, elephant.txt",22,timeout,250,4072
after,3,Putting Bicycle Helmets on Young Children.txt,1,timeout,251,225
after,3,Putting Bicycle Helmets on Young Children.txt,3,timeout,251,143
after,3,Putting Bicycle Helmets on Young Children.txt,5,timeout,250,110
after,3,Recondite Star Sector Sigma.txt,1,solved,10,644
after,3,Recondite Star Sector Sigma.txt,3,solved,166,7848
after,3,Recondite Star Sector Sigma.txt,5,solved,121,6910
after,3,Recondite Star Sector Sigma.txt,7,solved,226,9804
after,3,Recondite Star Sector Sigma.txt,9,solved,149,9178
after,3,Recondite Star Sector Sigma.txt,11,solved,22,1338
after,3,Recondite Star Sector Sigma.txt,13,solved,218,12443
after,3,Recondite Star Sector Sigma.txt,15,solved,66,3835
after,3,Recondite Star Sector Sigma.txt,17,solved,243,13908
after,3,Recondite Star Sector Sigma.txt,19,solved,28,1580
after,3,Resin-Caster.txt,2,solved,19,1014
after,3,Resin-Caster.txt,4,solved,13,729
after,3,Resin-Caster.txt,6,solved,34,2010
after,3,Resin-Caster.txt,8,solved,74,4444
after,3,Resin-Caster.txt,10,solved,12,762
after,3,Resin-Caster.txt,12,solved,23,1470
after,3,Resin-Caster.txt,14,solved,78,3899
after,3,Resin-Caster.txt,16,solved,13,576
after,3,Resin-Caster.txt,18,solved,25,1073
after,3,Resin-Caster.txt,20,solved,22,1472
after,3,S-tercourse.txt,1,timeout,250,1957
after,3,S-tercourse.txt,3,solved,42,357
after,3,S-tercourse.txt,5,solved,33,302
after,3,S-tercourse.txt,7,timeout,250,2043
after,3,S-tercourse.txt,9,timeout,250,2231
after,3,S-tercourse.txt,11,timeout,250,2244
after,3,S-tercourse.txt,13,timeout,250,2380
after,3,S-tercourse.txt,15,timeout,250,2004
after,3,S-tercourse.txt,17,timeout,250,2081
after,3,S-tercourse.txt,19,timeout,250,1939
after,3,S-tercourse.txt,21,timeout,250,2688
after,3,S-tercourse.txt,23,timeout,250,2276
after,3,SWIMMING TIME.txt,2,timeout,250,411
after,3,Scalesoban.txt,1,solved,0,14
after,3,Scalesoban.txt,3,solved,2,91
after,3,Scalesoban.txt,5,solved,21,858
after,3,Schleimban.txt,1,solved,33,306
after,3,Schleimban.txt,3,solved,48,768
after,3,Schleimban.txt,5,solved,38,548
after,3,Schleimban.txt,7,solved,64,1018
after,3,Schleimban.txt,9,solved,33,503
after,3,Schleimban.txt,11,solved,0,1
after,3,Subway upholstry snot smearing championship.txt,2,solved,210,6991
after,3,Subway upholstry snot smearing championship.txt,4,solved,6,240
after,3,Subway upholstry snot smearing championship.txt,6,solved,4,96
after,3,Subway upholstry snot smearing championship.txt,8,timeout,250,5551
after,3,Subway upholstry snot smearing championship.txt,10,solved,119,3469
after,3,Subway upholstry snot smearing championship.txt,12,solved,68,1208
after,3,Subway upholstry snot smearing championship.txt,14,timeout,250,4636
after,3,The Far Away Danish Pastry is always Delicio.txt,1,solved,0,7
after,3,The Far Away Danish Pastry is always Delicio.txt,3,solved,0,10
after,3,The Far Away Danish Pastry is always Delicio.txt,5,solved,3,183
after,3,The Far Away Danish Pastry is always Delicio.txt,7,solved,0,45
after,3,The Far Away Danish Pastry is always Delicio.txt,9,solved,1,74
after,3,The Far Away Danish Pastry is always Delicio.txt,11,solved,68,3545
after,3,The Far Away Danish Pastry is always Delicio.txt,13,solved,30,1232
after,3,The Far Away Danish Pastry is always Delicio.txt,15,solved,96,4154
after,3,The Monsterous Autoshove.txt,1,solved,40,710
after,3,The Monsterous Autoshove.txt,3,solved,63,921
after,3,The Monsterous Autoshove.txt,5,timeout,250,2439
after,3,The Monsterous Autoshove.txt,7,solved,37,575
after,3,The Monsterous Autoshove.txt,9,timeout,250,2312
after,3,The Monsterous Autoshove.txt,11,timeout,250,2407
after,3,The sponge what lights up the seafloor.txt,1,solved,105,503
after,3,The sponge what lights up the seafloor.txt,3,timeout,250,1552
after,3,The sponge what lights up the seafloor.txt,5,timeout,250,1078
after,3,The sponge what lights up the seafloor.txt,7,solved,106,633
after,3,The sponge what lights up the seafloor.txt,9,timeout,250,1420
after,3,The sponge what lights up the seafloor.txt,11,solved,140,942
after,3,The sponge what lights up the seafloor.txt,13,timeout,250,1581
after,3,The sponge what lights up the seafloor.txt,15,timeout,250,1509
after,3,The sponge what lights up the seafloor.txt,17,timeout,250,1297
after,3,The sponge what lights up the seafloor.txt,19,timeout,250,1404
after,3,Two-Step Pete.txt,1,solved,1,61
after,3,Two-Step Pete.txt,3,solved,50,2153
after,3,Two-Step Pete.txt,5,solved,6,305
after,3,Two-Step Pete.txt,7,timeout,252,7730
after,3,Two-Step Pete.txt,9,solved,43,1810
after,3,Two-Step Pete.txt,11,solved,2,99
after,3,Two-Step Pete.txt,13,solved,15,756
after,3,Two-Step Pete.txt,15,timeout,251,11373
after,3,Two-Tone Tango.txt,1,solved,68,1805
after,3,Two-Tone Tango.txt,3,solved,22,569
after,3,Two-Tone Tango.txt,5,solved,51,1163
after,3,Two-Tone Tango.txt,7,solved,221,6728
after,3,Two-Tone Tango.txt,9,solved,1,38
after,3,Two-Tone Tango.txt,11,solved,25,747
after,3,Two-Tone Tango.txt,13,solved,115,4124
after,3,Two-Tone Tango.txt,15,solved,95,3028
after,3,Van-to-Mobile-Living-Space-Conversion Window.txt,1,solved,2,39
after,3,Van-to-Mobile-Living-Space-Conversion Window.txt,3,solved,69,1296
after,3,Van-to-Mobile-Living-Space-Conversion Window.txt,5,solved,2,49
after,3,Van-to-Mobile-Living-Space-Conversion Window.txt,7,timeout,250,3945
after,3,Van-to-Mobile-Living-Space-Conversion Window.txt,9,timeout,250,4209
after,3,Van-to-Mobile-Living-Space-Conversion Window.txt,11,timeout,250,4149
after,3,Van-to-Mobile-Living-Space-Conversion Window.txt,13,solved,52,938
after,3,Van-to-Mobile-Living-Space-Conversion Window.txt,15,solved,244,3383
after,3,Van-to-Mobile-Living-Space-Conversion Window.txt,17,solved,38,673
after,3,Van-to-Mobile-Living-Space-Conversion Window.txt,19,timeout,250,3571
after,3,Van-to-Mobile-Living-Space-Conversion Window.txt,21,timeout,250,4091
after,3,Van-to-Mobile-Living-Space-Conversion Window.txt,23,solved,97,1754
after,3,Van-to-Mobile-Living-Space-Conversion Window.txt,25,timeout,250,4607
after,3,Van-to-Mobile-Living-Space-Conversion Window.txt,27,timeout,250,4076
after,3,Varifocal Nightmare.txt,1,solved,41,1456
after,3,Varifocal Nightmare.txt,3,solved,20,780
after,3,Varifocal Nightmare.txt,5,solved,60,2291
after,3,Varifocal Nightmare.txt,7,timeout,251,7804
after,3,Varifocal Nightmare.txt,9,solved,157,4318
after,3,Vexatious Match 3.txt,2,timeout,251,6841
after,3,Vexatious Match 3.txt,4,timeout,251,9099
after,3,Vexatious Match 3.txt,6,timeout,250,9380
after,3,Vexatious Match 3.txt,8,timeout,250,9187
after,3,Vexatious Match 3.txt,10,solved,42,1992
after,3,Voitex Rasteriser 2.txt,1,timeout,252,4452
after,3,Voitex Rasteriser.txt,0,timeout,252,8338
after,3,Voitex Rasteriser.txt,2,solved,0,1
after,3,Wand Spinner.txt,1,solved,6,263
after,3,Wand Spinner.txt,3,solved,5,214
after,3,Wand Spinner.txt,5,solved,66,2715
after,3,Wand Spinner.txt,7,solved,108,4051
after,3,Wand Spinner.txt,9,solved,9,417
after,3,Wand Spinner.txt,11,solved,22,949
after,3,Wand Spinner.txt,13,solved,31,1308
after,3,Wand Spinner.txt,15,solved,12,513
after,3,Wand Spinner.txt,17,solved,28,973
after,3,Wand Spinner.txt,19,solved,46,1879
after,3,Wand Spinner.txt,21,solved,18,796
after,3,Wand Spinner.txt,23,solved,229,9400
after,3,Wand Spinner.txt,25,solved,18,721
after,3,Wand Spinner.txt,27,solved,78,3180
after,3,Wand Spinner.txt,29,timeout,254,10132
after,3,Wand Spinner.txt,31,solved,89,2265
after,3,Wand Spinner.txt,33,solved,2,68
after,3,Wand Spinner.txt,35,solved,166,5885
after,3,Xorro The Chaos Warden.txt,1,solved,6,267
after,3,Xorro The Chaos Warden.txt,3,solved,123,4418
after,3,Xorro The Chaos Warden.txt,5,solved,86,3553
after,3,Xorro The Chaos Warden.txt,7,timeout,251,7460
after,3,Yellow Box.txt,1,solved,115,3503
after,3,Yellow Box.txt,3,solved,15,332
after,3,Yellow Box.txt,5,solved,3,49
after,3,Yellow Box.txt,7,solved,13,293
after,3,Yellow Box.txt,9,solved,63,1318
after,3,Yellow Box.txt,11,solved,80,1642
after,3,Yellow Box.txt,13,solved,14,285
after,3,Yellow Box.txt,15,timeout,251,9398
after,3,Yellow Box.txt,17,solved,5,58
after,3,Yellow Box.txt,19,solved,15,272
after,3,Yellow Box.txt,21,solved,82,1639
after,3,Yellow Box.txt,23,solved,1,20
after,3,Yellow Box.txt,25,solved,13,259
after,3,Yellow Box.txt,27,solved,25,498
after,3,Yellow Box.txt,29,solved,14,280
after,3,Yellow Box.txt,31,solved,122,2277
after,3,Yellow Box.txt,33,solved,16,284
after,3,Yellow Box.txt,35,timeout,250,4797
after,3,a clear view of the sky.txt,3,solved,22,58
after,3,a clear view of the sky.txt,6,solved,15,55
after,3,a clear view of the sky.txt,8,solved,16,60
after,3,a clear view of the sky.txt,10,solved,11,52
after,3,a clear view of the sky.txt,12,solved,15,54
after,3,a clear view of the sky.txt,14,solved,12,43
after,3,a clear view of the sky.txt,16,solved,50,185
after,3,a clear view of the sky.txt,18,timeout,250,498
after,3,a clear view of the sky.txt,20,solved,27,64
after,3,a clear view of the sky.txt,22,solved,130,235
after,3,a clear view of the sky.txt,24,solved,227,600
after,3,a clear view of the sky.txt,26,timeout,250,266
after,3,a clear view of the sky.txt,28,timeout,250,153
after,3,a clear view of the sky.txt,30,solved,0,1
after,3,a clear view of the sky.txt,31,solved,0,1
after,3,a clear view of the sky.txt,32,solved,0,1
after,3,a clear view of the sky.txt,33,solved,0,1
after,3,a clear view of the sky.txt,34,solved,0,1
after,3,a clear view of the sky.txt,35,solved,0,1
after,3,a cliche for bedtime.txt,1,timeout,252,8109
after,3,a distant sunset.txt,1,solved,19,83
after,3,a distant sunset.txt,3,solved,0,1
after,3,a distant sunset.txt,4,solved,0,1
after,3,a distant sunset.txt,5,solved,0,1
after,3,alternatey.txt,2,solved,14,170
after,3,alternatey.txt,4,solved,82,428
after,3,alternatey.txt,6,timeout,250,1592
after,3,an ok multiban level.txt,1,timeout,251,11773
after,3,atlas shrank.txt,1,solved,1,11
after,3,atlas shrank.txt,4,solved,221,1898
after,3,atlas shrank.txt,5,solved,129,887
after,3,atlas shrank.txt,6,timeout,250,1779
after,3,atlas shrank.txt,8,timeout,250,833
after,3,atlas shrank.txt,10,solved,118,611
after,3,atlas shrank.txt,11,timeout,250,1197
after,3,atlas shrank.txt,12,timeout,250,1344
after,3,atlas shrank.txt,14,timeout,250,1220
after,3,atlas shrank.txt,15,timeout,250,383
after,3,atlas shrank.txt,16,timeout,250,372
after,3,atlas shrank.txt,17,timeout,250,845
after,3,autohurdler.txt,1,solved,9,124
after,3,autohurdler.txt,3,solved,3,35
after,3,autohurdler.txt,5,timeout,250,3605
after,3,autohurdler.txt,7,solved,33,402
after,3,big dog and little dog.txt,1,solved,241,2021
after,3,big dog and little dog.txt,3,timeout,250,1905
after,3,big dog and little dog.txt,5,timeout,250,1630
after,3,big dog and little dog.txt,7,timeout,250,1513
after,3,big dog and little dog.txt,9,timeout,250,1449
after,3,big dog and little dog.txt,11,timeout,250,739
after,3,bouncers.txt,1,timeout,253,6301
after,3,bouncers.txt,3,timeout,252,6680
after,3,bouncers.txt,5,timeout,252,6683
after,3,bouncers.txt,7,timeout,252,6253
after,3,bouncers.txt,9,timeout,252,5173
after,3,butteater.txt,1,solved,24,482
after,3,butteater.txt,3,timeout,250,4674
after,3,byyourside.txt,0,solved,1,17
after,3,byyourside.txt,1,solved,79,1231
after,3,byyourside.txt,2,solved,14,216
after,3,byyourside.txt,3,solved,1,14
after,3,byyourside.txt,4,solved,16,264
after,3,byyourside.txt,5,solved,19,299
after,3,byyourside.txt,6,solved,0,5
after,3,byyourside.txt,7,solved,1,16
after,3,byyourside.txt,8,solved,97,1709
after,3,byyourside.txt,9,solved,61,1062
after,3,cakemonsters.txt,2,solved,0,3
after,3,cakemonsters.txt,4,solved,0,10
after,3,cakemonsters.txt,7,solved,5,208
after,3,cakemonsters.txt,9,solved,7,268
after,3,cakemonsters.txt,11,solved,1,25
after,3,cakemonsters.txt,13,solved,7,275
after,3,cakemonsters.txt,14,solved,1,43
after,3,cakemonsters.txt,15,solved,7,305
after,3,cakemonsters.txt,16,solved,30,1021
after,3,cakemonsters.txt,17,solved,1,70
after,3,cakemonsters.txt,18,solved,0,10
after,3,cakemonsters.txt,20,timeout,251,7511
after,3,cakemonsters.txt,21,solved,121,3880
after,3,cakemonsters.txt,22,solved,9,326
after,3,cakemonsters.txt,24,solved,0,18
after,3,cakemonsters.txt,25,solved,0,7
after,3,cakemonsters.txt,26,solved,0,8
after,3,cakemonsters.txt,27,solved,0,9
after,3,cakemonsters.txt,28,solved,10,380
after,3,cakemonsters.txt,29,solved,8,314
after,3,cakemonsters.txt,31,solved,1,40
after,3,cakemonsters.txt,32,solved,32,1164
after,3,cakemonsters.txt,33,solved,99,3917
after,3,cakemonsters.txt,34,timeout,252,6438
after,3,cakemonsters.txt,35,solved,8,259
after,3,cakemonsters.txt,37,timeout,251,5304
after,3,cakemonsters.txt,38,solved,173,6123
after,3,cakemonsters.txt,39,solved,1,18
after,3,cakemonsters.txt,40,solved,165,4864
after,3,cakemonsters.txt,41,timeout,251,7234
after,3,cakemonsters.txt,43,solved,1,34
after,3,cakemonsters.txt,44,solved,189,5188
after,3,cakemonsters.txt,46,solved,62,1821
after,3,cakemonsters.txt,47,timeout,252,8689
after,3,cakemonsters.txt,49,solved,232,9290
after,3,cakemonsters.txt,52,timeout,250,8356
after,3,car crash.txt,1,timeout,250,143
after,3,car crash.txt,2,solved,108,0
after,3,castlecloset.txt,0,solved,189,2695
after,3,castlemouse.txt,1,solved,8,48
after,3,castlemouse.txt,3,solved,8,42
after,3,castlemouse.txt,5,solved,28,138
after,3,castlemouse.txt,7,solved,66,272
after,3,castlemouse.txt,9,solved,5,20
after,3,castlemouse.txt,11,timeout,250,688
after,3,castlemouse.txt,13,solved,2,6
after,3,castlemouse.txt,15,solved,6,12
after,3,castlemouse.txt,17,solved,1,3
after,3,castlemouse.txt,19,solved,5,9
after,3,chaos wizard.txt,2,solved,71,960
after,3,chaos wizard.txt,3,solved,23,293
after,3,chaos wizard.txt,4,timeout,250,3808
after,3,chaos wizard.txt,5,timeout,250,4139
after,3,chaos wizard.txt,6,timeout,251,2761
after,3,chaos wizard.txt,7,timeout,250,3585
after,3,chaos wizard.txt,8,timeout,250,3363
after,3,chaos wizard.txt,9,timeout,251,4273
after,3,chaos wizard.txt,10,timeout,250,3524
after,3,chaos wizard.txt,11,timeout,250,3688
after,3,chaos wizard.txt,12,timeout,250,3281
after,3,chaos wizard.txt,13,timeout,250,3274
after,3,chaos wizard.txt,14,timeout,250,3331
after,3,chaos wizard.txt,15,timeout,250,3529
after,3,chaos wizard.txt,16,timeout,250,3775
after,3,chaos wizard.txt,17,timeout,250,3052
after,3,chaos wizard.txt,18,timeout,250,3743
after,3,chaos wizard.txt,19,timeout,251,3613
after,3,chaos wizard.txt,20,timeout,251,2335
after,3,chaos wizard.txt,22,solved,8,65
after,3,chaos wizard.txt,24,timeout,251,2168
after,3,chaos wizard.txt,27,timeout,250,2577
after,3,coincounter.txt,0,solved,2,9
after,3,coincounter.txt,1,solved,2,22
after,3,coincounter.txt,2,solved,8,69
after,3,coincounter.txt,3,solved,11,93
after,3,coincounter.txt,4,solved,44,289
after,3,coincounter.txt,5,solved,42,287
after,3,coincounter.txt,6,solved,121,892
after,3,coincounter.txt,7,timeout,250,2019
after,3,coincounter.txt,8,solved,7,51
after,3,coincounter.txt,9,solved,2,7
after,3,coincounter.txt,10,solved,0,1
after,3,collapse.txt,2,solved,157,186
after,3,collapse.txt,3,timeout,259,167
after,3,color chained.txt,0,solved,8,31
after,3,color chained.txt,1,solved,4,9
after,3,color chained.txt,2,solved,188,645
after,3,color chained.txt,3,solved,56,160
after,3,color chained.txt,4,solved,41,139
after,3,color chained.txt,5,timeout,250,695
after,3,color chained.txt,6,timeout,250,589
after,3,color chained.txt,7,timeout,250,541
after,3,color chained.txt,8,timeout,250,561
after,3,color chained.txt,9,timeout,250,468
after,3,color chained.txt,10,timeout,250,520
after,3,color chained.txt,14,timeout,250,430
after,3,constellationz.txt,0,solved,0,5
after,3,constellationz.txt,1,solved,0,5
after,3,constellationz.txt,2,solved,3,72
after,3,constellationz.txt,3,solved,0,10
after,3,constellationz.txt,4,solved,5,124
after,3,constellationz.txt,5,solved,7,28
after,3,constellationz.txt,6,solved,192,1718
after,3,constellationz.txt,7,solved,176,1466
after,3,constellationz.txt,8,timeout,251,3154
after,3,constellationz.txt,9,timeout,251,1862
after,3,constellationz.txt,10,timeout,251,2906
after,3,cooperacing.txt,3,timeout,250,3361
after,3,cooperacing.txt,5,timeout,250,3419
after,3,cooperacing.txt,8,timeout,251,3623
after,3,cooperacing.txt,10,timeout,250,3735
after,3,crate guardian.txt,1,timeout,250,6141
after,3,crate guardian.txt,3,solved,69,1913
after,3,crate guardian.txt,5,timeout,250,6678
after,3,crate guardian.txt,7,timeout,250,6748
after,3,crate guardian.txt,9,timeout,250,5533
after,3,crate guardian.txt,11,timeout,250,6156
after,3,crate swap.txt,1,solved,20,1202
after,3,crate swap.txt,3,solved,11,714
after,3,crate swap.txt,5,solved,31,1659
after,3,crate swap.txt,7,solved,29,1732
after,3,crate swap.txt,9,solved,42,2606
after,3,crate swap.txt,11,solved,53,3024
after,3,crate swap.txt,13,solved,46,2569
after,3,crate swap.txt,15,solved,30,1789
after,3,cratopia.txt,2,solved,5,70
after,3,cratopia.txt,3,timeout,250,3002
after,3,cratopia.txt,5,solved,60,764
after,3,cratopia.txt,9,timeout,250,2237
after,3,cratopia.txt,11,timeout,250,4099
after,3,cratopia.txt,12,timeout,251,3502
after,3,cratopia.txt,13,timeout,250,1945
after,3,cratopia.txt,14,timeout,251,3089
after,3,cratopia.txt,15,timeout,250,3297
after,3,cratopia.txt,16,timeout,250,2744
after,3,cratopia.txt,17,timeout,251,3752
after,3,cratopia.txt,18,timeout,250,3697
after,3,cratopia.txt,19,timeout,250,3179
after,3,cratopia.txt,20,solved,21,31
after,3,cratopia.txt,21,solved,33,0
after,3,cratopia.txt,22,solved,31,0
after,3,cratopia.txt,23,solved,32,0
after,3,cute train.txt,1,timeout,251,101
after,3,der hydra krypta.txt,1,solved,29,21
after,3,der hydra krypta.txt,3,timeout,250,116
after,3,der hydra krypta.txt,5,timeout,250,155
after,3,der hydra krypta.txt,7,timeout,250,83
after,3,der hydra krypta.txt,9,timeout,250,134
after,3,der hydra krypta.txt,11,timeout,250,119
after,3,der hydra krypta.txt,13,solved,0,1
after,3,dice goblin.txt,3,timeout,250,819
after,3,die schoene steinmetzin.txt,1,timeout,250,1458
after,3,die schoene steinmetzin.txt,3,timeout,250,1447
after,3,die schoene steinmetzin.txt,5,timeout,250,1520
after,3,die schoene steinmetzin.txt,7,timeout,250,1611
after,3,die schoene steinmetzin.txt,9,timeout,250,1793
after,3,die schoene steinmetzin.txt,11,timeout,250,1183
after,3,die schoene steinmetzin.txt,13,timeout,250,1181
after,3,die schoene steinmetzin.txt,15,timeout,250,936
after,3,die schoene steinmetzin.txt,16,exhausted,0,1
after,3,diesinthelight.txt,0,solved,10,94
after,3,diesinthelight.txt,1,solved,52,432
after,3,diesinthelight.txt,2,timeout,250,1496
after,3,diesinthelight.txt,3,timeout,250,1408
after,3,dollyban.txt,1,solved,95,3182
after,3,dollyban.txt,3,solved,90,3417
after,3,dollyban.txt,5,timeout,250,9339
after,3,dollyban.txt,7,timeout,251,9480
after,3,dollyban.txt,9,timeout,250,9192
after,3,dollyban.txt,11,timeout,251,8544
after,3,dollyban.txt,13,solved,182,5653
after,3,dollyban.txt,15,timeout,251,8210
after,3,dollyban.txt,17,timeout,250,8135
after,3,dollyban.txt,19,timeout,250,8346
after,3,dollyban.txt,21,timeout,250,8349
after,3,dollyban.txt,23,timeout,251,8775
after,3,dollyban.txt,25,timeout,250,7633
after,3,dollyban.txt,27,timeout,250,8482
after,3,dollyban.txt,29,timeout,251,7547
after,3,dreizack.txt,1,timeout,250,183
after,3,dreizack.txt,3,timeout,250,174
after,3,dreizack.txt,5,timeout,250,167
after,3,dreizack.txt,6,solved,1,9
after,3,dreizack.txt,7,solved,0,1
after,3,dropswap.txt,3,solved,92,1246
after,3,dropswap.txt,5,solved,89,831
after,3,dropswap.txt,8,timeout,250,1588
after,3,dropswap.txt,12,solved,84,728
after,3,dropswap.txt,14,timeout,250,1744
after,3,dungeon janitor.txt,2,solved,1,22
after,3,dungeon janitor.txt,4,timeout,250,3201
after,3,dungeon janitor.txt,6,timeout,250,2408
after,3,dungeon janitor.txt,9,timeout,250,1451
after,3,easyenigma.txt,0,solved,2,5
after,3,easyenigma.txt,1,solved,0,1
after,3,easyenigma.txt,2,solved,146,455
after,3,easyenigma.txt,3,solved,1,2
after,3,easyenigma.txt,4,solved,0,2
after,3,easyenigma.txt,5,solved,188,363
after,3,easyenigma.txt,6,solved,2,5
after,3,easyenigma.txt,7,solved,3,7
after,3,easyenigma.txt,8,solved,74,99
after,3,easyenigma.txt,9,solved,2,1
after,3,easyenigma.txt,10,solved,5,2
after,3,easyenigma.txt,11,timeout,252,549
after,3,easyenigma.txt,12,solved,6,2
after,3,easyenigma.txt,13,solved,5,13
after,3,easyenigma.txt,14,solved,1,1
after,3,easyenigma.txt,15,solved,3,5
after,3,easyenigma.txt,16,timeout,251,415
after,3,easyenigma.txt,17,timeout,291,1
after,3,easyenigma.txt,18,solved,2,2
after,3,easyenigma.txt,19,timeout,250,164
after,3,easyenigma.txt,20,timeout,252,309
after,3,ecosystem generator.txt,1,timeout,251,1567
after,3,expand also avoid the flames.txt,1,timeout,255,110
after,3,fickle fred.txt,1,solved,4,226
after,3,fickle fred.txt,3,solved,28,1408
after,3,fickle fred.txt,5,timeout,250,10568
after,3,fickle fred.txt,7,solved,73,3331
after,3,fickle fred.txt,9,solved,9,563
after,3,flesh-handed hot casserole delivery bot.txt,1,solved,3,272
after,3,flesh-handed hot casserole delivery bot.txt,2,solved,11,878
after,3,flesh-handed hot casserole delivery bot.txt,4,timeout,251,16399
after,3,flesh-handed hot casserole delivery bot.txt,6,timeout,251,16419
after,3,flesh-handed hot casserole delivery bot.txt,8,solved,20,1546
after,3,flesh-handed hot casserole delivery bot.txt,10,solved,204,13570
after,3,flesh-handed hot casserole delivery bot.txt,12,solved,27,1923
after,3,flesh-handed hot casserole delivery bot.txt,14,solved,64,4331
after,3,flesh-handed hot casserole delivery bot.txt,16,solved,197,13080
after,3,flesh-handed hot casserole delivery bot.txt,18,timeout,251,15147
after,3,gabelstapler.txt,1,solved,94,936
after,3,gabelstapler.txt,3,timeout,250,1911
after,3,gabelstapler.txt,5,timeout,250,1735
after,3,gapfiller.txt,1,solved,12,383
after,3,gapfiller.txt,3,solved,187,4611
after,3,gapfiller.txt,5,solved,10,404
after,3,gapfiller.txt,7,solved,37,1441
after,3,gapfiller.txt,9,solved,2,76
after,3,gapfiller.txt,11,timeout,250,7135
after,3,gapfiller.txt,13,solved,9,332
after,3,gapfiller.txt,15,solved,2,87
after,3,gapfiller.txt,17,solved,109,3993
after,3,gapfiller.txt,19,timeout,250,5507
after,3,gem soketeer.txt,1,solved,178,563
after,3,gem soketeer.txt,3,solved,77,345
after,3,gem soketeer.txt,5,solved,38,111
after,3,gem soketeer.txt,7,solved,30,127
after,3,gem soketeer.txt,9,solved,169,719
after,3,gem soketeer.txt,11,solved,10,53
after,3,gem soketeer.txt,13,timeout,250,983
after,3,gem soketeer.txt,15,timeout,250,836
after,3,gem soketeer.txt,17,timeout,250,646
after,3,gem soketeer.txt,19,timeout,250,824
after,3,gem soketeer.txt,21,timeout,250,678
after,3,gem soketeer.txt,23,timeout,250,658
after,3,gem soketeer.txt,25,timeout,250,1200
after,3,gem soketeer.txt,27,timeout,250,794
after,3,gem soketeer.txt,29,timeout,250,1203
after,3,gem soketeer.txt,31,timeout,250,1260
after,3,gem soketeer.txt,33,timeout,250,1335
after,3,gobble_rush.txt,0,solved,1,11
after,3,gobble_rush.txt,1,solved,3,42
after,3,gobble_rush.txt,2,solved,7,121
after,3,gobble_rush.txt,3,solved,70,926
after,3,gobble_rush.txt,4,solved,4,92
after,3,gobble_rush.txt,5,solved,17,259
after,3,gobble_rush.txt,6,solved,18,257
after,3,gobble_rush.txt,7,solved,18,257
after,3,gobble_rush.txt,8,solved,17,253
after,3,gobble_rush.txt,9,solved,39,575
after,3,gobble_rush.txt,10,solved,15,174
after,3,gobble_rush.txt,11,solved,18,225
after,3,gobble_rush.txt,12,solved,24,192
after,3,gobble_rush.txt,13,solved,6,92
after,3,gobble_rush.txt,14,solved,15,222
after,3,gobble_rush.txt,15,solved,3,34
after,3,gobble_rush.txt,16,solved,25,403
after,3,gobble_rush.txt,17,solved,16,264
after,3,gobble_rush.txt,18,solved,32,436
after,3,gobble_rush.txt,19,solved,106,1386
after,3,gobble_rush.txt,20,solved,0,4
after,3,hairtug.txt,1,solved,10,65
after,3,hairtug.txt,4,timeout,251,1550
after,3,hairtug.txt,7,timeout,250,1217
after,3,hairtug.txt,10,timeout,251,1743
after,3,hairtug.txt,13,timeout,250,1395
after,3,head skuller.txt,1,solved,13,717
after,3,head skuller.txt,3,solved,119,6231
after,3,head skuller.txt,5,timeout,251,11526
after,3,head skuller.txt,7,solved,80,3927
after,3,head skuller.txt,9,timeout,251,11458
after,3,head skuller.txt,11,timeout,252,11114
after,3,head skuller.txt,13,solved,0,1
after,3,hedgehog stimulator.txt,1,timeout,250,3208
after,3,hedgehog stimulator.txt,3,timeout,250,3413
after,3,hedgehog stimulator.txt,5,solved,221,3142
after,3,hedgehog stimulator.txt,7,timeout,250,3237
after,3,hedgehog stimulator.txt,9,timeout,250,2809
after,3,hedgehog stimulator.txt,11,timeout,250,3439
after,3,hedgehog stimulator.txt,13,solved,223,2657
after,3,hedgehog stimulator.txt,15,timeout,250,2946
after,3,hedgehog stimulator.txt,17,timeout,250,2639
after,3,hedgehog stimulator.txt,19,timeout,250,2913
after,3,hedgehog stimulator.txt,21,timeout,250,2855
after,3,hedgehog stimulator.txt,23,timeout,250,2804
after,3,heroes_of_sokoban.txt,1,solved,0,8
after,3,heroes_of_sokoban.txt,3,solved,15,587
after,3,heroes_of_sokoban.txt,5,solved,1,26
after,3,heroes_of_sokoban.txt,7,timeout,251,8267
after,3,heroes_of_sokoban.txt,9,solved,1,55
after,3,heroes_of_sokoban.txt,10,timeout,250,8311
after,3,heroes_of_sokoban.txt,11,solved,6,257
after,3,heroes_of_sokoban.txt,13,solved,101,2751
after,3,heroes_of_sokoban.txt,14,timeout,251,5279
after,3,heroes_of_sokoban.txt,15,solved,0,17
after,3,heroes_of_sokoban.txt,17,solved,20,372
after,3,heroes_of_sokoban.txt,19,timeout,250,6522
after,3,heroes_of_sokoban.txt,20,timeout,250,6600
after,3,heroes_of_sokoban.txt,21,timeout,251,3903
after,3,heroes_of_sokoban.txt,22,solved,14,361
after,3,heroes_of_sokoban.txt,23,solved,184,5422
after,3,heroes_of_sokoban.txt,24,timeout,251,6812
after,3,heroes_of_sokoban.txt,25,timeout,251,5643
after,3,heroes_of_sokoban.txt,26,timeout,250,8832
after,3,heroes_of_sokoban.txt,27,solved,2,77
after,3,heroes_of_sokoban.txt,28,timeout,250,5628
after,3,heroes_of_sokoban.txt,29,solved,0,10
after,3,heroes_of_sokoban_2.txt,3,timeout,250,3479
after,3,heroes_of_sokoban_2.txt,5,solved,2,35
after,3,heroes_of_sokoban_2.txt,6,solved,2,32
after,3,heroes_of_sokoban_2.txt,8,timeout,250,5523
after,3,heroes_of_sokoban_2.txt,10,solved,5,73
after,3,heroes_of_sokoban_2.txt,12,timeout,250,3176
after,3,heroes_of_sokoban_2.txt,13,solved,153,1817
after,3,heroes_of_sokoban_2.txt,15,solved,5,52
after,3,heroes_of_sokoban_2.txt,17,timeout,250,4066
after,3,heroes_of_sokoban_2.txt,19,timeout,250,4435
after,3,heroes_of_sokoban_2.txt,20,timeout,250,3784
after,3,heroes_of_sokoban_2.txt,21,timeout,250,4090
after,3,heroes_of_sokoban_2.txt,23,solved,2,21
after,3,heroes_of_sokoban_2.txt,24,solved,27,285
after,3,heroes_of_sokoban_2.txt,26,solved,208,2065
after,3,heroes_of_sokoban_2.txt,27,timeout,251,2573
after,3,heroes_of_sokoban_2.txt,28,timeout,250,2314
after,3,heroes_of_sokoban_2.txt,29,timeout,250,2898
after,3,heroes_of_sokoban_2.txt,30,timeout,250,2792
after,3,heroes_of_sokoban_2.txt,31,timeout,250,4056
after,3,heroes_of_sokoban_2.txt,32,timeout,251,3290
after,3,heroes_of_sokoban_2.txt,34,timeout,251,1972
after,3,heroes_of_sokoban_3.txt,3,timeout,250,2718
after,3,heroes_of_sokoban_3.txt,5,solved,33,324
after,3,heroes_of_sokoban_3.txt,6,solved,10,84
after,3,heroes_of_sokoban_3.txt,8,solved,13,114
after,3,heroes_of_sokoban_3.txt,10,timeout,250,3469
after,3,heroes_of_sokoban_3.txt,11,solved,116,1649
after,3,heroes_of_sokoban_3.txt,12,solved,29,393
after,3,heroes_of_sokoban_3.txt,13,timeout,250,2832
after,3,heroes_of_sokoban_3.txt,14,timeout,250,3162
after,3,heroes_of_sokoban_3.txt,16,timeout,250,6093
after,3,heroes_of_sokoban_3.txt,17,timeout,251,4691
after,3,heroes_of_sokoban_3.txt,18,timeout,250,4482
after,3,heroes_of_sokoban_3.txt,21,timeout,250,3154
after,3,heroes_of_sokoban_3.txt,22,timeout,250,2638
after,3,heroes_of_sokoban_3.txt,23,timeout,250,6412
after,3,heroes_of_sokoban_3.txt,24,timeout,250,2837
after,3,heroes_of_sokoban_3.txt,25,timeout,250,1863
after,3,heroes_of_sokoban_3.txt,26,timeout,250,3658
after,3,heroes_of_sokoban_3.txt,27,timeout,250,2572
after,3,heroes_of_sokoban_3.txt,28,timeout,250,2863
after,3,heroes_of_sokoban_3.txt,30,timeout,250,1870
after,3,heroes_of_sokoban_3.txt,31,solved,42,530
after,3,hungry kraken.txt,1,timeout,250,1013
after,3,hungry kraken.txt,3,exhausted,0,1
after,3,i am a gust of wind.txt,1,solved,3,76
after,3,i am a gust of wind.txt,3,solved,8,383
after,3,i am a gust of wind.txt,5,solved,5,245
after,3,i am a gust of wind.txt,7,timeout,252,13624
after,3,i sure look tasty.txt,1,timeout,250,122
after,3,i want to grind myself into dust.txt,1,timeout,250,1387
after,3,i want to grind myself into dust.txt,3,timeout,250,921
after,3,i want to grind myself into dust.txt,5,timeout,250,416
after,3,icecrates.txt,1,solved,0,6
after,3,icecrates.txt,3,solved,1,9
after,3,icecrates.txt,5,solved,5,53
after,3,icecrates.txt,7,solved,117,930
after,3,icecrates.txt,9,solved,36,219
after,3,icecrates.txt,11,timeout,250,1418
after,3,impossible.txt,0,exhausted,0,1
after,3,it dies in the light.txt,0,solved,17,94
after,3,it dies in the light.txt,1,solved,57,432
after,3,it dies in the light.txt,2,timeout,250,1390
after,3,it dies in the light.txt,3,timeout,250,1281
after,3,karamell.txt,1,timeout,250,246
after,3,karamell.txt,3,timeout,250,265
after,3,karamell.txt,5,timeout,250,175
after,3,karamell.txt,7,solved,0,1
after,3,kettle.txt,1,solved,3,26
after,3,kettle.txt,4,solved,0,3
after,3,kettle.txt,7,solved,0,3
after,3,kettle.txt,10,solved,4,27
after,3,kettle.txt,13,solved,12,97
after,3,kettle.txt,16,solved,3,26
after,3,kettle.txt,19,solved,72,473
after,3,kettle.txt,22,solved,74,353
after,3,kettle.txt,25,timeout,250,1449
after,3,kettle.txt,28,timeout,251,1605
after,3,kettle.txt,31,timeout,251,1263
after,3,kishoutenketsu.txt,2,solved,30,320
after,3,kishoutenketsu.txt,5,timeout,250,3708
after,3,kishoutenketsu.txt,8,solved,3,41
after,3,kishoutenketsu.txt,11,timeout,250,656
after,3,konsum.txt,1,timeout,250,1776
after,3,kreiseln.txt,1,solved,29,292
after,3,kreiseln.txt,3,timeout,250,3849
after,3,kreiseln.txt,5,timeout,250,2834
after,3,kreiseln.txt,7,timeout,250,2646
after,3,kreiseln.txt,9,timeout,250,2057
after,3,led challenge.txt,1,timeout,250,4167
after,3,led challenge.txt,3,timeout,250,5037
after,3,led challenge.txt,5,timeout,250,4906
after,3,led challenge.txt,7,timeout,250,1517
after,3,ledchallenge.txt,1,timeout,250,4093
after,3,ledchallenge.txt,3,timeout,250,5120
after,3,ledchallenge.txt,5,timeout,250,4665
after,3,ledchallenge.txt,7,timeout,250,1404
after,3,legend of zokoban.txt,0,timeout,250,1718
after,3,limerick.txt,1,solved,2,41
after,3,limerick.txt,3,solved,148,2800
after,3,limerick.txt,5,timeout,251,4830
after,3,limerick.txt,7,solved,16,264
after,3,limerick.txt,9,solved,82,1490
after,3,limerick.txt,11,solved,15,296
after,3,limerick.txt,13,timeout,251,4519
after,3,limerick.txt,15,timeout,250,4912
after,3,limerick.txt,17,solved,57,821
after,3,limerick.txt,19,timeout,251,4996
after,3,m c eschers armageddon.txt,0,solved,0,11
after,3,m c eschers armageddon.txt,1,solved,0,4
after,3,m c eschers armageddon.txt,2,solved,0,12
after,3,m c eschers armageddon.txt,3,solved,40,284
after,3,make way.txt,1,timeout,251,9655
after,3,make way.txt,3,solved,91,3331
after,3,manic_ammo.txt,1,solved,0,9
after,3,manic_ammo.txt,3,solved,0,9
after,3,manic_ammo.txt,5,solved,2,71
after,3,manic_ammo.txt,8,solved,0,9
after,3,manic_ammo.txt,10,solved,177,6607
after,3,manic_ammo.txt,12,solved,3,99
after,3,manic_ammo.txt,14,timeout,250,5966
after,3,manic_ammo.txt,16,solved,104,3210
after,3,manic_ammo.txt,18,solved,1,12
after,3,manic_ammo.txt,20,timeout,250,5886
after,3,manic_ammo.txt,22,solved,34,281
after,3,manic_ammo.txt,24,timeout,250,4429
after,3,manic_ammo.txt,26,timeout,250,1901
after,3,manic_ammo.txt,28,timeout,250,1545
after,3,manic_ammo.txt,30,timeout,250,5294
after,3,match three billiards.txt,1,solved,1,4
after,3,match three billiards.txt,3,solved,33,451
after,3,match three billiards.txt,5,solved,36,563
after,3,mazezam.txt,1,solved,1,48
after,3,mazezam.txt,3,solved,3,134
after,3,mazezam.txt,5,solved,5,210
after,3,mazezam.txt,7,solved,18,534
after,3,mazezam.txt,9,solved,20,662
after,3,mazezam.txt,11,solved,19,501
after,3,mazezam.txt,13,solved,38,1121
after,3,mazezam.txt,15,solved,18,763
after,3,mazezam.txt,17,solved,17,709
after,3,mazezam.txt,19,solved,159,3882
after,3,mazezam.txt,21,solved,36,1424
after,3,mazezam.txt,23,timeout,251,6336
after,3,mazezam.txt,25,solved,73,3165
after,3,mazezam.txt,27,solved,64,2557
after,3,mazezam.txt,29,solved,203,8022
after,3,mazezam.txt,31,solved,30,932
after,3,mazezam.txt,33,solved,32,1333
after,3,mazezam.txt,35,timeout,250,7737
after,3,mazezam.txt,37,solved,27,1095
after,3,mazezam.txt,39,solved,114,2661
after,3,mazezam.txt,41,solved,56,1924
after,3,mazezam.txt,43,solved,93,3247
after,3,mazezam.txt,45,solved,48,1874
after,3,mazezam.txt,47,solved,156,5229
after,3,mazezam.txt,49,timeout,251,6708
after,3,mazezam.txt,51,solved,83,2701
after,3,mazezam.txt,53,timeout,250,6116
after,3,mazezam.txt,55,timeout,250,8271
after,3,mazezam.txt,57,timeout,250,6801
after,3,mazezam.txt,59,timeout,251,7373
after,3,message_skip.txt,1,solved,0,1
after,3,midas.txt,0,solved,8,105
after,3,midas.txt,2,solved,19,318
after,3,midas.txt,4,solved,17,285
after,3,midas.txt,6,solved,37,681
after,3,midas.txt,8,timeout,251,3648
after,3,midas.txt,11,timeout,250,2669
after,3,midas.txt,13,timeout,250,3279
after,3,midas.txt,15,timeout,250,2491
after,3,midas.txt,17,timeout,251,2392
after,3,midas.txt,19,timeout,250,2561
after,3,midas.txt,21,timeout,251,2476
after,3,midas.txt,23,timeout,250,2448
after,3,midas.txt,25,solved,133,1609
after,3,midas.txt,27,timeout,250,2609
after,3,midas.txt,29,timeout,250,2611
after,3,moved by leaves of grass.txt,1,timeout,250,400
after,3,multi_level.txt,0,solved,0,1
after,3,multi_level.txt,1,solved,0,1
after,3,newton.txt,1,timeout,250,6194
after,3,newton.txt,3,timeout,250,6535
after,3,newton.txt,5,timeout,250,7341
after,3,no don't eat that.txt,1,timeout,250,57
after,3,no don't eat that.txt,3,timeout,251,48
after,3,no don't eat that.txt,5,timeout,251,35
after,3,no don't eat that.txt,7,timeout,250,35
after,3,no don't eat that.txt,9,timeout,250,48
after,3,no don't eat that.txt,11,timeout,251,15
after,3,no don't eat that.txt,13,timeout,250,18
after,3,no don't eat that.txt,15,timeout,250,21
after,3,no forbidden symbols 2.txt,1,timeout,250,6291
after,3,no forbidden symbols.txt,1,timeout,252,10351
after,3,no heroes necessary.txt,1,solved,18,176
after,3,no heroes necessary.txt,3,solved,7,53
after,3,no heroes necessary.txt,5,solved,31,237
after,3,no heroes necessary.txt,7,solved,9,54
after,3,no heroes necessary.txt,9,solved,174,695
after,3,oh no i accidentally swallowed myself.txt,1,timeout,250,125
after,3,oh no i accidentally swallowed myself.txt,2,solved,0,1
after,3,oh no i accidentally swallowed myself.txt,3,solved,0,1
after,3,oh no i accidentally swallowed myself.txt,4,solved,0,1
after,3,one_move.txt,0,solved,0,1
after,3,paint everything everywhere.txt,1,solved,20,28
after,3,paint everything everywhere.txt,3,solved,46,104
after,3,paint everything everywhere.txt,5,solved,54,20
after,3,paint everything everywhere.txt,7,solved,133,55
after,3,paint everything everywhere.txt,9,timeout,250,94
after,3,paint everything everywhere.txt,11,solved,154,129
after,3,paint everything everywhere.txt,13,solved,60,76
after,3,paint everything everywhere.txt,15,solved,63,44
after,3,paint everything everywhere.txt,17,timeout,250,39
after,3,paint everything everywhere.txt,19,solved,27,46
after,3,paint everything everywhere.txt,21,solved,126,110
after,3,paint everything everywhere.txt,23,solved,128,50
after,3,paint everything everywhere.txt,25,solved,182,99
after,3,paint everything everywhere.txt,27,solved,264,81
after,3,paint everything everywhere.txt,29,timeout,250,98
after,3,paint everything everywhere.txt,31,solved,196,66
after,3,paint everything everywhere.txt,33,solved,110,51
after,3,paint everything everywhere.txt,35,solved,214,57
after,3,paint everything everywhere.txt,37,timeout,250,399
after,3,paint everything everywhere.txt,39,timeout,252,39
after,3,participating in society.txt,2,timeout,251,1182
after,3,pipe puffer.txt,2,timeout,250,4246
after,3,pipe puffer.txt,4,solved,41,589
after,3,pipe puffer.txt,6,timeout,250,2460
after,3,pipe puffer.txt,8,solved,202,1808
after,3,pipe puffer.txt,10,timeout,250,3028
after,3,pipe puffer.txt,12,timeout,250,2300
after,3,pipe puffer.txt,14,timeout,250,2820
after,3,pipe puffer.txt,16,solved,9,73
after,3,ponies jumping synchronously.txt,0,solved,0,8
after,3,ponies jumping synchronously.txt,2,solved,0,9
after,3,ponies jumping synchronously.txt,4,solved,0,7
after,3,ponies jumping synchronously.txt,6,solved,0,9
after,3,ponies jumping synchronously.txt,8,solved,1,29
after,3,ponies jumping synchronously.txt,10,solved,16,388
after,3,ponies jumping synchronously.txt,12,solved,0,8
after,3,ponies jumping synchronously.txt,14,solved,16,283
after,3,ponies jumping synchronously.txt,17,timeout,250,2511
after,3,ponies jumping synchronously.txt,19,solved,19,265
after,3,ponies jumping synchronously.txt,21,timeout,250,2321
after,3,ponies jumping synchronously.txt,23,timeout,250,1585
after,3,pupush.txt,1,timeout,250,5857
after,3,push pull.txt,1,solved,5,285
after,3,push pull.txt,3,solved,4,236
after,3,push pull.txt,5,solved,17,876
after,3,push.txt,1,solved,0,6
after,3,push.txt,3,solved,0,13
after,3,push.txt,5,solved,18,566
after,3,push.txt,7,solved,5,110
after,3,push.txt,9,solved,8,243
after,3,push.txt,11,solved,37,884
after,3,push.txt,13,solved,35,663
after,3,push.txt,15,timeout,250,3618
after,3,push.txt,17,timeout,250,3747
after,3,push.txt,19,timeout,250,4233
after,3,push.txt,21,solved,190,3306
after,3,push.txt,23,solved,4,78
after,3,push.txt,25,solved,208,3950
after,3,push.txt,27,timeout,250,4076
after,3,push.txt,29,timeout,251,3867
after,3,push.txt,31,solved,95,2397
after,3,push.txt,33,timeout,250,2783
after,3,push.txt,35,timeout,250,2353
after,3,push.txt,37,solved,3,52
after,3,push.txt,39,timeout,250,4519
after,3,push.txt,40,solved,0,4
after,3,pushit.txt,1,solved,114,5171
after,3,pushit.txt,3,timeout,252,6748
after,3,pushit.txt,5,timeout,251,12855
after,3,pushit.txt,7,timeout,250,13545
after,3,puzzles.txt,0,timeout,250,1440
after,3,realtime dog mountain rescue.txt,1,timeout,250,681
after,3,realtime dog mountain rescue.txt,4,timeout,250,577
after,3,realtime dog mountain rescue.txt,7,timeout,250,349
after,3,riverpuzzle.txt,0,timeout,250,43
after,3,robot arm.txt,3,timeout,250,974
after,3,robot arm.txt,5,timeout,264,34
after,3,robot arm.txt,7,timeout,250,853
after,3,robotarm.txt,3,timeout,250,919
after,3,robotarm.txt,5,timeout,255,34
after,3,robotarm.txt,7,timeout,250,920
after,3,sacrament of the river god.txt,1,timeout,250,832
after,3,sacrament of the river god.txt,3,timeout,250,284
after,3,sacrament of the river god.txt,5,timeout,250,739
after,3,sacrament of the river god.txt,7,timeout,250,647
after,3,sacrament of the river god.txt,9,timeout,250,869
after,3,sacrament of the river god.txt,11,timeout,250,193
after,3,sacrament of the river god.txt,13,solved,2,12
after,3,seize the flag.txt,1,timeout,250,765
after,3,seize the flag.txt,3,solved,0,1
after,3,short adventure in sticky wall land.txt,1,timeout,250,1900
after,3,short adventure in sticky wall land.txt,3,timeout,250,1625
after,3,short adventure in sticky wall land.txt,5,timeout,250,1908
after,3,shy snake.txt,1,solved,48,95
after,3,shy snake.txt,3,timeout,250,137
after,3,shy snake.txt,5,timeout,250,139
after,3,slide pull.txt,1,solved,38,1388
after,3,slide pull.txt,3,solved,14,573
after,3,slide pull.txt,5,solved,60,2583
after,3,slide pull.txt,7,timeout,251,11393
after,3,slide pull.txt,9,solved,14,782
after,3,slide pull.txt,11,timeout,251,9848
after,3,slide pull.txt,13,solved,181,6725
after,3,slidings.txt,1,solved,2,39
after,3,slidings.txt,3,solved,0,18
after,3,slidings.txt,5,solved,1,38
after,3,slidings.txt,7,solved,4,82
after,3,slidings.txt,9,solved,7,234
after,3,slidings.txt,11,timeout,250,5687
after,3,slidings.txt,13,solved,171,5247
after,3,slidings.txt,15,solved,175,6209
after,3,slidings.txt,17,timeout,251,6319
after,3,slidings.txt,19,solved,86,1895
after,3,slidings.txt,21,solved,134,2959
after,3,slime vat filler.txt,2,solved,4,229
after,3,slime vat filler.txt,4,solved,0,39
after,3,slime vat filler.txt,6,solved,2,125
after,3,slime vat filler.txt,8,solved,1,89
after,3,slime vat filler.txt,10,solved,2,127
after,3,slime vat filler.txt,12,solved,196,7121
after,3,slime vat filler.txt,14,solved,13,550
after,3,slime vat filler.txt,16,timeout,251,7511
after,3,slime vat filler.txt,18,solved,162,5783
after,3,slime vat filler.txt,21,solved,75,3131
after,3,slime vat filler.txt,23,solved,0,1
after,3,slot machine.txt,1,solved,119,620
after,3,slot machine.txt,3,timeout,250,1464
after,3,smother.txt,2,solved,19,265
after,3,smother.txt,4,solved,24,499
after,3,smother.txt,6,solved,46,765
after,3,smother.txt,8,solved,46,415
after,3,smother.txt,10,solved,108,781
after,3,smother.txt,14,solved,0,6
after,3,smother.txt,16,solved,1,32
after,3,smother.txt,18,solved,1,36
after,3,smother.txt,20,solved,18,276
after,3,smother.txt,22,solved,18,334
after,3,smother.txt,26,solved,51,536
after,3,smother.txt,28,solved,160,1909
after,3,smother.txt,30,solved,20,317
after,3,smother.txt,32,timeout,250,998
after,3,smother.txt,34,timeout,250,2944
after,3,smother.txt,37,solved,0,4
after,3,snkaey makes a sixy.txt,0,timeout,250,3292
after,3,snkaey makes a sixy.txt,2,exhausted,0,1
after,3,snortal.txt,0,timeout,250,5020
after,3,sok7.txt,0,timeout,250,1180
after,3,sokobansokobansokoban.txt,1,timeout,251,5660
after,3,sokobond demake.txt,2,solved,3,38
after,3,sokobond demake.txt,4,solved,1,18
after,3,sokobond demake.txt,6,solved,1,16
after,3,sokobond demake.txt,8,solved,2,20
after,3,sokobond demake.txt,10,solved,4,64
after,3,sokobond demake.txt,12,solved,2,49
after,3,sokobond demake.txt,14,solved,20,300
after,3,sokobond demake.txt,16,solved,6,81
after,3,sokobond demake.txt,18,solved,47,830
after,3,sokobond demake.txt,20,solved,38,748
after,3,sokobond demake.txt,22,solved,23,588
after,3,sokobond demake.txt,24,timeout,250,5513
after,3,sokobond demake.txt,26,solved,18,615
after,3,sokobond demake.txt,28,timeout,250,6184
after,3,sokobond demake.txt,30,timeout,250,7283
after,3,sokogoban.txt,2,timeout,250,1108
after,3,sokogoban.txt,4,timeout,250,827
after,3,sokogoban.txt,6,timeout,250,514
after,3,stick_candy_puzzle_saga.txt,1,solved,142,2971
after,3,stick_candy_puzzle_saga.txt,2,timeout,250,4574
after,3,stick_candy_puzzle_saga.txt,4,timeout,250,3791
after,3,stick_candy_puzzle_saga.txt,5,timeout,250,2930
after,3,stick_candy_puzzle_saga.txt,6,timeout,250,3314
after,3,stick_candy_puzzle_saga.txt,7,timeout,250,3133
after,3,stick_candy_puzzle_saga.txt,8,timeout,250,3430
after,3,stick_candy_puzzle_saga.txt,9,timeout,250,4567
after,3,stick_candy_puzzle_saga.txt,10,timeout,250,3439
after,3,stick_candy_puzzle_saga.txt,11,timeout,250,3904
after,3,stick_candy_puzzle_saga.txt,12,timeout,250,3177
after,3,stick_candy_puzzle_saga.txt,13,timeout,250,3661
after,3,stick_candy_puzzle_saga.txt,14,timeout,250,4498
after,3,stick_candy_puzzle_saga.txt,15,timeout,250,3667
after,3,stick_candy_puzzle_saga.txt,16,timeout,250,3441
after,3,stick_candy_puzzle_saga.txt,17,timeout,250,3850
after,3,stick_candy_puzzle_saga.txt,18,timeout,250,3585
after,3,stick_candy_puzzle_saga.txt,19,timeout,250,2504
after,3,stick_candy_puzzle_saga.txt,20,timeout,250,3444
after,3,stick_candy_puzzle_saga.txt,21,timeout,250,2534
after,3,sum three horizontally to 8.txt,4,solved,1,15
after,3,sum three horizontally to 8.txt,6,solved,1,8
after,3,sum three horizontally to 8.txt,8,solved,1,6
after,3,sum three horizontally to 8.txt,10,solved,2,13
after,3,sum three horizontally to 8.txt,13,solved,2,26
after,3,sum three horizontally to 8.txt,15,solved,45,473
after,3,sum three horizontally to 8.txt,17,solved,3,19
after,3,sum three horizontally to 8.txt,19,solved,11,109
after,3,sum three horizontally to 8.txt,22,solved,50,623
after,3,sum three horizontally to 8.txt,24,solved,7,107
after,3,sum three horizontally to 8.txt,26,solved,32,415
after,3,sum three horizontally to 8.txt,28,solved,20,304
after,3,sum three horizontally to 8.txt,31,timeout,250,844
after,3,take heart lass.txt,1,solved,0,3
after,3,take heart lass.txt,3,solved,3,25
after,3,take heart lass.txt,5,solved,1,8
after,3,take heart lass.txt,7,solved,3,28
after,3,take heart lass.txt,9,solved,117,1256
after,3,take heart lass.txt,11,solved,10,120
after,3,take heart lass.txt,13,solved,39,361
after,3,take heart lass.txt,15,timeout,250,2565
after,3,take heart lass.txt,17,solved,7,49
after,3,take heart lass.txt,19,solved,57,512
after,3,take heart lass.txt,21,solved,85,761
after,3,take heart lass.txt,23,timeout,250,1399
after,3,talo pipi 2.txt,1,timeout,250,1028
after,3,talo pipi 2.txt,3,timeout,250,1994
after,3,talo pipi 2.txt,5,timeout,250,1177
after,3,talo pipi 2.txt,7,timeout,250,1547
after,3,talo pipi 2.txt,9,timeout,250,2025
after,3,talo pipi 2.txt,11,timeout,250,1024
after,3,talo pipi 2.txt,13,timeout,250,958
after,3,talo pipi 2.txt,15,timeout,250,938
after,3,talo pipi 2.txt,17,solved,0,1
after,3,the exit is under my left foot.txt,1,solved,129,102
after,3,the red ring of immortality.txt,1,solved,6,226
after,3,the red ring of immortality.txt,3,solved,54,1354
after,3,the red ring of immortality.txt,5,solved,1,52
after,3,the red ring of immortality.txt,7,solved,67,1633
after,3,the red ring of immortality.txt,9,solved,5,213
after,3,the red ring of immortality.txt,11,solved,9,332
after,3,the red ring of immortality.txt,13,solved,97,2759
after,3,the red ring of immortality.txt,15,solved,18,424
after,3,the red ring of immortality.txt,17,solved,78,2173
after,3,the red ring of immortality.txt,19,solved,8,264
after,3,the red ring of immortality.txt,21,solved,0,21
after,3,the red ring of immortality.txt,23,solved,0,2
after,3,the_saga_of_the_candy_scroll.txt,6,solved,4,106
after,3,the_saga_of_the_candy_scroll.txt,10,solved,0,8
after,3,the_saga_of_the_candy_scroll.txt,14,solved,0,4
after,3,the_saga_of_the_candy_scroll.txt,18,solved,27,551
after,3,the_saga_of_the_candy_scroll.txt,20,timeout,250,5347
after,3,the_saga_of_the_candy_scroll.txt,22,solved,5,104
after,3,the_saga_of_the_candy_scroll.txt,26,solved,42,832
after,3,the_saga_of_the_candy_scroll.txt,28,timeout,250,4658
after,3,the_saga_of_the_candy_scroll.txt,31,solved,79,1273
after,3,the_saga_of_the_candy_scroll.txt,35,timeout,250,3582
after,3,the_saga_of_the_candy_scroll.txt,46,solved,0,3
after,3,the_saga_of_the_candy_scroll.txt,50,solved,3,54
after,3,the_saga_of_the_candy_scroll.txt,53,solved,31,723
after,3,the_saga_of_the_candy_scroll.txt,55,solved,119,2683
after,3,the_saga_of_the_candy_scroll.txt,58,timeout,251,4962
after,3,the_saga_of_the_candy_scroll.txt,61,timeout,251,5021
after,3,the_saga_of_the_candy_scroll.txt,64,timeout,250,4633
after,3,the_saga_of_the_candy_scroll.txt,66,timeout,250,4323
after,3,the_saga_of_the_candy_scroll.txt,68,timeout,251,5851
after,3,the_saga_of_the_candy_scroll.txt,70,timeout,250,4392
after,3,the_saga_of_the_candy_scroll.txt,78,timeout,250,3840
after,3,the_saga_of_the_candy_scroll.txt,80,timeout,250,3613
after,3,the_saga_of_the_candy_scroll.txt,82,timeout,250,2931
after,3,the_saga_of_the_candy_scroll.txt,85,timeout,250,3847
after,3,the_saga_of_the_candy_scroll.txt,89,timeout,250,3000
after,3,the_saga_of_the_candy_scroll.txt,98,timeout,250,4638
after,3,the_saga_of_the_candy_scroll.txt,102,timeout,250,3208
after,3,the_saga_of_the_candy_scroll.txt,106,timeout,250,2622
after,3,the_saga_of_the_candy_scroll.txt,112,timeout,250,3234
after,3,the_saga_of_the_candy_scroll.txt,116,solved,38,501
after,3,threes.txt,0,timeout,250,366
after,3,tiny treasure hunt.txt,1,timeout,250,79
after,3,tiny treasure hunt.txt,3,timeout,250,28
after,3,tiny treasure hunt.txt,5,timeout,251,32
after,3,tiny treasure hunt.txt,7,timeout,250,100
after,3,tiny treasure hunt.txt,9,timeout,250,34
after,3,tiny treasure hunt.txt,11,timeout,250,92
after,3,tiny treasure hunt.txt,13,timeout,250,37
after,3,tunnel rat.txt,1,timeout,251,278
after,3,tunnel rat.txt,3,timeout,250,157
after,3,unclean residues.txt,2,timeout,250,6152
after,3,unclean residues.txt,4,timeout,250,7243
after,3,unclean residues.txt,6,timeout,250,7777
after,3,unclean residues.txt,8,timeout,250,7161
after,3,unclean residues.txt,10,timeout,250,6754
after,3,unclean residues.txt,13,solved,130,3677
after,3,unewton.txt,2,timeout,251,4364
after,3,unewton.txt,4,timeout,251,6600
after,3,unewton.txt,6,timeout,250,5158
after,3,unewton.txt,8,timeout,250,3604
after,3,whaleworld.txt,1,solved,22,120
after,3,whaleworld.txt,3,solved,21,240
after,3,whaleworld.txt,5,solved,121,878
after,3,whaleworld.txt,7,solved,217,1685
after,3,whaleworld.txt,9,timeout,250,1237
after,3,whaleworld.txt,11,timeout,250,1159
after,3,whaleworld.txt,13,timeout,250,809
after,3,whaleworld.txt,15,timeout,250,1398
after,3,witch lifter.txt,1,timeout,250,1391
after,3,witch lifter.txt,3,solved,95,564
after,3,witch lifter.txt,5,timeout,250,1579
after,3,witch lifter.txt,7,timeout,250,1594
after,3,witch lifter.txt,9,timeout,250,1473
after,3,witch lifter.txt,11,timeout,250,1935
after,3,witch lifter.txt,13,timeout,250,916
after,3,witch lifter.txt,15,timeout,250,1094
after,3,wool-clawer.txt,1,timeout,250,938
after,3,wool-clawer.txt,3,timeout,250,1009
after,3,wool-clawer.txt,5,timeout,250,452
after,3,wool-clawer.txt,7,timeout,250,281
after,3,wool-clawer.txt,9,timeout,250,373
after,3,wool-clawer.txt,11,timeout,250,346
after,3,you can't make this up.txt,1,timeout,250,3887
after,3,you complete me.txt,0,timeout,250,3198
after,3,zokoban.txt,0,timeout,250,1870
