side,pair,game,level,status,elapsed_ms,expanded
before,1,15 push pull levels.txt,1,solved,20,1342
before,1,15 push pull levels.txt,3,solved,2,137
before,1,15 push pull levels.txt,5,solved,87,5517
before,1,15 push pull levels.txt,7,solved,118,7643
before,1,15 push pull levels.txt,9,solved,68,4319
before,1,15 push pull levels.txt,11,solved,24,1565
before,1,15 push pull levels.txt,13,solved,21,1376
before,1,15 push pull levels.txt,15,solved,34,2195
before,1,15 push pull levels.txt,17,solved,27,1730
before,1,15 push pull levels.txt,19,solved,122,7849
before,1,15 push pull levels.txt,21,timeout,251,14883
before,1,15 push pull levels.txt,23,solved,216,13036
before,1,15 push pull levels.txt,25,solved,202,12036
before,1,15 push pull levels.txt,27,timeout,251,14904
before,1,15 push pull levels.txt,29,timeout,251,15331
before,1,5-junctions-maker.txt,1,timeout,250,311
before,1,5-junctions-maker.txt,3,solved,0,1
before,1,8 happy snakes.txt,1,solved,0,10
before,1,8 happy snakes.txt,3,solved,41,346
before,1,8 happy snakes.txt,5,solved,10,91
before,1,8 happy snakes.txt,7,solved,70,465
before,1,8 happy snakes.txt,9,timeout,253,6033
before,1,8 happy snakes.txt,11,timeout,252,5207
before,1,8 happy snakes.txt,13,timeout,252,5205
before,1,8 happy snakes.txt,15,timeout,250,1127
before,1,ALL GREEN TO BLUE.txt,1,solved,1,36
before,1,ALL GREEN TO BLUE.txt,3,solved,210,8191
before,1,ALL GREEN TO BLUE.txt,5,solved,89,4892
before,1,ALL GREEN TO BLUE.txt,7,solved,62,3260
before,1,ALL GREEN TO BLUE.txt,9,solved,23,1376
before,1,ALL GREEN TO BLUE.txt,11,timeout,252,11352
before,1,ALL GREEN TO BLUE.txt,13,solved,160,10966
before,1,ALL GREEN TO BLUE.txt,15,solved,3,188
before,1,ALL GREEN TO BLUE.txt,17,timeout,251,15722
before,1,ALL GREEN TO BLUE.txt,19,solved,12,884
before,1,ALL GREEN TO BLUE.txt,21,solved,3,89
before,1,Acorn Scorchery Paradise.txt,1,solved,9,489
before,1,Acorn Scorchery Paradise.txt,3,solved,7,380
before,1,Acorn Scorchery Paradise.txt,5,solved,22,1219
before,1,Acorn Scorchery Paradise.txt,7,solved,11,454
before,1,Acorn Scorchery Paradise.txt,9,solved,39,1545
before,1,All Green and Blue on Yellow.txt,1,solved,3,200
before,1,All Green and Blue on Yellow.txt,3,solved,2,166
before,1,All Green and Blue on Yellow.txt,5,solved,16,1249
before,1,All Green and Blue on Yellow.txt,7,solved,16,1343
before,1,All Green and Blue on Yellow.txt,9,solved,19,1260
before,1,Any hole is a goal.txt,1,solved,8,17
before,1,Any hole is a goal.txt,3,solved,219,802
before,1,Any hole is a goal.txt,5,timeout,250,717
before,1,Any hole is a goal.txt,7,solved,216,748
before,1,Any hole is a goal.txt,9,timeout,250,841
before,1,Any hole is a goal.txt,11,timeout,250,873
before,1,Any hole is a goal.txt,13,timeout,250,794
before,1,Any hole is a goal.txt,15,timeout,250,644
before,1,Any hole is a goal.txt,17,timeout,250,758
before,1,Any hole is a goal.txt,19,timeout,250,859
before,1,Any hole is a goal.txt,21,timeout,250,783
before,1,Any hole is a goal.txt,23,timeout,250,989
before,1,Any hole is a goal.txt,25,timeout,250,741
before,1,Any hole is a goal.txt,27,timeout,250,480
before,1,Any hole is a goal.txt,29,timeout,250,684
before,1,Any hole is a goal.txt,31,timeout,250,613
before,1,Any hole is a goal.txt,33,timeout,250,830
before,1,Any hole is a goal.txt,35,timeout,250,714
before,1,Any hole is a goal.txt,37,timeout,250,373
before,1,Any hole is a goal.txt,39,timeout,250,680
before,1,Any hole is a goal.txt,41,timeout,250,807
before,1,Any hole is a goal.txt,43,timeout,250,495
before,1,Any hole is a goal.txt,45,timeout,250,401
before,1,Any hole is a goal.txt,47,timeout,250,862
before,1,Any hole is a goal.txt,49,timeout,250,845
before,1,Any hole is a goal.txt,51,timeout,250,663
before,1,Any hole is a goal.txt,53,timeout,250,696
before,1,Any hole is a goal.txt,55,timeout,250,849
before,1,Any hole is a goal.txt,57,timeout,250,811
before,1,Any hole is a goal.txt,59,timeout,250,830
before,1,Any hole is a goal.txt,61,timeout,250,757
before,1,Any hole is a goal.txt,63,timeout,250,825
before,1,Any hole is a goal.txt,65,timeout,250,820
before,1,Any hole is a goal.txt,67,timeout,250,808
before,1,Any hole is a goal.txt,69,timeout,250,841
before,1,Attractor Net.txt,1,solved,95,2014
before,1,Attractor Net.txt,3,solved,116,2769
before,1,Attractor Net.txt,5,solved,7,162
before,1,Attractor Net.txt,7,solved,22,523
before,1,Attractor Net.txt,9,solved,71,1433
before,1,Attractor Net.txt,11,solved,28,571
before,1,Attractor Net.txt,13,solved,142,3034
before,1,Attractor Net.txt,15,solved,78,1772
before,1,Attractor Net.txt,17,solved,1,20
before,1,Attractor Net.txt,19,solved,70,1642
before,1,BIAXIAL INVASION OF SATURN.txt,3,solved,236,523
before,1,BIAXIAL INVASION OF SATURN.txt,5,timeout,250,341
before,1,BIAXIAL INVASION OF SATURN.txt,7,timeout,250,251
before,1,BIAXIAL INVASION OF SATURN.txt,9,timeout,250,285
before,1,BIAXIAL INVASION OF SATURN.txt,11,timeout,250,279
before,1,BIAXIAL INVASION OF SATURN.txt,13,timeout,250,355
before,1,BIAXIAL INVASION OF SATURN.txt,15,timeout,250,360
before,1,BIAXIAL INVASION OF SATURN.txt,17,timeout,250,176
before,1,BIAXIAL INVASION OF SATURN.txt,19,timeout,250,91
before,1,BIAXIAL INVASION OF SATURN.txt,21,timeout,250,78
before,1,BIAXIAL INVASION OF SATURN.txt,23,timeout,250,104
before,1,BIAXIAL INVASION OF SATURN.txt,25,timeout,251,12
before,1,BIAXIAL INVASION OF SATURN.txt,28,solved,0,1
before,1,BIAXIAL INVASION OF SATURN.txt,29,solved,0,1
before,1,BIAXIAL INVASION OF SATURN.txt,30,solved,0,1
before,1,BIAXIAL INVASION OF SATURN.txt,31,solved,1,1
before,1,Bicycle-Kick Football.txt,1,timeout,250,308
before,1,Bicycle-Kick Football.txt,4,solved,20,91
before,1,Bicycle-Kick Football.txt,7,solved,249,685
before,1,Bicycle-Kick Football.txt,10,timeout,250,1150
before,1,Bicycle-Kick Football.txt,13,timeout,250,509
before,1,Bicycle-Kick Football.txt,16,timeout,250,1217
before,1,Bring the ice cube to the goal without exposing it to heat.txt,1,timeout,250,298
before,1,CODEX LUBRICUS.txt,2,solved,50,130
before,1,CODEX LUBRICUS.txt,4,solved,63,93
before,1,CODEX LUBRICUS.txt,6,solved,86,73
before,1,CODEX LUBRICUS.txt,8,solved,37,93
before,1,CODEX LUBRICUS.txt,10,solved,115,113
before,1,CODEX LUBRICUS.txt,12,solved,83,149
before,1,CODEX LUBRICUS.txt,14,solved,72,111
before,1,CODEX LUBRICUS.txt,16,solved,82,118
before,1,CODEX LUBRICUS.txt,18,solved,102,105
before,1,CODEX LUBRICUS.txt,20,solved,115,115
before,1,CODEX LUBRICUS.txt,22,solved,71,112
before,1,CODEX LUBRICUS.txt,24,solved,96,116
before,1,CODEX LUBRICUS.txt,26,solved,93,108
before,1,CODEX LUBRICUS.txt,28,solved,115,104
before,1,CODEX LUBRICUS.txt,30,solved,141,131
before,1,CODEX LUBRICUS.txt,32,timeout,250,256
before,1,CODEX LUBRICUS.txt,34,solved,155,122
before,1,CODEX LUBRICUS.txt,36,solved,136,164
before,1,CODEX LUBRICUS.txt,38,solved,72,102
before,1,CODEX LUBRICUS.txt,40,solved,240,262
before,1,Chevron Lodger.txt,1,solved,2,67
before,1,Chevron Lodger.txt,3,solved,58,1755
before,1,Chevron Lodger.txt,5,solved,234,5035
before,1,Chevron Lodger.txt,7,solved,30,823
before,1,Chevron Lodger.txt,9,timeout,250,6540
before,1,Chevron Lodger.txt,11,timeout,251,5077
before,1,Crates move when you move.txt,1,solved,6,138
before,1,Crates move when you move.txt,3,solved,2,73
before,1,Crates move when you move.txt,5,solved,2,49
before,1,Crates move when you move.txt,7,solved,6,115
before,1,Crates move when you move.txt,9,solved,3,71
before,1,Crates move when you move.txt,11,solved,0,3
before,1,Crates move when you move.txt,13,solved,13,348
before,1,Crates move when you move.txt,15,solved,10,230
before,1,Crates move when you move.txt,17,solved,4,93
before,1,Crates move when you move.txt,19,solved,14,415
before,1,Cucumber Surprise.txt,2,solved,6,259
before,1,Cucumber Surprise.txt,5,solved,8,201
before,1,Cucumber Surprise.txt,7,solved,39,1178
before,1,Cucumber Surprise.txt,9,solved,86,2499
before,1,Cucumber Surprise.txt,11,timeout,250,7545
before,1,Cucumber Surprise.txt,13,solved,32,1163
before,1,Cucumber Surprise.txt,15,solved,59,2202
before,1,Cucumber Surprise.txt,17,solved,25,916
before,1,Cucumber Surprise.txt,19,solved,41,1311
before,1,Cucumber Surprise.txt,21,solved,237,8142
before,1,Cucumber Surprise.txt,23,solved,96,3449
before,1,Cucumber Surprise.txt,25,solved,39,1243
before,1,Cucumber Surprise.txt,27,solved,221,7437
before,1,Cucumber Surprise.txt,29,solved,19,731
before,1,Cucumber Surprise.txt,31,solved,63,2119
before,1,Cucumber Surprise.txt,33,solved,117,3415
before,1,Cucumber Surprise.txt,35,solved,50,1727
before,1,Cucumber Surprise.txt,37,solved,24,812
before,1,Cucumber Surprise.txt,39,solved,96,2968
before,1,Cucumber Surprise.txt,41,timeout,250,7522
before,1,Des Poseidons Dreizack.txt,1,timeout,250,111
before,1,Des Poseidons Dreizack.txt,3,timeout,250,84
before,1,Des Poseidons Dreizack.txt,5,timeout,250,75
before,1,Des Poseidons Dreizack.txt,6,solved,1,9
before,1,Des Poseidons Dreizack.txt,7,solved,0,1
before,1,Don't let your goals slip away.txt,1,solved,1,63
before,1,Don't let your goals slip away.txt,3,solved,101,4881
before,1,Don't let your goals slip away.txt,5,solved,2,121
before,1,Don't let your goals slip away.txt,7,solved,10,512
before,1,Don't let your goals slip away.txt,9,solved,25,1317
before,1,Don't let your goals slip away.txt,11,solved,122,5817
before,1,Don't let your goals slip away.txt,13,solved,40,2187
before,1,Don't let your goals slip away.txt,15,solved,149,7721
before,1,Double-Entry Bookkeeping Simulator.txt,1,timeout,250,1748
before,1,Double-Entry Bookkeeping Simulator.txt,3,timeout,250,618
before,1,Double-Entry Bookkeeping Simulator.txt,5,timeout,250,1366
before,1,Double-Entry Bookkeeping Simulator.txt,7,timeout,250,605
before,1,Double-Entry Bookkeeping Simulator.txt,9,timeout,250,767
before,1,Double-Entry Bookkeeping Simulator.txt,11,timeout,250,438
before,1,Double-Entry Bookkeeping Simulator.txt,13,timeout,250,284
before,1,Double-Entry Bookkeeping Simulator.txt,15,timeout,250,357
before,1,Double-Entry Bookkeeping Simulator.txt,17,timeout,250,1484
before,1,Explodoban.txt,1,solved,16,437
before,1,Explodoban.txt,3,solved,12,320
before,1,Explodoban.txt,5,solved,80,3082
before,1,Explodoban.txt,7,solved,187,5873
before,1,Explodoban.txt,9,solved,96,3907
before,1,Explodoban.txt,11,solved,76,2959
before,1,Explodoban.txt,13,timeout,251,10007
before,1,Eyeball-watching flowers bloom.txt,1,solved,2,53
before,1,Eyeball-watching flowers bloom.txt,3,solved,220,4076
before,1,Eyeball-watching flowers bloom.txt,5,timeout,250,3906
before,1,Garten der Medusen.txt,1,solved,9,6
before,1,Garten der Medusen.txt,3,solved,11,4
before,1,Garten der Medusen.txt,5,solved,11,6
before,1,Garten der Medusen.txt,7,timeout,250,184
before,1,Garten der Medusen.txt,9,timeout,250,103
before,1,Garten der Medusen.txt,11,timeout,250,82
before,1,Garten der Medusen.txt,13,timeout,250,29
before,1,Garten der Medusen.txt,15,timeout,252,39
before,1,Hole-Stuffer.txt,1,timeout,250,2225
before,1,Hole-Stuffer.txt,3,timeout,250,2914
before,1,Hole-Stuffer.txt,5,solved,15,178
before,1,Hole-Stuffer.txt,7,timeout,250,2725
before,1,"Individuals can produce a society, but can a society produce individuals.txt",1,timeout,250,496
before,1,It gets its Feet Wet.txt,1,timeout,250,172
before,1,Legend of Swixero.txt,1,solved,9,369
before,1,Legend of Swixero.txt,3,solved,28,1444
before,1,Legend of Swixero.txt,5,solved,12,450
before,1,Legend of Swixero.txt,7,timeout,251,8842
before,1,Legend of Swixero.txt,9,timeout,251,10324
before,1,Match two two by twos.txt,2,timeout,250,1045
before,1,Match two two by twos.txt,4,timeout,250,709
before,1,Match two two by twos.txt,6,timeout,250,622
before,1,Match-Maker.txt,1,solved,38,1111
before,1,Match-Maker.txt,3,solved,3,66
before,1,Match-Maker.txt,5,solved,12,214
before,1,Match-Maker.txt,7,timeout,250,4219
before,1,Match-Maker.txt,9,timeout,250,3699
before,1,Match-Maker.txt,11,timeout,250,4335
before,1,Match-Maker.txt,13,solved,221,3402
before,1,Match-Maker.txt,15,timeout,250,4594
before,1,Match-Maker.txt,17,timeout,250,3642
before,1,Microban x 10.txt,2,timeout,250,247
before,1,Muraphilic Monophobic Multiban.txt,1,timeout,252,9549
before,1,Muraphilic Monophobic Multiban.txt,3,solved,0,6
before,1,Muraphilic Monophobic Multiban.txt,5,solved,11,390
before,1,Muraphilic Monophobic Multiban.txt,7,solved,106,4207
before,1,Muraphilic Monophobic Multiban.txt,9,timeout,252,9533
before,1,Muraphilic Monophobic Multiban.txt,11,solved,70,2039
before,1,Muraphilic Monophobic Multiban.txt,13,solved,28,1149
before,1,Muraphilic Monophobic Multiban.txt,15,timeout,252,9736
before,1,NIGHTMARECROBAN.txt,1,solved,6,309
before,1,NIGHTMARECROBAN.txt,3,solved,32,1682
before,1,NIGHTMARECROBAN.txt,5,solved,24,1170
before,1,NIGHTMARECROBAN.txt,7,solved,8,387
before,1,NIGHTMARECROBAN.txt,9,solved,11,515
before,1,NIGHTMARECROBAN.txt,11,solved,36,1605
before,1,NIGHTMARECROBAN.txt,13,solved,89,3677
before,1,Neoprenanzieher.txt,2,timeout,250,459
before,1,North Wind Simple Sailboat Buoy Collection.txt,2,exhausted,1,9
before,1,North Wind Simple Sailboat Buoy Collection.txt,4,exhausted,2,9
before,1,North Wind Simple Sailboat Buoy Collection.txt,6,exhausted,1,9
before,1,Oh No My Dog Is About To Swallow A Piece Of.txt,1,timeout,250,87
before,1,Place the crate on the targets.txt,1,timeout,251,1312
before,1,Pocket Gopher - Root-Shoot Nibbler.txt,2,timeout,250,1415
before,1,Pocket Gopher - Root-Shoot Nibbler.txt,5,timeout,250,733
before,1,Pocket Gopher - Root-Shoot Nibbler.txt,8,timeout,250,1353
before,1,Pocket Gopher - Root-Shoot Nibbler.txt,11,timeout,250,576
before,1,Pocket Gopher - Root-Shoot Nibbler.txt,14,timeout,250,897
before,1,Pushy-V Pully-H.txt,1,solved,10,664
before,1,Pushy-V Pully-H.txt,3,solved,0,25
before,1,Pushy-V Pully-H.txt,5,solved,14,866
before,1,Pushy-V Pully-H.txt,7,solved,27,1738
before,1,Pushy-V Pully-H.txt,9,solved,0,14
before,1,Pushy-V Pully-H.txt,11,solved,1,109
before,1,Pushy-V Pully-H.txt,13,solved,1,78
before,1,Pushy-V Pully-H.txt,15,solved,67,3497
before,1,Pushy-V Pully-H.txt,17,solved,47,2857
before,1,Pushy-V Pully-H.txt,19,solved,1,72
before,1,Pushy-V Pully-H.txt,21,solved,168,9302
before,1,"Put the logs in the water, elephant.txt",1,timeout,250,3287
before,1,"Put the logs in the water, elephant.txt",4,solved,54,770
before,1,"Put the logs in the water, elephant.txt",7,timeout,250,3497
before,1,"Put the logs in the water, elephant.txt",10,solved,105,1313
before,1,"Put the logs in the water, elephant.txt",13,timeout,250,3390
before,1,"Put the logs in the water, elephant.txt",16,timeout,250,3691
before,1,"Put the logs in the water, elephant.txt",19,timeout,250,2728
before,1,"Put the logs in the water, elephant.txt",22,timeout,250,3915
before,1,Putting Bicycle Helmets on Young Children.txt,1,timeout,251,137
before,1,Putting Bicycle Helmets on Young Children.txt,3,timeout,250,58
before,1,Putting Bicycle Helmets on Young Children.txt,5,timeout,254,79
before,1,Recondite Star Sector Sigma.txt,1,solved,11,644
before,1,Recondite Star Sector Sigma.txt,3,solved,156,7848
before,1,Recondite Star Sector Sigma.txt,5,solved,118,6910
before,1,Recondite Star Sector Sigma.txt,7,solved,206,9804
before,1,Recondite Star Sector Sigma.txt,9,solved,147,9178
before,1,Recondite Star Sector Sigma.txt,11,solved,22,1338
before,1,Recondite Star Sector Sigma.txt,13,timeout,251,9771
before,1,Recondite Star Sector Sigma.txt,15,solved,66,3835
before,1,Recondite Star Sector Sigma.txt,17,timeout,252,13430
before,1,Recondite Star Sector Sigma.txt,19,solved,30,1580
before,1,Resin-Caster.txt,2,solved,16,1014
before,1,Resin-Caster.txt,4,solved,10,729
before,1,Resin-Caster.txt,6,solved,33,2010
before,1,Resin-Caster.txt,8,solved,68,4444
before,1,Resin-Caster.txt,10,solved,11,762
before,1,Resin-Caster.txt,12,solved,21,1470
before,1,Resin-Caster.txt,14,solved,63,3899
before,1,Resin-Caster.txt,16,solved,9,576
before,1,Resin-Caster.txt,18,solved,18,1073
before,1,Resin-Caster.txt,20,solved,22,1472
before,1,S-tercourse.txt,1,timeout,250,1620
before,1,S-tercourse.txt,3,solved,45,357
before,1,S-tercourse.txt,5,solved,38,302
before,1,S-tercourse.txt,7,timeout,250,1805
before,1,S-tercourse.txt,9,timeout,250,1871
before,1,S-tercourse.txt,11,timeout,250,1914
before,1,S-tercourse.txt,13,timeout,250,1881
before,1,S-tercourse.txt,15,timeout,250,1584
before,1,S-tercourse.txt,17,timeout,250,1738
before,1,S-tercourse.txt,19,timeout,250,1703
before,1,S-tercourse.txt,21,timeout,250,1882
before,1,S-tercourse.txt,23,timeout,250,2040
before,1,SWIMMING TIME.txt,2,timeout,250,355
before,1,Scalesoban.txt,1,solved,0,14
before,1,Scalesoban.txt,3,solved,2,91
before,1,Scalesoban.txt,5,solved,19,858
before,1,Schleimban.txt,1,solved,31,306
before,1,Schleimban.txt,3,solved,67,768
before,1,Schleimban.txt,5,solved,52,548
before,1,Schleimban.txt,7,solved,85,1018
before,1,Schleimban.txt,9,solved,47,503
before,1,Schleimban.txt,11,solved,0,1
before,1,Subway upholstry snot smearing championship.txt,2,solved,215,6991
before,1,Subway upholstry snot smearing championship.txt,4,solved,6,240
before,1,Subway upholstry snot smearing championship.txt,6,solved,4,96
before,1,Subway upholstry snot smearing championship.txt,8,timeout,250,4790
before,1,Subway upholstry snot smearing championship.txt,10,solved,120,3469
before,1,Subway upholstry snot smearing championship.txt,12,solved,85,1208
before,1,Subway upholstry snot smearing championship.txt,14,timeout,250,3928
before,1,The Far Away Danish Pastry is always Delicio.txt,1,solved,0,7
before,1,The Far Away Danish Pastry is always Delicio.txt,3,solved,0,10
before,1,The Far Away Danish Pastry is always Delicio.txt,5,solved,3,183
before,1,The Far Away Danish Pastry is always Delicio.txt,7,solved,1,45
before,1,The Far Away Danish Pastry is always Delicio.txt,9,solved,2,74
before,1,The Far Away Danish Pastry is always Delicio.txt,11,solved,71,3545
before,1,The Far Away Danish Pastry is always Delicio.txt,13,solved,27,1232
before,1,The Far Away Danish Pastry is always Delicio.txt,15,solved,103,4154
before,1,The Monsterous Autoshove.txt,1,solved,73,710
before,1,The Monsterous Autoshove.txt,3,solved,120,921
before,1,The Monsterous Autoshove.txt,5,timeout,250,1247
before,1,The Monsterous Autoshove.txt,7,solved,64,575
before,1,The Monsterous Autoshove.txt,9,timeout,250,1278
before,1,The Monsterous Autoshove.txt,11,timeout,250,1437
before,1,The sponge what lights up the seafloor.txt,1,solved,120,503
before,1,The sponge what lights up the seafloor.txt,3,timeout,250,1310
before,1,The sponge what lights up the seafloor.txt,5,timeout,250,975
before,1,The sponge what lights up the seafloor.txt,7,solved,124,633
before,1,The sponge what lights up the seafloor.txt,9,timeout,250,1301
before,1,The sponge what lights up the seafloor.txt,11,solved,180,942
before,1,The sponge what lights up the seafloor.txt,13,timeout,250,1271
before,1,The sponge what lights up the seafloor.txt,15,timeout,250,1279
before,1,The sponge what lights up the seafloor.txt,17,timeout,250,1162
before,1,The sponge what lights up the seafloor.txt,19,timeout,250,1102
before,1,Two-Step Pete.txt,1,solved,1,61
before,1,Two-Step Pete.txt,3,solved,54,2153
before,1,Two-Step Pete.txt,5,solved,6,305
before,1,Two-Step Pete.txt,7,timeout,251,7072
before,1,Two-Step Pete.txt,9,solved,45,1810
before,1,Two-Step Pete.txt,11,solved,2,99
before,1,Two-Step Pete.txt,13,solved,16,756
before,1,Two-Step Pete.txt,15,timeout,250,10483
before,1,Two-Tone Tango.txt,1,solved,68,1805
before,1,Two-Tone Tango.txt,3,solved,20,569
before,1,Two-Tone Tango.txt,5,solved,38,1163
before,1,Two-Tone Tango.txt,7,solved,239,6728
before,1,Two-Tone Tango.txt,9,solved,1,38
before,1,Two-Tone Tango.txt,11,solved,28,747
before,1,Two-Tone Tango.txt,13,solved,125,4124
before,1,Two-Tone Tango.txt,15,solved,100,3028
before,1,Van-to-Mobile-Living-Space-Conversion Window.txt,1,solved,2,39
before,1,Van-to-Mobile-Living-Space-Conversion Window.txt,3,solved,76,1296
before,1,Van-to-Mobile-Living-Space-Conversion Window.txt,5,solved,3,49
before,1,Van-to-Mobile-Living-Space-Conversion Window.txt,7,timeout,250,3682
before,1,Van-to-Mobile-Living-Space-Conversion Window.txt,9,timeout,250,3974
before,1,Van-to-Mobile-Living-Space-Conversion Window.txt,11,timeout,250,3776
before,1,Van-to-Mobile-Living-Space-Conversion Window.txt,13,solved,61,938
before,1,Van-to-Mobile-Living-Space-Conversion Window.txt,15,solved,225,3383
before,1,Van-to-Mobile-Living-Space-Conversion Window.txt,17,solved,43,673
before,1,Van-to-Mobile-Living-Space-Conversion Window.txt,19,timeout,250,3515
before,1,Van-to-Mobile-Living-Space-Conversion Window.txt,21,timeout,250,3893
before,1,Van-to-Mobile-Living-Space-Conversion Window.txt,23,solved,121,1754
before,1,Van-to-Mobile-Living-Space-Conversion Window.txt,25,timeout,250,3923
before,1,Van-to-Mobile-Living-Space-Conversion Window.txt,27,timeout,250,3840
before,1,Varifocal Nightmare.txt,1,solved,44,1456
before,1,Varifocal Nightmare.txt,3,solved,21,780
before,1,Varifocal Nightmare.txt,5,solved,60,2291
before,1,Varifocal Nightmare.txt,7,timeout,251,7888
before,1,Varifocal Nightmare.txt,9,solved,167,4318
before,1,Vexatious Match 3.txt,2,timeout,251,6878
before,1,Vexatious Match 3.txt,4,timeout,251,8414
before,1,Vexatious Match 3.txt,6,timeout,250,9093
before,1,Vexatious Match 3.txt,8,timeout,250,8782
before,1,Vexatious Match 3.txt,10,solved,46,1992
before,1,Voitex Rasteriser 2.txt,1,timeout,251,4602
before,1,Voitex Rasteriser.txt,0,timeout,253,8484
before,1,Voitex Rasteriser.txt,2,solved,0,1
before,1,Wand Spinner.txt,1,solved,5,263
before,1,Wand Spinner.txt,3,solved,5,214
before,1,Wand Spinner.txt,5,solved,68,2715
before,1,Wand Spinner.txt,7,solved,94,4051
before,1,Wand Spinner.txt,9,solved,9,417
before,1,Wand Spinner.txt,11,solved,22,949
before,1,Wand Spinner.txt,13,solved,31,1308
before,1,Wand Spinner.txt,15,solved,13,513
before,1,Wand Spinner.txt,17,solved,25,973
before,1,Wand Spinner.txt,19,solved,51,1879
before,1,Wand Spinner.txt,21,solved,20,796
before,1,Wand Spinner.txt,23,solved,235,9400
before,1,Wand Spinner.txt,25,solved,18,721
before,1,Wand Spinner.txt,27,solved,84,3180
before,1,Wand Spinner.txt,29,timeout,250,9720
before,1,Wand Spinner.txt,31,solved,60,2265
before,1,Wand Spinner.txt,33,solved,2,68
before,1,Wand Spinner.txt,35,solved,143,5885
before,1,Xorro The Chaos Warden.txt,1,solved,6,267
before,1,Xorro The Chaos Warden.txt,3,solved,115,4418
before,1,Xorro The Chaos Warden.txt,5,solved,96,3553
before,1,Xorro The Chaos Warden.txt,7,timeout,251,7353
before,1,Yellow Box.txt,1,solved,114,3503
before,1,Yellow Box.txt,3,solved,16,332
before,1,Yellow Box.txt,5,solved,3,49
before,1,Yellow Box.txt,7,solved,14,293
before,1,Yellow Box.txt,9,solved,66,1318
before,1,Yellow Box.txt,11,solved,99,1642
before,1,Yellow Box.txt,13,solved,16,285
before,1,Yellow Box.txt,15,timeout,251,10259
before,1,Yellow Box.txt,17,solved,3,58
before,1,Yellow Box.txt,19,solved,16,272
before,1,Yellow Box.txt,21,solved,80,1639
before,1,Yellow Box.txt,23,solved,1,20
before,1,Yellow Box.txt,25,solved,14,259
before,1,Yellow Box.txt,27,solved,25,498
before,1,Yellow Box.txt,29,solved,14,280
before,1,Yellow Box.txt,31,solved,119,2277
before,1,Yellow Box.txt,33,solved,15,284
before,1,Yellow Box.txt,35,timeout,250,4675
before,1,a clear view of the sky.txt,3,solved,42,58
before,1,a clear view of the sky.txt,6,solved,27,55
before,1,a clear view of the sky.txt,8,solved,30,60
before,1,a clear view of the sky.txt,10,solved,19,52
before,1,a clear view of the sky.txt,12,solved,28,54
before,1,a clear view of the sky.txt,14,solved,24,43
before,1,a clear view of the sky.txt,16,solved,94,185
before,1,a clear view of the sky.txt,18,timeout,250,233
before,1,a clear view of the sky.txt,20,solved,58,64
before,1,a clear view of the sky.txt,22,solved,220,235
before,1,a clear view of the sky.txt,24,timeout,250,322
before,1,a clear view of the sky.txt,26,timeout,250,92
before,1,a clear view of the sky.txt,28,timeout,250,48
before,1,a clear view of the sky.txt,30,solved,0,1
before,1,a clear view of the sky.txt,31,solved,0,1
before,1,a clear view of the sky.txt,32,solved,0,1
before,1,a clear view of the sky.txt,33,solved,0,1
before,1,a clear view of the sky.txt,34,solved,0,1
before,1,a clear view of the sky.txt,35,solved,0,1
before,1,a cliche for bedtime.txt,1,timeout,252,8547
before,1,a distant sunset.txt,1,solved,28,83
before,1,a distant sunset.txt,3,solved,0,1
before,1,a distant sunset.txt,4,solved,0,1
before,1,a distant sunset.txt,5,solved,0,1
before,1,alternatey.txt,2,solved,39,151
before,1,alternatey.txt,4,timeout,250,302
before,1,alternatey.txt,6,timeout,250,767
before,1,an ok multiban level.txt,1,timeout,251,12529
before,1,atlas shrank.txt,1,solved,1,11
before,1,atlas shrank.txt,4,solved,217,1898
before,1,atlas shrank.txt,5,solved,142,887
before,1,atlas shrank.txt,6,timeout,250,1509
before,1,atlas shrank.txt,8,timeout,250,705
before,1,atlas shrank.txt,10,solved,154,611
before,1,atlas shrank.txt,11,timeout,250,973
before,1,atlas shrank.txt,12,timeout,250,1137
before,1,atlas shrank.txt,14,timeout,250,1038
before,1,atlas shrank.txt,15,timeout,250,344
before,1,atlas shrank.txt,16,timeout,250,329
before,1,atlas shrank.txt,17,timeout,250,793
before,1,autohurdler.txt,1,solved,12,124
before,1,autohurdler.txt,3,solved,4,35
before,1,autohurdler.txt,5,timeout,250,3080
before,1,autohurdler.txt,7,solved,43,402
before,1,big dog and little dog.txt,1,solved,238,2021
before,1,big dog and little dog.txt,3,timeout,250,1729
before,1,big dog and little dog.txt,5,timeout,250,1548
before,1,big dog and little dog.txt,7,timeout,250,1456
before,1,big dog and little dog.txt,9,timeout,250,1365
before,1,big dog and little dog.txt,11,timeout,250,720
before,1,bouncers.txt,1,timeout,252,7618
before,1,bouncers.txt,3,timeout,252,7676
before,1,bouncers.txt,5,timeout,252,7458
before,1,bouncers.txt,7,timeout,252,6623
before,1,bouncers.txt,9,timeout,252,5493
before,1,butteater.txt,1,solved,23,482
before,1,butteater.txt,3,timeout,250,4629
before,1,byyourside.txt,0,solved,1,17
before,1,byyourside.txt,1,solved,82,1231
before,1,byyourside.txt,2,solved,14,216
before,1,byyourside.txt,3,solved,1,14
before,1,byyourside.txt,4,solved,17,264
before,1,byyourside.txt,5,solved,21,299
before,1,byyourside.txt,6,solved,0,5
before,1,byyourside.txt,7,solved,1,16
before,1,byyourside.txt,8,solved,105,1709
before,1,byyourside.txt,9,solved,61,1062
before,1,cakemonsters.txt,2,solved,0,3
before,1,cakemonsters.txt,4,solved,0,10
before,1,cakemonsters.txt,7,solved,5,208
before,1,cakemonsters.txt,9,solved,7,268
before,1,cakemonsters.txt,11,solved,1,25
before,1,cakemonsters.txt,13,solved,10,275
before,1,cakemonsters.txt,14,solved,1,43
before,1,cakemonsters.txt,15,solved,6,305
before,1,cakemonsters.txt,16,solved,28,1021
before,1,cakemonsters.txt,17,solved,1,70
before,1,cakemonsters.txt,18,solved,0,10
before,1,cakemonsters.txt,20,timeout,251,7575
before,1,cakemonsters.txt,21,solved,119,3880
before,1,cakemonsters.txt,22,solved,11,326
before,1,cakemonsters.txt,24,solved,0,18
before,1,cakemonsters.txt,25,solved,0,7
before,1,cakemonsters.txt,26,solved,0,8
before,1,cakemonsters.txt,27,solved,0,9
before,1,cakemonsters.txt,28,solved,10,380
before,1,cakemonsters.txt,29,solved,8,314
before,1,cakemonsters.txt,31,solved,1,40
before,1,cakemonsters.txt,32,solved,34,1164
before,1,cakemonsters.txt,33,solved,102,3917
before,1,cakemonsters.txt,34,timeout,251,6428
before,1,cakemonsters.txt,35,solved,7,259
before,1,cakemonsters.txt,37,timeout,251,6036
before,1,cakemonsters.txt,38,solved,167,6123
before,1,cakemonsters.txt,39,solved,0,18
before,1,cakemonsters.txt,40,solved,121,4864
before,1,cakemonsters.txt,41,timeout,250,9259
before,1,cakemonsters.txt,43,solved,1,34
before,1,cakemonsters.txt,44,solved,149,5188
before,1,cakemonsters.txt,46,solved,49,1821
before,1,cakemonsters.txt,47,timeout,251,8773
before,1,cakemonsters.txt,49,solved,234,9290
before,1,cakemonsters.txt,52,timeout,251,8273
before,1,car crash.txt,1,timeout,250,43
before,1,car crash.txt,2,solved,279,0
before,1,castlecloset.txt,0,solved,151,2695
before,1,castlemouse.txt,1,solved,9,48
before,1,castlemouse.txt,3,solved,9,42
before,1,castlemouse.txt,5,solved,29,138
before,1,castlemouse.txt,7,solved,63,272
before,1,castlemouse.txt,9,solved,5,20
before,1,castlemouse.txt,11,timeout,250,714
before,1,castlemouse.txt,13,solved,3,6
before,1,castlemouse.txt,15,solved,6,12
before,1,castlemouse.txt,17,solved,1,3
before,1,castlemouse.txt,19,solved,5,9
before,1,chaos wizard.txt,2,solved,70,960
before,1,chaos wizard.txt,3,solved,22,293
before,1,chaos wizard.txt,4,timeout,250,3802
before,1,chaos wizard.txt,5,timeout,250,4103
before,1,chaos wizard.txt,6,timeout,250,2713
before,1,chaos wizard.txt,7,timeout,250,3802
before,1,chaos wizard.txt,8,timeout,250,3455
before,1,chaos wizard.txt,9,timeout,250,4440
before,1,chaos wizard.txt,10,timeout,250,3681
before,1,chaos wizard.txt,11,timeout,250,3687
before,1,chaos wizard.txt,12,timeout,250,3288
before,1,chaos wizard.txt,13,timeout,251,3351
before,1,chaos wizard.txt,14,timeout,250,3379
before,1,chaos wizard.txt,15,timeout,250,3445
before,1,chaos wizard.txt,16,timeout,251,4112
before,1,chaos wizard.txt,17,timeout,251,3036
before,1,chaos wizard.txt,18,timeout,250,3784
before,1,chaos wizard.txt,19,timeout,250,3667
before,1,chaos wizard.txt,20,timeout,251,2321
before,1,chaos wizard.txt,22,solved,8,65
before,1,chaos wizard.txt,24,timeout,250,1967
before,1,chaos wizard.txt,27,timeout,250,2645
before,1,coincounter.txt,0,solved,2,9
before,1,coincounter.txt,1,solved,3,22
before,1,coincounter.txt,2,solved,11,69
before,1,coincounter.txt,3,solved,14,93
before,1,coincounter.txt,4,solved,56,289
before,1,coincounter.txt,5,solved,54,287
before,1,coincounter.txt,6,solved,165,892
before,1,coincounter.txt,7,timeout,250,1492
before,1,coincounter.txt,8,solved,10,51
before,1,coincounter.txt,9,solved,3,7
before,1,coincounter.txt,10,solved,0,1
before,1,collapse.txt,2,timeout,254,148
before,1,collapse.txt,3,timeout,250,133
before,1,color chained.txt,0,solved,18,31
before,1,color chained.txt,1,solved,7,9
before,1,color chained.txt,2,timeout,250,460
before,1,color chained.txt,3,solved,99,160
before,1,color chained.txt,4,solved,80,139
before,1,color chained.txt,5,timeout,250,402
before,1,color chained.txt,6,timeout,250,317
before,1,color chained.txt,7,timeout,250,314
before,1,color chained.txt,8,timeout,250,323
before,1,color chained.txt,9,timeout,250,302
before,1,color chained.txt,10,timeout,250,338
before,1,color chained.txt,14,timeout,250,289
before,1,constellationz.txt,0,solved,0,5
before,1,constellationz.txt,1,solved,0,5
before,1,constellationz.txt,2,solved,4,72
before,1,constellationz.txt,3,solved,0,10
before,1,constellationz.txt,4,solved,5,124
before,1,constellationz.txt,5,solved,8,28
before,1,constellationz.txt,6,solved,195,1718
before,1,constellationz.txt,7,solved,156,1466
before,1,constellationz.txt,8,timeout,250,3346
before,1,constellationz.txt,9,timeout,250,2036
before,1,constellationz.txt,10,timeout,251,3175
before,1,cooperacing.txt,3,timeout,251,3198
before,1,cooperacing.txt,5,timeout,250,3368
before,1,cooperacing.txt,8,timeout,250,3471
before,1,cooperacing.txt,10,timeout,250,3322
before,1,crate guardian.txt,1,timeout,250,5211
before,1,crate guardian.txt,3,solved,83,1913
before,1,crate guardian.txt,5,timeout,250,5692
before,1,crate guardian.txt,7,timeout,250,5753
before,1,crate guardian.txt,9,timeout,250,4784
before,1,crate guardian.txt,11,timeout,250,5176
before,1,crate swap.txt,1,solved,20,1202
before,1,crate swap.txt,3,solved,10,714
before,1,crate swap.txt,5,solved,26,1659
before,1,crate swap.txt,7,solved,28,1732
before,1,crate swap.txt,9,solved,42,2606
before,1,crate swap.txt,11,solved,50,3024
before,1,crate swap.txt,13,solved,46,2569
before,1,crate swap.txt,15,solved,28,1789
before,1,cratopia.txt,2,solved,5,70
before,1,cratopia.txt,3,timeout,250,2693
before,1,cratopia.txt,5,solved,65,764
before,1,cratopia.txt,9,timeout,250,1761
before,1,cratopia.txt,11,timeout,250,3531
before,1,cratopia.txt,12,timeout,250,3135
before,1,cratopia.txt,13,timeout,250,1638
before,1,cratopia.txt,14,timeout,250,2810
before,1,cratopia.txt,15,timeout,250,2894
before,1,cratopia.txt,16,timeout,250,2521
before,1,cratopia.txt,17,timeout,250,3335
before,1,cratopia.txt,18,timeout,250,3327
before,1,cratopia.txt,19,timeout,251,2840
before,1,cratopia.txt,20,solved,25,31
before,1,cratopia.txt,21,solved,40,0
before,1,cratopia.txt,22,solved,37,0
before,1,cratopia.txt,23,solved,37,0
before,1,cute train.txt,1,timeout,251,70
before,1,der hydra krypta.txt,1,solved,45,21
before,1,der hydra krypta.txt,3,timeout,250,89
before,1,der hydra krypta.txt,5,timeout,250,105
before,1,der hydra krypta.txt,7,timeout,252,64
before,1,der hydra krypta.txt,9,timeout,250,84
before,1,der hydra krypta.txt,11,timeout,251,80
before,1,der hydra krypta.txt,13,solved,0,1
before,1,dice goblin.txt,3,timeout,250,667
before,1,die schoene steinmetzin.txt,1,timeout,250,1206
before,1,die schoene steinmetzin.txt,3,timeout,250,1186
before,1,die schoene steinmetzin.txt,5,timeout,250,1256
before,1,die schoene steinmetzin.txt,7,timeout,250,1270
before,1,die schoene steinmetzin.txt,9,timeout,250,1445
before,1,die schoene steinmetzin.txt,11,timeout,250,894
before,1,die schoene steinmetzin.txt,13,timeout,250,874
before,1,die schoene steinmetzin.txt,15,timeout,250,897
before,1,die schoene steinmetzin.txt,16,exhausted,0,1
before,1,diesinthelight.txt,0,solved,16,94
before,1,diesinthelight.txt,1,solved,101,432
before,1,diesinthelight.txt,2,timeout,250,701
before,1,diesinthelight.txt,3,timeout,250,681
before,1,dollyban.txt,1,solved,97,3182
before,1,dollyban.txt,3,solved,92,3417
before,1,dollyban.txt,5,timeout,251,8775
before,1,dollyban.txt,7,timeout,250,9014
before,1,dollyban.txt,9,timeout,250,8933
before,1,dollyban.txt,11,timeout,250,8092
before,1,dollyban.txt,13,solved,183,5653
before,1,dollyban.txt,15,timeout,250,7896
before,1,dollyban.txt,17,timeout,250,8090
before,1,dollyban.txt,19,timeout,250,8084
before,1,dollyban.txt,21,timeout,250,8098
before,1,dollyban.txt,23,timeout,251,8404
before,1,dollyban.txt,25,timeout,250,7222
before,1,dollyban.txt,27,timeout,250,7754
before,1,dollyban.txt,29,timeout,250,7347
before,1,dreizack.txt,1,timeout,250,119
before,1,dreizack.txt,3,timeout,250,115
before,1,dreizack.txt,5,timeout,250,105
before,1,dreizack.txt,6,solved,1,9
before,1,dreizack.txt,7,solved,0,1
before,1,dropswap.txt,3,solved,106,1246
before,1,dropswap.txt,5,solved,113,831
before,1,dropswap.txt,8,timeout,250,1108
before,1,dropswap.txt,12,solved,105,728
before,1,dropswap.txt,14,timeout,250,1163
before,1,dungeon janitor.txt,2,solved,1,22
before,1,dungeon janitor.txt,4,timeout,250,2585
before,1,dungeon janitor.txt,6,timeout,250,1966
before,1,dungeon janitor.txt,9,timeout,250,1135
before,1,easyenigma.txt,0,solved,2,5
before,1,easyenigma.txt,1,solved,1,1
before,1,easyenigma.txt,2,solved,141,455
before,1,easyenigma.txt,3,solved,1,2
before,1,easyenigma.txt,4,solved,0,2
before,1,easyenigma.txt,5,solved,208,363
before,1,easyenigma.txt,6,solved,2,5
before,1,easyenigma.txt,7,solved,3,7
before,1,easyenigma.txt,8,solved,76,99
before,1,easyenigma.txt,9,solved,3,1
before,1,easyenigma.txt,10,solved,7,2
before,1,easyenigma.txt,11,timeout,252,523
before,1,easyenigma.txt,12,solved,11,2
before,1,easyenigma.txt,13,solved,6,13
before,1,easyenigma.txt,14,solved,1,1
before,1,easyenigma.txt,15,solved,3,5
before,1,easyenigma.txt,16,timeout,250,321
before,1,easyenigma.txt,17,timeout,299,1
before,1,easyenigma.txt,18,solved,2,2
before,1,easyenigma.txt,19,timeout,250,121
before,1,easyenigma.txt,20,timeout,251,319
before,1,ecosystem generator.txt,1,timeout,251,1317
before,1,expand also avoid the flames.txt,1,timeout,252,109
before,1,fickle fred.txt,1,solved,4,226
before,1,fickle fred.txt,3,solved,28,1408
before,1,fickle fred.txt,5,timeout,250,10918
before,1,fickle fred.txt,7,solved,68,3331
before,1,fickle fred.txt,9,solved,10,563
before,1,flesh-handed hot casserole delivery bot.txt,1,solved,3,272
before,1,flesh-handed hot casserole delivery bot.txt,2,solved,11,878
before,1,flesh-handed hot casserole delivery bot.txt,4,timeout,251,15165
before,1,flesh-handed hot casserole delivery bot.txt,6,timeout,251,16778
before,1,flesh-handed hot casserole delivery bot.txt,8,solved,22,1546
before,1,flesh-handed hot casserole delivery bot.txt,10,solved,192,13570
before,1,flesh-handed hot casserole delivery bot.txt,12,solved,28,1923
before,1,flesh-handed hot casserole delivery bot.txt,14,solved,62,4331
before,1,flesh-handed hot casserole delivery bot.txt,16,solved,193,13080
before,1,flesh-handed hot casserole delivery bot.txt,18,timeout,250,16591
before,1,gabelstapler.txt,1,solved,139,936
before,1,gabelstapler.txt,3,timeout,250,1050
before,1,gabelstapler.txt,5,timeout,250,1026
before,1,gapfiller.txt,1,solved,14,383
before,1,gapfiller.txt,3,solved,213,4611
before,1,gapfiller.txt,5,solved,12,404
before,1,gapfiller.txt,7,solved,44,1441
before,1,gapfiller.txt,9,solved,2,76
before,1,gapfiller.txt,11,timeout,250,5929
before,1,gapfiller.txt,13,solved,10,332
before,1,gapfiller.txt,15,solved,3,87
before,1,gapfiller.txt,17,solved,141,3993
before,1,gapfiller.txt,19,timeout,250,4390
before,1,gem soketeer.txt,1,solved,184,563
before,1,gem soketeer.txt,3,solved,82,345
before,1,gem soketeer.txt,5,solved,38,111
before,1,gem soketeer.txt,7,solved,30,127
before,1,gem soketeer.txt,9,solved,170,719
before,1,gem soketeer.txt,11,solved,10,53
before,1,gem soketeer.txt,13,timeout,250,981
before,1,gem soketeer.txt,15,timeout,250,799
before,1,gem soketeer.txt,17,timeout,250,626
before,1,gem soketeer.txt,19,timeout,250,826
before,1,gem soketeer.txt,21,timeout,250,662
before,1,gem soketeer.txt,23,timeout,250,638
before,1,gem soketeer.txt,25,timeout,250,1184
before,1,gem soketeer.txt,27,timeout,250,796
before,1,gem soketeer.txt,29,timeout,250,1327
before,1,gem soketeer.txt,31,timeout,250,1284
before,1,gem soketeer.txt,33,timeout,250,1331
before,1,gobble_rush.txt,0,solved,1,11
before,1,gobble_rush.txt,1,solved,3,42
before,1,gobble_rush.txt,2,solved,8,121
before,1,gobble_rush.txt,3,solved,80,926
before,1,gobble_rush.txt,4,solved,6,92
before,1,gobble_rush.txt,5,solved,17,259
before,1,gobble_rush.txt,6,solved,18,257
before,1,gobble_rush.txt,7,solved,20,257
before,1,gobble_rush.txt,8,solved,20,253
before,1,gobble_rush.txt,9,solved,42,575
before,1,gobble_rush.txt,10,solved,19,174
before,1,gobble_rush.txt,11,solved,19,225
before,1,gobble_rush.txt,12,solved,26,192
before,1,gobble_rush.txt,13,solved,6,92
before,1,gobble_rush.txt,14,solved,15,222
before,1,gobble_rush.txt,15,solved,3,34
before,1,gobble_rush.txt,16,solved,28,403
before,1,gobble_rush.txt,17,solved,18,264
before,1,gobble_rush.txt,18,solved,36,436
before,1,gobble_rush.txt,19,solved,121,1386
before,1,gobble_rush.txt,20,solved,0,4
before,1,hairtug.txt,1,solved,10,65
before,1,hairtug.txt,4,timeout,250,1516
before,1,hairtug.txt,7,timeout,251,1161
before,1,hairtug.txt,10,timeout,250,1662
before,1,hairtug.txt,13,timeout,251,1378
before,1,head skuller.txt,1,solved,13,717
before,1,head skuller.txt,3,solved,120,6231
before,1,head skuller.txt,5,timeout,250,11477
before,1,head skuller.txt,7,solved,75,3927
before,1,head skuller.txt,9,timeout,251,11810
before,1,head skuller.txt,11,timeout,251,11231
before,1,head skuller.txt,13,solved,0,1
before,1,hedgehog stimulator.txt,1,timeout,250,2390
before,1,hedgehog stimulator.txt,3,timeout,250,2553
before,1,hedgehog stimulator.txt,5,timeout,250,2719
before,1,hedgehog stimulator.txt,7,timeout,250,2643
before,1,hedgehog stimulator.txt,9,timeout,250,2071
before,1,hedgehog stimulator.txt,11,timeout,250,2612
before,1,hedgehog stimulator.txt,13,timeout,250,2041
before,1,hedgehog stimulator.txt,15,timeout,250,2079
before,1,hedgehog stimulator.txt,17,timeout,250,1949
before,1,hedgehog stimulator.txt,19,timeout,250,1994
before,1,hedgehog stimulator.txt,21,timeout,250,2055
before,1,hedgehog stimulator.txt,23,timeout,250,1975
before,1,heroes_of_sokoban.txt,1,solved,0,8
before,1,heroes_of_sokoban.txt,3,solved,15,587
before,1,heroes_of_sokoban.txt,5,solved,0,26
before,1,heroes_of_sokoban.txt,7,timeout,250,7851
before,1,heroes_of_sokoban.txt,9,solved,1,55
before,1,heroes_of_sokoban.txt,10,timeout,250,8052
before,1,heroes_of_sokoban.txt,11,solved,6,257
before,1,heroes_of_sokoban.txt,13,solved,104,2751
before,1,heroes_of_sokoban.txt,14,timeout,250,6267
before,1,heroes_of_sokoban.txt,15,solved,0,17
before,1,heroes_of_sokoban.txt,17,solved,33,372
before,1,heroes_of_sokoban.txt,19,timeout,250,5943
before,1,heroes_of_sokoban.txt,20,timeout,251,5734
before,1,heroes_of_sokoban.txt,21,timeout,251,3667
before,1,heroes_of_sokoban.txt,22,solved,16,361
before,1,heroes_of_sokoban.txt,23,solved,180,5422
before,1,heroes_of_sokoban.txt,24,timeout,251,7193
before,1,heroes_of_sokoban.txt,25,timeout,251,5888
before,1,heroes_of_sokoban.txt,26,timeout,250,8632
before,1,heroes_of_sokoban.txt,27,solved,2,77
before,1,heroes_of_sokoban.txt,28,timeout,250,5596
before,1,heroes_of_sokoban.txt,29,solved,0,10
before,1,heroes_of_sokoban_2.txt,3,timeout,251,2671
before,1,heroes_of_sokoban_2.txt,5,solved,2,35
before,1,heroes_of_sokoban_2.txt,6,solved,2,32
before,1,heroes_of_sokoban_2.txt,8,timeout,250,5433
before,1,heroes_of_sokoban_2.txt,10,solved,7,73
before,1,heroes_of_sokoban_2.txt,12,timeout,250,2554
before,1,heroes_of_sokoban_2.txt,13,timeout,251,226
before,1,heroes_of_sokoban_2.txt,15,solved,18,52
before,1,heroes_of_sokoban_2.txt,17,timeout,250,3381
before,1,heroes_of_sokoban_2.txt,19,timeout,250,3952
before,1,heroes_of_sokoban_2.txt,20,timeout,250,3562
before,1,heroes_of_sokoban_2.txt,21,timeout,250,3540
before,1,heroes_of_sokoban_2.txt,23,solved,2,21
before,1,heroes_of_sokoban_2.txt,24,solved,213,153
before,1,heroes_of_sokoban_2.txt,26,timeout,251,149
before,1,heroes_of_sokoban_2.txt,27,timeout,250,1682
before,1,heroes_of_sokoban_2.txt,28,timeout,250,209
before,1,heroes_of_sokoban_2.txt,29,timeout,250,1873
before,1,heroes_of_sokoban_2.txt,30,timeout,250,2455
before,1,heroes_of_sokoban_2.txt,31,timeout,250,2891
before,1,heroes_of_sokoban_2.txt,32,timeout,250,3386
before,1,heroes_of_sokoban_2.txt,34,timeout,251,1683
before,1,heroes_of_sokoban_3.txt,3,timeout,250,3011
before,1,heroes_of_sokoban_3.txt,5,solved,40,324
before,1,heroes_of_sokoban_3.txt,6,solved,13,84
before,1,heroes_of_sokoban_3.txt,8,solved,17,114
before,1,heroes_of_sokoban_3.txt,10,timeout,250,2709
before,1,heroes_of_sokoban_3.txt,11,solved,170,1649
before,1,heroes_of_sokoban_3.txt,12,solved,31,393
before,1,heroes_of_sokoban_3.txt,13,timeout,250,1907
before,1,heroes_of_sokoban_3.txt,14,timeout,250,2723
before,1,heroes_of_sokoban_3.txt,16,timeout,250,5857
before,1,heroes_of_sokoban_3.txt,17,timeout,251,4786
before,1,heroes_of_sokoban_3.txt,18,timeout,250,4006
before,1,heroes_of_sokoban_3.txt,21,timeout,250,3494
before,1,heroes_of_sokoban_3.txt,22,timeout,250,1782
before,1,heroes_of_sokoban_3.txt,23,timeout,250,6433
before,1,heroes_of_sokoban_3.txt,24,timeout,250,2241
before,1,heroes_of_sokoban_3.txt,25,timeout,250,2299
before,1,heroes_of_sokoban_3.txt,26,timeout,250,3365
before,1,heroes_of_sokoban_3.txt,27,timeout,250,2522
before,1,heroes_of_sokoban_3.txt,28,timeout,250,2825
before,1,heroes_of_sokoban_3.txt,30,timeout,250,2208
before,1,heroes_of_sokoban_3.txt,31,solved,45,530
before,1,hungry kraken.txt,1,timeout,250,904
before,1,hungry kraken.txt,3,exhausted,0,1
before,1,i am a gust of wind.txt,1,solved,1,76
before,1,i am a gust of wind.txt,3,solved,8,383
before,1,i am a gust of wind.txt,5,solved,5,245
before,1,i am a gust of wind.txt,7,timeout,250,13885
before,1,i sure look tasty.txt,1,timeout,250,100
before,1,i want to grind myself into dust.txt,1,timeout,250,1562
before,1,i want to grind myself into dust.txt,3,timeout,250,820
before,1,i want to grind myself into dust.txt,5,timeout,250,334
before,1,icecrates.txt,1,solved,0,6
before,1,icecrates.txt,3,solved,2,9
before,1,icecrates.txt,5,solved,6,53
before,1,icecrates.txt,7,solved,107,930
before,1,icecrates.txt,9,solved,43,219
before,1,icecrates.txt,11,timeout,250,1450
before,1,impossible.txt,0,exhausted,0,1
before,1,it dies in the light.txt,0,solved,16,94
before,1,it dies in the light.txt,1,solved,107,432
before,1,it dies in the light.txt,2,timeout,250,661
before,1,it dies in the light.txt,3,timeout,250,592
before,1,karamell.txt,1,timeout,250,355
before,1,karamell.txt,3,timeout,250,252
before,1,karamell.txt,5,timeout,250,208
before,1,karamell.txt,7,solved,0,1
before,1,kettle.txt,1,solved,2,26
before,1,kettle.txt,4,solved,0,3
before,1,kettle.txt,7,solved,0,3
before,1,kettle.txt,10,solved,3,27
before,1,kettle.txt,13,solved,11,97
before,1,kettle.txt,16,solved,3,26
before,1,kettle.txt,19,solved,64,473
before,1,kettle.txt,22,solved,64,353
before,1,kettle.txt,25,timeout,250,1283
before,1,kettle.txt,28,timeout,250,1493
before,1,kettle.txt,31,timeout,250,1138
before,1,kishoutenketsu.txt,2,solved,24,320
before,1,kishoutenketsu.txt,5,timeout,250,3612
before,1,kishoutenketsu.txt,8,solved,3,41
before,1,kishoutenketsu.txt,11,timeout,250,491
before,1,konsum.txt,1,timeout,250,1792
before,1,kreiseln.txt,1,solved,25,292
before,1,kreiseln.txt,3,timeout,250,3851
before,1,kreiseln.txt,5,timeout,250,2453
before,1,kreiseln.txt,7,timeout,250,2280
before,1,kreiseln.txt,9,timeout,250,2043
before,1,led challenge.txt,1,timeout,250,3379
before,1,led challenge.txt,3,timeout,250,4600
before,1,led challenge.txt,5,timeout,250,3770
before,1,led challenge.txt,7,timeout,250,907
before,1,ledchallenge.txt,1,timeout,250,3342
before,1,ledchallenge.txt,3,timeout,250,4527
before,1,ledchallenge.txt,5,timeout,250,3758
before,1,ledchallenge.txt,7,timeout,250,890
before,1,legend of zokoban.txt,0,timeout,250,1634
before,1,limerick.txt,1,solved,2,41
before,1,limerick.txt,3,solved,145,2800
before,1,limerick.txt,5,timeout,251,4637
before,1,limerick.txt,7,solved,19,264
before,1,limerick.txt,9,solved,80,1490
before,1,limerick.txt,11,solved,14,296
before,1,limerick.txt,13,timeout,250,4681
before,1,limerick.txt,15,timeout,251,4560
before,1,limerick.txt,17,solved,52,821
before,1,limerick.txt,19,timeout,250,4601
before,1,m c eschers armageddon.txt,0,solved,0,11
before,1,m c eschers armageddon.txt,1,solved,0,4
before,1,m c eschers armageddon.txt,2,solved,0,12
before,1,m c eschers armageddon.txt,3,solved,43,284
before,1,make way.txt,1,timeout,250,8795
before,1,make way.txt,3,solved,77,3331
before,1,manic_ammo.txt,1,solved,0,9
before,1,manic_ammo.txt,3,solved,0,9
before,1,manic_ammo.txt,5,solved,2,71
before,1,manic_ammo.txt,8,solved,0,9
before,1,manic_ammo.txt,10,solved,177,6607
before,1,manic_ammo.txt,12,solved,4,99
before,1,manic_ammo.txt,14,timeout,250,4714
before,1,manic_ammo.txt,16,solved,81,3210
before,1,manic_ammo.txt,18,solved,1,12
before,1,manic_ammo.txt,20,timeout,250,5817
before,1,manic_ammo.txt,22,solved,46,163
before,1,manic_ammo.txt,24,timeout,250,4025
before,1,manic_ammo.txt,26,timeout,250,1243
before,1,manic_ammo.txt,28,timeout,250,998
before,1,manic_ammo.txt,30,timeout,250,3590
before,1,match three billiards.txt,1,solved,0,4
before,1,match three billiards.txt,3,solved,24,451
before,1,match three billiards.txt,5,solved,35,563
before,1,mazezam.txt,1,solved,1,48
before,1,mazezam.txt,3,solved,2,134
before,1,mazezam.txt,5,solved,5,210
before,1,mazezam.txt,7,solved,16,534
before,1,mazezam.txt,9,solved,14,662
before,1,mazezam.txt,11,solved,13,501
before,1,mazezam.txt,13,solved,28,1121
before,1,mazezam.txt,15,solved,19,763
before,1,mazezam.txt,17,solved,19,709
before,1,mazezam.txt,19,solved,249,3882
before,1,mazezam.txt,21,solved,51,1424
before,1,mazezam.txt,23,timeout,250,5232
before,1,mazezam.txt,25,solved,82,3165
before,1,mazezam.txt,27,solved,67,2557
before,1,mazezam.txt,29,timeout,250,7956
before,1,mazezam.txt,31,solved,32,932
before,1,mazezam.txt,33,solved,35,1333
before,1,mazezam.txt,35,timeout,251,7742
before,1,mazezam.txt,37,solved,27,1095
before,1,mazezam.txt,39,solved,126,2661
before,1,mazezam.txt,41,solved,55,1924
before,1,mazezam.txt,43,solved,107,3247
before,1,mazezam.txt,45,solved,56,1874
before,1,mazezam.txt,47,solved,166,5229
before,1,mazezam.txt,49,timeout,250,6547
before,1,mazezam.txt,51,solved,77,2701
before,1,mazezam.txt,53,timeout,251,5139
before,1,mazezam.txt,55,timeout,250,7205
before,1,mazezam.txt,57,timeout,250,5543
before,1,mazezam.txt,59,timeout,250,7398
before,1,message_skip.txt,1,solved,0,1
before,1,midas.txt,0,solved,6,105
before,1,midas.txt,2,solved,25,318
before,1,midas.txt,4,solved,19,285
before,1,midas.txt,6,solved,40,681
before,1,midas.txt,8,timeout,250,3178
before,1,midas.txt,11,timeout,250,1964
before,1,midas.txt,13,timeout,251,2663
before,1,midas.txt,15,timeout,250,1960
before,1,midas.txt,17,timeout,250,2017
before,1,midas.txt,19,timeout,250,1831
before,1,midas.txt,21,timeout,250,1667
before,1,midas.txt,23,timeout,250,2399
before,1,midas.txt,25,solved,177,1609
before,1,midas.txt,27,timeout,250,1890
before,1,midas.txt,29,timeout,251,1834
before,1,moved by leaves of grass.txt,1,timeout,250,258
before,1,multi_level.txt,0,solved,0,1
before,1,multi_level.txt,1,solved,0,1
before,1,newton.txt,1,timeout,250,5441
before,1,newton.txt,3,timeout,251,5014
before,1,newton.txt,5,timeout,250,6166
before,1,no don't eat that.txt,1,timeout,251,25
before,1,no don't eat that.txt,3,timeout,251,20
before,1,no don't eat that.txt,5,timeout,255,17
before,1,no don't eat that.txt,7,timeout,252,14
before,1,no don't eat that.txt,9,timeout,250,23
before,1,no don't eat that.txt,11,timeout,252,8
before,1,no don't eat that.txt,13,timeout,251,10
before,1,no don't eat that.txt,15,timeout,255,11
before,1,no forbidden symbols 2.txt,1,timeout,250,6370
before,1,no forbidden symbols.txt,1,timeout,251,11762
before,1,no heroes necessary.txt,1,solved,16,176
before,1,no heroes necessary.txt,3,solved,8,53
before,1,no heroes necessary.txt,5,solved,33,237
before,1,no heroes necessary.txt,7,solved,9,54
before,1,no heroes necessary.txt,9,solved,155,695
before,1,oh no i accidentally swallowed myself.txt,1,timeout,250,130
before,1,oh no i accidentally swallowed myself.txt,2,solved,0,1
before,1,oh no i accidentally swallowed myself.txt,3,solved,0,1
before,1,oh no i accidentally swallowed myself.txt,4,solved,0,1
before,1,one_move.txt,0,solved,0,1
before,1,paint everything everywhere.txt,1,solved,12,28
before,1,paint everything everywhere.txt,3,solved,43,104
before,1,paint everything everywhere.txt,5,solved,39,20
before,1,paint everything everywhere.txt,7,solved,96,55
before,1,paint everything everywhere.txt,9,solved,269,113
before,1,paint everything everywhere.txt,11,solved,123,129
before,1,paint everything everywhere.txt,13,solved,47,76
before,1,paint everything everywhere.txt,15,solved,63,44
before,1,paint everything everywhere.txt,17,timeout,254,29
before,1,paint everything everywhere.txt,19,solved,25,46
before,1,paint everything everywhere.txt,21,solved,111,110
before,1,paint everything everywhere.txt,23,solved,98,50
before,1,paint everything everywhere.txt,25,solved,172,99
before,1,paint everything everywhere.txt,27,solved,239,81
before,1,paint everything everywhere.txt,29,solved,228,102
before,1,paint everything everywhere.txt,31,solved,171,66
before,1,paint everything everywhere.txt,33,solved,93,51
before,1,paint everything everywhere.txt,35,solved,170,57
before,1,paint everything everywhere.txt,37,timeout,250,433
before,1,paint everything everywhere.txt,39,timeout,250,37
before,1,participating in society.txt,2,timeout,252,1426
before,1,pipe puffer.txt,2,timeout,250,3684
before,1,pipe puffer.txt,4,solved,51,589
before,1,pipe puffer.txt,6,timeout,250,1873
before,1,pipe puffer.txt,8,timeout,250,1574
before,1,pipe puffer.txt,10,timeout,250,2583
before,1,pipe puffer.txt,12,timeout,250,1739
before,1,pipe puffer.txt,14,timeout,250,2047
before,1,pipe puffer.txt,16,solved,14,73
before,1,ponies jumping synchronously.txt,0,solved,0,8
before,1,ponies jumping synchronously.txt,2,solved,0,9
before,1,ponies jumping synchronously.txt,4,solved,0,7
before,1,ponies jumping synchronously.txt,6,solved,0,9
before,1,ponies jumping synchronously.txt,8,solved,1,29
before,1,ponies jumping synchronously.txt,10,solved,16,388
before,1,ponies jumping synchronously.txt,12,solved,0,8
before,1,ponies jumping synchronously.txt,14,solved,14,283
before,1,ponies jumping synchronously.txt,17,timeout,250,2855
before,1,ponies jumping synchronously.txt,19,solved,15,265
before,1,ponies jumping synchronously.txt,21,timeout,250,3114
before,1,ponies jumping synchronously.txt,23,timeout,250,2124
before,1,pupush.txt,1,timeout,250,6943
before,1,push pull.txt,1,solved,4,285
before,1,push pull.txt,3,solved,4,236
before,1,push pull.txt,5,solved,18,876
before,1,push.txt,1,solved,0,6
before,1,push.txt,3,solved,0,13
before,1,push.txt,5,solved,17,566
before,1,push.txt,7,solved,4,110
before,1,push.txt,9,solved,7,243
before,1,push.txt,11,solved,32,884
before,1,push.txt,13,solved,31,663
before,1,push.txt,15,timeout,250,4091
before,1,push.txt,17,timeout,250,4529
before,1,push.txt,19,timeout,251,4499
before,1,push.txt,21,solved,180,3306
before,1,push.txt,23,solved,3,78
before,1,push.txt,25,solved,192,3950
before,1,push.txt,27,solved,244,4707
before,1,push.txt,29,timeout,250,4396
before,1,push.txt,31,solved,89,2397
before,1,push.txt,33,timeout,250,3011
before,1,push.txt,35,timeout,250,2627
before,1,push.txt,37,solved,2,52
before,1,push.txt,39,timeout,250,5331
before,1,push.txt,40,solved,0,4
before,1,pushit.txt,1,solved,109,5171
before,1,pushit.txt,3,timeout,252,6980
before,1,pushit.txt,5,timeout,251,13896
before,1,pushit.txt,7,timeout,251,15634
before,1,puzzles.txt,0,timeout,250,1093
before,1,realtime dog mountain rescue.txt,1,timeout,250,658
before,1,realtime dog mountain rescue.txt,4,timeout,250,575
before,1,realtime dog mountain rescue.txt,7,timeout,250,377
before,1,riverpuzzle.txt,0,timeout,250,28
before,1,robot arm.txt,3,timeout,250,934
before,1,robot arm.txt,5,timeout,262,34
before,1,robot arm.txt,7,timeout,250,954
before,1,robotarm.txt,3,timeout,250,941
before,1,robotarm.txt,5,timeout,259,34
before,1,robotarm.txt,7,timeout,250,981
before,1,sacrament of the river god.txt,1,timeout,250,661
before,1,sacrament of the river god.txt,3,timeout,250,186
before,1,sacrament of the river god.txt,5,timeout,250,551
before,1,sacrament of the river god.txt,7,timeout,250,462
before,1,sacrament of the river god.txt,9,timeout,250,712
before,1,sacrament of the river god.txt,11,timeout,250,124
before,1,sacrament of the river god.txt,13,solved,3,12
before,1,seize the flag.txt,1,timeout,250,679
before,1,seize the flag.txt,3,solved,0,1
before,1,short adventure in sticky wall land.txt,1,timeout,250,1128
before,1,short adventure in sticky wall land.txt,3,timeout,250,1003
before,1,short adventure in sticky wall land.txt,5,timeout,250,1100
before,1,shy snake.txt,1,solved,84,95
before,1,shy snake.txt,3,timeout,250,92
before,1,shy snake.txt,5,timeout,250,98
before,1,slide pull.txt,1,solved,26,1388
before,1,slide pull.txt,3,solved,10,573
before,1,slide pull.txt,5,solved,51,2583
before,1,slide pull.txt,7,timeout,251,11341
before,1,slide pull.txt,9,solved,14,782
before,1,slide pull.txt,11,timeout,251,10379
before,1,slide pull.txt,13,solved,169,6725
before,1,slidings.txt,1,solved,1,39
before,1,slidings.txt,3,solved,0,18
before,1,slidings.txt,5,solved,1,38
before,1,slidings.txt,7,solved,3,82
before,1,slidings.txt,9,solved,7,234
before,1,slidings.txt,11,timeout,250,6055
before,1,slidings.txt,13,solved,179,5247
before,1,slidings.txt,15,solved,184,6209
before,1,slidings.txt,17,timeout,250,6700
before,1,slidings.txt,19,solved,76,1895
before,1,slidings.txt,21,solved,105,2959
before,1,slime vat filler.txt,2,solved,4,229
before,1,slime vat filler.txt,4,solved,0,39
before,1,slime vat filler.txt,6,solved,2,125
before,1,slime vat filler.txt,8,solved,1,89
before,1,slime vat filler.txt,10,solved,3,127
before,1,slime vat filler.txt,12,solved,162,7121
before,1,slime vat filler.txt,14,solved,10,550
before,1,slime vat filler.txt,16,timeout,251,9604
before,1,slime vat filler.txt,18,solved,130,5783
before,1,slime vat filler.txt,21,solved,58,3131
before,1,slime vat filler.txt,23,solved,0,1
before,1,slot machine.txt,1,solved,162,620
before,1,slot machine.txt,3,timeout,250,877
before,1,smother.txt,2,solved,21,265
before,1,smother.txt,4,solved,25,499
before,1,smother.txt,6,solved,43,765
before,1,smother.txt,8,solved,53,415
before,1,smother.txt,10,solved,119,781
before,1,smother.txt,14,solved,0,6
before,1,smother.txt,16,solved,0,32
before,1,smother.txt,18,solved,1,36
before,1,smother.txt,20,solved,11,276
before,1,smother.txt,22,solved,12,334
before,1,smother.txt,26,solved,41,536
before,1,smother.txt,28,solved,192,1909
before,1,smother.txt,30,solved,25,317
before,1,smother.txt,32,timeout,250,504
before,1,smother.txt,34,timeout,250,1723
before,1,smother.txt,37,solved,0,4
before,1,snkaey makes a sixy.txt,0,timeout,250,3094
before,1,snkaey makes a sixy.txt,2,exhausted,0,1
before,1,snortal.txt,0,timeout,250,4555
before,1,sok7.txt,0,timeout,250,932
before,1,sokobansokobansokoban.txt,1,timeout,250,6405
before,1,sokobond demake.txt,2,solved,2,38
before,1,sokobond demake.txt,4,solved,0,18
before,1,sokobond demake.txt,6,solved,0,16
before,1,sokobond demake.txt,8,solved,1,20
before,1,sokobond demake.txt,10,solved,3,64
before,1,sokobond demake.txt,12,solved,2,49
before,1,sokobond demake.txt,14,solved,18,300
before,1,sokobond demake.txt,16,solved,5,81
before,1,sokobond demake.txt,18,solved,46,830
before,1,sokobond demake.txt,20,solved,41,748
before,1,sokobond demake.txt,22,solved,26,588
before,1,sokobond demake.txt,24,timeout,250,5215
before,1,sokobond demake.txt,26,solved,19,615
before,1,sokobond demake.txt,28,timeout,250,8070
before,1,sokobond demake.txt,30,timeout,250,7856
before,1,sokogoban.txt,2,timeout,250,758
before,1,sokogoban.txt,4,timeout,250,444
before,1,sokogoban.txt,6,timeout,250,256
before,1,stick_candy_puzzle_saga.txt,1,solved,148,2971
before,1,stick_candy_puzzle_saga.txt,2,timeout,250,4800
before,1,stick_candy_puzzle_saga.txt,4,timeout,250,3236
before,1,stick_candy_puzzle_saga.txt,5,timeout,250,2683
before,1,stick_candy_puzzle_saga.txt,6,timeout,250,3230
before,1,stick_candy_puzzle_saga.txt,7,timeout,250,4040
before,1,stick_candy_puzzle_saga.txt,8,timeout,250,2849
before,1,stick_candy_puzzle_saga.txt,9,timeout,250,4276
before,1,stick_candy_puzzle_saga.txt,10,timeout,250,2928
before,1,stick_candy_puzzle_saga.txt,11,timeout,250,4136
before,1,stick_candy_puzzle_saga.txt,12,timeout,250,2913
before,1,stick_candy_puzzle_saga.txt,13,timeout,250,3437
before,1,stick_candy_puzzle_saga.txt,14,timeout,250,4282
before,1,stick_candy_puzzle_saga.txt,15,timeout,250,3390
before,1,stick_candy_puzzle_saga.txt,16,timeout,250,3147
before,1,stick_candy_puzzle_saga.txt,17,timeout,250,3416
before,1,stick_candy_puzzle_saga.txt,18,timeout,250,3260
before,1,stick_candy_puzzle_saga.txt,19,timeout,250,2282
before,1,stick_candy_puzzle_saga.txt,20,timeout,250,3185
before,1,stick_candy_puzzle_saga.txt,21,timeout,250,2064
before,1,sum three horizontally to 8.txt,4,solved,1,15
before,1,sum three horizontally to 8.txt,6,solved,1,8
before,1,sum three horizontally to 8.txt,8,solved,1,6
before,1,sum three horizontally to 8.txt,10,solved,2,13
before,1,sum three horizontally to 8.txt,13,solved,2,26
before,1,sum three horizontally to 8.txt,15,solved,38,473
before,1,sum three horizontally to 8.txt,17,solved,3,19
before,1,sum three horizontally to 8.txt,19,solved,7,109
before,1,sum three horizontally to 8.txt,22,solved,54,623
before,1,sum three horizontally to 8.txt,24,solved,9,107
before,1,sum three horizontally to 8.txt,26,solved,37,415
before,1,sum three horizontally to 8.txt,28,solved,23,304
before,1,sum three horizontally to 8.txt,31,timeout,250,586
before,1,take heart lass.txt,1,solved,0,3
before,1,take heart lass.txt,3,solved,2,25
before,1,take heart lass.txt,5,solved,1,8
before,1,take heart lass.txt,7,solved,2,28
before,1,take heart lass.txt,9,solved,142,1256
before,1,take heart lass.txt,11,solved,14,120
before,1,take heart lass.txt,13,solved,53,361
before,1,take heart lass.txt,15,timeout,250,1872
before,1,take heart lass.txt,17,solved,9,49
before,1,take heart lass.txt,19,solved,83,512
before,1,take heart lass.txt,21,solved,129,761
before,1,take heart lass.txt,23,timeout,250,862
before,1,talo pipi 2.txt,1,timeout,250,942
before,1,talo pipi 2.txt,3,timeout,250,1596
before,1,talo pipi 2.txt,5,timeout,250,992
before,1,talo pipi 2.txt,7,timeout,250,1241
before,1,talo pipi 2.txt,9,timeout,250,1795
before,1,talo pipi 2.txt,11,timeout,250,731
before,1,talo pipi 2.txt,13,timeout,250,651
before,1,talo pipi 2.txt,15,timeout,250,656
before,1,talo pipi 2.txt,17,solved,0,1
before,1,the exit is under my left foot.txt,1,solved,158,102
before,1,the red ring of immortality.txt,1,solved,7,226
before,1,the red ring of immortality.txt,3,solved,51,1354
before,1,the red ring of immortality.txt,5,solved,1,52
before,1,the red ring of immortality.txt,7,solved,62,1633
before,1,the red ring of immortality.txt,9,solved,6,213
before,1,the red ring of immortality.txt,11,solved,10,332
before,1,the red ring of immortality.txt,13,solved,104,2759
before,1,the red ring of immortality.txt,15,solved,14,424
before,1,the red ring of immortality.txt,17,solved,79,2173
before,1,the red ring of immortality.txt,19,solved,9,264
before,1,the red ring of immortality.txt,21,solved,0,21
before,1,the red ring of immortality.txt,23,solved,0,2
before,1,the_saga_of_the_candy_scroll.txt,6,solved,4,106
before,1,the_saga_of_the_candy_scroll.txt,10,solved,0,8
before,1,the_saga_of_the_candy_scroll.txt,14,solved,0,4
before,1,the_saga_of_the_candy_scroll.txt,18,solved,26,551
before,1,the_saga_of_the_candy_scroll.txt,20,timeout,250,5357
before,1,the_saga_of_the_candy_scroll.txt,22,solved,5,104
before,1,the_saga_of_the_candy_scroll.txt,26,solved,40,832
before,1,the_saga_of_the_candy_scroll.txt,28,timeout,250,4500
before,1,the_saga_of_the_candy_scroll.txt,31,solved,80,1273
before,1,the_saga_of_the_candy_scroll.txt,35,timeout,250,3783
before,1,the_saga_of_the_candy_scroll.txt,46,solved,0,3
before,1,the_saga_of_the_candy_scroll.txt,50,solved,2,54
before,1,the_saga_of_the_candy_scroll.txt,53,solved,31,723
before,1,the_saga_of_the_candy_scroll.txt,55,solved,119,2683
before,1,the_saga_of_the_candy_scroll.txt,58,timeout,250,5078
before,1,the_saga_of_the_candy_scroll.txt,61,timeout,250,5336
before,1,the_saga_of_the_candy_scroll.txt,64,timeout,250,5358
before,1,the_saga_of_the_candy_scroll.txt,66,timeout,250,5027
before,1,the_saga_of_the_candy_scroll.txt,68,timeout,250,5814
before,1,the_saga_of_the_candy_scroll.txt,70,timeout,250,4633
before,1,the_saga_of_the_candy_scroll.txt,78,timeout,250,4184
before,1,the_saga_of_the_candy_scroll.txt,80,timeout,250,3516
before,1,the_saga_of_the_candy_scroll.txt,82,timeout,250,3090
before,1,the_saga_of_the_candy_scroll.txt,85,timeout,250,3775
before,1,the_saga_of_the_candy_scroll.txt,89,timeout,251,3060
before,1,the_saga_of_the_candy_scroll.txt,98,timeout,250,4523
before,1,the_saga_of_the_candy_scroll.txt,102,timeout,250,2985
before,1,the_saga_of_the_candy_scroll.txt,106,timeout,250,2494
before,1,the_saga_of_the_candy_scroll.txt,112,timeout,250,3316
before,1,the_saga_of_the_candy_scroll.txt,116,solved,40,501
before,1,threes.txt,0,timeout,250,347
before,1,tiny treasure hunt.txt,1,timeout,250,47
before,1,tiny treasure hunt.txt,3,timeout,251,15
before,1,tiny treasure hunt.txt,5,timeout,250,19
before,1,tiny treasure hunt.txt,7,timeout,250,63
before,1,tiny treasure hunt.txt,9,timeout,250,23
before,1,tiny treasure hunt.txt,11,timeout,250,56
before,1,tiny treasure hunt.txt,13,timeout,250,22
before,1,tunnel rat.txt,1,timeout,250,259
before,1,tunnel rat.txt,3,timeout,251,132
before,1,unclean residues.txt,2,timeout,251,6139
before,1,unclean residues.txt,4,timeout,250,7742
before,1,unclean residues.txt,6,timeout,251,7350
before,1,unclean residues.txt,8,timeout,250,6899
before,1,unclean residues.txt,10,timeout,250,6189
before,1,unclean residues.txt,13,solved,132,3677
before,1,unewton.txt,2,timeout,250,4344
before,1,unewton.txt,4,timeout,251,6313
before,1,unewton.txt,6,timeout,250,4968
before,1,unewton.txt,8,timeout,250,3570
before,1,whaleworld.txt,1,solved,31,120
before,1,whaleworld.txt,3,solved,27,240
before,1,whaleworld.txt,5,solved,165,878
before,1,whaleworld.txt,7,timeout,250,1491
before,1,whaleworld.txt,9,timeout,250,881
before,1,whaleworld.txt,11,timeout,250,834
before,1,whaleworld.txt,13,timeout,250,568
before,1,whaleworld.txt,15,timeout,250,1013
before,1,witch lifter.txt,1,timeout,250,1070
before,1,witch lifter.txt,3,solved,119,564
before,1,witch lifter.txt,5,timeout,250,1383
before,1,witch lifter.txt,7,timeout,250,1264
before,1,witch lifter.txt,9,timeout,250,1243
before,1,witch lifter.txt,11,timeout,250,1583
before,1,witch lifter.txt,13,timeout,250,777
before,1,witch lifter.txt,15,timeout,250,878
before,1,wool-clawer.txt,1,timeout,250,752
before,1,wool-clawer.txt,3,timeout,250,745
before,1,wool-clawer.txt,5,timeout,250,317
before,1,wool-clawer.txt,7,timeout,250,188
before,1,wool-clawer.txt,9,timeout,250,255
before,1,wool-clawer.txt,11,timeout,250,236
before,1,you can't make this up.txt,1,timeout,250,4030
before,1,you complete me.txt,0,timeout,250,3064
before,1,zokoban.txt,0,timeout,250,1847
before,2,15 push pull levels.txt,1,solved,21,1342
before,2,15 push pull levels.txt,3,solved,2,137
before,2,15 push pull levels.txt,5,solved,99,5517
before,2,15 push pull levels.txt,7,solved,168,7643
before,2,15 push pull levels.txt,9,solved,96,4319
before,2,15 push pull levels.txt,11,solved,37,1565
before,2,15 push pull levels.txt,13,solved,32,1376
before,2,15 push pull levels.txt,15,solved,48,2195
before,2,15 push pull levels.txt,17,solved,36,1730
before,2,15 push pull levels.txt,19,solved,139,7849
before,2,15 push pull levels.txt,21,timeout,252,13578
before,2,15 push pull levels.txt,23,solved,225,13036
before,2,15 push pull levels.txt,25,solved,215,12036
before,2,15 push pull levels.txt,27,timeout,251,14695
before,2,15 push pull levels.txt,29,timeout,251,14474
before,2,5-junctions-maker.txt,1,timeout,250,292
before,2,5-junctions-maker.txt,3,solved,0,1
before,2,8 happy snakes.txt,1,solved,0,10
before,2,8 happy snakes.txt,3,solved,42,346
before,2,8 happy snakes.txt,5,solved,9,91
before,2,8 happy snakes.txt,7,solved,72,465
before,2,8 happy snakes.txt,9,timeout,253,6677
before,2,8 happy snakes.txt,11,timeout,252,5309
before,2,8 happy snakes.txt,13,timeout,253,5442
before,2,8 happy snakes.txt,15,timeout,250,1119
before,2,ALL GREEN TO BLUE.txt,1,solved,0,36
before,2,ALL GREEN TO BLUE.txt,3,solved,181,8191
before,2,ALL GREEN TO BLUE.txt,5,solved,84,4892
before,2,ALL GREEN TO BLUE.txt,7,solved,53,3260
before,2,ALL GREEN TO BLUE.txt,9,solved,22,1376
before,2,ALL GREEN TO BLUE.txt,11,timeout,253,11801
before,2,ALL GREEN TO BLUE.txt,13,solved,174,10966
before,2,ALL GREEN TO BLUE.txt,15,solved,4,188
before,2,ALL GREEN TO BLUE.txt,17,timeout,251,16051
before,2,ALL GREEN TO BLUE.txt,19,solved,13,884
before,2,ALL GREEN TO BLUE.txt,21,solved,3,89
before,2,Acorn Scorchery Paradise.txt,1,solved,10,489
before,2,Acorn Scorchery Paradise.txt,3,solved,11,380
before,2,Acorn Scorchery Paradise.txt,5,solved,28,1219
before,2,Acorn Scorchery Paradise.txt,7,solved,11,454
before,2,Acorn Scorchery Paradise.txt,9,solved,41,1545
before,2,All Green and Blue on Yellow.txt,1,solved,3,200
before,2,All Green and Blue on Yellow.txt,3,solved,3,166
before,2,All Green and Blue on Yellow.txt,5,solved,22,1249
before,2,All Green and Blue on Yellow.txt,7,solved,18,1343
before,2,All Green and Blue on Yellow.txt,9,solved,21,1260
before,2,Any hole is a goal.txt,1,solved,8,17
before,2,Any hole is a goal.txt,3,timeout,250,627
before,2,Any hole is a goal.txt,5,timeout,250,503
before,2,Any hole is a goal.txt,7,timeout,250,671
before,2,Any hole is a goal.txt,9,timeout,250,936
before,2,Any hole is a goal.txt,11,timeout,250,872
before,2,Any hole is a goal.txt,13,timeout,250,866
before,2,Any hole is a goal.txt,15,timeout,250,720
before,2,Any hole is a goal.txt,17,timeout,250,904
before,2,Any hole is a goal.txt,19,timeout,250,900
before,2,Any hole is a goal.txt,21,timeout,250,863
before,2,Any hole is a goal.txt,23,timeout,250,798
before,2,Any hole is a goal.txt,25,timeout,250,587
before,2,Any hole is a goal.txt,27,timeout,250,532
before,2,Any hole is a goal.txt,29,timeout,250,998
before,2,Any hole is a goal.txt,31,timeout,250,858
before,2,Any hole is a goal.txt,33,timeout,250,963
before,2,Any hole is a goal.txt,35,timeout,250,697
before,2,Any hole is a goal.txt,37,timeout,250,465
before,2,Any hole is a goal.txt,39,timeout,250,702
before,2,Any hole is a goal.txt,41,timeout,250,989
before,2,Any hole is a goal.txt,43,timeout,250,538
before,2,Any hole is a goal.txt,45,timeout,250,437
before,2,Any hole is a goal.txt,47,timeout,250,898
before,2,Any hole is a goal.txt,49,timeout,250,980
before,2,Any hole is a goal.txt,51,timeout,250,726
before,2,Any hole is a goal.txt,53,timeout,250,806
before,2,Any hole is a goal.txt,55,timeout,250,828
before,2,Any hole is a goal.txt,57,timeout,250,940
before,2,Any hole is a goal.txt,59,timeout,250,932
before,2,Any hole is a goal.txt,61,timeout,250,855
before,2,Any hole is a goal.txt,63,timeout,250,861
before,2,Any hole is a goal.txt,65,timeout,250,940
before,2,Any hole is a goal.txt,67,timeout,250,810
before,2,Any hole is a goal.txt,69,timeout,250,932
before,2,Attractor Net.txt,1,solved,107,2014
before,2,Attractor Net.txt,3,solved,112,2769
before,2,Attractor Net.txt,5,solved,6,162
before,2,Attractor Net.txt,7,solved,20,523
before,2,Attractor Net.txt,9,solved,62,1433
before,2,Attractor Net.txt,11,solved,21,571
before,2,Attractor Net.txt,13,solved,138,3034
before,2,Attractor Net.txt,15,solved,71,1772
before,2,Attractor Net.txt,17,solved,1,20
before,2,Attractor Net.txt,19,solved,66,1642
before,2,BIAXIAL INVASION OF SATURN.txt,3,solved,175,523
before,2,BIAXIAL INVASION OF SATURN.txt,5,timeout,250,487
before,2,BIAXIAL INVASION OF SATURN.txt,7,timeout,250,327
before,2,BIAXIAL INVASION OF SATURN.txt,9,timeout,250,335
before,2,BIAXIAL INVASION OF SATURN.txt,11,timeout,250,277
before,2,BIAXIAL INVASION OF SATURN.txt,13,timeout,250,381
before,2,BIAXIAL INVASION OF SATURN.txt,15,timeout,250,394
before,2,BIAXIAL INVASION OF SATURN.txt,17,timeout,250,206
before,2,BIAXIAL INVASION OF SATURN.txt,19,timeout,250,97
before,2,BIAXIAL INVASION OF SATURN.txt,21,timeout,250,83
before,2,BIAXIAL INVASION OF SATURN.txt,23,timeout,250,120
before,2,BIAXIAL INVASION OF SATURN.txt,25,timeout,254,13
before,2,BIAXIAL INVASION OF SATURN.txt,28,solved,0,1
before,2,BIAXIAL INVASION OF SATURN.txt,29,solved,0,1
before,2,BIAXIAL INVASION OF SATURN.txt,30,solved,0,1
before,2,BIAXIAL INVASION OF SATURN.txt,31,solved,1,1
before,2,Bicycle-Kick Football.txt,1,timeout,250,468
before,2,Bicycle-Kick Football.txt,4,solved,14,91
before,2,Bicycle-Kick Football.txt,7,solved,171,685
before,2,Bicycle-Kick Football.txt,10,timeout,250,1390
before,2,Bicycle-Kick Football.txt,13,timeout,250,700
before,2,Bicycle-Kick Football.txt,16,timeout,250,1377
before,2,Bring the ice cube to the goal without exposing it to heat.txt,1,timeout,250,313
before,2,CODEX LUBRICUS.txt,2,solved,61,130
before,2,CODEX LUBRICUS.txt,4,solved,67,93
before,2,CODEX LUBRICUS.txt,6,solved,68,73
before,2,CODEX LUBRICUS.txt,8,solved,35,93
before,2,CODEX LUBRICUS.txt,10,solved,94,113
before,2,CODEX LUBRICUS.txt,12,solved,76,149
before,2,CODEX LUBRICUS.txt,14,solved,69,111
before,2,CODEX LUBRICUS.txt,16,solved,69,118
before,2,CODEX LUBRICUS.txt,18,solved,92,105
before,2,CODEX LUBRICUS.txt,20,solved,107,115
before,2,CODEX LUBRICUS.txt,22,solved,68,112
before,2,CODEX LUBRICUS.txt,24,solved,70,116
before,2,CODEX LUBRICUS.txt,26,solved,85,108
before,2,CODEX LUBRICUS.txt,28,solved,112,104
before,2,CODEX LUBRICUS.txt,30,solved,142,131
before,2,CODEX LUBRICUS.txt,32,solved,240,275
before,2,CODEX LUBRICUS.txt,34,solved,111,122
before,2,CODEX LUBRICUS.txt,36,solved,94,164
before,2,CODEX LUBRICUS.txt,38,solved,59,102
before,2,CODEX LUBRICUS.txt,40,solved,221,262
before,2,Chevron Lodger.txt,1,solved,2,67
before,2,Chevron Lodger.txt,3,solved,55,1755
before,2,Chevron Lodger.txt,5,solved,190,5035
before,2,Chevron Lodger.txt,7,solved,27,823
before,2,Chevron Lodger.txt,9,timeout,250,5931
before,2,Chevron Lodger.txt,11,timeout,250,4590
before,2,Crates move when you move.txt,1,solved,3,138
before,2,Crates move when you move.txt,3,solved,1,73
before,2,Crates move when you move.txt,5,solved,1,49
before,2,Crates move when you move.txt,7,solved,4,115
before,2,Crates move when you move.txt,9,solved,2,71
before,2,Crates move when you move.txt,11,solved,0,3
before,2,Crates move when you move.txt,13,solved,12,348
before,2,Crates move when you move.txt,15,solved,7,230
before,2,Crates move when you move.txt,17,solved,2,93
before,2,Crates move when you move.txt,19,solved,11,415
before,2,Cucumber Surprise.txt,2,solved,5,259
before,2,Cucumber Surprise.txt,5,solved,6,201
before,2,Cucumber Surprise.txt,7,solved,29,1178
before,2,Cucumber Surprise.txt,9,solved,71,2499
before,2,Cucumber Surprise.txt,11,solved,230,7606
before,2,Cucumber Surprise.txt,13,solved,30,1163
before,2,Cucumber Surprise.txt,15,solved,56,2202
before,2,Cucumber Surprise.txt,17,solved,23,916
before,2,Cucumber Surprise.txt,19,solved,35,1311
before,2,Cucumber Surprise.txt,21,solved,228,8142
before,2,Cucumber Surprise.txt,23,solved,92,3449
before,2,Cucumber Surprise.txt,25,solved,32,1243
before,2,Cucumber Surprise.txt,27,solved,199,7437
before,2,Cucumber Surprise.txt,29,solved,18,731
before,2,Cucumber Surprise.txt,31,solved,61,2119
before,2,Cucumber Surprise.txt,33,solved,94,3415
before,2,Cucumber Surprise.txt,35,solved,54,1727
before,2,Cucumber Surprise.txt,37,solved,29,812
before,2,Cucumber Surprise.txt,39,solved,102,2968
before,2,Cucumber Surprise.txt,41,timeout,251,8039
before,2,Des Poseidons Dreizack.txt,1,timeout,250,98
before,2,Des Poseidons Dreizack.txt,3,timeout,250,98
before,2,Des Poseidons Dreizack.txt,5,timeout,250,105
before,2,Des Poseidons Dreizack.txt,6,solved,1,9
before,2,Des Poseidons Dreizack.txt,7,solved,0,1
before,2,Don't let your goals slip away.txt,1,solved,1,63
before,2,Don't let your goals slip away.txt,3,solved,89,4881
before,2,Don't let your goals slip away.txt,5,solved,2,121
before,2,Don't let your goals slip away.txt,7,solved,9,512
before,2,Don't let your goals slip away.txt,9,solved,22,1317
before,2,Don't let your goals slip away.txt,11,solved,110,5817
before,2,Don't let your goals slip away.txt,13,solved,38,2187
before,2,Don't let your goals slip away.txt,15,solved,156,7721
before,2,Double-Entry Bookkeeping Simulator.txt,1,timeout,250,1823
before,2,Double-Entry Bookkeeping Simulator.txt,3,timeout,250,594
before,2,Double-Entry Bookkeeping Simulator.txt,5,timeout,250,1508
before,2,Double-Entry Bookkeeping Simulator.txt,7,timeout,250,709
before,2,Double-Entry Bookkeeping Simulator.txt,9,timeout,250,864
before,2,Double-Entry Bookkeeping Simulator.txt,11,timeout,250,494
before,2,Double-Entry Bookkeeping Simulator.txt,13,timeout,250,303
before,2,Double-Entry Bookkeeping Simulator.txt,15,timeout,250,388
before,2,Double-Entry Bookkeeping Simulator.txt,17,timeout,250,1650
before,2,Explodoban.txt,1,solved,10,437
before,2,Explodoban.txt,3,solved,7,320
before,2,Explodoban.txt,5,solved,68,3082
before,2,Explodoban.txt,7,solved,166,5873
before,2,Explodoban.txt,9,solved,87,3907
before,2,Explodoban.txt,11,solved,66,2959
before,2,Explodoban.txt,13,timeout,251,10160
before,2,Eyeball-watching flowers bloom.txt,1,solved,2,53
before,2,Eyeball-watching flowers bloom.txt,3,solved,200,4076
before,2,Eyeball-watching flowers bloom.txt,5,timeout,250,4497
before,2,Garten der Medusen.txt,1,solved,8,6
before,2,Garten der Medusen.txt,3,solved,6,4
before,2,Garten der Medusen.txt,5,solved,10,6
before,2,Garten der Medusen.txt,7,timeout,250,259
before,2,Garten der Medusen.txt,9,timeout,251,110
before,2,Garten der Medusen.txt,11,timeout,250,106
before,2,Garten der Medusen.txt,13,timeout,250,35
before,2,Garten der Medusen.txt,15,timeout,250,42
before,2,Hole-Stuffer.txt,1,timeout,250,3161
before,2,Hole-Stuffer.txt,3,solved,248,3591
before,2,Hole-Stuffer.txt,5,solved,13,178
before,2,Hole-Stuffer.txt,7,timeout,250,2928
before,2,"Individuals can produce a society, but can a society produce individuals.txt",1,timeout,251,504
before,2,It gets its Feet Wet.txt,1,timeout,250,216
before,2,Legend of Swixero.txt,1,solved,6,369
before,2,Legend of Swixero.txt,3,solved,25,1444
before,2,Legend of Swixero.txt,5,solved,9,450
before,2,Legend of Swixero.txt,7,timeout,251,10804
before,2,Legend of Swixero.txt,9,timeout,252,11141
before,2,Match two two by twos.txt,2,timeout,250,1275
before,2,Match two two by twos.txt,4,timeout,250,826
before,2,Match two two by twos.txt,6,timeout,250,831
before,2,Match-Maker.txt,1,solved,34,1111
before,2,Match-Maker.txt,3,solved,2,66
before,2,Match-Maker.txt,5,solved,9,214
before,2,Match-Maker.txt,7,timeout,250,4532
before,2,Match-Maker.txt,9,timeout,250,4262
before,2,Match-Maker.txt,11,timeout,250,4460
before,2,Match-Maker.txt,13,solved,190,3402
before,2,Match-Maker.txt,15,timeout,250,4750
before,2,Match-Maker.txt,17,timeout,250,3721
before,2,Microban x 10.txt,2,timeout,250,270
before,2,Muraphilic Monophobic Multiban.txt,1,timeout,251,10224
before,2,Muraphilic Monophobic Multiban.txt,3,solved,0,6
before,2,Muraphilic Monophobic Multiban.txt,5,solved,10,390
before,2,Muraphilic Monophobic Multiban.txt,7,solved,99,4207
before,2,Muraphilic Monophobic Multiban.txt,9,timeout,252,10135
before,2,Muraphilic Monophobic Multiban.txt,11,solved,61,2039
before,2,Muraphilic Monophobic Multiban.txt,13,solved,25,1149
before,2,Muraphilic Monophobic Multiban.txt,15,timeout,251,10006
before,2,NIGHTMARECROBAN.txt,1,solved,5,309
before,2,NIGHTMARECROBAN.txt,3,solved,31,1682
before,2,NIGHTMARECROBAN.txt,5,solved,23,1170
before,2,NIGHTMARECROBAN.txt,7,solved,7,387
before,2,NIGHTMARECROBAN.txt,9,solved,11,515
before,2,NIGHTMARECROBAN.txt,11,solved,34,1605
before,2,NIGHTMARECROBAN.txt,13,solved,82,3677
before,2,Neoprenanzieher.txt,2,timeout,250,484
before,2,North Wind Simple Sailboat Buoy Collection.txt,2,exhausted,1,9
before,2,North Wind Simple Sailboat Buoy Collection.txt,4,exhausted,2,9
before,2,North Wind Simple Sailboat Buoy Collection.txt,6,exhausted,1,9
before,2,Oh No My Dog Is About To Swallow A Piece Of.txt,1,timeout,250,84
before,2,Place the crate on the targets.txt,1,timeout,251,1459
before,2,Pocket Gopher - Root-Shoot Nibbler.txt,2,timeout,250,1345
before,2,Pocket Gopher - Root-Shoot Nibbler.txt,5,timeout,250,739
before,2,Pocket Gopher - Root-Shoot Nibbler.txt,8,timeout,250,1249
before,2,Pocket Gopher - Root-Shoot Nibbler.txt,11,timeout,250,592
before,2,Pocket Gopher - Root-Shoot Nibbler.txt,14,timeout,250,908
before,2,Pushy-V Pully-H.txt,1,solved,10,664
before,2,Pushy-V Pully-H.txt,3,solved,0,25
before,2,Pushy-V Pully-H.txt,5,solved,14,866
before,2,Pushy-V Pully-H.txt,7,solved,27,1738
before,2,Pushy-V Pully-H.txt,9,solved,0,14
before,2,Pushy-V Pully-H.txt,11,solved,1,109
before,2,Pushy-V Pully-H.txt,13,solved,1,78
before,2,Pushy-V Pully-H.txt,15,solved,67,3497
before,2,Pushy-V Pully-H.txt,17,solved,47,2857
before,2,Pushy-V Pully-H.txt,19,solved,1,72
before,2,Pushy-V Pully-H.txt,21,solved,163,9302
before,2,"Put the logs in the water, elephant.txt",1,timeout,250,3290
before,2,"Put the logs in the water, elephant.txt",4,solved,51,770
before,2,"Put the logs in the water, elephant.txt",7,timeout,250,3586
before,2,"Put the logs in the water, elephant.txt",10,solved,98,1313
before,2,"Put the logs in the water, elephant.txt",13,timeout,250,3351
before,2,"Put the logs in the water, elephant.txt",16,timeout,250,3803
before,2,"Put the logs in the water, elephant.txt",19,timeout,250,2759
before,2,"Put the logs in the water, elephant.txt",22,timeout,250,4157
before,2,Putting Bicycle Helmets on Young Children.txt,1,timeout,253,131
before,2,Putting Bicycle Helmets on Young Children.txt,3,timeout,250,53
before,2,Putting Bicycle Helmets on Young Children.txt,5,timeout,263,78
before,2,Recondite Star Sector Sigma.txt,1,solved,10,644
before,2,Recondite Star Sector Sigma.txt,3,solved,150,7848
before,2,Recondite Star Sector Sigma.txt,5,solved,120,6910
before,2,Recondite Star Sector Sigma.txt,7,solved,204,9804
before,2,Recondite Star Sector Sigma.txt,9,solved,174,9178
before,2,Recondite Star Sector Sigma.txt,11,solved,22,1338
before,2,Recondite Star Sector Sigma.txt,13,solved,221,12443
before,2,Recondite Star Sector Sigma.txt,15,solved,64,3835
before,2,Recondite Star Sector Sigma.txt,17,solved,241,13908
before,2,Recondite Star Sector Sigma.txt,19,solved,28,1580
before,2,Resin-Caster.txt,2,solved,15,1014
before,2,Resin-Caster.txt,4,solved,11,729
before,2,Resin-Caster.txt,6,solved,30,2010
before,2,Resin-Caster.txt,8,solved,66,4444
before,2,Resin-Caster.txt,10,solved,11,762
before,2,Resin-Caster.txt,12,solved,22,1470
before,2,Resin-Caster.txt,14,solved,62,3899
before,2,Resin-Caster.txt,16,solved,8,576
before,2,Resin-Caster.txt,18,solved,18,1073
before,2,Resin-Caster.txt,20,solved,22,1472
before,2,S-tercourse.txt,1,timeout,250,1527
before,2,S-tercourse.txt,3,solved,45,357
before,2,S-tercourse.txt,5,solved,37,302
before,2,S-tercourse.txt,7,timeout,250,1842
before,2,S-tercourse.txt,9,timeout,250,1658
before,2,S-tercourse.txt,11,timeout,250,1875
before,2,S-tercourse.txt,13,timeout,250,1927
before,2,S-tercourse.txt,15,timeout,250,1804
before,2,S-tercourse.txt,17,timeout,250,1808
before,2,S-tercourse.txt,19,timeout,250,1763
before,2,S-tercourse.txt,21,timeout,250,1973
before,2,S-tercourse.txt,23,timeout,250,2073
before,2,SWIMMING TIME.txt,2,timeout,250,373
before,2,Scalesoban.txt,1,solved,0,14
before,2,Scalesoban.txt,3,solved,2,91
before,2,Scalesoban.txt,5,solved,18,858
before,2,Schleimban.txt,1,solved,28,306
before,2,Schleimban.txt,3,solved,66,768
before,2,Schleimban.txt,5,solved,50,548
before,2,Schleimban.txt,7,solved,107,1018
before,2,Schleimban.txt,9,solved,46,503
before,2,Schleimban.txt,11,solved,0,1
before,2,Subway upholstry snot smearing championship.txt,2,solved,225,6991
before,2,Subway upholstry snot smearing championship.txt,4,solved,7,240
before,2,Subway upholstry snot smearing championship.txt,6,solved,3,96
before,2,Subway upholstry snot smearing championship.txt,8,timeout,250,5012
before,2,Subway upholstry snot smearing championship.txt,10,solved,120,3469
before,2,Subway upholstry snot smearing championship.txt,12,solved,84,1208
before,2,Subway upholstry snot smearing championship.txt,14,timeout,250,3546
before,2,The Far Away Danish Pastry is always Delicio.txt,1,solved,0,7
before,2,The Far Away Danish Pastry is always Delicio.txt,3,solved,0,10
before,2,The Far Away Danish Pastry is always Delicio.txt,5,solved,6,183
before,2,The Far Away Danish Pastry is always Delicio.txt,7,solved,1,45
before,2,The Far Away Danish Pastry is always Delicio.txt,9,solved,2,74
before,2,The Far Away Danish Pastry is always Delicio.txt,11,solved,68,3545
before,2,The Far Away Danish Pastry is always Delicio.txt,13,solved,27,1232
before,2,The Far Away Danish Pastry is always Delicio.txt,15,solved,110,4154
before,2,The Monsterous Autoshove.txt,1,solved,92,710
before,2,The Monsterous Autoshove.txt,3,solved,104,921
before,2,The Monsterous Autoshove.txt,5,timeout,250,1283
before,2,The Monsterous Autoshove.txt,7,solved,77,575
before,2,The Monsterous Autoshove.txt,9,timeout,250,1244
before,2,The Monsterous Autoshove.txt,11,timeout,250,1417
before,2,The sponge what lights up the seafloor.txt,1,solved,116,503
before,2,The sponge what lights up the seafloor.txt,3,timeout,250,1307
before,2,The sponge what lights up the seafloor.txt,5,timeout,250,974
before,2,The sponge what lights up the seafloor.txt,7,solved,126,633
before,2,The sponge what lights up the seafloor.txt,9,timeout,250,1347
before,2,The sponge what lights up the seafloor.txt,11,solved,175,942
before,2,The sponge what lights up the seafloor.txt,13,timeout,250,1329
before,2,The sponge what lights up the seafloor.txt,15,timeout,250,1355
before,2,The sponge what lights up the seafloor.txt,17,timeout,250,1107
before,2,The sponge what lights up the seafloor.txt,19,timeout,250,1095
before,2,Two-Step Pete.txt,1,solved,2,61
before,2,Two-Step Pete.txt,3,solved,63,2153
before,2,Two-Step Pete.txt,5,solved,6,305
before,2,Two-Step Pete.txt,7,timeout,251,7307
before,2,Two-Step Pete.txt,9,solved,45,1810
before,2,Two-Step Pete.txt,11,solved,3,99
before,2,Two-Step Pete.txt,13,solved,16,756
before,2,Two-Step Pete.txt,15,timeout,251,10377
before,2,Two-Tone Tango.txt,1,solved,65,1805
before,2,Two-Tone Tango.txt,3,solved,20,569
before,2,Two-Tone Tango.txt,5,solved,38,1163
before,2,Two-Tone Tango.txt,7,solved,234,6728
before,2,Two-Tone Tango.txt,9,solved,1,38
before,2,Two-Tone Tango.txt,11,solved,26,747
before,2,Two-Tone Tango.txt,13,solved,119,4124
before,2,Two-Tone Tango.txt,15,solved,108,3028
before,2,Van-to-Mobile-Living-Space-Conversion Window.txt,1,solved,2,39
before,2,Van-to-Mobile-Living-Space-Conversion Window.txt,3,solved,78,1296
before,2,Van-to-Mobile-Living-Space-Conversion Window.txt,5,solved,3,49
before,2,Van-to-Mobile-Living-Space-Conversion Window.txt,7,timeout,250,3586
before,2,Van-to-Mobile-Living-Space-Conversion Window.txt,9,timeout,250,4053
before,2,Van-to-Mobile-Living-Space-Conversion Window.txt,11,timeout,250,3823
before,2,Van-to-Mobile-Living-Space-Conversion Window.txt,13,solved,58,938
before,2,Van-to-Mobile-Living-Space-Conversion Window.txt,15,solved,217,3383
before,2,Van-to-Mobile-Living-Space-Conversion Window.txt,17,solved,40,673
before,2,Van-to-Mobile-Living-Space-Conversion Window.txt,19,timeout,250,3596
before,2,Van-to-Mobile-Living-Space-Conversion Window.txt,21,timeout,250,3967
before,2,Van-to-Mobile-Living-Space-Conversion Window.txt,23,solved,112,1754
before,2,Van-to-Mobile-Living-Space-Conversion Window.txt,25,timeout,250,4140
before,2,Van-to-Mobile-Living-Space-Conversion Window.txt,27,timeout,250,3556
before,2,Varifocal Nightmare.txt,1,solved,50,1456
before,2,Varifocal Nightmare.txt,3,solved,22,780
before,2,Varifocal Nightmare.txt,5,solved,59,2291
before,2,Varifocal Nightmare.txt,7,timeout,251,8404
before,2,Varifocal Nightmare.txt,9,solved,157,4318
before,2,Vexatious Match 3.txt,2,timeout,251,6935
before,2,Vexatious Match 3.txt,4,timeout,251,8448
before,2,Vexatious Match 3.txt,6,timeout,250,8841
before,2,Vexatious Match 3.txt,8,timeout,250,8663
before,2,Vexatious Match 3.txt,10,solved,48,1992
before,2,Voitex Rasteriser 2.txt,1,timeout,251,4565
before,2,Voitex Rasteriser.txt,0,timeout,252,8076
before,2,Voitex Rasteriser.txt,2,solved,0,1
before,2,Wand Spinner.txt,1,solved,6,263
before,2,Wand Spinner.txt,3,solved,5,214
before,2,Wand Spinner.txt,5,solved,65,2715
before,2,Wand Spinner.txt,7,solved,98,4051
before,2,Wand Spinner.txt,9,solved,10,417
before,2,Wand Spinner.txt,11,solved,23,949
before,2,Wand Spinner.txt,13,solved,30,1308
before,2,Wand Spinner.txt,15,solved,12,513
before,2,Wand Spinner.txt,17,solved,25,973
before,2,Wand Spinner.txt,19,solved,51,1879
before,2,Wand Spinner.txt,21,solved,18,796
before,2,Wand Spinner.txt,23,timeout,251,8644
before,2,Wand Spinner.txt,25,solved,20,721
before,2,Wand Spinner.txt,27,solved,105,3180
before,2,Wand Spinner.txt,29,timeout,250,8768
before,2,Wand Spinner.txt,31,solved,58,2265
before,2,Wand Spinner.txt,33,solved,2,68
before,2,Wand Spinner.txt,35,solved,141,5885
before,2,Xorro The Chaos Warden.txt,1,solved,6,267
before,2,Xorro The Chaos Warden.txt,3,solved,111,4418
before,2,Xorro The Chaos Warden.txt,5,solved,90,3553
before,2,Xorro The Chaos Warden.txt,7,timeout,251,7377
before,2,Yellow Box.txt,1,solved,128,3503
before,2,Yellow Box.txt,3,solved,19,332
before,2,Yellow Box.txt,5,solved,2,49
before,2,Yellow Box.txt,7,solved,15,293
before,2,Yellow Box.txt,9,solved,72,1318
before,2,Yellow Box.txt,11,solved,98,1642
before,2,Yellow Box.txt,13,solved,13,285
before,2,Yellow Box.txt,15,timeout,250,10381
before,2,Yellow Box.txt,17,solved,3,58
before,2,Yellow Box.txt,19,solved,15,272
before,2,Yellow Box.txt,21,solved,78,1639
before,2,Yellow Box.txt,23,solved,1,20
before,2,Yellow Box.txt,25,solved,13,259
before,2,Yellow Box.txt,27,solved,32,498
before,2,Yellow Box.txt,29,solved,15,280
before,2,Yellow Box.txt,31,solved,114,2277
before,2,Yellow Box.txt,33,solved,14,284
before,2,Yellow Box.txt,35,timeout,250,4925
before,2,a clear view of the sky.txt,3,solved,41,58
before,2,a clear view of the sky.txt,6,solved,26,55
before,2,a clear view of the sky.txt,8,solved,29,60
before,2,a clear view of the sky.txt,10,solved,19,52
before,2,a clear view of the sky.txt,12,solved,34,54
before,2,a clear view of the sky.txt,14,solved,36,43
before,2,a clear view of the sky.txt,16,solved,104,185
before,2,a clear view of the sky.txt,18,timeout,250,238
before,2,a clear view of the sky.txt,20,solved,57,64
before,2,a clear view of the sky.txt,22,solved,203,235
before,2,a clear view of the sky.txt,24,timeout,250,345
before,2,a clear view of the sky.txt,26,timeout,250,86
before,2,a clear view of the sky.txt,28,timeout,252,44
before,2,a clear view of the sky.txt,30,solved,0,1
before,2,a clear view of the sky.txt,31,solved,0,1
before,2,a clear view of the sky.txt,32,solved,0,1
before,2,a clear view of the sky.txt,33,solved,0,1
before,2,a clear view of the sky.txt,34,solved,0,1
before,2,a clear view of the sky.txt,35,solved,0,1
before,2,a cliche for bedtime.txt,1,timeout,252,8445
before,2,a distant sunset.txt,1,solved,32,83
before,2,a distant sunset.txt,3,solved,0,1
before,2,a distant sunset.txt,4,solved,0,1
before,2,a distant sunset.txt,5,solved,0,1
before,2,alternatey.txt,2,solved,37,151
before,2,alternatey.txt,4,timeout,250,310
before,2,alternatey.txt,6,timeout,250,758
before,2,an ok multiban level.txt,1,timeout,252,12235
before,2,atlas shrank.txt,1,solved,1,11
before,2,atlas shrank.txt,4,solved,225,1898
before,2,atlas shrank.txt,5,solved,138,887
before,2,atlas shrank.txt,6,timeout,250,1511
before,2,atlas shrank.txt,8,timeout,250,742
before,2,atlas shrank.txt,10,solved,155,611
before,2,atlas shrank.txt,11,timeout,250,1006
before,2,atlas shrank.txt,12,timeout,250,1140
before,2,atlas shrank.txt,14,timeout,250,1034
before,2,atlas shrank.txt,15,timeout,250,369
before,2,atlas shrank.txt,16,timeout,250,323
before,2,atlas shrank.txt,17,timeout,250,777
before,2,autohurdler.txt,1,solved,21,124
before,2,autohurdler.txt,3,solved,5,35
before,2,autohurdler.txt,5,timeout,250,3121
before,2,autohurdler.txt,7,solved,43,402
before,2,big dog and little dog.txt,1,solved,241,2021
before,2,big dog and little dog.txt,3,timeout,250,1862
before,2,big dog and little dog.txt,5,timeout,250,1544
before,2,big dog and little dog.txt,7,timeout,250,1535
before,2,big dog and little dog.txt,9,timeout,250,1413
before,2,big dog and little dog.txt,11,timeout,250,774
before,2,bouncers.txt,1,timeout,252,7768
before,2,bouncers.txt,3,timeout,252,7885
before,2,bouncers.txt,5,timeout,252,7615
before,2,bouncers.txt,7,timeout,252,6672
before,2,bouncers.txt,9,timeout,252,5268
before,2,butteater.txt,1,solved,22,482
before,2,butteater.txt,3,timeout,250,4787
before,2,byyourside.txt,0,solved,1,17
before,2,byyourside.txt,1,solved,81,1231
before,2,byyourside.txt,2,solved,14,216
before,2,byyourside.txt,3,solved,1,14
before,2,byyourside.txt,4,solved,17,264
before,2,byyourside.txt,5,solved,20,299
before,2,byyourside.txt,6,solved,0,5
before,2,byyourside.txt,7,solved,1,16
before,2,byyourside.txt,8,solved,101,1709
before,2,byyourside.txt,9,solved,61,1062
before,2,cakemonsters.txt,2,solved,0,3
before,2,cakemonsters.txt,4,solved,0,10
before,2,cakemonsters.txt,7,solved,5,208
before,2,cakemonsters.txt,9,solved,7,268
before,2,cakemonsters.txt,11,solved,1,25
before,2,cakemonsters.txt,13,solved,7,275
before,2,cakemonsters.txt,14,solved,1,43
before,2,cakemonsters.txt,15,solved,6,305
before,2,cakemonsters.txt,16,solved,27,1021
before,2,cakemonsters.txt,17,solved,2,70
before,2,cakemonsters.txt,18,solved,0,10
before,2,cakemonsters.txt,20,timeout,251,7194
before,2,cakemonsters.txt,21,solved,135,3880
before,2,cakemonsters.txt,22,solved,9,326
before,2,cakemonsters.txt,24,solved,0,18
before,2,cakemonsters.txt,25,solved,0,7
before,2,cakemonsters.txt,26,solved,0,8
before,2,cakemonsters.txt,27,solved,0,9
before,2,cakemonsters.txt,28,solved,10,380
before,2,cakemonsters.txt,29,solved,7,314
before,2,cakemonsters.txt,31,solved,1,40
before,2,cakemonsters.txt,32,solved,32,1164
before,2,cakemonsters.txt,33,solved,97,3917
before,2,cakemonsters.txt,34,timeout,252,6508
before,2,cakemonsters.txt,35,solved,7,259
before,2,cakemonsters.txt,37,timeout,251,6052
before,2,cakemonsters.txt,38,solved,173,6123
before,2,cakemonsters.txt,39,solved,0,18
before,2,cakemonsters.txt,40,solved,132,4864
before,2,cakemonsters.txt,41,timeout,250,9279
before,2,cakemonsters.txt,43,solved,1,34
before,2,cakemonsters.txt,44,solved,146,5188
before,2,cakemonsters.txt,46,solved,45,1821
before,2,cakemonsters.txt,47,timeout,251,9197
before,2,cakemonsters.txt,49,solved,229,9290
before,2,cakemonsters.txt,52,timeout,251,8175
before,2,car crash.txt,1,timeout,250,42
before,2,car crash.txt,2,solved,280,0
before,2,castlecloset.txt,0,solved,151,2695
before,2,castlemouse.txt,1,solved,9,48
before,2,castlemouse.txt,3,solved,8,42
before,2,castlemouse.txt,5,solved,33,138
before,2,castlemouse.txt,7,timeout,250,1168
before,2,castlemouse.txt,9,solved,5,20
before,2,castlemouse.txt,11,timeout,250,724
before,2,castlemouse.txt,13,solved,2,6
before,2,castlemouse.txt,15,solved,6,12
before,2,castlemouse.txt,17,solved,1,3
before,2,castlemouse.txt,19,solved,4,9
before,2,chaos wizard.txt,2,solved,68,960
before,2,chaos wizard.txt,3,solved,21,293
before,2,chaos wizard.txt,4,timeout,250,3908
before,2,chaos wizard.txt,5,timeout,250,3787
before,2,chaos wizard.txt,6,timeout,250,2235
before,2,chaos wizard.txt,7,timeout,250,4004
before,2,chaos wizard.txt,8,timeout,251,3458
before,2,chaos wizard.txt,9,timeout,251,4300
before,2,chaos wizard.txt,10,timeout,250,3842
before,2,chaos wizard.txt,11,timeout,251,3815
before,2,chaos wizard.txt,12,timeout,251,3359
before,2,chaos wizard.txt,13,timeout,251,3183
before,2,chaos wizard.txt,14,timeout,251,3239
before,2,chaos wizard.txt,15,timeout,250,3566
before,2,chaos wizard.txt,16,timeout,251,4140
before,2,chaos wizard.txt,17,timeout,250,3038
before,2,chaos wizard.txt,18,timeout,250,3881
before,2,chaos wizard.txt,19,timeout,250,3687
before,2,chaos wizard.txt,20,timeout,251,2427
before,2,chaos wizard.txt,22,solved,11,65
before,2,chaos wizard.txt,24,timeout,251,1892
before,2,chaos wizard.txt,27,timeout,251,2667
before,2,coincounter.txt,0,solved,2,9
before,2,coincounter.txt,1,solved,3,22
before,2,coincounter.txt,2,solved,15,69
before,2,coincounter.txt,3,solved,17,93
before,2,coincounter.txt,4,solved,56,289
before,2,coincounter.txt,5,solved,59,287
before,2,coincounter.txt,6,solved,165,892
before,2,coincounter.txt,7,timeout,250,1527
before,2,coincounter.txt,8,solved,10,51
before,2,coincounter.txt,9,solved,2,7
before,2,coincounter.txt,10,solved,0,1
before,2,collapse.txt,2,timeout,251,134
before,2,collapse.txt,3,timeout,251,137
before,2,color chained.txt,0,solved,17,31
before,2,color chained.txt,1,solved,7,9
before,2,color chained.txt,2,timeout,250,438
before,2,color chained.txt,3,solved,95,160
before,2,color chained.txt,4,solved,75,139
before,2,color chained.txt,5,timeout,250,396
before,2,color chained.txt,6,timeout,250,392
before,2,color chained.txt,7,timeout,250,329
before,2,color chained.txt,8,timeout,250,321
before,2,color chained.txt,9,timeout,250,294
before,2,color chained.txt,10,timeout,250,340
before,2,color chained.txt,14,timeout,250,295
before,2,constellationz.txt,0,solved,0,5
before,2,constellationz.txt,1,solved,0,5
before,2,constellationz.txt,2,solved,5,72
before,2,constellationz.txt,3,solved,1,10
before,2,constellationz.txt,4,solved,9,124
before,2,constellationz.txt,5,solved,8,28
before,2,constellationz.txt,6,solved,193,1718
before,2,constellationz.txt,7,solved,189,1466
before,2,constellationz.txt,8,timeout,250,3364
before,2,constellationz.txt,9,timeout,251,2045
before,2,constellationz.txt,10,timeout,251,3198
before,2,cooperacing.txt,3,timeout,251,2993
before,2,cooperacing.txt,5,timeout,250,3333
before,2,cooperacing.txt,8,timeout,250,3557
before,2,cooperacing.txt,10,timeout,250,3544
before,2,crate guardian.txt,1,timeout,250,4970
before,2,crate guardian.txt,3,solved,87,1913
before,2,crate guardian.txt,5,timeout,250,5554
before,2,crate guardian.txt,7,timeout,250,5835
before,2,crate guardian.txt,9,timeout,250,4720
before,2,crate guardian.txt,11,timeout,250,4962
before,2,crate swap.txt,1,solved,19,1202
before,2,crate swap.txt,3,solved,10,714
before,2,crate swap.txt,5,solved,26,1659
before,2,crate swap.txt,7,solved,28,1732
before,2,crate swap.txt,9,solved,40,2606
before,2,crate swap.txt,11,solved,48,3024
before,2,crate swap.txt,13,solved,42,2569
before,2,crate swap.txt,15,solved,29,1789
before,2,cratopia.txt,2,solved,5,70
before,2,cratopia.txt,3,timeout,250,2686
before,2,cratopia.txt,5,solved,62,764
before,2,cratopia.txt,9,timeout,250,1941
before,2,cratopia.txt,11,timeout,250,3567
before,2,cratopia.txt,12,timeout,250,3080
before,2,cratopia.txt,13,timeout,250,1581
before,2,cratopia.txt,14,timeout,250,2724
before,2,cratopia.txt,15,timeout,250,2739
before,2,cratopia.txt,16,timeout,250,2620
before,2,cratopia.txt,17,timeout,250,3402
before,2,cratopia.txt,18,timeout,250,3166
before,2,cratopia.txt,19,timeout,250,2896
before,2,cratopia.txt,20,solved,25,31
before,2,cratopia.txt,21,solved,41,0
before,2,cratopia.txt,22,solved,35,0
before,2,cratopia.txt,23,solved,42,0
before,2,cute train.txt,1,timeout,251,71
before,2,der hydra krypta.txt,1,solved,43,21
before,2,der hydra krypta.txt,3,timeout,250,90
before,2,der hydra krypta.txt,5,timeout,250,99
before,2,der hydra krypta.txt,7,timeout,251,61
before,2,der hydra krypta.txt,9,timeout,250,73
before,2,der hydra krypta.txt,11,timeout,250,83
before,2,der hydra krypta.txt,13,solved,0,1
before,2,dice goblin.txt,3,timeout,250,581
before,2,die schoene steinmetzin.txt,1,timeout,250,1268
before,2,die schoene steinmetzin.txt,3,timeout,250,1223
before,2,die schoene steinmetzin.txt,5,timeout,250,1298
before,2,die schoene steinmetzin.txt,7,timeout,250,1276
before,2,die schoene steinmetzin.txt,9,timeout,250,1523
before,2,die schoene steinmetzin.txt,11,timeout,250,964
before,2,die schoene steinmetzin.txt,13,timeout,250,936
before,2,die schoene steinmetzin.txt,15,timeout,250,879
before,2,die schoene steinmetzin.txt,16,exhausted,0,1
before,2,diesinthelight.txt,0,solved,15,94
before,2,diesinthelight.txt,1,solved,117,432
before,2,diesinthelight.txt,2,timeout,250,738
before,2,diesinthelight.txt,3,timeout,250,706
before,2,dollyban.txt,1,solved,100,3182
before,2,dollyban.txt,3,solved,103,3417
before,2,dollyban.txt,5,timeout,250,9172
before,2,dollyban.txt,7,timeout,250,9263
before,2,dollyban.txt,9,timeout,250,9206
before,2,dollyban.txt,11,timeout,250,8151
before,2,dollyban.txt,13,solved,176,5653
before,2,dollyban.txt,15,timeout,250,8077
before,2,dollyban.txt,17,timeout,250,7997
before,2,dollyban.txt,19,timeout,250,8377
before,2,dollyban.txt,21,timeout,250,7664
before,2,dollyban.txt,23,timeout,250,8294
before,2,dollyban.txt,25,timeout,250,7111
before,2,dollyban.txt,27,timeout,250,8225
before,2,dollyban.txt,29,timeout,250,6756
before,2,dreizack.txt,1,timeout,250,114
before,2,dreizack.txt,3,timeout,250,113
before,2,dreizack.txt,5,timeout,250,105
before,2,dreizack.txt,6,solved,1,9
before,2,dreizack.txt,7,solved,0,1
before,2,dropswap.txt,3,solved,124,1246
before,2,dropswap.txt,5,solved,108,831
before,2,dropswap.txt,8,timeout,250,1161
before,2,dropswap.txt,12,solved,101,728
before,2,dropswap.txt,14,timeout,250,1218
before,2,dungeon janitor.txt,2,solved,1,22
before,2,dungeon janitor.txt,4,timeout,250,2542
before,2,dungeon janitor.txt,6,timeout,250,1934
before,2,dungeon janitor.txt,9,timeout,250,1142
before,2,easyenigma.txt,0,solved,2,5
before,2,easyenigma.txt,1,solved,0,1
before,2,easyenigma.txt,2,solved,141,455
before,2,easyenigma.txt,3,solved,1,2
before,2,easyenigma.txt,4,solved,0,2
before,2,easyenigma.txt,5,solved,208,363
before,2,easyenigma.txt,6,solved,2,5
before,2,easyenigma.txt,7,solved,3,7
before,2,easyenigma.txt,8,solved,79,99
before,2,easyenigma.txt,9,solved,4,1
before,2,easyenigma.txt,10,solved,9,2
before,2,easyenigma.txt,11,timeout,252,537
before,2,easyenigma.txt,12,solved,11,2
before,2,easyenigma.txt,13,solved,6,13
before,2,easyenigma.txt,14,solved,1,1
before,2,easyenigma.txt,15,solved,3,5
before,2,easyenigma.txt,16,timeout,250,334
before,2,easyenigma.txt,17,timeout,290,1
before,2,easyenigma.txt,18,solved,2,2
before,2,easyenigma.txt,19,timeout,250,117
before,2,easyenigma.txt,20,timeout,251,226
before,2,ecosystem generator.txt,1,timeout,250,1228
before,2,expand also avoid the flames.txt,1,timeout,264,110
before,2,fickle fred.txt,1,solved,4,226
before,2,fickle fred.txt,3,solved,27,1408
before,2,fickle fred.txt,5,timeout,250,10795
before,2,fickle fred.txt,7,solved,69,3331
before,2,fickle fred.txt,9,solved,11,563
before,2,flesh-handed hot casserole delivery bot.txt,1,solved,3,272
before,2,flesh-handed hot casserole delivery bot.txt,2,solved,10,878
before,2,flesh-handed hot casserole delivery bot.txt,4,timeout,251,16573
before,2,flesh-handed hot casserole delivery bot.txt,6,timeout,252,16715
before,2,flesh-handed hot casserole delivery bot.txt,8,solved,21,1546
before,2,flesh-handed hot casserole delivery bot.txt,10,solved,243,13570
before,2,flesh-handed hot casserole delivery bot.txt,12,solved,29,1923
before,2,flesh-handed hot casserole delivery bot.txt,14,solved,64,4331
before,2,flesh-handed hot casserole delivery bot.txt,16,solved,193,13080
before,2,flesh-handed hot casserole delivery bot.txt,18,timeout,251,15944
before,2,gabelstapler.txt,1,solved,140,936
before,2,gabelstapler.txt,3,timeout,250,1102
before,2,gabelstapler.txt,5,timeout,250,973
before,2,gapfiller.txt,1,solved,14,383
before,2,gapfiller.txt,3,solved,215,4611
before,2,gapfiller.txt,5,solved,12,404
before,2,gapfiller.txt,7,solved,46,1441
before,2,gapfiller.txt,9,solved,2,76
before,2,gapfiller.txt,11,timeout,250,5941
before,2,gapfiller.txt,13,solved,11,332
before,2,gapfiller.txt,15,solved,3,87
before,2,gapfiller.txt,17,solved,135,3993
before,2,gapfiller.txt,19,timeout,250,4419
before,2,gem soketeer.txt,1,solved,189,563
before,2,gem soketeer.txt,3,solved,80,345
before,2,gem soketeer.txt,5,solved,37,111
before,2,gem soketeer.txt,7,solved,32,127
before,2,gem soketeer.txt,9,solved,172,719
before,2,gem soketeer.txt,11,solved,11,53
before,2,gem soketeer.txt,13,timeout,250,692
before,2,gem soketeer.txt,15,timeout,250,659
before,2,gem soketeer.txt,17,timeout,250,595
before,2,gem soketeer.txt,19,timeout,250,735
before,2,gem soketeer.txt,21,timeout,250,666
before,2,gem soketeer.txt,23,timeout,250,635
before,2,gem soketeer.txt,25,timeout,250,1161
before,2,gem soketeer.txt,27,timeout,250,778
before,2,gem soketeer.txt,29,timeout,250,1313
before,2,gem soketeer.txt,31,timeout,250,1222
before,2,gem soketeer.txt,33,timeout,250,1319
before,2,gobble_rush.txt,0,solved,1,11
before,2,gobble_rush.txt,1,solved,2,42
before,2,gobble_rush.txt,2,solved,8,121
before,2,gobble_rush.txt,3,solved,81,926
before,2,gobble_rush.txt,4,solved,5,92
before,2,gobble_rush.txt,5,solved,16,259
before,2,gobble_rush.txt,6,solved,19,257
before,2,gobble_rush.txt,7,solved,20,257
before,2,gobble_rush.txt,8,solved,18,253
before,2,gobble_rush.txt,9,solved,43,575
before,2,gobble_rush.txt,10,solved,19,174
before,2,gobble_rush.txt,11,solved,20,225
before,2,gobble_rush.txt,12,solved,26,192
before,2,gobble_rush.txt,13,solved,7,92
before,2,gobble_rush.txt,14,solved,16,222
before,2,gobble_rush.txt,15,solved,3,34
before,2,gobble_rush.txt,16,solved,29,403
before,2,gobble_rush.txt,17,solved,19,264
before,2,gobble_rush.txt,18,solved,36,436
before,2,gobble_rush.txt,19,solved,114,1386
before,2,gobble_rush.txt,20,solved,0,4
before,2,hairtug.txt,1,solved,10,65
before,2,hairtug.txt,4,timeout,250,1533
before,2,hairtug.txt,7,timeout,250,1043
before,2,hairtug.txt,10,timeout,250,1650
before,2,hairtug.txt,13,timeout,250,1363
before,2,head skuller.txt,1,solved,13,717
before,2,head skuller.txt,3,solved,118,6231
before,2,head skuller.txt,5,timeout,251,11436
before,2,head skuller.txt,7,solved,75,3927
before,2,head skuller.txt,9,timeout,251,11762
before,2,head skuller.txt,11,timeout,251,11434
before,2,head skuller.txt,13,solved,0,1
before,2,hedgehog stimulator.txt,1,timeout,250,2479
before,2,hedgehog stimulator.txt,3,timeout,250,2526
before,2,hedgehog stimulator.txt,5,timeout,250,2661
before,2,hedgehog stimulator.txt,7,timeout,250,2520
before,2,hedgehog stimulator.txt,9,timeout,250,2082
before,2,hedgehog stimulator.txt,11,timeout,250,2538
before,2,hedgehog stimulator.txt,13,timeout,250,2014
before,2,hedgehog stimulator.txt,15,timeout,250,2045
before,2,hedgehog stimulator.txt,17,timeout,250,1882
before,2,hedgehog stimulator.txt,19,timeout,250,2059
before,2,hedgehog stimulator.txt,21,timeout,250,2059
before,2,hedgehog stimulator.txt,23,timeout,250,1977
before,2,heroes_of_sokoban.txt,1,solved,0,8
before,2,heroes_of_sokoban.txt,3,solved,13,587
before,2,heroes_of_sokoban.txt,5,solved,0,26
before,2,heroes_of_sokoban.txt,7,timeout,250,8038
before,2,heroes_of_sokoban.txt,9,solved,2,55
before,2,heroes_of_sokoban.txt,10,timeout,250,7898
before,2,heroes_of_sokoban.txt,11,solved,6,257
before,2,heroes_of_sokoban.txt,13,solved,116,2751
before,2,heroes_of_sokoban.txt,14,timeout,250,6322
before,2,heroes_of_sokoban.txt,15,solved,0,17
before,2,heroes_of_sokoban.txt,17,solved,24,372
before,2,heroes_of_sokoban.txt,19,timeout,250,5834
before,2,heroes_of_sokoban.txt,20,timeout,251,5621
before,2,heroes_of_sokoban.txt,21,timeout,251,3733
before,2,heroes_of_sokoban.txt,22,solved,15,361
before,2,heroes_of_sokoban.txt,23,solved,178,5422
before,2,heroes_of_sokoban.txt,24,timeout,251,7037
before,2,heroes_of_sokoban.txt,25,timeout,251,5869
before,2,heroes_of_sokoban.txt,26,timeout,251,8577
before,2,heroes_of_sokoban.txt,27,solved,2,77
before,2,heroes_of_sokoban.txt,28,timeout,250,5567
before,2,heroes_of_sokoban.txt,29,solved,0,10
before,2,heroes_of_sokoban_2.txt,3,timeout,250,2762
before,2,heroes_of_sokoban_2.txt,5,solved,2,35
before,2,heroes_of_sokoban_2.txt,6,solved,2,32
before,2,heroes_of_sokoban_2.txt,8,timeout,251,5561
before,2,heroes_of_sokoban_2.txt,10,solved,6,73
before,2,heroes_of_sokoban_2.txt,12,timeout,250,2529
before,2,heroes_of_sokoban_2.txt,13,timeout,251,234
before,2,heroes_of_sokoban_2.txt,15,solved,18,52
before,2,heroes_of_sokoban_2.txt,17,timeout,250,3500
before,2,heroes_of_sokoban_2.txt,19,timeout,250,3804
before,2,heroes_of_sokoban_2.txt,20,timeout,250,3717
before,2,heroes_of_sokoban_2.txt,21,timeout,250,3860
before,2,heroes_of_sokoban_2.txt,23,solved,2,21
before,2,heroes_of_sokoban_2.txt,24,solved,183,153
before,2,heroes_of_sokoban_2.txt,26,timeout,251,186
before,2,heroes_of_sokoban_2.txt,27,timeout,250,1929
before,2,heroes_of_sokoban_2.txt,28,timeout,251,210
before,2,heroes_of_sokoban_2.txt,29,timeout,250,2086
before,2,heroes_of_sokoban_2.txt,30,timeout,250,2768
before,2,heroes_of_sokoban_2.txt,31,timeout,250,3312
before,2,heroes_of_sokoban_2.txt,32,timeout,250,3735
before,2,heroes_of_sokoban_2.txt,34,timeout,250,2138
before,2,heroes_of_sokoban_3.txt,3,timeout,251,3384
before,2,heroes_of_sokoban_3.txt,5,solved,36,324
before,2,heroes_of_sokoban_3.txt,6,solved,10,84
before,2,heroes_of_sokoban_3.txt,8,solved,15,114
before,2,heroes_of_sokoban_3.txt,10,timeout,250,3105
before,2,heroes_of_sokoban_3.txt,11,solved,127,1649
before,2,heroes_of_sokoban_3.txt,12,solved,31,393
before,2,heroes_of_sokoban_3.txt,13,timeout,250,2750
before,2,heroes_of_sokoban_3.txt,14,timeout,250,3109
before,2,heroes_of_sokoban_3.txt,16,timeout,250,6747
before,2,heroes_of_sokoban_3.txt,17,timeout,250,4960
before,2,heroes_of_sokoban_3.txt,18,timeout,250,4892
before,2,heroes_of_sokoban_3.txt,21,timeout,250,3882
before,2,heroes_of_sokoban_3.txt,22,timeout,250,2445
before,2,heroes_of_sokoban_3.txt,23,timeout,250,7593
before,2,heroes_of_sokoban_3.txt,24,timeout,250,2778
before,2,heroes_of_sokoban_3.txt,25,timeout,251,2545
before,2,heroes_of_sokoban_3.txt,26,timeout,250,3882
before,2,heroes_of_sokoban_3.txt,27,timeout,250,2646
before,2,heroes_of_sokoban_3.txt,28,timeout,250,3370
before,2,heroes_of_sokoban_3.txt,30,timeout,251,2439
before,2,heroes_of_sokoban_3.txt,31,solved,43,530
before,2,hungry kraken.txt,1,timeout,250,1073
before,2,hungry kraken.txt,3,exhausted,0,1
before,2,i am a gust of wind.txt,1,solved,1,76
before,2,i am a gust of wind.txt,3,solved,7,383
before,2,i am a gust of wind.txt,5,solved,5,245
before,2,i am a gust of wind.txt,7,timeout,250,14724
before,2,i sure look tasty.txt,1,timeout,250,120
before,2,i want to grind myself into dust.txt,1,timeout,250,1652
before,2,i want to grind myself into dust.txt,3,timeout,250,928
before,2,i want to grind myself into dust.txt,5,timeout,250,359
before,2,icecrates.txt,1,solved,0,6
before,2,icecrates.txt,3,solved,1,9
before,2,icecrates.txt,5,solved,5,53
before,2,icecrates.txt,7,solved,102,930
before,2,icecrates.txt,9,solved,33,219
before,2,icecrates.txt,11,timeout,250,1481
before,2,impossible.txt,0,exhausted,0,1
before,2,it dies in the light.txt,0,solved,15,94
before,2,it dies in the light.txt,1,solved,113,432
before,2,it dies in the light.txt,2,timeout,250,678
before,2,it dies in the light.txt,3,timeout,250,642
before,2,karamell.txt,1,timeout,250,384
before,2,karamell.txt,3,timeout,250,266
before,2,karamell.txt,5,timeout,250,192
before,2,karamell.txt,7,solved,0,1
before,2,kettle.txt,1,solved,2,26
before,2,kettle.txt,4,solved,0,3
before,2,kettle.txt,7,solved,0,3
before,2,kettle.txt,10,solved,2,27
before,2,kettle.txt,13,solved,11,97
before,2,kettle.txt,16,solved,3,26
before,2,kettle.txt,19,solved,63,473
before,2,kettle.txt,22,solved,64,353
before,2,kettle.txt,25,timeout,250,1510
before,2,kettle.txt,28,timeout,250,1508
before,2,kettle.txt,31,timeout,250,1230
before,2,kishoutenketsu.txt,2,solved,23,320
before,2,kishoutenketsu.txt,5,timeout,250,4078
before,2,kishoutenketsu.txt,8,solved,2,41
before,2,kishoutenketsu.txt,11,timeout,250,594
before,2,konsum.txt,1,timeout,250,1741
before,2,kreiseln.txt,1,solved,25,292
before,2,kreiseln.txt,3,timeout,250,4016
before,2,kreiseln.txt,5,timeout,250,2638
before,2,kreiseln.txt,7,timeout,250,2314
before,2,kreiseln.txt,9,timeout,250,1995
before,2,led challenge.txt,1,timeout,250,3287
before,2,led challenge.txt,3,timeout,250,4562
before,2,led challenge.txt,5,timeout,250,3770
before,2,led challenge.txt,7,timeout,250,835
before,2,ledchallenge.txt,1,timeout,250,3567
before,2,ledchallenge.txt,3,timeout,250,4370
before,2,ledchallenge.txt,5,timeout,250,4175
before,2,ledchallenge.txt,7,timeout,250,879
before,2,legend of zokoban.txt,0,timeout,250,1771
before,2,limerick.txt,1,solved,3,41
before,2,limerick.txt,3,solved,172,2800
before,2,limerick.txt,5,timeout,250,5249
before,2,limerick.txt,7,solved,13,264
before,2,limerick.txt,9,solved,85,1490
before,2,limerick.txt,11,solved,17,296
before,2,limerick.txt,13,timeout,250,5149
before,2,limerick.txt,15,timeout,250,4849
before,2,limerick.txt,17,solved,52,821
before,2,limerick.txt,19,timeout,250,5271
before,2,m c eschers armageddon.txt,0,solved,0,11
before,2,m c eschers armageddon.txt,1,solved,0,4
before,2,m c eschers armageddon.txt,2,solved,0,12
before,2,m c eschers armageddon.txt,3,solved,36,284
before,2,make way.txt,1,timeout,251,10020
before,2,make way.txt,3,solved,76,3331
before,2,manic_ammo.txt,1,solved,0,9
before,2,manic_ammo.txt,3,solved,0,9
before,2,manic_ammo.txt,5,solved,1,71
before,2,manic_ammo.txt,8,solved,0,9
before,2,manic_ammo.txt,10,solved,162,6607
before,2,manic_ammo.txt,12,solved,4,99
before,2,manic_ammo.txt,14,timeout,250,5129
before,2,manic_ammo.txt,16,solved,75,3210
before,2,manic_ammo.txt,18,solved,1,12
before,2,manic_ammo.txt,20,timeout,250,7127
before,2,manic_ammo.txt,22,solved,60,163
before,2,manic_ammo.txt,24,timeout,250,4194
before,2,manic_ammo.txt,26,timeout,250,1195
before,2,manic_ammo.txt,28,timeout,250,785
before,2,manic_ammo.txt,30,timeout,250,3520
before,2,match three billiards.txt,1,solved,0,4
before,2,match three billiards.txt,3,solved,22,451
before,2,match three billiards.txt,5,solved,36,563
before,2,mazezam.txt,1,solved,1,48
before,2,mazezam.txt,3,solved,2,134
before,2,mazezam.txt,5,solved,5,210
before,2,mazezam.txt,7,solved,12,534
before,2,mazezam.txt,9,solved,14,662
before,2,mazezam.txt,11,solved,12,501
before,2,mazezam.txt,13,solved,26,1121
before,2,mazezam.txt,15,solved,19,763
before,2,mazezam.txt,17,solved,17,709
before,2,mazezam.txt,19,solved,177,3882
before,2,mazezam.txt,21,solved,37,1424
before,2,mazezam.txt,23,timeout,250,6133
before,2,mazezam.txt,25,solved,78,3165
before,2,mazezam.txt,27,solved,69,2557
before,2,mazezam.txt,29,solved,225,8022
before,2,mazezam.txt,31,solved,32,932
before,2,mazezam.txt,33,solved,31,1333
before,2,mazezam.txt,35,timeout,250,6943
before,2,mazezam.txt,37,solved,33,1095
before,2,mazezam.txt,39,solved,128,2661
before,2,mazezam.txt,41,solved,54,1924
before,2,mazezam.txt,43,solved,102,3247
before,2,mazezam.txt,45,solved,62,1874
before,2,mazezam.txt,47,solved,145,5229
before,2,mazezam.txt,49,timeout,250,6126
before,2,mazezam.txt,51,solved,72,2701
before,2,mazezam.txt,53,timeout,250,5841
before,2,mazezam.txt,55,timeout,250,7564
before,2,mazezam.txt,57,timeout,250,6078
before,2,mazezam.txt,59,timeout,251,7799
before,2,message_skip.txt,1,solved,0,1
before,2,midas.txt,0,solved,6,105
before,2,midas.txt,2,solved,21,318
before,2,midas.txt,4,solved,18,285
before,2,midas.txt,6,solved,36,681
before,2,midas.txt,8,timeout,250,3478
before,2,midas.txt,11,timeout,250,2527
before,2,midas.txt,13,timeout,250,2986
before,2,midas.txt,15,timeout,250,2714
before,2,midas.txt,17,timeout,250,2425
before,2,midas.txt,19,timeout,250,2334
before,2,midas.txt,21,timeout,251,2277
before,2,midas.txt,23,timeout,250,2887
before,2,midas.txt,25,solved,136,1609
before,2,midas.txt,27,timeout,250,2380
before,2,midas.txt,29,timeout,250,2472
before,2,moved by leaves of grass.txt,1,timeout,250,276
before,2,multi_level.txt,0,solved,0,1
before,2,multi_level.txt,1,solved,0,1
before,2,newton.txt,1,timeout,251,6300
before,2,newton.txt,3,timeout,250,6498
before,2,newton.txt,5,timeout,250,7593
before,2,no don't eat that.txt,1,timeout,250,33
before,2,no don't eat that.txt,3,timeout,250,32
before,2,no don't eat that.txt,5,timeout,250,20
before,2,no don't eat that.txt,7,timeout,252,18
before,2,no don't eat that.txt,9,timeout,250,27
before,2,no don't eat that.txt,11,timeout,251,10
before,2,no don't eat that.txt,13,timeout,255,11
before,2,no don't eat that.txt,15,timeout,251,10
before,2,no forbidden symbols 2.txt,1,timeout,250,6282
before,2,no forbidden symbols.txt,1,timeout,251,12050
before,2,no heroes necessary.txt,1,solved,17,176
before,2,no heroes necessary.txt,3,solved,7,53
before,2,no heroes necessary.txt,5,solved,30,237
before,2,no heroes necessary.txt,7,solved,8,54
before,2,no heroes necessary.txt,9,solved,154,695
before,2,oh no i accidentally swallowed myself.txt,1,timeout,250,122
before,2,oh no i accidentally swallowed myself.txt,2,solved,0,1
before,2,oh no i accidentally swallowed myself.txt,3,solved,0,1
before,2,oh no i accidentally swallowed myself.txt,4,solved,0,1
before,2,one_move.txt,0,solved,0,1
before,2,paint everything everywhere.txt,1,solved,12,28
before,2,paint everything everywhere.txt,3,solved,39,104
before,2,paint everything everywhere.txt,5,solved,54,20
before,2,paint everything everywhere.txt,7,solved,132,55
before,2,paint everything everywhere.txt,9,timeout,250,84
before,2,paint everything everywhere.txt,11,solved,157,129
before,2,paint everything everywhere.txt,13,solved,69,76
before,2,paint everything everywhere.txt,15,solved,65,44
before,2,paint everything everywhere.txt,17,timeout,250,28
before,2,paint everything everywhere.txt,19,solved,28,46
before,2,paint everything everywhere.txt,21,solved,120,110
before,2,paint everything everywhere.txt,23,solved,97,50
before,2,paint everything everywhere.txt,25,solved,176,99
before,2,paint everything everywhere.txt,27,solved,236,81
before,2,paint everything everywhere.txt,29,solved,231,102
before,2,paint everything everywhere.txt,31,solved,177,66
before,2,paint everything everywhere.txt,33,solved,91,51
before,2,paint everything everywhere.txt,35,solved,167,57
before,2,paint everything everywhere.txt,37,timeout,250,433
before,2,paint everything everywhere.txt,39,timeout,253,40
before,2,participating in society.txt,2,timeout,251,1437
before,2,pipe puffer.txt,2,timeout,250,3614
before,2,pipe puffer.txt,4,solved,51,589
before,2,pipe puffer.txt,6,timeout,250,1874
before,2,pipe puffer.txt,8,timeout,250,1635
before,2,pipe puffer.txt,10,timeout,250,2592
before,2,pipe puffer.txt,12,timeout,250,1674
before,2,pipe puffer.txt,14,timeout,250,1976
before,2,pipe puffer.txt,16,solved,13,73
before,2,ponies jumping synchronously.txt,0,solved,0,8
before,2,ponies jumping synchronously.txt,2,solved,0,9
before,2,ponies jumping synchronously.txt,4,solved,0,7
before,2,ponies jumping synchronously.txt,6,solved,0,9
before,2,ponies jumping synchronously.txt,8,solved,1,29
before,2,ponies jumping synchronously.txt,10,solved,16,388
before,2,ponies jumping synchronously.txt,12,solved,0,8
before,2,ponies jumping synchronously.txt,14,solved,14,283
before,2,ponies jumping synchronously.txt,17,timeout,250,2687
before,2,ponies jumping synchronously.txt,19,solved,16,265
before,2,ponies jumping synchronously.txt,21,timeout,250,2933
before,2,ponies jumping synchronously.txt,23,timeout,250,1933
before,2,pupush.txt,1,timeout,250,5789
before,2,push pull.txt,1,solved,5,285
before,2,push pull.txt,3,solved,4,236
before,2,push pull.txt,5,solved,16,876
before,2,push.txt,1,solved,0,6
before,2,push.txt,3,solved,0,13
before,2,push.txt,5,solved,17,566
before,2,push.txt,7,solved,4,110
before,2,push.txt,9,solved,7,243
before,2,push.txt,11,solved,33,884
before,2,push.txt,13,solved,29,663
before,2,push.txt,15,timeout,250,4056
before,2,push.txt,17,timeout,250,4478
before,2,push.txt,19,timeout,250,4584
before,2,push.txt,21,solved,180,3306
before,2,push.txt,23,solved,3,78
before,2,push.txt,25,solved,189,3950
before,2,push.txt,27,timeout,251,4677
before,2,push.txt,29,timeout,250,4363
before,2,push.txt,31,solved,87,2397
before,2,push.txt,33,timeout,250,2938
before,2,push.txt,35,timeout,250,2721
before,2,push.txt,37,solved,2,52
before,2,push.txt,39,timeout,250,5225
before,2,push.txt,40,solved,0,4
before,2,pushit.txt,1,solved,107,5171
before,2,pushit.txt,3,timeout,251,6926
before,2,pushit.txt,5,timeout,250,14032
before,2,pushit.txt,7,timeout,250,15282
before,2,puzzles.txt,0,timeout,250,1101
before,2,realtime dog mountain rescue.txt,1,timeout,250,617
before,2,realtime dog mountain rescue.txt,4,timeout,250,554
before,2,realtime dog mountain rescue.txt,7,timeout,250,357
before,2,riverpuzzle.txt,0,timeout,251,25
before,2,robot arm.txt,3,timeout,250,844
before,2,robot arm.txt,5,timeout,261,34
before,2,robot arm.txt,7,timeout,250,884
before,2,robotarm.txt,3,timeout,250,905
before,2,robotarm.txt,5,timeout,260,34
before,2,robotarm.txt,7,timeout,250,946
before,2,sacrament of the river god.txt,1,timeout,250,641
before,2,sacrament of the river god.txt,3,timeout,250,177
before,2,sacrament of the river god.txt,5,timeout,250,558
before,2,sacrament of the river god.txt,7,timeout,250,484
before,2,sacrament of the river god.txt,9,timeout,250,722
before,2,sacrament of the river god.txt,11,timeout,250,121
before,2,sacrament of the river god.txt,13,solved,3,12
before,2,seize the flag.txt,1,timeout,250,686
before,2,seize the flag.txt,3,solved,0,1
before,2,short adventure in sticky wall land.txt,1,timeout,250,1097
before,2,short adventure in sticky wall land.txt,3,timeout,250,867
before,2,short adventure in sticky wall land.txt,5,timeout,250,1089
before,2,shy snake.txt,1,solved,77,95
before,2,shy snake.txt,3,timeout,251,78
before,2,shy snake.txt,5,timeout,250,74
before,2,slide pull.txt,1,solved,36,1388
before,2,slide pull.txt,3,solved,12,573
before,2,slide pull.txt,5,solved,54,2583
before,2,slide pull.txt,7,timeout,251,10850
before,2,slide pull.txt,9,solved,13,782
before,2,slide pull.txt,11,timeout,251,9527
before,2,slide pull.txt,13,solved,176,6725
before,2,slidings.txt,1,solved,1,39
before,2,slidings.txt,3,solved,0,18
before,2,slidings.txt,5,solved,1,38
before,2,slidings.txt,7,solved,2,82
before,2,slidings.txt,9,solved,7,234
before,2,slidings.txt,11,timeout,250,5736
before,2,slidings.txt,13,solved,180,5247
before,2,slidings.txt,15,solved,181,6209
before,2,slidings.txt,17,timeout,250,6863
before,2,slidings.txt,19,solved,75,1895
before,2,slidings.txt,21,solved,101,2959
before,2,slime vat filler.txt,2,solved,4,229
before,2,slime vat filler.txt,4,solved,0,39
before,2,slime vat filler.txt,6,solved,2,125
before,2,slime vat filler.txt,8,solved,1,89
before,2,slime vat filler.txt,10,solved,2,127
before,2,slime vat filler.txt,12,solved,158,7121
before,2,slime vat filler.txt,14,solved,15,550
before,2,slime vat filler.txt,16,timeout,250,9111
before,2,slime vat filler.txt,18,solved,152,5783
before,2,slime vat filler.txt,21,solved,57,3131
before,2,slime vat filler.txt,23,solved,0,1
before,2,slot machine.txt,1,solved,152,620
before,2,slot machine.txt,3,timeout,250,895
before,2,smother.txt,2,solved,22,265
before,2,smother.txt,4,solved,24,499
before,2,smother.txt,6,solved,40,765
before,2,smother.txt,8,solved,56,415
before,2,smother.txt,10,solved,131,781
before,2,smother.txt,14,solved,0,6
before,2,smother.txt,16,solved,0,32
before,2,smother.txt,18,solved,1,36
before,2,smother.txt,20,solved,10,276
before,2,smother.txt,22,solved,12,334
before,2,smother.txt,26,solved,40,536
before,2,smother.txt,28,solved,182,1909
before,2,smother.txt,30,solved,25,317
before,2,smother.txt,32,timeout,250,501
before,2,smother.txt,34,timeout,250,1741
before,2,smother.txt,37,solved,0,4
before,2,snkaey makes a sixy.txt,0,timeout,250,3021
before,2,snkaey makes a sixy.txt,2,exhausted,0,1
before,2,snortal.txt,0,timeout,250,4607
before,2,sok7.txt,0,timeout,250,919
before,2,sokobansokobansokoban.txt,1,timeout,250,6137
before,2,sokobond demake.txt,2,solved,2,38
before,2,sokobond demake.txt,4,solved,0,18
before,2,sokobond demake.txt,6,solved,0,16
before,2,sokobond demake.txt,8,solved,1,20
before,2,sokobond demake.txt,10,solved,3,64
before,2,sokobond demake.txt,12,solved,2,49
before,2,sokobond demake.txt,14,solved,18,300
before,2,sokobond demake.txt,16,solved,5,81
before,2,sokobond demake.txt,18,solved,53,830
before,2,sokobond demake.txt,20,solved,41,748
before,2,sokobond demake.txt,22,solved,28,588
before,2,sokobond demake.txt,24,timeout,250,3623
before,2,sokobond demake.txt,26,solved,29,615
before,2,sokobond demake.txt,28,timeout,251,4450
before,2,sokobond demake.txt,30,timeout,251,5676
before,2,sokogoban.txt,2,timeout,250,656
before,2,sokogoban.txt,4,timeout,250,391
before,2,sokogoban.txt,6,timeout,250,231
before,2,stick_candy_puzzle_saga.txt,1,solved,147,2971
before,2,stick_candy_puzzle_saga.txt,2,timeout,250,4694
before,2,stick_candy_puzzle_saga.txt,4,timeout,250,3079
before,2,stick_candy_puzzle_saga.txt,5,timeout,250,2506
before,2,stick_candy_puzzle_saga.txt,6,timeout,250,3321
before,2,stick_candy_puzzle_saga.txt,7,timeout,250,2592
before,2,stick_candy_puzzle_saga.txt,8,timeout,250,1616
before,2,stick_candy_puzzle_saga.txt,9,timeout,250,2746
before,2,stick_candy_puzzle_saga.txt,10,timeout,250,1930
before,2,stick_candy_puzzle_saga.txt,11,timeout,250,2964
before,2,stick_candy_puzzle_saga.txt,12,timeout,250,2317
before,2,stick_candy_puzzle_saga.txt,13,timeout,250,2323
before,2,stick_candy_puzzle_saga.txt,14,timeout,250,3056
before,2,stick_candy_puzzle_saga.txt,15,timeout,250,3025
before,2,stick_candy_puzzle_saga.txt,16,timeout,250,3007
before,2,stick_candy_puzzle_saga.txt,17,timeout,250,2561
before,2,stick_candy_puzzle_saga.txt,18,timeout,250,2960
before,2,stick_candy_puzzle_saga.txt,19,timeout,250,2174
before,2,stick_candy_puzzle_saga.txt,20,timeout,250,2412
before,2,stick_candy_puzzle_saga.txt,21,timeout,251,1551
before,2,sum three horizontally to 8.txt,4,solved,4,15
before,2,sum three horizontally to 8.txt,6,solved,4,8
before,2,sum three horizontally to 8.txt,8,solved,2,6
before,2,sum three horizontally to 8.txt,10,solved,4,13
before,2,sum three horizontally to 8.txt,13,solved,5,26
before,2,sum three horizontally to 8.txt,15,solved,86,473
before,2,sum three horizontally to 8.txt,17,solved,5,19
before,2,sum three horizontally to 8.txt,19,solved,15,109
before,2,sum three horizontally to 8.txt,22,solved,84,623
before,2,sum three horizontally to 8.txt,24,solved,14,107
before,2,sum three horizontally to 8.txt,26,solved,56,415
before,2,sum three horizontally to 8.txt,28,solved,35,304
before,2,sum three horizontally to 8.txt,31,timeout,250,313
before,2,take heart lass.txt,1,solved,0,3
before,2,take heart lass.txt,3,solved,5,25
before,2,take heart lass.txt,5,solved,2,8
before,2,take heart lass.txt,7,solved,4,28
before,2,take heart lass.txt,9,solved,240,1256
before,2,take heart lass.txt,11,solved,29,120
before,2,take heart lass.txt,13,solved,82,361
before,2,take heart lass.txt,15,timeout,250,1188
before,2,take heart lass.txt,17,solved,12,49
before,2,take heart lass.txt,19,solved,116,512
before,2,take heart lass.txt,21,solved,170,761
before,2,take heart lass.txt,23,timeout,250,787
before,2,talo pipi 2.txt,1,timeout,250,1008
before,2,talo pipi 2.txt,3,timeout,250,1673
before,2,talo pipi 2.txt,5,timeout,250,883
before,2,talo pipi 2.txt,7,timeout,250,1207
before,2,talo pipi 2.txt,9,timeout,250,1725
before,2,talo pipi 2.txt,11,timeout,250,755
before,2,talo pipi 2.txt,13,timeout,250,603
before,2,talo pipi 2.txt,15,timeout,250,491
before,2,talo pipi 2.txt,17,solved,0,1
before,2,the exit is under my left foot.txt,1,solved,218,102
before,2,the red ring of immortality.txt,1,solved,9,226
before,2,the red ring of immortality.txt,3,solved,67,1354
before,2,the red ring of immortality.txt,5,solved,2,52
before,2,the red ring of immortality.txt,7,solved,75,1633
before,2,the red ring of immortality.txt,9,solved,8,213
before,2,the red ring of immortality.txt,11,solved,14,332
before,2,the red ring of immortality.txt,13,solved,131,2759
before,2,the red ring of immortality.txt,15,solved,22,424
before,2,the red ring of immortality.txt,17,solved,108,2173
before,2,the red ring of immortality.txt,19,solved,13,264
before,2,the red ring of immortality.txt,21,solved,1,21
before,2,the red ring of immortality.txt,23,solved,0,2
before,2,the_saga_of_the_candy_scroll.txt,6,solved,5,106
before,2,the_saga_of_the_candy_scroll.txt,10,solved,0,8
before,2,the_saga_of_the_candy_scroll.txt,14,solved,0,4
before,2,the_saga_of_the_candy_scroll.txt,18,solved,25,551
before,2,the_saga_of_the_candy_scroll.txt,20,timeout,250,4924
before,2,the_saga_of_the_candy_scroll.txt,22,solved,5,104
before,2,the_saga_of_the_candy_scroll.txt,26,solved,51,832
before,2,the_saga_of_the_candy_scroll.txt,28,timeout,250,3595
before,2,the_saga_of_the_candy_scroll.txt,31,solved,91,1273
before,2,the_saga_of_the_candy_scroll.txt,35,timeout,250,3692
before,2,the_saga_of_the_candy_scroll.txt,46,solved,0,3
before,2,the_saga_of_the_candy_scroll.txt,50,solved,2,54
before,2,the_saga_of_the_candy_scroll.txt,53,solved,29,723
before,2,the_saga_of_the_candy_scroll.txt,55,solved,139,2683
before,2,the_saga_of_the_candy_scroll.txt,58,timeout,250,4928
before,2,the_saga_of_the_candy_scroll.txt,61,timeout,250,5394
before,2,the_saga_of_the_candy_scroll.txt,64,timeout,250,5390
before,2,the_saga_of_the_candy_scroll.txt,66,timeout,250,4991
before,2,the_saga_of_the_candy_scroll.txt,68,timeout,251,5887
before,2,the_saga_of_the_candy_scroll.txt,70,timeout,250,4917
before,2,the_saga_of_the_candy_scroll.txt,78,timeout,250,4309
before,2,the_saga_of_the_candy_scroll.txt,80,timeout,250,3544
before,2,the_saga_of_the_candy_scroll.txt,82,timeout,250,3246
before,2,the_saga_of_the_candy_scroll.txt,85,timeout,250,3798
before,2,the_saga_of_the_candy_scroll.txt,89,timeout,250,3082
before,2,the_saga_of_the_candy_scroll.txt,98,timeout,250,4174
before,2,the_saga_of_the_candy_scroll.txt,102,timeout,250,3167
before,2,the_saga_of_the_candy_scroll.txt,106,timeout,250,2510
before,2,the_saga_of_the_candy_scroll.txt,112,timeout,250,2465
before,2,the_saga_of_the_candy_scroll.txt,116,solved,53,501
before,2,threes.txt,0,timeout,250,344
before,2,tiny treasure hunt.txt,1,timeout,250,51
before,2,tiny treasure hunt.txt,3,timeout,251,17
before,2,tiny treasure hunt.txt,5,timeout,252,20
before,2,tiny treasure hunt.txt,7,timeout,251,57
before,2,tiny treasure hunt.txt,9,timeout,250,23
before,2,tiny treasure hunt.txt,11,timeout,250,57
before,2,tiny treasure hunt.txt,13,timeout,251,21
before,2,tunnel rat.txt,1,timeout,250,241
before,2,tunnel rat.txt,3,timeout,250,142
before,2,unclean residues.txt,2,timeout,250,6100
before,2,unclean residues.txt,4,timeout,250,8058
before,2,unclean residues.txt,6,timeout,250,6286
before,2,unclean residues.txt,8,timeout,250,6937
before,2,unclean residues.txt,10,timeout,250,6142
before,2,unclean residues.txt,13,solved,150,3677
before,2,unewton.txt,2,timeout,250,4269
before,2,unewton.txt,4,timeout,250,6675
before,2,unewton.txt,6,timeout,250,5148
before,2,unewton.txt,8,timeout,250,3709
before,2,whaleworld.txt,1,solved,29,120
before,2,whaleworld.txt,3,solved,27,240
before,2,whaleworld.txt,5,solved,153,878
before,2,whaleworld.txt,7,timeout,250,1450
before,2,whaleworld.txt,9,timeout,250,924
before,2,whaleworld.txt,11,timeout,250,879
before,2,whaleworld.txt,13,timeout,250,575
before,2,whaleworld.txt,15,timeout,250,933
before,2,witch lifter.txt,1,timeout,250,1223
before,2,witch lifter.txt,3,solved,119,564
before,2,witch lifter.txt,5,timeout,250,1364
before,2,witch lifter.txt,7,timeout,250,1183
before,2,witch lifter.txt,9,timeout,250,1239
before,2,witch lifter.txt,11,timeout,250,1623
before,2,witch lifter.txt,13,timeout,250,822
before,2,witch lifter.txt,15,timeout,250,810
before,2,wool-clawer.txt,1,timeout,250,817
before,2,wool-clawer.txt,3,timeout,250,769
before,2,wool-clawer.txt,5,timeout,250,293
before,2,wool-clawer.txt,7,timeout,250,160
before,2,wool-clawer.txt,9,timeout,250,261
before,2,wool-clawer.txt,11,timeout,250,236
before,2,you can't make this up.txt,1,timeout,251,3833
before,2,you complete me.txt,0,timeout,250,2729
before,2,zokoban.txt,0,timeout,250,1913
before,3,15 push pull levels.txt,1,solved,21,1342
before,3,15 push pull levels.txt,3,solved,2,137
before,3,15 push pull levels.txt,5,solved,84,5517
before,3,15 push pull levels.txt,7,solved,121,7643
before,3,15 push pull levels.txt,9,solved,69,4319
before,3,15 push pull levels.txt,11,solved,25,1565
before,3,15 push pull levels.txt,13,solved,21,1376
before,3,15 push pull levels.txt,15,solved,33,2195
before,3,15 push pull levels.txt,17,solved,27,1730
before,3,15 push pull levels.txt,19,solved,125,7849
before,3,15 push pull levels.txt,21,timeout,251,14562
before,3,15 push pull levels.txt,23,solved,219,13036
before,3,15 push pull levels.txt,25,solved,200,12036
before,3,15 push pull levels.txt,27,timeout,251,15091
before,3,15 push pull levels.txt,29,timeout,251,15859
before,3,5-junctions-maker.txt,1,timeout,250,295
before,3,5-junctions-maker.txt,3,solved,0,1
before,3,8 happy snakes.txt,1,solved,0,10
before,3,8 happy snakes.txt,3,solved,47,346
before,3,8 happy snakes.txt,5,solved,10,91
before,3,8 happy snakes.txt,7,solved,71,465
before,3,8 happy snakes.txt,9,timeout,252,6284
before,3,8 happy snakes.txt,11,timeout,252,5358
before,3,8 happy snakes.txt,13,timeout,253,5516
before,3,8 happy snakes.txt,15,timeout,250,1247
before,3,ALL GREEN TO BLUE.txt,1,solved,0,36
before,3,ALL GREEN TO BLUE.txt,3,solved,197,8191
before,3,ALL GREEN TO BLUE.txt,5,solved,86,4892
before,3,ALL GREEN TO BLUE.txt,7,solved,66,3260
before,3,ALL GREEN TO BLUE.txt,9,solved,26,1376
before,3,ALL GREEN TO BLUE.txt,11,timeout,252,11390
before,3,ALL GREEN TO BLUE.txt,13,solved,212,10966
before,3,ALL GREEN TO BLUE.txt,15,solved,3,188
before,3,ALL GREEN TO BLUE.txt,17,timeout,250,17404
before,3,ALL GREEN TO BLUE.txt,19,solved,11,884
before,3,ALL GREEN TO BLUE.txt,21,solved,2,89
before,3,Acorn Scorchery Paradise.txt,1,solved,8,489
before,3,Acorn Scorchery Paradise.txt,3,solved,6,380
before,3,Acorn Scorchery Paradise.txt,5,solved,21,1219
before,3,Acorn Scorchery Paradise.txt,7,solved,8,454
before,3,Acorn Scorchery Paradise.txt,9,solved,25,1545
before,3,All Green and Blue on Yellow.txt,1,solved,2,200
before,3,All Green and Blue on Yellow.txt,3,solved,2,166
before,3,All Green and Blue on Yellow.txt,5,solved,14,1249
before,3,All Green and Blue on Yellow.txt,7,solved,16,1343
before,3,All Green and Blue on Yellow.txt,9,solved,17,1260
before,3,Any hole is a goal.txt,1,solved,10,17
before,3,Any hole is a goal.txt,3,solved,206,802
before,3,Any hole is a goal.txt,5,timeout,250,698
before,3,Any hole is a goal.txt,7,solved,227,748
before,3,Any hole is a goal.txt,9,timeout,250,984
before,3,Any hole is a goal.txt,11,timeout,250,919
before,3,Any hole is a goal.txt,13,timeout,250,831
before,3,Any hole is a goal.txt,15,timeout,250,724
before,3,Any hole is a goal.txt,17,timeout,250,912
before,3,Any hole is a goal.txt,19,timeout,250,900
before,3,Any hole is a goal.txt,21,timeout,250,833
before,3,Any hole is a goal.txt,23,timeout,250,1013
before,3,Any hole is a goal.txt,25,timeout,250,882
before,3,Any hole is a goal.txt,27,timeout,250,541
before,3,Any hole is a goal.txt,29,timeout,250,942
before,3,Any hole is a goal.txt,31,timeout,250,918
before,3,Any hole is a goal.txt,33,timeout,250,978
before,3,Any hole is a goal.txt,35,timeout,250,766
before,3,Any hole is a goal.txt,37,timeout,250,432
before,3,Any hole is a goal.txt,39,timeout,250,769
before,3,Any hole is a goal.txt,41,timeout,250,1005
before,3,Any hole is a goal.txt,43,timeout,250,531
before,3,Any hole is a goal.txt,45,timeout,250,414
before,3,Any hole is a goal.txt,47,timeout,250,934
before,3,Any hole is a goal.txt,49,timeout,250,967
before,3,Any hole is a goal.txt,51,timeout,250,715
before,3,Any hole is a goal.txt,53,timeout,250,776
before,3,Any hole is a goal.txt,55,timeout,250,747
before,3,Any hole is a goal.txt,57,timeout,250,931
before,3,Any hole is a goal.txt,59,timeout,250,943
before,3,Any hole is a goal.txt,61,timeout,250,793
before,3,Any hole is a goal.txt,63,timeout,250,897
before,3,Any hole is a goal.txt,65,timeout,250,889
before,3,Any hole is a goal.txt,67,timeout,250,809
before,3,Any hole is a goal.txt,69,timeout,250,790
before,3,Attractor Net.txt,1,solved,118,2014
before,3,Attractor Net.txt,3,solved,114,2769
before,3,Attractor Net.txt,5,solved,6,162
before,3,Attractor Net.txt,7,solved,20,523
before,3,Attractor Net.txt,9,solved,63,1433
before,3,Attractor Net.txt,11,solved,22,571
before,3,Attractor Net.txt,13,solved,127,3034
before,3,Attractor Net.txt,15,solved,73,1772
before,3,Attractor Net.txt,17,solved,1,20
before,3,Attractor Net.txt,19,solved,76,1642
before,3,BIAXIAL INVASION OF SATURN.txt,3,solved,172,523
before,3,BIAXIAL INVASION OF SATURN.txt,5,timeout,250,445
before,3,BIAXIAL INVASION OF SATURN.txt,7,timeout,250,371
before,3,BIAXIAL INVASION OF SATURN.txt,9,timeout,250,258
before,3,BIAXIAL INVASION OF SATURN.txt,11,timeout,250,261
before,3,BIAXIAL INVASION OF SATURN.txt,13,timeout,250,370
before,3,BIAXIAL INVASION OF SATURN.txt,15,timeout,250,395
before,3,BIAXIAL INVASION OF SATURN.txt,17,timeout,250,183
before,3,BIAXIAL INVASION OF SATURN.txt,19,timeout,250,89
before,3,BIAXIAL INVASION OF SATURN.txt,21,timeout,250,78
before,3,BIAXIAL INVASION OF SATURN.txt,23,timeout,250,122
before,3,BIAXIAL INVASION OF SATURN.txt,25,timeout,261,12
before,3,BIAXIAL INVASION OF SATURN.txt,28,solved,0,1
before,3,BIAXIAL INVASION OF SATURN.txt,29,solved,0,1
before,3,BIAXIAL INVASION OF SATURN.txt,30,solved,1,1
before,3,BIAXIAL INVASION OF SATURN.txt,31,solved,1,1
before,3,Bicycle-Kick Football.txt,1,timeout,250,359
before,3,Bicycle-Kick Football.txt,4,solved,22,91
before,3,Bicycle-Kick Football.txt,7,solved,211,685
before,3,Bicycle-Kick Football.txt,10,timeout,250,1327
before,3,Bicycle-Kick Football.txt,13,timeout,250,685
before,3,Bicycle-Kick Football.txt,16,timeout,250,1249
before,3,Bring the ice cube to the goal without exposing it to heat.txt,1,timeout,250,298
before,3,CODEX LUBRICUS.txt,2,solved,58,130
before,3,CODEX LUBRICUS.txt,4,solved,64,93
before,3,CODEX LUBRICUS.txt,6,solved,81,73
before,3,CODEX LUBRICUS.txt,8,solved,36,93
before,3,CODEX LUBRICUS.txt,10,solved,105,113
before,3,CODEX LUBRICUS.txt,12,solved,83,149
before,3,CODEX LUBRICUS.txt,14,solved,72,111
before,3,CODEX LUBRICUS.txt,16,solved,73,118
before,3,CODEX LUBRICUS.txt,18,solved,100,105
before,3,CODEX LUBRICUS.txt,20,solved,108,115
before,3,CODEX LUBRICUS.txt,22,solved,68,112
before,3,CODEX LUBRICUS.txt,24,solved,73,116
before,3,CODEX LUBRICUS.txt,26,solved,99,108
before,3,CODEX LUBRICUS.txt,28,solved,105,104
before,3,CODEX LUBRICUS.txt,30,solved,119,131
before,3,CODEX LUBRICUS.txt,32,solved,248,275
before,3,CODEX LUBRICUS.txt,34,solved,102,122
before,3,CODEX LUBRICUS.txt,36,solved,99,164
before,3,CODEX LUBRICUS.txt,38,solved,71,102
before,3,CODEX LUBRICUS.txt,40,timeout,250,229
before,3,Chevron Lodger.txt,1,solved,3,67
before,3,Chevron Lodger.txt,3,solved,55,1755
before,3,Chevron Lodger.txt,5,solved,178,5035
before,3,Chevron Lodger.txt,7,solved,26,823
before,3,Chevron Lodger.txt,9,solved,245,7084
before,3,Chevron Lodger.txt,11,timeout,250,5766
before,3,Crates move when you move.txt,1,solved,4,138
before,3,Crates move when you move.txt,3,solved,1,73
before,3,Crates move when you move.txt,5,solved,1,49
before,3,Crates move when you move.txt,7,solved,3,115
before,3,Crates move when you move.txt,9,solved,2,71
before,3,Crates move when you move.txt,11,solved,0,3
before,3,Crates move when you move.txt,13,solved,10,348
before,3,Crates move when you move.txt,15,solved,7,230
before,3,Crates move when you move.txt,17,solved,2,93
before,3,Crates move when you move.txt,19,solved,11,415
before,3,Cucumber Surprise.txt,2,solved,5,259
before,3,Cucumber Surprise.txt,5,solved,6,201
before,3,Cucumber Surprise.txt,7,solved,32,1178
before,3,Cucumber Surprise.txt,9,solved,77,2499
before,3,Cucumber Surprise.txt,11,solved,214,7606
before,3,Cucumber Surprise.txt,13,solved,31,1163
before,3,Cucumber Surprise.txt,15,solved,58,2202
before,3,Cucumber Surprise.txt,17,solved,24,916
before,3,Cucumber Surprise.txt,19,solved,36,1311
before,3,Cucumber Surprise.txt,21,solved,241,8142
before,3,Cucumber Surprise.txt,23,solved,97,3449
before,3,Cucumber Surprise.txt,25,solved,49,1243
before,3,Cucumber Surprise.txt,27,timeout,250,7432
before,3,Cucumber Surprise.txt,29,solved,20,731
before,3,Cucumber Surprise.txt,31,solved,60,2119
before,3,Cucumber Surprise.txt,33,solved,95,3415
before,3,Cucumber Surprise.txt,35,solved,48,1727
before,3,Cucumber Surprise.txt,37,solved,23,812
before,3,Cucumber Surprise.txt,39,solved,90,2968
before,3,Cucumber Surprise.txt,41,timeout,251,6398
before,3,Des Poseidons Dreizack.txt,1,timeout,250,94
before,3,Des Poseidons Dreizack.txt,3,timeout,250,89
before,3,Des Poseidons Dreizack.txt,5,timeout,251,97
before,3,Des Poseidons Dreizack.txt,6,solved,1,9
before,3,Des Poseidons Dreizack.txt,7,solved,0,1
before,3,Don't let your goals slip away.txt,1,solved,2,63
before,3,Don't let your goals slip away.txt,3,solved,99,4881
before,3,Don't let your goals slip away.txt,5,solved,2,121
before,3,Don't let your goals slip away.txt,7,solved,10,512
before,3,Don't let your goals slip away.txt,9,solved,27,1317
before,3,Don't let your goals slip away.txt,11,solved,119,5817
before,3,Don't let your goals slip away.txt,13,solved,42,2187
before,3,Don't let your goals slip away.txt,15,solved,144,7721
before,3,Double-Entry Bookkeeping Simulator.txt,1,timeout,250,1840
before,3,Double-Entry Bookkeeping Simulator.txt,3,timeout,250,719
before,3,Double-Entry Bookkeeping Simulator.txt,5,timeout,250,1484
before,3,Double-Entry Bookkeeping Simulator.txt,7,timeout,250,695
before,3,Double-Entry Bookkeeping Simulator.txt,9,timeout,250,789
before,3,Double-Entry Bookkeeping Simulator.txt,11,timeout,250,543
before,3,Double-Entry Bookkeeping Simulator.txt,13,timeout,250,324
before,3,Double-Entry Bookkeeping Simulator.txt,15,timeout,250,384
before,3,Double-Entry Bookkeeping Simulator.txt,17,timeout,250,1531
before,3,Explodoban.txt,1,solved,15,437
before,3,Explodoban.txt,3,solved,7,320
before,3,Explodoban.txt,5,solved,69,3082
before,3,Explodoban.txt,7,solved,157,5873
before,3,Explodoban.txt,9,solved,89,3907
before,3,Explodoban.txt,11,solved,67,2959
before,3,Explodoban.txt,13,timeout,250,10230
before,3,Eyeball-watching flowers bloom.txt,1,solved,2,53
before,3,Eyeball-watching flowers bloom.txt,3,solved,194,4076
before,3,Eyeball-watching flowers bloom.txt,5,timeout,250,4325
before,3,Garten der Medusen.txt,1,solved,8,6
before,3,Garten der Medusen.txt,3,solved,6,4
before,3,Garten der Medusen.txt,5,solved,9,6
before,3,Garten der Medusen.txt,7,timeout,250,282
before,3,Garten der Medusen.txt,9,timeout,250,114
before,3,Garten der Medusen.txt,11,timeout,250,88
before,3,Garten der Medusen.txt,13,timeout,250,27
before,3,Garten der Medusen.txt,15,timeout,250,44
before,3,Hole-Stuffer.txt,1,timeout,250,2946
before,3,Hole-Stuffer.txt,3,timeout,250,2556
before,3,Hole-Stuffer.txt,5,solved,18,178
before,3,Hole-Stuffer.txt,7,timeout,250,2935
before,3,"Individuals can produce a society, but can a society produce individuals.txt",1,timeout,251,534
before,3,It gets its Feet Wet.txt,1,timeout,250,197
before,3,Legend of Swixero.txt,1,solved,6,369
before,3,Legend of Swixero.txt,3,solved,25,1444
before,3,Legend of Swixero.txt,5,solved,10,450
before,3,Legend of Swixero.txt,7,timeout,252,9956
before,3,Legend of Swixero.txt,9,timeout,252,11013
before,3,Match two two by twos.txt,2,timeout,250,1274
before,3,Match two two by twos.txt,4,timeout,250,805
before,3,Match two two by twos.txt,6,timeout,250,776
before,3,Match-Maker.txt,1,solved,36,1111
before,3,Match-Maker.txt,3,solved,4,66
before,3,Match-Maker.txt,5,solved,11,214
before,3,Match-Maker.txt,7,timeout,250,4730
before,3,Match-Maker.txt,9,timeout,250,4196
before,3,Match-Maker.txt,11,timeout,250,4080
before,3,Match-Maker.txt,13,solved,201,3402
before,3,Match-Maker.txt,15,timeout,250,4639
before,3,Match-Maker.txt,17,timeout,250,3613
before,3,Microban x 10.txt,2,timeout,250,234
before,3,Muraphilic Monophobic Multiban.txt,1,timeout,252,10360
before,3,Muraphilic Monophobic Multiban.txt,3,solved,0,6
before,3,Muraphilic Monophobic Multiban.txt,5,solved,10,390
before,3,Muraphilic Monophobic Multiban.txt,7,solved,120,4207
before,3,Muraphilic Monophobic Multiban.txt,9,timeout,252,10333
before,3,Muraphilic Monophobic Multiban.txt,11,solved,62,2039
before,3,Muraphilic Monophobic Multiban.txt,13,solved,25,1149
before,3,Muraphilic Monophobic Multiban.txt,15,timeout,251,9494
before,3,NIGHTMARECROBAN.txt,1,solved,6,309
before,3,NIGHTMARECROBAN.txt,3,solved,32,1682
before,3,NIGHTMARECROBAN.txt,5,solved,24,1170
before,3,NIGHTMARECROBAN.txt,7,solved,8,387
before,3,NIGHTMARECROBAN.txt,9,solved,12,515
before,3,NIGHTMARECROBAN.txt,11,solved,35,1605
before,3,NIGHTMARECROBAN.txt,13,solved,84,3677
before,3,Neoprenanzieher.txt,2,timeout,250,428
before,3,North Wind Simple Sailboat Buoy Collection.txt,2,exhausted,1,9
before,3,North Wind Simple Sailboat Buoy Collection.txt,4,exhausted,2,9
before,3,North Wind Simple Sailboat Buoy Collection.txt,6,exhausted,2,9
before,3,Oh No My Dog Is About To Swallow A Piece Of.txt,1,timeout,250,88
before,3,Place the crate on the targets.txt,1,timeout,251,1213
before,3,Pocket Gopher - Root-Shoot Nibbler.txt,2,timeout,250,1039
before,3,Pocket Gopher - Root-Shoot Nibbler.txt,5,timeout,250,649
before,3,Pocket Gopher - Root-Shoot Nibbler.txt,8,timeout,250,1224
before,3,Pocket Gopher - Root-Shoot Nibbler.txt,11,timeout,250,487
before,3,Pocket Gopher - Root-Shoot Nibbler.txt,14,timeout,250,907
before,3,Pushy-V Pully-H.txt,1,solved,16,664
before,3,Pushy-V Pully-H.txt,3,solved,0,25
before,3,Pushy-V Pully-H.txt,5,solved,15,866
before,3,Pushy-V Pully-H.txt,7,solved,29,1738
before,3,Pushy-V Pully-H.txt,9,solved,0,14
before,3,Pushy-V Pully-H.txt,11,solved,2,109
before,3,Pushy-V Pully-H.txt,13,solved,1,78
before,3,Pushy-V Pully-H.txt,15,solved,81,3497
before,3,Pushy-V Pully-H.txt,17,solved,48,2857
before,3,Pushy-V Pully-H.txt,19,solved,1,72
before,3,Pushy-V Pully-H.txt,21,solved,178,9302
before,3,"Put the logs in the water, elephant.txt",1,timeout,251,2932
before,3,"Put the logs in the water, elephant.txt",4,solved,60,770
before,3,"Put the logs in the water, elephant.txt",7,timeout,250,3262
before,3,"Put the logs in the water, elephant.txt",10,solved,114,1313
before,3,"Put the logs in the water, elephant.txt",13,timeout,250,3261
before,3,"Put the logs in the water, elephant.txt",16,timeout,250,4048
before,3,"Put the logs in the water, elephant.txt",19,timeout,250,2744
before,3,"Put the logs in the water, elephant.txt",22,timeout,250,3592
before,3,Putting Bicycle Helmets on Young Children.txt,1,timeout,251,131
before,3,Putting Bicycle Helmets on Young Children.txt,3,timeout,251,57
before,3,Putting Bicycle Helmets on Young Children.txt,5,timeout,251,79
before,3,Recondite Star Sector Sigma.txt,1,solved,10,644
before,3,Recondite Star Sector Sigma.txt,3,solved,154,7848
before,3,Recondite Star Sector Sigma.txt,5,solved,131,6910
before,3,Recondite Star Sector Sigma.txt,7,solved,210,9804
before,3,Recondite Star Sector Sigma.txt,9,solved,151,9178
before,3,Recondite Star Sector Sigma.txt,11,solved,23,1338
before,3,Recondite Star Sector Sigma.txt,13,solved,226,12443
before,3,Recondite Star Sector Sigma.txt,15,solved,65,3835
before,3,Recondite Star Sector Sigma.txt,17,timeout,251,13481
before,3,Recondite Star Sector Sigma.txt,19,solved,30,1580
before,3,Resin-Caster.txt,2,solved,15,1014
before,3,Resin-Caster.txt,4,solved,12,729
before,3,Resin-Caster.txt,6,solved,32,2010
before,3,Resin-Caster.txt,8,solved,69,4444
before,3,Resin-Caster.txt,10,solved,12,762
before,3,Resin-Caster.txt,12,solved,22,1470
before,3,Resin-Caster.txt,14,solved,65,3899
before,3,Resin-Caster.txt,16,solved,11,576
before,3,Resin-Caster.txt,18,solved,17,1073
before,3,Resin-Caster.txt,20,solved,22,1472
before,3,S-tercourse.txt,1,timeout,250,1537
before,3,S-tercourse.txt,3,solved,46,357
before,3,S-tercourse.txt,5,solved,39,302
before,3,S-tercourse.txt,7,timeout,250,1857
before,3,S-tercourse.txt,9,timeout,250,1707
before,3,S-tercourse.txt,11,timeout,250,1635
before,3,S-tercourse.txt,13,timeout,250,1709
before,3,S-tercourse.txt,15,timeout,250,1684
before,3,S-tercourse.txt,17,timeout,250,1710
before,3,S-tercourse.txt,19,timeout,250,1709
before,3,S-tercourse.txt,21,timeout,250,1905
before,3,S-tercourse.txt,23,timeout,250,2072
before,3,SWIMMING TIME.txt,2,timeout,250,354
before,3,Scalesoban.txt,1,solved,0,14
before,3,Scalesoban.txt,3,solved,2,91
before,3,Scalesoban.txt,5,solved,19,858
before,3,Schleimban.txt,1,solved,31,306
before,3,Schleimban.txt,3,solved,66,768
before,3,Schleimban.txt,5,solved,49,548
before,3,Schleimban.txt,7,solved,85,1018
before,3,Schleimban.txt,9,solved,44,503
before,3,Schleimban.txt,11,solved,0,1
before,3,Subway upholstry snot smearing championship.txt,2,solved,218,6991
before,3,Subway upholstry snot smearing championship.txt,4,solved,6,240
before,3,Subway upholstry snot smearing championship.txt,6,solved,4,96
before,3,Subway upholstry snot smearing championship.txt,8,timeout,250,4723
before,3,Subway upholstry snot smearing championship.txt,10,solved,132,3469
before,3,Subway upholstry snot smearing championship.txt,12,solved,86,1208
before,3,Subway upholstry snot smearing championship.txt,14,timeout,250,3971
before,3,The Far Away Danish Pastry is always Delicio.txt,1,solved,0,7
before,3,The Far Away Danish Pastry is always Delicio.txt,3,solved,0,10
before,3,The Far Away Danish Pastry is always Delicio.txt,5,solved,4,183
before,3,The Far Away Danish Pastry is always Delicio.txt,7,solved,1,45
before,3,The Far Away Danish Pastry is always Delicio.txt,9,solved,1,74
before,3,The Far Away Danish Pastry is always Delicio.txt,11,solved,73,3545
before,3,The Far Away Danish Pastry is always Delicio.txt,13,solved,28,1232
before,3,The Far Away Danish Pastry is always Delicio.txt,15,solved,97,4154
before,3,The Monsterous Autoshove.txt,1,solved,73,710
before,3,The Monsterous Autoshove.txt,3,solved,108,921
before,3,The Monsterous Autoshove.txt,5,timeout,250,1248
before,3,The Monsterous Autoshove.txt,7,solved,63,575
before,3,The Monsterous Autoshove.txt,9,timeout,250,1236
before,3,The Monsterous Autoshove.txt,11,timeout,250,1461
before,3,The sponge what lights up the seafloor.txt,1,solved,121,503
before,3,The sponge what lights up the seafloor.txt,3,timeout,250,1200
before,3,The sponge what lights up the seafloor.txt,5,timeout,250,966
before,3,The sponge what lights up the seafloor.txt,7,solved,121,633
before,3,The sponge what lights up the seafloor.txt,9,timeout,250,1345
before,3,The sponge what lights up the seafloor.txt,11,solved,187,942
before,3,The sponge what lights up the seafloor.txt,13,timeout,250,1313
before,3,The sponge what lights up the seafloor.txt,15,timeout,250,1280
before,3,The sponge what lights up the seafloor.txt,17,timeout,250,1194
before,3,The sponge what lights up the seafloor.txt,19,timeout,250,1135
before,3,Two-Step Pete.txt,1,solved,1,61
before,3,Two-Step Pete.txt,3,solved,57,2153
before,3,Two-Step Pete.txt,5,solved,6,305
before,3,Two-Step Pete.txt,7,timeout,251,7306
before,3,Two-Step Pete.txt,9,solved,43,1810
before,3,Two-Step Pete.txt,11,solved,2,99
before,3,Two-Step Pete.txt,13,solved,16,756
before,3,Two-Step Pete.txt,15,timeout,251,10623
before,3,Two-Tone Tango.txt,1,solved,67,1805
before,3,Two-Tone Tango.txt,3,solved,19,569
before,3,Two-Tone Tango.txt,5,solved,38,1163
before,3,Two-Tone Tango.txt,7,solved,235,6728
before,3,Two-Tone Tango.txt,9,solved,1,38
before,3,Two-Tone Tango.txt,11,solved,28,747
before,3,Two-Tone Tango.txt,13,solved,123,4124
before,3,Two-Tone Tango.txt,15,solved,104,3028
before,3,Van-to-Mobile-Living-Space-Conversion Window.txt,1,solved,2,39
before,3,Van-to-Mobile-Living-Space-Conversion Window.txt,3,solved,78,1296
before,3,Van-to-Mobile-Living-Space-Conversion Window.txt,5,solved,3,49
before,3,Van-to-Mobile-Living-Space-Conversion Window.txt,7,timeout,250,3810
before,3,Van-to-Mobile-Living-Space-Conversion Window.txt,9,timeout,250,3898
before,3,Van-to-Mobile-Living-Space-Conversion Window.txt,11,timeout,250,3711
before,3,Van-to-Mobile-Living-Space-Conversion Window.txt,13,solved,58,938
before,3,Van-to-Mobile-Living-Space-Conversion Window.txt,15,solved,220,3383
before,3,Van-to-Mobile-Living-Space-Conversion Window.txt,17,solved,40,673
before,3,Van-to-Mobile-Living-Space-Conversion Window.txt,19,timeout,250,3684
before,3,Van-to-Mobile-Living-Space-Conversion Window.txt,21,timeout,250,4022
before,3,Van-to-Mobile-Living-Space-Conversion Window.txt,23,solved,114,1754
before,3,Van-to-Mobile-Living-Space-Conversion Window.txt,25,timeout,250,3962
before,3,Van-to-Mobile-Living-Space-Conversion Window.txt,27,timeout,250,3871
before,3,Varifocal Nightmare.txt,1,solved,42,1456
before,3,Varifocal Nightmare.txt,3,solved,22,780
before,3,Varifocal Nightmare.txt,5,solved,61,2291
before,3,Varifocal Nightmare.txt,7,timeout,251,8269
before,3,Varifocal Nightmare.txt,9,solved,156,4318
before,3,Vexatious Match 3.txt,2,timeout,251,6771
before,3,Vexatious Match 3.txt,4,timeout,251,8382
before,3,Vexatious Match 3.txt,6,timeout,251,9154
before,3,Vexatious Match 3.txt,8,timeout,251,8954
before,3,Vexatious Match 3.txt,10,solved,46,1992
before,3,Voitex Rasteriser 2.txt,1,timeout,251,4602
before,3,Voitex Rasteriser.txt,0,timeout,252,8654
before,3,Voitex Rasteriser.txt,2,solved,0,1
before,3,Wand Spinner.txt,1,solved,6,263
before,3,Wand Spinner.txt,3,solved,5,214
before,3,Wand Spinner.txt,5,solved,68,2715
before,3,Wand Spinner.txt,7,solved,98,4051
before,3,Wand Spinner.txt,9,solved,11,417
before,3,Wand Spinner.txt,11,solved,24,949
before,3,Wand Spinner.txt,13,solved,32,1308
before,3,Wand Spinner.txt,15,solved,12,513
before,3,Wand Spinner.txt,17,solved,26,973
before,3,Wand Spinner.txt,19,solved,48,1879
before,3,Wand Spinner.txt,21,solved,20,796
before,3,Wand Spinner.txt,23,solved,235,9400
before,3,Wand Spinner.txt,25,solved,18,721
before,3,Wand Spinner.txt,27,solved,82,3180
before,3,Wand Spinner.txt,29,timeout,251,9565
before,3,Wand Spinner.txt,31,solved,61,2265
before,3,Wand Spinner.txt,33,solved,2,68
before,3,Wand Spinner.txt,35,solved,145,5885
before,3,Xorro The Chaos Warden.txt,1,solved,6,267
before,3,Xorro The Chaos Warden.txt,3,solved,113,4418
before,3,Xorro The Chaos Warden.txt,5,solved,92,3553
before,3,Xorro The Chaos Warden.txt,7,timeout,251,6143
before,3,Yellow Box.txt,1,solved,136,3503
before,3,Yellow Box.txt,3,solved,17,332
before,3,Yellow Box.txt,5,solved,3,49
before,3,Yellow Box.txt,7,solved,15,293
before,3,Yellow Box.txt,9,solved,69,1318
before,3,Yellow Box.txt,11,solved,86,1642
before,3,Yellow Box.txt,13,solved,15,285
before,3,Yellow Box.txt,15,timeout,251,9476
before,3,Yellow Box.txt,17,solved,3,58
before,3,Yellow Box.txt,19,solved,16,272
before,3,Yellow Box.txt,21,solved,84,1639
before,3,Yellow Box.txt,23,solved,1,20
before,3,Yellow Box.txt,25,solved,14,259
before,3,Yellow Box.txt,27,solved,26,498
before,3,Yellow Box.txt,29,solved,17,280
before,3,Yellow Box.txt,31,solved,126,2277
before,3,Yellow Box.txt,33,solved,16,284
before,3,Yellow Box.txt,35,timeout,250,4195
before,3,a clear view of the sky.txt,3,solved,45,58
before,3,a clear view of the sky.txt,6,solved,27,55
before,3,a clear view of the sky.txt,8,solved,38,60
before,3,a clear view of the sky.txt,10,solved,21,52
before,3,a clear view of the sky.txt,12,solved,30,54
before,3,a clear view of the sky.txt,14,solved,25,43
before,3,a clear view of the sky.txt,16,solved,100,185
before,3,a clear view of the sky.txt,18,timeout,250,216
before,3,a clear view of the sky.txt,20,solved,59,64
before,3,a clear view of the sky.txt,22,solved,233,235
before,3,a clear view of the sky.txt,24,timeout,250,297
before,3,a clear view of the sky.txt,26,timeout,250,80
before,3,a clear view of the sky.txt,28,timeout,250,42
before,3,a clear view of the sky.txt,30,solved,0,1
before,3,a clear view of the sky.txt,31,solved,0,1
before,3,a clear view of the sky.txt,32,solved,0,1
before,3,a clear view of the sky.txt,33,solved,0,1
before,3,a clear view of the sky.txt,34,solved,0,1
before,3,a clear view of the sky.txt,35,solved,0,1
before,3,a cliche for bedtime.txt,1,timeout,252,8037
before,3,a distant sunset.txt,1,solved,27,83
before,3,a distant sunset.txt,3,solved,0,1
before,3,a distant sunset.txt,4,solved,0,1
before,3,a distant sunset.txt,5,solved,0,1
before,3,alternatey.txt,2,solved,43,151
before,3,alternatey.txt,4,timeout,250,294
before,3,alternatey.txt,6,timeout,250,666
before,3,an ok multiban level.txt,1,timeout,251,11956
before,3,atlas shrank.txt,1,solved,1,11
before,3,atlas shrank.txt,4,timeout,250,1780
before,3,atlas shrank.txt,5,solved,161,887
before,3,atlas shrank.txt,6,timeout,250,1426
before,3,atlas shrank.txt,8,timeout,250,660
before,3,atlas shrank.txt,10,solved,150,611
before,3,atlas shrank.txt,11,timeout,250,892
before,3,atlas shrank.txt,12,timeout,250,1072
before,3,atlas shrank.txt,14,timeout,250,962
before,3,atlas shrank.txt,15,timeout,250,326
before,3,atlas shrank.txt,16,timeout,250,304
before,3,atlas shrank.txt,17,timeout,250,739
before,3,autohurdler.txt,1,solved,14,124
before,3,autohurdler.txt,3,solved,6,35
before,3,autohurdler.txt,5,timeout,250,2894
before,3,autohurdler.txt,7,solved,49,402
before,3,big dog and little dog.txt,1,timeout,250,1712
before,3,big dog and little dog.txt,3,timeout,250,1759
before,3,big dog and little dog.txt,5,timeout,250,1472
before,3,big dog and little dog.txt,7,timeout,250,1440
before,3,big dog and little dog.txt,9,timeout,250,1417
before,3,big dog and little dog.txt,11,timeout,250,712
before,3,bouncers.txt,1,timeout,252,7648
before,3,bouncers.txt,3,timeout,252,7696
before,3,bouncers.txt,5,timeout,252,7391
before,3,bouncers.txt,7,timeout,252,6595
before,3,bouncers.txt,9,timeout,252,5383
before,3,butteater.txt,1,solved,25,482
before,3,butteater.txt,3,timeout,250,4615
before,3,byyourside.txt,0,solved,1,17
before,3,byyourside.txt,1,solved,86,1231
before,3,byyourside.txt,2,solved,14,216
before,3,byyourside.txt,3,solved,1,14
before,3,byyourside.txt,4,solved,19,264
before,3,byyourside.txt,5,solved,21,299
before,3,byyourside.txt,6,solved,0,5
before,3,byyourside.txt,7,solved,1,16
before,3,byyourside.txt,8,solved,99,1709
before,3,byyourside.txt,9,solved,65,1062
before,3,cakemonsters.txt,2,solved,0,3
before,3,cakemonsters.txt,4,solved,0,10
before,3,cakemonsters.txt,7,solved,5,208
before,3,cakemonsters.txt,9,solved,7,268
before,3,cakemonsters.txt,11,solved,1,25
before,3,cakemonsters.txt,13,solved,8,275
before,3,cakemonsters.txt,14,solved,1,43
before,3,cakemonsters.txt,15,solved,7,305
before,3,cakemonsters.txt,16,solved,29,1021
before,3,cakemonsters.txt,17,solved,2,70
before,3,cakemonsters.txt,18,solved,0,10
before,3,cakemonsters.txt,20,timeout,251,7619
before,3,cakemonsters.txt,21,solved,120,3880
before,3,cakemonsters.txt,22,solved,9,326
before,3,cakemonsters.txt,24,solved,0,18
before,3,cakemonsters.txt,25,solved,0,7
before,3,cakemonsters.txt,26,solved,0,8
before,3,cakemonsters.txt,27,solved,0,9
before,3,cakemonsters.txt,28,solved,10,380
before,3,cakemonsters.txt,29,solved,7,314
before,3,cakemonsters.txt,31,solved,1,40
before,3,cakemonsters.txt,32,solved,32,1164
before,3,cakemonsters.txt,33,solved,97,3917
before,3,cakemonsters.txt,34,timeout,251,6407
before,3,cakemonsters.txt,35,solved,7,259
before,3,cakemonsters.txt,37,timeout,251,6063
before,3,cakemonsters.txt,38,solved,167,6123
before,3,cakemonsters.txt,39,solved,0,18
before,3,cakemonsters.txt,40,solved,131,4864
before,3,cakemonsters.txt,41,timeout,251,8696
before,3,cakemonsters.txt,43,solved,1,34
before,3,cakemonsters.txt,44,solved,165,5188
before,3,cakemonsters.txt,46,solved,51,1821
before,3,cakemonsters.txt,47,timeout,251,8392
before,3,cakemonsters.txt,49,solved,237,9290
before,3,cakemonsters.txt,52,timeout,251,8153
before,3,car crash.txt,1,timeout,251,42
before,3,car crash.txt,2,solved,293,0
before,3,castlecloset.txt,0,solved,158,2695
before,3,castlemouse.txt,1,solved,9,48
before,3,castlemouse.txt,3,solved,8,42
before,3,castlemouse.txt,5,solved,28,138
before,3,castlemouse.txt,7,solved,65,272
before,3,castlemouse.txt,9,solved,6,20
before,3,castlemouse.txt,11,timeout,250,648
before,3,castlemouse.txt,13,solved,2,6
before,3,castlemouse.txt,15,solved,6,12
before,3,castlemouse.txt,17,solved,1,3
before,3,castlemouse.txt,19,solved,5,9
before,3,chaos wizard.txt,2,solved,74,960
before,3,chaos wizard.txt,3,solved,21,293
before,3,chaos wizard.txt,4,timeout,250,3686
before,3,chaos wizard.txt,5,timeout,250,4178
before,3,chaos wizard.txt,6,timeout,251,2602
before,3,chaos wizard.txt,7,timeout,251,3800
before,3,chaos wizard.txt,8,timeout,251,3447
before,3,chaos wizard.txt,9,timeout,251,4329
before,3,chaos wizard.txt,10,timeout,251,3726
before,3,chaos wizard.txt,11,timeout,250,3613
before,3,chaos wizard.txt,12,timeout,251,3359
before,3,chaos wizard.txt,13,timeout,251,3255
before,3,chaos wizard.txt,14,timeout,250,3240
before,3,chaos wizard.txt,15,timeout,250,3173
before,3,chaos wizard.txt,16,timeout,251,3950
before,3,chaos wizard.txt,17,timeout,251,2875
before,3,chaos wizard.txt,18,timeout,250,3450
before,3,chaos wizard.txt,19,timeout,250,3570
before,3,chaos wizard.txt,20,timeout,251,2380
before,3,chaos wizard.txt,22,solved,8,65
before,3,chaos wizard.txt,24,timeout,250,1984
before,3,chaos wizard.txt,27,timeout,251,2583
before,3,coincounter.txt,0,solved,2,9
before,3,coincounter.txt,1,solved,3,22
before,3,coincounter.txt,2,solved,11,69
before,3,coincounter.txt,3,solved,13,93
before,3,coincounter.txt,4,solved,57,289
before,3,coincounter.txt,5,solved,54,287
before,3,coincounter.txt,6,solved,174,892
before,3,coincounter.txt,7,timeout,250,1455
before,3,coincounter.txt,8,solved,10,51
before,3,coincounter.txt,9,solved,2,7
before,3,coincounter.txt,10,solved,0,1
before,3,collapse.txt,2,timeout,252,148
before,3,collapse.txt,3,timeout,250,131
before,3,color chained.txt,0,solved,18,31
before,3,color chained.txt,1,solved,7,9
before,3,color chained.txt,2,timeout,250,363
before,3,color chained.txt,3,solved,115,160
before,3,color chained.txt,4,solved,80,139
before,3,color chained.txt,5,timeout,250,395
before,3,color chained.txt,6,timeout,250,373
before,3,color chained.txt,7,timeout,251,287
before,3,color chained.txt,8,timeout,250,300
before,3,color chained.txt,9,timeout,250,298
before,3,color chained.txt,10,timeout,250,304
before,3,color chained.txt,14,timeout,250,252
before,3,constellationz.txt,0,solved,0,5
before,3,constellationz.txt,1,solved,0,5
before,3,constellationz.txt,2,solved,4,72
before,3,constellationz.txt,3,solved,1,10
before,3,constellationz.txt,4,solved,8,124
before,3,constellationz.txt,5,solved,10,28
before,3,constellationz.txt,6,solved,199,1718
before,3,constellationz.txt,7,solved,164,1466
before,3,constellationz.txt,8,timeout,251,3110
before,3,constellationz.txt,9,timeout,251,1794
before,3,constellationz.txt,10,timeout,250,2654
before,3,cooperacing.txt,3,timeout,251,3108
before,3,cooperacing.txt,5,timeout,251,3152
before,3,cooperacing.txt,8,timeout,250,3098
before,3,cooperacing.txt,10,timeout,250,2749
before,3,crate guardian.txt,1,timeout,250,4618
before,3,crate guardian.txt,3,solved,84,1913
before,3,crate guardian.txt,5,timeout,250,5515
before,3,crate guardian.txt,7,timeout,250,5025
before,3,crate guardian.txt,9,timeout,250,4517
before,3,crate guardian.txt,11,timeout,250,5150
before,3,crate swap.txt,1,solved,20,1202
before,3,crate swap.txt,3,solved,11,714
before,3,crate swap.txt,5,solved,27,1659
before,3,crate swap.txt,7,solved,28,1732
before,3,crate swap.txt,9,solved,42,2606
before,3,crate swap.txt,11,solved,47,3024
before,3,crate swap.txt,13,solved,43,2569
before,3,crate swap.txt,15,solved,30,1789
before,3,cratopia.txt,2,solved,5,70
before,3,cratopia.txt,3,timeout,250,2703
before,3,cratopia.txt,5,solved,63,764
before,3,cratopia.txt,9,timeout,250,1972
before,3,cratopia.txt,11,timeout,250,3615
before,3,cratopia.txt,12,timeout,250,3150
before,3,cratopia.txt,13,timeout,250,1616
before,3,cratopia.txt,14,timeout,250,2814
before,3,cratopia.txt,15,timeout,251,2905
before,3,cratopia.txt,16,timeout,250,2563
before,3,cratopia.txt,17,timeout,250,3223
before,3,cratopia.txt,18,timeout,250,3283
before,3,cratopia.txt,19,timeout,250,2807
before,3,cratopia.txt,20,solved,35,31
before,3,cratopia.txt,21,solved,46,0
before,3,cratopia.txt,22,solved,42,0
before,3,cratopia.txt,23,solved,37,0
before,3,cute train.txt,1,timeout,250,66
before,3,der hydra krypta.txt,1,solved,62,21
before,3,der hydra krypta.txt,3,timeout,251,78
before,3,der hydra krypta.txt,5,timeout,250,95
before,3,der hydra krypta.txt,7,timeout,250,61
before,3,der hydra krypta.txt,9,timeout,253,75
before,3,der hydra krypta.txt,11,timeout,250,73
before,3,der hydra krypta.txt,13,solved,0,1
before,3,dice goblin.txt,3,timeout,250,604
before,3,die schoene steinmetzin.txt,1,timeout,250,1126
before,3,die schoene steinmetzin.txt,3,timeout,250,1087
before,3,die schoene steinmetzin.txt,5,timeout,250,1110
before,3,die schoene steinmetzin.txt,7,timeout,250,1184
before,3,die schoene steinmetzin.txt,9,timeout,250,1317
before,3,die schoene steinmetzin.txt,11,timeout,250,903
before,3,die schoene steinmetzin.txt,13,timeout,250,886
before,3,die schoene steinmetzin.txt,15,timeout,250,885
before,3,die schoene steinmetzin.txt,16,exhausted,0,1
before,3,diesinthelight.txt,0,solved,17,94
before,3,diesinthelight.txt,1,solved,101,432
before,3,diesinthelight.txt,2,timeout,250,696
before,3,diesinthelight.txt,3,timeout,250,621
before,3,dollyban.txt,1,solved,97,3182
before,3,dollyban.txt,3,solved,95,3417
before,3,dollyban.txt,5,timeout,250,8971
before,3,dollyban.txt,7,timeout,250,7455
before,3,dollyban.txt,9,timeout,250,7651
before,3,dollyban.txt,11,timeout,250,6677
before,3,dollyban.txt,13,solved,221,5653
before,3,dollyban.txt,15,timeout,250,7145
before,3,dollyban.txt,17,timeout,250,5866
before,3,dollyban.txt,19,timeout,252,6934
before,3,dollyban.txt,21,timeout,250,6770
before,3,dollyban.txt,23,timeout,251,7114
before,3,dollyban.txt,25,timeout,251,4934
before,3,dollyban.txt,27,timeout,250,7104
before,3,dollyban.txt,29,timeout,250,6615
before,3,dreizack.txt,1,timeout,250,107
before,3,dreizack.txt,3,timeout,250,96
before,3,dreizack.txt,5,timeout,250,88
before,3,dreizack.txt,6,solved,1,9
before,3,dreizack.txt,7,solved,0,1
before,3,dropswap.txt,3,solved,138,1246
before,3,dropswap.txt,5,solved,149,831
before,3,dropswap.txt,8,timeout,250,866
before,3,dropswap.txt,12,solved,129,728
before,3,dropswap.txt,14,timeout,250,929
before,3,dungeon janitor.txt,2,solved,2,22
before,3,dungeon janitor.txt,4,timeout,250,2239
before,3,dungeon janitor.txt,6,timeout,250,1848
before,3,dungeon janitor.txt,9,timeout,250,1014
before,3,easyenigma.txt,0,solved,4,5
before,3,easyenigma.txt,1,solved,1,1
before,3,easyenigma.txt,2,solved,242,667
before,3,easyenigma.txt,3,solved,2,2
before,3,easyenigma.txt,4,solved,1,2
before,3,easyenigma.txt,5,timeout,251,292
before,3,easyenigma.txt,6,solved,3,5
before,3,easyenigma.txt,7,solved,5,7
before,3,easyenigma.txt,8,solved,93,99
before,3,easyenigma.txt,9,solved,4,1
before,3,easyenigma.txt,10,solved,13,2
before,3,easyenigma.txt,11,timeout,252,409
before,3,easyenigma.txt,12,solved,13,2
before,3,easyenigma.txt,13,solved,7,13
before,3,easyenigma.txt,14,solved,1,1
before,3,easyenigma.txt,15,solved,3,5
before,3,easyenigma.txt,16,timeout,250,290
before,3,easyenigma.txt,17,timeout,375,1
before,3,easyenigma.txt,18,solved,3,2
before,3,easyenigma.txt,19,timeout,251,107
before,3,easyenigma.txt,20,timeout,252,260
before,3,ecosystem generator.txt,1,timeout,250,885
before,3,expand also avoid the flames.txt,1,timeout,250,85
before,3,fickle fred.txt,1,solved,6,226
before,3,fickle fred.txt,3,solved,38,1408
before,3,fickle fred.txt,5,timeout,251,7941
before,3,fickle fred.txt,7,solved,87,3331
before,3,fickle fred.txt,9,solved,15,563
before,3,flesh-handed hot casserole delivery bot.txt,1,solved,4,272
before,3,flesh-handed hot casserole delivery bot.txt,2,solved,12,878
before,3,flesh-handed hot casserole delivery bot.txt,4,timeout,250,14257
before,3,flesh-handed hot casserole delivery bot.txt,6,timeout,251,16374
before,3,flesh-handed hot casserole delivery bot.txt,8,solved,22,1546
before,3,flesh-handed hot casserole delivery bot.txt,10,solved,200,13570
before,3,flesh-handed hot casserole delivery bot.txt,12,solved,28,1923
before,3,flesh-handed hot casserole delivery bot.txt,14,solved,70,4331
before,3,flesh-handed hot casserole delivery bot.txt,16,solved,216,13080
before,3,flesh-handed hot casserole delivery bot.txt,18,timeout,251,15083
before,3,gabelstapler.txt,1,solved,178,936
before,3,gabelstapler.txt,3,timeout,250,1021
before,3,gabelstapler.txt,5,timeout,250,878
before,3,gapfiller.txt,1,solved,15,383
before,3,gapfiller.txt,3,solved,232,4611
before,3,gapfiller.txt,5,solved,12,404
before,3,gapfiller.txt,7,solved,47,1441
before,3,gapfiller.txt,9,solved,2,76
before,3,gapfiller.txt,11,timeout,250,5617
before,3,gapfiller.txt,13,solved,10,332
before,3,gapfiller.txt,15,solved,4,87
before,3,gapfiller.txt,17,solved,155,3993
before,3,gapfiller.txt,19,timeout,250,4000
before,3,gem soketeer.txt,1,solved,212,563
before,3,gem soketeer.txt,3,solved,81,345
before,3,gem soketeer.txt,5,solved,37,111
before,3,gem soketeer.txt,7,solved,34,127
before,3,gem soketeer.txt,9,solved,177,719
before,3,gem soketeer.txt,11,solved,12,53
before,3,gem soketeer.txt,13,timeout,250,895
before,3,gem soketeer.txt,15,timeout,250,777
before,3,gem soketeer.txt,17,timeout,250,581
before,3,gem soketeer.txt,19,timeout,250,793
before,3,gem soketeer.txt,21,timeout,250,637
before,3,gem soketeer.txt,23,timeout,250,505
before,3,gem soketeer.txt,25,timeout,250,847
before,3,gem soketeer.txt,27,timeout,250,724
before,3,gem soketeer.txt,29,timeout,250,1120
before,3,gem soketeer.txt,31,timeout,250,1224
before,3,gem soketeer.txt,33,timeout,250,1218
before,3,gobble_rush.txt,0,solved,1,11
before,3,gobble_rush.txt,1,solved,2,42
before,3,gobble_rush.txt,2,solved,8,121
before,3,gobble_rush.txt,3,solved,89,926
before,3,gobble_rush.txt,4,solved,6,92
before,3,gobble_rush.txt,5,solved,18,259
before,3,gobble_rush.txt,6,solved,20,257
before,3,gobble_rush.txt,7,solved,22,257
before,3,gobble_rush.txt,8,solved,23,253
before,3,gobble_rush.txt,9,solved,52,575
before,3,gobble_rush.txt,10,solved,29,174
before,3,gobble_rush.txt,11,solved,23,225
before,3,gobble_rush.txt,12,solved,27,192
before,3,gobble_rush.txt,13,solved,6,92
before,3,gobble_rush.txt,14,solved,15,222
before,3,gobble_rush.txt,15,solved,3,34
before,3,gobble_rush.txt,16,solved,29,403
before,3,gobble_rush.txt,17,solved,19,264
before,3,gobble_rush.txt,18,solved,36,436
before,3,gobble_rush.txt,19,solved,119,1386
before,3,gobble_rush.txt,20,solved,0,4
before,3,hairtug.txt,1,solved,11,65
before,3,hairtug.txt,4,timeout,250,1324
before,3,hairtug.txt,7,timeout,250,972
before,3,hairtug.txt,10,timeout,250,1126
before,3,hairtug.txt,13,timeout,250,975
before,3,head skuller.txt,1,solved,18,717
before,3,head skuller.txt,3,solved,122,6231
before,3,head skuller.txt,5,timeout,250,10652
before,3,head skuller.txt,7,solved,78,3927
before,3,head skuller.txt,9,timeout,251,11254
before,3,head skuller.txt,11,timeout,251,10934
before,3,head skuller.txt,13,solved,0,1
before,3,hedgehog stimulator.txt,1,timeout,250,2186
before,3,hedgehog stimulator.txt,3,timeout,250,2383
before,3,hedgehog stimulator.txt,5,timeout,250,2578
before,3,hedgehog stimulator.txt,7,timeout,250,2456
before,3,hedgehog stimulator.txt,9,timeout,250,1775
before,3,hedgehog stimulator.txt,11,timeout,250,2501
before,3,hedgehog stimulator.txt,13,timeout,250,1980
before,3,hedgehog stimulator.txt,15,timeout,250,1961
before,3,hedgehog stimulator.txt,17,timeout,250,1772
before,3,hedgehog stimulator.txt,19,timeout,250,1906
before,3,hedgehog stimulator.txt,21,timeout,250,1917
before,3,hedgehog stimulator.txt,23,timeout,250,1776
before,3,heroes_of_sokoban.txt,1,solved,0,8
before,3,heroes_of_sokoban.txt,3,solved,14,587
before,3,heroes_of_sokoban.txt,5,solved,0,26
before,3,heroes_of_sokoban.txt,7,timeout,250,6671
before,3,heroes_of_sokoban.txt,9,solved,1,55
before,3,heroes_of_sokoban.txt,10,timeout,250,7916
before,3,heroes_of_sokoban.txt,11,solved,6,257
before,3,heroes_of_sokoban.txt,13,solved,105,2751
before,3,heroes_of_sokoban.txt,14,timeout,250,5665
before,3,heroes_of_sokoban.txt,15,solved,0,17
before,3,heroes_of_sokoban.txt,17,solved,23,372
before,3,heroes_of_sokoban.txt,19,timeout,250,5648
before,3,heroes_of_sokoban.txt,20,timeout,250,5312
before,3,heroes_of_sokoban.txt,21,timeout,251,3334
before,3,heroes_of_sokoban.txt,22,solved,22,361
before,3,heroes_of_sokoban.txt,23,timeout,250,5095
before,3,heroes_of_sokoban.txt,24,timeout,250,5853
before,3,heroes_of_sokoban.txt,25,timeout,250,5431
before,3,heroes_of_sokoban.txt,26,timeout,251,7174
before,3,heroes_of_sokoban.txt,27,solved,4,77
before,3,heroes_of_sokoban.txt,28,timeout,250,3932
before,3,heroes_of_sokoban.txt,29,solved,1,10
before,3,heroes_of_sokoban_2.txt,3,timeout,250,2297
before,3,heroes_of_sokoban_2.txt,5,solved,3,35
before,3,heroes_of_sokoban_2.txt,6,solved,2,32
before,3,heroes_of_sokoban_2.txt,8,timeout,250,5045
before,3,heroes_of_sokoban_2.txt,10,solved,7,73
before,3,heroes_of_sokoban_2.txt,12,timeout,250,2215
before,3,heroes_of_sokoban_2.txt,13,timeout,251,227
before,3,heroes_of_sokoban_2.txt,15,solved,17,52
before,3,heroes_of_sokoban_2.txt,17,timeout,250,2973
before,3,heroes_of_sokoban_2.txt,19,timeout,250,3426
before,3,heroes_of_sokoban_2.txt,20,timeout,250,3604
before,3,heroes_of_sokoban_2.txt,21,timeout,250,3339
before,3,heroes_of_sokoban_2.txt,23,solved,2,21
before,3,heroes_of_sokoban_2.txt,24,solved,190,153
before,3,heroes_of_sokoban_2.txt,26,timeout,251,170
before,3,heroes_of_sokoban_2.txt,27,timeout,250,1828
before,3,heroes_of_sokoban_2.txt,28,timeout,251,213
before,3,heroes_of_sokoban_2.txt,29,timeout,250,1940
before,3,heroes_of_sokoban_2.txt,30,timeout,250,2533
before,3,heroes_of_sokoban_2.txt,31,timeout,250,3099
before,3,heroes_of_sokoban_2.txt,32,timeout,250,3529
before,3,heroes_of_sokoban_2.txt,34,timeout,250,1975
before,3,heroes_of_sokoban_3.txt,3,timeout,251,2679
before,3,heroes_of_sokoban_3.txt,5,solved,60,324
before,3,heroes_of_sokoban_3.txt,6,solved,11,84
before,3,heroes_of_sokoban_3.txt,8,solved,20,114
before,3,heroes_of_sokoban_3.txt,10,timeout,250,2405
before,3,heroes_of_sokoban_3.txt,11,solved,136,1649
before,3,heroes_of_sokoban_3.txt,12,solved,34,393
before,3,heroes_of_sokoban_3.txt,13,timeout,250,2550
before,3,heroes_of_sokoban_3.txt,14,timeout,250,2647
before,3,heroes_of_sokoban_3.txt,16,timeout,251,6238
before,3,heroes_of_sokoban_3.txt,17,timeout,252,4448
before,3,heroes_of_sokoban_3.txt,18,timeout,250,4459
before,3,heroes_of_sokoban_3.txt,21,timeout,250,3643
before,3,heroes_of_sokoban_3.txt,22,timeout,250,2398
before,3,heroes_of_sokoban_3.txt,23,timeout,251,6585
before,3,heroes_of_sokoban_3.txt,24,timeout,250,2335
before,3,heroes_of_sokoban_3.txt,25,timeout,250,2285
before,3,heroes_of_sokoban_3.txt,26,timeout,250,3695
before,3,heroes_of_sokoban_3.txt,27,timeout,250,2525
before,3,heroes_of_sokoban_3.txt,28,timeout,250,3158
before,3,heroes_of_sokoban_3.txt,30,timeout,250,2104
before,3,heroes_of_sokoban_3.txt,31,solved,70,530
before,3,hungry kraken.txt,1,timeout,250,899
before,3,hungry kraken.txt,3,exhausted,0,1
before,3,i am a gust of wind.txt,1,solved,1,76
before,3,i am a gust of wind.txt,3,solved,7,383
before,3,i am a gust of wind.txt,5,solved,5,245
before,3,i am a gust of wind.txt,7,timeout,251,13458
before,3,i sure look tasty.txt,1,timeout,250,94
before,3,i want to grind myself into dust.txt,1,timeout,250,1313
before,3,i want to grind myself into dust.txt,3,timeout,250,797
before,3,i want to grind myself into dust.txt,5,timeout,250,341
before,3,icecrates.txt,1,solved,0,6
before,3,icecrates.txt,3,solved,1,9
before,3,icecrates.txt,5,solved,5,53
before,3,icecrates.txt,7,solved,107,930
before,3,icecrates.txt,9,solved,35,219
before,3,icecrates.txt,11,timeout,250,1341
before,3,impossible.txt,0,exhausted,0,1
before,3,it dies in the light.txt,0,solved,17,94
before,3,it dies in the light.txt,1,solved,132,432
before,3,it dies in the light.txt,2,timeout,250,619
before,3,it dies in the light.txt,3,timeout,250,626
before,3,karamell.txt,1,timeout,250,376
before,3,karamell.txt,3,timeout,250,250
before,3,karamell.txt,5,timeout,250,208
before,3,karamell.txt,7,solved,0,1
before,3,kettle.txt,1,solved,2,26
before,3,kettle.txt,4,solved,0,3
before,3,kettle.txt,7,solved,0,3
before,3,kettle.txt,10,solved,2,27
before,3,kettle.txt,13,solved,11,97
before,3,kettle.txt,16,solved,3,26
before,3,kettle.txt,19,solved,67,473
before,3,kettle.txt,22,solved,64,353
before,3,kettle.txt,25,timeout,250,1321
before,3,kettle.txt,28,timeout,251,1559
before,3,kettle.txt,31,timeout,250,1237
before,3,kishoutenketsu.txt,2,solved,25,320
before,3,kishoutenketsu.txt,5,timeout,250,3999
before,3,kishoutenketsu.txt,8,solved,2,41
before,3,kishoutenketsu.txt,11,timeout,250,585
before,3,konsum.txt,1,timeout,250,1787
before,3,kreiseln.txt,1,solved,25,292
before,3,kreiseln.txt,3,timeout,250,4098
before,3,kreiseln.txt,5,timeout,250,2493
before,3,kreiseln.txt,7,timeout,250,2306
before,3,kreiseln.txt,9,timeout,250,2047
before,3,led challenge.txt,1,timeout,250,3620
before,3,led challenge.txt,3,timeout,250,4664
before,3,led challenge.txt,5,timeout,250,3545
before,3,led challenge.txt,7,timeout,250,775
before,3,ledchallenge.txt,1,timeout,250,3577
before,3,ledchallenge.txt,3,timeout,250,4526
before,3,ledchallenge.txt,5,timeout,250,4015
before,3,ledchallenge.txt,7,timeout,250,871
before,3,legend of zokoban.txt,0,timeout,250,1742
before,3,limerick.txt,1,solved,2,41
before,3,limerick.txt,3,solved,150,2800
before,3,limerick.txt,5,timeout,252,5060
before,3,limerick.txt,7,solved,19,264
before,3,limerick.txt,9,solved,95,1490
before,3,limerick.txt,11,solved,17,296
before,3,limerick.txt,13,timeout,251,4971
before,3,limerick.txt,15,timeout,251,4933
before,3,limerick.txt,17,solved,57,821
before,3,limerick.txt,19,timeout,251,5041
before,3,m c eschers armageddon.txt,0,solved,0,11
before,3,m c eschers armageddon.txt,1,solved,0,4
before,3,m c eschers armageddon.txt,2,solved,1,12
before,3,m c eschers armageddon.txt,3,solved,38,284
before,3,make way.txt,1,timeout,250,9666
before,3,make way.txt,3,solved,73,3331
before,3,manic_ammo.txt,1,solved,0,9
before,3,manic_ammo.txt,3,solved,0,9
before,3,manic_ammo.txt,5,solved,1,71
before,3,manic_ammo.txt,8,solved,0,9
before,3,manic_ammo.txt,10,solved,164,6607
before,3,manic_ammo.txt,12,solved,4,99
before,3,manic_ammo.txt,14,timeout,250,5366
before,3,manic_ammo.txt,16,solved,84,3210
before,3,manic_ammo.txt,18,solved,2,12
before,3,manic_ammo.txt,20,timeout,251,6349
before,3,manic_ammo.txt,22,solved,41,163
before,3,manic_ammo.txt,24,timeout,250,4187
before,3,manic_ammo.txt,26,timeout,250,1355
before,3,manic_ammo.txt,28,timeout,250,1028
before,3,manic_ammo.txt,30,timeout,250,3697
before,3,match three billiards.txt,1,solved,0,4
before,3,match three billiards.txt,3,solved,26,451
before,3,match three billiards.txt,5,solved,38,563
before,3,mazezam.txt,1,solved,1,48
before,3,mazezam.txt,3,solved,3,134
before,3,mazezam.txt,5,solved,5,210
before,3,mazezam.txt,7,solved,13,534
before,3,mazezam.txt,9,solved,13,662
before,3,mazezam.txt,11,solved,12,501
before,3,mazezam.txt,13,solved,28,1121
before,3,mazezam.txt,15,solved,20,763
before,3,mazezam.txt,17,solved,17,709
before,3,mazezam.txt,19,solved,177,3882
before,3,mazezam.txt,21,solved,35,1424
before,3,mazezam.txt,23,timeout,250,6420
before,3,mazezam.txt,25,solved,72,3165
before,3,mazezam.txt,27,solved,69,2557
before,3,mazezam.txt,29,solved,220,8022
before,3,mazezam.txt,31,solved,32,932
before,3,mazezam.txt,33,solved,32,1333
before,3,mazezam.txt,35,timeout,251,8617
before,3,mazezam.txt,37,solved,28,1095
before,3,mazezam.txt,39,solved,129,2661
before,3,mazezam.txt,41,solved,57,1924
before,3,mazezam.txt,43,solved,99,3247
before,3,mazezam.txt,45,solved,51,1874
before,3,mazezam.txt,47,solved,146,5229
before,3,mazezam.txt,49,timeout,250,7120
before,3,mazezam.txt,51,solved,77,2701
before,3,mazezam.txt,53,timeout,251,5895
before,3,mazezam.txt,55,timeout,250,7450
before,3,mazezam.txt,57,timeout,251,5950
before,3,mazezam.txt,59,timeout,251,7725
before,3,message_skip.txt,1,solved,0,1
before,3,midas.txt,0,solved,6,105
before,3,midas.txt,2,solved,20,318
before,3,midas.txt,4,solved,20,285
before,3,midas.txt,6,solved,38,681
before,3,midas.txt,8,timeout,250,3467
before,3,midas.txt,11,timeout,251,2508
before,3,midas.txt,13,timeout,250,2661
before,3,midas.txt,15,timeout,250,2662
before,3,midas.txt,17,timeout,250,2545
before,3,midas.txt,19,timeout,251,2278
before,3,midas.txt,21,timeout,250,2019
before,3,midas.txt,23,timeout,250,2803
before,3,midas.txt,25,solved,144,1609
before,3,midas.txt,27,timeout,250,2240
before,3,midas.txt,29,timeout,250,2314
before,3,moved by leaves of grass.txt,1,timeout,250,264
before,3,multi_level.txt,0,solved,0,1
before,3,multi_level.txt,1,solved,0,1
before,3,newton.txt,1,timeout,250,5826
before,3,newton.txt,3,timeout,250,6339
before,3,newton.txt,5,timeout,250,6823
before,3,no don't eat that.txt,1,timeout,252,28
before,3,no don't eat that.txt,3,timeout,250,30
before,3,no don't eat that.txt,5,timeout,251,20
before,3,no don't eat that.txt,7,timeout,255,17
before,3,no don't eat that.txt,9,timeout,251,26
before,3,no don't eat that.txt,11,timeout,252,10
before,3,no don't eat that.txt,13,timeout,251,11
before,3,no don't eat that.txt,15,timeout,257,10
before,3,no forbidden symbols 2.txt,1,timeout,250,6068
before,3,no forbidden symbols.txt,1,timeout,251,11856
before,3,no heroes necessary.txt,1,solved,16,176
before,3,no heroes necessary.txt,3,solved,7,53
before,3,no heroes necessary.txt,5,solved,30,237
before,3,no heroes necessary.txt,7,solved,9,54
before,3,no heroes necessary.txt,9,solved,161,695
before,3,oh no i accidentally swallowed myself.txt,1,timeout,250,116
before,3,oh no i accidentally swallowed myself.txt,2,solved,0,1
before,3,oh no i accidentally swallowed myself.txt,3,solved,0,1
before,3,oh no i accidentally swallowed myself.txt,4,solved,0,1
before,3,one_move.txt,0,solved,0,1
before,3,paint everything everywhere.txt,1,solved,22,28
before,3,paint everything everywhere.txt,3,solved,41,104
before,3,paint everything everywhere.txt,5,solved,37,20
before,3,paint everything everywhere.txt,7,solved,95,55
before,3,paint everything everywhere.txt,9,timeout,250,97
before,3,paint everything everywhere.txt,11,solved,189,129
before,3,paint everything everywhere.txt,13,solved,53,76
before,3,paint everything everywhere.txt,15,solved,59,44
before,3,paint everything everywhere.txt,17,timeout,254,27
before,3,paint everything everywhere.txt,19,solved,31,46
before,3,paint everything everywhere.txt,21,solved,110,110
before,3,paint everything everywhere.txt,23,solved,105,50
before,3,paint everything everywhere.txt,25,solved,189,99
before,3,paint everything everywhere.txt,27,solved,255,81
before,3,paint everything everywhere.txt,29,solved,255,102
before,3,paint everything everywhere.txt,31,solved,214,66
before,3,paint everything everywhere.txt,33,solved,101,51
before,3,paint everything everywhere.txt,35,solved,203,57
before,3,paint everything everywhere.txt,37,timeout,250,424
before,3,paint everything everywhere.txt,39,timeout,250,35
before,3,participating in society.txt,2,timeout,252,1202
before,3,pipe puffer.txt,2,timeout,250,3101
before,3,pipe puffer.txt,4,solved,58,589
before,3,pipe puffer.txt,6,timeout,250,1787
before,3,pipe puffer.txt,8,timeout,250,1397
before,3,pipe puffer.txt,10,timeout,250,2347
before,3,pipe puffer.txt,12,timeout,250,1568
before,3,pipe puffer.txt,14,timeout,250,1983
before,3,pipe puffer.txt,16,solved,14,73
before,3,ponies jumping synchronously.txt,0,solved,0,8
before,3,ponies jumping synchronously.txt,2,solved,0,9
before,3,ponies jumping synchronously.txt,4,solved,0,7
before,3,ponies jumping synchronously.txt,6,solved,0,9
before,3,ponies jumping synchronously.txt,8,solved,1,29
before,3,ponies jumping synchronously.txt,10,solved,17,388
before,3,ponies jumping synchronously.txt,12,solved,1,8
before,3,ponies jumping synchronously.txt,14,solved,15,283
before,3,ponies jumping synchronously.txt,17,timeout,250,2397
before,3,ponies jumping synchronously.txt,19,solved,15,265
before,3,ponies jumping synchronously.txt,21,timeout,250,2963
before,3,ponies jumping synchronously.txt,23,timeout,250,1930
before,3,pupush.txt,1,timeout,250,6459
before,3,push pull.txt,1,solved,6,285
before,3,push pull.txt,3,solved,7,236
before,3,push pull.txt,5,solved,18,876
before,3,push.txt,1,solved,0,6
before,3,push.txt,3,solved,0,13
before,3,push.txt,5,solved,17,566
before,3,push.txt,7,solved,4,110
before,3,push.txt,9,solved,7,243
before,3,push.txt,11,solved,34,884
before,3,push.txt,13,solved,38,663
before,3,push.txt,15,timeout,250,3666
before,3,push.txt,17,timeout,250,4371
before,3,push.txt,19,timeout,250,4214
before,3,push.txt,21,solved,189,3306
before,3,push.txt,23,solved,4,78
before,3,push.txt,25,solved,225,3950
before,3,push.txt,27,timeout,250,4277
before,3,push.txt,29,timeout,251,3911
before,3,push.txt,31,solved,91,2397
before,3,push.txt,33,timeout,250,2652
before,3,push.txt,35,timeout,250,2464
before,3,push.txt,37,solved,2,52
before,3,push.txt,39,timeout,250,4947
before,3,push.txt,40,solved,0,4
before,3,pushit.txt,1,solved,110,5171
before,3,pushit.txt,3,timeout,251,6593
before,3,pushit.txt,5,timeout,250,12504
before,3,pushit.txt,7,timeout,251,13735
before,3,puzzles.txt,0,timeout,250,1052
before,3,realtime dog mountain rescue.txt,1,timeout,250,629
before,3,realtime dog mountain rescue.txt,4,timeout,250,517
before,3,realtime dog mountain rescue.txt,7,timeout,250,350
before,3,riverpuzzle.txt,0,timeout,250,25
before,3,robot arm.txt,3,timeout,250,887
before,3,robot arm.txt,5,timeout,265,34
before,3,robot arm.txt,7,timeout,250,865
before,3,robotarm.txt,3,timeout,250,861
before,3,robotarm.txt,5,timeout,262,34
before,3,robotarm.txt,7,timeout,250,838
before,3,sacrament of the river god.txt,1,timeout,250,629
before,3,sacrament of the river god.txt,3,timeout,250,166
before,3,sacrament of the river god.txt,5,timeout,250,521
before,3,sacrament of the river god.txt,7,timeout,250,384
before,3,sacrament of the river god.txt,9,timeout,250,626
before,3,sacrament of the river god.txt,11,timeout,250,121
before,3,sacrament of the river god.txt,13,solved,3,12
before,3,seize the flag.txt,1,timeout,250,625
before,3,seize the flag.txt,3,solved,0,1
before,3,short adventure in sticky wall land.txt,1,timeout,250,1027
before,3,short adventure in sticky wall land.txt,3,timeout,250,914
before,3,short adventure in sticky wall land.txt,5,timeout,250,955
before,3,shy snake.txt,1,solved,89,95
before,3,shy snake.txt,3,timeout,250,85
before,3,shy snake.txt,5,timeout,250,92
before,3,slide pull.txt,1,solved,26,1388
before,3,slide pull.txt,3,solved,13,573
before,3,slide pull.txt,5,solved,52,2583
before,3,slide pull.txt,7,timeout,250,11277
before,3,slide pull.txt,9,solved,15,782
before,3,slide pull.txt,11,timeout,251,9822
before,3,slide pull.txt,13,solved,239,6725
before,3,slidings.txt,1,solved,1,39
before,3,slidings.txt,3,solved,0,18
before,3,slidings.txt,5,solved,1,38
before,3,slidings.txt,7,solved,3,82
before,3,slidings.txt,9,solved,10,234
before,3,slidings.txt,11,timeout,250,5073
before,3,slidings.txt,13,solved,182,5247
before,3,slidings.txt,15,solved,193,6209
before,3,slidings.txt,17,timeout,251,6246
before,3,slidings.txt,19,solved,82,1895
before,3,slidings.txt,21,solved,109,2959
before,3,slime vat filler.txt,2,solved,4,229
before,3,slime vat filler.txt,4,solved,0,39
before,3,slime vat filler.txt,6,solved,2,125
before,3,slime vat filler.txt,8,solved,1,89
before,3,slime vat filler.txt,10,solved,2,127
before,3,slime vat filler.txt,12,solved,185,7121
before,3,slime vat filler.txt,14,solved,10,550
before,3,slime vat filler.txt,16,timeout,251,8992
before,3,slime vat filler.txt,18,solved,156,5783
before,3,slime vat filler.txt,21,solved,61,3131
before,3,slime vat filler.txt,23,solved,0,1
before,3,slot machine.txt,1,solved,176,620
before,3,slot machine.txt,3,timeout,250,844
before,3,smother.txt,2,solved,25,265
before,3,smother.txt,4,solved,29,499
before,3,smother.txt,6,solved,40,765
before,3,smother.txt,8,solved,54,415
before,3,smother.txt,10,solved,135,781
before,3,smother.txt,14,solved,0,6
before,3,smother.txt,16,solved,1,32
before,3,smother.txt,18,solved,1,36
before,3,smother.txt,20,solved,11,276
before,3,smother.txt,22,solved,12,334
before,3,smother.txt,26,solved,42,536
before,3,smother.txt,28,solved,203,1909
before,3,smother.txt,30,solved,33,317
before,3,smother.txt,32,timeout,250,448
before,3,smother.txt,34,timeout,250,1659
before,3,smother.txt,37,solved,0,4
before,3,snkaey makes a sixy.txt,0,timeout,250,2895
before,3,snkaey makes a sixy.txt,2,exhausted,0,1
before,3,snortal.txt,0,timeout,250,4424
before,3,sok7.txt,0,timeout,250,837
before,3,sokobansokobansokoban.txt,1,timeout,251,6157
before,3,sokobond demake.txt,2,solved,2,38
before,3,sokobond demake.txt,4,solved,1,18
before,3,sokobond demake.txt,6,solved,1,16
before,3,sokobond demake.txt,8,solved,1,20
before,3,sokobond demake.txt,10,solved,3,64
before,3,sokobond demake.txt,12,solved,3,49
before,3,sokobond demake.txt,14,solved,19,300
before,3,sokobond demake.txt,16,solved,4,81
before,3,sokobond demake.txt,18,solved,46,830
before,3,sokobond demake.txt,20,solved,42,748
before,3,sokobond demake.txt,22,solved,26,588
before,3,sokobond demake.txt,24,timeout,250,4890
before,3,sokobond demake.txt,26,solved,20,615
before,3,sokobond demake.txt,28,timeout,250,7118
before,3,sokobond demake.txt,30,timeout,250,7727
before,3,sokogoban.txt,2,timeout,250,745
before,3,sokogoban.txt,4,timeout,250,428
before,3,sokogoban.txt,6,timeout,250,235
before,3,stick_candy_puzzle_saga.txt,1,solved,148,2971
before,3,stick_candy_puzzle_saga.txt,2,timeout,250,4681
before,3,stick_candy_puzzle_saga.txt,4,timeout,250,3065
before,3,stick_candy_puzzle_saga.txt,5,timeout,250,2429
before,3,stick_candy_puzzle_saga.txt,6,timeout,250,2777
before,3,stick_candy_puzzle_saga.txt,7,timeout,250,3848
before,3,stick_candy_puzzle_saga.txt,8,timeout,250,2828
before,3,stick_candy_puzzle_saga.txt,9,timeout,250,3966
before,3,stick_candy_puzzle_saga.txt,10,timeout,250,2576
before,3,stick_candy_puzzle_saga.txt,11,timeout,250,3776
before,3,stick_candy_puzzle_saga.txt,12,timeout,250,2740
before,3,stick_candy_puzzle_saga.txt,13,timeout,250,3352
before,3,stick_candy_puzzle_saga.txt,14,timeout,250,3727
before,3,stick_candy_puzzle_saga.txt,15,timeout,250,3248
before,3,stick_candy_puzzle_saga.txt,16,timeout,250,3067
before,3,stick_candy_puzzle_saga.txt,17,timeout,250,3260
before,3,stick_candy_puzzle_saga.txt,18,timeout,250,2984
before,3,stick_candy_puzzle_saga.txt,19,timeout,250,2232
before,3,stick_candy_puzzle_saga.txt,20,timeout,250,2831
before,3,stick_candy_puzzle_saga.txt,21,timeout,250,1967
before,3,sum three horizontally to 8.txt,4,solved,2,15
before,3,sum three horizontally to 8.txt,6,solved,2,8
before,3,sum three horizontally to 8.txt,8,solved,2,6
before,3,sum three horizontally to 8.txt,10,solved,3,13
before,3,sum three horizontally to 8.txt,13,solved,3,26
before,3,sum three horizontally to 8.txt,15,solved,52,473
before,3,sum three horizontally to 8.txt,17,solved,3,19
before,3,sum three horizontally to 8.txt,19,solved,9,109
before,3,sum three horizontally to 8.txt,22,solved,55,623
before,3,sum three horizontally to 8.txt,24,solved,9,107
before,3,sum three horizontally to 8.txt,26,solved,39,415
before,3,sum three horizontally to 8.txt,28,solved,24,304
before,3,sum three horizontally to 8.txt,31,timeout,250,520
before,3,take heart lass.txt,1,solved,0,3
before,3,take heart lass.txt,3,solved,4,25
before,3,take heart lass.txt,5,solved,1,8
before,3,take heart lass.txt,7,solved,2,28
before,3,take heart lass.txt,9,solved,157,1256
before,3,take heart lass.txt,11,solved,15,120
before,3,take heart lass.txt,13,solved,55,361
before,3,take heart lass.txt,15,timeout,250,1785
before,3,take heart lass.txt,17,solved,10,49
before,3,take heart lass.txt,19,solved,114,512
before,3,take heart lass.txt,21,solved,127,761
before,3,take heart lass.txt,23,timeout,250,835
before,3,talo pipi 2.txt,1,timeout,250,946
before,3,talo pipi 2.txt,3,timeout,250,1577
before,3,talo pipi 2.txt,5,timeout,250,873
before,3,talo pipi 2.txt,7,timeout,250,1204
before,3,talo pipi 2.txt,9,timeout,250,1690
before,3,talo pipi 2.txt,11,timeout,250,678
before,3,talo pipi 2.txt,13,timeout,250,603
before,3,talo pipi 2.txt,15,timeout,250,639
before,3,talo pipi 2.txt,17,solved,0,1
before,3,the exit is under my left foot.txt,1,solved,183,102
before,3,the red ring of immortality.txt,1,solved,10,226
before,3,the red ring of immortality.txt,3,solved,75,1354
before,3,the red ring of immortality.txt,5,solved,1,52
before,3,the red ring of immortality.txt,7,solved,66,1633
before,3,the red ring of immortality.txt,9,solved,6,213
before,3,the red ring of immortality.txt,11,solved,10,332
before,3,the red ring of immortality.txt,13,solved,105,2759
before,3,the red ring of immortality.txt,15,solved,16,424
before,3,the red ring of immortality.txt,17,solved,87,2173
before,3,the red ring of immortality.txt,19,solved,12,264
before,3,the red ring of immortality.txt,21,solved,1,21
before,3,the red ring of immortality.txt,23,solved,0,2
before,3,the_saga_of_the_candy_scroll.txt,6,solved,4,106
before,3,the_saga_of_the_candy_scroll.txt,10,solved,0,8
before,3,the_saga_of_the_candy_scroll.txt,14,solved,0,4
before,3,the_saga_of_the_candy_scroll.txt,18,solved,35,551
before,3,the_saga_of_the_candy_scroll.txt,20,timeout,250,5272
before,3,the_saga_of_the_candy_scroll.txt,22,solved,5,104
before,3,the_saga_of_the_candy_scroll.txt,26,solved,41,832
before,3,the_saga_of_the_candy_scroll.txt,28,timeout,250,3507
before,3,the_saga_of_the_candy_scroll.txt,31,solved,110,1273
before,3,the_saga_of_the_candy_scroll.txt,35,timeout,250,2996
before,3,the_saga_of_the_candy_scroll.txt,46,solved,0,3
before,3,the_saga_of_the_candy_scroll.txt,50,solved,2,54
before,3,the_saga_of_the_candy_scroll.txt,53,solved,39,723
before,3,the_saga_of_the_candy_scroll.txt,55,solved,133,2683
before,3,the_saga_of_the_candy_scroll.txt,58,timeout,250,4836
before,3,the_saga_of_the_candy_scroll.txt,61,timeout,250,5033
before,3,the_saga_of_the_candy_scroll.txt,64,timeout,251,5111
before,3,the_saga_of_the_candy_scroll.txt,66,timeout,250,4184
before,3,the_saga_of_the_candy_scroll.txt,68,timeout,250,5401
before,3,the_saga_of_the_candy_scroll.txt,70,timeout,250,4473
before,3,the_saga_of_the_candy_scroll.txt,78,timeout,250,4066
before,3,the_saga_of_the_candy_scroll.txt,80,timeout,250,3277
before,3,the_saga_of_the_candy_scroll.txt,82,timeout,250,2964
before,3,the_saga_of_the_candy_scroll.txt,85,timeout,250,3415
before,3,the_saga_of_the_candy_scroll.txt,89,timeout,250,2853
before,3,the_saga_of_the_candy_scroll.txt,98,timeout,250,4180
before,3,the_saga_of_the_candy_scroll.txt,102,timeout,250,2939
before,3,the_saga_of_the_candy_scroll.txt,106,timeout,250,2346
before,3,the_saga_of_the_candy_scroll.txt,112,timeout,250,2942
before,3,the_saga_of_the_candy_scroll.txt,116,solved,43,501
before,3,threes.txt,0,timeout,250,312
before,3,tiny treasure hunt.txt,1,timeout,250,44
before,3,tiny treasure hunt.txt,3,timeout,252,15
before,3,tiny treasure hunt.txt,5,timeout,250,18
before,3,tiny treasure hunt.txt,7,timeout,250,56
before,3,tiny treasure hunt.txt,9,timeout,251,22
before,3,tiny treasure hunt.txt,11,timeout,251,49
before,3,tiny treasure hunt.txt,13,timeout,250,21
before,3,tunnel rat.txt,1,timeout,250,229
before,3,tunnel rat.txt,3,timeout,250,118
before,3,unclean residues.txt,2,timeout,251,5912
before,3,unclean residues.txt,4,timeout,250,7508
before,3,unclean residues.txt,6,timeout,250,6953
before,3,unclean residues.txt,8,timeout,250,6731
before,3,unclean residues.txt,10,timeout,250,5931
before,3,unclean residues.txt,13,solved,140,3677
before,3,unewton.txt,2,timeout,250,4011
before,3,unewton.txt,4,timeout,251,6095
before,3,unewton.txt,6,timeout,250,4482
before,3,unewton.txt,8,timeout,250,3130
before,3,whaleworld.txt,1,solved,39,120
before,3,whaleworld.txt,3,solved,32,240
before,3,whaleworld.txt,5,solved,181,878
before,3,whaleworld.txt,7,timeout,250,1398
before,3,whaleworld.txt,9,timeout,250,819
before,3,whaleworld.txt,11,timeout,250,819
before,3,whaleworld.txt,13,timeout,250,472
before,3,whaleworld.txt,15,timeout,250,1004
before,3,witch lifter.txt,1,timeout,250,1111
before,3,witch lifter.txt,3,solved,138,564
before,3,witch lifter.txt,5,timeout,250,1300
before,3,witch lifter.txt,7,timeout,250,1095
before,3,witch lifter.txt,9,timeout,250,1047
before,3,witch lifter.txt,11,timeout,250,1539
before,3,witch lifter.txt,13,timeout,250,740
before,3,witch lifter.txt,15,timeout,250,798
before,3,wool-clawer.txt,1,timeout,250,699
before,3,wool-clawer.txt,3,timeout,250,675
before,3,wool-clawer.txt,5,timeout,250,262
before,3,wool-clawer.txt,7,timeout,250,172
before,3,wool-clawer.txt,9,timeout,250,242
before,3,wool-clawer.txt,11,timeout,250,219
before,3,you can't make this up.txt,1,timeout,251,3667
before,3,you complete me.txt,0,timeout,250,2809
before,3,zokoban.txt,0,timeout,250,1356
after,1,15 push pull levels.txt,1,solved,21,1342
after,1,15 push pull levels.txt,3,solved,2,137
after,1,15 push pull levels.txt,5,solved,85,5517
after,1,15 push pull levels.txt,7,solved,122,7643
after,1,15 push pull levels.txt,9,solved,70,4319
after,1,15 push pull levels.txt,11,solved,26,1565
after,1,15 push pull levels.txt,13,solved,21,1376
after,1,15 push pull levels.txt,15,solved,38,2195
after,1,15 push pull levels.txt,17,solved,28,1730
after,1,15 push pull levels.txt,19,solved,130,7849
after,1,15 push pull levels.txt,21,timeout,251,14850
after,1,15 push pull levels.txt,23,solved,222,13036
after,1,15 push pull levels.txt,25,solved,202,12036
after,1,15 push pull levels.txt,27,timeout,251,15068
after,1,15 push pull levels.txt,29,timeout,252,15907
after,1,5-junctions-maker.txt,1,timeout,250,458
after,1,5-junctions-maker.txt,3,solved,0,1
after,1,8 happy snakes.txt,1,solved,0,10
after,1,8 happy snakes.txt,3,solved,27,346
after,1,8 happy snakes.txt,5,solved,6,91
after,1,8 happy snakes.txt,7,solved,47,465
after,1,8 happy snakes.txt,9,timeout,253,6560
after,1,8 happy snakes.txt,11,timeout,252,5837
after,1,8 happy snakes.txt,13,timeout,252,5885
after,1,8 happy snakes.txt,15,timeout,251,1959
after,1,ALL GREEN TO BLUE.txt,1,solved,0,36
after,1,ALL GREEN TO BLUE.txt,3,solved,175,8191
after,1,ALL GREEN TO BLUE.txt,5,solved,82,4892
after,1,ALL GREEN TO BLUE.txt,7,solved,53,3260
after,1,ALL GREEN TO BLUE.txt,9,solved,21,1376
after,1,ALL GREEN TO BLUE.txt,11,timeout,252,12979
after,1,ALL GREEN TO BLUE.txt,13,solved,147,10966
after,1,ALL GREEN TO BLUE.txt,15,solved,2,188
after,1,ALL GREEN TO BLUE.txt,17,timeout,251,17724
after,1,ALL GREEN TO BLUE.txt,19,solved,11,884
after,1,ALL GREEN TO BLUE.txt,21,solved,2,89
after,1,Acorn Scorchery Paradise.txt,1,solved,8,489
after,1,Acorn Scorchery Paradise.txt,3,solved,6,380
after,1,Acorn Scorchery Paradise.txt,5,solved,21,1219
after,1,Acorn Scorchery Paradise.txt,7,solved,8,454
after,1,Acorn Scorchery Paradise.txt,9,solved,27,1545
after,1,All Green and Blue on Yellow.txt,1,solved,2,200
after,1,All Green and Blue on Yellow.txt,3,solved,2,166
after,1,All Green and Blue on Yellow.txt,5,solved,14,1249
after,1,All Green and Blue on Yellow.txt,7,solved,17,1343
after,1,All Green and Blue on Yellow.txt,9,solved,15,1260
after,1,Any hole is a goal.txt,1,solved,6,17
after,1,Any hole is a goal.txt,3,solved,181,802
after,1,Any hole is a goal.txt,5,timeout,250,912
after,1,Any hole is a goal.txt,7,solved,172,748
after,1,Any hole is a goal.txt,9,timeout,250,1065
after,1,Any hole is a goal.txt,11,timeout,250,1063
after,1,Any hole is a goal.txt,13,timeout,250,1014
after,1,Any hole is a goal.txt,15,timeout,250,819
after,1,Any hole is a goal.txt,17,timeout,250,1074
after,1,Any hole is a goal.txt,19,timeout,250,1047
after,1,Any hole is a goal.txt,21,timeout,250,1004
after,1,Any hole is a goal.txt,23,timeout,250,872
after,1,Any hole is a goal.txt,25,timeout,250,932
after,1,Any hole is a goal.txt,27,timeout,250,539
after,1,Any hole is a goal.txt,29,timeout,250,1028
after,1,Any hole is a goal.txt,31,timeout,250,985
after,1,Any hole is a goal.txt,33,timeout,250,800
after,1,Any hole is a goal.txt,35,timeout,250,771
after,1,Any hole is a goal.txt,37,timeout,250,516
after,1,Any hole is a goal.txt,39,timeout,250,825
after,1,Any hole is a goal.txt,41,timeout,250,995
after,1,Any hole is a goal.txt,43,timeout,250,527
after,1,Any hole is a goal.txt,45,timeout,250,488
after,1,Any hole is a goal.txt,47,timeout,250,994
after,1,Any hole is a goal.txt,49,timeout,250,1043
after,1,Any hole is a goal.txt,51,timeout,250,723
after,1,Any hole is a goal.txt,53,timeout,250,860
after,1,Any hole is a goal.txt,55,timeout,250,999
after,1,Any hole is a goal.txt,57,timeout,250,1041
after,1,Any hole is a goal.txt,59,timeout,250,950
after,1,Any hole is a goal.txt,61,timeout,250,956
after,1,Any hole is a goal.txt,63,timeout,250,975
after,1,Any hole is a goal.txt,65,timeout,250,1024
after,1,Any hole is a goal.txt,67,timeout,250,880
after,1,Any hole is a goal.txt,69,timeout,250,970
after,1,Attractor Net.txt,1,solved,97,2014
after,1,Attractor Net.txt,3,solved,115,2769
after,1,Attractor Net.txt,5,solved,7,162
after,1,Attractor Net.txt,7,solved,20,523
after,1,Attractor Net.txt,9,solved,65,1433
after,1,Attractor Net.txt,11,solved,22,571
after,1,Attractor Net.txt,13,solved,129,3034
after,1,Attractor Net.txt,15,solved,82,1772
after,1,Attractor Net.txt,17,solved,1,20
after,1,Attractor Net.txt,19,solved,64,1642
after,1,BIAXIAL INVASION OF SATURN.txt,3,solved,140,523
after,1,BIAXIAL INVASION OF SATURN.txt,5,timeout,250,762
after,1,BIAXIAL INVASION OF SATURN.txt,7,timeout,250,481
after,1,BIAXIAL INVASION OF SATURN.txt,9,timeout,250,455
after,1,BIAXIAL INVASION OF SATURN.txt,11,timeout,250,398
after,1,BIAXIAL INVASION OF SATURN.txt,13,solved,197,444
after,1,BIAXIAL INVASION OF SATURN.txt,15,timeout,250,593
after,1,BIAXIAL INVASION OF SATURN.txt,17,timeout,250,270
after,1,BIAXIAL INVASION OF SATURN.txt,19,timeout,250,125
after,1,BIAXIAL INVASION OF SATURN.txt,21,timeout,250,118
after,1,BIAXIAL INVASION OF SATURN.txt,23,timeout,250,172
after,1,BIAXIAL INVASION OF SATURN.txt,25,timeout,251,17
after,1,BIAXIAL INVASION OF SATURN.txt,28,solved,0,1
after,1,BIAXIAL INVASION OF SATURN.txt,29,solved,0,1
after,1,BIAXIAL INVASION OF SATURN.txt,30,solved,0,1
after,1,BIAXIAL INVASION OF SATURN.txt,31,solved,1,1
after,1,Bicycle-Kick Football.txt,1,timeout,250,613
after,1,Bicycle-Kick Football.txt,4,solved,10,91
after,1,Bicycle-Kick Football.txt,7,solved,119,685
after,1,Bicycle-Kick Football.txt,10,timeout,250,2127
after,1,Bicycle-Kick Football.txt,13,timeout,250,1109
after,1,Bicycle-Kick Football.txt,16,timeout,250,1846
after,1,Bring the ice cube to the goal without exposing it to heat.txt,1,timeout,250,472
after,1,CODEX LUBRICUS.txt,2,solved,43,130
after,1,CODEX LUBRICUS.txt,4,solved,54,93
after,1,CODEX LUBRICUS.txt,6,solved,54,73
after,1,CODEX LUBRICUS.txt,8,solved,27,93
after,1,CODEX LUBRICUS.txt,10,solved,81,113
after,1,CODEX LUBRICUS.txt,12,solved,54,149
after,1,CODEX LUBRICUS.txt,14,solved,51,111
after,1,CODEX LUBRICUS.txt,16,solved,49,118
after,1,CODEX LUBRICUS.txt,18,solved,74,105
after,1,CODEX LUBRICUS.txt,20,solved,80,115
after,1,CODEX LUBRICUS.txt,22,solved,49,112
after,1,CODEX LUBRICUS.txt,24,solved,61,116
after,1,CODEX LUBRICUS.txt,26,solved,62,108
after,1,CODEX LUBRICUS.txt,28,solved,92,104
after,1,CODEX LUBRICUS.txt,30,solved,92,131
after,1,CODEX LUBRICUS.txt,32,solved,185,275
after,1,CODEX LUBRICUS.txt,34,solved,72,122
after,1,CODEX LUBRICUS.txt,36,solved,76,164
after,1,CODEX LUBRICUS.txt,38,solved,44,102
after,1,CODEX LUBRICUS.txt,40,solved,162,262
after,1,Chevron Lodger.txt,1,solved,2,67
after,1,Chevron Lodger.txt,3,solved,52,1755
after,1,Chevron Lodger.txt,5,solved,185,5035
after,1,Chevron Lodger.txt,7,solved,25,823
after,1,Chevron Lodger.txt,9,timeout,250,6937
after,1,Chevron Lodger.txt,11,timeout,250,5525
after,1,Crates move when you move.txt,1,solved,3,138
after,1,Crates move when you move.txt,3,solved,1,73
after,1,Crates move when you move.txt,5,solved,1,49
after,1,Crates move when you move.txt,7,solved,3,115
after,1,Crates move when you move.txt,9,solved,2,71
after,1,Crates move when you move.txt,11,solved,0,3
after,1,Crates move when you move.txt,13,solved,8,348
after,1,Crates move when you move.txt,15,solved,7,230
after,1,Crates move when you move.txt,17,solved,2,93
after,1,Crates move when you move.txt,19,solved,11,415
after,1,Cucumber Surprise.txt,2,solved,6,259
after,1,Cucumber Surprise.txt,5,solved,6,201
after,1,Cucumber Surprise.txt,7,solved,32,1178
after,1,Cucumber Surprise.txt,9,solved,71,2499
after,1,Cucumber Surprise.txt,11,solved,225,7606
after,1,Cucumber Surprise.txt,13,solved,39,1163
after,1,Cucumber Surprise.txt,15,solved,66,2202
after,1,Cucumber Surprise.txt,17,solved,23,916
after,1,Cucumber Surprise.txt,19,solved,48,1311
after,1,Cucumber Surprise.txt,21,solved,233,8142
after,1,Cucumber Surprise.txt,23,solved,94,3449
after,1,Cucumber Surprise.txt,25,solved,34,1243
after,1,Cucumber Surprise.txt,27,timeout,250,7250
after,1,Cucumber Surprise.txt,29,solved,26,731
after,1,Cucumber Surprise.txt,31,solved,76,2119
after,1,Cucumber Surprise.txt,33,solved,135,3415
after,1,Cucumber Surprise.txt,35,solved,63,1727
after,1,Cucumber Surprise.txt,37,solved,24,812
after,1,Cucumber Surprise.txt,39,solved,111,2968
after,1,Cucumber Surprise.txt,41,timeout,250,7681
after,1,Des Poseidons Dreizack.txt,1,timeout,250,177
after,1,Des Poseidons Dreizack.txt,3,timeout,250,167
after,1,Des Poseidons Dreizack.txt,5,timeout,250,139
after,1,Des Poseidons Dreizack.txt,6,solved,1,9
after,1,Des Poseidons Dreizack.txt,7,solved,0,1
after,1,Don't let your goals slip away.txt,1,solved,1,63
after,1,Don't let your goals slip away.txt,3,solved,97,4881
after,1,Don't let your goals slip away.txt,5,solved,2,121
after,1,Don't let your goals slip away.txt,7,solved,10,512
after,1,Don't let your goals slip away.txt,9,solved,23,1317
after,1,Don't let your goals slip away.txt,11,solved,164,5817
after,1,Don't let your goals slip away.txt,13,solved,49,2187
after,1,Don't let your goals slip away.txt,15,solved,157,7721
after,1,Double-Entry Bookkeeping Simulator.txt,1,timeout,250,1343
after,1,Double-Entry Bookkeeping Simulator.txt,3,timeout,250,670
after,1,Double-Entry Bookkeeping Simulator.txt,5,timeout,250,1571
after,1,Double-Entry Bookkeeping Simulator.txt,7,timeout,250,804
after,1,Double-Entry Bookkeeping Simulator.txt,9,timeout,250,937
after,1,Double-Entry Bookkeeping Simulator.txt,11,timeout,250,522
after,1,Double-Entry Bookkeeping Simulator.txt,13,timeout,250,350
after,1,Double-Entry Bookkeeping Simulator.txt,15,timeout,250,420
after,1,Double-Entry Bookkeeping Simulator.txt,17,timeout,250,1725
after,1,Explodoban.txt,1,solved,12,437
after,1,Explodoban.txt,3,solved,7,320
after,1,Explodoban.txt,5,solved,72,3082
after,1,Explodoban.txt,7,solved,176,5873
after,1,Explodoban.txt,9,solved,91,3907
after,1,Explodoban.txt,11,solved,68,2959
after,1,Explodoban.txt,13,timeout,250,10497
after,1,Eyeball-watching flowers bloom.txt,1,solved,1,53
after,1,Eyeball-watching flowers bloom.txt,3,solved,201,4076
after,1,Eyeball-watching flowers bloom.txt,5,timeout,250,4769
after,1,Garten der Medusen.txt,1,solved,6,6
after,1,Garten der Medusen.txt,3,solved,6,4
after,1,Garten der Medusen.txt,5,solved,11,6
after,1,Garten der Medusen.txt,7,timeout,250,282
after,1,Garten der Medusen.txt,9,timeout,250,162
after,1,Garten der Medusen.txt,11,timeout,250,154
after,1,Garten der Medusen.txt,13,timeout,253,51
after,1,Garten der Medusen.txt,15,timeout,250,63
after,1,Hole-Stuffer.txt,1,timeout,250,3134
after,1,Hole-Stuffer.txt,3,solved,244,3591
after,1,Hole-Stuffer.txt,5,solved,11,178
after,1,Hole-Stuffer.txt,7,timeout,250,2919
after,1,"Individuals can produce a society, but can a society produce individuals.txt",1,timeout,251,501
after,1,It gets its Feet Wet.txt,1,timeout,250,246
after,1,Legend of Swixero.txt,1,solved,6,369
after,1,Legend of Swixero.txt,3,solved,26,1444
after,1,Legend of Swixero.txt,5,solved,9,450
after,1,Legend of Swixero.txt,7,timeout,251,10409
after,1,Legend of Swixero.txt,9,timeout,251,9905
after,1,Match two two by twos.txt,2,timeout,250,1344
after,1,Match two two by twos.txt,4,timeout,250,818
after,1,Match two two by twos.txt,6,timeout,250,844
after,1,Match-Maker.txt,1,solved,34,1111
after,1,Match-Maker.txt,3,solved,4,66
after,1,Match-Maker.txt,5,solved,11,214
after,1,Match-Maker.txt,7,solved,248,4771
after,1,Match-Maker.txt,9,timeout,250,4882
after,1,Match-Maker.txt,11,timeout,250,5140
after,1,Match-Maker.txt,13,solved,171,3402
after,1,Match-Maker.txt,15,solved,237,4839
after,1,Match-Maker.txt,17,timeout,250,4199
after,1,Microban x 10.txt,2,timeout,250,313
after,1,Muraphilic Monophobic Multiban.txt,1,timeout,252,10111
after,1,Muraphilic Monophobic Multiban.txt,3,solved,0,6
after,1,Muraphilic Monophobic Multiban.txt,5,solved,11,390
after,1,Muraphilic Monophobic Multiban.txt,7,solved,113,4207
after,1,Muraphilic Monophobic Multiban.txt,9,timeout,252,9661
after,1,Muraphilic Monophobic Multiban.txt,11,solved,62,2039
after,1,Muraphilic Monophobic Multiban.txt,13,solved,28,1149
after,1,Muraphilic Monophobic Multiban.txt,15,timeout,251,8289
after,1,NIGHTMARECROBAN.txt,1,solved,5,309
after,1,NIGHTMARECROBAN.txt,3,solved,35,1682
after,1,NIGHTMARECROBAN.txt,5,solved,27,1170
after,1,NIGHTMARECROBAN.txt,7,solved,8,387
after,1,NIGHTMARECROBAN.txt,9,solved,14,515
after,1,NIGHTMARECROBAN.txt,11,solved,46,1605
after,1,NIGHTMARECROBAN.txt,13,solved,90,3677
after,1,Neoprenanzieher.txt,2,timeout,250,513
after,1,North Wind Simple Sailboat Buoy Collection.txt,2,exhausted,1,9
after,1,North Wind Simple Sailboat Buoy Collection.txt,4,exhausted,2,9
after,1,North Wind Simple Sailboat Buoy Collection.txt,6,exhausted,1,9
after,1,Oh No My Dog Is About To Swallow A Piece Of.txt,1,timeout,251,119
after,1,Place the crate on the targets.txt,1,timeout,251,988
after,1,Pocket Gopher - Root-Shoot Nibbler.txt,2,timeout,250,1624
after,1,Pocket Gopher - Root-Shoot Nibbler.txt,5,timeout,250,991
after,1,Pocket Gopher - Root-Shoot Nibbler.txt,8,timeout,250,1592
after,1,Pocket Gopher - Root-Shoot Nibbler.txt,11,timeout,250,780
after,1,Pocket Gopher - Root-Shoot Nibbler.txt,14,timeout,250,1223
after,1,Pushy-V Pully-H.txt,1,solved,10,664
after,1,Pushy-V Pully-H.txt,3,solved,0,25
after,1,Pushy-V Pully-H.txt,5,solved,17,866
after,1,Pushy-V Pully-H.txt,7,solved,32,1738
after,1,Pushy-V Pully-H.txt,9,solved,0,14
after,1,Pushy-V Pully-H.txt,11,solved,1,109
after,1,Pushy-V Pully-H.txt,13,solved,1,78
after,1,Pushy-V Pully-H.txt,15,solved,77,3497
after,1,Pushy-V Pully-H.txt,17,solved,52,2857
after,1,Pushy-V Pully-H.txt,19,solved,1,72
after,1,Pushy-V Pully-H.txt,21,solved,196,9302
after,1,"Put the logs in the water, elephant.txt",1,timeout,250,3078
after,1,"Put the logs in the water, elephant.txt",4,solved,59,770
after,1,"Put the logs in the water, elephant.txt",7,timeout,250,3327
after,1,"Put the logs in the water, elephant.txt",10,solved,109,1313
after,1,"Put the logs in the water, elephant.txt",13,timeout,250,3041
after,1,"Put the logs in the water, elephant.txt",16,timeout,250,2758
after,1,"Put the logs in the water, elephant.txt",19,timeout,250,2280
after,1,"Put the logs in the water, elephant.txt",22,timeout,250,3916
after,1,Putting Bicycle Helmets on Young Children.txt,1,timeout,250,177
after,1,Putting Bicycle Helmets on Young Children.txt,3,timeout,250,81
after,1,Putting Bicycle Helmets on Young Children.txt,5,timeout,255,84
after,1,Recondite Star Sector Sigma.txt,1,solved,10,644
after,1,Recondite Star Sector Sigma.txt,3,solved,184,7848
after,1,Recondite Star Sector Sigma.txt,5,solved,119,6910
after,1,Recondite Star Sector Sigma.txt,7,solved,243,9804
after,1,Recondite Star Sector Sigma.txt,9,solved,159,9178
after,1,Recondite Star Sector Sigma.txt,11,solved,24,1338
after,1,Recondite Star Sector Sigma.txt,13,solved,238,12443
after,1,Recondite Star Sector Sigma.txt,15,solved,72,3835
after,1,Recondite Star Sector Sigma.txt,17,timeout,252,12590
after,1,Recondite Star Sector Sigma.txt,19,solved,34,1580
after,1,Resin-Caster.txt,2,solved,17,1014
after,1,Resin-Caster.txt,4,solved,16,729
after,1,Resin-Caster.txt,6,solved,33,2010
after,1,Resin-Caster.txt,8,solved,86,4444
after,1,Resin-Caster.txt,10,solved,12,762
after,1,Resin-Caster.txt,12,solved,23,1470
after,1,Resin-Caster.txt,14,solved,70,3899
after,1,Resin-Caster.txt,16,solved,10,576
after,1,Resin-Caster.txt,18,solved,19,1073
after,1,Resin-Caster.txt,20,solved,34,1472
after,1,S-tercourse.txt,1,timeout,250,1753
after,1,S-tercourse.txt,3,solved,43,357
after,1,S-tercourse.txt,5,solved,33,302
after,1,S-tercourse.txt,7,timeout,250,2058
after,1,S-tercourse.txt,9,timeout,250,1994
after,1,S-tercourse.txt,11,timeout,250,2087
after,1,S-tercourse.txt,13,timeout,250,2181
after,1,S-tercourse.txt,15,timeout,250,1952
after,1,S-tercourse.txt,17,timeout,250,1828
after,1,S-tercourse.txt,19,timeout,250,1797
after,1,S-tercourse.txt,21,timeout,250,2237
after,1,S-tercourse.txt,23,timeout,250,2232
after,1,SWIMMING TIME.txt,2,timeout,250,335
after,1,Scalesoban.txt,1,solved,0,14
after,1,Scalesoban.txt,3,solved,2,91
after,1,Scalesoban.txt,5,solved,24,858
after,1,Schleimban.txt,1,solved,28,306
after,1,Schleimban.txt,3,solved,50,768
after,1,Schleimban.txt,5,solved,41,548
after,1,Schleimban.txt,7,solved,71,1018
after,1,Schleimban.txt,9,solved,43,503
after,1,Schleimban.txt,11,solved,0,1
after,1,Subway upholstry snot smearing championship.txt,2,timeout,250,6977
after,1,Subway upholstry snot smearing championship.txt,4,solved,7,240
after,1,Subway upholstry snot smearing championship.txt,6,solved,5,96
after,1,Subway upholstry snot smearing championship.txt,8,timeout,251,5226
after,1,Subway upholstry snot smearing championship.txt,10,solved,145,3469
after,1,Subway upholstry snot smearing championship.txt,12,solved,88,1208
after,1,Subway upholstry snot smearing championship.txt,14,timeout,250,4216
after,1,The Far Away Danish Pastry is always Delicio.txt,1,solved,0,7
after,1,The Far Away Danish Pastry is always Delicio.txt,3,solved,0,10
after,1,The Far Away Danish Pastry is always Delicio.txt,5,solved,4,183
after,1,The Far Away Danish Pastry is always Delicio.txt,7,solved,0,45
after,1,The Far Away Danish Pastry is always Delicio.txt,9,solved,1,74
after,1,The Far Away Danish Pastry is always Delicio.txt,11,solved,76,3545
after,1,The Far Away Danish Pastry is always Delicio.txt,13,solved,30,1232
after,1,The Far Away Danish Pastry is always Delicio.txt,15,solved,105,4154
after,1,The Monsterous Autoshove.txt,1,solved,46,710
after,1,The Monsterous Autoshove.txt,3,solved,68,921
after,1,The Monsterous Autoshove.txt,5,timeout,250,1967
after,1,The Monsterous Autoshove.txt,7,solved,38,575
after,1,The Monsterous Autoshove.txt,9,timeout,250,2011
after,1,The Monsterous Autoshove.txt,11,timeout,250,2200
after,1,The sponge what lights up the seafloor.txt,1,solved,123,503
after,1,The sponge what lights up the seafloor.txt,3,timeout,250,1342
after,1,The sponge what lights up the seafloor.txt,5,timeout,250,887
after,1,The sponge what lights up the seafloor.txt,7,solved,117,633
after,1,The sponge what lights up the seafloor.txt,9,timeout,250,1431
after,1,The sponge what lights up the seafloor.txt,11,solved,177,942
after,1,The sponge what lights up the seafloor.txt,13,timeout,250,1400
after,1,The sponge what lights up the seafloor.txt,15,timeout,250,1302
after,1,The sponge what lights up the seafloor.txt,17,timeout,250,1237
after,1,The sponge what lights up the seafloor.txt,19,timeout,250,1317
after,1,Two-Step Pete.txt,1,solved,1,61
after,1,Two-Step Pete.txt,3,solved,52,2153
after,1,Two-Step Pete.txt,5,solved,6,305
after,1,Two-Step Pete.txt,7,timeout,251,7314
after,1,Two-Step Pete.txt,9,solved,42,1810
after,1,Two-Step Pete.txt,11,solved,2,99
after,1,Two-Step Pete.txt,13,solved,16,756
after,1,Two-Step Pete.txt,15,timeout,250,10422
after,1,Two-Tone Tango.txt,1,solved,66,1805
after,1,Two-Tone Tango.txt,3,solved,20,569
after,1,Two-Tone Tango.txt,5,solved,41,1163
after,1,Two-Tone Tango.txt,7,solved,246,6728
after,1,Two-Tone Tango.txt,9,solved,2,38
after,1,Two-Tone Tango.txt,11,solved,26,747
after,1,Two-Tone Tango.txt,13,solved,129,4124
after,1,Two-Tone Tango.txt,15,solved,101,3028
after,1,Van-to-Mobile-Living-Space-Conversion Window.txt,1,solved,3,39
after,1,Van-to-Mobile-Living-Space-Conversion Window.txt,3,solved,88,1296
after,1,Van-to-Mobile-Living-Space-Conversion Window.txt,5,solved,3,49
after,1,Van-to-Mobile-Living-Space-Conversion Window.txt,7,timeout,250,3719
after,1,Van-to-Mobile-Living-Space-Conversion Window.txt,9,timeout,250,4128
after,1,Van-to-Mobile-Living-Space-Conversion Window.txt,11,timeout,250,4062
after,1,Van-to-Mobile-Living-Space-Conversion Window.txt,13,solved,54,938
after,1,Van-to-Mobile-Living-Space-Conversion Window.txt,15,solved,216,3383
after,1,Van-to-Mobile-Living-Space-Conversion Window.txt,17,solved,52,673
after,1,Van-to-Mobile-Living-Space-Conversion Window.txt,19,timeout,250,3678
after,1,Van-to-Mobile-Living-Space-Conversion Window.txt,21,timeout,250,3092
after,1,Van-to-Mobile-Living-Space-Conversion Window.txt,23,solved,112,1754
after,1,Van-to-Mobile-Living-Space-Conversion Window.txt,25,timeout,250,3824
after,1,Van-to-Mobile-Living-Space-Conversion Window.txt,27,timeout,250,3771
after,1,Varifocal Nightmare.txt,1,solved,45,1456
after,1,Varifocal Nightmare.txt,3,solved,22,780
after,1,Varifocal Nightmare.txt,5,solved,66,2291
after,1,Varifocal Nightmare.txt,7,timeout,251,7707
after,1,Varifocal Nightmare.txt,9,solved,165,4318
after,1,Vexatious Match 3.txt,2,timeout,251,6116
after,1,Vexatious Match 3.txt,4,timeout,251,8223
after,1,Vexatious Match 3.txt,6,timeout,251,8594
after,1,Vexatious Match 3.txt,8,timeout,250,6786
after,1,Vexatious Match 3.txt,10,solved,55,1992
after,1,Voitex Rasteriser 2.txt,1,timeout,252,4152
after,1,Voitex Rasteriser.txt,0,timeout,252,7855
after,1,Voitex Rasteriser.txt,2,solved,0,1
after,1,Wand Spinner.txt,1,solved,6,263
after,1,Wand Spinner.txt,3,solved,5,214
after,1,Wand Spinner.txt,5,solved,69,2715
after,1,Wand Spinner.txt,7,solved,116,4051
after,1,Wand Spinner.txt,9,solved,13,417
after,1,Wand Spinner.txt,11,solved,32,949
after,1,Wand Spinner.txt,13,solved,35,1308
after,1,Wand Spinner.txt,15,solved,13,513
after,1,Wand Spinner.txt,17,solved,25,973
after,1,Wand Spinner.txt,19,solved,48,1879
after,1,Wand Spinner.txt,21,solved,19,796
after,1,Wand Spinner.txt,23,timeout,250,9060
after,1,Wand Spinner.txt,25,solved,19,721
after,1,Wand Spinner.txt,27,solved,103,3180
after,1,Wand Spinner.txt,29,timeout,250,7389
after,1,Wand Spinner.txt,31,solved,60,2265
after,1,Wand Spinner.txt,33,solved,2,68
after,1,Wand Spinner.txt,35,solved,154,5885
after,1,Xorro The Chaos Warden.txt,1,solved,6,267
after,1,Xorro The Chaos Warden.txt,3,solved,124,4418
after,1,Xorro The Chaos Warden.txt,5,solved,103,3553
after,1,Xorro The Chaos Warden.txt,7,timeout,251,6126
after,1,Yellow Box.txt,1,solved,149,3503
after,1,Yellow Box.txt,3,solved,16,332
after,1,Yellow Box.txt,5,solved,3,49
after,1,Yellow Box.txt,7,solved,14,293
after,1,Yellow Box.txt,9,solved,69,1318
after,1,Yellow Box.txt,11,solved,93,1642
after,1,Yellow Box.txt,13,solved,14,285
after,1,Yellow Box.txt,15,timeout,251,9373
after,1,Yellow Box.txt,17,solved,3,58
after,1,Yellow Box.txt,19,solved,15,272
after,1,Yellow Box.txt,21,solved,81,1639
after,1,Yellow Box.txt,23,solved,1,20
after,1,Yellow Box.txt,25,solved,14,259
after,1,Yellow Box.txt,27,solved,27,498
after,1,Yellow Box.txt,29,solved,14,280
after,1,Yellow Box.txt,31,solved,127,2277
after,1,Yellow Box.txt,33,solved,16,284
after,1,Yellow Box.txt,35,timeout,250,4214
after,1,a clear view of the sky.txt,3,solved,35,58
after,1,a clear view of the sky.txt,6,solved,22,55
after,1,a clear view of the sky.txt,8,solved,24,60
after,1,a clear view of the sky.txt,10,solved,14,52
after,1,a clear view of the sky.txt,12,solved,22,54
after,1,a clear view of the sky.txt,14,solved,18,43
after,1,a clear view of the sky.txt,16,solved,92,185
after,1,a clear view of the sky.txt,18,timeout,250,299
after,1,a clear view of the sky.txt,20,solved,47,64
after,1,a clear view of the sky.txt,22,solved,169,235
after,1,a clear view of the sky.txt,24,timeout,250,416
after,1,a clear view of the sky.txt,26,timeout,250,131
after,1,a clear view of the sky.txt,28,timeout,250,63
after,1,a clear view of the sky.txt,30,solved,0,1
after,1,a clear view of the sky.txt,31,solved,0,1
after,1,a clear view of the sky.txt,32,solved,0,1
after,1,a clear view of the sky.txt,33,solved,0,1
after,1,a clear view of the sky.txt,34,solved,0,1
after,1,a clear view of the sky.txt,35,solved,0,1
after,1,a cliche for bedtime.txt,1,timeout,252,7968
after,1,a distant sunset.txt,1,solved,30,83
after,1,a distant sunset.txt,3,solved,0,1
after,1,a distant sunset.txt,4,solved,0,1
after,1,a distant sunset.txt,5,solved,0,1
after,1,alternatey.txt,2,solved,15,170
after,1,alternatey.txt,4,solved,83,428
after,1,alternatey.txt,6,timeout,250,2031
after,1,an ok multiban level.txt,1,timeout,251,11776
after,1,atlas shrank.txt,1,solved,1,11
after,1,atlas shrank.txt,4,solved,206,1898
after,1,atlas shrank.txt,5,solved,136,887
after,1,atlas shrank.txt,6,timeout,250,1408
after,1,atlas shrank.txt,8,timeout,250,762
after,1,atlas shrank.txt,10,solved,125,611
after,1,atlas shrank.txt,11,timeout,250,1137
after,1,atlas shrank.txt,12,timeout,250,1211
after,1,atlas shrank.txt,14,timeout,250,1071
after,1,atlas shrank.txt,15,timeout,250,360
after,1,atlas shrank.txt,16,timeout,250,364
after,1,atlas shrank.txt,17,timeout,250,792
after,1,autohurdler.txt,1,solved,9,124
after,1,autohurdler.txt,3,solved,4,35
after,1,autohurdler.txt,5,timeout,250,3322
after,1,autohurdler.txt,7,solved,36,402
after,1,big dog and little dog.txt,1,solved,250,2021
after,1,big dog and little dog.txt,3,timeout,250,1798
after,1,big dog and little dog.txt,5,timeout,250,1513
after,1,big dog and little dog.txt,7,timeout,250,1417
after,1,big dog and little dog.txt,9,timeout,250,1390
after,1,big dog and little dog.txt,11,timeout,250,723
after,1,bouncers.txt,1,timeout,253,7132
after,1,bouncers.txt,3,timeout,252,7110
after,1,bouncers.txt,5,timeout,253,6856
after,1,bouncers.txt,7,timeout,252,5801
after,1,bouncers.txt,9,timeout,253,4870
after,1,butteater.txt,1,solved,27,482
after,1,butteater.txt,3,timeout,250,4408
after,1,byyourside.txt,0,solved,1,17
after,1,byyourside.txt,1,solved,83,1231
after,1,byyourside.txt,2,solved,16,216
after,1,byyourside.txt,3,solved,1,14
after,1,byyourside.txt,4,solved,17,264
after,1,byyourside.txt,5,solved,26,299
after,1,byyourside.txt,6,solved,0,5
after,1,byyourside.txt,7,solved,1,16
after,1,byyourside.txt,8,solved,103,1709
after,1,byyourside.txt,9,solved,67,1062
after,1,cakemonsters.txt,2,solved,0,3
after,1,cakemonsters.txt,4,solved,0,10
after,1,cakemonsters.txt,7,solved,6,208
after,1,cakemonsters.txt,9,solved,7,268
after,1,cakemonsters.txt,11,solved,1,25
after,1,cakemonsters.txt,13,solved,7,275
after,1,cakemonsters.txt,14,solved,1,43
after,1,cakemonsters.txt,15,solved,6,305
after,1,cakemonsters.txt,16,solved,28,1021
after,1,cakemonsters.txt,17,solved,1,70
after,1,cakemonsters.txt,18,solved,0,10
after,1,cakemonsters.txt,20,timeout,251,7386
after,1,cakemonsters.txt,21,solved,134,3880
after,1,cakemonsters.txt,22,solved,9,326
after,1,cakemonsters.txt,24,solved,0,18
after,1,cakemonsters.txt,25,solved,0,7
after,1,cakemonsters.txt,26,solved,0,8
after,1,cakemonsters.txt,27,solved,0,9
after,1,cakemonsters.txt,28,solved,13,380
after,1,cakemonsters.txt,29,solved,8,314
after,1,cakemonsters.txt,31,solved,1,40
after,1,cakemonsters.txt,32,solved,32,1164
after,1,cakemonsters.txt,33,solved,127,3917
after,1,cakemonsters.txt,34,timeout,251,6065
after,1,cakemonsters.txt,35,solved,8,259
after,1,cakemonsters.txt,37,timeout,252,4927
after,1,cakemonsters.txt,38,solved,215,6123
after,1,cakemonsters.txt,39,solved,0,18
after,1,cakemonsters.txt,40,solved,150,4864
after,1,cakemonsters.txt,41,timeout,251,8396
after,1,cakemonsters.txt,43,solved,1,34
after,1,cakemonsters.txt,44,solved,157,5188
after,1,cakemonsters.txt,46,solved,50,1821
after,1,cakemonsters.txt,47,timeout,252,9105
after,1,cakemonsters.txt,49,timeout,250,9087
after,1,cakemonsters.txt,52,timeout,252,8022
after,1,car crash.txt,1,timeout,250,39
after,1,car crash.txt,2,solved,104,0
after,1,castlecloset.txt,0,solved,168,2695
after,1,castlemouse.txt,1,solved,9,48
after,1,castlemouse.txt,3,solved,8,42
after,1,castlemouse.txt,5,solved,31,138
after,1,castlemouse.txt,7,timeout,250,821
after,1,castlemouse.txt,9,solved,8,20
after,1,castlemouse.txt,11,timeout,250,548
after,1,castlemouse.txt,13,solved,2,6
after,1,castlemouse.txt,15,solved,6,12
after,1,castlemouse.txt,17,solved,1,3
after,1,castlemouse.txt,19,solved,5,9
after,1,chaos wizard.txt,2,solved,81,960
after,1,chaos wizard.txt,3,solved,26,293
after,1,chaos wizard.txt,4,timeout,251,3484
after,1,chaos wizard.txt,5,timeout,251,2611
after,1,chaos wizard.txt,6,timeout,251,2137
after,1,chaos wizard.txt,7,timeout,250,3267
after,1,chaos wizard.txt,8,timeout,251,2811
after,1,chaos wizard.txt,9,timeout,251,3590
after,1,chaos wizard.txt,10,timeout,251,3572
after,1,chaos wizard.txt,11,timeout,250,3056
after,1,chaos wizard.txt,12,timeout,251,3318
after,1,chaos wizard.txt,13,timeout,250,3144
after,1,chaos wizard.txt,14,timeout,250,3499
after,1,chaos wizard.txt,15,timeout,250,3666
after,1,chaos wizard.txt,16,timeout,251,3952
after,1,chaos wizard.txt,17,timeout,250,2987
after,1,chaos wizard.txt,18,timeout,250,3876
after,1,chaos wizard.txt,19,timeout,250,2217
after,1,chaos wizard.txt,20,timeout,251,1311
after,1,chaos wizard.txt,22,solved,9,65
after,1,chaos wizard.txt,24,timeout,252,1791
after,1,chaos wizard.txt,27,timeout,251,2287
after,1,coincounter.txt,0,solved,2,9
after,1,coincounter.txt,1,solved,3,22
after,1,coincounter.txt,2,solved,9,69
after,1,coincounter.txt,3,solved,11,93
after,1,coincounter.txt,4,solved,53,289
after,1,coincounter.txt,5,solved,49,287
after,1,coincounter.txt,6,solved,178,892
after,1,coincounter.txt,7,timeout,250,1666
after,1,coincounter.txt,8,solved,9,51
after,1,coincounter.txt,9,solved,2,7
after,1,coincounter.txt,10,solved,0,1
after,1,collapse.txt,2,solved,199,186
after,1,collapse.txt,3,timeout,250,153
after,1,color chained.txt,0,solved,12,31
after,1,color chained.txt,1,solved,5,9
after,1,color chained.txt,2,timeout,250,611
after,1,color chained.txt,3,solved,75,160
after,1,color chained.txt,4,solved,58,139
after,1,color chained.txt,5,timeout,250,521
after,1,color chained.txt,6,timeout,250,467
after,1,color chained.txt,7,timeout,250,379
after,1,color chained.txt,8,timeout,250,387
after,1,color chained.txt,9,timeout,250,365
after,1,color chained.txt,10,timeout,250,424
after,1,color chained.txt,14,timeout,250,345
after,1,constellationz.txt,0,solved,0,5
after,1,constellationz.txt,1,solved,0,5
after,1,constellationz.txt,2,solved,3,72
after,1,constellationz.txt,3,solved,0,10
after,1,constellationz.txt,4,solved,6,124
after,1,constellationz.txt,5,solved,7,28
after,1,constellationz.txt,6,solved,197,1718
after,1,constellationz.txt,7,solved,164,1466
after,1,constellationz.txt,8,timeout,251,3277
after,1,constellationz.txt,9,timeout,251,1995
after,1,constellationz.txt,10,timeout,250,3193
after,1,cooperacing.txt,3,timeout,251,3267
after,1,cooperacing.txt,5,timeout,250,3500
after,1,cooperacing.txt,8,timeout,250,3866
after,1,cooperacing.txt,10,timeout,250,3758
after,1,crate guardian.txt,1,timeout,251,6034
after,1,crate guardian.txt,3,solved,74,1913
after,1,crate guardian.txt,5,timeout,250,6448
after,1,crate guardian.txt,7,timeout,250,6918
after,1,crate guardian.txt,9,timeout,250,5364
after,1,crate guardian.txt,11,timeout,250,6101
after,1,crate swap.txt,1,solved,20,1202
after,1,crate swap.txt,3,solved,10,714
after,1,crate swap.txt,5,solved,28,1659
after,1,crate swap.txt,7,solved,29,1732
after,1,crate swap.txt,9,solved,40,2606
after,1,crate swap.txt,11,solved,49,3024
after,1,crate swap.txt,13,solved,40,2569
after,1,crate swap.txt,15,solved,28,1789
after,1,cratopia.txt,2,solved,4,70
after,1,cratopia.txt,3,timeout,250,2963
after,1,cratopia.txt,5,solved,60,764
after,1,cratopia.txt,9,timeout,250,2176
after,1,cratopia.txt,11,timeout,250,3940
after,1,cratopia.txt,12,timeout,250,3450
after,1,cratopia.txt,13,timeout,250,1855
after,1,cratopia.txt,14,timeout,251,3066
after,1,cratopia.txt,15,timeout,250,3127
after,1,cratopia.txt,16,timeout,250,2730
after,1,cratopia.txt,17,timeout,250,3741
after,1,cratopia.txt,18,timeout,250,3518
after,1,cratopia.txt,19,timeout,250,3064
after,1,cratopia.txt,20,solved,24,31
after,1,cratopia.txt,21,solved,35,0
after,1,cratopia.txt,22,solved,31,0
after,1,cratopia.txt,23,solved,33,0
after,1,cute train.txt,1,timeout,250,105
after,1,der hydra krypta.txt,1,solved,23,21
after,1,der hydra krypta.txt,3,timeout,250,145
after,1,der hydra krypta.txt,5,timeout,251,174
after,1,der hydra krypta.txt,7,timeout,250,98
after,1,der hydra krypta.txt,9,timeout,250,163
after,1,der hydra krypta.txt,11,timeout,250,154
after,1,der hydra krypta.txt,13,solved,0,1
after,1,dice goblin.txt,3,timeout,250,790
after,1,die schoene steinmetzin.txt,1,timeout,250,1418
after,1,die schoene steinmetzin.txt,3,timeout,250,1408
after,1,die schoene steinmetzin.txt,5,timeout,250,1519
after,1,die schoene steinmetzin.txt,7,timeout,250,1606
after,1,die schoene steinmetzin.txt,9,timeout,250,1794
after,1,die schoene steinmetzin.txt,11,timeout,250,1141
after,1,die schoene steinmetzin.txt,13,timeout,250,1114
after,1,die schoene steinmetzin.txt,15,timeout,250,945
after,1,die schoene steinmetzin.txt,16,exhausted,0,1
after,1,diesinthelight.txt,0,solved,10,94
after,1,diesinthelight.txt,1,solved,65,432
after,1,diesinthelight.txt,2,timeout,250,983
after,1,diesinthelight.txt,3,timeout,250,887
after,1,dollyban.txt,1,solved,95,3182
after,1,dollyban.txt,3,solved,94,3417
after,1,dollyban.txt,5,timeout,250,8771
after,1,dollyban.txt,7,timeout,250,8790
after,1,dollyban.txt,9,timeout,250,8720
after,1,dollyban.txt,11,timeout,250,8143
after,1,dollyban.txt,13,solved,190,5653
after,1,dollyban.txt,15,timeout,250,7539
after,1,dollyban.txt,17,timeout,251,7997
after,1,dollyban.txt,19,timeout,251,7901
after,1,dollyban.txt,21,timeout,251,7161
after,1,dollyban.txt,23,timeout,250,7792
after,1,dollyban.txt,25,timeout,251,7352
after,1,dollyban.txt,27,timeout,251,7853
after,1,dollyban.txt,29,timeout,250,6975
after,1,dreizack.txt,1,timeout,250,169
after,1,dreizack.txt,3,timeout,250,168
after,1,dreizack.txt,5,timeout,250,148
after,1,dreizack.txt,6,solved,1,9
after,1,dreizack.txt,7,solved,0,1
after,1,dropswap.txt,3,solved,93,1246
after,1,dropswap.txt,5,solved,99,831
after,1,dropswap.txt,8,timeout,250,1335
after,1,dropswap.txt,12,solved,86,728
after,1,dropswap.txt,14,timeout,250,1584
after,1,dungeon janitor.txt,2,solved,1,22
after,1,dungeon janitor.txt,4,timeout,250,3100
after,1,dungeon janitor.txt,6,timeout,250,2092
after,1,dungeon janitor.txt,9,timeout,250,1250
after,1,easyenigma.txt,0,solved,2,5
after,1,easyenigma.txt,1,solved,1,1
after,1,easyenigma.txt,2,solved,221,667
after,1,easyenigma.txt,3,solved,2,2
after,1,easyenigma.txt,4,solved,1,2
after,1,easyenigma.txt,5,solved,186,363
after,1,easyenigma.txt,6,solved,2,5
after,1,easyenigma.txt,7,solved,4,7
after,1,easyenigma.txt,8,solved,68,99
after,1,easyenigma.txt,9,solved,2,1
after,1,easyenigma.txt,10,solved,7,2
after,1,easyenigma.txt,11,timeout,252,499
after,1,easyenigma.txt,12,solved,8,2
after,1,easyenigma.txt,13,solved,6,13
after,1,easyenigma.txt,14,solved,1,1
after,1,easyenigma.txt,15,solved,3,5
after,1,easyenigma.txt,16,timeout,250,351
after,1,easyenigma.txt,17,timeout,298,1
after,1,easyenigma.txt,18,solved,2,2
after,1,easyenigma.txt,19,timeout,250,130
after,1,easyenigma.txt,20,timeout,252,277
after,1,ecosystem generator.txt,1,timeout,250,1538
after,1,expand also avoid the flames.txt,1,timeout,251,109
after,1,fickle fred.txt,1,solved,4,226
after,1,fickle fred.txt,3,solved,29,1408
after,1,fickle fred.txt,5,timeout,252,10514
after,1,fickle fred.txt,7,solved,80,3331
after,1,fickle fred.txt,9,solved,10,563
after,1,flesh-handed hot casserole delivery bot.txt,1,solved,3,272
after,1,flesh-handed hot casserole delivery bot.txt,2,solved,11,878
after,1,flesh-handed hot casserole delivery bot.txt,4,timeout,250,15017
after,1,flesh-handed hot casserole delivery bot.txt,6,timeout,251,16921
after,1,flesh-handed hot casserole delivery bot.txt,8,solved,23,1546
after,1,flesh-handed hot casserole delivery bot.txt,10,solved,198,13570
after,1,flesh-handed hot casserole delivery bot.txt,12,solved,28,1923
after,1,flesh-handed hot casserole delivery bot.txt,14,solved,66,4331
after,1,flesh-handed hot casserole delivery bot.txt,16,solved,208,13080
after,1,flesh-handed hot casserole delivery bot.txt,18,timeout,251,14984
after,1,gabelstapler.txt,1,solved,94,936
after,1,gabelstapler.txt,3,timeout,250,1659
after,1,gabelstapler.txt,5,timeout,250,1637
after,1,gapfiller.txt,1,solved,15,383
after,1,gapfiller.txt,3,solved,208,4611
after,1,gapfiller.txt,5,solved,15,404
after,1,gapfiller.txt,7,solved,43,1441
after,1,gapfiller.txt,9,solved,2,76
after,1,gapfiller.txt,11,timeout,250,6578
after,1,gapfiller.txt,13,solved,8,332
after,1,gapfiller.txt,15,solved,3,87
after,1,gapfiller.txt,17,solved,123,3993
after,1,gapfiller.txt,19,timeout,250,5533
after,1,gem soketeer.txt,1,solved,196,563
after,1,gem soketeer.txt,3,solved,83,345
after,1,gem soketeer.txt,5,solved,56,111
after,1,gem soketeer.txt,7,solved,45,127
after,1,gem soketeer.txt,9,timeout,250,775
after,1,gem soketeer.txt,11,solved,15,53
after,1,gem soketeer.txt,13,timeout,250,849
after,1,gem soketeer.txt,15,timeout,250,770
after,1,gem soketeer.txt,17,timeout,250,564
after,1,gem soketeer.txt,19,timeout,250,800
after,1,gem soketeer.txt,21,timeout,250,630
after,1,gem soketeer.txt,23,timeout,250,615
after,1,gem soketeer.txt,25,timeout,250,1108
after,1,gem soketeer.txt,27,timeout,250,756
after,1,gem soketeer.txt,29,timeout,250,1303
after,1,gem soketeer.txt,31,timeout,250,1292
after,1,gem soketeer.txt,33,timeout,250,1278
after,1,gobble_rush.txt,0,solved,1,11
after,1,gobble_rush.txt,1,solved,2,42
after,1,gobble_rush.txt,2,solved,7,121
after,1,gobble_rush.txt,3,solved,74,926
after,1,gobble_rush.txt,4,solved,5,92
after,1,gobble_rush.txt,5,solved,16,259
after,1,gobble_rush.txt,6,solved,18,257
after,1,gobble_rush.txt,7,solved,21,257
after,1,gobble_rush.txt,8,solved,18,253
after,1,gobble_rush.txt,9,solved,49,575
after,1,gobble_rush.txt,10,solved,18,174
after,1,gobble_rush.txt,11,solved,19,225
after,1,gobble_rush.txt,12,solved,25,192
after,1,gobble_rush.txt,13,solved,6,92
after,1,gobble_rush.txt,14,solved,19,222
after,1,gobble_rush.txt,15,solved,3,34
after,1,gobble_rush.txt,16,solved,30,403
after,1,gobble_rush.txt,17,solved,17,264
after,1,gobble_rush.txt,18,solved,35,436
after,1,gobble_rush.txt,19,solved,126,1386
after,1,gobble_rush.txt,20,solved,0,4
after,1,hairtug.txt,1,solved,10,65
after,1,hairtug.txt,4,timeout,250,1422
after,1,hairtug.txt,7,timeout,250,1066
after,1,hairtug.txt,10,timeout,250,1477
after,1,hairtug.txt,13,timeout,251,1318
after,1,head skuller.txt,1,solved,14,717
after,1,head skuller.txt,3,solved,132,6231
after,1,head skuller.txt,5,timeout,250,9084
after,1,head skuller.txt,7,solved,78,3927
after,1,head skuller.txt,9,timeout,251,11575
after,1,head skuller.txt,11,timeout,251,11343
after,1,head skuller.txt,13,solved,0,1
after,1,hedgehog stimulator.txt,1,timeout,250,3052
after,1,hedgehog stimulator.txt,3,timeout,250,3123
after,1,hedgehog stimulator.txt,5,solved,234,3142
after,1,hedgehog stimulator.txt,7,timeout,250,3308
after,1,hedgehog stimulator.txt,9,timeout,250,2699
after,1,hedgehog stimulator.txt,11,timeout,250,3203
after,1,hedgehog stimulator.txt,13,solved,236,2657
after,1,hedgehog stimulator.txt,15,timeout,250,2718
after,1,hedgehog stimulator.txt,17,timeout,250,2579
after,1,hedgehog stimulator.txt,19,timeout,250,2598
after,1,hedgehog stimulator.txt,21,timeout,250,2831
after,1,hedgehog stimulator.txt,23,timeout,250,2601
after,1,heroes_of_sokoban.txt,1,solved,0,8
after,1,heroes_of_sokoban.txt,3,solved,14,587
after,1,heroes_of_sokoban.txt,5,solved,1,26
after,1,heroes_of_sokoban.txt,7,timeout,251,8029
after,1,heroes_of_sokoban.txt,9,solved,1,55
after,1,heroes_of_sokoban.txt,10,timeout,250,7737
after,1,heroes_of_sokoban.txt,11,solved,6,257
after,1,heroes_of_sokoban.txt,13,solved,97,2751
after,1,heroes_of_sokoban.txt,14,timeout,250,6413
after,1,heroes_of_sokoban.txt,15,solved,0,17
after,1,heroes_of_sokoban.txt,17,solved,16,372
after,1,heroes_of_sokoban.txt,19,timeout,250,7766
after,1,heroes_of_sokoban.txt,20,timeout,252,7339
after,1,heroes_of_sokoban.txt,21,timeout,251,4943
after,1,heroes_of_sokoban.txt,22,solved,11,361
after,1,heroes_of_sokoban.txt,23,solved,178,5422
after,1,heroes_of_sokoban.txt,24,timeout,250,7320
after,1,heroes_of_sokoban.txt,25,timeout,250,5567
after,1,heroes_of_sokoban.txt,26,timeout,251,8520
after,1,heroes_of_sokoban.txt,27,solved,2,77
after,1,heroes_of_sokoban.txt,28,timeout,250,5151
after,1,heroes_of_sokoban.txt,29,solved,0,10
after,1,heroes_of_sokoban_2.txt,3,timeout,250,3625
after,1,heroes_of_sokoban_2.txt,5,solved,2,35
after,1,heroes_of_sokoban_2.txt,6,solved,3,32
after,1,heroes_of_sokoban_2.txt,8,timeout,250,5187
after,1,heroes_of_sokoban_2.txt,10,solved,6,73
after,1,heroes_of_sokoban_2.txt,12,timeout,250,2767
after,1,heroes_of_sokoban_2.txt,13,solved,159,1817
after,1,heroes_of_sokoban_2.txt,15,solved,10,52
after,1,heroes_of_sokoban_2.txt,17,timeout,250,3355
after,1,heroes_of_sokoban_2.txt,19,timeout,251,3448
after,1,heroes_of_sokoban_2.txt,20,timeout,250,3656
after,1,heroes_of_sokoban_2.txt,21,timeout,250,3891
after,1,heroes_of_sokoban_2.txt,23,solved,2,21
after,1,heroes_of_sokoban_2.txt,24,solved,30,285
after,1,heroes_of_sokoban_2.txt,26,solved,239,2065
after,1,heroes_of_sokoban_2.txt,27,timeout,251,2226
after,1,heroes_of_sokoban_2.txt,28,timeout,250,2482
after,1,heroes_of_sokoban_2.txt,29,timeout,250,3313
after,1,heroes_of_sokoban_2.txt,30,timeout,250,3107
after,1,heroes_of_sokoban_2.txt,31,timeout,250,4202
after,1,heroes_of_sokoban_2.txt,32,timeout,250,3871
after,1,heroes_of_sokoban_2.txt,34,timeout,251,2402
after,1,heroes_of_sokoban_3.txt,3,timeout,251,2946
after,1,heroes_of_sokoban_3.txt,5,solved,34,324
after,1,heroes_of_sokoban_3.txt,6,solved,8,84
after,1,heroes_of_sokoban_3.txt,8,solved,19,114
after,1,heroes_of_sokoban_3.txt,10,timeout,250,2741
after,1,heroes_of_sokoban_3.txt,11,solved,133,1649
after,1,heroes_of_sokoban_3.txt,12,solved,26,393
after,1,heroes_of_sokoban_3.txt,13,timeout,250,3296
after,1,heroes_of_sokoban_3.txt,14,timeout,250,3257
after,1,heroes_of_sokoban_3.txt,16,timeout,250,6343
after,1,heroes_of_sokoban_3.txt,17,timeout,252,4253
after,1,heroes_of_sokoban_3.txt,18,timeout,250,4491
after,1,heroes_of_sokoban_3.txt,21,timeout,250,4026
after,1,heroes_of_sokoban_3.txt,22,timeout,250,3422
after,1,heroes_of_sokoban_3.txt,23,timeout,250,6447
after,1,heroes_of_sokoban_3.txt,24,timeout,250,2965
after,1,heroes_of_sokoban_3.txt,25,timeout,251,2468
after,1,heroes_of_sokoban_3.txt,26,timeout,250,4263
after,1,heroes_of_sokoban_3.txt,27,timeout,250,2569
after,1,heroes_of_sokoban_3.txt,28,timeout,250,3041
after,1,heroes_of_sokoban_3.txt,30,timeout,250,2261
after,1,heroes_of_sokoban_3.txt,31,solved,43,530
after,1,hungry kraken.txt,1,timeout,251,1024
after,1,hungry kraken.txt,3,exhausted,0,1
after,1,i am a gust of wind.txt,1,solved,1,76
after,1,i am a gust of wind.txt,3,solved,7,383
after,1,i am a gust of wind.txt,5,solved,5,245
after,1,i am a gust of wind.txt,7,timeout,251,11627
after,1,i sure look tasty.txt,1,timeout,250,110
after,1,i want to grind myself into dust.txt,1,timeout,250,1423
after,1,i want to grind myself into dust.txt,3,timeout,250,801
after,1,i want to grind myself into dust.txt,5,timeout,250,336
after,1,icecrates.txt,1,solved,1,6
after,1,icecrates.txt,3,solved,2,9
after,1,icecrates.txt,5,solved,7,53
after,1,icecrates.txt,7,solved,105,930
after,1,icecrates.txt,9,solved,35,219
after,1,icecrates.txt,11,timeout,250,1502
after,1,impossible.txt,0,exhausted,0,1
after,1,it dies in the light.txt,0,solved,11,94
after,1,it dies in the light.txt,1,solved,68,432
after,1,it dies in the light.txt,2,timeout,250,910
after,1,it dies in the light.txt,3,timeout,251,838
after,1,karamell.txt,1,timeout,250,411
after,1,karamell.txt,3,timeout,250,274
after,1,karamell.txt,5,timeout,250,233
after,1,karamell.txt,7,solved,0,1
after,1,kettle.txt,1,solved,2,26
after,1,kettle.txt,4,solved,0,3
after,1,kettle.txt,7,solved,0,3
after,1,kettle.txt,10,solved,4,27
after,1,kettle.txt,13,solved,11,97
after,1,kettle.txt,16,solved,2,26
after,1,kettle.txt,19,solved,77,473
after,1,kettle.txt,22,solved,58,353
after,1,kettle.txt,25,timeout,250,1611
after,1,kettle.txt,28,timeout,250,1549
after,1,kettle.txt,31,timeout,251,1365
after,1,kishoutenketsu.txt,2,solved,25,320
after,1,kishoutenketsu.txt,5,timeout,250,3745
after,1,kishoutenketsu.txt,8,solved,2,41
after,1,kishoutenketsu.txt,11,timeout,250,710
after,1,konsum.txt,1,timeout,250,2263
after,1,kreiseln.txt,1,solved,23,292
after,1,kreiseln.txt,3,timeout,250,3827
after,1,kreiseln.txt,5,timeout,250,2549
after,1,kreiseln.txt,7,timeout,250,2764
after,1,kreiseln.txt,9,timeout,250,2459
after,1,led challenge.txt,1,timeout,250,4260
after,1,led challenge.txt,3,timeout,251,4667
after,1,led challenge.txt,5,timeout,251,4371
after,1,led challenge.txt,7,timeout,250,1408
after,1,ledchallenge.txt,1,timeout,250,3834
after,1,ledchallenge.txt,3,timeout,250,4929
after,1,ledchallenge.txt,5,timeout,251,4489
after,1,ledchallenge.txt,7,timeout,250,1309
after,1,legend of zokoban.txt,0,timeout,251,1728
after,1,limerick.txt,1,solved,2,41
after,1,limerick.txt,3,solved,179,2800
after,1,limerick.txt,5,timeout,252,4774
after,1,limerick.txt,7,solved,15,264
after,1,limerick.txt,9,solved,88,1490
after,1,limerick.txt,11,solved,13,296
after,1,limerick.txt,13,timeout,251,4909
after,1,limerick.txt,15,timeout,251,4627
after,1,limerick.txt,17,solved,61,821
after,1,limerick.txt,19,timeout,250,4692
after,1,m c eschers armageddon.txt,0,solved,1,11
after,1,m c eschers armageddon.txt,1,solved,0,4
after,1,m c eschers armageddon.txt,2,solved,1,12
after,1,m c eschers armageddon.txt,3,solved,42,284
after,1,make way.txt,1,timeout,251,9844
after,1,make way.txt,3,solved,78,3331
after,1,manic_ammo.txt,1,solved,0,9
after,1,manic_ammo.txt,3,solved,0,9
after,1,manic_ammo.txt,5,solved,1,71
after,1,manic_ammo.txt,8,solved,0,9
after,1,manic_ammo.txt,10,solved,196,6607
after,1,manic_ammo.txt,12,solved,5,99
after,1,manic_ammo.txt,14,timeout,251,5950
after,1,manic_ammo.txt,16,solved,82,3210
after,1,manic_ammo.txt,18,solved,1,12
after,1,manic_ammo.txt,20,timeout,251,6929
after,1,manic_ammo.txt,22,solved,39,281
after,1,manic_ammo.txt,24,timeout,250,4843
after,1,manic_ammo.txt,26,timeout,250,1876
after,1,manic_ammo.txt,28,timeout,250,1354
after,1,manic_ammo.txt,30,timeout,250,4217
after,1,match three billiards.txt,1,solved,0,4
after,1,match three billiards.txt,3,solved,23,451
after,1,match three billiards.txt,5,solved,41,563
after,1,mazezam.txt,1,solved,1,48
after,1,mazezam.txt,3,solved,2,134
after,1,mazezam.txt,5,solved,4,210
after,1,mazezam.txt,7,solved,15,534
after,1,mazezam.txt,9,solved,17,662
after,1,mazezam.txt,11,solved,18,501
after,1,mazezam.txt,13,solved,37,1121
after,1,mazezam.txt,15,solved,25,763
after,1,mazezam.txt,17,solved,22,709
after,1,mazezam.txt,19,solved,176,3882
after,1,mazezam.txt,21,solved,38,1424
after,1,mazezam.txt,23,timeout,251,6394
after,1,mazezam.txt,25,solved,84,3165
after,1,mazezam.txt,27,solved,68,2557
after,1,mazezam.txt,29,solved,215,8022
after,1,mazezam.txt,31,solved,29,932
after,1,mazezam.txt,33,solved,31,1333
after,1,mazezam.txt,35,timeout,251,8466
after,1,mazezam.txt,37,solved,31,1095
after,1,mazezam.txt,39,solved,121,2661
after,1,mazezam.txt,41,solved,60,1924
after,1,mazezam.txt,43,solved,109,3247
after,1,mazezam.txt,45,solved,62,1874
after,1,mazezam.txt,47,solved,139,5229
after,1,mazezam.txt,49,timeout,251,6980
after,1,mazezam.txt,51,solved,71,2701
after,1,mazezam.txt,53,timeout,251,5540
after,1,mazezam.txt,55,timeout,250,7198
after,1,mazezam.txt,57,timeout,251,6240
after,1,mazezam.txt,59,timeout,250,7332
after,1,message_skip.txt,1,solved,0,1
after,1,midas.txt,0,solved,7,105
after,1,midas.txt,2,solved,22,318
after,1,midas.txt,4,solved,19,285
after,1,midas.txt,6,solved,47,681
after,1,midas.txt,8,timeout,250,3112
after,1,midas.txt,11,timeout,250,2118
after,1,midas.txt,13,timeout,250,2423
after,1,midas.txt,15,timeout,250,2633
after,1,midas.txt,17,timeout,250,2365
after,1,midas.txt,19,timeout,250,2054
after,1,midas.txt,21,timeout,251,1998
after,1,midas.txt,23,timeout,250,2648
after,1,midas.txt,25,solved,161,1609
after,1,midas.txt,27,timeout,251,2122
after,1,midas.txt,29,timeout,251,2204
after,1,moved by leaves of grass.txt,1,timeout,250,242
after,1,multi_level.txt,0,solved,0,1
after,1,multi_level.txt,1,solved,0,1
after,1,newton.txt,1,timeout,250,5448
after,1,newton.txt,3,timeout,250,5915
after,1,newton.txt,5,timeout,250,6446
after,1,no don't eat that.txt,1,timeout,251,67
after,1,no don't eat that.txt,3,timeout,250,57
after,1,no don't eat that.txt,5,timeout,250,40
after,1,no don't eat that.txt,7,timeout,251,37
after,1,no don't eat that.txt,9,timeout,250,56
after,1,no don't eat that.txt,11,timeout,252,20
after,1,no don't eat that.txt,13,timeout,251,21
after,1,no don't eat that.txt,15,timeout,251,23
after,1,no forbidden symbols 2.txt,1,timeout,251,6669
after,1,no forbidden symbols.txt,1,timeout,252,9718
after,1,no heroes necessary.txt,1,solved,23,176
after,1,no heroes necessary.txt,3,solved,11,53
after,1,no heroes necessary.txt,5,solved,35,237
after,1,no heroes necessary.txt,7,solved,10,54
after,1,no heroes necessary.txt,9,solved,166,695
after,1,oh no i accidentally swallowed myself.txt,1,timeout,250,136
after,1,oh no i accidentally swallowed myself.txt,2,solved,0,1
after,1,oh no i accidentally swallowed myself.txt,3,solved,0,1
after,1,oh no i accidentally swallowed myself.txt,4,solved,0,1
after,1,one_move.txt,0,solved,0,1
after,1,paint everything everywhere.txt,1,solved,13,28
after,1,paint everything everywhere.txt,3,solved,44,104
after,1,paint everything everywhere.txt,5,solved,39,20
after,1,paint everything everywhere.txt,7,solved,99,55
after,1,paint everything everywhere.txt,9,timeout,250,111
after,1,paint everything everywhere.txt,11,solved,169,129
after,1,paint everything everywhere.txt,13,solved,48,76
after,1,paint everything everywhere.txt,15,solved,60,44
after,1,paint everything everywhere.txt,17,timeout,250,27
after,1,paint everything everywhere.txt,19,solved,28,46
after,1,paint everything everywhere.txt,21,solved,110,110
after,1,paint everything everywhere.txt,23,solved,98,50
after,1,paint everything everywhere.txt,25,solved,185,99
after,1,paint everything everywhere.txt,27,solved,277,81
after,1,paint everything everywhere.txt,29,solved,262,102
after,1,paint everything everywhere.txt,31,solved,187,66
after,1,paint everything everywhere.txt,33,solved,103,51
after,1,paint everything everywhere.txt,35,solved,198,57
after,1,paint everything everywhere.txt,37,timeout,250,379
after,1,paint everything everywhere.txt,39,timeout,250,35
after,1,participating in society.txt,2,timeout,252,1107
after,1,pipe puffer.txt,2,timeout,250,4006
after,1,pipe puffer.txt,4,solved,41,589
after,1,pipe puffer.txt,6,timeout,250,1972
after,1,pipe puffer.txt,8,solved,242,1808
after,1,pipe puffer.txt,10,timeout,250,2976
after,1,pipe puffer.txt,12,timeout,250,2056
after,1,pipe puffer.txt,14,timeout,250,2112
after,1,pipe puffer.txt,16,solved,12,73
after,1,ponies jumping synchronously.txt,0,solved,0,8
after,1,ponies jumping synchronously.txt,2,solved,0,9
after,1,ponies jumping synchronously.txt,4,solved,0,7
after,1,ponies jumping synchronously.txt,6,solved,0,9
after,1,ponies jumping synchronously.txt,8,solved,1,29
after,1,ponies jumping synchronously.txt,10,solved,17,388
after,1,ponies jumping synchronously.txt,12,solved,0,8
after,1,ponies jumping synchronously.txt,14,solved,14,283
after,1,ponies jumping synchronously.txt,17,timeout,251,2655
after,1,ponies jumping synchronously.txt,19,solved,16,265
after,1,ponies jumping synchronously.txt,21,timeout,250,2644
after,1,ponies jumping synchronously.txt,23,timeout,251,1538
after,1,pupush.txt,1,timeout,250,5294
after,1,push pull.txt,1,solved,7,285
after,1,push pull.txt,3,solved,5,236
after,1,push pull.txt,5,solved,19,876
after,1,push.txt,1,solved,0,6
after,1,push.txt,3,solved,0,13
after,1,push.txt,5,solved,17,566
after,1,push.txt,7,solved,5,110
after,1,push.txt,9,solved,9,243
after,1,push.txt,11,solved,38,884
after,1,push.txt,13,solved,35,663
after,1,push.txt,15,timeout,250,3806
after,1,push.txt,17,timeout,250,4189
after,1,push.txt,19,timeout,250,3812
after,1,push.txt,21,solved,203,3306
after,1,push.txt,23,solved,4,78
after,1,push.txt,25,solved,210,3950
after,1,push.txt,27,timeout,251,4249
after,1,push.txt,29,timeout,250,3596
after,1,push.txt,31,solved,94,2397
after,1,push.txt,33,timeout,250,2317
after,1,push.txt,35,timeout,250,1998
after,1,push.txt,37,solved,3,52
after,1,push.txt,39,timeout,251,4423
after,1,push.txt,40,solved,0,4
after,1,pushit.txt,1,solved,130,5171
after,1,pushit.txt,3,timeout,252,6304
after,1,pushit.txt,5,timeout,251,13291
after,1,pushit.txt,7,timeout,250,14045
after,1,puzzles.txt,0,timeout,250,1290
after,1,realtime dog mountain rescue.txt,1,timeout,250,683
after,1,realtime dog mountain rescue.txt,4,timeout,250,590
after,1,realtime dog mountain rescue.txt,7,timeout,250,376
after,1,riverpuzzle.txt,0,timeout,251,36
after,1,robot arm.txt,3,timeout,250,910
after,1,robot arm.txt,5,timeout,256,34
after,1,robot arm.txt,7,timeout,250,1015
after,1,robotarm.txt,3,timeout,250,883
after,1,robotarm.txt,5,timeout,265,34
after,1,robotarm.txt,7,timeout,250,993
after,1,sacrament of the river god.txt,1,timeout,250,824
after,1,sacrament of the river god.txt,3,timeout,250,225
after,1,sacrament of the river god.txt,5,timeout,250,692
after,1,sacrament of the river god.txt,7,timeout,250,578
after,1,sacrament of the river god.txt,9,timeout,250,889
after,1,sacrament of the river god.txt,11,timeout,250,156
after,1,sacrament of the river god.txt,13,solved,2,12
after,1,seize the flag.txt,1,timeout,250,631
after,1,seize the flag.txt,3,solved,0,1
after,1,short adventure in sticky wall land.txt,1,timeout,250,1533
after,1,short adventure in sticky wall land.txt,3,timeout,250,1424
after,1,short adventure in sticky wall land.txt,5,timeout,250,1504
after,1,shy snake.txt,1,solved,62,95
after,1,shy snake.txt,3,timeout,250,114
after,1,shy snake.txt,5,timeout,250,121
after,1,slide pull.txt,1,solved,27,1388
after,1,slide pull.txt,3,solved,11,573
after,1,slide pull.txt,5,solved,52,2583
after,1,slide pull.txt,7,timeout,252,10164
after,1,slide pull.txt,9,solved,17,782
after,1,slide pull.txt,11,timeout,251,9893
after,1,slide pull.txt,13,solved,193,6725
after,1,slidings.txt,1,solved,2,39
after,1,slidings.txt,3,solved,1,18
after,1,slidings.txt,5,solved,2,38
after,1,slidings.txt,7,solved,3,82
after,1,slidings.txt,9,solved,9,234
after,1,slidings.txt,11,timeout,250,5945
after,1,slidings.txt,13,solved,173,5247
after,1,slidings.txt,15,solved,196,6209
after,1,slidings.txt,17,timeout,251,6788
after,1,slidings.txt,19,solved,86,1895
after,1,slidings.txt,21,solved,99,2959
after,1,slime vat filler.txt,2,solved,4,229
after,1,slime vat filler.txt,4,solved,0,39
after,1,slime vat filler.txt,6,solved,2,125
after,1,slime vat filler.txt,8,solved,2,89
after,1,slime vat filler.txt,10,solved,3,127
after,1,slime vat filler.txt,12,solved,175,7121
after,1,slime vat filler.txt,14,solved,14,550
after,1,slime vat filler.txt,16,timeout,251,8526
after,1,slime vat filler.txt,18,solved,146,5783
after,1,slime vat filler.txt,21,solved,61,3131
after,1,slime vat filler.txt,23,solved,0,1
after,1,slot machine.txt,1,solved,85,620
after,1,slot machine.txt,3,timeout,250,1625
after,1,smother.txt,2,solved,15,265
after,1,smother.txt,4,solved,22,499
after,1,smother.txt,6,solved,38,765
after,1,smother.txt,8,solved,40,415
after,1,smother.txt,10,solved,92,781
after,1,smother.txt,14,solved,0,6
after,1,smother.txt,16,solved,1,32
after,1,smother.txt,18,solved,1,36
after,1,smother.txt,20,solved,11,276
after,1,smother.txt,22,solved,13,334
after,1,smother.txt,26,solved,34,536
after,1,smother.txt,28,solved,162,1909
after,1,smother.txt,30,solved,30,317
after,1,smother.txt,32,timeout,250,728
after,1,smother.txt,34,timeout,250,2429
after,1,smother.txt,37,solved,0,4
after,1,snkaey makes a sixy.txt,0,timeout,250,3145
after,1,snkaey makes a sixy.txt,2,exhausted,0,1
after,1,snortal.txt,0,timeout,251,4464
after,1,sok7.txt,0,timeout,250,1136
after,1,sokobansokobansokoban.txt,1,timeout,250,5790
after,1,sokobond demake.txt,2,solved,2,38
after,1,sokobond demake.txt,4,solved,0,18
after,1,sokobond demake.txt,6,solved,1,16
after,1,sokobond demake.txt,8,solved,1,20
after,1,sokobond demake.txt,10,solved,2,64
after,1,sokobond demake.txt,12,solved,2,49
after,1,sokobond demake.txt,14,solved,17,300
after,1,sokobond demake.txt,16,solved,4,81
after,1,sokobond demake.txt,18,solved,43,830
after,1,sokobond demake.txt,20,solved,42,748
after,1,sokobond demake.txt,22,solved,25,588
after,1,sokobond demake.txt,24,timeout,250,5270
after,1,sokobond demake.txt,26,solved,19,615
after,1,sokobond demake.txt,28,timeout,250,6501
after,1,sokobond demake.txt,30,timeout,250,6701
after,1,sokogoban.txt,2,timeout,250,1109
after,1,sokogoban.txt,4,timeout,250,711
after,1,sokogoban.txt,6,timeout,250,403
after,1,stick_candy_puzzle_saga.txt,1,solved,153,2971
after,1,stick_candy_puzzle_saga.txt,2,timeout,250,4720
after,1,stick_candy_puzzle_saga.txt,4,timeout,250,3430
after,1,stick_candy_puzzle_saga.txt,5,timeout,250,2557
after,1,stick_candy_puzzle_saga.txt,6,timeout,250,3033
after,1,stick_candy_puzzle_saga.txt,7,timeout,250,3852
after,1,stick_candy_puzzle_saga.txt,8,timeout,250,3092
after,1,stick_candy_puzzle_saga.txt,9,timeout,250,3933
after,1,stick_candy_puzzle_saga.txt,10,timeout,250,2723
after,1,stick_candy_puzzle_saga.txt,11,timeout,250,3057
after,1,stick_candy_puzzle_saga.txt,12,timeout,250,2708
after,1,stick_candy_puzzle_saga.txt,13,timeout,251,2984
after,1,stick_candy_puzzle_saga.txt,14,timeout,250,3988
after,1,stick_candy_puzzle_saga.txt,15,timeout,250,3341
after,1,stick_candy_puzzle_saga.txt,16,timeout,250,3165
after,1,stick_candy_puzzle_saga.txt,17,timeout,250,3209
after,1,stick_candy_puzzle_saga.txt,18,timeout,250,3250
after,1,stick_candy_puzzle_saga.txt,19,timeout,250,2284
after,1,stick_candy_puzzle_saga.txt,20,timeout,250,2857
after,1,stick_candy_puzzle_saga.txt,21,timeout,250,2098
after,1,sum three horizontally to 8.txt,4,solved,1,15
after,1,sum three horizontally to 8.txt,6,solved,1,8
after,1,sum three horizontally to 8.txt,8,solved,1,6
after,1,sum three horizontally to 8.txt,10,solved,1,13
after,1,sum three horizontally to 8.txt,13,solved,2,26
after,1,sum three horizontally to 8.txt,15,solved,34,473
after,1,sum three horizontally to 8.txt,17,solved,2,19
after,1,sum three horizontally to 8.txt,19,solved,7,109
after,1,sum three horizontally to 8.txt,22,solved,48,623
after,1,sum three horizontally to 8.txt,24,solved,8,107
after,1,sum three horizontally to 8.txt,26,solved,35,415
after,1,sum three horizontally to 8.txt,28,solved,23,304
after,1,sum three horizontally to 8.txt,31,timeout,250,591
after,1,take heart lass.txt,1,solved,0,3
after,1,take heart lass.txt,3,solved,2,25
after,1,take heart lass.txt,5,solved,1,8
after,1,take heart lass.txt,7,solved,4,28
after,1,take heart lass.txt,9,solved,154,1256
after,1,take heart lass.txt,11,solved,16,120
after,1,take heart lass.txt,13,solved,56,361
after,1,take heart lass.txt,15,timeout,250,1795
after,1,take heart lass.txt,17,solved,12,49
after,1,take heart lass.txt,19,solved,79,512
after,1,take heart lass.txt,21,solved,127,761
after,1,take heart lass.txt,23,timeout,250,867
after,1,talo pipi 2.txt,1,timeout,250,1070
after,1,talo pipi 2.txt,3,timeout,250,1684
after,1,talo pipi 2.txt,5,timeout,250,1090
after,1,talo pipi 2.txt,7,timeout,250,1419
after,1,talo pipi 2.txt,9,timeout,250,1985
after,1,talo pipi 2.txt,11,timeout,250,906
after,1,talo pipi 2.txt,13,timeout,250,802
after,1,talo pipi 2.txt,15,timeout,250,786
after,1,talo pipi 2.txt,17,solved,0,1
after,1,the exit is under my left foot.txt,1,solved,140,102
after,1,the red ring of immortality.txt,1,solved,6,226
after,1,the red ring of immortality.txt,3,solved,55,1354
after,1,the red ring of immortality.txt,5,solved,1,52
after,1,the red ring of immortality.txt,7,solved,64,1633
after,1,the red ring of immortality.txt,9,solved,6,213
after,1,the red ring of immortality.txt,11,solved,12,332
after,1,the red ring of immortality.txt,13,solved,103,2759
after,1,the red ring of immortality.txt,15,solved,16,424
after,1,the red ring of immortality.txt,17,solved,84,2173
after,1,the red ring of immortality.txt,19,solved,11,264
after,1,the red ring of immortality.txt,21,solved,1,21
after,1,the red ring of immortality.txt,23,solved,0,2
after,1,the_saga_of_the_candy_scroll.txt,6,solved,6,106
after,1,the_saga_of_the_candy_scroll.txt,10,solved,1,8
after,1,the_saga_of_the_candy_scroll.txt,14,solved,0,4
after,1,the_saga_of_the_candy_scroll.txt,18,solved,32,551
after,1,the_saga_of_the_candy_scroll.txt,20,timeout,250,4969
after,1,the_saga_of_the_candy_scroll.txt,22,solved,6,104
after,1,the_saga_of_the_candy_scroll.txt,26,solved,43,832
after,1,the_saga_of_the_candy_scroll.txt,28,timeout,250,4304
after,1,the_saga_of_the_candy_scroll.txt,31,solved,85,1273
after,1,the_saga_of_the_candy_scroll.txt,35,timeout,250,3054
after,1,the_saga_of_the_candy_scroll.txt,46,solved,0,3
after,1,the_saga_of_the_candy_scroll.txt,50,solved,2,54
after,1,the_saga_of_the_candy_scroll.txt,53,solved,30,723
after,1,the_saga_of_the_candy_scroll.txt,55,solved,139,2683
after,1,the_saga_of_the_candy_scroll.txt,58,timeout,251,4737
after,1,the_saga_of_the_candy_scroll.txt,61,timeout,250,4961
after,1,the_saga_of_the_candy_scroll.txt,64,timeout,250,5077
after,1,the_saga_of_the_candy_scroll.txt,66,timeout,251,4617
after,1,the_saga_of_the_candy_scroll.txt,68,timeout,250,5261
after,1,the_saga_of_the_candy_scroll.txt,70,timeout,250,4413
after,1,the_saga_of_the_candy_scroll.txt,78,timeout,250,4018
after,1,the_saga_of_the_candy_scroll.txt,80,timeout,250,3052
after,1,the_saga_of_the_candy_scroll.txt,82,timeout,250,2740
after,1,the_saga_of_the_candy_scroll.txt,85,timeout,251,3291
after,1,the_saga_of_the_candy_scroll.txt,89,timeout,250,2588
after,1,the_saga_of_the_candy_scroll.txt,98,timeout,250,3665
after,1,the_saga_of_the_candy_scroll.txt,102,timeout,250,2831
after,1,the_saga_of_the_candy_scroll.txt,106,timeout,250,2330
after,1,the_saga_of_the_candy_scroll.txt,112,timeout,250,2990
after,1,the_saga_of_the_candy_scroll.txt,116,solved,45,501
after,1,threes.txt,0,timeout,250,315
after,1,tiny treasure hunt.txt,1,timeout,250,67
after,1,tiny treasure hunt.txt,3,timeout,250,21
after,1,tiny treasure hunt.txt,5,timeout,250,24
after,1,tiny treasure hunt.txt,7,timeout,250,78
after,1,tiny treasure hunt.txt,9,timeout,250,32
after,1,tiny treasure hunt.txt,11,timeout,250,79
after,1,tiny treasure hunt.txt,13,timeout,250,30
after,1,tunnel rat.txt,1,timeout,251,255
after,1,tunnel rat.txt,3,timeout,250,146
after,1,unclean residues.txt,2,timeout,250,5806
after,1,unclean residues.txt,4,timeout,250,7187
after,1,unclean residues.txt,6,timeout,250,7099
after,1,unclean residues.txt,8,timeout,250,6882
after,1,unclean residues.txt,10,timeout,250,6015
after,1,unclean residues.txt,13,solved,136,3677
after,1,unewton.txt,2,timeout,250,4019
after,1,unewton.txt,4,timeout,251,5860
after,1,unewton.txt,6,timeout,250,4072
after,1,unewton.txt,8,timeout,250,3053
after,1,whaleworld.txt,1,solved,26,120
after,1,whaleworld.txt,3,solved,26,240
after,1,whaleworld.txt,5,solved,144,878
after,1,whaleworld.txt,7,timeout,250,1628
after,1,whaleworld.txt,9,timeout,250,1087
after,1,whaleworld.txt,11,timeout,250,1056
after,1,whaleworld.txt,13,timeout,250,694
after,1,whaleworld.txt,15,timeout,250,1097
after,1,witch lifter.txt,1,timeout,250,1364
after,1,witch lifter.txt,3,solved,98,564
after,1,witch lifter.txt,5,timeout,250,1604
after,1,witch lifter.txt,7,timeout,250,1356
after,1,witch lifter.txt,9,timeout,250,1415
after,1,witch lifter.txt,11,timeout,250,1794
after,1,witch lifter.txt,13,timeout,250,939
after,1,witch lifter.txt,15,timeout,250,1012
after,1,wool-clawer.txt,1,timeout,250,1082
after,1,wool-clawer.txt,3,timeout,250,1035
after,1,wool-clawer.txt,5,timeout,250,463
after,1,wool-clawer.txt,7,timeout,250,264
after,1,wool-clawer.txt,9,timeout,250,374
after,1,wool-clawer.txt,11,timeout,250,356
after,1,you can't make this up.txt,1,timeout,251,4078
after,1,you complete me.txt,0,timeout,250,3113
after,1,zokoban.txt,0,timeout,250,1917
after,2,15 push pull levels.txt,1,solved,21,1342
after,2,15 push pull levels.txt,3,solved,2,137
after,2,15 push pull levels.txt,5,solved,86,5517
after,2,15 push pull levels.txt,7,solved,128,7643
after,2,15 push pull levels.txt,9,solved,71,4319
after,2,15 push pull levels.txt,11,solved,24,1565
after,2,15 push pull levels.txt,13,solved,21,1376
after,2,15 push pull levels.txt,15,solved,33,2195
after,2,15 push pull levels.txt,17,solved,26,1730
after,2,15 push pull levels.txt,19,solved,128,7849
after,2,15 push pull levels.txt,21,timeout,251,12284
after,2,15 push pull levels.txt,23,solved,247,13036
after,2,15 push pull levels.txt,25,solved,247,12036
after,2,15 push pull levels.txt,27,timeout,251,14968
after,2,15 push pull levels.txt,29,timeout,251,14680
after,2,5-junctions-maker.txt,1,timeout,250,440
after,2,5-junctions-maker.txt,3,solved,0,1
after,2,8 happy snakes.txt,1,solved,0,10
after,2,8 happy snakes.txt,3,solved,31,346
after,2,8 happy snakes.txt,5,solved,7,91
after,2,8 happy snakes.txt,7,solved,45,465
after,2,8 happy snakes.txt,9,timeout,252,6662
after,2,8 happy snakes.txt,11,timeout,253,5436
after,2,8 happy snakes.txt,13,timeout,252,5485
after,2,8 happy snakes.txt,15,timeout,251,1809
after,2,ALL GREEN TO BLUE.txt,1,solved,0,36
after,2,ALL GREEN TO BLUE.txt,3,solved,201,8191
after,2,ALL GREEN TO BLUE.txt,5,solved,81,4892
after,2,ALL GREEN TO BLUE.txt,7,solved,54,3260
after,2,ALL GREEN TO BLUE.txt,9,solved,27,1376
after,2,ALL GREEN TO BLUE.txt,11,timeout,252,10051
after,2,ALL GREEN TO BLUE.txt,13,solved,204,10966
after,2,ALL GREEN TO BLUE.txt,15,solved,2,188
after,2,ALL GREEN TO BLUE.txt,17,timeout,251,17309
after,2,ALL GREEN TO BLUE.txt,19,solved,12,884
after,2,ALL GREEN TO BLUE.txt,21,solved,3,89
after,2,Acorn Scorchery Paradise.txt,1,solved,10,489
after,2,Acorn Scorchery Paradise.txt,3,solved,8,380
after,2,Acorn Scorchery Paradise.txt,5,solved,29,1219
after,2,Acorn Scorchery Paradise.txt,7,solved,13,454
after,2,Acorn Scorchery Paradise.txt,9,solved,38,1545
after,2,All Green and Blue on Yellow.txt,1,solved,2,200
after,2,All Green and Blue on Yellow.txt,3,solved,3,166
after,2,All Green and Blue on Yellow.txt,5,solved,21,1249
after,2,All Green and Blue on Yellow.txt,7,solved,17,1343
after,2,All Green and Blue on Yellow.txt,9,solved,17,1260
after,2,Any hole is a goal.txt,1,solved,6,17
after,2,Any hole is a goal.txt,3,solved,231,802
after,2,Any hole is a goal.txt,5,timeout,250,796
after,2,Any hole is a goal.txt,7,solved,241,748
after,2,Any hole is a goal.txt,9,timeout,250,784
after,2,Any hole is a goal.txt,11,timeout,250,975
after,2,Any hole is a goal.txt,13,timeout,250,951
after,2,Any hole is a goal.txt,15,timeout,250,844
after,2,Any hole is a goal.txt,17,timeout,250,1047
after,2,Any hole is a goal.txt,19,timeout,250,1059
after,2,Any hole is a goal.txt,21,timeout,250,926
after,2,Any hole is a goal.txt,23,solved,217,1037
after,2,Any hole is a goal.txt,25,timeout,250,997
after,2,Any hole is a goal.txt,27,timeout,250,563
after,2,Any hole is a goal.txt,29,timeout,250,1054
after,2,Any hole is a goal.txt,31,timeout,250,1114
after,2,Any hole is a goal.txt,33,timeout,250,1124
after,2,Any hole is a goal.txt,35,timeout,250,934
after,2,Any hole is a goal.txt,37,timeout,250,516
after,2,Any hole is a goal.txt,39,timeout,250,926
after,2,Any hole is a goal.txt,41,timeout,250,1136
after,2,Any hole is a goal.txt,43,timeout,250,514
after,2,Any hole is a goal.txt,45,timeout,250,487
after,2,Any hole is a goal.txt,47,timeout,250,1141
after,2,Any hole is a goal.txt,49,timeout,250,1111
after,2,Any hole is a goal.txt,51,timeout,250,893
after,2,Any hole is a goal.txt,53,timeout,250,894
after,2,Any hole is a goal.txt,55,timeout,250,1105
after,2,Any hole is a goal.txt,57,timeout,250,1172
after,2,Any hole is a goal.txt,59,timeout,250,1108
after,2,Any hole is a goal.txt,61,timeout,250,832
after,2,Any hole is a goal.txt,63,timeout,250,1017
after,2,Any hole is a goal.txt,65,timeout,250,1102
after,2,Any hole is a goal.txt,67,timeout,250,1033
after,2,Any hole is a goal.txt,69,timeout,250,1044
after,2,Attractor Net.txt,1,solved,85,2014
after,2,Attractor Net.txt,3,solved,106,2769
after,2,Attractor Net.txt,5,solved,5,162
after,2,Attractor Net.txt,7,solved,23,523
after,2,Attractor Net.txt,9,solved,58,1433
after,2,Attractor Net.txt,11,solved,20,571
after,2,Attractor Net.txt,13,solved,118,3034
after,2,Attractor Net.txt,15,solved,67,1772
after,2,Attractor Net.txt,17,solved,1,20
after,2,Attractor Net.txt,19,solved,59,1642
after,2,BIAXIAL INVASION OF SATURN.txt,3,solved,112,523
after,2,BIAXIAL INVASION OF SATURN.txt,5,timeout,250,759
after,2,BIAXIAL INVASION OF SATURN.txt,7,timeout,250,552
after,2,BIAXIAL INVASION OF SATURN.txt,9,timeout,250,530
after,2,BIAXIAL INVASION OF SATURN.txt,11,timeout,250,502
after,2,BIAXIAL INVASION OF SATURN.txt,13,solved,188,444
after,2,BIAXIAL INVASION OF SATURN.txt,15,timeout,250,512
after,2,BIAXIAL INVASION OF SATURN.txt,17,timeout,251,273
after,2,BIAXIAL INVASION OF SATURN.txt,19,timeout,250,133
after,2,BIAXIAL INVASION OF SATURN.txt,21,timeout,250,111
after,2,BIAXIAL INVASION OF SATURN.txt,23,timeout,250,164
after,2,BIAXIAL INVASION OF SATURN.txt,25,timeout,250,16
after,2,BIAXIAL INVASION OF SATURN.txt,28,solved,0,1
after,2,BIAXIAL INVASION OF SATURN.txt,29,solved,0,1
after,2,BIAXIAL INVASION OF SATURN.txt,30,solved,0,1
after,2,BIAXIAL INVASION OF SATURN.txt,31,solved,1,1
after,2,Bicycle-Kick Football.txt,1,timeout,250,558
after,2,Bicycle-Kick Football.txt,4,solved,9,91
after,2,Bicycle-Kick Football.txt,7,solved,147,685
after,2,Bicycle-Kick Football.txt,10,timeout,250,1644
after,2,Bicycle-Kick Football.txt,13,timeout,250,960
after,2,Bicycle-Kick Football.txt,16,timeout,250,1533
after,2,Bring the ice cube to the goal without exposing it to heat.txt,1,timeout,250,450
after,2,CODEX LUBRICUS.txt,2,solved,51,130
after,2,CODEX LUBRICUS.txt,4,solved,65,93
after,2,CODEX LUBRICUS.txt,6,solved,66,73
after,2,CODEX LUBRICUS.txt,8,solved,29,93
after,2,CODEX LUBRICUS.txt,10,solved,139,113
after,2,CODEX LUBRICUS.txt,12,solved,76,149
after,2,CODEX LUBRICUS.txt,14,solved,79,111
after,2,CODEX LUBRICUS.txt,16,solved,88,118
after,2,CODEX LUBRICUS.txt,18,solved,109,105
after,2,CODEX LUBRICUS.txt,20,solved,93,115
after,2,CODEX LUBRICUS.txt,22,solved,47,112
after,2,CODEX LUBRICUS.txt,24,solved,48,116
after,2,CODEX LUBRICUS.txt,26,solved,64,108
after,2,CODEX LUBRICUS.txt,28,solved,67,104
after,2,CODEX LUBRICUS.txt,30,solved,91,131
after,2,CODEX LUBRICUS.txt,32,solved,182,275
after,2,CODEX LUBRICUS.txt,34,solved,73,122
after,2,CODEX LUBRICUS.txt,36,solved,58,164
after,2,CODEX LUBRICUS.txt,38,solved,41,102
after,2,CODEX LUBRICUS.txt,40,solved,152,262
after,2,Chevron Lodger.txt,1,solved,2,67
after,2,Chevron Lodger.txt,3,solved,52,1755
after,2,Chevron Lodger.txt,5,solved,168,5035
after,2,Chevron Lodger.txt,7,solved,24,823
after,2,Chevron Lodger.txt,9,timeout,251,7041
after,2,Chevron Lodger.txt,11,timeout,251,6130
after,2,Crates move when you move.txt,1,solved,3,138
after,2,Crates move when you move.txt,3,solved,1,73
after,2,Crates move when you move.txt,5,solved,2,49
after,2,Crates move when you move.txt,7,solved,3,115
after,2,Crates move when you move.txt,9,solved,1,71
after,2,Crates move when you move.txt,11,solved,0,3
after,2,Crates move when you move.txt,13,solved,9,348
after,2,Crates move when you move.txt,15,solved,6,230
after,2,Crates move when you move.txt,17,solved,2,93
after,2,Crates move when you move.txt,19,solved,9,415
after,2,Cucumber Surprise.txt,2,solved,5,259
after,2,Cucumber Surprise.txt,5,solved,6,201
after,2,Cucumber Surprise.txt,7,solved,30,1178
after,2,Cucumber Surprise.txt,9,solved,72,2499
after,2,Cucumber Surprise.txt,11,solved,218,7606
after,2,Cucumber Surprise.txt,13,solved,33,1163
after,2,Cucumber Surprise.txt,15,solved,67,2202
after,2,Cucumber Surprise.txt,17,solved,32,916
after,2,Cucumber Surprise.txt,19,solved,52,1311
after,2,Cucumber Surprise.txt,21,timeout,253,6443
after,2,Cucumber Surprise.txt,23,solved,195,3449
after,2,Cucumber Surprise.txt,25,solved,62,1243
after,2,Cucumber Surprise.txt,27,timeout,250,6055
after,2,Cucumber Surprise.txt,29,solved,21,731
after,2,Cucumber Surprise.txt,31,solved,97,2119
after,2,Cucumber Surprise.txt,33,solved,127,3415
after,2,Cucumber Surprise.txt,35,solved,60,1727
after,2,Cucumber Surprise.txt,37,solved,29,812
after,2,Cucumber Surprise.txt,39,solved,122,2968
after,2,Cucumber Surprise.txt,41,timeout,250,5824
after,2,Des Poseidons Dreizack.txt,1,timeout,250,156
after,2,Des Poseidons Dreizack.txt,3,timeout,250,158
after,2,Des Poseidons Dreizack.txt,5,timeout,250,122
after,2,Des Poseidons Dreizack.txt,6,solved,1,9
after,2,Des Poseidons Dreizack.txt,7,solved,0,1
after,2,Don't let your goals slip away.txt,1,solved,3,63
after,2,Don't let your goals slip away.txt,3,solved,184,4881
after,2,Don't let your goals slip away.txt,5,solved,2,121
after,2,Don't let your goals slip away.txt,7,solved,9,512
after,2,Don't let your goals slip away.txt,9,solved,26,1317
after,2,Don't let your goals slip away.txt,11,solved,123,5817
after,2,Don't let your goals slip away.txt,13,solved,47,2187
after,2,Don't let your goals slip away.txt,15,solved,243,7721
after,2,Double-Entry Bookkeeping Simulator.txt,1,timeout,250,1603
after,2,Double-Entry Bookkeeping Simulator.txt,3,timeout,250,553
after,2,Double-Entry Bookkeeping Simulator.txt,5,timeout,250,1177
after,2,Double-Entry Bookkeeping Simulator.txt,7,timeout,250,305
after,2,Double-Entry Bookkeeping Simulator.txt,9,timeout,250,587
after,2,Double-Entry Bookkeeping Simulator.txt,11,timeout,250,412
after,2,Double-Entry Bookkeeping Simulator.txt,13,timeout,250,237
after,2,Double-Entry Bookkeeping Simulator.txt,15,timeout,250,311
after,2,Double-Entry Bookkeeping Simulator.txt,17,timeout,250,1461
after,2,Explodoban.txt,1,solved,11,437
after,2,Explodoban.txt,3,solved,8,320
after,2,Explodoban.txt,5,solved,80,3082
after,2,Explodoban.txt,7,solved,182,5873
after,2,Explodoban.txt,9,solved,105,3907
after,2,Explodoban.txt,11,solved,88,2959
after,2,Explodoban.txt,13,timeout,251,9606
after,2,Eyeball-watching flowers bloom.txt,1,solved,2,53
after,2,Eyeball-watching flowers bloom.txt,3,solved,183,4076
after,2,Eyeball-watching flowers bloom.txt,5,timeout,250,4541
after,2,Garten der Medusen.txt,1,solved,6,6
after,2,Garten der Medusen.txt,3,solved,5,4
after,2,Garten der Medusen.txt,5,solved,7,6
after,2,Garten der Medusen.txt,7,timeout,250,291
after,2,Garten der Medusen.txt,9,timeout,250,153
after,2,Garten der Medusen.txt,11,timeout,250,145
after,2,Garten der Medusen.txt,13,timeout,250,38
after,2,Garten der Medusen.txt,15,timeout,250,65
after,2,Hole-Stuffer.txt,1,timeout,250,3398
after,2,Hole-Stuffer.txt,3,timeout,250,3380
after,2,Hole-Stuffer.txt,5,solved,15,178
after,2,Hole-Stuffer.txt,7,timeout,250,2849
after,2,"Individuals can produce a society, but can a society produce individuals.txt",1,timeout,251,469
after,2,It gets its Feet Wet.txt,1,timeout,250,263
after,2,Legend of Swixero.txt,1,solved,7,369
after,2,Legend of Swixero.txt,3,solved,28,1444
after,2,Legend of Swixero.txt,5,solved,12,450
after,2,Legend of Swixero.txt,7,timeout,251,9908
after,2,Legend of Swixero.txt,9,timeout,251,10504
after,2,Match two two by twos.txt,2,timeout,250,1372
after,2,Match two two by twos.txt,4,timeout,250,774
after,2,Match two two by twos.txt,6,timeout,250,1038
after,2,Match-Maker.txt,1,solved,36,1111
after,2,Match-Maker.txt,3,solved,3,66
after,2,Match-Maker.txt,5,solved,13,214
after,2,Match-Maker.txt,7,solved,221,4771
after,2,Match-Maker.txt,9,timeout,250,5141
after,2,Match-Maker.txt,11,solved,242,5545
after,2,Match-Maker.txt,13,solved,156,3402
after,2,Match-Maker.txt,15,solved,225,4839
after,2,Match-Maker.txt,17,timeout,250,3392
after,2,Microban x 10.txt,2,timeout,250,255
after,2,Muraphilic Monophobic Multiban.txt,1,timeout,252,8153
after,2,Muraphilic Monophobic Multiban.txt,3,solved,0,6
after,2,Muraphilic Monophobic Multiban.txt,5,solved,12,390
after,2,Muraphilic Monophobic Multiban.txt,7,solved,137,4207
after,2,Muraphilic Monophobic Multiban.txt,9,timeout,252,8913
after,2,Muraphilic Monophobic Multiban.txt,11,solved,59,2039
after,2,Muraphilic Monophobic Multiban.txt,13,solved,24,1149
after,2,Muraphilic Monophobic Multiban.txt,15,timeout,251,9951
after,2,NIGHTMARECROBAN.txt,1,solved,6,309
after,2,NIGHTMARECROBAN.txt,3,solved,31,1682
after,2,NIGHTMARECROBAN.txt,5,solved,22,1170
after,2,NIGHTMARECROBAN.txt,7,solved,7,387
after,2,NIGHTMARECROBAN.txt,9,solved,10,515
after,2,NIGHTMARECROBAN.txt,11,solved,33,1605
after,2,NIGHTMARECROBAN.txt,13,solved,80,3677
after,2,Neoprenanzieher.txt,2,timeout,250,532
after,2,North Wind Simple Sailboat Buoy Collection.txt,2,exhausted,1,9
after,2,North Wind Simple Sailboat Buoy Collection.txt,4,exhausted,2,9
after,2,North Wind Simple Sailboat Buoy Collection.txt,6,exhausted,2,9
after,2,Oh No My Dog Is About To Swallow A Piece Of.txt,1,timeout,250,139
after,2,Place the crate on the targets.txt,1,timeout,251,1437
after,2,Pocket Gopher - Root-Shoot Nibbler.txt,2,timeout,250,1664
after,2,Pocket Gopher - Root-Shoot Nibbler.txt,5,timeout,250,1101
after,2,Pocket Gopher - Root-Shoot Nibbler.txt,8,timeout,250,1515
after,2,Pocket Gopher - Root-Shoot Nibbler.txt,11,timeout,250,874
after,2,Pocket Gopher - Root-Shoot Nibbler.txt,14,timeout,250,1155
after,2,Pushy-V Pully-H.txt,1,solved,11,664
after,2,Pushy-V Pully-H.txt,3,solved,0,25
after,2,Pushy-V Pully-H.txt,5,solved,15,866
after,2,Pushy-V Pully-H.txt,7,solved,27,1738
after,2,Pushy-V Pully-H.txt,9,solved,0,14
after,2,Pushy-V Pully-H.txt,11,solved,1,109
after,2,Pushy-V Pully-H.txt,13,solved,1,78
after,2,Pushy-V Pully-H.txt,15,solved,68,3497
after,2,Pushy-V Pully-H.txt,17,solved,46,2857
after,2,Pushy-V Pully-H.txt,19,solved,1,72
after,2,Pushy-V Pully-H.txt,21,solved,190,9302
after,2,"Put the logs in the water, elephant.txt",1,timeout,251,2701
after,2,"Put the logs in the water, elephant.txt",4,solved,61,770
after,2,"Put the logs in the water, elephant.txt",7,timeout,250,2954
after,2,"Put the logs in the water, elephant.txt",10,solved,97,1313
after,2,"Put the logs in the water, elephant.txt",13,timeout,251,3093
after,2,"Put the logs in the water, elephant.txt",16,timeout,250,4179
after,2,"Put the logs in the water, elephant.txt",19,timeout,250,2680
after,2,"Put the logs in the water, elephant.txt",22,timeout,250,3727
after,2,Putting Bicycle Helmets on Young Children.txt,1,timeout,251,196
after,2,Putting Bicycle Helmets on Young Children.txt,3,timeout,250,90
after,2,Putting Bicycle Helmets on Young Children.txt,5,timeout,256,85
after,2,Recondite Star Sector Sigma.txt,1,solved,10,644
after,2,Recondite Star Sector Sigma.txt,3,solved,182,7848
after,2,Recondite Star Sector Sigma.txt,5,solved,118,6910
after,2,Recondite Star Sector Sigma.txt,7,solved,222,9804
after,2,Recondite Star Sector Sigma.txt,9,solved,155,9178
after,2,Recondite Star Sector Sigma.txt,11,solved,22,1338
after,2,Recondite Star Sector Sigma.txt,13,solved,216,12443
after,2,Recondite Star Sector Sigma.txt,15,solved,65,3835
after,2,Recondite Star Sector Sigma.txt,17,solved,246,13908
after,2,Recondite Star Sector Sigma.txt,19,solved,29,1580
after,2,Resin-Caster.txt,2,solved,15,1014
after,2,Resin-Caster.txt,4,solved,11,729
after,2,Resin-Caster.txt,6,solved,31,2010
after,2,Resin-Caster.txt,8,solved,73,4444
after,2,Resin-Caster.txt,10,solved,17,762
after,2,Resin-Caster.txt,12,solved,26,1470
after,2,Resin-Caster.txt,14,solved,71,3899
after,2,Resin-Caster.txt,16,solved,12,576
after,2,Resin-Caster.txt,18,solved,22,1073
after,2,Resin-Caster.txt,20,solved,22,1472
after,2,S-tercourse.txt,1,timeout,250,1957
after,2,S-tercourse.txt,3,solved,36,357
after,2,S-tercourse.txt,5,solved,33,302
after,2,S-tercourse.txt,7,timeout,250,2178
after,2,S-tercourse.txt,9,timeout,250,1997
after,2,S-tercourse.txt,11,timeout,250,1414
after,2,S-tercourse.txt,13,timeout,250,1450
after,2,S-tercourse.txt,15,timeout,250,1087
after,2,S-tercourse.txt,17,timeout,250,1473
after,2,S-tercourse.txt,19,timeout,250,1881
after,2,S-tercourse.txt,21,timeout,250,2471
after,2,S-tercourse.txt,23,timeout,250,2218
after,2,SWIMMING TIME.txt,2,timeout,250,349
after,2,Scalesoban.txt,1,solved,0,14
after,2,Scalesoban.txt,3,solved,3,91
after,2,Scalesoban.txt,5,solved,26,858
after,2,Schleimban.txt,1,solved,32,306
after,2,Schleimban.txt,3,solved,46,768
after,2,Schleimban.txt,5,solved,37,548
after,2,Schleimban.txt,7,solved,64,1018
after,2,Schleimban.txt,9,solved,33,503
after,2,Schleimban.txt,11,solved,0,1
after,2,Subway upholstry snot smearing championship.txt,2,solved,204,6991
after,2,Subway upholstry snot smearing championship.txt,4,solved,6,240
after,2,Subway upholstry snot smearing championship.txt,6,solved,3,96
after,2,Subway upholstry snot smearing championship.txt,8,timeout,250,5606
after,2,Subway upholstry snot smearing championship.txt,10,solved,120,3469
after,2,Subway upholstry snot smearing championship.txt,12,solved,67,1208
after,2,Subway upholstry snot smearing championship.txt,14,timeout,250,4372
after,2,The Far Away Danish Pastry is always Delicio.txt,1,solved,0,7
after,2,The Far Away Danish Pastry is always Delicio.txt,3,solved,0,10
after,2,The Far Away Danish Pastry is always Delicio.txt,5,solved,4,183
after,2,The Far Away Danish Pastry is always Delicio.txt,7,solved,1,45
after,2,The Far Away Danish Pastry is always Delicio.txt,9,solved,1,74
after,2,The Far Away Danish Pastry is always Delicio.txt,11,solved,67,3545
after,2,The Far Away Danish Pastry is always Delicio.txt,13,solved,26,1232
after,2,The Far Away Danish Pastry is always Delicio.txt,15,solved,100,4154
after,2,The Monsterous Autoshove.txt,1,solved,40,710
after,2,The Monsterous Autoshove.txt,3,solved,64,921
after,2,The Monsterous Autoshove.txt,5,timeout,250,2320
after,2,The Monsterous Autoshove.txt,7,solved,36,575
after,2,The Monsterous Autoshove.txt,9,timeout,250,2255
after,2,The Monsterous Autoshove.txt,11,timeout,250,2359
after,2,The sponge what lights up the seafloor.txt,1,solved,98,503
after,2,The sponge what lights up the seafloor.txt,3,timeout,250,1510
after,2,The sponge what lights up the seafloor.txt,5,timeout,250,1115
after,2,The sponge what lights up the seafloor.txt,7,solved,104,633
after,2,The sponge what lights up the seafloor.txt,9,solved,249,1501
after,2,The sponge what lights up the seafloor.txt,11,solved,146,942
after,2,The sponge what lights up the seafloor.txt,13,timeout,250,963
after,2,The sponge what lights up the seafloor.txt,15,timeout,250,1518
after,2,The sponge what lights up the seafloor.txt,17,timeout,250,1180
after,2,The sponge what lights up the seafloor.txt,19,timeout,250,1503
after,2,Two-Step Pete.txt,1,solved,1,61
after,2,Two-Step Pete.txt,3,solved,49,2153
after,2,Two-Step Pete.txt,5,solved,6,305
after,2,Two-Step Pete.txt,7,timeout,251,8097
after,2,Two-Step Pete.txt,9,solved,41,1810
after,2,Two-Step Pete.txt,11,solved,2,99
after,2,Two-Step Pete.txt,13,solved,14,756
after,2,Two-Step Pete.txt,15,timeout,251,11819
after,2,Two-Tone Tango.txt,1,solved,77,1805
after,2,Two-Tone Tango.txt,3,solved,22,569
after,2,Two-Tone Tango.txt,5,solved,37,1163
after,2,Two-Tone Tango.txt,7,solved,250,6728
after,2,Two-Tone Tango.txt,9,solved,1,38
after,2,Two-Tone Tango.txt,11,solved,25,747
after,2,Two-Tone Tango.txt,13,solved,114,4124
after,2,Two-Tone Tango.txt,15,solved,94,3028
after,2,Van-to-Mobile-Living-Space-Conversion Window.txt,1,solved,2,39
after,2,Van-to-Mobile-Living-Space-Conversion Window.txt,3,solved,66,1296
after,2,Van-to-Mobile-Living-Space-Conversion Window.txt,5,solved,3,49
after,2,Van-to-Mobile-Living-Space-Conversion Window.txt,7,timeout,250,4210
after,2,Van-to-Mobile-Living-Space-Conversion Window.txt,9,timeout,251,4311
after,2,Van-to-Mobile-Living-Space-Conversion Window.txt,11,timeout,250,4064
after,2,Van-to-Mobile-Living-Space-Conversion Window.txt,13,solved,51,938
after,2,Van-to-Mobile-Living-Space-Conversion Window.txt,15,solved,191,3383
after,2,Van-to-Mobile-Living-Space-Conversion Window.txt,17,solved,35,673
after,2,Van-to-Mobile-Living-Space-Conversion Window.txt,19,timeout,250,4181
after,2,Van-to-Mobile-Living-Space-Conversion Window.txt,21,timeout,250,4178
after,2,Van-to-Mobile-Living-Space-Conversion Window.txt,23,solved,98,1754
after,2,Van-to-Mobile-Living-Space-Conversion Window.txt,25,timeout,250,4672
after,2,Van-to-Mobile-Living-Space-Conversion Window.txt,27,timeout,251,4155
after,2,Varifocal Nightmare.txt,1,solved,51,1456
after,2,Varifocal Nightmare.txt,3,solved,23,780
after,2,Varifocal Nightmare.txt,5,solved,62,2291
after,2,Varifocal Nightmare.txt,7,timeout,251,8029
after,2,Varifocal Nightmare.txt,9,solved,166,4318
after,2,Vexatious Match 3.txt,2,timeout,251,6241
after,2,Vexatious Match 3.txt,4,timeout,251,8050
after,2,Vexatious Match 3.txt,6,timeout,251,7004
after,2,Vexatious Match 3.txt,8,timeout,251,6194
after,2,Vexatious Match 3.txt,10,solved,56,1992
after,2,Voitex Rasteriser 2.txt,1,timeout,251,4507
after,2,Voitex Rasteriser.txt,0,timeout,253,7648
after,2,Voitex Rasteriser.txt,2,solved,0,1
after,2,Wand Spinner.txt,1,solved,7,263
after,2,Wand Spinner.txt,3,solved,5,214
after,2,Wand Spinner.txt,5,solved,75,2715
after,2,Wand Spinner.txt,7,solved,113,4051
after,2,Wand Spinner.txt,9,solved,15,417
after,2,Wand Spinner.txt,11,solved,23,949
after,2,Wand Spinner.txt,13,solved,32,1308
after,2,Wand Spinner.txt,15,solved,12,513
after,2,Wand Spinner.txt,17,solved,24,973
after,2,Wand Spinner.txt,19,solved,47,1879
after,2,Wand Spinner.txt,21,solved,19,796
after,2,Wand Spinner.txt,23,solved,230,9400
after,2,Wand Spinner.txt,25,solved,19,721
after,2,Wand Spinner.txt,27,solved,83,3180
after,2,Wand Spinner.txt,29,timeout,250,9873
after,2,Wand Spinner.txt,31,solved,59,2265
after,2,Wand Spinner.txt,33,solved,2,68
after,2,Wand Spinner.txt,35,solved,157,5885
after,2,Xorro The Chaos Warden.txt,1,solved,6,267
after,2,Xorro The Chaos Warden.txt,3,solved,113,4418
after,2,Xorro The Chaos Warden.txt,5,solved,86,3553
after,2,Xorro The Chaos Warden.txt,7,timeout,251,7311
after,2,Yellow Box.txt,1,solved,111,3503
after,2,Yellow Box.txt,3,solved,14,332
after,2,Yellow Box.txt,5,solved,2,49
after,2,Yellow Box.txt,7,solved,13,293
after,2,Yellow Box.txt,9,solved,69,1318
after,2,Yellow Box.txt,11,solved,80,1642
after,2,Yellow Box.txt,13,solved,13,285
after,2,Yellow Box.txt,15,timeout,251,9488
after,2,Yellow Box.txt,17,solved,4,58
after,2,Yellow Box.txt,19,solved,16,272
after,2,Yellow Box.txt,21,solved,76,1639
after,2,Yellow Box.txt,23,solved,1,20
after,2,Yellow Box.txt,25,solved,13,259
after,2,Yellow Box.txt,27,solved,26,498
after,2,Yellow Box.txt,29,solved,22,280
after,2,Yellow Box.txt,31,solved,119,2277
after,2,Yellow Box.txt,33,solved,14,284
after,2,Yellow Box.txt,35,timeout,250,5127
after,2,a clear view of the sky.txt,3,solved,29,58
after,2,a clear view of the sky.txt,6,solved,19,55
after,2,a clear view of the sky.txt,8,solved,20,60
after,2,a clear view of the sky.txt,10,solved,13,52
after,2,a clear view of the sky.txt,12,solved,19,54
after,2,a clear view of the sky.txt,14,solved,16,43
after,2,a clear view of the sky.txt,16,solved,64,185
after,2,a clear view of the sky.txt,18,timeout,250,333
after,2,a clear view of the sky.txt,20,solved,39,64
after,2,a clear view of the sky.txt,22,solved,142,235
after,2,a clear view of the sky.txt,24,timeout,250,517
after,2,a clear view of the sky.txt,26,timeout,250,141
after,2,a clear view of the sky.txt,28,timeout,251,71
after,2,a clear view of the sky.txt,30,solved,0,1
after,2,a clear view of the sky.txt,31,solved,0,1
after,2,a clear view of the sky.txt,32,solved,0,1
after,2,a clear view of the sky.txt,33,solved,0,1
after,2,a clear view of the sky.txt,34,solved,0,1
after,2,a clear view of the sky.txt,35,solved,0,1
after,2,a cliche for bedtime.txt,1,timeout,252,8753
after,2,a distant sunset.txt,1,solved,24,83
after,2,a distant sunset.txt,3,solved,0,1
after,2,a distant sunset.txt,4,solved,0,1
after,2,a distant sunset.txt,5,solved,0,1
after,2,alternatey.txt,2,solved,13,170
after,2,alternatey.txt,4,solved,75,428
after,2,alternatey.txt,6,timeout,250,2363
after,2,an ok multiban level.txt,1,timeout,251,12067
after,2,atlas shrank.txt,1,solved,1,11
after,2,atlas shrank.txt,4,solved,210,1898
after,2,atlas shrank.txt,5,solved,136,887
after,2,atlas shrank.txt,6,timeout,250,1828
after,2,atlas shrank.txt,8,timeout,250,899
after,2,atlas shrank.txt,10,solved,107,611
after,2,atlas shrank.txt,11,timeout,250,1166
after,2,atlas shrank.txt,12,timeout,250,1368
after,2,atlas shrank.txt,14,timeout,250,1245
after,2,atlas shrank.txt,15,timeout,250,418
after,2,atlas shrank.txt,16,timeout,250,385
after,2,atlas shrank.txt,17,timeout,250,904
after,2,autohurdler.txt,1,solved,9,124
after,2,autohurdler.txt,3,solved,3,35
after,2,autohurdler.txt,5,timeout,250,3243
after,2,autohurdler.txt,7,solved,33,402
after,2,big dog and little dog.txt,1,solved,213,2021
after,2,big dog and little dog.txt,3,timeout,250,1810
after,2,big dog and little dog.txt,5,timeout,250,1631
after,2,big dog and little dog.txt,7,timeout,250,1676
after,2,big dog and little dog.txt,9,timeout,250,1537
after,2,big dog and little dog.txt,11,timeout,250,767
after,2,bouncers.txt,1,timeout,252,8169
after,2,bouncers.txt,3,timeout,252,7917
after,2,bouncers.txt,5,timeout,252,7722
after,2,bouncers.txt,7,timeout,252,5738
after,2,bouncers.txt,9,timeout,252,5624
after,2,butteater.txt,1,solved,21,482
after,2,butteater.txt,3,timeout,251,5047
after,2,byyourside.txt,0,solved,1,17
after,2,byyourside.txt,1,solved,76,1231
after,2,byyourside.txt,2,solved,13,216
after,2,byyourside.txt,3,solved,1,14
after,2,byyourside.txt,4,solved,16,264
after,2,byyourside.txt,5,solved,19,299
after,2,byyourside.txt,6,solved,0,5
after,2,byyourside.txt,7,solved,1,16
after,2,byyourside.txt,8,solved,96,1709
after,2,byyourside.txt,9,solved,59,1062
after,2,cakemonsters.txt,2,solved,0,3
after,2,cakemonsters.txt,4,solved,0,10
after,2,cakemonsters.txt,7,solved,5,208
after,2,cakemonsters.txt,9,solved,6,268
after,2,cakemonsters.txt,11,solved,1,25
after,2,cakemonsters.txt,13,solved,7,275
after,2,cakemonsters.txt,14,solved,1,43
after,2,cakemonsters.txt,15,solved,7,305
after,2,cakemonsters.txt,16,solved,32,1021
after,2,cakemonsters.txt,17,solved,2,70
after,2,cakemonsters.txt,18,solved,0,10
after,2,cakemonsters.txt,20,timeout,251,7845
after,2,cakemonsters.txt,21,solved,112,3880
after,2,cakemonsters.txt,22,solved,9,326
after,2,cakemonsters.txt,24,solved,0,18
after,2,cakemonsters.txt,25,solved,0,7
after,2,cakemonsters.txt,26,solved,0,8
after,2,cakemonsters.txt,27,solved,0,9
after,2,cakemonsters.txt,28,solved,10,380
after,2,cakemonsters.txt,29,solved,8,314
after,2,cakemonsters.txt,31,solved,1,40
after,2,cakemonsters.txt,32,solved,30,1164
after,2,cakemonsters.txt,33,solved,97,3917
after,2,cakemonsters.txt,34,timeout,252,6618
after,2,cakemonsters.txt,35,solved,7,259
after,2,cakemonsters.txt,37,timeout,252,6216
after,2,cakemonsters.txt,38,solved,152,6123
after,2,cakemonsters.txt,39,solved,0,18
after,2,cakemonsters.txt,40,solved,114,4864
after,2,cakemonsters.txt,41,timeout,251,10085
after,2,cakemonsters.txt,43,solved,1,34
after,2,cakemonsters.txt,44,solved,138,5188
after,2,cakemonsters.txt,46,solved,47,1821
after,2,cakemonsters.txt,47,timeout,251,9642
after,2,cakemonsters.txt,49,solved,221,9290
after,2,cakemonsters.txt,52,timeout,251,8683
after,2,car crash.txt,1,timeout,250,45
after,2,car crash.txt,2,solved,89,0
after,2,castlecloset.txt,0,solved,163,2695
after,2,castlemouse.txt,1,solved,7,48
after,2,castlemouse.txt,3,solved,11,42
after,2,castlemouse.txt,5,solved,42,141
after,2,castlemouse.txt,7,solved,64,272
after,2,castlemouse.txt,9,solved,4,20
after,2,castlemouse.txt,11,timeout,252,776
after,2,castlemouse.txt,13,solved,2,6
after,2,castlemouse.txt,15,solved,9,12
after,2,castlemouse.txt,17,solved,2,3
after,2,castlemouse.txt,19,solved,8,9
after,2,chaos wizard.txt,2,solved,95,960
after,2,chaos wizard.txt,3,solved,31,293
after,2,chaos wizard.txt,4,timeout,250,2939
after,2,chaos wizard.txt,5,timeout,250,3397
after,2,chaos wizard.txt,6,timeout,251,2784
after,2,chaos wizard.txt,7,timeout,251,3878
after,2,chaos wizard.txt,8,timeout,251,3551
after,2,chaos wizard.txt,9,timeout,251,4254
after,2,chaos wizard.txt,10,timeout,251,3900
after,2,chaos wizard.txt,11,timeout,250,3849
after,2,chaos wizard.txt,12,timeout,250,3413
after,2,chaos wizard.txt,13,timeout,250,3217
after,2,chaos wizard.txt,14,timeout,250,3424
after,2,chaos wizard.txt,15,timeout,250,3620
after,2,chaos wizard.txt,16,timeout,250,3707
after,2,chaos wizard.txt,17,timeout,250,2140
after,2,chaos wizard.txt,18,timeout,251,2739
after,2,chaos wizard.txt,19,timeout,250,2963
after,2,chaos wizard.txt,20,timeout,251,2010
after,2,chaos wizard.txt,22,solved,12,65
after,2,chaos wizard.txt,24,timeout,251,1353
after,2,chaos wizard.txt,27,timeout,251,2554
after,2,coincounter.txt,0,solved,3,9
after,2,coincounter.txt,1,solved,4,22
after,2,coincounter.txt,2,solved,9,69
after,2,coincounter.txt,3,solved,11,93
after,2,coincounter.txt,4,solved,45,289
after,2,coincounter.txt,5,solved,42,287
after,2,coincounter.txt,6,solved,133,892
after,2,coincounter.txt,7,timeout,250,1881
after,2,coincounter.txt,8,solved,8,51
after,2,coincounter.txt,9,solved,2,7
after,2,coincounter.txt,10,solved,0,1
after,2,collapse.txt,2,solved,196,186
after,2,collapse.txt,3,timeout,250,151
after,2,color chained.txt,0,solved,15,31
after,2,color chained.txt,1,solved,6,9
after,2,color chained.txt,2,solved,242,645
after,2,color chained.txt,3,solved,72,160
after,2,color chained.txt,4,solved,56,139
after,2,color chained.txt,5,timeout,250,526
after,2,color chained.txt,6,timeout,250,452
after,2,color chained.txt,7,timeout,250,426
after,2,color chained.txt,8,timeout,250,451
after,2,color chained.txt,9,timeout,250,403
after,2,color chained.txt,10,timeout,250,420
after,2,color chained.txt,14,timeout,250,372
after,2,constellationz.txt,0,solved,0,5
after,2,constellationz.txt,1,solved,0,5
after,2,constellationz.txt,2,solved,3,72
after,2,constellationz.txt,3,solved,0,10
after,2,constellationz.txt,4,solved,5,124
after,2,constellationz.txt,5,solved,6,28
after,2,constellationz.txt,6,solved,185,1718
after,2,constellationz.txt,7,solved,165,1466
after,2,constellationz.txt,8,timeout,251,3246
after,2,constellationz.txt,9,timeout,251,2003
after,2,constellationz.txt,10,timeout,251,3132
after,2,cooperacing.txt,3,timeout,250,3404
after,2,cooperacing.txt,5,timeout,250,3723
after,2,cooperacing.txt,8,timeout,250,3762
after,2,cooperacing.txt,10,timeout,251,3901
after,2,crate guardian.txt,1,timeout,250,5218
after,2,crate guardian.txt,3,solved,83,1913
after,2,crate guardian.txt,5,timeout,250,5592
after,2,crate guardian.txt,7,timeout,250,6848
after,2,crate guardian.txt,9,timeout,250,5458
after,2,crate guardian.txt,11,timeout,250,5939
after,2,crate swap.txt,1,solved,21,1202
after,2,crate swap.txt,3,solved,11,714
after,2,crate swap.txt,5,solved,33,1659
after,2,crate swap.txt,7,solved,32,1732
after,2,crate swap.txt,9,solved,62,2606
after,2,crate swap.txt,11,solved,66,3024
after,2,crate swap.txt,13,solved,49,2569
after,2,crate swap.txt,15,solved,40,1789
after,2,cratopia.txt,2,solved,7,70
after,2,cratopia.txt,3,timeout,250,1816
after,2,cratopia.txt,5,solved,135,764
after,2,cratopia.txt,9,timeout,251,1925
after,2,cratopia.txt,11,timeout,250,3500
after,2,cratopia.txt,12,timeout,250,3342
after,2,cratopia.txt,13,timeout,251,1821
after,2,cratopia.txt,14,timeout,250,3071
after,2,cratopia.txt,15,timeout,250,3053
after,2,cratopia.txt,16,timeout,250,2846
after,2,cratopia.txt,17,timeout,251,3485
after,2,cratopia.txt,18,timeout,250,2624
after,2,cratopia.txt,19,timeout,250,2055
after,2,cratopia.txt,20,solved,33,31
after,2,cratopia.txt,21,solved,52,0
after,2,cratopia.txt,22,solved,52,0
after,2,cratopia.txt,23,solved,55,0
after,2,cute train.txt,1,timeout,250,75
after,2,der hydra krypta.txt,1,solved,36,21
after,2,der hydra krypta.txt,3,timeout,250,107
after,2,der hydra krypta.txt,5,timeout,250,162
after,2,der hydra krypta.txt,7,timeout,250,86
after,2,der hydra krypta.txt,9,timeout,250,115
after,2,der hydra krypta.txt,11,timeout,250,152
after,2,der hydra krypta.txt,13,solved,0,1
after,2,dice goblin.txt,3,timeout,250,744
after,2,die schoene steinmetzin.txt,1,timeout,250,1255
after,2,die schoene steinmetzin.txt,3,timeout,250,949
after,2,die schoene steinmetzin.txt,5,timeout,250,1127
after,2,die schoene steinmetzin.txt,7,timeout,250,1081
after,2,die schoene steinmetzin.txt,9,timeout,250,1240
after,2,die schoene steinmetzin.txt,11,timeout,250,793
after,2,die schoene steinmetzin.txt,13,timeout,250,755
after,2,die schoene steinmetzin.txt,15,timeout,250,611
after,2,die schoene steinmetzin.txt,16,exhausted,0,1
after,2,diesinthelight.txt,0,solved,16,94
after,2,diesinthelight.txt,1,solved,87,432
after,2,diesinthelight.txt,2,timeout,250,646
after,2,diesinthelight.txt,3,timeout,250,1066
after,2,dollyban.txt,1,solved,92,3182
after,2,dollyban.txt,3,solved,88,3417
after,2,dollyban.txt,5,timeout,250,8837
after,2,dollyban.txt,7,timeout,250,9432
after,2,dollyban.txt,9,timeout,251,9161
after,2,dollyban.txt,11,timeout,250,8729
after,2,dollyban.txt,13,solved,184,5653
after,2,dollyban.txt,15,timeout,251,7777
after,2,dollyban.txt,17,timeout,250,7713
after,2,dollyban.txt,19,timeout,250,8315
after,2,dollyban.txt,21,timeout,250,6267
after,2,dollyban.txt,23,timeout,250,6629
after,2,dollyban.txt,25,timeout,250,5932
after,2,dollyban.txt,27,timeout,251,6516
after,2,dollyban.txt,29,timeout,250,7297
after,2,dreizack.txt,1,timeout,250,190
after,2,dreizack.txt,3,timeout,250,182
after,2,dreizack.txt,5,timeout,250,154
after,2,dreizack.txt,6,solved,1,9
after,2,dreizack.txt,7,solved,0,1
after,2,dropswap.txt,3,solved,85,1246
after,2,dropswap.txt,5,solved,87,831
after,2,dropswap.txt,8,timeout,250,1542
after,2,dropswap.txt,12,solved,80,728
after,2,dropswap.txt,14,timeout,250,1836
after,2,dungeon janitor.txt,2,solved,1,22
after,2,dungeon janitor.txt,4,timeout,250,3201
after,2,dungeon janitor.txt,6,timeout,250,2207
after,2,dungeon janitor.txt,9,timeout,250,1359
after,2,easyenigma.txt,0,solved,2,5
after,2,easyenigma.txt,1,solved,1,1
after,2,easyenigma.txt,2,solved,141,455
after,2,easyenigma.txt,3,solved,1,2
after,2,easyenigma.txt,4,solved,0,2
after,2,easyenigma.txt,5,solved,190,363
after,2,easyenigma.txt,6,solved,2,5
after,2,easyenigma.txt,7,solved,3,7
after,2,easyenigma.txt,8,solved,71,99
after,2,easyenigma.txt,9,solved,2,1
after,2,easyenigma.txt,10,solved,8,2
after,2,easyenigma.txt,11,timeout,252,584
after,2,easyenigma.txt,12,solved,11,2
after,2,easyenigma.txt,13,solved,7,13
after,2,easyenigma.txt,14,solved,1,1
after,2,easyenigma.txt,15,solved,3,5
after,2,easyenigma.txt,16,timeout,251,416
after,2,easyenigma.txt,17,timeout,286,1
after,2,easyenigma.txt,18,solved,2,2
after,2,easyenigma.txt,19,timeout,251,148
after,2,easyenigma.txt,20,timeout,252,306
after,2,ecosystem generator.txt,1,timeout,250,1673
after,2,expand also avoid the flames.txt,1,timeout,251,110
after,2,fickle fred.txt,1,solved,4,226
after,2,fickle fred.txt,3,solved,26,1408
after,2,fickle fred.txt,5,timeout,250,10996
after,2,fickle fred.txt,7,solved,68,3331
after,2,fickle fred.txt,9,solved,9,563
after,2,flesh-handed hot casserole delivery bot.txt,1,solved,3,272
after,2,flesh-handed hot casserole delivery bot.txt,2,solved,10,878
after,2,flesh-handed hot casserole delivery bot.txt,4,timeout,250,15185
after,2,flesh-handed hot casserole delivery bot.txt,6,timeout,251,17908
after,2,flesh-handed hot casserole delivery bot.txt,8,solved,19,1546
after,2,flesh-handed hot casserole delivery bot.txt,10,solved,198,13570
after,2,flesh-handed hot casserole delivery bot.txt,12,solved,27,1923
after,2,flesh-handed hot casserole delivery bot.txt,14,solved,65,4331
after,2,flesh-handed hot casserole delivery bot.txt,16,solved,192,13080
after,2,flesh-handed hot casserole delivery bot.txt,18,timeout,251,14294
after,2,gabelstapler.txt,1,solved,87,936
after,2,gabelstapler.txt,3,timeout,250,1898
after,2,gabelstapler.txt,5,timeout,250,1726
after,2,gapfiller.txt,1,solved,10,383
after,2,gapfiller.txt,3,solved,174,4611
after,2,gapfiller.txt,5,solved,10,404
after,2,gapfiller.txt,7,solved,46,1441
after,2,gapfiller.txt,9,solved,3,76
after,2,gapfiller.txt,11,timeout,250,5091
after,2,gapfiller.txt,13,solved,12,332
after,2,gapfiller.txt,15,solved,3,87
after,2,gapfiller.txt,17,solved,115,3993
after,2,gapfiller.txt,19,timeout,250,3811
after,2,gem soketeer.txt,1,timeout,250,417
after,2,gem soketeer.txt,3,solved,75,269
after,2,gem soketeer.txt,5,solved,63,111
after,2,gem soketeer.txt,7,solved,47,127
after,2,gem soketeer.txt,9,solved,177,719
after,2,gem soketeer.txt,11,solved,10,53
after,2,gem soketeer.txt,13,timeout,250,966
after,2,gem soketeer.txt,15,timeout,250,628
after,2,gem soketeer.txt,17,timeout,250,468
after,2,gem soketeer.txt,19,timeout,250,889
after,2,gem soketeer.txt,21,timeout,250,689
after,2,gem soketeer.txt,23,timeout,250,656
after,2,gem soketeer.txt,25,timeout,250,1168
after,2,gem soketeer.txt,27,timeout,250,811
after,2,gem soketeer.txt,29,timeout,250,1449
after,2,gem soketeer.txt,31,timeout,250,1419
after,2,gem soketeer.txt,33,timeout,250,1348
after,2,gobble_rush.txt,0,solved,1,11
after,2,gobble_rush.txt,1,solved,2,42
after,2,gobble_rush.txt,2,solved,11,121
after,2,gobble_rush.txt,3,solved,80,926
after,2,gobble_rush.txt,4,solved,5,92
after,2,gobble_rush.txt,5,solved,15,259
after,2,gobble_rush.txt,6,solved,16,257
after,2,gobble_rush.txt,7,solved,17,257
after,2,gobble_rush.txt,8,solved,17,253
after,2,gobble_rush.txt,9,solved,37,575
after,2,gobble_rush.txt,10,solved,16,174
after,2,gobble_rush.txt,11,solved,18,225
after,2,gobble_rush.txt,12,solved,22,192
after,2,gobble_rush.txt,13,solved,6,92
after,2,gobble_rush.txt,14,solved,13,222
after,2,gobble_rush.txt,15,solved,3,34
after,2,gobble_rush.txt,16,solved,24,403
after,2,gobble_rush.txt,17,solved,16,264
after,2,gobble_rush.txt,18,solved,30,436
after,2,gobble_rush.txt,19,solved,98,1386
after,2,gobble_rush.txt,20,solved,0,4
after,2,hairtug.txt,1,solved,9,65
after,2,hairtug.txt,4,timeout,250,1687
after,2,hairtug.txt,7,timeout,251,1258
after,2,hairtug.txt,10,timeout,250,1665
after,2,hairtug.txt,13,timeout,252,1427
after,2,head skuller.txt,1,solved,49,717
after,2,head skuller.txt,3,solved,156,6231
after,2,head skuller.txt,5,timeout,250,11564
after,2,head skuller.txt,7,solved,85,3927
after,2,head skuller.txt,9,timeout,251,12054
after,2,head skuller.txt,11,timeout,251,11664
after,2,head skuller.txt,13,solved,0,1
after,2,hedgehog stimulator.txt,1,timeout,250,3471
after,2,hedgehog stimulator.txt,3,timeout,250,3388
after,2,hedgehog stimulator.txt,5,solved,211,3142
after,2,hedgehog stimulator.txt,7,timeout,250,3684
after,2,hedgehog stimulator.txt,9,timeout,250,3120
after,2,hedgehog stimulator.txt,11,timeout,250,3609
after,2,hedgehog stimulator.txt,13,solved,224,2657
after,2,hedgehog stimulator.txt,15,timeout,250,2973
after,2,hedgehog stimulator.txt,17,timeout,250,2783
after,2,hedgehog stimulator.txt,19,timeout,250,2835
after,2,hedgehog stimulator.txt,21,timeout,250,2938
after,2,hedgehog stimulator.txt,23,timeout,250,2967
after,2,heroes_of_sokoban.txt,1,solved,0,8
after,2,heroes_of_sokoban.txt,3,solved,13,587
after,2,heroes_of_sokoban.txt,5,solved,0,26
after,2,heroes_of_sokoban.txt,7,timeout,251,8039
after,2,heroes_of_sokoban.txt,9,solved,1,55
after,2,heroes_of_sokoban.txt,10,timeout,251,8389
after,2,heroes_of_sokoban.txt,11,solved,9,257
after,2,heroes_of_sokoban.txt,13,solved,94,2751
after,2,heroes_of_sokoban.txt,14,timeout,250,6858
after,2,heroes_of_sokoban.txt,15,solved,0,17
after,2,heroes_of_sokoban.txt,17,solved,15,372
after,2,heroes_of_sokoban.txt,19,timeout,251,8432
after,2,heroes_of_sokoban.txt,20,timeout,251,8146
after,2,heroes_of_sokoban.txt,21,timeout,253,4812
after,2,heroes_of_sokoban.txt,22,solved,23,361
after,2,heroes_of_sokoban.txt,23,solved,183,5422
after,2,heroes_of_sokoban.txt,24,timeout,251,8097
after,2,heroes_of_sokoban.txt,25,timeout,250,6202
after,2,heroes_of_sokoban.txt,26,timeout,250,8492
after,2,heroes_of_sokoban.txt,27,solved,2,77
after,2,heroes_of_sokoban.txt,28,timeout,251,5350
after,2,heroes_of_sokoban.txt,29,solved,0,10
after,2,heroes_of_sokoban_2.txt,3,timeout,250,2753
after,2,heroes_of_sokoban_2.txt,5,solved,2,35
after,2,heroes_of_sokoban_2.txt,6,solved,3,32
after,2,heroes_of_sokoban_2.txt,8,timeout,250,5293
after,2,heroes_of_sokoban_2.txt,10,solved,5,73
after,2,heroes_of_sokoban_2.txt,12,timeout,250,3014
after,2,heroes_of_sokoban_2.txt,13,solved,154,1817
after,2,heroes_of_sokoban_2.txt,15,solved,5,52
after,2,heroes_of_sokoban_2.txt,17,timeout,250,4436
after,2,heroes_of_sokoban_2.txt,19,timeout,250,4673
after,2,heroes_of_sokoban_2.txt,20,timeout,250,4016
after,2,heroes_of_sokoban_2.txt,21,timeout,250,4259
after,2,heroes_of_sokoban_2.txt,23,solved,1,21
after,2,heroes_of_sokoban_2.txt,24,solved,23,285
after,2,heroes_of_sokoban_2.txt,26,solved,185,2065
after,2,heroes_of_sokoban_2.txt,27,timeout,250,3003
after,2,heroes_of_sokoban_2.txt,28,timeout,250,2756
after,2,heroes_of_sokoban_2.txt,29,timeout,250,3328
after,2,heroes_of_sokoban_2.txt,30,timeout,250,3428
after,2,heroes_of_sokoban_2.txt,31,timeout,250,4549
after,2,heroes_of_sokoban_2.txt,32,timeout,251,4763
after,2,heroes_of_sokoban_2.txt,34,timeout,250,2386
after,2,heroes_of_sokoban_3.txt,3,timeout,250,3448
after,2,heroes_of_sokoban_3.txt,5,solved,28,324
after,2,heroes_of_sokoban_3.txt,6,solved,8,84
after,2,heroes_of_sokoban_3.txt,8,solved,12,114
after,2,heroes_of_sokoban_3.txt,10,solved,224,3546
after,2,heroes_of_sokoban_3.txt,11,solved,107,1649
after,2,heroes_of_sokoban_3.txt,12,solved,25,393
after,2,heroes_of_sokoban_3.txt,13,timeout,251,2895
after,2,heroes_of_sokoban_3.txt,14,timeout,250,3129
after,2,heroes_of_sokoban_3.txt,16,timeout,250,6091
after,2,heroes_of_sokoban_3.txt,17,timeout,250,5195
after,2,heroes_of_sokoban_3.txt,18,timeout,250,4833
after,2,heroes_of_sokoban_3.txt,21,timeout,250,4710
after,2,heroes_of_sokoban_3.txt,22,timeout,250,3747
after,2,heroes_of_sokoban_3.txt,23,timeout,250,7431
after,2,heroes_of_sokoban_3.txt,24,timeout,250,2762
after,2,heroes_of_sokoban_3.txt,25,timeout,251,2906
after,2,heroes_of_sokoban_3.txt,26,timeout,250,4677
after,2,heroes_of_sokoban_3.txt,27,timeout,250,3039
after,2,heroes_of_sokoban_3.txt,28,timeout,250,3154
after,2,heroes_of_sokoban_3.txt,30,timeout,250,2431
after,2,heroes_of_sokoban_3.txt,31,solved,37,530
after,2,hungry kraken.txt,1,timeout,251,1121
after,2,hungry kraken.txt,3,exhausted,0,1
after,2,i am a gust of wind.txt,1,solved,1,76
after,2,i am a gust of wind.txt,3,solved,8,383
after,2,i am a gust of wind.txt,5,solved,4,245
after,2,i am a gust of wind.txt,7,timeout,251,13965
after,2,i sure look tasty.txt,1,timeout,250,121
after,2,i want to grind myself into dust.txt,1,timeout,250,1835
after,2,i want to grind myself into dust.txt,3,timeout,250,948
after,2,i want to grind myself into dust.txt,5,timeout,250,382
after,2,icecrates.txt,1,solved,0,6
after,2,icecrates.txt,3,solved,1,9
after,2,icecrates.txt,5,solved,4,53
after,2,icecrates.txt,7,solved,113,930
after,2,icecrates.txt,9,solved,31,219
after,2,icecrates.txt,11,timeout,250,1699
after,2,impossible.txt,0,exhausted,0,1
after,2,it dies in the light.txt,0,solved,9,94
after,2,it dies in the light.txt,1,solved,60,432
after,2,it dies in the light.txt,2,timeout,250,1016
after,2,it dies in the light.txt,3,timeout,250,1056
after,2,karamell.txt,1,timeout,250,463
after,2,karamell.txt,3,timeout,250,328
after,2,karamell.txt,5,timeout,250,264
after,2,karamell.txt,7,solved,0,1
after,2,kettle.txt,1,solved,2,26
after,2,kettle.txt,4,solved,0,3
after,2,kettle.txt,7,solved,0,3
after,2,kettle.txt,10,solved,4,27
after,2,kettle.txt,13,solved,9,97
after,2,kettle.txt,16,solved,2,26
after,2,kettle.txt,19,solved,56,473
after,2,kettle.txt,22,solved,49,353
after,2,kettle.txt,25,timeout,250,1705
after,2,kettle.txt,28,timeout,250,1904
after,2,kettle.txt,31,timeout,251,1625
after,2,kishoutenketsu.txt,2,solved,22,320
after,2,kishoutenketsu.txt,5,timeout,250,4356
after,2,kishoutenketsu.txt,8,solved,2,41
after,2,kishoutenketsu.txt,11,timeout,251,781
after,2,konsum.txt,1,timeout,250,2639
after,2,kreiseln.txt,1,solved,20,292
after,2,kreiseln.txt,3,timeout,251,4628
after,2,kreiseln.txt,5,timeout,250,3247
after,2,kreiseln.txt,7,timeout,250,3081
after,2,kreiseln.txt,9,timeout,250,2504
after,2,led challenge.txt,1,timeout,250,4826
after,2,led challenge.txt,3,timeout,250,5767
after,2,led challenge.txt,5,timeout,250,4876
after,2,led challenge.txt,7,timeout,250,1544
after,2,ledchallenge.txt,1,timeout,250,4761
after,2,ledchallenge.txt,3,timeout,250,5638
after,2,ledchallenge.txt,5,timeout,250,4806
after,2,ledchallenge.txt,7,timeout,250,1548
after,2,legend of zokoban.txt,0,timeout,251,1870
after,2,limerick.txt,1,solved,3,41
after,2,limerick.txt,3,solved,135,2800
after,2,limerick.txt,5,timeout,252,5387
after,2,limerick.txt,7,solved,18,264
after,2,limerick.txt,9,solved,69,1490
after,2,limerick.txt,11,solved,13,296
after,2,limerick.txt,13,timeout,251,5438
after,2,limerick.txt,15,timeout,250,5326
after,2,limerick.txt,17,solved,47,821
after,2,limerick.txt,19,timeout,251,5407
after,2,m c eschers armageddon.txt,0,solved,0,11
after,2,m c eschers armageddon.txt,1,solved,0,4
after,2,m c eschers armageddon.txt,2,solved,0,12
after,2,m c eschers armageddon.txt,3,solved,38,284
after,2,make way.txt,1,timeout,250,10858
after,2,make way.txt,3,solved,78,3331
after,2,manic_ammo.txt,1,solved,0,9
after,2,manic_ammo.txt,3,solved,0,9
after,2,manic_ammo.txt,5,solved,2,71
after,2,manic_ammo.txt,8,solved,0,9
after,2,manic_ammo.txt,10,solved,161,6607
after,2,manic_ammo.txt,12,solved,3,99
after,2,manic_ammo.txt,14,timeout,250,6646
after,2,manic_ammo.txt,16,solved,71,3210
after,2,manic_ammo.txt,18,solved,1,12
after,2,manic_ammo.txt,20,timeout,251,7556
after,2,manic_ammo.txt,22,solved,43,281
after,2,manic_ammo.txt,24,solved,227,4956
after,2,manic_ammo.txt,26,timeout,250,2320
after,2,manic_ammo.txt,28,timeout,250,1738
after,2,manic_ammo.txt,30,timeout,250,5177
after,2,match three billiards.txt,1,solved,0,4
after,2,match three billiards.txt,3,solved,21,451
after,2,match three billiards.txt,5,solved,31,563
after,2,mazezam.txt,1,solved,1,48
after,2,mazezam.txt,3,solved,2,134
after,2,mazezam.txt,5,solved,4,210
after,2,mazezam.txt,7,solved,11,534
after,2,mazezam.txt,9,solved,12,662
after,2,mazezam.txt,11,solved,10,501
after,2,mazezam.txt,13,solved,24,1121
after,2,mazezam.txt,15,solved,17,763
after,2,mazezam.txt,17,solved,15,709
after,2,mazezam.txt,19,solved,141,3882
after,2,mazezam.txt,21,solved,31,1424
after,2,mazezam.txt,23,timeout,251,7115
after,2,mazezam.txt,25,solved,76,3165
after,2,mazezam.txt,27,solved,75,2557
after,2,mazezam.txt,29,solved,209,8022
after,2,mazezam.txt,31,solved,35,932
after,2,mazezam.txt,33,solved,43,1333
after,2,mazezam.txt,35,timeout,250,9031
after,2,mazezam.txt,37,solved,24,1095
after,2,mazezam.txt,39,solved,98,2661
after,2,mazezam.txt,41,solved,49,1924
after,2,mazezam.txt,43,solved,82,3247
after,2,mazezam.txt,45,solved,45,1874
after,2,mazezam.txt,47,solved,125,5229
after,2,mazezam.txt,49,timeout,252,8568
after,2,mazezam.txt,51,solved,81,2701
after,2,mazezam.txt,53,timeout,250,6581
after,2,mazezam.txt,55,timeout,252,8605
after,2,mazezam.txt,57,timeout,250,6708
after,2,mazezam.txt,59,timeout,251,8349
after,2,message_skip.txt,1,solved,0,1
after,2,midas.txt,0,solved,5,105
after,2,midas.txt,2,solved,18,318
after,2,midas.txt,4,solved,16,285
after,2,midas.txt,6,solved,33,681
after,2,midas.txt,8,timeout,250,3847
after,2,midas.txt,11,timeout,250,2617
after,2,midas.txt,13,timeout,250,3315
after,2,midas.txt,15,timeout,250,2744
after,2,midas.txt,17,timeout,250,2877
after,2,midas.txt,19,timeout,250,2453
after,2,midas.txt,21,timeout,250,2346
after,2,midas.txt,23,timeout,250,2867
after,2,midas.txt,25,solved,133,1609
after,2,midas.txt,27,timeout,251,2599
after,2,midas.txt,29,timeout,250,2751
after,2,moved by leaves of grass.txt,1,timeout,250,273
after,2,multi_level.txt,0,solved,0,1
after,2,multi_level.txt,1,solved,0,1
after,2,newton.txt,1,timeout,250,6435
after,2,newton.txt,3,timeout,250,6783
after,2,newton.txt,5,timeout,251,7882
after,2,no don't eat that.txt,1,timeout,250,69
after,2,no don't eat that.txt,3,timeout,250,69
after,2,no don't eat that.txt,5,timeout,251,47
after,2,no don't eat that.txt,7,timeout,250,43
after,2,no don't eat that.txt,9,timeout,250,58
after,2,no don't eat that.txt,11,timeout,250,25
after,2,no don't eat that.txt,13,timeout,252,26
after,2,no don't eat that.txt,15,timeout,252,25
after,2,no forbidden symbols 2.txt,1,timeout,250,7363
after,2,no forbidden symbols.txt,1,timeout,252,12501
after,2,no heroes necessary.txt,1,solved,15,176
after,2,no heroes necessary.txt,3,solved,7,53
after,2,no heroes necessary.txt,5,solved,29,237
after,2,no heroes necessary.txt,7,solved,9,54
after,2,no heroes necessary.txt,9,solved,154,695
after,2,oh no i accidentally swallowed myself.txt,1,timeout,250,154
after,2,oh no i accidentally swallowed myself.txt,2,solved,0,1
after,2,oh no i accidentally swallowed myself.txt,3,solved,0,1
after,2,oh no i accidentally swallowed myself.txt,4,solved,0,1
after,2,one_move.txt,0,solved,0,1
after,2,paint everything everywhere.txt,1,solved,13,28
after,2,paint everything everywhere.txt,3,solved,39,104
after,2,paint everything everywhere.txt,5,solved,37,20
after,2,paint everything everywhere.txt,7,solved,106,55
after,2,paint everything everywhere.txt,9,solved,266,113
after,2,paint everything everywhere.txt,11,solved,124,129
after,2,paint everything everywhere.txt,13,solved,43,76
after,2,paint everything everywhere.txt,15,solved,54,44
after,2,paint everything everywhere.txt,17,timeout,250,30
after,2,paint everything everywhere.txt,19,solved,24,46
after,2,paint everything everywhere.txt,21,solved,104,110
after,2,paint everything everywhere.txt,23,solved,86,50
after,2,paint everything everywhere.txt,25,solved,191,99
after,2,paint everything everywhere.txt,27,solved,252,81
after,2,paint everything everywhere.txt,29,solved,224,102
after,2,paint everything everywhere.txt,31,solved,164,66
after,2,paint everything everywhere.txt,33,solved,86,51
after,2,paint everything everywhere.txt,35,solved,184,57
after,2,paint everything everywhere.txt,37,solved,262,465
after,2,paint everything everywhere.txt,39,timeout,250,35
after,2,participating in society.txt,2,timeout,252,1383
after,2,pipe puffer.txt,2,timeout,250,4330
after,2,pipe puffer.txt,4,solved,39,589
after,2,pipe puffer.txt,6,timeout,250,2431
after,2,pipe puffer.txt,8,solved,195,1808
after,2,pipe puffer.txt,10,timeout,250,3202
after,2,pipe puffer.txt,12,timeout,250,2287
after,2,pipe puffer.txt,14,timeout,250,2551
after,2,pipe puffer.txt,16,solved,10,73
after,2,ponies jumping synchronously.txt,0,solved,0,8
after,2,ponies jumping synchronously.txt,2,solved,0,9
after,2,ponies jumping synchronously.txt,4,solved,0,7
after,2,ponies jumping synchronously.txt,6,solved,0,9
after,2,ponies jumping synchronously.txt,8,solved,1,29
after,2,ponies jumping synchronously.txt,10,solved,15,388
after,2,ponies jumping synchronously.txt,12,solved,0,8
after,2,ponies jumping synchronously.txt,14,solved,13,283
after,2,ponies jumping synchronously.txt,17,timeout,250,2895
after,2,ponies jumping synchronously.txt,19,solved,15,265
after,2,ponies jumping synchronously.txt,21,timeout,250,2790
after,2,ponies jumping synchronously.txt,23,timeout,250,1727
after,2,pupush.txt,1,timeout,250,7044
after,2,push pull.txt,1,solved,5,285
after,2,push pull.txt,3,solved,4,236
after,2,push pull.txt,5,solved,19,876
after,2,push.txt,1,solved,0,6
after,2,push.txt,3,solved,0,13
after,2,push.txt,5,solved,17,566
after,2,push.txt,7,solved,4,110
after,2,push.txt,9,solved,7,243
after,2,push.txt,11,solved,33,884
after,2,push.txt,13,solved,29,663
after,2,push.txt,15,timeout,250,4240
after,2,push.txt,17,timeout,250,4524
after,2,push.txt,19,timeout,250,4069
after,2,push.txt,21,solved,232,3306
after,2,push.txt,23,solved,6,78
after,2,push.txt,25,solved,191,3950
after,2,push.txt,27,solved,239,4707
after,2,push.txt,29,timeout,250,4176
after,2,push.txt,31,solved,86,2397
after,2,push.txt,33,timeout,250,3217
after,2,push.txt,35,timeout,250,2733
after,2,push.txt,37,solved,2,52
after,2,push.txt,39,timeout,251,5424
after,2,push.txt,40,solved,0,4
after,2,pushit.txt,1,solved,123,5171
after,2,pushit.txt,3,timeout,252,6914
after,2,pushit.txt,5,timeout,250,14203
after,2,pushit.txt,7,timeout,250,15558
after,2,puzzles.txt,0,timeout,250,1314
after,2,realtime dog mountain rescue.txt,1,timeout,250,722
after,2,realtime dog mountain rescue.txt,4,timeout,250,662
after,2,realtime dog mountain rescue.txt,7,timeout,250,351
after,2,riverpuzzle.txt,0,timeout,250,39
after,2,robot arm.txt,3,timeout,250,955
after,2,robot arm.txt,5,timeout,263,35
after,2,robot arm.txt,7,timeout,250,1055
after,2,robotarm.txt,3,timeout,250,968
after,2,robotarm.txt,5,timeout,260,34
after,2,robotarm.txt,7,timeout,250,1121
after,2,sacrament of the river god.txt,1,timeout,250,777
after,2,sacrament of the river god.txt,3,timeout,250,204
after,2,sacrament of the river god.txt,5,timeout,250,562
after,2,sacrament of the river god.txt,7,timeout,250,617
after,2,sacrament of the river god.txt,9,timeout,250,940
after,2,sacrament of the river god.txt,11,timeout,250,157
after,2,sacrament of the river god.txt,13,solved,2,12
after,2,seize the flag.txt,1,timeout,250,566
after,2,seize the flag.txt,3,solved,0,1
after,2,short adventure in sticky wall land.txt,1,timeout,250,1681
after,2,short adventure in sticky wall land.txt,3,timeout,250,1405
after,2,short adventure in sticky wall land.txt,5,timeout,250,1666
after,2,shy snake.txt,1,solved,52,95
after,2,shy snake.txt,3,timeout,250,115
after,2,shy snake.txt,5,timeout,250,132
after,2,slide pull.txt,1,solved,25,1388
after,2,slide pull.txt,3,solved,11,573
after,2,slide pull.txt,5,solved,50,2583
after,2,slide pull.txt,7,timeout,252,10098
after,2,slide pull.txt,9,solved,17,782
after,2,slide pull.txt,11,timeout,251,9755
after,2,slide pull.txt,13,solved,223,6725
after,2,slidings.txt,1,solved,1,39
after,2,slidings.txt,3,solved,0,18
after,2,slidings.txt,5,solved,1,38
after,2,slidings.txt,7,solved,2,82
after,2,slidings.txt,9,solved,10,234
after,2,slidings.txt,11,solved,250,6268
after,2,slidings.txt,13,solved,166,5247
after,2,slidings.txt,15,solved,186,6209
after,2,slidings.txt,17,timeout,250,6275
after,2,slidings.txt,19,solved,71,1895
after,2,slidings.txt,21,solved,97,2959
after,2,slime vat filler.txt,2,solved,4,229
after,2,slime vat filler.txt,4,solved,0,39
after,2,slime vat filler.txt,6,solved,2,125
after,2,slime vat filler.txt,8,solved,1,89
after,2,slime vat filler.txt,10,solved,2,127
after,2,slime vat filler.txt,12,solved,167,7121
after,2,slime vat filler.txt,14,solved,11,550
after,2,slime vat filler.txt,16,timeout,251,8371
after,2,slime vat filler.txt,18,solved,162,5783
after,2,slime vat filler.txt,21,solved,57,3131
after,2,slime vat filler.txt,23,solved,0,1
after,2,slot machine.txt,1,solved,78,620
after,2,slot machine.txt,3,timeout,250,1503
after,2,smother.txt,2,solved,17,265
after,2,smother.txt,4,solved,19,499
after,2,smother.txt,6,solved,33,765
after,2,smother.txt,8,solved,33,415
after,2,smother.txt,10,solved,77,781
after,2,smother.txt,14,solved,0,6
after,2,smother.txt,16,solved,1,32
after,2,smother.txt,18,solved,1,36
after,2,smother.txt,20,solved,11,276
after,2,smother.txt,22,solved,11,334
after,2,smother.txt,26,solved,33,536
after,2,smother.txt,28,solved,135,1909
after,2,smother.txt,30,solved,19,317
after,2,smother.txt,32,timeout,250,739
after,2,smother.txt,34,timeout,250,2710
after,2,smother.txt,37,solved,0,4
after,2,snkaey makes a sixy.txt,0,timeout,250,3135
after,2,snkaey makes a sixy.txt,2,exhausted,0,1
after,2,snortal.txt,0,timeout,250,5343
after,2,sok7.txt,0,timeout,250,1170
after,2,sokobansokobansokoban.txt,1,timeout,250,6460
after,2,sokobond demake.txt,2,solved,2,38
after,2,sokobond demake.txt,4,solved,0,18
after,2,sokobond demake.txt,6,solved,0,16
after,2,sokobond demake.txt,8,solved,1,20
after,2,sokobond demake.txt,10,solved,3,64
after,2,sokobond demake.txt,12,solved,2,49
after,2,sokobond demake.txt,14,solved,16,300
after,2,sokobond demake.txt,16,solved,4,81
after,2,sokobond demake.txt,18,solved,41,830
after,2,sokobond demake.txt,20,solved,43,748
after,2,sokobond demake.txt,22,solved,23,588
after,2,sokobond demake.txt,24,timeout,250,5614
after,2,sokobond demake.txt,26,solved,17,615
after,2,sokobond demake.txt,28,timeout,250,7443
after,2,sokobond demake.txt,30,timeout,250,8653
after,2,sokogoban.txt,2,timeout,250,1332
after,2,sokogoban.txt,4,timeout,250,753
after,2,sokogoban.txt,6,timeout,250,414
after,2,stick_candy_puzzle_saga.txt,1,solved,131,2971
after,2,stick_candy_puzzle_saga.txt,2,timeout,250,4848
after,2,stick_candy_puzzle_saga.txt,4,timeout,250,3169
after,2,stick_candy_puzzle_saga.txt,5,timeout,250,2420
after,2,stick_candy_puzzle_saga.txt,6,timeout,250,2545
after,2,stick_candy_puzzle_saga.txt,7,timeout,250,4450
after,2,stick_candy_puzzle_saga.txt,8,timeout,250,3397
after,2,stick_candy_puzzle_saga.txt,9,timeout,250,4586
after,2,stick_candy_puzzle_saga.txt,10,timeout,250,3173
after,2,stick_candy_puzzle_saga.txt,11,timeout,250,4300
after,2,stick_candy_puzzle_saga.txt,12,timeout,250,3171
after,2,stick_candy_puzzle_saga.txt,13,timeout,250,3558
after,2,stick_candy_puzzle_saga.txt,14,timeout,250,4417
after,2,stick_candy_puzzle_saga.txt,15,timeout,250,3659
after,2,stick_candy_puzzle_saga.txt,16,timeout,250,3608
after,2,stick_candy_puzzle_saga.txt,17,timeout,250,3701
after,2,stick_candy_puzzle_saga.txt,18,timeout,250,3210
after,2,stick_candy_puzzle_saga.txt,19,timeout,250,2626
after,2,stick_candy_puzzle_saga.txt,20,timeout,250,3407
after,2,stick_candy_puzzle_saga.txt,21,timeout,250,2418
after,2,sum three horizontally to 8.txt,4,solved,2,15
after,2,sum three horizontally to 8.txt,6,solved,1,8
after,2,sum three horizontally to 8.txt,8,solved,1,6
after,2,sum three horizontally to 8.txt,10,solved,2,13
after,2,sum three horizontally to 8.txt,13,solved,2,26
after,2,sum three horizontally to 8.txt,15,solved,44,473
after,2,sum three horizontally to 8.txt,17,solved,2,19
after,2,sum three horizontally to 8.txt,19,solved,7,109
after,2,sum three horizontally to 8.txt,22,solved,45,623
after,2,sum three horizontally to 8.txt,24,solved,7,107
after,2,sum three horizontally to 8.txt,26,solved,32,415
after,2,sum three horizontally to 8.txt,28,solved,19,304
after,2,sum three horizontally to 8.txt,31,timeout,250,672
after,2,take heart lass.txt,1,solved,0,3
after,2,take heart lass.txt,3,solved,2,25
after,2,take heart lass.txt,5,solved,0,8
after,2,take heart lass.txt,7,solved,2,28
after,2,take heart lass.txt,9,solved,130,1256
after,2,take heart lass.txt,11,solved,13,120
after,2,take heart lass.txt,13,solved,45,361
after,2,take heart lass.txt,15,timeout,250,1955
after,2,take heart lass.txt,17,solved,9,49
after,2,take heart lass.txt,19,solved,74,512
after,2,take heart lass.txt,21,solved,122,761
after,2,take heart lass.txt,23,timeout,250,1016
after,2,talo pipi 2.txt,1,timeout,251,1133
after,2,talo pipi 2.txt,3,timeout,250,2083
after,2,talo pipi 2.txt,5,timeout,250,964
after,2,talo pipi 2.txt,7,timeout,250,1421
after,2,talo pipi 2.txt,9,timeout,250,1944
after,2,talo pipi 2.txt,11,timeout,250,630
after,2,talo pipi 2.txt,13,timeout,250,637
after,2,talo pipi 2.txt,15,timeout,250,878
after,2,talo pipi 2.txt,17,solved,0,1
after,2,the exit is under my left foot.txt,1,solved,137,102
after,2,the red ring of immortality.txt,1,solved,6,226
after,2,the red ring of immortality.txt,3,solved,50,1354
after,2,the red ring of immortality.txt,5,solved,1,52
after,2,the red ring of immortality.txt,7,solved,57,1633
after,2,the red ring of immortality.txt,9,solved,5,213
after,2,the red ring of immortality.txt,11,solved,9,332
after,2,the red ring of immortality.txt,13,solved,96,2759
after,2,the red ring of immortality.txt,15,solved,15,424
after,2,the red ring of immortality.txt,17,solved,81,2173
after,2,the red ring of immortality.txt,19,solved,11,264
after,2,the red ring of immortality.txt,21,solved,0,21
after,2,the red ring of immortality.txt,23,solved,0,2
after,2,the_saga_of_the_candy_scroll.txt,6,solved,4,106
after,2,the_saga_of_the_candy_scroll.txt,10,solved,0,8
after,2,the_saga_of_the_candy_scroll.txt,14,solved,0,4
after,2,the_saga_of_the_candy_scroll.txt,18,solved,25,551
after,2,the_saga_of_the_candy_scroll.txt,20,timeout,250,4826
after,2,the_saga_of_the_candy_scroll.txt,22,solved,8,104
after,2,the_saga_of_the_candy_scroll.txt,26,solved,48,832
after,2,the_saga_of_the_candy_scroll.txt,28,timeout,250,3551
after,2,the_saga_of_the_candy_scroll.txt,31,solved,84,1273
after,2,the_saga_of_the_candy_scroll.txt,35,timeout,250,3304
after,2,the_saga_of_the_candy_scroll.txt,46,solved,0,3
after,2,the_saga_of_the_candy_scroll.txt,50,solved,2,54
after,2,the_saga_of_the_candy_scroll.txt,53,solved,30,723
after,2,the_saga_of_the_candy_scroll.txt,55,solved,123,2683
after,2,the_saga_of_the_candy_scroll.txt,58,timeout,250,4537
after,2,the_saga_of_the_candy_scroll.txt,61,timeout,250,5416
after,2,the_saga_of_the_candy_scroll.txt,64,timeout,250,5388
after,2,the_saga_of_the_candy_scroll.txt,66,timeout,250,4931
after,2,the_saga_of_the_candy_scroll.txt,68,timeout,250,5392
after,2,the_saga_of_the_candy_scroll.txt,70,timeout,250,4393
after,2,the_saga_of_the_candy_scroll.txt,78,timeout,250,3312
after,2,the_saga_of_the_candy_scroll.txt,80,timeout,250,2869
after,2,the_saga_of_the_candy_scroll.txt,82,timeout,250,2851
after,2,the_saga_of_the_candy_scroll.txt,85,timeout,251,3840
after,2,the_saga_of_the_candy_scroll.txt,89,timeout,250,3164
after,2,the_saga_of_the_candy_scroll.txt,98,timeout,250,4574
after,2,the_saga_of_the_candy_scroll.txt,102,timeout,250,2828
after,2,the_saga_of_the_candy_scroll.txt,106,timeout,250,2450
after,2,the_saga_of_the_candy_scroll.txt,112,timeout,250,3224
after,2,the_saga_of_the_candy_scroll.txt,116,solved,40,501
after,2,threes.txt,0,timeout,250,362
after,2,tiny treasure hunt.txt,1,timeout,251,71
after,2,tiny treasure hunt.txt,3,timeout,250,24
after,2,tiny treasure hunt.txt,5,timeout,251,29
after,2,tiny treasure hunt.txt,7,timeout,250,91
after,2,tiny treasure hunt.txt,9,timeout,250,32
after,2,tiny treasure hunt.txt,11,timeout,250,85
after,2,tiny treasure hunt.txt,13,timeout,251,33
after,2,tunnel rat.txt,1,timeout,250,275
after,2,tunnel rat.txt,3,timeout,250,147
after,2,unclean residues.txt,2,timeout,251,6148
after,2,unclean residues.txt,4,timeout,250,6497
after,2,unclean residues.txt,6,timeout,250,6989
after,2,unclean residues.txt,8,timeout,250,7264
after,2,unclean residues.txt,10,timeout,251,6555
after,2,unclean residues.txt,13,solved,128,3677
after,2,unewton.txt,2,timeout,250,4243
after,2,unewton.txt,4,timeout,250,6303
after,2,unewton.txt,6,timeout,250,5078
after,2,unewton.txt,8,timeout,250,3810
after,2,whaleworld.txt,1,solved,22,120
after,2,whaleworld.txt,3,solved,21,240
after,2,whaleworld.txt,5,solved,116,878
after,2,whaleworld.txt,7,solved,211,1685
after,2,whaleworld.txt,9,timeout,250,1118
after,2,whaleworld.txt,11,timeout,250,1101
after,2,whaleworld.txt,13,timeout,250,756
after,2,whaleworld.txt,15,timeout,250,1394
after,2,witch lifter.txt,1,timeout,250,1404
after,2,witch lifter.txt,3,solved,97,564
after,2,witch lifter.txt,5,timeout,250,1732
after,2,witch lifter.txt,7,timeout,250,1601
after,2,witch lifter.txt,9,timeout,250,1340
after,2,witch lifter.txt,11,timeout,250,1986
after,2,witch lifter.txt,13,timeout,250,1014
after,2,witch lifter.txt,15,timeout,250,1113
after,2,wool-clawer.txt,1,timeout,250,1044
after,2,wool-clawer.txt,3,timeout,250,1066
after,2,wool-clawer.txt,5,timeout,250,472
after,2,wool-clawer.txt,7,timeout,250,289
after,2,wool-clawer.txt,9,timeout,250,353
after,2,wool-clawer.txt,11,timeout,250,362
after,2,you can't make this up.txt,1,timeout,250,4204
after,2,you complete me.txt,0,timeout,250,3220
after,2,zokoban.txt,0,timeout,250,1673
after,3,15 push pull levels.txt,1,solved,25,1342
after,3,15 push pull levels.txt,3,solved,2,137
after,3,15 push pull levels.txt,5,solved,87,5517
after,3,15 push pull levels.txt,7,solved,124,7643
after,3,15 push pull levels.txt,9,solved,69,4319
after,3,15 push pull levels.txt,11,solved,25,1565
after,3,15 push pull levels.txt,13,solved,21,1376
after,3,15 push pull levels.txt,15,solved,34,2195
after,3,15 push pull levels.txt,17,solved,27,1730
after,3,15 push pull levels.txt,19,solved,128,7849
after,3,15 push pull levels.txt,21,timeout,251,14698
after,3,15 push pull levels.txt,23,solved,225,13036
after,3,15 push pull levels.txt,25,solved,200,12036
after,3,15 push pull levels.txt,27,timeout,251,15248
after,3,15 push pull levels.txt,29,timeout,251,15191
after,3,5-junctions-maker.txt,1,timeout,250,468
after,3,5-junctions-maker.txt,3,solved,0,1
after,3,8 happy snakes.txt,1,solved,0,10
after,3,8 happy snakes.txt,3,solved,28,346
after,3,8 happy snakes.txt,5,solved,7,91
after,3,8 happy snakes.txt,7,solved,43,465
after,3,8 happy snakes.txt,9,timeout,252,6859
after,3,8 happy snakes.txt,11,timeout,253,5625
after,3,8 happy snakes.txt,13,timeout,252,5567
after,3,8 happy snakes.txt,15,timeout,250,1934
after,3,ALL GREEN TO BLUE.txt,1,solved,0,36
after,3,ALL GREEN TO BLUE.txt,3,solved,180,8191
after,3,ALL GREEN TO BLUE.txt,5,solved,80,4892
after,3,ALL GREEN TO BLUE.txt,7,solved,54,3260
after,3,ALL GREEN TO BLUE.txt,9,solved,22,1376
after,3,ALL GREEN TO BLUE.txt,11,timeout,252,12032
after,3,ALL GREEN TO BLUE.txt,13,solved,166,10966
after,3,ALL GREEN TO BLUE.txt,15,solved,2,188
after,3,ALL GREEN TO BLUE.txt,17,timeout,251,17076
after,3,ALL GREEN TO BLUE.txt,19,solved,11,884
after,3,ALL GREEN TO BLUE.txt,21,solved,2,89
after,3,Acorn Scorchery Paradise.txt,1,solved,8,489
after,3,Acorn Scorchery Paradise.txt,3,solved,6,380
after,3,Acorn Scorchery Paradise.txt,5,solved,22,1219
after,3,Acorn Scorchery Paradise.txt,7,solved,7,454
after,3,Acorn Scorchery Paradise.txt,9,solved,26,1545
after,3,All Green and Blue on Yellow.txt,1,solved,2,200
after,3,All Green and Blue on Yellow.txt,3,solved,2,166
after,3,All Green and Blue on Yellow.txt,5,solved,14,1249
after,3,All Green and Blue on Yellow.txt,7,solved,15,1343
after,3,All Green and Blue on Yellow.txt,9,solved,16,1260
after,3,Any hole is a goal.txt,1,solved,5,17
after,3,Any hole is a goal.txt,3,solved,176,802
after,3,Any hole is a goal.txt,5,timeout,250,860
after,3,Any hole is a goal.txt,7,solved,163,748
after,3,Any hole is a goal.txt,9,timeout,250,1098
after,3,Any hole is a goal.txt,11,timeout,250,1100
after,3,Any hole is a goal.txt,13,timeout,250,1037
after,3,Any hole is a goal.txt,15,timeout,250,765
after,3,Any hole is a goal.txt,17,timeout,250,1097
after,3,Any hole is a goal.txt,19,timeout,250,1048
after,3,Any hole is a goal.txt,21,timeout,250,971
after,3,Any hole is a goal.txt,23,solved,235,1037
after,3,Any hole is a goal.txt,25,timeout,250,1050
after,3,Any hole is a goal.txt,27,timeout,250,616
after,3,Any hole is a goal.txt,29,timeout,250,1124
after,3,Any hole is a goal.txt,31,timeout,250,1024
after,3,Any hole is a goal.txt,33,timeout,250,1103
after,3,Any hole is a goal.txt,35,timeout,250,941
after,3,Any hole is a goal.txt,37,timeout,250,552
after,3,Any hole is a goal.txt,39,timeout,250,837
after,3,Any hole is a goal.txt,41,timeout,250,1169
after,3,Any hole is a goal.txt,43,timeout,250,632
after,3,Any hole is a goal.txt,45,timeout,250,503
after,3,Any hole is a goal.txt,47,timeout,250,1040
after,3,Any hole is a goal.txt,49,timeout,250,1157
after,3,Any hole is a goal.txt,51,timeout,250,819
after,3,Any hole is a goal.txt,53,timeout,250,962
after,3,Any hole is a goal.txt,55,timeout,250,1053
after,3,Any hole is a goal.txt,57,timeout,250,1132
after,3,Any hole is a goal.txt,59,timeout,250,1071
after,3,Any hole is a goal.txt,61,timeout,250,1017
after,3,Any hole is a goal.txt,63,timeout,250,1024
after,3,Any hole is a goal.txt,65,timeout,250,1093
after,3,Any hole is a goal.txt,67,timeout,250,1029
after,3,Any hole is a goal.txt,69,timeout,250,1119
after,3,Attractor Net.txt,1,solved,108,2014
after,3,Attractor Net.txt,3,solved,107,2769
after,3,Attractor Net.txt,5,solved,6,162
after,3,Attractor Net.txt,7,solved,20,523
after,3,Attractor Net.txt,9,solved,58,1433
after,3,Attractor Net.txt,11,solved,21,571
after,3,Attractor Net.txt,13,solved,118,3034
after,3,Attractor Net.txt,15,solved,67,1772
after,3,Attractor Net.txt,17,solved,1,20
after,3,Attractor Net.txt,19,solved,62,1642
after,3,BIAXIAL INVASION OF SATURN.txt,3,solved,110,523
after,3,BIAXIAL INVASION OF SATURN.txt,5,timeout,250,870
after,3,BIAXIAL INVASION OF SATURN.txt,7,timeout,250,492
after,3,BIAXIAL INVASION OF SATURN.txt,9,timeout,250,507
after,3,BIAXIAL INVASION OF SATURN.txt,11,timeout,250,458
after,3,BIAXIAL INVASION OF SATURN.txt,13,solved,194,444
after,3,BIAXIAL INVASION OF SATURN.txt,15,timeout,250,616
after,3,BIAXIAL INVASION OF SATURN.txt,17,timeout,250,270
after,3,BIAXIAL INVASION OF SATURN.txt,19,timeout,251,111
after,3,BIAXIAL INVASION OF SATURN.txt,21,timeout,250,122
after,3,BIAXIAL INVASION OF SATURN.txt,23,timeout,250,172
after,3,BIAXIAL INVASION OF SATURN.txt,25,timeout,250,19
after,3,BIAXIAL INVASION OF SATURN.txt,28,solved,0,1
after,3,BIAXIAL INVASION OF SATURN.txt,29,solved,0,1
after,3,BIAXIAL INVASION OF SATURN.txt,30,solved,0,1
after,3,BIAXIAL INVASION OF SATURN.txt,31,solved,1,1
after,3,Bicycle-Kick Football.txt,1,solved,221,621
after,3,Bicycle-Kick Football.txt,4,solved,9,91
after,3,Bicycle-Kick Football.txt,7,solved,118,685
after,3,Bicycle-Kick Football.txt,10,timeout,250,2323
after,3,Bicycle-Kick Football.txt,13,timeout,250,1140
after,3,Bicycle-Kick Football.txt,16,timeout,250,2063
after,3,Bring the ice cube to the goal without exposing it to heat.txt,1,timeout,250,635
after,3,CODEX LUBRICUS.txt,2,solved,33,130
after,3,CODEX LUBRICUS.txt,4,solved,41,93
after,3,CODEX LUBRICUS.txt,6,solved,47,73
after,3,CODEX LUBRICUS.txt,8,solved,23,93
after,3,CODEX LUBRICUS.txt,10,solved,65,113
after,3,CODEX LUBRICUS.txt,12,solved,53,149
after,3,CODEX LUBRICUS.txt,14,solved,67,111
after,3,CODEX LUBRICUS.txt,16,solved,53,118
after,3,CODEX LUBRICUS.txt,18,solved,65,105
after,3,CODEX LUBRICUS.txt,20,solved,69,115
after,3,CODEX LUBRICUS.txt,22,solved,46,112
after,3,CODEX LUBRICUS.txt,24,solved,46,116
after,3,CODEX LUBRICUS.txt,26,solved,56,108
after,3,CODEX LUBRICUS.txt,28,solved,70,104
after,3,CODEX LUBRICUS.txt,30,solved,82,131
after,3,CODEX LUBRICUS.txt,32,solved,166,275
after,3,CODEX LUBRICUS.txt,34,solved,68,122
after,3,CODEX LUBRICUS.txt,36,solved,58,164
after,3,CODEX LUBRICUS.txt,38,solved,41,102
after,3,CODEX LUBRICUS.txt,40,solved,174,262
after,3,Chevron Lodger.txt,1,solved,3,67
after,3,Chevron Lodger.txt,3,solved,56,1755
after,3,Chevron Lodger.txt,5,solved,168,5035
after,3,Chevron Lodger.txt,7,solved,25,823
after,3,Chevron Lodger.txt,9,solved,230,7084
after,3,Chevron Lodger.txt,11,timeout,250,5844
after,3,Crates move when you move.txt,1,solved,5,138
after,3,Crates move when you move.txt,3,solved,2,73
after,3,Crates move when you move.txt,5,solved,2,49
after,3,Crates move when you move.txt,7,solved,3,115
after,3,Crates move when you move.txt,9,solved,2,71
after,3,Crates move when you move.txt,11,solved,0,3
after,3,Crates move when you move.txt,13,solved,8,348
after,3,Crates move when you move.txt,15,solved,6,230
after,3,Crates move when you move.txt,17,solved,2,93
after,3,Crates move when you move.txt,19,solved,9,415
after,3,Cucumber Surprise.txt,2,solved,5,259
after,3,Cucumber Surprise.txt,5,solved,6,201
after,3,Cucumber Surprise.txt,7,solved,31,1178
after,3,Cucumber Surprise.txt,9,solved,76,2499
after,3,Cucumber Surprise.txt,11,solved,228,7606
after,3,Cucumber Surprise.txt,13,solved,31,1163
after,3,Cucumber Surprise.txt,15,solved,55,2202
after,3,Cucumber Surprise.txt,17,solved,23,916
after,3,Cucumber Surprise.txt,19,solved,37,1311
after,3,Cucumber Surprise.txt,21,solved,219,8142
after,3,Cucumber Surprise.txt,23,solved,89,3449
after,3,Cucumber Surprise.txt,25,solved,31,1243
after,3,Cucumber Surprise.txt,27,solved,213,7437
after,3,Cucumber Surprise.txt,29,solved,18,731
after,3,Cucumber Surprise.txt,31,solved,57,2119
after,3,Cucumber Surprise.txt,33,solved,108,3415
after,3,Cucumber Surprise.txt,35,solved,46,1727
after,3,Cucumber Surprise.txt,37,solved,25,812
after,3,Cucumber Surprise.txt,39,solved,91,2968
after,3,Cucumber Surprise.txt,41,timeout,250,7958
after,3,Des Poseidons Dreizack.txt,1,timeout,250,184
after,3,Des Poseidons Dreizack.txt,3,timeout,250,181
after,3,Des Poseidons Dreizack.txt,5,timeout,250,144
after,3,Des Poseidons Dreizack.txt,6,solved,0,9
after,3,Des Poseidons Dreizack.txt,7,solved,0,1
after,3,Don't let your goals slip away.txt,1,solved,1,63
after,3,Don't let your goals slip away.txt,3,solved,90,4881
after,3,Don't let your goals slip away.txt,5,solved,2,121
after,3,Don't let your goals slip away.txt,7,solved,9,512
after,3,Don't let your goals slip away.txt,9,solved,22,1317
after,3,Don't let your goals slip away.txt,11,solved,111,5817
after,3,Don't let your goals slip away.txt,13,solved,37,2187
after,3,Don't let your goals slip away.txt,15,solved,148,7721
after,3,Double-Entry Bookkeeping Simulator.txt,1,timeout,250,1538
after,3,Double-Entry Bookkeeping Simulator.txt,3,timeout,250,768
after,3,Double-Entry Bookkeeping Simulator.txt,5,timeout,250,1741
after,3,Double-Entry Bookkeeping Simulator.txt,7,timeout,250,904
after,3,Double-Entry Bookkeeping Simulator.txt,9,timeout,250,1072
after,3,Double-Entry Bookkeeping Simulator.txt,11,timeout,250,613
after,3,Double-Entry Bookkeeping Simulator.txt,13,timeout,250,410
after,3,Double-Entry Bookkeeping Simulator.txt,15,timeout,250,502
after,3,Double-Entry Bookkeeping Simulator.txt,17,timeout,250,1983
after,3,Explodoban.txt,1,solved,9,437
after,3,Explodoban.txt,3,solved,7,320
after,3,Explodoban.txt,5,solved,69,3082
after,3,Explodoban.txt,7,solved,166,5873
after,3,Explodoban.txt,9,solved,84,3907
after,3,Explodoban.txt,11,solved,62,2959
after,3,Explodoban.txt,13,timeout,250,11489
after,3,Eyeball-watching flowers bloom.txt,1,solved,1,53
after,3,Eyeball-watching flowers bloom.txt,3,solved,169,4076
after,3,Eyeball-watching flowers bloom.txt,5,timeout,250,5190
after,3,Garten der Medusen.txt,1,solved,10,6
after,3,Garten der Medusen.txt,3,solved,6,4
after,3,Garten der Medusen.txt,5,solved,12,6
after,3,Garten der Medusen.txt,7,timeout,250,264
after,3,Garten der Medusen.txt,9,timeout,250,161
after,3,Garten der Medusen.txt,11,timeout,250,168
after,3,Garten der Medusen.txt,13,timeout,252,51
after,3,Garten der Medusen.txt,15,timeout,250,66
after,3,Hole-Stuffer.txt,1,timeout,250,3529
after,3,Hole-Stuffer.txt,3,solved,231,3591
after,3,Hole-Stuffer.txt,5,solved,11,178
after,3,Hole-Stuffer.txt,7,timeout,251,3360
after,3,"Individuals can produce a society, but can a society produce individuals.txt",1,timeout,251,498
after,3,It gets its Feet Wet.txt,1,timeout,250,289
after,3,Legend of Swixero.txt,1,solved,6,369
after,3,Legend of Swixero.txt,3,solved,25,1444
after,3,Legend of Swixero.txt,5,solved,9,450
after,3,Legend of Swixero.txt,7,timeout,251,11310
after,3,Legend of Swixero.txt,9,timeout,251,10936
after,3,Match two two by twos.txt,2,timeout,250,1548
after,3,Match two two by twos.txt,4,timeout,250,914
after,3,Match two two by twos.txt,6,timeout,250,1022
after,3,Match-Maker.txt,1,solved,30,1111
after,3,Match-Maker.txt,3,solved,2,66
after,3,Match-Maker.txt,5,solved,8,214
after,3,Match-Maker.txt,7,solved,221,4771
after,3,Match-Maker.txt,9,timeout,250,5097
after,3,Match-Maker.txt,11,solved,234,5545
after,3,Match-Maker.txt,13,solved,164,3402
after,3,Match-Maker.txt,15,timeout,250,4537
after,3,Match-Maker.txt,17,timeout,250,4444
after,3,Microban x 10.txt,2,timeout,250,357
after,3,Muraphilic Monophobic Multiban.txt,1,timeout,251,10957
after,3,Muraphilic Monophobic Multiban.txt,3,solved,0,6
after,3,Muraphilic Monophobic Multiban.txt,5,solved,9,390
after,3,Muraphilic Monophobic Multiban.txt,7,solved,103,4207
after,3,Muraphilic Monophobic Multiban.txt,9,timeout,252,10033
after,3,Muraphilic Monophobic Multiban.txt,11,solved,68,2039
after,3,Muraphilic Monophobic Multiban.txt,13,solved,24,1149
after,3,Muraphilic Monophobic Multiban.txt,15,timeout,251,10214
after,3,NIGHTMARECROBAN.txt,1,solved,5,309
after,3,NIGHTMARECROBAN.txt,3,solved,31,1682
after,3,NIGHTMARECROBAN.txt,5,solved,21,1170
after,3,NIGHTMARECROBAN.txt,7,solved,7,387
after,3,NIGHTMARECROBAN.txt,9,solved,11,515
after,3,NIGHTMARECROBAN.txt,11,solved,33,1605
after,3,NIGHTMARECROBAN.txt,13,solved,78,3677
after,3,Neoprenanzieher.txt,2,timeout,250,524
after,3,North Wind Simple Sailboat Buoy Collection.txt,2,exhausted,2,9
after,3,North Wind Simple Sailboat Buoy Collection.txt,4,exhausted,2,9
after,3,North Wind Simple Sailboat Buoy Collection.txt,6,exhausted,2,9
after,3,Oh No My Dog Is About To Swallow A Piece Of.txt,1,timeout,250,125
after,3,Place the crate on the targets.txt,1,timeout,251,1423
after,3,Pocket Gopher - Root-Shoot Nibbler.txt,2,timeout,250,1730
after,3,Pocket Gopher - Root-Shoot Nibbler.txt,5,timeout,250,1138
after,3,Pocket Gopher - Root-Shoot Nibbler.txt,8,timeout,250,1372
after,3,Pocket Gopher - Root-Shoot Nibbler.txt,11,timeout,250,878
after,3,Pocket Gopher - Root-Shoot Nibbler.txt,14,timeout,250,1195
after,3,Pushy-V Pully-H.txt,1,solved,10,664
after,3,Pushy-V Pully-H.txt,3,solved,0,25
after,3,Pushy-V Pully-H.txt,5,solved,14,866
after,3,Pushy-V Pully-H.txt,7,solved,27,1738
after,3,Pushy-V Pully-H.txt,9,solved,0,14
after,3,Pushy-V Pully-H.txt,11,solved,1,109
after,3,Pushy-V Pully-H.txt,13,solved,1,78
after,3,Pushy-V Pully-H.txt,15,solved,67,3497
after,3,Pushy-V Pully-H.txt,17,solved,46,2857
after,3,Pushy-V Pully-H.txt,19,solved,1,72
after,3,Pushy-V Pully-H.txt,21,solved,162,9302
after,3,"Put the logs in the water, elephant.txt",1,timeout,250,2993
after,3,"Put the logs in the water, elephant.txt",4,solved,52,770
after,3,"Put the logs in the water, elephant.txt",7,timeout,250,3467
after,3,"Put the logs in the water, elephant.txt",10,solved,102,1313
after,3,"Put the logs in the water, elephant.txt",13,timeout,250,3427
after,3,"Put the logs in the water, elephant.txt",16,timeout,250,3753
after,3,"Put the logs in the water, elephant.txt",19,timeout,250,2786
after,3,"Put the logs in the water, elephant.txt",22,timeout,250,3706
after,3,Putting Bicycle Helmets on Young Children.txt,1,timeout,250,208
after,3,Putting Bicycle Helmets on Young Children.txt,3,timeout,253,90
after,3,Putting Bicycle Helmets on Young Children.txt,5,timeout,252,87
after,3,Recondite Star Sector Sigma.txt,1,solved,11,644
after,3,Recondite Star Sector Sigma.txt,3,solved,155,7848
after,3,Recondite Star Sector Sigma.txt,5,solved,111,6910
after,3,Recondite Star Sector Sigma.txt,7,solved,199,9804
after,3,Recondite Star Sector Sigma.txt,9,solved,168,9178
after,3,Recondite Star Sector Sigma.txt,11,solved,22,1338
after,3,Recondite Star Sector Sigma.txt,13,solved,217,12443
after,3,Recondite Star Sector Sigma.txt,15,solved,65,3835
after,3,Recondite Star Sector Sigma.txt,17,solved,242,13908
after,3,Recondite Star Sector Sigma.txt,19,solved,29,1580
after,3,Resin-Caster.txt,2,solved,15,1014
after,3,Resin-Caster.txt,4,solved,10,729
after,3,Resin-Caster.txt,6,solved,30,2010
after,3,Resin-Caster.txt,8,solved,65,4444
after,3,Resin-Caster.txt,10,solved,11,762
after,3,Resin-Caster.txt,12,solved,22,1470
after,3,Resin-Caster.txt,14,solved,62,3899
after,3,Resin-Caster.txt,16,solved,8,576
after,3,Resin-Caster.txt,18,solved,17,1073
after,3,Resin-Caster.txt,20,solved,21,1472
after,3,S-tercourse.txt,1,timeout,250,1808
after,3,S-tercourse.txt,3,solved,37,357
after,3,S-tercourse.txt,5,solved,31,302
after,3,S-tercourse.txt,7,timeout,250,2252
after,3,S-tercourse.txt,9,timeout,250,2394
after,3,S-tercourse.txt,11,timeout,250,2468
after,3,S-tercourse.txt,13,timeout,250,2092
after,3,S-tercourse.txt,15,timeout,250,2104
after,3,S-tercourse.txt,17,timeout,250,2205
after,3,S-tercourse.txt,19,timeout,250,2176
after,3,S-tercourse.txt,21,timeout,250,2366
after,3,S-tercourse.txt,23,timeout,250,2599
after,3,SWIMMING TIME.txt,2,timeout,250,405
after,3,Scalesoban.txt,1,solved,0,14
after,3,Scalesoban.txt,3,solved,2,91
after,3,Scalesoban.txt,5,solved,17,858
after,3,Schleimban.txt,1,solved,22,306
after,3,Schleimban.txt,3,solved,47,768
after,3,Schleimban.txt,5,solved,38,548
after,3,Schleimban.txt,7,solved,63,1018
after,3,Schleimban.txt,9,solved,34,503
after,3,Schleimban.txt,11,solved,0,1
after,3,Subway upholstry snot smearing championship.txt,2,solved,216,6991
after,3,Subway upholstry snot smearing championship.txt,4,solved,6,240
after,3,Subway upholstry snot smearing championship.txt,6,solved,3,96
after,3,Subway upholstry snot smearing championship.txt,8,timeout,250,5760
after,3,Subway upholstry snot smearing championship.txt,10,solved,119,3469
after,3,Subway upholstry snot smearing championship.txt,12,solved,75,1208
after,3,Subway upholstry snot smearing championship.txt,14,timeout,250,4759
after,3,The Far Away Danish Pastry is always Delicio.txt,1,solved,0,7
after,3,The Far Away Danish Pastry is always Delicio.txt,3,solved,0,10
after,3,The Far Away Danish Pastry is always Delicio.txt,5,solved,3,183
after,3,The Far Away Danish Pastry is always Delicio.txt,7,solved,1,45
after,3,The Far Away Danish Pastry is always Delicio.txt,9,solved,1,74
after,3,The Far Away Danish Pastry is always Delicio.txt,11,solved,69,3545
after,3,The Far Away Danish Pastry is always Delicio.txt,13,solved,26,1232
after,3,The Far Away Danish Pastry is always Delicio.txt,15,solved,125,4154
after,3,The Monsterous Autoshove.txt,1,solved,38,710
after,3,The Monsterous Autoshove.txt,3,solved,63,921
after,3,The Monsterous Autoshove.txt,5,timeout,250,2287
after,3,The Monsterous Autoshove.txt,7,solved,38,575
after,3,The Monsterous Autoshove.txt,9,timeout,250,2243
after,3,The Monsterous Autoshove.txt,11,timeout,250,2535
after,3,The sponge what lights up the seafloor.txt,1,solved,110,503
after,3,The sponge what lights up the seafloor.txt,3,timeout,250,1522
after,3,The sponge what lights up the seafloor.txt,5,timeout,251,1139
after,3,The sponge what lights up the seafloor.txt,7,solved,107,633
after,3,The sponge what lights up the seafloor.txt,9,solved,229,1501
after,3,The sponge what lights up the seafloor.txt,11,solved,176,942
after,3,The sponge what lights up the seafloor.txt,13,timeout,250,1638
after,3,The sponge what lights up the seafloor.txt,15,timeout,250,1561
after,3,The sponge what lights up the seafloor.txt,17,timeout,250,1407
after,3,The sponge what lights up the seafloor.txt,19,timeout,250,1273
after,3,Two-Step Pete.txt,1,solved,1,61
after,3,Two-Step Pete.txt,3,solved,52,2153
after,3,Two-Step Pete.txt,5,solved,5,305
after,3,Two-Step Pete.txt,7,timeout,251,6106
after,3,Two-Step Pete.txt,9,solved,40,1810
after,3,Two-Step Pete.txt,11,solved,2,99
after,3,Two-Step Pete.txt,13,solved,15,756
after,3,Two-Step Pete.txt,15,timeout,251,11762
after,3,Two-Tone Tango.txt,1,solved,63,1805
after,3,Two-Tone Tango.txt,3,solved,18,569
after,3,Two-Tone Tango.txt,5,solved,35,1163
after,3,Two-Tone Tango.txt,7,solved,231,6728
after,3,Two-Tone Tango.txt,9,solved,1,38
after,3,Two-Tone Tango.txt,11,solved,25,747
after,3,Two-Tone Tango.txt,13,solved,124,4124
after,3,Two-Tone Tango.txt,15,solved,95,3028
after,3,Van-to-Mobile-Living-Space-Conversion Window.txt,1,solved,2,39
after,3,Van-to-Mobile-Living-Space-Conversion Window.txt,3,solved,69,1296
after,3,Van-to-Mobile-Living-Space-Conversion Window.txt,5,solved,3,49
after,3,Van-to-Mobile-Living-Space-Conversion Window.txt,7,timeout,250,4109
after,3,Van-to-Mobile-Living-Space-Conversion Window.txt,9,solved,249,4464
after,3,Van-to-Mobile-Living-Space-Conversion Window.txt,11,timeout,250,4138
after,3,Van-to-Mobile-Living-Space-Conversion Window.txt,13,solved,51,938
after,3,Van-to-Mobile-Living-Space-Conversion Window.txt,15,solved,193,3383
after,3,Van-to-Mobile-Living-Space-Conversion Window.txt,17,solved,36,673
after,3,Van-to-Mobile-Living-Space-Conversion Window.txt,19,timeout,250,4229
after,3,Van-to-Mobile-Living-Space-Conversion Window.txt,21,timeout,250,4507
after,3,Van-to-Mobile-Living-Space-Conversion Window.txt,23,solved,112,1754
after,3,Van-to-Mobile-Living-Space-Conversion Window.txt,25,timeout,250,4482
after,3,Van-to-Mobile-Living-Space-Conversion Window.txt,27,timeout,250,4413
after,3,Varifocal Nightmare.txt,1,solved,40,1456
after,3,Varifocal Nightmare.txt,3,solved,24,780
after,3,Varifocal Nightmare.txt,5,solved,58,2291
after,3,Varifocal Nightmare.txt,7,timeout,251,8485
after,3,Varifocal Nightmare.txt,9,solved,163,4318
after,3,Vexatious Match 3.txt,2,timeout,251,7008
after,3,Vexatious Match 3.txt,4,timeout,251,9442
after,3,Vexatious Match 3.txt,6,timeout,250,9883
after,3,Vexatious Match 3.txt,8,timeout,251,8920
after,3,Vexatious Match 3.txt,10,solved,41,1992
after,3,Voitex Rasteriser 2.txt,1,timeout,252,5011
after,3,Voitex Rasteriser.txt,0,timeout,253,8467
after,3,Voitex Rasteriser.txt,2,solved,0,1
after,3,Wand Spinner.txt,1,solved,6,263
after,3,Wand Spinner.txt,3,solved,4,214
after,3,Wand Spinner.txt,5,solved,63,2715
after,3,Wand Spinner.txt,7,solved,93,4051
after,3,Wand Spinner.txt,9,solved,9,417
after,3,Wand Spinner.txt,11,solved,21,949
after,3,Wand Spinner.txt,13,solved,29,1308
after,3,Wand Spinner.txt,15,solved,13,513
after,3,Wand Spinner.txt,17,solved,23,973
after,3,Wand Spinner.txt,19,solved,45,1879
after,3,Wand Spinner.txt,21,solved,18,796
after,3,Wand Spinner.txt,23,solved,246,9400
after,3,Wand Spinner.txt,25,solved,18,721
after,3,Wand Spinner.txt,27,solved,78,3180
after,3,Wand Spinner.txt,29,timeout,251,10148
after,3,Wand Spinner.txt,31,solved,68,2265
after,3,Wand Spinner.txt,33,solved,2,68
after,3,Wand Spinner.txt,35,solved,139,5885
after,3,Xorro The Chaos Warden.txt,1,solved,6,267
after,3,Xorro The Chaos Warden.txt,3,solved,107,4418
after,3,Xorro The Chaos Warden.txt,5,solved,84,3553
after,3,Xorro The Chaos Warden.txt,7,timeout,251,7272
after,3,Yellow Box.txt,1,solved,113,3503
after,3,Yellow Box.txt,3,solved,15,332
after,3,Yellow Box.txt,5,solved,3,49
after,3,Yellow Box.txt,7,solved,12,293
after,3,Yellow Box.txt,9,solved,62,1318
after,3,Yellow Box.txt,11,solved,79,1642
after,3,Yellow Box.txt,13,solved,14,285
after,3,Yellow Box.txt,15,timeout,251,10689
after,3,Yellow Box.txt,17,solved,3,58
after,3,Yellow Box.txt,19,solved,14,272
after,3,Yellow Box.txt,21,solved,76,1639
after,3,Yellow Box.txt,23,solved,1,20
after,3,Yellow Box.txt,25,solved,14,259
after,3,Yellow Box.txt,27,solved,25,498
after,3,Yellow Box.txt,29,solved,14,280
after,3,Yellow Box.txt,31,solved,132,2277
after,3,Yellow Box.txt,33,solved,14,284
after,3,Yellow Box.txt,35,timeout,250,5017
after,3,a clear view of the sky.txt,3,solved,29,58
after,3,a clear view of the sky.txt,6,solved,19,55
after,3,a clear view of the sky.txt,8,solved,20,60
after,3,a clear view of the sky.txt,10,solved,13,52
after,3,a clear view of the sky.txt,12,solved,20,54
after,3,a clear view of the sky.txt,14,solved,16,43
after,3,a clear view of the sky.txt,16,solved,62,185
after,3,a clear view of the sky.txt,18,timeout,250,359
after,3,a clear view of the sky.txt,20,solved,39,64
after,3,a clear view of the sky.txt,22,solved,146,235
after,3,a clear view of the sky.txt,24,timeout,250,444
after,3,a clear view of the sky.txt,26,timeout,250,150
after,3,a clear view of the sky.txt,28,timeout,250,77
after,3,a clear view of the sky.txt,30,solved,0,1
after,3,a clear view of the sky.txt,31,solved,0,1
after,3,a clear view of the sky.txt,32,solved,0,1
after,3,a clear view of the sky.txt,33,solved,0,1
after,3,a clear view of the sky.txt,34,solved,0,1
after,3,a clear view of the sky.txt,35,solved,0,1
after,3,a cliche for bedtime.txt,1,timeout,252,8837
after,3,a distant sunset.txt,1,solved,23,83
after,3,a distant sunset.txt,3,solved,0,1
after,3,a distant sunset.txt,4,solved,0,1
after,3,a distant sunset.txt,5,solved,0,1
after,3,alternatey.txt,2,solved,17,170
after,3,alternatey.txt,4,solved,117,510
after,3,alternatey.txt,6,timeout,250,2282
after,3,an ok multiban level.txt,1,timeout,250,12488
after,3,atlas shrank.txt,1,solved,1,11
after,3,atlas shrank.txt,4,solved,187,1898
after,3,atlas shrank.txt,5,solved,123,887
after,3,atlas shrank.txt,6,timeout,250,1710
after,3,atlas shrank.txt,8,timeout,250,861
after,3,atlas shrank.txt,10,solved,111,611
after,3,atlas shrank.txt,11,timeout,250,1237
after,3,atlas shrank.txt,12,timeout,250,1282
after,3,atlas shrank.txt,14,timeout,250,1212
after,3,atlas shrank.txt,15,timeout,250,409
after,3,atlas shrank.txt,16,timeout,250,396
after,3,atlas shrank.txt,17,timeout,250,869
after,3,autohurdler.txt,1,solved,8,124
after,3,autohurdler.txt,3,solved,3,35
after,3,autohurdler.txt,5,timeout,250,3933
after,3,autohurdler.txt,7,solved,35,402
after,3,big dog and little dog.txt,1,solved,215,2021
after,3,big dog and little dog.txt,3,timeout,250,2044
after,3,big dog and little dog.txt,5,timeout,250,1638
after,3,big dog and little dog.txt,7,timeout,250,1679
after,3,big dog and little dog.txt,9,timeout,250,1596
after,3,big dog and little dog.txt,11,timeout,251,765
after,3,bouncers.txt,1,timeout,253,7328
after,3,bouncers.txt,3,timeout,252,7079
after,3,bouncers.txt,5,timeout,252,7373
after,3,bouncers.txt,7,timeout,253,5766
after,3,bouncers.txt,9,timeout,253,5115
after,3,butteater.txt,1,solved,32,482
after,3,butteater.txt,3,timeout,250,4946
after,3,byyourside.txt,0,solved,1,17
after,3,byyourside.txt,1,solved,83,1231
after,3,byyourside.txt,2,solved,13,216
after,3,byyourside.txt,3,solved,1,14
after,3,byyourside.txt,4,solved,17,264
after,3,byyourside.txt,5,solved,19,299
after,3,byyourside.txt,6,solved,0,5
after,3,byyourside.txt,7,solved,1,16
after,3,byyourside.txt,8,solved,97,1709
after,3,byyourside.txt,9,solved,60,1062
after,3,cakemonsters.txt,2,solved,0,3
after,3,cakemonsters.txt,4,solved,0,10
after,3,cakemonsters.txt,7,solved,5,208
after,3,cakemonsters.txt,9,solved,6,268
after,3,cakemonsters.txt,11,solved,1,25
after,3,cakemonsters.txt,13,solved,7,275
after,3,cakemonsters.txt,14,solved,1,43
after,3,cakemonsters.txt,15,solved,6,305
after,3,cakemonsters.txt,16,solved,26,1021
after,3,cakemonsters.txt,17,solved,1,70
after,3,cakemonsters.txt,18,solved,0,10
after,3,cakemonsters.txt,20,timeout,251,7679
after,3,cakemonsters.txt,21,solved,122,3880
after,3,cakemonsters.txt,22,solved,9,326
after,3,cakemonsters.txt,24,solved,0,18
after,3,cakemonsters.txt,25,solved,0,7
after,3,cakemonsters.txt,26,solved,0,8
after,3,cakemonsters.txt,27,solved,0,9
after,3,cakemonsters.txt,28,solved,10,380
after,3,cakemonsters.txt,29,solved,8,314
after,3,cakemonsters.txt,31,solved,1,40
after,3,cakemonsters.txt,32,solved,30,1164
after,3,cakemonsters.txt,33,solved,94,3917
after,3,cakemonsters.txt,34,timeout,251,6979
after,3,cakemonsters.txt,35,solved,7,259
after,3,cakemonsters.txt,37,timeout,251,6334
after,3,cakemonsters.txt,38,solved,155,6123
after,3,cakemonsters.txt,39,solved,0,18
after,3,cakemonsters.txt,40,solved,123,4864
after,3,cakemonsters.txt,41,timeout,250,9690
after,3,cakemonsters.txt,43,solved,1,34
after,3,cakemonsters.txt,44,solved,141,5188
after,3,cakemonsters.txt,46,solved,51,1821
after,3,cakemonsters.txt,47,timeout,250,9745
after,3,cakemonsters.txt,49,solved,219,9290
after,3,cakemonsters.txt,52,timeout,250,8295
after,3,car crash.txt,1,timeout,251,45
after,3,car crash.txt,2,solved,111,0
after,3,castlecloset.txt,0,solved,175,2695
after,3,castlemouse.txt,1,solved,10,48
after,3,castlemouse.txt,3,solved,12,42
after,3,castlemouse.txt,5,solved,44,141
after,3,castlemouse.txt,7,timeout,250,796
after,3,castlemouse.txt,9,solved,8,20
after,3,castlemouse.txt,11,timeout,250,551
after,3,castlemouse.txt,13,solved,4,6
after,3,castlemouse.txt,15,solved,8,12
after,3,castlemouse.txt,17,solved,1,3
after,3,castlemouse.txt,19,solved,4,9
after,3,chaos wizard.txt,2,solved,86,960
after,3,chaos wizard.txt,3,solved,26,293
after,3,chaos wizard.txt,4,timeout,251,3027
after,3,chaos wizard.txt,5,timeout,250,3319
after,3,chaos wizard.txt,6,timeout,251,1964
after,3,chaos wizard.txt,7,timeout,251,2961
after,3,chaos wizard.txt,8,timeout,250,2757
after,3,chaos wizard.txt,9,timeout,250,3524
after,3,chaos wizard.txt,10,timeout,250,3228
after,3,chaos wizard.txt,11,timeout,250,3110
after,3,chaos wizard.txt,12,timeout,250,2395
after,3,chaos wizard.txt,13,timeout,250,3047
after,3,chaos wizard.txt,14,timeout,250,2982
after,3,chaos wizard.txt,15,timeout,251,3148
after,3,chaos wizard.txt,16,timeout,251,3549
after,3,chaos wizard.txt,17,timeout,251,3213
after,3,chaos wizard.txt,18,timeout,251,3452
after,3,chaos wizard.txt,19,timeout,250,3740
after,3,chaos wizard.txt,20,timeout,251,2005
after,3,chaos wizard.txt,22,solved,10,65
after,3,chaos wizard.txt,24,timeout,251,2202
after,3,chaos wizard.txt,27,timeout,251,2517
after,3,coincounter.txt,0,solved,3,9
after,3,coincounter.txt,1,solved,4,22
after,3,coincounter.txt,2,solved,15,69
after,3,coincounter.txt,3,solved,16,93
after,3,coincounter.txt,4,solved,45,289
after,3,coincounter.txt,5,solved,44,287
after,3,coincounter.txt,6,solved,144,892
after,3,coincounter.txt,7,timeout,250,1754
after,3,coincounter.txt,8,solved,8,51
after,3,coincounter.txt,9,solved,2,7
after,3,coincounter.txt,10,solved,1,1
after,3,collapse.txt,2,solved,204,186
after,3,collapse.txt,3,timeout,250,141
after,3,color chained.txt,0,solved,12,31
after,3,color chained.txt,1,solved,5,9
after,3,color chained.txt,2,solved,242,645
after,3,color chained.txt,3,solved,73,160
after,3,color chained.txt,4,solved,63,139
after,3,color chained.txt,5,timeout,250,552
after,3,color chained.txt,6,timeout,250,430
after,3,color chained.txt,7,timeout,250,429
after,3,color chained.txt,8,timeout,250,465
after,3,color chained.txt,9,timeout,250,400
after,3,color chained.txt,10,timeout,250,380
after,3,color chained.txt,14,timeout,250,363
after,3,constellationz.txt,0,solved,0,5
after,3,constellationz.txt,1,solved,0,5
after,3,constellationz.txt,2,solved,3,72
after,3,constellationz.txt,3,solved,0,10
after,3,constellationz.txt,4,solved,5,124
after,3,constellationz.txt,5,solved,6,28
after,3,constellationz.txt,6,solved,192,1718
after,3,constellationz.txt,7,solved,161,1466
after,3,constellationz.txt,8,timeout,250,3310
after,3,constellationz.txt,9,timeout,250,1913
after,3,constellationz.txt,10,timeout,251,3284
after,3,cooperacing.txt,3,timeout,250,3224
after,3,cooperacing.txt,5,timeout,251,3833
after,3,cooperacing.txt,8,timeout,250,3805
after,3,cooperacing.txt,10,timeout,250,3687
after,3,crate guardian.txt,1,timeout,251,5790
after,3,crate guardian.txt,3,solved,87,1913
after,3,crate guardian.txt,5,timeout,250,5667
after,3,crate guardian.txt,7,timeout,251,4984
after,3,crate guardian.txt,9,timeout,250,5544
after,3,crate guardian.txt,11,timeout,250,6115
after,3,crate swap.txt,1,solved,19,1202
after,3,crate swap.txt,3,solved,11,714
after,3,crate swap.txt,5,solved,26,1659
after,3,crate swap.txt,7,solved,27,1732
after,3,crate swap.txt,9,solved,42,2606
after,3,crate swap.txt,11,solved,56,3024
after,3,crate swap.txt,13,solved,47,2569
after,3,crate swap.txt,15,solved,29,1789
after,3,cratopia.txt,2,solved,5,70
after,3,cratopia.txt,3,timeout,250,2702
after,3,cratopia.txt,5,solved,58,764
after,3,cratopia.txt,9,timeout,250,2157
after,3,cratopia.txt,11,timeout,250,3633
after,3,cratopia.txt,12,timeout,250,2806
after,3,cratopia.txt,13,timeout,250,1777
after,3,cratopia.txt,14,timeout,250,2968
after,3,cratopia.txt,15,timeout,250,3067
after,3,cratopia.txt,16,timeout,250,2572
after,3,cratopia.txt,17,timeout,250,3751
after,3,cratopia.txt,18,timeout,250,3683
after,3,cratopia.txt,19,timeout,250,2987
after,3,cratopia.txt,20,solved,23,31
after,3,cratopia.txt,21,solved,39,0
after,3,cratopia.txt,22,solved,48,0
after,3,cratopia.txt,23,solved,48,0
after,3,cute train.txt,1,timeout,251,93
after,3,der hydra krypta.txt,1,solved,34,21
after,3,der hydra krypta.txt,3,timeout,250,146
after,3,der hydra krypta.txt,5,timeout,250,174
after,3,der hydra krypta.txt,7,timeout,250,90
after,3,der hydra krypta.txt,9,timeout,250,161
after,3,der hydra krypta.txt,11,timeout,250,145
after,3,der hydra krypta.txt,13,solved,0,1
after,3,dice goblin.txt,3,timeout,250,840
after,3,die schoene steinmetzin.txt,1,timeout,250,1403
after,3,die schoene steinmetzin.txt,3,timeout,250,1404
after,3,die schoene steinmetzin.txt,5,timeout,250,1544
after,3,die schoene steinmetzin.txt,7,timeout,250,1633
after,3,die schoene steinmetzin.txt,9,timeout,250,1653
after,3,die schoene steinmetzin.txt,11,timeout,250,1205
after,3,die schoene steinmetzin.txt,13,timeout,250,1182
after,3,die schoene steinmetzin.txt,15,timeout,250,1018
after,3,die schoene steinmetzin.txt,16,exhausted,0,1
after,3,diesinthelight.txt,0,solved,10,94
after,3,diesinthelight.txt,1,solved,65,432
after,3,diesinthelight.txt,2,timeout,250,923
after,3,diesinthelight.txt,3,timeout,250,1057
after,3,dollyban.txt,1,solved,87,3182
after,3,dollyban.txt,3,solved,85,3417
after,3,dollyban.txt,5,timeout,250,9910
after,3,dollyban.txt,7,timeout,250,9140
after,3,dollyban.txt,9,timeout,250,9349
after,3,dollyban.txt,11,timeout,250,8721
after,3,dollyban.txt,13,solved,173,5653
after,3,dollyban.txt,15,timeout,250,8309
after,3,dollyban.txt,17,timeout,250,7634
after,3,dollyban.txt,19,timeout,251,8194
after,3,dollyban.txt,21,timeout,250,8323
after,3,dollyban.txt,23,timeout,250,8492
after,3,dollyban.txt,25,timeout,251,7559
after,3,dollyban.txt,27,timeout,250,8395
after,3,dollyban.txt,29,timeout,250,7602
after,3,dreizack.txt,1,timeout,250,175
after,3,dreizack.txt,3,timeout,250,166
after,3,dreizack.txt,5,timeout,250,156
after,3,dreizack.txt,6,solved,1,9
after,3,dreizack.txt,7,solved,0,1
after,3,dropswap.txt,3,solved,86,1246
after,3,dropswap.txt,5,solved,88,831
after,3,dropswap.txt,8,timeout,250,1625
after,3,dropswap.txt,12,solved,97,728
after,3,dropswap.txt,14,timeout,250,1765
after,3,dungeon janitor.txt,2,solved,1,22
after,3,dungeon janitor.txt,4,timeout,250,3040
after,3,dungeon janitor.txt,6,timeout,250,2180
after,3,dungeon janitor.txt,9,timeout,250,1218
after,3,easyenigma.txt,0,solved,4,5
after,3,easyenigma.txt,1,solved,1,1
after,3,easyenigma.txt,2,solved,215,667
after,3,easyenigma.txt,3,solved,1,2
after,3,easyenigma.txt,4,solved,1,2
after,3,easyenigma.txt,5,solved,207,363
after,3,easyenigma.txt,6,solved,2,5
after,3,easyenigma.txt,7,solved,3,7
after,3,easyenigma.txt,8,solved,73,99
after,3,easyenigma.txt,9,solved,3,1
after,3,easyenigma.txt,10,solved,6,2
after,3,easyenigma.txt,11,timeout,252,567
after,3,easyenigma.txt,12,solved,7,2
after,3,easyenigma.txt,13,solved,6,13
after,3,easyenigma.txt,14,solved,1,1
after,3,easyenigma.txt,15,solved,2,5
after,3,easyenigma.txt,16,timeout,251,409
after,3,easyenigma.txt,17,timeout,268,1
after,3,easyenigma.txt,18,solved,2,2
after,3,easyenigma.txt,19,timeout,250,140
after,3,easyenigma.txt,20,timeout,251,269
after,3,ecosystem generator.txt,1,timeout,250,1649
after,3,expand also avoid the flames.txt,1,timeout,266,110
after,3,fickle fred.txt,1,solved,4,226
after,3,fickle fred.txt,3,solved,27,1408
after,3,fickle fred.txt,5,timeout,250,10328
after,3,fickle fred.txt,7,solved,68,3331
after,3,fickle fred.txt,9,solved,10,563
after,3,flesh-handed hot casserole delivery bot.txt,1,solved,3,272
after,3,flesh-handed hot casserole delivery bot.txt,2,solved,11,878
after,3,flesh-handed hot casserole delivery bot.txt,4,timeout,252,16478
after,3,flesh-handed hot casserole delivery bot.txt,6,timeout,251,17723
after,3,flesh-handed hot casserole delivery bot.txt,8,solved,20,1546
after,3,flesh-handed hot casserole delivery bot.txt,10,solved,187,13570
after,3,flesh-handed hot casserole delivery bot.txt,12,solved,27,1923
after,3,flesh-handed hot casserole delivery bot.txt,14,solved,63,4331
after,3,flesh-handed hot casserole delivery bot.txt,16,solved,192,13080
after,3,flesh-handed hot casserole delivery bot.txt,18,timeout,252,15585
after,3,gabelstapler.txt,1,solved,90,936
after,3,gabelstapler.txt,3,timeout,250,1994
after,3,gabelstapler.txt,5,timeout,250,1713
after,3,gapfiller.txt,1,solved,10,383
after,3,gapfiller.txt,3,solved,170,4611
after,3,gapfiller.txt,5,solved,10,404
after,3,gapfiller.txt,7,solved,36,1441
after,3,gapfiller.txt,9,solved,2,76
after,3,gapfiller.txt,11,timeout,250,6738
after,3,gapfiller.txt,13,solved,8,332
after,3,gapfiller.txt,15,solved,2,87
after,3,gapfiller.txt,17,solved,109,3993
after,3,gapfiller.txt,19,timeout,250,6033
after,3,gem soketeer.txt,1,solved,181,563
after,3,gem soketeer.txt,3,solved,75,345
after,3,gem soketeer.txt,5,solved,34,111
after,3,gem soketeer.txt,7,solved,27,127
after,3,gem soketeer.txt,9,solved,159,719
after,3,gem soketeer.txt,11,solved,10,53
after,3,gem soketeer.txt,13,timeout,250,1015
after,3,gem soketeer.txt,15,timeout,250,871
after,3,gem soketeer.txt,17,timeout,250,613
after,3,gem soketeer.txt,19,timeout,250,890
after,3,gem soketeer.txt,21,timeout,250,675
after,3,gem soketeer.txt,23,timeout,250,621
after,3,gem soketeer.txt,25,timeout,250,1252
after,3,gem soketeer.txt,27,timeout,250,850
after,3,gem soketeer.txt,29,timeout,250,1229
after,3,gem soketeer.txt,31,timeout,250,1427
after,3,gem soketeer.txt,33,timeout,250,1434
after,3,gobble_rush.txt,0,solved,1,11
after,3,gobble_rush.txt,1,solved,2,42
after,3,gobble_rush.txt,2,solved,6,121
after,3,gobble_rush.txt,3,solved,69,926
after,3,gobble_rush.txt,4,solved,5,92
after,3,gobble_rush.txt,5,solved,15,259
after,3,gobble_rush.txt,6,solved,16,257
after,3,gobble_rush.txt,7,solved,18,257
after,3,gobble_rush.txt,8,solved,16,253
after,3,gobble_rush.txt,9,solved,37,575
after,3,gobble_rush.txt,10,solved,16,174
after,3,gobble_rush.txt,11,solved,17,225
after,3,gobble_rush.txt,12,solved,22,192
after,3,gobble_rush.txt,13,solved,6,92
after,3,gobble_rush.txt,14,solved,15,222
after,3,gobble_rush.txt,15,solved,5,34
after,3,gobble_rush.txt,16,solved,39,403
after,3,gobble_rush.txt,17,solved,16,264
after,3,gobble_rush.txt,18,solved,29,436
after,3,gobble_rush.txt,19,solved,99,1386
after,3,gobble_rush.txt,20,solved,0,4
after,3,hairtug.txt,1,solved,10,65
after,3,hairtug.txt,4,timeout,250,1572
after,3,hairtug.txt,7,timeout,250,1164
after,3,hairtug.txt,10,timeout,250,1742
after,3,hairtug.txt,13,timeout,250,1360
after,3,head skuller.txt,1,solved,12,717
after,3,head skuller.txt,3,solved,113,6231
after,3,head skuller.txt,5,timeout,251,10701
after,3,head skuller.txt,7,solved,73,3927
after,3,head skuller.txt,9,timeout,251,11455
after,3,head skuller.txt,11,timeout,252,10151
after,3,head skuller.txt,13,solved,0,1
after,3,hedgehog stimulator.txt,1,timeout,250,2561
after,3,hedgehog stimulator.txt,3,timeout,250,2482
after,3,hedgehog stimulator.txt,5,solved,211,3142
after,3,hedgehog stimulator.txt,7,timeout,250,3170
after,3,hedgehog stimulator.txt,9,timeout,250,3007
after,3,hedgehog stimulator.txt,11,timeout,250,3645
after,3,hedgehog stimulator.txt,13,solved,228,2657
after,3,hedgehog stimulator.txt,15,timeout,250,3010
after,3,hedgehog stimulator.txt,17,timeout,250,2707
after,3,hedgehog stimulator.txt,19,timeout,250,2939
after,3,hedgehog stimulator.txt,21,timeout,250,3061
after,3,hedgehog stimulator.txt,23,timeout,250,2834
after,3,heroes_of_sokoban.txt,1,solved,0,8
after,3,heroes_of_sokoban.txt,3,solved,16,587
after,3,heroes_of_sokoban.txt,5,solved,0,26
after,3,heroes_of_sokoban.txt,7,timeout,251,8707
after,3,heroes_of_sokoban.txt,9,solved,2,55
after,3,heroes_of_sokoban.txt,10,timeout,250,8449
after,3,heroes_of_sokoban.txt,11,solved,6,257
after,3,heroes_of_sokoban.txt,13,solved,91,2751
after,3,heroes_of_sokoban.txt,14,timeout,251,6986
after,3,heroes_of_sokoban.txt,15,solved,0,17
after,3,heroes_of_sokoban.txt,17,solved,17,372
after,3,heroes_of_sokoban.txt,19,timeout,250,7746
after,3,heroes_of_sokoban.txt,20,timeout,250,8261
after,3,heroes_of_sokoban.txt,21,timeout,251,5280
after,3,heroes_of_sokoban.txt,22,solved,11,361
after,3,heroes_of_sokoban.txt,23,solved,180,5422
after,3,heroes_of_sokoban.txt,24,timeout,251,7477
after,3,heroes_of_sokoban.txt,25,timeout,250,6329
after,3,heroes_of_sokoban.txt,26,timeout,251,9227
after,3,heroes_of_sokoban.txt,27,solved,3,77
after,3,heroes_of_sokoban.txt,28,timeout,251,5482
after,3,heroes_of_sokoban.txt,29,solved,1,10
after,3,heroes_of_sokoban_2.txt,3,timeout,250,2988
after,3,heroes_of_sokoban_2.txt,5,solved,4,35
after,3,heroes_of_sokoban_2.txt,6,solved,4,32
after,3,heroes_of_sokoban_2.txt,8,timeout,250,5454
after,3,heroes_of_sokoban_2.txt,10,solved,5,73
after,3,heroes_of_sokoban_2.txt,12,timeout,250,3141
after,3,heroes_of_sokoban_2.txt,13,solved,155,1817
after,3,heroes_of_sokoban_2.txt,15,solved,5,52
after,3,heroes_of_sokoban_2.txt,17,timeout,250,3822
after,3,heroes_of_sokoban_2.txt,19,timeout,250,4656
after,3,heroes_of_sokoban_2.txt,20,timeout,250,4424
after,3,heroes_of_sokoban_2.txt,21,timeout,251,4287
after,3,heroes_of_sokoban_2.txt,23,solved,1,21
after,3,heroes_of_sokoban_2.txt,24,solved,23,285
after,3,heroes_of_sokoban_2.txt,26,solved,205,2065
after,3,heroes_of_sokoban_2.txt,27,timeout,250,3022
after,3,heroes_of_sokoban_2.txt,28,timeout,250,2858
after,3,heroes_of_sokoban_2.txt,29,timeout,250,3506
after,3,heroes_of_sokoban_2.txt,30,timeout,250,3316
after,3,heroes_of_sokoban_2.txt,31,timeout,250,4501
after,3,heroes_of_sokoban_2.txt,32,timeout,251,4242
after,3,heroes_of_sokoban_2.txt,34,timeout,250,2567
after,3,heroes_of_sokoban_3.txt,3,timeout,251,3242
after,3,heroes_of_sokoban_3.txt,5,solved,29,324
after,3,heroes_of_sokoban_3.txt,6,solved,8,84
after,3,heroes_of_sokoban_3.txt,8,solved,12,114
after,3,heroes_of_sokoban_3.txt,10,solved,235,3546
after,3,heroes_of_sokoban_3.txt,11,solved,101,1649
after,3,heroes_of_sokoban_3.txt,12,solved,24,393
after,3,heroes_of_sokoban_3.txt,13,timeout,250,3411
after,3,heroes_of_sokoban_3.txt,14,timeout,250,3894
after,3,heroes_of_sokoban_3.txt,16,timeout,250,6723
after,3,heroes_of_sokoban_3.txt,17,timeout,251,5126
after,3,heroes_of_sokoban_3.txt,18,timeout,250,4974
after,3,heroes_of_sokoban_3.txt,21,timeout,250,4612
after,3,heroes_of_sokoban_3.txt,22,timeout,250,3661
after,3,heroes_of_sokoban_3.txt,23,timeout,251,8041
after,3,heroes_of_sokoban_3.txt,24,timeout,250,3183
after,3,heroes_of_sokoban_3.txt,25,timeout,251,2855
after,3,heroes_of_sokoban_3.txt,26,timeout,250,4480
after,3,heroes_of_sokoban_3.txt,27,timeout,250,3183
after,3,heroes_of_sokoban_3.txt,28,timeout,250,3236
after,3,heroes_of_sokoban_3.txt,30,timeout,250,2433
after,3,heroes_of_sokoban_3.txt,31,solved,43,530
after,3,hungry kraken.txt,1,timeout,251,1110
after,3,hungry kraken.txt,3,exhausted,0,1
after,3,i am a gust of wind.txt,1,solved,1,76
after,3,i am a gust of wind.txt,3,solved,7,383
after,3,i am a gust of wind.txt,5,solved,5,245
after,3,i am a gust of wind.txt,7,timeout,251,14681
after,3,i sure look tasty.txt,1,timeout,250,148
after,3,i want to grind myself into dust.txt,1,timeout,250,1699
after,3,i want to grind myself into dust.txt,3,timeout,250,992
after,3,i want to grind myself into dust.txt,5,timeout,250,407
after,3,icecrates.txt,1,solved,0,6
after,3,icecrates.txt,3,solved,1,9
after,3,icecrates.txt,5,solved,5,53
after,3,icecrates.txt,7,solved,100,930
after,3,icecrates.txt,9,solved,34,219
after,3,icecrates.txt,11,timeout,250,1734
after,3,impossible.txt,0,exhausted,0,1
after,3,it dies in the light.txt,0,solved,14,94
after,3,it dies in the light.txt,1,solved,78,432
after,3,it dies in the light.txt,2,timeout,250,995
after,3,it dies in the light.txt,3,timeout,250,1085
after,3,karamell.txt,1,timeout,250,499
after,3,karamell.txt,3,timeout,250,291
after,3,karamell.txt,5,timeout,250,241
after,3,karamell.txt,7,solved,0,1
after,3,kettle.txt,1,solved,1,26
after,3,kettle.txt,4,solved,0,3
after,3,kettle.txt,7,solved,0,3
after,3,kettle.txt,10,solved,2,27
after,3,kettle.txt,13,solved,10,97
after,3,kettle.txt,16,solved,2,26
after,3,kettle.txt,19,solved,50,473
after,3,kettle.txt,22,solved,50,353
after,3,kettle.txt,25,timeout,251,1774
after,3,kettle.txt,28,timeout,250,1834
after,3,kettle.txt,31,timeout,250,1444
after,3,kishoutenketsu.txt,2,solved,22,320
after,3,kishoutenketsu.txt,5,timeout,250,4358
after,3,kishoutenketsu.txt,8,solved,2,41
after,3,kishoutenketsu.txt,11,timeout,250,882
after,3,konsum.txt,1,timeout,250,2675
after,3,kreiseln.txt,1,solved,26,292
after,3,kreiseln.txt,3,timeout,250,4690
after,3,kreiseln.txt,5,timeout,251,3410
after,3,kreiseln.txt,7,timeout,250,2899
after,3,kreiseln.txt,9,timeout,250,2638
after,3,led challenge.txt,1,timeout,250,4700
after,3,led challenge.txt,3,timeout,250,5805
after,3,led challenge.txt,5,timeout,250,5419
after,3,led challenge.txt,7,timeout,250,1518
after,3,ledchallenge.txt,1,timeout,250,4490
after,3,ledchallenge.txt,3,timeout,250,5203
after,3,ledchallenge.txt,5,timeout,250,3772
after,3,ledchallenge.txt,7,timeout,250,1613
after,3,legend of zokoban.txt,0,timeout,250,1723
after,3,limerick.txt,1,solved,2,41
after,3,limerick.txt,3,solved,140,2800
after,3,limerick.txt,5,timeout,251,5434
after,3,limerick.txt,7,solved,13,264
after,3,limerick.txt,9,solved,67,1490
after,3,limerick.txt,11,solved,12,296
after,3,limerick.txt,13,timeout,251,5212
after,3,limerick.txt,15,timeout,251,5045
after,3,limerick.txt,17,solved,46,821
after,3,limerick.txt,19,timeout,251,4358
after,3,m c eschers armageddon.txt,0,solved,1,11
after,3,m c eschers armageddon.txt,1,solved,0,4
after,3,m c eschers armageddon.txt,2,solved,0,12
after,3,m c eschers armageddon.txt,3,solved,42,284
after,3,make way.txt,1,timeout,250,11445
after,3,make way.txt,3,solved,68,3331
after,3,manic_ammo.txt,1,solved,0,9
after,3,manic_ammo.txt,3,solved,0,9
after,3,manic_ammo.txt,5,solved,1,71
after,3,manic_ammo.txt,8,solved,0,9
after,3,manic_ammo.txt,10,solved,162,6607
after,3,manic_ammo.txt,12,solved,3,99
after,3,manic_ammo.txt,14,timeout,250,7189
after,3,manic_ammo.txt,16,solved,71,3210
after,3,manic_ammo.txt,18,solved,1,12
after,3,manic_ammo.txt,20,timeout,250,7722
after,3,manic_ammo.txt,22,solved,36,281
after,3,manic_ammo.txt,24,timeout,250,4518
after,3,manic_ammo.txt,26,timeout,250,2115
after,3,manic_ammo.txt,28,timeout,250,1856
after,3,manic_ammo.txt,30,timeout,250,5381
after,3,match three billiards.txt,1,solved,0,4
after,3,match three billiards.txt,3,solved,25,451
after,3,match three billiards.txt,5,solved,31,563
after,3,mazezam.txt,1,solved,1,48
after,3,mazezam.txt,3,solved,2,134
after,3,mazezam.txt,5,solved,4,210
after,3,mazezam.txt,7,solved,11,534
after,3,mazezam.txt,9,solved,12,662
after,3,mazezam.txt,11,solved,11,501
after,3,mazezam.txt,13,solved,24,1121
after,3,mazezam.txt,15,solved,18,763
after,3,mazezam.txt,17,solved,19,709
after,3,mazezam.txt,19,solved,150,3882
after,3,mazezam.txt,21,solved,36,1424
after,3,mazezam.txt,23,timeout,250,7263
after,3,mazezam.txt,25,solved,65,3165
after,3,mazezam.txt,27,solved,56,2557
after,3,mazezam.txt,29,solved,190,8022
after,3,mazezam.txt,31,solved,27,932
after,3,mazezam.txt,33,solved,30,1333
after,3,mazezam.txt,35,timeout,250,9208
after,3,mazezam.txt,37,solved,24,1095
after,3,mazezam.txt,39,solved,114,2661
after,3,mazezam.txt,41,solved,58,1924
after,3,mazezam.txt,43,solved,86,3247
after,3,mazezam.txt,45,solved,44,1874
after,3,mazezam.txt,47,solved,129,5229
after,3,mazezam.txt,49,timeout,250,8473
after,3,mazezam.txt,51,solved,64,2701
after,3,mazezam.txt,53,timeout,250,6601
after,3,mazezam.txt,55,timeout,250,7924
after,3,mazezam.txt,57,timeout,250,7129
after,3,mazezam.txt,59,timeout,250,8869
after,3,message_skip.txt,1,solved,0,1
after,3,midas.txt,0,solved,5,105
after,3,midas.txt,2,solved,18,318
after,3,midas.txt,4,solved,16,285
after,3,midas.txt,6,solved,33,681
after,3,midas.txt,8,timeout,250,3895
after,3,midas.txt,11,timeout,250,2628
after,3,midas.txt,13,timeout,250,3228
after,3,midas.txt,15,timeout,250,2926
after,3,midas.txt,17,timeout,250,2781
after,3,midas.txt,19,timeout,251,2532
after,3,midas.txt,21,timeout,250,2436
after,3,midas.txt,23,timeout,250,3085
after,3,midas.txt,25,solved,134,1609
after,3,midas.txt,27,timeout,250,2277
after,3,midas.txt,29,timeout,250,2672
after,3,moved by leaves of grass.txt,1,timeout,250,304
after,3,multi_level.txt,0,solved,0,1
after,3,multi_level.txt,1,solved,0,1
after,3,newton.txt,1,timeout,250,6359
after,3,newton.txt,3,timeout,250,6274
after,3,newton.txt,5,timeout,250,7810
after,3,no don't eat that.txt,1,timeout,250,62
after,3,no don't eat that.txt,3,timeout,250,63
after,3,no don't eat that.txt,5,timeout,250,38
after,3,no don't eat that.txt,7,timeout,251,34
after,3,no don't eat that.txt,9,timeout,250,45
after,3,no don't eat that.txt,11,timeout,250,24
after,3,no don't eat that.txt,13,timeout,252,24
after,3,no don't eat that.txt,15,timeout,250,25
after,3,no forbidden symbols 2.txt,1,timeout,250,7944
after,3,no forbidden symbols.txt,1,timeout,251,11897
after,3,no heroes necessary.txt,1,solved,15,176
after,3,no heroes necessary.txt,3,solved,7,53
after,3,no heroes necessary.txt,5,solved,29,237
after,3,no heroes necessary.txt,7,solved,9,54
after,3,no heroes necessary.txt,9,solved,181,695
after,3,oh no i accidentally swallowed myself.txt,1,timeout,250,160
after,3,oh no i accidentally swallowed myself.txt,2,solved,0,1
after,3,oh no i accidentally swallowed myself.txt,3,solved,0,1
after,3,oh no i accidentally swallowed myself.txt,4,solved,0,1
after,3,one_move.txt,0,solved,0,1
after,3,paint everything everywhere.txt,1,solved,12,28
after,3,paint everything everywhere.txt,3,solved,43,104
after,3,paint everything everywhere.txt,5,solved,35,20
after,3,paint everything everywhere.txt,7,solved,93,55
after,3,paint everything everywhere.txt,9,solved,243,113
after,3,paint everything everywhere.txt,11,solved,114,129
after,3,paint everything everywhere.txt,13,solved,46,76
after,3,paint everything everywhere.txt,15,solved,64,44
after,3,paint everything everywhere.txt,17,timeout,253,29
after,3,paint everything everywhere.txt,19,solved,22,46
after,3,paint everything everywhere.txt,21,solved,103,110
after,3,paint everything everywhere.txt,23,solved,87,50
after,3,paint everything everywhere.txt,25,solved,182,99
after,3,paint everything everywhere.txt,27,timeout,250,79
after,3,paint everything everywhere.txt,29,solved,255,102
after,3,paint everything everywhere.txt,31,solved,164,66
after,3,paint everything everywhere.txt,33,solved,87,51
after,3,paint everything everywhere.txt,35,solved,174,57
after,3,paint everything everywhere.txt,37,timeout,250,453
after,3,paint everything everywhere.txt,39,timeout,253,36
after,3,participating in society.txt,2,timeout,251,1445
after,3,pipe puffer.txt,2,solved,242,4550
after,3,pipe puffer.txt,4,solved,37,589
after,3,pipe puffer.txt,6,timeout,250,2457
after,3,pipe puffer.txt,8,solved,204,1808
after,3,pipe puffer.txt,10,timeout,250,3546
after,3,pipe puffer.txt,12,timeout,250,2445
after,3,pipe puffer.txt,14,timeout,250,2378
after,3,pipe puffer.txt,16,solved,11,73
after,3,ponies jumping synchronously.txt,0,solved,0,8
after,3,ponies jumping synchronously.txt,2,solved,0,9
after,3,ponies jumping synchronously.txt,4,solved,0,7
after,3,ponies jumping synchronously.txt,6,solved,0,9
after,3,ponies jumping synchronously.txt,8,solved,1,29
after,3,ponies jumping synchronously.txt,10,solved,16,388
after,3,ponies jumping synchronously.txt,12,solved,0,8
after,3,ponies jumping synchronously.txt,14,solved,13,283
after,3,ponies jumping synchronously.txt,17,timeout,250,2585
after,3,ponies jumping synchronously.txt,19,solved,15,265
after,3,ponies jumping synchronously.txt,21,timeout,250,3236
after,3,ponies jumping synchronously.txt,23,timeout,250,2181
after,3,pupush.txt,1,timeout,250,7042
after,3,push pull.txt,1,solved,5,285
after,3,push pull.txt,3,solved,5,236
after,3,push pull.txt,5,solved,16,876
after,3,push.txt,1,solved,0,6
after,3,push.txt,3,solved,0,13
after,3,push.txt,5,solved,23,566
after,3,push.txt,7,solved,5,110
after,3,push.txt,9,solved,11,243
after,3,push.txt,11,solved,35,884
after,3,push.txt,13,solved,32,663
after,3,push.txt,15,timeout,250,4101
after,3,push.txt,17,timeout,250,4543
after,3,push.txt,19,timeout,250,4433
after,3,push.txt,21,solved,218,3306
after,3,push.txt,23,solved,4,78
after,3,push.txt,25,solved,191,3950
after,3,push.txt,27,solved,239,4707
after,3,push.txt,29,timeout,250,4025
after,3,push.txt,31,solved,83,2397
after,3,push.txt,33,timeout,250,3028
after,3,push.txt,35,timeout,250,2742
after,3,push.txt,37,solved,2,52
after,3,push.txt,39,timeout,250,5435
after,3,push.txt,40,solved,0,4
after,3,pushit.txt,1,solved,109,5171
after,3,pushit.txt,3,timeout,251,6988
after,3,pushit.txt,5,timeout,250,13363
after,3,pushit.txt,7,timeout,251,14549
after,3,puzzles.txt,0,timeout,250,1501
after,3,realtime dog mountain rescue.txt,1,timeout,250,759
after,3,realtime dog mountain rescue.txt,4,timeout,250,581
after,3,realtime dog mountain rescue.txt,7,timeout,250,395
after,3,riverpuzzle.txt,0,timeout,251,38
after,3,robot arm.txt,3,timeout,250,975
after,3,robot arm.txt,5,timeout,254,34
after,3,robot arm.txt,7,timeout,250,1083
after,3,robotarm.txt,3,timeout,250,1090
after,3,robotarm.txt,5,timeout,255,34
after,3,robotarm.txt,7,timeout,250,1042
after,3,sacrament of the river god.txt,1,timeout,250,881
after,3,sacrament of the river god.txt,3,timeout,250,266
after,3,sacrament of the river god.txt,5,timeout,250,734
after,3,sacrament of the river god.txt,7,timeout,250,599
after,3,sacrament of the river god.txt,9,timeout,250,979
after,3,sacrament of the river god.txt,11,timeout,250,172
after,3,sacrament of the river god.txt,13,solved,2,12
after,3,seize the flag.txt,1,timeout,250,737
after,3,seize the flag.txt,3,solved,0,1
after,3,short adventure in sticky wall land.txt,1,timeout,250,1759
after,3,short adventure in sticky wall land.txt,3,timeout,250,1556
after,3,short adventure in sticky wall land.txt,5,timeout,250,1754
after,3,shy snake.txt,1,solved,52,95
after,3,shy snake.txt,3,timeout,250,115
after,3,shy snake.txt,5,timeout,250,133
after,3,slide pull.txt,1,solved,25,1388
after,3,slide pull.txt,3,solved,10,573
after,3,slide pull.txt,5,solved,52,2583
after,3,slide pull.txt,7,timeout,251,11405
after,3,slide pull.txt,9,solved,13,782
after,3,slide pull.txt,11,timeout,251,10958
after,3,slide pull.txt,13,solved,187,6725
after,3,slidings.txt,1,solved,1,39
after,3,slidings.txt,3,solved,0,18
after,3,slidings.txt,5,solved,1,38
after,3,slidings.txt,7,solved,2,82
after,3,slidings.txt,9,solved,7,234
after,3,slidings.txt,11,solved,239,6268
after,3,slidings.txt,13,solved,164,5247
after,3,slidings.txt,15,solved,168,6209
after,3,slidings.txt,17,timeout,250,7216
after,3,slidings.txt,19,solved,65,1895
after,3,slidings.txt,21,solved,109,2959
after,3,slime vat filler.txt,2,solved,4,229
after,3,slime vat filler.txt,4,solved,1,39
after,3,slime vat filler.txt,6,solved,2,125
after,3,slime vat filler.txt,8,solved,1,89
after,3,slime vat filler.txt,10,solved,2,127
after,3,slime vat filler.txt,12,solved,153,7121
after,3,slime vat filler.txt,14,solved,9,550
after,3,slime vat filler.txt,16,timeout,251,8882
after,3,slime vat filler.txt,18,solved,165,5783
after,3,slime vat filler.txt,21,solved,58,3131
after,3,slime vat filler.txt,23,solved,0,1
after,3,slot machine.txt,1,solved,78,620
after,3,slot machine.txt,3,timeout,250,1494
after,3,smother.txt,2,solved,14,265
after,3,smother.txt,4,solved,19,499
after,3,smother.txt,6,solved,31,765
after,3,smother.txt,8,solved,34,415
after,3,smother.txt,10,solved,77,781
after,3,smother.txt,14,solved,0,6
after,3,smother.txt,16,solved,0,32
after,3,smother.txt,18,solved,1,36
after,3,smother.txt,20,solved,10,276
after,3,smother.txt,22,solved,11,334
after,3,smother.txt,26,solved,30,536
after,3,smother.txt,28,solved,151,1909
after,3,smother.txt,30,solved,20,317
after,3,smother.txt,32,timeout,250,788
after,3,smother.txt,34,timeout,250,2734
after,3,smother.txt,37,solved,0,4
after,3,snkaey makes a sixy.txt,0,timeout,250,3116
after,3,snkaey makes a sixy.txt,2,exhausted,0,1
after,3,snortal.txt,0,timeout,250,5251
after,3,sok7.txt,0,timeout,250,1242
after,3,sokobansokobansokoban.txt,1,timeout,250,6420
after,3,sokobond demake.txt,2,solved,2,38
after,3,sokobond demake.txt,4,solved,1,18
after,3,sokobond demake.txt,6,solved,0,16
after,3,sokobond demake.txt,8,solved,1,20
after,3,sokobond demake.txt,10,solved,3,64
after,3,sokobond demake.txt,12,solved,2,49
after,3,sokobond demake.txt,14,solved,17,300
after,3,sokobond demake.txt,16,solved,5,81
after,3,sokobond demake.txt,18,solved,55,830
after,3,sokobond demake.txt,20,solved,35,748
after,3,sokobond demake.txt,22,solved,26,588
after,3,sokobond demake.txt,24,timeout,250,4923
after,3,sokobond demake.txt,26,solved,17,615
after,3,sokobond demake.txt,28,timeout,250,6168
after,3,sokobond demake.txt,30,timeout,250,6644
after,3,sokogoban.txt,2,timeout,250,1043
after,3,sokogoban.txt,4,timeout,250,736
after,3,sokogoban.txt,6,timeout,250,454
after,3,stick_candy_puzzle_saga.txt,1,solved,139,2971
after,3,stick_candy_puzzle_saga.txt,2,timeout,250,4516
after,3,stick_candy_puzzle_saga.txt,4,timeout,250,2697
after,3,stick_candy_puzzle_saga.txt,5,timeout,250,2562
after,3,stick_candy_puzzle_saga.txt,6,timeout,250,3711
after,3,stick_candy_puzzle_saga.txt,7,timeout,250,3749
after,3,stick_candy_puzzle_saga.txt,8,timeout,250,2642
after,3,stick_candy_puzzle_saga.txt,9,timeout,250,3578
after,3,stick_candy_puzzle_saga.txt,10,timeout,250,3162
after,3,stick_candy_puzzle_saga.txt,11,timeout,250,4047
after,3,stick_candy_puzzle_saga.txt,12,timeout,250,3165
after,3,stick_candy_puzzle_saga.txt,13,timeout,250,3782
after,3,stick_candy_puzzle_saga.txt,14,timeout,250,4200
after,3,stick_candy_puzzle_saga.txt,15,timeout,250,3614
after,3,stick_candy_puzzle_saga.txt,16,timeout,250,3285
after,3,stick_candy_puzzle_saga.txt,17,timeout,250,3799
after,3,stick_candy_puzzle_saga.txt,18,timeout,250,3549
after,3,stick_candy_puzzle_saga.txt,19,timeout,250,2459
after,3,stick_candy_puzzle_saga.txt,20,timeout,250,3296
after,3,stick_candy_puzzle_saga.txt,21,timeout,250,2411
after,3,sum three horizontally to 8.txt,4,solved,1,15
after,3,sum three horizontally to 8.txt,6,solved,1,8
after,3,sum three horizontally to 8.txt,8,solved,1,6
after,3,sum three horizontally to 8.txt,10,solved,2,13
after,3,sum three horizontally to 8.txt,13,solved,2,26
after,3,sum three horizontally to 8.txt,15,solved,37,473
after,3,sum three horizontally to 8.txt,17,solved,2,19
after,3,sum three horizontally to 8.txt,19,solved,9,109
after,3,sum three horizontally to 8.txt,22,solved,45,623
after,3,sum three horizontally to 8.txt,24,solved,7,107
after,3,sum three horizontally to 8.txt,26,solved,31,415
after,3,sum three horizontally to 8.txt,28,solved,20,304
after,3,sum three horizontally to 8.txt,31,timeout,250,730
after,3,take heart lass.txt,1,solved,0,3
after,3,take heart lass.txt,3,solved,2,25
after,3,take heart lass.txt,5,solved,0,8
after,3,take heart lass.txt,7,solved,2,28
after,3,take heart lass.txt,9,solved,154,1256
after,3,take heart lass.txt,11,solved,15,120
after,3,take heart lass.txt,13,solved,45,361
after,3,take heart lass.txt,15,timeout,250,1991
after,3,take heart lass.txt,17,solved,8,49
after,3,take heart lass.txt,19,solved,69,512
after,3,take heart lass.txt,21,solved,113,761
after,3,take heart lass.txt,23,timeout,250,1020
after,3,talo pipi 2.txt,1,timeout,250,1057
after,3,talo pipi 2.txt,3,timeout,250,1965
after,3,talo pipi 2.txt,5,timeout,250,1290
after,3,talo pipi 2.txt,7,timeout,250,1554
after,3,talo pipi 2.txt,9,timeout,250,1949
after,3,talo pipi 2.txt,11,timeout,250,1032
after,3,talo pipi 2.txt,13,timeout,250,926
after,3,talo pipi 2.txt,15,timeout,250,892
after,3,talo pipi 2.txt,17,solved,0,1
after,3,the exit is under my left foot.txt,1,solved,122,102
after,3,the red ring of immortality.txt,1,solved,7,226
after,3,the red ring of immortality.txt,3,solved,67,1354
after,3,the red ring of immortality.txt,5,solved,1,52
after,3,the red ring of immortality.txt,7,solved,60,1633
after,3,the red ring of immortality.txt,9,solved,5,213
after,3,the red ring of immortality.txt,11,solved,9,332
after,3,the red ring of immortality.txt,13,solved,96,2759
after,3,the red ring of immortality.txt,15,solved,14,424
after,3,the red ring of immortality.txt,17,solved,75,2173
after,3,the red ring of immortality.txt,19,solved,7,264
after,3,the red ring of immortality.txt,21,solved,1,21
after,3,the red ring of immortality.txt,23,solved,0,2
after,3,the_saga_of_the_candy_scroll.txt,6,solved,4,106
after,3,the_saga_of_the_candy_scroll.txt,10,solved,0,8
after,3,the_saga_of_the_candy_scroll.txt,14,solved,0,4
after,3,the_saga_of_the_candy_scroll.txt,18,solved,26,551
after,3,the_saga_of_the_candy_scroll.txt,20,timeout,250,5359
after,3,the_saga_of_the_candy_scroll.txt,22,solved,5,104
after,3,the_saga_of_the_candy_scroll.txt,26,solved,41,832
after,3,the_saga_of_the_candy_scroll.txt,28,timeout,250,4737
after,3,the_saga_of_the_candy_scroll.txt,31,solved,79,1273
after,3,the_saga_of_the_candy_scroll.txt,35,timeout,250,3552
after,3,the_saga_of_the_candy_scroll.txt,46,solved,0,3
after,3,the_saga_of_the_candy_scroll.txt,50,solved,3,54
after,3,the_saga_of_the_candy_scroll.txt,53,solved,31,723
after,3,the_saga_of_the_candy_scroll.txt,55,solved,123,2683
after,3,the_saga_of_the_candy_scroll.txt,58,timeout,250,5066
after,3,the_saga_of_the_candy_scroll.txt,61,timeout,251,5332
after,3,the_saga_of_the_candy_scroll.txt,64,timeout,250,4940
after,3,the_saga_of_the_candy_scroll.txt,66,timeout,250,5142
after,3,the_saga_of_the_candy_scroll.txt,68,timeout,251,6048
after,3,the_saga_of_the_candy_scroll.txt,70,timeout,250,3519
after,3,the_saga_of_the_candy_scroll.txt,78,timeout,250,3730
after,3,the_saga_of_the_candy_scroll.txt,80,timeout,250,3483
after,3,the_saga_of_the_candy_scroll.txt,82,timeout,250,3219
after,3,the_saga_of_the_candy_scroll.txt,85,timeout,250,3725
after,3,the_saga_of_the_candy_scroll.txt,89,timeout,250,2957
after,3,the_saga_of_the_candy_scroll.txt,98,timeout,250,4782
after,3,the_saga_of_the_candy_scroll.txt,102,timeout,250,3224
after,3,the_saga_of_the_candy_scroll.txt,106,timeout,250,2517
after,3,the_saga_of_the_candy_scroll.txt,112,timeout,250,2980
after,3,the_saga_of_the_candy_scroll.txt,116,solved,40,501
after,3,threes.txt,0,timeout,250,371
after,3,tiny treasure hunt.txt,1,timeout,250,70
after,3,tiny treasure hunt.txt,3,timeout,251,24
after,3,tiny treasure hunt.txt,5,timeout,251,27
after,3,tiny treasure hunt.txt,7,timeout,250,92
after,3,tiny treasure hunt.txt,9,timeout,251,33
after,3,tiny treasure hunt.txt,11,timeout,250,82
after,3,tiny treasure hunt.txt,13,timeout,250,31
after,3,tunnel rat.txt,1,timeout,250,278
after,3,tunnel rat.txt,3,timeout,250,152
after,3,unclean residues.txt,2,timeout,251,6289
after,3,unclean residues.txt,4,timeout,250,7669
after,3,unclean residues.txt,6,timeout,251,8193
after,3,unclean residues.txt,8,timeout,250,7209
after,3,unclean residues.txt,10,timeout,250,6939
after,3,unclean residues.txt,13,solved,149,3677
after,3,unewton.txt,2,timeout,250,4671
after,3,unewton.txt,4,timeout,251,6336
after,3,unewton.txt,6,timeout,250,4144
after,3,unewton.txt,8,timeout,250,3509
after,3,whaleworld.txt,1,solved,22,120
after,3,whaleworld.txt,3,solved,21,240
after,3,whaleworld.txt,5,solved,117,878
after,3,whaleworld.txt,7,solved,217,1685
after,3,whaleworld.txt,9,timeout,250,1192
after,3,whaleworld.txt,11,timeout,250,1140
after,3,whaleworld.txt,13,timeout,250,758
after,3,whaleworld.txt,15,timeout,250,1351
after,3,witch lifter.txt,1,timeout,250,1353
after,3,witch lifter.txt,3,solved,91,564
after,3,witch lifter.txt,5,timeout,250,1595
after,3,witch lifter.txt,7,timeout,250,1664
after,3,witch lifter.txt,9,timeout,250,1517
after,3,witch lifter.txt,11,timeout,250,1945
after,3,witch lifter.txt,13,timeout,250,909
after,3,witch lifter.txt,15,timeout,250,1123
after,3,wool-clawer.txt,1,timeout,250,1104
after,3,wool-clawer.txt,3,timeout,250,1027
after,3,wool-clawer.txt,5,timeout,250,448
after,3,wool-clawer.txt,7,timeout,250,290
after,3,wool-clawer.txt,9,timeout,250,389
after,3,wool-clawer.txt,11,timeout,250,356
after,3,you can't make this up.txt,1,timeout,250,3865
after,3,you complete me.txt,0,timeout,250,3231
after,3,zokoban.txt,0,timeout,250,1905
