side,pair,game,level,status,elapsed_ms,expanded
before,1,15 push pull levels.txt,1,solved,22,1342
before,1,15 push pull levels.txt,3,solved,2,137
before,1,15 push pull levels.txt,5,solved,91,5517
before,1,15 push pull levels.txt,7,solved,136,7643
before,1,15 push pull levels.txt,9,solved,75,4319
before,1,15 push pull levels.txt,11,solved,25,1565
before,1,15 push pull levels.txt,13,solved,24,1376
before,1,15 push pull levels.txt,15,solved,35,2195
before,1,15 push pull levels.txt,17,solved,30,1730
before,1,15 push pull levels.txt,19,solved,137,7849
before,1,15 push pull levels.txt,21,solved,773,40792
before,1,15 push pull levels.txt,23,solved,231,13036
before,1,15 push pull levels.txt,25,solved,218,12036
before,1,15 push pull levels.txt,27,solved,448,24213
before,1,15 push pull levels.txt,29,solved,1068,52623
before,1,5-junctions-maker.txt,1,timeout,3003,3026
before,1,5-junctions-maker.txt,3,solved,0,1
before,1,8 happy snakes.txt,1,solved,1,10
before,1,8 happy snakes.txt,3,solved,43,346
before,1,8 happy snakes.txt,5,solved,9,91
before,1,8 happy snakes.txt,7,solved,69,465
before,1,8 happy snakes.txt,9,timeout,3034,74327
before,1,8 happy snakes.txt,11,timeout,3029,59199
before,1,8 happy snakes.txt,13,timeout,3030,63322
before,1,8 happy snakes.txt,15,timeout,3005,11166
before,1,ALL GREEN TO BLUE.txt,1,solved,0,36
before,1,ALL GREEN TO BLUE.txt,3,solved,177,8191
before,1,ALL GREEN TO BLUE.txt,5,solved,83,4892
before,1,ALL GREEN TO BLUE.txt,7,solved,55,3260
before,1,ALL GREEN TO BLUE.txt,9,solved,22,1376
before,1,ALL GREEN TO BLUE.txt,11,solved,889,42408
before,1,ALL GREEN TO BLUE.txt,13,solved,152,10966
before,1,ALL GREEN TO BLUE.txt,15,solved,2,188
before,1,ALL GREEN TO BLUE.txt,17,solved,313,20062
before,1,ALL GREEN TO BLUE.txt,19,solved,11,884
before,1,ALL GREEN TO BLUE.txt,21,solved,3,89
before,1,Acorn Scorchery Paradise.txt,1,solved,9,489
before,1,Acorn Scorchery Paradise.txt,3,solved,9,380
before,1,Acorn Scorchery Paradise.txt,5,solved,26,1219
before,1,Acorn Scorchery Paradise.txt,7,solved,7,454
before,1,Acorn Scorchery Paradise.txt,9,solved,26,1545
before,1,All Green and Blue on Yellow.txt,1,solved,2,200
before,1,All Green and Blue on Yellow.txt,3,solved,2,166
before,1,All Green and Blue on Yellow.txt,5,solved,14,1249
before,1,All Green and Blue on Yellow.txt,7,solved,16,1343
before,1,All Green and Blue on Yellow.txt,9,solved,15,1260
before,1,Any hole is a goal.txt,1,solved,7,17
before,1,Any hole is a goal.txt,3,solved,202,802
before,1,Any hole is a goal.txt,5,solved,457,1433
before,1,Any hole is a goal.txt,7,solved,255,748
before,1,Any hole is a goal.txt,9,timeout,3001,11123
before,1,Any hole is a goal.txt,11,solved,2554,9147
before,1,Any hole is a goal.txt,13,timeout,3001,9380
before,1,Any hole is a goal.txt,15,solved,1454,4087
before,1,Any hole is a goal.txt,17,timeout,3001,10361
before,1,Any hole is a goal.txt,19,timeout,3002,10441
before,1,Any hole is a goal.txt,21,timeout,3001,10085
before,1,Any hole is a goal.txt,23,solved,247,1037
before,1,Any hole is a goal.txt,25,timeout,3001,10666
before,1,Any hole is a goal.txt,27,timeout,3001,6167
before,1,Any hole is a goal.txt,29,solved,1440,5339
before,1,Any hole is a goal.txt,31,solved,1901,6892
before,1,Any hole is a goal.txt,33,timeout,3001,10745
before,1,Any hole is a goal.txt,35,timeout,3001,8953
before,1,Any hole is a goal.txt,37,timeout,3001,5457
before,1,Any hole is a goal.txt,39,timeout,3002,9061
before,1,Any hole is a goal.txt,41,timeout,3001,11227
before,1,Any hole is a goal.txt,43,timeout,3001,6270
before,1,Any hole is a goal.txt,45,timeout,3001,5218
before,1,Any hole is a goal.txt,47,timeout,3001,11201
before,1,Any hole is a goal.txt,49,timeout,3001,10631
before,1,Any hole is a goal.txt,51,timeout,3001,8268
before,1,Any hole is a goal.txt,53,timeout,3001,9816
before,1,Any hole is a goal.txt,55,solved,2630,9530
before,1,Any hole is a goal.txt,57,solved,1549,6404
before,1,Any hole is a goal.txt,59,timeout,3001,10946
before,1,Any hole is a goal.txt,61,timeout,3001,9588
before,1,Any hole is a goal.txt,63,timeout,3001,10953
before,1,Any hole is a goal.txt,65,solved,804,3040
before,1,Any hole is a goal.txt,67,timeout,3001,9965
before,1,Any hole is a goal.txt,69,timeout,3001,10628
before,1,Attractor Net.txt,1,solved,98,2014
before,1,Attractor Net.txt,3,solved,126,2769
before,1,Attractor Net.txt,5,solved,7,162
before,1,Attractor Net.txt,7,solved,28,523
before,1,Attractor Net.txt,9,solved,65,1433
before,1,Attractor Net.txt,11,solved,24,571
before,1,Attractor Net.txt,13,solved,121,3034
before,1,Attractor Net.txt,15,solved,75,1772
before,1,Attractor Net.txt,17,solved,1,20
before,1,Attractor Net.txt,19,solved,63,1642
before,1,BIAXIAL INVASION OF SATURN.txt,3,solved,163,523
before,1,BIAXIAL INVASION OF SATURN.txt,5,solved,635,1521
before,1,BIAXIAL INVASION OF SATURN.txt,7,solved,1335,2524
before,1,BIAXIAL INVASION OF SATURN.txt,9,solved,704,1114
before,1,BIAXIAL INVASION OF SATURN.txt,11,solved,1305,1862
before,1,BIAXIAL INVASION OF SATURN.txt,13,solved,354,444
before,1,BIAXIAL INVASION OF SATURN.txt,15,solved,889,1716
before,1,BIAXIAL INVASION OF SATURN.txt,17,solved,2175,2439
before,1,BIAXIAL INVASION OF SATURN.txt,19,timeout,3000,1758
before,1,BIAXIAL INVASION OF SATURN.txt,21,timeout,3000,1301
before,1,BIAXIAL INVASION OF SATURN.txt,23,timeout,3000,2053
before,1,BIAXIAL INVASION OF SATURN.txt,25,timeout,3024,179
before,1,BIAXIAL INVASION OF SATURN.txt,28,solved,0,1
before,1,BIAXIAL INVASION OF SATURN.txt,29,solved,0,1
before,1,BIAXIAL INVASION OF SATURN.txt,30,solved,0,1
before,1,BIAXIAL INVASION OF SATURN.txt,31,solved,1,1
before,1,Bicycle-Kick Football.txt,1,solved,402,621
before,1,Bicycle-Kick Football.txt,4,solved,21,91
before,1,Bicycle-Kick Football.txt,7,solved,190,685
before,1,Bicycle-Kick Football.txt,10,solved,805,4988
before,1,Bicycle-Kick Football.txt,13,solved,385,1171
before,1,Bicycle-Kick Football.txt,16,solved,495,2614
before,1,Bring the ice cube to the goal without exposing it to heat.txt,1,timeout,3000,2929
before,1,CODEX LUBRICUS.txt,2,solved,47,130
before,1,CODEX LUBRICUS.txt,4,solved,59,93
before,1,CODEX LUBRICUS.txt,6,solved,66,73
before,1,CODEX LUBRICUS.txt,8,solved,37,93
before,1,CODEX LUBRICUS.txt,10,solved,115,113
before,1,CODEX LUBRICUS.txt,12,solved,76,149
before,1,CODEX LUBRICUS.txt,14,solved,67,111
before,1,CODEX LUBRICUS.txt,16,solved,69,118
before,1,CODEX LUBRICUS.txt,18,solved,94,105
before,1,CODEX LUBRICUS.txt,20,solved,115,115
before,1,CODEX LUBRICUS.txt,22,solved,71,112
before,1,CODEX LUBRICUS.txt,24,solved,71,116
before,1,CODEX LUBRICUS.txt,26,solved,90,108
before,1,CODEX LUBRICUS.txt,28,solved,98,104
before,1,CODEX LUBRICUS.txt,30,solved,117,131
before,1,CODEX LUBRICUS.txt,32,solved,244,275
before,1,CODEX LUBRICUS.txt,34,solved,101,122
before,1,CODEX LUBRICUS.txt,36,solved,84,164
before,1,CODEX LUBRICUS.txt,38,solved,58,102
before,1,CODEX LUBRICUS.txt,40,solved,215,262
before,1,Chevron Lodger.txt,1,solved,2,67
before,1,Chevron Lodger.txt,3,solved,54,1755
before,1,Chevron Lodger.txt,5,solved,178,5035
before,1,Chevron Lodger.txt,7,solved,25,823
before,1,Chevron Lodger.txt,9,solved,241,7084
before,1,Chevron Lodger.txt,11,solved,1273,28539
before,1,Crates move when you move.txt,1,solved,3,138
before,1,Crates move when you move.txt,3,solved,1,73
before,1,Crates move when you move.txt,5,solved,1,49
before,1,Crates move when you move.txt,7,solved,3,115
before,1,Crates move when you move.txt,9,solved,2,71
before,1,Crates move when you move.txt,11,solved,0,3
before,1,Crates move when you move.txt,13,solved,10,348
before,1,Crates move when you move.txt,15,solved,9,230
before,1,Crates move when you move.txt,17,solved,2,93
before,1,Crates move when you move.txt,19,solved,11,415
before,1,Cucumber Surprise.txt,2,solved,8,259
before,1,Cucumber Surprise.txt,5,solved,7,201
before,1,Cucumber Surprise.txt,7,solved,37,1178
before,1,Cucumber Surprise.txt,9,solved,75,2499
before,1,Cucumber Surprise.txt,11,solved,225,7606
before,1,Cucumber Surprise.txt,13,solved,31,1163
before,1,Cucumber Surprise.txt,15,solved,61,2202
before,1,Cucumber Surprise.txt,17,solved,25,916
before,1,Cucumber Surprise.txt,19,solved,37,1311
before,1,Cucumber Surprise.txt,21,solved,228,8142
before,1,Cucumber Surprise.txt,23,solved,96,3449
before,1,Cucumber Surprise.txt,25,solved,37,1243
before,1,Cucumber Surprise.txt,27,solved,215,7437
before,1,Cucumber Surprise.txt,29,solved,21,731
before,1,Cucumber Surprise.txt,31,solved,59,2119
before,1,Cucumber Surprise.txt,33,solved,98,3415
before,1,Cucumber Surprise.txt,35,solved,48,1727
before,1,Cucumber Surprise.txt,37,solved,23,812
before,1,Cucumber Surprise.txt,39,solved,94,2968
before,1,Cucumber Surprise.txt,41,solved,628,18932
before,1,Des Poseidons Dreizack.txt,1,timeout,3000,1428
before,1,Des Poseidons Dreizack.txt,3,timeout,3000,1325
before,1,Des Poseidons Dreizack.txt,5,timeout,3000,1250
before,1,Des Poseidons Dreizack.txt,6,solved,1,9
before,1,Des Poseidons Dreizack.txt,7,solved,0,1
before,1,Don't let your goals slip away.txt,1,solved,1,63
before,1,Don't let your goals slip away.txt,3,solved,103,4881
before,1,Don't let your goals slip away.txt,5,solved,2,121
before,1,Don't let your goals slip away.txt,7,solved,9,512
before,1,Don't let your goals slip away.txt,9,solved,23,1317
before,1,Don't let your goals slip away.txt,11,solved,113,5817
before,1,Don't let your goals slip away.txt,13,solved,38,2187
before,1,Don't let your goals slip away.txt,15,solved,149,7721
before,1,Double-Entry Bookkeeping Simulator.txt,1,timeout,3003,22358
before,1,Double-Entry Bookkeeping Simulator.txt,3,timeout,3001,8028
before,1,Double-Entry Bookkeeping Simulator.txt,5,solved,1114,6575
before,1,Double-Entry Bookkeeping Simulator.txt,7,timeout,3004,15365
before,1,Double-Entry Bookkeeping Simulator.txt,9,timeout,3001,10629
before,1,Double-Entry Bookkeeping Simulator.txt,11,timeout,3000,7750
before,1,Double-Entry Bookkeeping Simulator.txt,13,timeout,3000,3953
before,1,Double-Entry Bookkeeping Simulator.txt,15,timeout,3002,5213
before,1,Double-Entry Bookkeeping Simulator.txt,17,timeout,3003,17660
before,1,Explodoban.txt,1,solved,10,437
before,1,Explodoban.txt,3,solved,7,320
before,1,Explodoban.txt,5,solved,75,3082
before,1,Explodoban.txt,7,solved,155,5873
before,1,Explodoban.txt,9,solved,89,3907
before,1,Explodoban.txt,11,solved,73,2959
before,1,Explodoban.txt,13,solved,383,15980
before,1,Eyeball-watching flowers bloom.txt,1,solved,2,53
before,1,Eyeball-watching flowers bloom.txt,3,solved,228,4076
before,1,Eyeball-watching flowers bloom.txt,5,timeout,3006,52142
before,1,Garten der Medusen.txt,1,solved,7,6
before,1,Garten der Medusen.txt,3,solved,6,4
before,1,Garten der Medusen.txt,5,solved,9,6
before,1,Garten der Medusen.txt,7,timeout,3000,3040
before,1,Garten der Medusen.txt,9,timeout,3000,1567
before,1,Garten der Medusen.txt,11,timeout,3001,1885
before,1,Garten der Medusen.txt,13,timeout,3001,525
before,1,Garten der Medusen.txt,15,timeout,3002,512
before,1,Hole-Stuffer.txt,1,solved,539,6585
before,1,Hole-Stuffer.txt,3,solved,260,3591
before,1,Hole-Stuffer.txt,5,solved,12,178
before,1,Hole-Stuffer.txt,7,timeout,3008,36076
before,1,"Individuals can produce a society, but can a society produce individuals.txt",1,timeout,3009,6636
before,1,It gets its Feet Wet.txt,1,timeout,3001,2596
before,1,Legend of Swixero.txt,1,solved,6,369
before,1,Legend of Swixero.txt,3,solved,26,1444
before,1,Legend of Swixero.txt,5,solved,9,450
before,1,Legend of Swixero.txt,7,timeout,3018,122536
before,1,Legend of Swixero.txt,9,solved,703,27305
before,1,Match two two by twos.txt,2,timeout,3005,16054
before,1,Match two two by twos.txt,4,timeout,3003,9072
before,1,Match two two by twos.txt,6,timeout,3001,8069
before,1,Match-Maker.txt,1,solved,33,1111
before,1,Match-Maker.txt,3,solved,2,66
before,1,Match-Maker.txt,5,solved,9,214
before,1,Match-Maker.txt,7,solved,258,4771
before,1,Match-Maker.txt,9,solved,877,15001
before,1,Match-Maker.txt,11,solved,299,5545
before,1,Match-Maker.txt,13,solved,189,3402
before,1,Match-Maker.txt,15,solved,251,4839
before,1,Match-Maker.txt,17,solved,2313,33440
before,1,Microban x 10.txt,2,timeout,3003,2968
before,1,Muraphilic Monophobic Multiban.txt,1,solved,1813,66664
before,1,Muraphilic Monophobic Multiban.txt,3,solved,0,6
before,1,Muraphilic Monophobic Multiban.txt,5,solved,11,390
before,1,Muraphilic Monophobic Multiban.txt,7,solved,104,4207
before,1,Muraphilic Monophobic Multiban.txt,9,solved,326,10623
before,1,Muraphilic Monophobic Multiban.txt,11,solved,60,2039
before,1,Muraphilic Monophobic Multiban.txt,13,solved,30,1149
before,1,Muraphilic Monophobic Multiban.txt,15,timeout,3025,102054
before,1,NIGHTMARECROBAN.txt,1,solved,6,309
before,1,NIGHTMARECROBAN.txt,3,solved,44,1682
before,1,NIGHTMARECROBAN.txt,5,solved,33,1170
before,1,NIGHTMARECROBAN.txt,7,solved,11,387
before,1,NIGHTMARECROBAN.txt,9,solved,13,515
before,1,NIGHTMARECROBAN.txt,11,solved,40,1605
before,1,NIGHTMARECROBAN.txt,13,solved,83,3677
before,1,Neoprenanzieher.txt,2,timeout,3002,5730
before,1,North Wind Simple Sailboat Buoy Collection.txt,2,exhausted,2,9
before,1,North Wind Simple Sailboat Buoy Collection.txt,4,exhausted,2,9
before,1,North Wind Simple Sailboat Buoy Collection.txt,6,exhausted,2,9
before,1,Oh No My Dog Is About To Swallow A Piece Of.txt,1,timeout,3004,964
before,1,Place the crate on the targets.txt,1,timeout,3024,15584
before,1,Pocket Gopher - Root-Shoot Nibbler.txt,2,timeout,3001,16656
before,1,Pocket Gopher - Root-Shoot Nibbler.txt,5,solved,2555,14859
before,1,Pocket Gopher - Root-Shoot Nibbler.txt,8,timeout,3001,15502
before,1,Pocket Gopher - Root-Shoot Nibbler.txt,11,solved,2566,5454
before,1,Pocket Gopher - Root-Shoot Nibbler.txt,14,timeout,3000,10511
before,1,Pushy-V Pully-H.txt,1,solved,10,664
before,1,Pushy-V Pully-H.txt,3,solved,0,25
before,1,Pushy-V Pully-H.txt,5,solved,15,866
before,1,Pushy-V Pully-H.txt,7,solved,28,1738
before,1,Pushy-V Pully-H.txt,9,solved,0,14
before,1,Pushy-V Pully-H.txt,11,solved,1,109
before,1,Pushy-V Pully-H.txt,13,solved,1,78
before,1,Pushy-V Pully-H.txt,15,solved,78,3497
before,1,Pushy-V Pully-H.txt,17,solved,53,2857
before,1,Pushy-V Pully-H.txt,19,solved,1,72
before,1,Pushy-V Pully-H.txt,21,solved,170,9302
before,1,"Put the logs in the water, elephant.txt",1,solved,443,5641
before,1,"Put the logs in the water, elephant.txt",4,solved,54,770
before,1,"Put the logs in the water, elephant.txt",7,solved,338,3935
before,1,"Put the logs in the water, elephant.txt",10,solved,107,1313
before,1,"Put the logs in the water, elephant.txt",13,timeout,3006,40067
before,1,"Put the logs in the water, elephant.txt",16,solved,399,5710
before,1,"Put the logs in the water, elephant.txt",19,solved,333,3578
before,1,"Put the logs in the water, elephant.txt",22,solved,371,5657
before,1,Putting Bicycle Helmets on Young Children.txt,1,timeout,3004,2053
before,1,Putting Bicycle Helmets on Young Children.txt,3,timeout,3001,900
before,1,Putting Bicycle Helmets on Young Children.txt,5,timeout,3003,472
before,1,Recondite Star Sector Sigma.txt,1,solved,10,644
before,1,Recondite Star Sector Sigma.txt,3,solved,157,7848
before,1,Recondite Star Sector Sigma.txt,5,solved,125,6910
before,1,Recondite Star Sector Sigma.txt,7,solved,213,9804
before,1,Recondite Star Sector Sigma.txt,9,solved,149,9178
before,1,Recondite Star Sector Sigma.txt,11,solved,22,1338
before,1,Recondite Star Sector Sigma.txt,13,solved,216,12443
before,1,Recondite Star Sector Sigma.txt,15,solved,67,3835
before,1,Recondite Star Sector Sigma.txt,17,solved,268,13908
before,1,Recondite Star Sector Sigma.txt,19,solved,41,1580
before,1,Resin-Caster.txt,2,solved,21,1014
before,1,Resin-Caster.txt,4,solved,13,729
before,1,Resin-Caster.txt,6,solved,41,2010
before,1,Resin-Caster.txt,8,solved,73,4444
before,1,Resin-Caster.txt,10,solved,12,762
before,1,Resin-Caster.txt,12,solved,23,1470
before,1,Resin-Caster.txt,14,solved,68,3899
before,1,Resin-Caster.txt,16,solved,9,576
before,1,Resin-Caster.txt,18,solved,17,1073
before,1,Resin-Caster.txt,20,solved,23,1472
before,1,S-tercourse.txt,1,solved,1401,8478
before,1,S-tercourse.txt,3,solved,45,357
before,1,S-tercourse.txt,5,solved,37,302
before,1,S-tercourse.txt,7,timeout,3002,22290
before,1,S-tercourse.txt,9,timeout,3002,22643
before,1,S-tercourse.txt,11,solved,879,6712
before,1,S-tercourse.txt,13,timeout,3002,23375
before,1,S-tercourse.txt,15,timeout,3003,20856
before,1,S-tercourse.txt,17,timeout,3001,21167
before,1,S-tercourse.txt,19,solved,1081,7579
before,1,S-tercourse.txt,21,solved,532,3878
before,1,S-tercourse.txt,23,solved,515,4402
before,1,SWIMMING TIME.txt,2,solved,486,660
before,1,Scalesoban.txt,1,solved,0,14
before,1,Scalesoban.txt,3,solved,2,91
before,1,Scalesoban.txt,5,solved,19,858
before,1,Schleimban.txt,1,solved,28,306
before,1,Schleimban.txt,3,solved,61,768
before,1,Schleimban.txt,5,solved,50,548
before,1,Schleimban.txt,7,solved,87,1018
before,1,Schleimban.txt,9,solved,44,503
before,1,Schleimban.txt,11,solved,0,1
before,1,Subway upholstry snot smearing championship.txt,2,solved,220,6991
before,1,Subway upholstry snot smearing championship.txt,4,solved,6,240
before,1,Subway upholstry snot smearing championship.txt,6,solved,4,96
before,1,Subway upholstry snot smearing championship.txt,8,solved,849,15750
before,1,Subway upholstry snot smearing championship.txt,10,solved,119,3469
before,1,Subway upholstry snot smearing championship.txt,12,solved,82,1208
before,1,Subway upholstry snot smearing championship.txt,14,timeout,3004,47226
before,1,The Far Away Danish Pastry is always Delicio.txt,1,solved,0,7
before,1,The Far Away Danish Pastry is always Delicio.txt,3,solved,0,10
before,1,The Far Away Danish Pastry is always Delicio.txt,5,solved,3,183
before,1,The Far Away Danish Pastry is always Delicio.txt,7,solved,1,45
before,1,The Far Away Danish Pastry is always Delicio.txt,9,solved,1,74
before,1,The Far Away Danish Pastry is always Delicio.txt,11,solved,70,3545
before,1,The Far Away Danish Pastry is always Delicio.txt,13,solved,33,1232
before,1,The Far Away Danish Pastry is always Delicio.txt,15,solved,106,4154
before,1,The Monsterous Autoshove.txt,1,solved,82,710
before,1,The Monsterous Autoshove.txt,3,solved,107,921
before,1,The Monsterous Autoshove.txt,5,timeout,3001,14931
before,1,The Monsterous Autoshove.txt,7,solved,62,575
before,1,The Monsterous Autoshove.txt,9,timeout,3001,14658
before,1,The Monsterous Autoshove.txt,11,timeout,3001,16634
before,1,The sponge what lights up the seafloor.txt,1,solved,115,503
before,1,The sponge what lights up the seafloor.txt,3,solved,302,1566
before,1,The sponge what lights up the seafloor.txt,5,solved,1319,4665
before,1,The sponge what lights up the seafloor.txt,7,solved,118,633
before,1,The sponge what lights up the seafloor.txt,9,solved,278,1501
before,1,The sponge what lights up the seafloor.txt,11,solved,172,942
before,1,The sponge what lights up the seafloor.txt,13,timeout,3001,15641
before,1,The sponge what lights up the seafloor.txt,15,timeout,3001,15107
before,1,The sponge what lights up the seafloor.txt,17,timeout,3001,12881
before,1,The sponge what lights up the seafloor.txt,19,timeout,3001,12074
before,1,Two-Step Pete.txt,1,solved,1,61
before,1,Two-Step Pete.txt,3,solved,57,2153
before,1,Two-Step Pete.txt,5,solved,7,305
before,1,Two-Step Pete.txt,7,timeout,3020,75115
before,1,Two-Step Pete.txt,9,solved,67,1810
before,1,Two-Step Pete.txt,11,solved,4,99
before,1,Two-Step Pete.txt,13,solved,24,756
before,1,Two-Step Pete.txt,15,solved,560,16469
before,1,Two-Tone Tango.txt,1,solved,89,1805
before,1,Two-Tone Tango.txt,3,solved,27,569
before,1,Two-Tone Tango.txt,5,solved,61,1163
before,1,Two-Tone Tango.txt,7,solved,337,6728
before,1,Two-Tone Tango.txt,9,solved,2,38
before,1,Two-Tone Tango.txt,11,solved,39,747
before,1,Two-Tone Tango.txt,13,solved,170,4124
before,1,Two-Tone Tango.txt,15,solved,148,3028
before,1,Van-to-Mobile-Living-Space-Conversion Window.txt,1,solved,4,39
before,1,Van-to-Mobile-Living-Space-Conversion Window.txt,3,solved,120,1296
before,1,Van-to-Mobile-Living-Space-Conversion Window.txt,5,solved,3,49
before,1,Van-to-Mobile-Living-Space-Conversion Window.txt,7,solved,1349,14232
before,1,Van-to-Mobile-Living-Space-Conversion Window.txt,9,solved,413,4464
before,1,Van-to-Mobile-Living-Space-Conversion Window.txt,11,solved,1018,10643
before,1,Van-to-Mobile-Living-Space-Conversion Window.txt,13,solved,88,938
before,1,Van-to-Mobile-Living-Space-Conversion Window.txt,15,solved,325,3383
before,1,Van-to-Mobile-Living-Space-Conversion Window.txt,17,solved,55,673
before,1,Van-to-Mobile-Living-Space-Conversion Window.txt,19,solved,2416,24774
before,1,Van-to-Mobile-Living-Space-Conversion Window.txt,21,solved,1748,20552
before,1,Van-to-Mobile-Living-Space-Conversion Window.txt,23,solved,161,1754
before,1,Van-to-Mobile-Living-Space-Conversion Window.txt,25,solved,848,9769
before,1,Van-to-Mobile-Living-Space-Conversion Window.txt,27,timeout,3005,32315
before,1,Varifocal Nightmare.txt,1,solved,65,1456
before,1,Varifocal Nightmare.txt,3,solved,31,780
before,1,Varifocal Nightmare.txt,5,solved,92,2291
before,1,Varifocal Nightmare.txt,7,solved,1111,25083
before,1,Varifocal Nightmare.txt,9,solved,232,4318
before,1,Vexatious Match 3.txt,2,timeout,3009,56934
before,1,Vexatious Match 3.txt,4,solved,1194,27618
before,1,Vexatious Match 3.txt,6,solved,1504,36190
before,1,Vexatious Match 3.txt,8,solved,1513,35574
before,1,Vexatious Match 3.txt,10,solved,73,1992
before,1,Voitex Rasteriser 2.txt,1,timeout,3016,36625
before,1,Voitex Rasteriser.txt,0,timeout,3025,70287
before,1,Voitex Rasteriser.txt,2,solved,0,1
before,1,Wand Spinner.txt,1,solved,9,263
before,1,Wand Spinner.txt,3,solved,9,214
before,1,Wand Spinner.txt,5,solved,99,2715
before,1,Wand Spinner.txt,7,solved,120,4051
before,1,Wand Spinner.txt,9,solved,16,417
before,1,Wand Spinner.txt,11,solved,34,949
before,1,Wand Spinner.txt,13,solved,43,1308
before,1,Wand Spinner.txt,15,solved,19,513
before,1,Wand Spinner.txt,17,solved,36,973
before,1,Wand Spinner.txt,19,solved,66,1879
before,1,Wand Spinner.txt,21,solved,28,796
before,1,Wand Spinner.txt,23,solved,348,9400
before,1,Wand Spinner.txt,25,solved,21,721
before,1,Wand Spinner.txt,27,solved,113,3180
before,1,Wand Spinner.txt,29,solved,529,15178
before,1,Wand Spinner.txt,31,solved,74,2265
before,1,Wand Spinner.txt,33,solved,2,68
before,1,Wand Spinner.txt,35,solved,189,5885
before,1,Xorro The Chaos Warden.txt,1,solved,8,267
before,1,Xorro The Chaos Warden.txt,3,solved,139,4418
before,1,Xorro The Chaos Warden.txt,5,solved,107,3553
before,1,Xorro The Chaos Warden.txt,7,solved,815,16952
before,1,Yellow Box.txt,1,solved,160,3503
before,1,Yellow Box.txt,3,solved,24,332
before,1,Yellow Box.txt,5,solved,5,49
before,1,Yellow Box.txt,7,solved,19,293
before,1,Yellow Box.txt,9,solved,91,1318
before,1,Yellow Box.txt,11,solved,114,1642
before,1,Yellow Box.txt,13,solved,19,285
before,1,Yellow Box.txt,15,solved,2032,59501
before,1,Yellow Box.txt,17,solved,4,58
before,1,Yellow Box.txt,19,solved,21,272
before,1,Yellow Box.txt,21,solved,113,1639
before,1,Yellow Box.txt,23,solved,1,20
before,1,Yellow Box.txt,25,solved,21,259
before,1,Yellow Box.txt,27,solved,39,498
before,1,Yellow Box.txt,29,solved,24,280
before,1,Yellow Box.txt,31,solved,181,2277
before,1,Yellow Box.txt,33,solved,22,284
before,1,Yellow Box.txt,35,solved,873,12609
before,1,a clear view of the sky.txt,3,solved,54,58
before,1,a clear view of the sky.txt,6,solved,31,55
before,1,a clear view of the sky.txt,8,solved,37,60
before,1,a clear view of the sky.txt,10,solved,23,52
before,1,a clear view of the sky.txt,12,solved,40,54
before,1,a clear view of the sky.txt,14,solved,37,43
before,1,a clear view of the sky.txt,16,solved,130,185
before,1,a clear view of the sky.txt,18,solved,2192,1778
before,1,a clear view of the sky.txt,20,solved,69,64
before,1,a clear view of the sky.txt,22,solved,257,235
before,1,a clear view of the sky.txt,24,solved,502,600
before,1,a clear view of the sky.txt,26,timeout,3000,1121
before,1,a clear view of the sky.txt,28,timeout,3000,518
before,1,a clear view of the sky.txt,30,solved,0,1
before,1,a clear view of the sky.txt,31,solved,0,1
before,1,a clear view of the sky.txt,32,solved,0,1
before,1,a clear view of the sky.txt,33,solved,0,1
before,1,a clear view of the sky.txt,34,solved,0,1
before,1,a clear view of the sky.txt,35,solved,0,1
before,1,a cliche for bedtime.txt,1,timeout,3027,82851
before,1,a distant sunset.txt,1,solved,31,83
before,1,a distant sunset.txt,3,solved,0,1
before,1,a distant sunset.txt,4,solved,0,1
before,1,a distant sunset.txt,5,solved,0,1
before,1,alternatey.txt,2,solved,42,151
before,1,alternatey.txt,4,solved,539,510
before,1,alternatey.txt,6,solved,1218,2703
before,1,an ok multiban level.txt,1,solved,392,16501
before,1,atlas shrank.txt,1,solved,2,11
before,1,atlas shrank.txt,4,solved,248,1898
before,1,atlas shrank.txt,5,solved,160,887
before,1,atlas shrank.txt,6,solved,707,4258
before,1,atlas shrank.txt,8,timeout,3002,7583
before,1,atlas shrank.txt,10,solved,156,611
before,1,atlas shrank.txt,11,timeout,3001,11918
before,1,atlas shrank.txt,12,timeout,3001,14069
before,1,atlas shrank.txt,14,timeout,3002,12455
before,1,atlas shrank.txt,15,timeout,3001,4379
before,1,atlas shrank.txt,16,timeout,3001,4069
before,1,atlas shrank.txt,17,timeout,3001,10256
before,1,autohurdler.txt,1,solved,11,124
before,1,autohurdler.txt,3,solved,4,35
before,1,autohurdler.txt,5,timeout,3004,36746
before,1,autohurdler.txt,7,solved,44,402
before,1,big dog and little dog.txt,1,solved,236,2021
before,1,big dog and little dog.txt,3,timeout,3002,22566
before,1,big dog and little dog.txt,5,timeout,3003,18484
before,1,big dog and little dog.txt,7,timeout,3003,18688
before,1,big dog and little dog.txt,9,timeout,3001,17724
before,1,big dog and little dog.txt,11,timeout,3008,8936
before,1,bouncers.txt,1,timeout,3031,89867
before,1,bouncers.txt,3,timeout,3024,89770
before,1,bouncers.txt,5,timeout,3027,90378
before,1,bouncers.txt,7,timeout,3030,77165
before,1,bouncers.txt,9,timeout,3032,63286
before,1,butteater.txt,1,solved,23,482
before,1,butteater.txt,3,timeout,3006,55121
before,1,byyourside.txt,0,solved,1,17
before,1,byyourside.txt,1,solved,85,1231
before,1,byyourside.txt,2,solved,15,216
before,1,byyourside.txt,3,solved,1,14
before,1,byyourside.txt,4,solved,26,264
before,1,byyourside.txt,5,solved,20,299
before,1,byyourside.txt,6,solved,0,5
before,1,byyourside.txt,7,solved,1,16
before,1,byyourside.txt,8,solved,116,1709
before,1,byyourside.txt,9,solved,60,1062
before,1,cakemonsters.txt,2,solved,0,3
before,1,cakemonsters.txt,4,solved,0,10
before,1,cakemonsters.txt,7,solved,5,208
before,1,cakemonsters.txt,9,solved,7,268
before,1,cakemonsters.txt,11,solved,1,25
before,1,cakemonsters.txt,13,solved,7,275
before,1,cakemonsters.txt,14,solved,1,43
before,1,cakemonsters.txt,15,solved,7,305
before,1,cakemonsters.txt,16,solved,27,1021
before,1,cakemonsters.txt,17,solved,1,70
before,1,cakemonsters.txt,18,solved,0,10
before,1,cakemonsters.txt,20,timeout,3013,70260
before,1,cakemonsters.txt,21,solved,148,3880
before,1,cakemonsters.txt,22,solved,11,326
before,1,cakemonsters.txt,24,solved,0,18
before,1,cakemonsters.txt,25,solved,0,7
before,1,cakemonsters.txt,26,solved,0,8
before,1,cakemonsters.txt,27,solved,0,9
before,1,cakemonsters.txt,28,solved,11,380
before,1,cakemonsters.txt,29,solved,9,314
before,1,cakemonsters.txt,31,solved,1,40
before,1,cakemonsters.txt,32,solved,40,1164
before,1,cakemonsters.txt,33,solved,122,3917
before,1,cakemonsters.txt,34,timeout,3019,70234
before,1,cakemonsters.txt,35,solved,12,259
before,1,cakemonsters.txt,37,timeout,3045,60128
before,1,cakemonsters.txt,38,solved,268,6123
before,1,cakemonsters.txt,39,solved,1,18
before,1,cakemonsters.txt,40,solved,191,4864
before,1,cakemonsters.txt,41,solved,2610,73546
before,1,cakemonsters.txt,43,solved,1,34
before,1,cakemonsters.txt,44,solved,161,5188
before,1,cakemonsters.txt,46,solved,64,1821
before,1,cakemonsters.txt,47,timeout,3009,102493
before,1,cakemonsters.txt,49,solved,250,9290
before,1,cakemonsters.txt,52,solved,496,16398
before,1,car crash.txt,1,timeout,3004,1402
before,1,car crash.txt,2,solved,273,0
before,1,castlecloset.txt,0,solved,162,2695
before,1,castlemouse.txt,1,solved,8,48
before,1,castlemouse.txt,3,solved,8,42
before,1,castlemouse.txt,5,solved,30,138
before,1,castlemouse.txt,7,solved,62,272
before,1,castlemouse.txt,9,solved,6,20
before,1,castlemouse.txt,11,solved,381,1139
before,1,castlemouse.txt,13,solved,2,6
before,1,castlemouse.txt,15,solved,6,12
before,1,castlemouse.txt,17,solved,1,3
before,1,castlemouse.txt,19,solved,4,9
before,1,chaos wizard.txt,2,solved,69,960
before,1,chaos wizard.txt,3,solved,21,293
before,1,chaos wizard.txt,4,timeout,3006,46632
before,1,chaos wizard.txt,5,solved,1917,32254
before,1,chaos wizard.txt,6,timeout,3009,32880
before,1,chaos wizard.txt,7,timeout,3014,47261
before,1,chaos wizard.txt,8,timeout,3008,39758
before,1,chaos wizard.txt,9,timeout,3010,48276
before,1,chaos wizard.txt,10,timeout,3006,43920
before,1,chaos wizard.txt,11,solved,1871,29559
before,1,chaos wizard.txt,12,timeout,3009,38292
before,1,chaos wizard.txt,13,timeout,3007,39596
before,1,chaos wizard.txt,14,solved,387,5327
before,1,chaos wizard.txt,15,timeout,3006,41381
before,1,chaos wizard.txt,16,timeout,3008,48212
before,1,chaos wizard.txt,17,timeout,3005,38135
before,1,chaos wizard.txt,18,timeout,3006,37058
before,1,chaos wizard.txt,19,timeout,3005,39350
before,1,chaos wizard.txt,20,timeout,3011,31135
before,1,chaos wizard.txt,22,solved,10,65
before,1,chaos wizard.txt,24,timeout,3006,22546
before,1,chaos wizard.txt,27,timeout,3016,29826
before,1,coincounter.txt,0,solved,3,9
before,1,coincounter.txt,1,solved,4,22
before,1,coincounter.txt,2,solved,11,69
before,1,coincounter.txt,3,solved,14,93
before,1,coincounter.txt,4,solved,59,289
before,1,coincounter.txt,5,solved,67,287
before,1,coincounter.txt,6,solved,165,721
before,1,coincounter.txt,7,solved,403,2309
before,1,coincounter.txt,8,solved,10,51
before,1,coincounter.txt,9,solved,2,7
before,1,coincounter.txt,10,solved,0,1
before,1,collapse.txt,2,solved,286,186
before,1,collapse.txt,3,timeout,3001,1287
before,1,color chained.txt,0,solved,16,31
before,1,color chained.txt,1,solved,7,9
before,1,color chained.txt,2,solved,333,645
before,1,color chained.txt,3,solved,104,160
before,1,color chained.txt,4,solved,89,139
before,1,color chained.txt,5,solved,574,959
before,1,color chained.txt,6,timeout,3000,4423
before,1,color chained.txt,7,timeout,3000,3930
before,1,color chained.txt,8,timeout,3000,4489
before,1,color chained.txt,9,solved,2357,3056
before,1,color chained.txt,10,solved,2458,3182
before,1,color chained.txt,14,timeout,3000,3426
before,1,constellationz.txt,0,solved,0,5
before,1,constellationz.txt,1,solved,0,5
before,1,constellationz.txt,2,solved,5,72
before,1,constellationz.txt,3,solved,1,10
before,1,constellationz.txt,4,solved,7,124
before,1,constellationz.txt,5,solved,8,28
before,1,constellationz.txt,6,solved,184,1718
before,1,constellationz.txt,7,solved,153,1466
before,1,constellationz.txt,8,timeout,3007,36372
before,1,constellationz.txt,9,solved,491,4056
before,1,constellationz.txt,10,solved,482,5772
before,1,cooperacing.txt,3,solved,353,4508
before,1,cooperacing.txt,5,solved,985,13019
before,1,cooperacing.txt,8,timeout,3005,37769
before,1,cooperacing.txt,10,timeout,3004,33555
before,1,crate guardian.txt,1,solved,373,7184
before,1,crate guardian.txt,3,solved,91,1913
before,1,crate guardian.txt,5,solved,421,8633
before,1,crate guardian.txt,7,solved,597,12334
before,1,crate guardian.txt,9,solved,2115,35696
before,1,crate guardian.txt,11,timeout,3009,30944
before,1,crate swap.txt,1,solved,38,1202
before,1,crate swap.txt,3,solved,18,714
before,1,crate swap.txt,5,solved,57,1659
before,1,crate swap.txt,7,solved,36,1732
before,1,crate swap.txt,9,solved,58,2606
before,1,crate swap.txt,11,solved,64,3024
before,1,crate swap.txt,13,solved,52,2569
before,1,crate swap.txt,15,solved,36,1789
before,1,cratopia.txt,2,solved,8,70
before,1,cratopia.txt,3,solved,1189,10496
before,1,cratopia.txt,5,solved,63,764
before,1,cratopia.txt,9,timeout,3004,21724
before,1,cratopia.txt,11,solved,719,9214
before,1,cratopia.txt,12,timeout,3006,33085
before,1,cratopia.txt,13,timeout,3003,18090
before,1,cratopia.txt,14,timeout,3007,31540
before,1,cratopia.txt,15,timeout,3007,33121
before,1,cratopia.txt,16,timeout,3004,27466
before,1,cratopia.txt,17,timeout,3007,35482
before,1,cratopia.txt,18,timeout,3006,36873
before,1,cratopia.txt,19,timeout,3003,31762
before,1,cratopia.txt,20,solved,27,31
before,1,cratopia.txt,21,solved,45,0
before,1,cratopia.txt,22,solved,38,0
before,1,cratopia.txt,23,solved,34,0
before,1,cute train.txt,1,timeout,3008,826
before,1,der hydra krypta.txt,1,solved,46,21
before,1,der hydra krypta.txt,3,timeout,3000,861
before,1,der hydra krypta.txt,5,timeout,3000,1052
before,1,der hydra krypta.txt,7,timeout,3000,488
before,1,der hydra krypta.txt,9,timeout,3000,948
before,1,der hydra krypta.txt,11,timeout,3000,878
before,1,der hydra krypta.txt,13,solved,0,1
before,1,dice goblin.txt,3,timeout,3001,7679
before,1,die schoene steinmetzin.txt,1,timeout,3001,17219
before,1,die schoene steinmetzin.txt,3,timeout,3001,13751
before,1,die schoene steinmetzin.txt,5,solved,287,1340
before,1,die schoene steinmetzin.txt,7,timeout,3003,17234
before,1,die schoene steinmetzin.txt,9,timeout,3002,19254
before,1,die schoene steinmetzin.txt,11,timeout,3002,11333
before,1,die schoene steinmetzin.txt,13,timeout,3003,11450
before,1,die schoene steinmetzin.txt,15,timeout,3001,9351
before,1,die schoene steinmetzin.txt,16,exhausted,0,1
before,1,diesinthelight.txt,0,solved,14,94
before,1,diesinthelight.txt,1,solved,98,432
before,1,diesinthelight.txt,2,solved,1403,4251
before,1,diesinthelight.txt,3,timeout,3000,8410
before,1,dollyban.txt,1,solved,95,3182
before,1,dollyban.txt,3,solved,91,3417
before,1,dollyban.txt,5,solved,533,17811
before,1,dollyban.txt,7,solved,497,17784
before,1,dollyban.txt,9,solved,526,17742
before,1,dollyban.txt,11,timeout,3008,94281
before,1,dollyban.txt,13,solved,184,5653
before,1,dollyban.txt,15,solved,1415,42080
before,1,dollyban.txt,17,timeout,3007,86538
before,1,dollyban.txt,19,timeout,3007,91607
before,1,dollyban.txt,21,timeout,3007,90234
before,1,dollyban.txt,23,solved,346,11508
before,1,dollyban.txt,25,timeout,3007,83036
before,1,dollyban.txt,27,timeout,3006,88638
before,1,dollyban.txt,29,timeout,3011,83981
before,1,dreizack.txt,1,timeout,3000,1402
before,1,dreizack.txt,3,timeout,3000,1363
before,1,dreizack.txt,5,timeout,3000,1249
before,1,dreizack.txt,6,solved,1,9
before,1,dreizack.txt,7,solved,0,1
before,1,dropswap.txt,3,solved,105,1246
before,1,dropswap.txt,5,solved,111,831
before,1,dropswap.txt,8,timeout,3008,14871
before,1,dropswap.txt,12,solved,104,728
before,1,dropswap.txt,14,timeout,3002,13978
before,1,dungeon janitor.txt,2,solved,1,22
before,1,dungeon janitor.txt,4,solved,1525,14685
before,1,dungeon janitor.txt,6,timeout,3002,22347
before,1,dungeon janitor.txt,9,timeout,3002,10981
before,1,easyenigma.txt,0,solved,2,5
before,1,easyenigma.txt,1,solved,1,1
before,1,easyenigma.txt,2,solved,146,455
before,1,easyenigma.txt,3,solved,1,2
before,1,easyenigma.txt,4,solved,1,2
before,1,easyenigma.txt,5,solved,218,363
before,1,easyenigma.txt,6,solved,2,5
before,1,easyenigma.txt,7,solved,3,7
before,1,easyenigma.txt,8,solved,75,99
before,1,easyenigma.txt,9,solved,3,1
before,1,easyenigma.txt,10,solved,7,2
before,1,easyenigma.txt,11,timeout,3033,6389
before,1,easyenigma.txt,12,solved,12,2
before,1,easyenigma.txt,13,solved,8,13
before,1,easyenigma.txt,14,solved,1,1
before,1,easyenigma.txt,15,solved,3,5
before,1,easyenigma.txt,16,timeout,3025,3478
before,1,easyenigma.txt,17,solved,1179,2
before,1,easyenigma.txt,18,solved,3,2
before,1,easyenigma.txt,19,timeout,3003,1315
before,1,easyenigma.txt,20,timeout,3021,3474
before,1,ecosystem generator.txt,1,timeout,3011,14950
before,1,expand also avoid the flames.txt,1,timeout,3038,376
before,1,fickle fred.txt,1,solved,4,226
before,1,fickle fred.txt,3,solved,29,1408
before,1,fickle fred.txt,5,solved,619,26180
before,1,fickle fred.txt,7,solved,72,3331
before,1,fickle fred.txt,9,solved,10,563
before,1,flesh-handed hot casserole delivery bot.txt,1,solved,3,272
before,1,flesh-handed hot casserole delivery bot.txt,2,solved,11,878
before,1,flesh-handed hot casserole delivery bot.txt,4,solved,447,24105
before,1,flesh-handed hot casserole delivery bot.txt,6,solved,382,23540
before,1,flesh-handed hot casserole delivery bot.txt,8,solved,23,1546
before,1,flesh-handed hot casserole delivery bot.txt,10,solved,209,13570
before,1,flesh-handed hot casserole delivery bot.txt,12,solved,32,1923
before,1,flesh-handed hot casserole delivery bot.txt,14,solved,76,4331
before,1,flesh-handed hot casserole delivery bot.txt,16,solved,209,13080
before,1,flesh-handed hot casserole delivery bot.txt,18,solved,655,37504
before,1,gabelstapler.txt,1,solved,174,936
before,1,gabelstapler.txt,3,timeout,3001,12180
before,1,gabelstapler.txt,5,timeout,3001,10920
before,1,gapfiller.txt,1,solved,15,383
before,1,gapfiller.txt,3,solved,228,4611
before,1,gapfiller.txt,5,solved,12,404
before,1,gapfiller.txt,7,solved,46,1441
before,1,gapfiller.txt,9,solved,2,76
before,1,gapfiller.txt,11,solved,1462,31516
before,1,gapfiller.txt,13,solved,10,332
before,1,gapfiller.txt,15,solved,3,87
before,1,gapfiller.txt,17,solved,152,3993
before,1,gapfiller.txt,19,timeout,3005,49795
before,1,gem soketeer.txt,1,solved,198,563
before,1,gem soketeer.txt,3,solved,83,345
before,1,gem soketeer.txt,5,solved,40,111
before,1,gem soketeer.txt,7,solved,30,127
before,1,gem soketeer.txt,9,solved,170,719
before,1,gem soketeer.txt,11,solved,12,53
before,1,gem soketeer.txt,13,solved,1006,3705
before,1,gem soketeer.txt,15,timeout,3001,9309
before,1,gem soketeer.txt,17,solved,1604,3572
before,1,gem soketeer.txt,19,timeout,3001,9325
before,1,gem soketeer.txt,21,solved,450,1164
before,1,gem soketeer.txt,23,timeout,3001,7389
before,1,gem soketeer.txt,25,solved,652,2956
before,1,gem soketeer.txt,27,solved,1100,3318
before,1,gem soketeer.txt,29,solved,549,2727
before,1,gem soketeer.txt,31,solved,537,2606
before,1,gem soketeer.txt,33,solved,1212,6180
before,1,gobble_rush.txt,0,solved,1,11
before,1,gobble_rush.txt,1,solved,2,42
before,1,gobble_rush.txt,2,solved,7,121
before,1,gobble_rush.txt,3,solved,86,926
before,1,gobble_rush.txt,4,solved,6,92
before,1,gobble_rush.txt,5,solved,18,259
before,1,gobble_rush.txt,6,solved,20,257
before,1,gobble_rush.txt,7,solved,20,257
before,1,gobble_rush.txt,8,solved,20,253
before,1,gobble_rush.txt,9,solved,44,575
before,1,gobble_rush.txt,10,solved,21,174
before,1,gobble_rush.txt,11,solved,23,225
before,1,gobble_rush.txt,12,solved,30,192
before,1,gobble_rush.txt,13,solved,7,92
before,1,gobble_rush.txt,14,solved,24,222
before,1,gobble_rush.txt,15,solved,5,34
before,1,gobble_rush.txt,16,solved,28,403
before,1,gobble_rush.txt,17,solved,19,264
before,1,gobble_rush.txt,18,solved,37,436
before,1,gobble_rush.txt,19,solved,133,1386
before,1,gobble_rush.txt,20,solved,0,4
before,1,hairtug.txt,1,solved,16,65
before,1,hairtug.txt,4,timeout,3009,17055
before,1,hairtug.txt,7,timeout,3010,11858
before,1,hairtug.txt,10,solved,509,3148
before,1,hairtug.txt,13,timeout,3009,15112
before,1,head skuller.txt,1,solved,19,717
before,1,head skuller.txt,3,solved,121,6231
before,1,head skuller.txt,5,timeout,3011,131458
before,1,head skuller.txt,7,solved,87,3927
before,1,head skuller.txt,9,timeout,3015,133907
before,1,head skuller.txt,11,solved,455,19720
before,1,head skuller.txt,13,solved,0,1
before,1,hedgehog stimulator.txt,1,solved,804,7489
before,1,hedgehog stimulator.txt,3,timeout,3002,27396
before,1,hedgehog stimulator.txt,5,solved,301,3142
before,1,hedgehog stimulator.txt,7,solved,514,4977
before,1,hedgehog stimulator.txt,9,solved,634,5006
before,1,hedgehog stimulator.txt,11,solved,1273,12669
before,1,hedgehog stimulator.txt,13,solved,359,2657
before,1,hedgehog stimulator.txt,15,solved,747,5351
before,1,hedgehog stimulator.txt,17,solved,3003,22866
before,1,hedgehog stimulator.txt,19,timeout,3001,24087
before,1,hedgehog stimulator.txt,21,timeout,3002,24154
before,1,hedgehog stimulator.txt,23,timeout,3001,22486
before,1,heroes_of_sokoban.txt,1,solved,0,8
before,1,heroes_of_sokoban.txt,3,solved,14,587
before,1,heroes_of_sokoban.txt,5,solved,0,26
before,1,heroes_of_sokoban.txt,7,timeout,3015,95179
before,1,heroes_of_sokoban.txt,9,solved,1,55
before,1,heroes_of_sokoban.txt,10,solved,623,18699
before,1,heroes_of_sokoban.txt,11,solved,6,257
before,1,heroes_of_sokoban.txt,13,solved,114,2751
before,1,heroes_of_sokoban.txt,14,timeout,3010,70890
before,1,heroes_of_sokoban.txt,15,solved,0,17
before,1,heroes_of_sokoban.txt,17,solved,25,372
before,1,heroes_of_sokoban.txt,19,solved,752,17425
before,1,heroes_of_sokoban.txt,20,timeout,3007,69576
before,1,heroes_of_sokoban.txt,21,timeout,3011,43405
before,1,heroes_of_sokoban.txt,22,solved,16,361
before,1,heroes_of_sokoban.txt,23,solved,180,5422
before,1,heroes_of_sokoban.txt,24,timeout,3009,83159
before,1,heroes_of_sokoban.txt,25,timeout,3013,69362
before,1,heroes_of_sokoban.txt,26,timeout,3013,100849
before,1,heroes_of_sokoban.txt,27,solved,2,77
before,1,heroes_of_sokoban.txt,28,timeout,3014,64437
before,1,heroes_of_sokoban.txt,29,solved,1,10
before,1,heroes_of_sokoban_2.txt,3,solved,519,5484
before,1,heroes_of_sokoban_2.txt,5,solved,2,35
before,1,heroes_of_sokoban_2.txt,6,solved,2,32
before,1,heroes_of_sokoban_2.txt,8,solved,332,7281
before,1,heroes_of_sokoban_2.txt,10,solved,6,73
before,1,heroes_of_sokoban_2.txt,12,timeout,3003,29693
before,1,heroes_of_sokoban_2.txt,13,solved,2792,2262
before,1,heroes_of_sokoban_2.txt,15,solved,16,52
before,1,heroes_of_sokoban_2.txt,17,solved,635,8503
before,1,heroes_of_sokoban_2.txt,19,solved,2019,30440
before,1,heroes_of_sokoban_2.txt,20,timeout,3004,45110
before,1,heroes_of_sokoban_2.txt,21,timeout,3005,44408
before,1,heroes_of_sokoban_2.txt,23,solved,2,21
before,1,heroes_of_sokoban_2.txt,24,solved,189,153
before,1,heroes_of_sokoban_2.txt,26,solved,2515,1874
before,1,heroes_of_sokoban_2.txt,27,timeout,3002,20735
before,1,heroes_of_sokoban_2.txt,28,timeout,3001,2557
before,1,heroes_of_sokoban_2.txt,29,solved,582,4926
before,1,heroes_of_sokoban_2.txt,30,solved,2123,17905
before,1,heroes_of_sokoban_2.txt,31,timeout,3006,26540
before,1,heroes_of_sokoban_2.txt,32,timeout,3007,41378
before,1,heroes_of_sokoban_2.txt,34,timeout,3004,25370
before,1,heroes_of_sokoban_3.txt,3,timeout,3014,38170
before,1,heroes_of_sokoban_3.txt,5,solved,37,324
before,1,heroes_of_sokoban_3.txt,6,solved,11,84
before,1,heroes_of_sokoban_3.txt,8,solved,15,114
before,1,heroes_of_sokoban_3.txt,10,solved,285,3546
before,1,heroes_of_sokoban_3.txt,11,solved,123,1649
before,1,heroes_of_sokoban_3.txt,12,solved,30,393
before,1,heroes_of_sokoban_3.txt,13,timeout,3005,33157
before,1,heroes_of_sokoban_3.txt,14,solved,1822,22236
before,1,heroes_of_sokoban_3.txt,16,timeout,3009,77074
before,1,heroes_of_sokoban_3.txt,17,timeout,3012,64201
before,1,heroes_of_sokoban_3.txt,18,timeout,3005,54567
before,1,heroes_of_sokoban_3.txt,21,timeout,3006,49234
before,1,heroes_of_sokoban_3.txt,22,timeout,3004,27748
before,1,heroes_of_sokoban_3.txt,23,solved,1212,35385
before,1,heroes_of_sokoban_3.txt,24,timeout,3005,31712
before,1,heroes_of_sokoban_3.txt,25,timeout,3010,30580
before,1,heroes_of_sokoban_3.txt,26,timeout,3010,45249
before,1,heroes_of_sokoban_3.txt,27,timeout,3004,31810
before,1,heroes_of_sokoban_3.txt,28,timeout,3003,39192
before,1,heroes_of_sokoban_3.txt,30,timeout,3012,26773
before,1,heroes_of_sokoban_3.txt,31,solved,43,530
before,1,hungry kraken.txt,1,timeout,3005,12400
before,1,hungry kraken.txt,3,exhausted,0,1
before,1,i am a gust of wind.txt,1,solved,1,76
before,1,i am a gust of wind.txt,3,solved,7,383
before,1,i am a gust of wind.txt,5,solved,4,245
before,1,i am a gust of wind.txt,7,solved,1145,60032
before,1,i sure look tasty.txt,1,timeout,3000,1414
before,1,i want to grind myself into dust.txt,1,timeout,3001,20772
before,1,i want to grind myself into dust.txt,3,timeout,3003,14174
before,1,i want to grind myself into dust.txt,5,timeout,3001,5952
before,1,icecrates.txt,1,solved,0,6
before,1,icecrates.txt,3,solved,1,9
before,1,icecrates.txt,5,solved,4,53
before,1,icecrates.txt,7,solved,99,930
before,1,icecrates.txt,9,solved,34,219
before,1,icecrates.txt,11,solved,1190,7323
before,1,impossible.txt,0,exhausted,0,1
before,1,it dies in the light.txt,0,solved,17,94
before,1,it dies in the light.txt,1,solved,105,432
before,1,it dies in the light.txt,2,solved,1519,4251
before,1,it dies in the light.txt,3,timeout,3000,8615
before,1,karamell.txt,1,solved,457,836
before,1,karamell.txt,3,timeout,3000,3463
before,1,karamell.txt,5,timeout,3000,2550
before,1,karamell.txt,7,solved,0,1
before,1,kettle.txt,1,solved,2,26
before,1,kettle.txt,4,solved,0,3
before,1,kettle.txt,7,solved,0,3
before,1,kettle.txt,10,solved,3,27
before,1,kettle.txt,13,solved,12,97
before,1,kettle.txt,16,solved,4,26
before,1,kettle.txt,19,solved,71,473
before,1,kettle.txt,22,solved,59,353
before,1,kettle.txt,25,solved,765,4187
before,1,kettle.txt,28,timeout,3010,16753
before,1,kettle.txt,31,timeout,3007,12904
before,1,kishoutenketsu.txt,2,solved,25,320
before,1,kishoutenketsu.txt,5,solved,764,12929
before,1,kishoutenketsu.txt,8,solved,2,41
before,1,kishoutenketsu.txt,11,solved,2139,11445
before,1,konsum.txt,1,timeout,3002,22040
before,1,kreiseln.txt,1,solved,31,292
before,1,kreiseln.txt,3,timeout,3010,49683
before,1,kreiseln.txt,5,solved,1051,11565
before,1,kreiseln.txt,7,solved,497,5362
before,1,kreiseln.txt,9,timeout,3002,25002
before,1,led challenge.txt,1,timeout,3004,43055
before,1,led challenge.txt,3,timeout,3007,53529
before,1,led challenge.txt,5,timeout,3008,50439
before,1,led challenge.txt,7,timeout,3000,9059
before,1,ledchallenge.txt,1,timeout,3008,41806
before,1,ledchallenge.txt,3,timeout,3007,52792
before,1,ledchallenge.txt,5,timeout,3007,46712
before,1,ledchallenge.txt,7,timeout,3001,10257
before,1,legend of zokoban.txt,0,timeout,3010,20851
before,1,limerick.txt,1,solved,3,41
before,1,limerick.txt,3,solved,139,2800
before,1,limerick.txt,5,timeout,3022,57010
before,1,limerick.txt,7,solved,20,264
before,1,limerick.txt,9,solved,76,1490
before,1,limerick.txt,11,solved,14,296
before,1,limerick.txt,13,timeout,3014,55278
before,1,limerick.txt,15,solved,1366,26207
before,1,limerick.txt,17,solved,49,821
before,1,limerick.txt,19,timeout,3015,59333
before,1,m c eschers armageddon.txt,0,solved,0,11
before,1,m c eschers armageddon.txt,1,solved,0,4
before,1,m c eschers armageddon.txt,2,solved,0,12
before,1,m c eschers armageddon.txt,3,solved,38,284
before,1,make way.txt,1,solved,780,30571
before,1,make way.txt,3,solved,72,3331
before,1,manic_ammo.txt,1,solved,0,9
before,1,manic_ammo.txt,3,solved,0,9
before,1,manic_ammo.txt,5,solved,2,71
before,1,manic_ammo.txt,8,solved,0,9
before,1,manic_ammo.txt,10,solved,163,6607
before,1,manic_ammo.txt,12,solved,4,99
before,1,manic_ammo.txt,14,timeout,3006,62278
before,1,manic_ammo.txt,16,solved,78,3210
before,1,manic_ammo.txt,18,solved,1,12
before,1,manic_ammo.txt,20,timeout,3009,78951
before,1,manic_ammo.txt,22,solved,46,163
before,1,manic_ammo.txt,24,solved,322,4956
before,1,manic_ammo.txt,26,solved,1765,9855
before,1,manic_ammo.txt,28,timeout,3002,11682
before,1,manic_ammo.txt,30,timeout,3004,46133
before,1,match three billiards.txt,1,solved,0,4
before,1,match three billiards.txt,3,solved,23,451
before,1,match three billiards.txt,5,solved,34,563
before,1,mazezam.txt,1,solved,1,48
before,1,mazezam.txt,3,solved,2,134
before,1,mazezam.txt,5,solved,5,210
before,1,mazezam.txt,7,solved,13,534
before,1,mazezam.txt,9,solved,13,662
before,1,mazezam.txt,11,solved,12,501
before,1,mazezam.txt,13,solved,27,1121
before,1,mazezam.txt,15,solved,19,763
before,1,mazezam.txt,17,solved,19,709
before,1,mazezam.txt,19,solved,191,3882
before,1,mazezam.txt,21,solved,44,1424
before,1,mazezam.txt,23,solved,1071,26487
before,1,mazezam.txt,25,solved,90,3165
before,1,mazezam.txt,27,solved,63,2557
before,1,mazezam.txt,29,solved,208,8022
before,1,mazezam.txt,31,solved,34,932
before,1,mazezam.txt,33,solved,31,1333
before,1,mazezam.txt,35,timeout,3014,96723
before,1,mazezam.txt,37,solved,29,1095
before,1,mazezam.txt,39,solved,134,2661
before,1,mazezam.txt,41,solved,57,1924
before,1,mazezam.txt,43,solved,93,3247
before,1,mazezam.txt,45,solved,49,1874
before,1,mazezam.txt,47,solved,165,5229
before,1,mazezam.txt,49,timeout,3009,87783
before,1,mazezam.txt,51,solved,72,2701
before,1,mazezam.txt,53,timeout,3009,64694
before,1,mazezam.txt,55,solved,479,14265
before,1,mazezam.txt,57,solved,1446,33766
before,1,mazezam.txt,59,solved,1692,47986
before,1,message_skip.txt,1,solved,0,1
before,1,midas.txt,0,solved,7,105
before,1,midas.txt,2,solved,21,318
before,1,midas.txt,4,solved,18,285
before,1,midas.txt,6,solved,42,681
before,1,midas.txt,8,timeout,3004,34154
before,1,midas.txt,11,timeout,3006,29558
before,1,midas.txt,13,timeout,3005,34539
before,1,midas.txt,15,timeout,3008,27601
before,1,midas.txt,17,timeout,3005,26932
before,1,midas.txt,19,solved,691,5666
before,1,midas.txt,21,timeout,3011,25851
before,1,midas.txt,23,timeout,3005,31742
before,1,midas.txt,25,solved,144,1609
before,1,midas.txt,27,timeout,3011,26212
before,1,midas.txt,29,timeout,3005,28036
before,1,moved by leaves of grass.txt,1,timeout,3001,3285
before,1,multi_level.txt,0,solved,0,1
before,1,multi_level.txt,1,solved,0,1
before,1,newton.txt,1,timeout,3011,71453
before,1,newton.txt,3,timeout,3016,69427
before,1,newton.txt,5,timeout,3010,81388
before,1,no don't eat that.txt,1,timeout,3000,373
before,1,no don't eat that.txt,3,timeout,3001,359
before,1,no don't eat that.txt,5,timeout,3000,228
before,1,no don't eat that.txt,7,timeout,3001,204
before,1,no don't eat that.txt,9,timeout,3001,315
before,1,no don't eat that.txt,11,timeout,3000,109
before,1,no don't eat that.txt,13,timeout,3003,115
before,1,no don't eat that.txt,15,timeout,3008,118
before,1,no forbidden symbols 2.txt,1,timeout,3006,73168
before,1,no forbidden symbols.txt,1,timeout,3030,132162
before,1,no heroes necessary.txt,1,solved,21,176
before,1,no heroes necessary.txt,3,solved,7,53
before,1,no heroes necessary.txt,5,solved,29,237
before,1,no heroes necessary.txt,7,solved,8,54
before,1,no heroes necessary.txt,9,solved,171,695
before,1,oh no i accidentally swallowed myself.txt,1,timeout,3000,1484
before,1,oh no i accidentally swallowed myself.txt,2,solved,0,1
before,1,oh no i accidentally swallowed myself.txt,3,solved,0,1
before,1,oh no i accidentally swallowed myself.txt,4,solved,0,1
before,1,one_move.txt,0,solved,0,1
before,1,paint everything everywhere.txt,1,solved,12,28
before,1,paint everything everywhere.txt,3,solved,41,104
before,1,paint everything everywhere.txt,5,solved,35,20
before,1,paint everything everywhere.txt,7,solved,91,55
before,1,paint everything everywhere.txt,9,solved,264,113
before,1,paint everything everywhere.txt,11,solved,119,129
before,1,paint everything everywhere.txt,13,solved,45,76
before,1,paint everything everywhere.txt,15,solved,57,44
before,1,paint everything everywhere.txt,17,solved,727,69
before,1,paint everything everywhere.txt,19,solved,24,46
before,1,paint everything everywhere.txt,21,solved,121,110
before,1,paint everything everywhere.txt,23,solved,121,50
before,1,paint everything everywhere.txt,25,solved,173,99
before,1,paint everything everywhere.txt,27,solved,298,81
before,1,paint everything everywhere.txt,29,solved,271,102
before,1,paint everything everywhere.txt,31,solved,179,66
before,1,paint everything everywhere.txt,33,solved,89,51
before,1,paint everything everywhere.txt,35,solved,176,57
before,1,paint everything everywhere.txt,37,solved,287,465
before,1,paint everything everywhere.txt,39,solved,1500,196
before,1,participating in society.txt,2,timeout,3022,16348
before,1,pipe puffer.txt,2,solved,347,4550
before,1,pipe puffer.txt,4,solved,52,589
before,1,pipe puffer.txt,6,timeout,3004,22481
before,1,pipe puffer.txt,8,solved,343,1808
before,1,pipe puffer.txt,10,timeout,3002,31053
before,1,pipe puffer.txt,12,timeout,3002,20939
before,1,pipe puffer.txt,14,timeout,3002,24163
before,1,pipe puffer.txt,16,solved,12,73
before,1,ponies jumping synchronously.txt,0,solved,0,8
before,1,ponies jumping synchronously.txt,2,solved,0,9
before,1,ponies jumping synchronously.txt,4,solved,0,7
before,1,ponies jumping synchronously.txt,6,solved,0,9
before,1,ponies jumping synchronously.txt,8,solved,1,29
before,1,ponies jumping synchronously.txt,10,solved,16,388
before,1,ponies jumping synchronously.txt,12,solved,0,8
before,1,ponies jumping synchronously.txt,14,solved,13,283
before,1,ponies jumping synchronously.txt,17,solved,430,4517
before,1,ponies jumping synchronously.txt,19,solved,20,265
before,1,ponies jumping synchronously.txt,21,timeout,3004,34732
before,1,ponies jumping synchronously.txt,23,timeout,3005,23840
before,1,pupush.txt,1,timeout,3006,68148
before,1,push pull.txt,1,solved,5,285
before,1,push pull.txt,3,solved,4,236
before,1,push pull.txt,5,solved,16,876
before,1,push.txt,1,solved,0,6
before,1,push.txt,3,solved,0,13
before,1,push.txt,5,solved,19,566
before,1,push.txt,7,solved,6,110
before,1,push.txt,9,solved,7,243
before,1,push.txt,11,solved,33,884
before,1,push.txt,13,solved,31,663
before,1,push.txt,15,solved,1202,18508
before,1,push.txt,17,solved,1307,27335
before,1,push.txt,19,solved,445,8194
before,1,push.txt,21,solved,187,3306
before,1,push.txt,23,solved,3,78
before,1,push.txt,25,solved,193,3950
before,1,push.txt,27,solved,245,4707
before,1,push.txt,29,timeout,3009,55250
before,1,push.txt,31,solved,88,2397
before,1,push.txt,33,solved,818,11297
before,1,push.txt,35,timeout,3006,32432
before,1,push.txt,37,solved,2,52
before,1,push.txt,39,timeout,3007,59945
before,1,push.txt,40,solved,0,4
before,1,pushit.txt,1,solved,110,5171
before,1,pushit.txt,3,timeout,3024,77862
before,1,pushit.txt,5,solved,2654,136912
before,1,pushit.txt,7,solved,467,27424
before,1,puzzles.txt,0,timeout,3002,13428
before,1,realtime dog mountain rescue.txt,1,timeout,3001,7400
before,1,realtime dog mountain rescue.txt,4,timeout,3001,6522
before,1,realtime dog mountain rescue.txt,7,timeout,3000,4203
before,1,riverpuzzle.txt,0,timeout,3000,318
before,1,robot arm.txt,3,timeout,3003,1801
before,1,robot arm.txt,5,timeout,3023,170
before,1,robot arm.txt,7,timeout,3003,11957
before,1,robotarm.txt,3,timeout,3024,1801
before,1,robotarm.txt,5,timeout,3005,169
before,1,robotarm.txt,7,timeout,3002,11563
before,1,sacrament of the river god.txt,1,timeout,3001,8653
before,1,sacrament of the river god.txt,3,timeout,3000,2174
before,1,sacrament of the river god.txt,5,timeout,3001,8823
before,1,sacrament of the river god.txt,7,timeout,3001,5747
before,1,sacrament of the river god.txt,9,solved,1594,4603
before,1,sacrament of the river god.txt,11,timeout,3000,1354
before,1,sacrament of the river god.txt,13,solved,3,12
before,1,seize the flag.txt,1,timeout,3001,7466
before,1,seize the flag.txt,3,solved,0,1
before,1,short adventure in sticky wall land.txt,1,timeout,3001,12184
before,1,short adventure in sticky wall land.txt,3,timeout,3001,10301
before,1,short adventure in sticky wall land.txt,5,timeout,3001,11833
before,1,shy snake.txt,1,solved,78,95
before,1,shy snake.txt,3,timeout,3000,1035
before,1,shy snake.txt,5,timeout,3000,1178
before,1,slide pull.txt,1,solved,29,1388
before,1,slide pull.txt,3,solved,11,573
before,1,slide pull.txt,5,solved,52,2583
before,1,slide pull.txt,7,solved,874,35283
before,1,slide pull.txt,9,solved,15,782
before,1,slide pull.txt,11,solved,960,37341
before,1,slide pull.txt,13,solved,185,6725
before,1,slidings.txt,1,solved,1,39
before,1,slidings.txt,3,solved,0,18
before,1,slidings.txt,5,solved,1,38
before,1,slidings.txt,7,solved,2,82
before,1,slidings.txt,9,solved,8,234
before,1,slidings.txt,11,solved,294,6268
before,1,slidings.txt,13,solved,181,5247
before,1,slidings.txt,15,solved,205,6209
before,1,slidings.txt,17,solved,417,10129
before,1,slidings.txt,19,solved,92,1895
before,1,slidings.txt,21,solved,114,2959
before,1,slime vat filler.txt,2,solved,4,229
before,1,slime vat filler.txt,4,solved,0,39
before,1,slime vat filler.txt,6,solved,2,125
before,1,slime vat filler.txt,8,solved,1,89
before,1,slime vat filler.txt,10,solved,2,127
before,1,slime vat filler.txt,12,solved,173,7121
before,1,slime vat filler.txt,14,solved,10,550
before,1,slime vat filler.txt,16,timeout,3014,99339
before,1,slime vat filler.txt,18,solved,145,5783
before,1,slime vat filler.txt,21,solved,64,3131
before,1,slime vat filler.txt,23,solved,0,1
before,1,slot machine.txt,1,solved,153,620
before,1,slot machine.txt,3,timeout,3001,10627
before,1,smother.txt,2,solved,20,265
before,1,smother.txt,4,solved,23,499
before,1,smother.txt,6,solved,42,765
before,1,smother.txt,8,solved,51,415
before,1,smother.txt,10,solved,120,781
before,1,smother.txt,14,solved,0,6
before,1,smother.txt,16,solved,0,32
before,1,smother.txt,18,solved,1,36
before,1,smother.txt,20,solved,12,276
before,1,smother.txt,22,solved,16,334
before,1,smother.txt,26,solved,47,536
before,1,smother.txt,28,solved,190,1909
before,1,smother.txt,30,solved,26,317
before,1,smother.txt,32,timeout,3000,5879
before,1,smother.txt,34,timeout,3001,20759
before,1,smother.txt,37,solved,0,4
before,1,snkaey makes a sixy.txt,0,timeout,3007,36220
before,1,snkaey makes a sixy.txt,2,exhausted,0,1
before,1,snortal.txt,0,solved,1383,22721
before,1,sok7.txt,0,timeout,3004,11023
before,1,sokobansokobansokoban.txt,1,timeout,3015,72767
before,1,sokobond demake.txt,2,solved,3,38
before,1,sokobond demake.txt,4,solved,1,18
before,1,sokobond demake.txt,6,solved,1,16
before,1,sokobond demake.txt,8,solved,1,20
before,1,sokobond demake.txt,10,solved,3,64
before,1,sokobond demake.txt,12,solved,2,49
before,1,sokobond demake.txt,14,solved,19,300
before,1,sokobond demake.txt,16,solved,4,81
before,1,sokobond demake.txt,18,solved,45,830
before,1,sokobond demake.txt,20,solved,42,748
before,1,sokobond demake.txt,22,solved,28,588
before,1,sokobond demake.txt,24,timeout,3005,59629
before,1,sokobond demake.txt,26,solved,20,615
before,1,sokobond demake.txt,28,solved,1143,34124
before,1,sokobond demake.txt,30,timeout,3009,86796
before,1,sokogoban.txt,2,timeout,3001,8695
before,1,sokogoban.txt,4,timeout,3000,4988
before,1,sokogoban.txt,6,timeout,3000,3127
before,1,stick_candy_puzzle_saga.txt,1,solved,161,2971
before,1,stick_candy_puzzle_saga.txt,2,solved,986,18315
before,1,stick_candy_puzzle_saga.txt,4,timeout,3005,37363
before,1,stick_candy_puzzle_saga.txt,5,timeout,3004,32352
before,1,stick_candy_puzzle_saga.txt,6,timeout,3006,35743
before,1,stick_candy_puzzle_saga.txt,7,timeout,3004,46901
before,1,stick_candy_puzzle_saga.txt,8,timeout,3003,33618
before,1,stick_candy_puzzle_saga.txt,9,timeout,3005,46980
before,1,stick_candy_puzzle_saga.txt,10,timeout,3003,34995
before,1,stick_candy_puzzle_saga.txt,11,timeout,3005,47543
before,1,stick_candy_puzzle_saga.txt,12,timeout,3004,30862
before,1,stick_candy_puzzle_saga.txt,13,timeout,3004,38057
before,1,stick_candy_puzzle_saga.txt,14,timeout,3005,45622
before,1,stick_candy_puzzle_saga.txt,15,timeout,3004,38253
before,1,stick_candy_puzzle_saga.txt,16,timeout,3003,36674
before,1,stick_candy_puzzle_saga.txt,17,timeout,3003,37157
before,1,stick_candy_puzzle_saga.txt,18,timeout,3004,37306
before,1,stick_candy_puzzle_saga.txt,19,timeout,3003,27917
before,1,stick_candy_puzzle_saga.txt,20,timeout,3003,35684
before,1,stick_candy_puzzle_saga.txt,21,timeout,3003,23071
before,1,sum three horizontally to 8.txt,4,solved,2,15
before,1,sum three horizontally to 8.txt,6,solved,1,8
before,1,sum three horizontally to 8.txt,8,solved,1,6
before,1,sum three horizontally to 8.txt,10,solved,2,13
before,1,sum three horizontally to 8.txt,13,solved,2,26
before,1,sum three horizontally to 8.txt,15,solved,39,473
before,1,sum three horizontally to 8.txt,17,solved,3,19
before,1,sum three horizontally to 8.txt,19,solved,8,109
before,1,sum three horizontally to 8.txt,22,solved,53,623
before,1,sum three horizontally to 8.txt,24,solved,9,107
before,1,sum three horizontally to 8.txt,26,solved,38,415
before,1,sum three horizontally to 8.txt,28,solved,24,304
before,1,sum three horizontally to 8.txt,31,timeout,3001,8372
before,1,take heart lass.txt,1,solved,0,3
before,1,take heart lass.txt,3,solved,2,25
before,1,take heart lass.txt,5,solved,1,8
before,1,take heart lass.txt,7,solved,2,28
before,1,take heart lass.txt,9,solved,139,1256
before,1,take heart lass.txt,11,solved,15,120
before,1,take heart lass.txt,13,solved,54,361
before,1,take heart lass.txt,15,timeout,3002,23427
before,1,take heart lass.txt,17,solved,9,49
before,1,take heart lass.txt,19,solved,81,512
before,1,take heart lass.txt,21,solved,122,761
before,1,take heart lass.txt,23,timeout,3001,9693
before,1,talo pipi 2.txt,1,timeout,3001,11278
before,1,talo pipi 2.txt,3,solved,2459,15611
before,1,talo pipi 2.txt,5,timeout,3001,10084
before,1,talo pipi 2.txt,7,solved,1205,5913
before,1,talo pipi 2.txt,9,timeout,3002,20489
before,1,talo pipi 2.txt,11,timeout,3001,8039
before,1,talo pipi 2.txt,13,timeout,3001,8446
before,1,talo pipi 2.txt,15,timeout,3001,7433
before,1,talo pipi 2.txt,17,solved,0,1
before,1,the exit is under my left foot.txt,1,solved,160,102
before,1,the red ring of immortality.txt,1,solved,8,226
before,1,the red ring of immortality.txt,3,solved,51,1354
before,1,the red ring of immortality.txt,5,solved,1,52
before,1,the red ring of immortality.txt,7,solved,64,1633
before,1,the red ring of immortality.txt,9,solved,7,213
before,1,the red ring of immortality.txt,11,solved,10,332
before,1,the red ring of immortality.txt,13,solved,113,2759
before,1,the red ring of immortality.txt,15,solved,18,424
before,1,the red ring of immortality.txt,17,solved,87,2173
before,1,the red ring of immortality.txt,19,solved,9,264
before,1,the red ring of immortality.txt,21,solved,0,21
before,1,the red ring of immortality.txt,23,solved,0,2
before,1,the_saga_of_the_candy_scroll.txt,6,solved,4,106
before,1,the_saga_of_the_candy_scroll.txt,10,solved,0,8
before,1,the_saga_of_the_candy_scroll.txt,14,solved,0,4
before,1,the_saga_of_the_candy_scroll.txt,18,solved,26,551
before,1,the_saga_of_the_candy_scroll.txt,20,solved,420,7939
before,1,the_saga_of_the_candy_scroll.txt,22,solved,5,104
before,1,the_saga_of_the_candy_scroll.txt,26,solved,41,832
before,1,the_saga_of_the_candy_scroll.txt,28,timeout,3006,50081
before,1,the_saga_of_the_candy_scroll.txt,31,solved,86,1273
before,1,the_saga_of_the_candy_scroll.txt,35,timeout,3005,44839
before,1,the_saga_of_the_candy_scroll.txt,46,solved,0,3
before,1,the_saga_of_the_candy_scroll.txt,50,solved,2,54
before,1,the_saga_of_the_candy_scroll.txt,53,solved,30,723
before,1,the_saga_of_the_candy_scroll.txt,55,solved,124,2683
before,1,the_saga_of_the_candy_scroll.txt,58,solved,290,5189
before,1,the_saga_of_the_candy_scroll.txt,61,solved,2642,50748
before,1,the_saga_of_the_candy_scroll.txt,64,timeout,3006,58220
before,1,the_saga_of_the_candy_scroll.txt,66,timeout,3007,56225
before,1,the_saga_of_the_candy_scroll.txt,68,solved,2566,55362
before,1,the_saga_of_the_candy_scroll.txt,70,timeout,3006,54537
before,1,the_saga_of_the_candy_scroll.txt,78,solved,2530,42467
before,1,the_saga_of_the_candy_scroll.txt,80,timeout,3004,40992
before,1,the_saga_of_the_candy_scroll.txt,82,timeout,3004,43328
before,1,the_saga_of_the_candy_scroll.txt,85,timeout,3004,40255
before,1,the_saga_of_the_candy_scroll.txt,89,timeout,3005,39798
before,1,the_saga_of_the_candy_scroll.txt,98,timeout,3007,52660
before,1,the_saga_of_the_candy_scroll.txt,102,timeout,3004,34657
before,1,the_saga_of_the_candy_scroll.txt,106,timeout,3005,30962
before,1,the_saga_of_the_candy_scroll.txt,112,solved,470,5868
before,1,the_saga_of_the_candy_scroll.txt,116,solved,40,501
before,1,threes.txt,0,timeout,3001,3667
before,1,tiny treasure hunt.txt,1,timeout,3001,560
before,1,tiny treasure hunt.txt,3,timeout,3002,196
before,1,tiny treasure hunt.txt,5,timeout,3001,233
before,1,tiny treasure hunt.txt,7,timeout,3000,737
before,1,tiny treasure hunt.txt,9,timeout,3001,234
before,1,tiny treasure hunt.txt,11,timeout,3000,650
before,1,tiny treasure hunt.txt,13,timeout,3001,277
before,1,tunnel rat.txt,1,timeout,3001,3021
before,1,tunnel rat.txt,3,timeout,3001,1535
before,1,unclean residues.txt,2,timeout,3012,69626
before,1,unclean residues.txt,4,solved,363,10197
before,1,unclean residues.txt,6,solved,1850,53628
before,1,unclean residues.txt,8,solved,2396,64135
before,1,unclean residues.txt,10,solved,354,9056
before,1,unclean residues.txt,13,solved,140,3677
before,1,unewton.txt,2,timeout,3011,49018
before,1,unewton.txt,4,solved,295,7532
before,1,unewton.txt,6,timeout,3008,55432
before,1,unewton.txt,8,timeout,3011,46846
before,1,whaleworld.txt,1,solved,29,120
before,1,whaleworld.txt,3,solved,35,240
before,1,whaleworld.txt,5,solved,157,878
before,1,whaleworld.txt,7,solved,274,1685
before,1,whaleworld.txt,9,timeout,3001,10717
before,1,whaleworld.txt,11,timeout,3001,11773
before,1,whaleworld.txt,13,timeout,3001,6864
before,1,whaleworld.txt,15,solved,1804,7049
before,1,witch lifter.txt,1,solved,312,1434
before,1,witch lifter.txt,3,solved,122,564
before,1,witch lifter.txt,5,timeout,3001,15646
before,1,witch lifter.txt,7,timeout,3001,13782
before,1,witch lifter.txt,9,solved,1041,4271
before,1,witch lifter.txt,11,solved,372,2236
before,1,witch lifter.txt,13,timeout,3000,8642
before,1,witch lifter.txt,15,timeout,3001,9852
before,1,wool-clawer.txt,1,timeout,3001,9610
before,1,wool-clawer.txt,3,timeout,3001,8852
before,1,wool-clawer.txt,5,timeout,3000,3375
before,1,wool-clawer.txt,7,timeout,3001,2107
before,1,wool-clawer.txt,9,timeout,3001,2967
before,1,wool-clawer.txt,11,timeout,3000,2686
before,1,you can't make this up.txt,1,timeout,3012,45834
before,1,you complete me.txt,0,timeout,3006,32972
before,1,zokoban.txt,0,timeout,3008,21350
before,2,15 push pull levels.txt,1,solved,22,1342
before,2,15 push pull levels.txt,3,solved,2,137
before,2,15 push pull levels.txt,5,solved,90,5517
before,2,15 push pull levels.txt,7,solved,127,7643
before,2,15 push pull levels.txt,9,solved,77,4319
before,2,15 push pull levels.txt,11,solved,25,1565
before,2,15 push pull levels.txt,13,solved,20,1376
before,2,15 push pull levels.txt,15,solved,34,2195
before,2,15 push pull levels.txt,17,solved,28,1730
before,2,15 push pull levels.txt,19,solved,125,7849
before,2,15 push pull levels.txt,21,solved,727,40792
before,2,15 push pull levels.txt,23,solved,222,13036
before,2,15 push pull levels.txt,25,solved,205,12036
before,2,15 push pull levels.txt,27,solved,412,24213
before,2,15 push pull levels.txt,29,solved,887,52623
before,2,5-junctions-maker.txt,1,timeout,3002,3239
before,2,5-junctions-maker.txt,3,solved,0,1
before,2,8 happy snakes.txt,1,solved,0,10
before,2,8 happy snakes.txt,3,solved,44,346
before,2,8 happy snakes.txt,5,solved,10,91
before,2,8 happy snakes.txt,7,solved,77,465
before,2,8 happy snakes.txt,9,timeout,3038,75031
before,2,8 happy snakes.txt,11,timeout,3028,59470
before,2,8 happy snakes.txt,13,timeout,3030,63015
before,2,8 happy snakes.txt,15,timeout,3005,10427
before,2,ALL GREEN TO BLUE.txt,1,solved,0,36
before,2,ALL GREEN TO BLUE.txt,3,solved,186,8191
before,2,ALL GREEN TO BLUE.txt,5,solved,94,4892
before,2,ALL GREEN TO BLUE.txt,7,solved,54,3260
before,2,ALL GREEN TO BLUE.txt,9,solved,21,1376
before,2,ALL GREEN TO BLUE.txt,11,solved,881,42408
before,2,ALL GREEN TO BLUE.txt,13,solved,175,10966
before,2,ALL GREEN TO BLUE.txt,15,solved,2,188
before,2,ALL GREEN TO BLUE.txt,17,solved,336,20062
before,2,ALL GREEN TO BLUE.txt,19,solved,11,884
before,2,ALL GREEN TO BLUE.txt,21,solved,2,89
before,2,Acorn Scorchery Paradise.txt,1,solved,9,489
before,2,Acorn Scorchery Paradise.txt,3,solved,6,380
before,2,Acorn Scorchery Paradise.txt,5,solved,22,1219
before,2,Acorn Scorchery Paradise.txt,7,solved,7,454
before,2,Acorn Scorchery Paradise.txt,9,solved,27,1545
before,2,All Green and Blue on Yellow.txt,1,solved,2,200
before,2,All Green and Blue on Yellow.txt,3,solved,2,166
before,2,All Green and Blue on Yellow.txt,5,solved,14,1249
before,2,All Green and Blue on Yellow.txt,7,solved,16,1343
before,2,All Green and Blue on Yellow.txt,9,solved,15,1260
before,2,Any hole is a goal.txt,1,solved,11,17
before,2,Any hole is a goal.txt,3,solved,216,802
before,2,Any hole is a goal.txt,5,solved,480,1433
before,2,Any hole is a goal.txt,7,solved,191,748
before,2,Any hole is a goal.txt,9,timeout,3001,11137
before,2,Any hole is a goal.txt,11,solved,2570,9147
before,2,Any hole is a goal.txt,13,timeout,3002,9921
before,2,Any hole is a goal.txt,15,solved,1491,4087
before,2,Any hole is a goal.txt,17,timeout,3001,10536
before,2,Any hole is a goal.txt,19,timeout,3001,10257
before,2,Any hole is a goal.txt,21,timeout,3001,9690
before,2,Any hole is a goal.txt,23,solved,253,1037
before,2,Any hole is a goal.txt,25,timeout,3002,10714
before,2,Any hole is a goal.txt,27,timeout,3002,6072
before,2,Any hole is a goal.txt,29,solved,1481,5339
before,2,Any hole is a goal.txt,31,solved,1913,6892
before,2,Any hole is a goal.txt,33,timeout,3001,10426
before,2,Any hole is a goal.txt,35,timeout,3001,8547
before,2,Any hole is a goal.txt,37,timeout,3001,5188
before,2,Any hole is a goal.txt,39,timeout,3002,8966
before,2,Any hole is a goal.txt,41,timeout,3001,11179
before,2,Any hole is a goal.txt,43,timeout,3001,5615
before,2,Any hole is a goal.txt,45,timeout,3001,5121
before,2,Any hole is a goal.txt,47,timeout,3001,11131
before,2,Any hole is a goal.txt,49,timeout,3001,11053
before,2,Any hole is a goal.txt,51,timeout,3001,7814
before,2,Any hole is a goal.txt,53,timeout,3001,9395
before,2,Any hole is a goal.txt,55,solved,2649,9530
before,2,Any hole is a goal.txt,57,solved,1735,6404
before,2,Any hole is a goal.txt,59,timeout,3001,10086
before,2,Any hole is a goal.txt,61,timeout,3001,9648
before,2,Any hole is a goal.txt,63,timeout,3001,10348
before,2,Any hole is a goal.txt,65,solved,943,3040
before,2,Any hole is a goal.txt,67,timeout,3002,9255
before,2,Any hole is a goal.txt,69,timeout,3001,10529
before,2,Attractor Net.txt,1,solved,95,2014
before,2,Attractor Net.txt,3,solved,115,2769
before,2,Attractor Net.txt,5,solved,6,162
before,2,Attractor Net.txt,7,solved,26,523
before,2,Attractor Net.txt,9,solved,79,1433
before,2,Attractor Net.txt,11,solved,27,571
before,2,Attractor Net.txt,13,solved,133,3034
before,2,Attractor Net.txt,15,solved,77,1772
before,2,Attractor Net.txt,17,solved,1,20
before,2,Attractor Net.txt,19,solved,72,1642
before,2,BIAXIAL INVASION OF SATURN.txt,3,solved,164,523
before,2,BIAXIAL INVASION OF SATURN.txt,5,solved,674,1521
before,2,BIAXIAL INVASION OF SATURN.txt,7,solved,1421,2524
before,2,BIAXIAL INVASION OF SATURN.txt,9,solved,747,1114
before,2,BIAXIAL INVASION OF SATURN.txt,11,solved,1372,1862
before,2,BIAXIAL INVASION OF SATURN.txt,13,solved,288,444
before,2,BIAXIAL INVASION OF SATURN.txt,15,solved,945,1716
before,2,BIAXIAL INVASION OF SATURN.txt,17,solved,2289,2439
before,2,BIAXIAL INVASION OF SATURN.txt,19,timeout,3000,1576
before,2,BIAXIAL INVASION OF SATURN.txt,21,timeout,3000,1245
before,2,BIAXIAL INVASION OF SATURN.txt,23,timeout,3000,1940
before,2,BIAXIAL INVASION OF SATURN.txt,25,timeout,3000,175
before,2,BIAXIAL INVASION OF SATURN.txt,28,solved,0,1
before,2,BIAXIAL INVASION OF SATURN.txt,29,solved,0,1
before,2,BIAXIAL INVASION OF SATURN.txt,30,solved,0,1
before,2,BIAXIAL INVASION OF SATURN.txt,31,solved,1,1
before,2,Bicycle-Kick Football.txt,1,solved,347,621
before,2,Bicycle-Kick Football.txt,4,solved,15,91
before,2,Bicycle-Kick Football.txt,7,solved,182,685
before,2,Bicycle-Kick Football.txt,10,solved,836,4988
before,2,Bicycle-Kick Football.txt,13,solved,421,1171
before,2,Bicycle-Kick Football.txt,16,solved,496,2614
before,2,Bring the ice cube to the goal without exposing it to heat.txt,1,timeout,3000,2795
before,2,CODEX LUBRICUS.txt,2,solved,50,130
before,2,CODEX LUBRICUS.txt,4,solved,62,93
before,2,CODEX LUBRICUS.txt,6,solved,72,73
before,2,CODEX LUBRICUS.txt,8,solved,36,93
before,2,CODEX LUBRICUS.txt,10,solved,104,113
before,2,CODEX LUBRICUS.txt,12,solved,79,149
before,2,CODEX LUBRICUS.txt,14,solved,91,111
before,2,CODEX LUBRICUS.txt,16,solved,72,118
before,2,CODEX LUBRICUS.txt,18,solved,100,105
before,2,CODEX LUBRICUS.txt,20,solved,105,115
before,2,CODEX LUBRICUS.txt,22,solved,67,112
before,2,CODEX LUBRICUS.txt,24,solved,72,116
before,2,CODEX LUBRICUS.txt,26,solved,89,108
before,2,CODEX LUBRICUS.txt,28,solved,103,104
before,2,CODEX LUBRICUS.txt,30,solved,128,131
before,2,CODEX LUBRICUS.txt,32,solved,261,275
before,2,CODEX LUBRICUS.txt,34,solved,108,122
before,2,CODEX LUBRICUS.txt,36,solved,99,164
before,2,CODEX LUBRICUS.txt,38,solved,67,102
before,2,CODEX LUBRICUS.txt,40,solved,248,262
before,2,Chevron Lodger.txt,1,solved,2,67
before,2,Chevron Lodger.txt,3,solved,56,1755
before,2,Chevron Lodger.txt,5,solved,191,5035
before,2,Chevron Lodger.txt,7,solved,29,823
before,2,Chevron Lodger.txt,9,solved,265,7084
before,2,Chevron Lodger.txt,11,solved,1356,28539
before,2,Crates move when you move.txt,1,solved,4,138
before,2,Crates move when you move.txt,3,solved,1,73
before,2,Crates move when you move.txt,5,solved,1,49
before,2,Crates move when you move.txt,7,solved,4,115
before,2,Crates move when you move.txt,9,solved,2,71
before,2,Crates move when you move.txt,11,solved,0,3
before,2,Crates move when you move.txt,13,solved,10,348
before,2,Crates move when you move.txt,15,solved,8,230
before,2,Crates move when you move.txt,17,solved,2,93
before,2,Crates move when you move.txt,19,solved,11,415
before,2,Cucumber Surprise.txt,2,solved,5,259
before,2,Cucumber Surprise.txt,5,solved,6,201
before,2,Cucumber Surprise.txt,7,solved,31,1178
before,2,Cucumber Surprise.txt,9,solved,74,2499
before,2,Cucumber Surprise.txt,11,solved,235,7606
before,2,Cucumber Surprise.txt,13,solved,35,1163
before,2,Cucumber Surprise.txt,15,solved,66,2202
before,2,Cucumber Surprise.txt,17,solved,36,916
before,2,Cucumber Surprise.txt,19,solved,46,1311
before,2,Cucumber Surprise.txt,21,solved,253,8142
before,2,Cucumber Surprise.txt,23,solved,95,3449
before,2,Cucumber Surprise.txt,25,solved,34,1243
before,2,Cucumber Surprise.txt,27,solved,216,7437
before,2,Cucumber Surprise.txt,29,solved,21,731
before,2,Cucumber Surprise.txt,31,solved,63,2119
before,2,Cucumber Surprise.txt,33,solved,103,3415
before,2,Cucumber Surprise.txt,35,solved,53,1727
before,2,Cucumber Surprise.txt,37,solved,24,812
before,2,Cucumber Surprise.txt,39,solved,103,2968
before,2,Cucumber Surprise.txt,41,solved,640,18932
before,2,Des Poseidons Dreizack.txt,1,timeout,3000,1346
before,2,Des Poseidons Dreizack.txt,3,timeout,3000,1223
before,2,Des Poseidons Dreizack.txt,5,timeout,3000,1167
before,2,Des Poseidons Dreizack.txt,6,solved,1,9
before,2,Des Poseidons Dreizack.txt,7,solved,0,1
before,2,Don't let your goals slip away.txt,1,solved,2,63
before,2,Don't let your goals slip away.txt,3,solved,118,4881
before,2,Don't let your goals slip away.txt,5,solved,2,121
before,2,Don't let your goals slip away.txt,7,solved,10,512
before,2,Don't let your goals slip away.txt,9,solved,23,1317
before,2,Don't let your goals slip away.txt,11,solved,120,5817
before,2,Don't let your goals slip away.txt,13,solved,42,2187
before,2,Don't let your goals slip away.txt,15,solved,165,7721
before,2,Double-Entry Bookkeeping Simulator.txt,1,timeout,3003,21121
before,2,Double-Entry Bookkeeping Simulator.txt,3,timeout,3000,7627
before,2,Double-Entry Bookkeeping Simulator.txt,5,solved,1137,6575
before,2,Double-Entry Bookkeeping Simulator.txt,7,timeout,3003,14666
before,2,Double-Entry Bookkeeping Simulator.txt,9,timeout,3001,10683
before,2,Double-Entry Bookkeeping Simulator.txt,11,timeout,3000,7295
before,2,Double-Entry Bookkeeping Simulator.txt,13,timeout,3000,3722
before,2,Double-Entry Bookkeeping Simulator.txt,15,timeout,3003,5110
before,2,Double-Entry Bookkeeping Simulator.txt,17,timeout,3002,16745
before,2,Explodoban.txt,1,solved,10,437
before,2,Explodoban.txt,3,solved,8,320
before,2,Explodoban.txt,5,solved,69,3082
before,2,Explodoban.txt,7,solved,160,5873
before,2,Explodoban.txt,9,solved,94,3907
before,2,Explodoban.txt,11,solved,67,2959
before,2,Explodoban.txt,13,solved,412,15980
before,2,Eyeball-watching flowers bloom.txt,1,solved,2,53
before,2,Eyeball-watching flowers bloom.txt,3,solved,213,4076
before,2,Eyeball-watching flowers bloom.txt,5,timeout,3006,51039
before,2,Garten der Medusen.txt,1,solved,7,6
before,2,Garten der Medusen.txt,3,solved,6,4
before,2,Garten der Medusen.txt,5,solved,14,6
before,2,Garten der Medusen.txt,7,timeout,3001,2917
before,2,Garten der Medusen.txt,9,timeout,3000,1493
before,2,Garten der Medusen.txt,11,timeout,3000,1799
before,2,Garten der Medusen.txt,13,timeout,3001,513
before,2,Garten der Medusen.txt,15,timeout,3000,548
before,2,Hole-Stuffer.txt,1,solved,520,6585
before,2,Hole-Stuffer.txt,3,solved,276,3591
before,2,Hole-Stuffer.txt,5,solved,12,178
before,2,Hole-Stuffer.txt,7,timeout,3009,33471
before,2,"Individuals can produce a society, but can a society produce individuals.txt",1,timeout,3009,6565
before,2,It gets its Feet Wet.txt,1,timeout,3001,2309
before,2,Legend of Swixero.txt,1,solved,6,369
before,2,Legend of Swixero.txt,3,solved,26,1444
before,2,Legend of Swixero.txt,5,solved,9,450
before,2,Legend of Swixero.txt,7,timeout,3017,112745
before,2,Legend of Swixero.txt,9,solved,661,27305
before,2,Match two two by twos.txt,2,timeout,3007,15709
before,2,Match two two by twos.txt,4,timeout,3002,8897
before,2,Match two two by twos.txt,6,timeout,3002,8906
before,2,Match-Maker.txt,1,solved,37,1111
before,2,Match-Maker.txt,3,solved,2,66
before,2,Match-Maker.txt,5,solved,13,214
before,2,Match-Maker.txt,7,solved,277,4771
before,2,Match-Maker.txt,9,solved,969,15001
before,2,Match-Maker.txt,11,solved,297,5545
before,2,Match-Maker.txt,13,solved,201,3402
before,2,Match-Maker.txt,15,solved,260,4839
before,2,Match-Maker.txt,17,solved,2270,33440
before,2,Microban x 10.txt,2,timeout,3003,2889
before,2,Muraphilic Monophobic Multiban.txt,1,solved,1723,66664
before,2,Muraphilic Monophobic Multiban.txt,3,solved,0,6
before,2,Muraphilic Monophobic Multiban.txt,5,solved,14,390
before,2,Muraphilic Monophobic Multiban.txt,7,solved,126,4207
before,2,Muraphilic Monophobic Multiban.txt,9,solved,276,10623
before,2,Muraphilic Monophobic Multiban.txt,11,solved,67,2039
before,2,Muraphilic Monophobic Multiban.txt,13,solved,26,1149
before,2,Muraphilic Monophobic Multiban.txt,15,timeout,3026,102455
before,2,NIGHTMARECROBAN.txt,1,solved,6,309
before,2,NIGHTMARECROBAN.txt,3,solved,32,1682
before,2,NIGHTMARECROBAN.txt,5,solved,26,1170
before,2,NIGHTMARECROBAN.txt,7,solved,12,387
before,2,NIGHTMARECROBAN.txt,9,solved,13,515
before,2,NIGHTMARECROBAN.txt,11,solved,35,1605
before,2,NIGHTMARECROBAN.txt,13,solved,82,3677
before,2,Neoprenanzieher.txt,2,timeout,3004,5514
before,2,North Wind Simple Sailboat Buoy Collection.txt,2,exhausted,1,9
before,2,North Wind Simple Sailboat Buoy Collection.txt,4,exhausted,2,9
before,2,North Wind Simple Sailboat Buoy Collection.txt,6,exhausted,3,9
before,2,Oh No My Dog Is About To Swallow A Piece Of.txt,1,timeout,3004,952
before,2,Place the crate on the targets.txt,1,timeout,3021,15570
before,2,Pocket Gopher - Root-Shoot Nibbler.txt,2,timeout,3002,15666
before,2,Pocket Gopher - Root-Shoot Nibbler.txt,5,solved,2806,14859
before,2,Pocket Gopher - Root-Shoot Nibbler.txt,8,timeout,3001,14326
before,2,Pocket Gopher - Root-Shoot Nibbler.txt,11,solved,2574,5454
before,2,Pocket Gopher - Root-Shoot Nibbler.txt,14,timeout,3000,9463
before,2,Pushy-V Pully-H.txt,1,solved,11,664
before,2,Pushy-V Pully-H.txt,3,solved,0,25
before,2,Pushy-V Pully-H.txt,5,solved,15,866
before,2,Pushy-V Pully-H.txt,7,solved,28,1738
before,2,Pushy-V Pully-H.txt,9,solved,0,14
before,2,Pushy-V Pully-H.txt,11,solved,2,109
before,2,Pushy-V Pully-H.txt,13,solved,1,78
before,2,Pushy-V Pully-H.txt,15,solved,71,3497
before,2,Pushy-V Pully-H.txt,17,solved,45,2857
before,2,Pushy-V Pully-H.txt,19,solved,1,72
before,2,Pushy-V Pully-H.txt,21,solved,160,9302
before,2,"Put the logs in the water, elephant.txt",1,solved,433,5641
before,2,"Put the logs in the water, elephant.txt",4,solved,66,770
before,2,"Put the logs in the water, elephant.txt",7,solved,289,3935
before,2,"Put the logs in the water, elephant.txt",10,solved,100,1313
before,2,"Put the logs in the water, elephant.txt",13,timeout,3008,37886
before,2,"Put the logs in the water, elephant.txt",16,solved,381,5710
before,2,"Put the logs in the water, elephant.txt",19,solved,353,3578
before,2,"Put the logs in the water, elephant.txt",22,solved,376,5657
before,2,Putting Bicycle Helmets on Young Children.txt,1,timeout,3004,1982
before,2,Putting Bicycle Helmets on Young Children.txt,3,timeout,3001,850
before,2,Putting Bicycle Helmets on Young Children.txt,5,timeout,3000,454
before,2,Recondite Star Sector Sigma.txt,1,solved,11,644
before,2,Recondite Star Sector Sigma.txt,3,solved,167,7848
before,2,Recondite Star Sector Sigma.txt,5,solved,134,6910
before,2,Recondite Star Sector Sigma.txt,7,solved,239,9804
before,2,Recondite Star Sector Sigma.txt,9,solved,158,9178
before,2,Recondite Star Sector Sigma.txt,11,solved,23,1338
before,2,Recondite Star Sector Sigma.txt,13,solved,226,12443
before,2,Recondite Star Sector Sigma.txt,15,solved,69,3835
before,2,Recondite Star Sector Sigma.txt,17,solved,266,13908
before,2,Recondite Star Sector Sigma.txt,19,solved,31,1580
before,2,Resin-Caster.txt,2,solved,16,1014
before,2,Resin-Caster.txt,4,solved,11,729
before,2,Resin-Caster.txt,6,solved,33,2010
before,2,Resin-Caster.txt,8,solved,82,4444
before,2,Resin-Caster.txt,10,solved,15,762
before,2,Resin-Caster.txt,12,solved,33,1470
before,2,Resin-Caster.txt,14,solved,73,3899
before,2,Resin-Caster.txt,16,solved,9,576
before,2,Resin-Caster.txt,18,solved,18,1073
before,2,Resin-Caster.txt,20,solved,23,1472
before,2,S-tercourse.txt,1,solved,1335,8478
before,2,S-tercourse.txt,3,solved,47,357
before,2,S-tercourse.txt,5,solved,39,302
before,2,S-tercourse.txt,7,timeout,3002,21101
before,2,S-tercourse.txt,9,timeout,3002,21099
before,2,S-tercourse.txt,11,solved,923,6712
before,2,S-tercourse.txt,13,timeout,3002,21203
before,2,S-tercourse.txt,15,timeout,3001,18829
before,2,S-tercourse.txt,17,timeout,3001,20810
before,2,S-tercourse.txt,19,solved,1140,7579
before,2,S-tercourse.txt,21,solved,553,3878
before,2,S-tercourse.txt,23,solved,515,4402
before,2,SWIMMING TIME.txt,2,solved,468,660
before,2,Scalesoban.txt,1,solved,0,14
before,2,Scalesoban.txt,3,solved,2,91
before,2,Scalesoban.txt,5,solved,18,858
before,2,Schleimban.txt,1,solved,29,306
before,2,Schleimban.txt,3,solved,62,768
before,2,Schleimban.txt,5,solved,53,548
before,2,Schleimban.txt,7,solved,93,1018
before,2,Schleimban.txt,9,solved,47,503
before,2,Schleimban.txt,11,solved,0,1
before,2,Subway upholstry snot smearing championship.txt,2,solved,245,6991
before,2,Subway upholstry snot smearing championship.txt,4,solved,8,240
before,2,Subway upholstry snot smearing championship.txt,6,solved,5,96
before,2,Subway upholstry snot smearing championship.txt,8,solved,858,15750
before,2,Subway upholstry snot smearing championship.txt,10,solved,120,3469
before,2,Subway upholstry snot smearing championship.txt,12,solved,83,1208
before,2,Subway upholstry snot smearing championship.txt,14,timeout,3006,45269
before,2,The Far Away Danish Pastry is always Delicio.txt,1,solved,0,7
before,2,The Far Away Danish Pastry is always Delicio.txt,3,solved,0,10
before,2,The Far Away Danish Pastry is always Delicio.txt,5,solved,4,183
before,2,The Far Away Danish Pastry is always Delicio.txt,7,solved,1,45
before,2,The Far Away Danish Pastry is always Delicio.txt,9,solved,1,74
before,2,The Far Away Danish Pastry is always Delicio.txt,11,solved,72,3545
before,2,The Far Away Danish Pastry is always Delicio.txt,13,solved,27,1232
before,2,The Far Away Danish Pastry is always Delicio.txt,15,solved,118,4154
before,2,The Monsterous Autoshove.txt,1,solved,73,710
before,2,The Monsterous Autoshove.txt,3,solved,110,921
before,2,The Monsterous Autoshove.txt,5,timeout,3001,15026
before,2,The Monsterous Autoshove.txt,7,solved,60,575
before,2,The Monsterous Autoshove.txt,9,timeout,3003,14451
before,2,The Monsterous Autoshove.txt,11,timeout,3001,16820
before,2,The sponge what lights up the seafloor.txt,1,solved,125,503
before,2,The sponge what lights up the seafloor.txt,3,solved,322,1566
before,2,The sponge what lights up the seafloor.txt,5,solved,1308,4665
before,2,The sponge what lights up the seafloor.txt,7,solved,145,633
before,2,The sponge what lights up the seafloor.txt,9,solved,374,1501
before,2,The sponge what lights up the seafloor.txt,11,solved,188,942
before,2,The sponge what lights up the seafloor.txt,13,timeout,3001,15504
before,2,The sponge what lights up the seafloor.txt,15,timeout,3001,16137
before,2,The sponge what lights up the seafloor.txt,17,timeout,3001,14223
before,2,The sponge what lights up the seafloor.txt,19,timeout,3001,13472
before,2,Two-Step Pete.txt,1,solved,1,61
before,2,Two-Step Pete.txt,3,solved,53,2153
before,2,Two-Step Pete.txt,5,solved,6,305
before,2,Two-Step Pete.txt,7,timeout,3021,82792
before,2,Two-Step Pete.txt,9,solved,58,1810
before,2,Two-Step Pete.txt,11,solved,2,99
before,2,Two-Step Pete.txt,13,solved,21,756
before,2,Two-Step Pete.txt,15,solved,407,16469
before,2,Two-Tone Tango.txt,1,solved,66,1805
before,2,Two-Tone Tango.txt,3,solved,20,569
before,2,Two-Tone Tango.txt,5,solved,40,1163
before,2,Two-Tone Tango.txt,7,solved,238,6728
before,2,Two-Tone Tango.txt,9,solved,1,38
before,2,Two-Tone Tango.txt,11,solved,27,747
before,2,Two-Tone Tango.txt,13,solved,120,4124
before,2,Two-Tone Tango.txt,15,solved,107,3028
before,2,Van-to-Mobile-Living-Space-Conversion Window.txt,1,solved,2,39
before,2,Van-to-Mobile-Living-Space-Conversion Window.txt,3,solved,93,1296
before,2,Van-to-Mobile-Living-Space-Conversion Window.txt,5,solved,3,49
before,2,Van-to-Mobile-Living-Space-Conversion Window.txt,7,solved,967,14232
before,2,Van-to-Mobile-Living-Space-Conversion Window.txt,9,solved,305,4464
before,2,Van-to-Mobile-Living-Space-Conversion Window.txt,11,solved,739,10643
before,2,Van-to-Mobile-Living-Space-Conversion Window.txt,13,solved,62,938
before,2,Van-to-Mobile-Living-Space-Conversion Window.txt,15,solved,232,3383
before,2,Van-to-Mobile-Living-Space-Conversion Window.txt,17,solved,41,673
before,2,Van-to-Mobile-Living-Space-Conversion Window.txt,19,solved,1727,24774
before,2,Van-to-Mobile-Living-Space-Conversion Window.txt,21,solved,1332,20552
before,2,Van-to-Mobile-Living-Space-Conversion Window.txt,23,solved,112,1754
before,2,Van-to-Mobile-Living-Space-Conversion Window.txt,25,solved,623,9769
before,2,Van-to-Mobile-Living-Space-Conversion Window.txt,27,timeout,3009,44681
before,2,Varifocal Nightmare.txt,1,solved,42,1456
before,2,Varifocal Nightmare.txt,3,solved,21,780
before,2,Varifocal Nightmare.txt,5,solved,60,2291
before,2,Varifocal Nightmare.txt,7,solved,774,25083
before,2,Varifocal Nightmare.txt,9,solved,171,4318
before,2,Vexatious Match 3.txt,2,timeout,3017,81949
before,2,Vexatious Match 3.txt,4,solved,855,27618
before,2,Vexatious Match 3.txt,6,solved,1073,36190
before,2,Vexatious Match 3.txt,8,solved,1014,35574
before,2,Vexatious Match 3.txt,10,solved,46,1992
before,2,Voitex Rasteriser 2.txt,1,timeout,3024,53373
before,2,Voitex Rasteriser.txt,0,timeout,3036,95290
before,2,Voitex Rasteriser.txt,2,solved,0,1
before,2,Wand Spinner.txt,1,solved,6,263
before,2,Wand Spinner.txt,3,solved,5,214
before,2,Wand Spinner.txt,5,solved,69,2715
before,2,Wand Spinner.txt,7,solved,97,4051
before,2,Wand Spinner.txt,9,solved,10,417
before,2,Wand Spinner.txt,11,solved,24,949
before,2,Wand Spinner.txt,13,solved,32,1308
before,2,Wand Spinner.txt,15,solved,18,513
before,2,Wand Spinner.txt,17,solved,26,973
before,2,Wand Spinner.txt,19,solved,48,1879
before,2,Wand Spinner.txt,21,solved,19,796
before,2,Wand Spinner.txt,23,solved,234,9400
before,2,Wand Spinner.txt,25,solved,22,721
before,2,Wand Spinner.txt,27,solved,86,3180
before,2,Wand Spinner.txt,29,solved,412,15178
before,2,Wand Spinner.txt,31,solved,59,2265
before,2,Wand Spinner.txt,33,solved,2,68
before,2,Wand Spinner.txt,35,solved,150,5885
before,2,Xorro The Chaos Warden.txt,1,solved,6,267
before,2,Xorro The Chaos Warden.txt,3,solved,111,4418
before,2,Xorro The Chaos Warden.txt,5,solved,89,3553
before,2,Xorro The Chaos Warden.txt,7,solved,604,16952
before,2,Yellow Box.txt,1,solved,112,3503
before,2,Yellow Box.txt,3,solved,16,332
before,2,Yellow Box.txt,5,solved,2,49
before,2,Yellow Box.txt,7,solved,13,293
before,2,Yellow Box.txt,9,solved,63,1318
before,2,Yellow Box.txt,11,solved,83,1642
before,2,Yellow Box.txt,13,solved,14,285
before,2,Yellow Box.txt,15,solved,1709,59501
before,2,Yellow Box.txt,17,solved,5,58
before,2,Yellow Box.txt,19,solved,21,272
before,2,Yellow Box.txt,21,solved,84,1639
before,2,Yellow Box.txt,23,solved,1,20
before,2,Yellow Box.txt,25,solved,13,259
before,2,Yellow Box.txt,27,solved,25,498
before,2,Yellow Box.txt,29,solved,15,280
before,2,Yellow Box.txt,31,solved,116,2277
before,2,Yellow Box.txt,33,solved,15,284
before,2,Yellow Box.txt,35,solved,704,12609
before,2,a clear view of the sky.txt,3,solved,43,58
before,2,a clear view of the sky.txt,6,solved,25,55
before,2,a clear view of the sky.txt,8,solved,29,60
before,2,a clear view of the sky.txt,10,solved,24,52
before,2,a clear view of the sky.txt,12,solved,33,54
before,2,a clear view of the sky.txt,14,solved,22,43
before,2,a clear view of the sky.txt,16,solved,94,185
before,2,a clear view of the sky.txt,18,solved,1532,1778
before,2,a clear view of the sky.txt,20,solved,57,64
before,2,a clear view of the sky.txt,22,solved,213,235
before,2,a clear view of the sky.txt,24,solved,519,600
before,2,a clear view of the sky.txt,26,timeout,3000,1621
before,2,a clear view of the sky.txt,28,timeout,3000,737
before,2,a clear view of the sky.txt,30,solved,0,1
before,2,a clear view of the sky.txt,31,solved,0,1
before,2,a clear view of the sky.txt,32,solved,0,1
before,2,a clear view of the sky.txt,33,solved,0,1
before,2,a clear view of the sky.txt,34,solved,0,1
before,2,a clear view of the sky.txt,35,solved,0,1
before,2,a cliche for bedtime.txt,1,timeout,3022,97001
before,2,a distant sunset.txt,1,solved,26,83
before,2,a distant sunset.txt,3,solved,0,1
before,2,a distant sunset.txt,4,solved,0,1
before,2,a distant sunset.txt,5,solved,0,1
before,2,alternatey.txt,2,solved,37,151
before,2,alternatey.txt,4,solved,426,510
before,2,alternatey.txt,6,solved,937,2703
before,2,an ok multiban level.txt,1,solved,355,16501
before,2,atlas shrank.txt,1,solved,1,11
before,2,atlas shrank.txt,4,solved,222,1898
before,2,atlas shrank.txt,5,solved,135,887
before,2,atlas shrank.txt,6,solved,717,4258
before,2,atlas shrank.txt,8,timeout,3001,8554
before,2,atlas shrank.txt,10,solved,134,611
before,2,atlas shrank.txt,11,timeout,3001,11113
before,2,atlas shrank.txt,12,timeout,3001,13295
before,2,atlas shrank.txt,14,timeout,3001,11670
before,2,atlas shrank.txt,15,timeout,3004,4228
before,2,atlas shrank.txt,16,timeout,3003,3896
before,2,atlas shrank.txt,17,timeout,3001,9369
before,2,autohurdler.txt,1,solved,13,124
before,2,autohurdler.txt,3,solved,7,35
before,2,autohurdler.txt,5,timeout,3003,35299
before,2,autohurdler.txt,7,solved,47,402
before,2,big dog and little dog.txt,1,solved,237,2021
before,2,big dog and little dog.txt,3,timeout,3005,21862
before,2,big dog and little dog.txt,5,timeout,3003,18181
before,2,big dog and little dog.txt,7,timeout,3003,18369
before,2,big dog and little dog.txt,9,timeout,3004,16236
before,2,big dog and little dog.txt,11,timeout,3004,8803
before,2,bouncers.txt,1,timeout,3027,92206
before,2,bouncers.txt,3,timeout,3022,88571
before,2,bouncers.txt,5,timeout,3037,88393
before,2,bouncers.txt,7,timeout,3025,69319
before,2,bouncers.txt,9,timeout,3035,61490
before,2,butteater.txt,1,solved,28,482
before,2,butteater.txt,3,timeout,3006,56146
before,2,byyourside.txt,0,solved,1,17
before,2,byyourside.txt,1,solved,79,1231
before,2,byyourside.txt,2,solved,13,216
before,2,byyourside.txt,3,solved,1,14
before,2,byyourside.txt,4,solved,17,264
before,2,byyourside.txt,5,solved,20,299
before,2,byyourside.txt,6,solved,0,5
before,2,byyourside.txt,7,solved,1,16
before,2,byyourside.txt,8,solved,101,1709
before,2,byyourside.txt,9,solved,63,1062
before,2,cakemonsters.txt,2,solved,0,3
before,2,cakemonsters.txt,4,solved,1,10
before,2,cakemonsters.txt,7,solved,6,208
before,2,cakemonsters.txt,9,solved,7,268
before,2,cakemonsters.txt,11,solved,1,25
before,2,cakemonsters.txt,13,solved,8,275
before,2,cakemonsters.txt,14,solved,1,43
before,2,cakemonsters.txt,15,solved,7,305
before,2,cakemonsters.txt,16,solved,35,1021
before,2,cakemonsters.txt,17,solved,3,70
before,2,cakemonsters.txt,18,solved,0,10
before,2,cakemonsters.txt,20,timeout,3014,81126
before,2,cakemonsters.txt,21,solved,118,3880
before,2,cakemonsters.txt,22,solved,10,326
before,2,cakemonsters.txt,24,solved,0,18
before,2,cakemonsters.txt,25,solved,0,7
before,2,cakemonsters.txt,26,solved,0,8
before,2,cakemonsters.txt,27,solved,0,9
before,2,cakemonsters.txt,28,solved,10,380
before,2,cakemonsters.txt,29,solved,8,314
before,2,cakemonsters.txt,31,solved,1,40
before,2,cakemonsters.txt,32,solved,32,1164
before,2,cakemonsters.txt,33,solved,97,3917
before,2,cakemonsters.txt,34,timeout,3018,74467
before,2,cakemonsters.txt,35,solved,8,259
before,2,cakemonsters.txt,37,timeout,3017,68672
before,2,cakemonsters.txt,38,solved,164,6123
before,2,cakemonsters.txt,39,solved,0,18
before,2,cakemonsters.txt,40,solved,117,4864
before,2,cakemonsters.txt,41,solved,2070,73546
before,2,cakemonsters.txt,43,solved,1,34
before,2,cakemonsters.txt,44,solved,159,5188
before,2,cakemonsters.txt,46,solved,48,1821
before,2,cakemonsters.txt,47,timeout,3013,97056
before,2,cakemonsters.txt,49,solved,269,9290
before,2,cakemonsters.txt,52,solved,536,16398
before,2,car crash.txt,1,timeout,3007,1373
before,2,car crash.txt,2,solved,326,0
before,2,castlecloset.txt,0,solved,165,2695
before,2,castlemouse.txt,1,solved,9,48
before,2,castlemouse.txt,3,solved,9,42
before,2,castlemouse.txt,5,solved,32,138
before,2,castlemouse.txt,7,solved,68,272
before,2,castlemouse.txt,9,solved,5,20
before,2,castlemouse.txt,11,solved,404,1139
before,2,castlemouse.txt,13,solved,2,6
before,2,castlemouse.txt,15,solved,6,12
before,2,castlemouse.txt,17,solved,1,3
before,2,castlemouse.txt,19,solved,4,9
before,2,chaos wizard.txt,2,solved,73,960
before,2,chaos wizard.txt,3,solved,23,293
before,2,chaos wizard.txt,4,timeout,3006,38826
before,2,chaos wizard.txt,5,solved,1989,32254
before,2,chaos wizard.txt,6,timeout,3009,33535
before,2,chaos wizard.txt,7,timeout,3007,44745
before,2,chaos wizard.txt,8,timeout,3007,40484
before,2,chaos wizard.txt,9,timeout,3012,48905
before,2,chaos wizard.txt,10,timeout,3006,42270
before,2,chaos wizard.txt,11,solved,1909,29559
before,2,chaos wizard.txt,12,timeout,3009,39466
before,2,chaos wizard.txt,13,timeout,3006,38961
before,2,chaos wizard.txt,14,solved,415,5327
before,2,chaos wizard.txt,15,timeout,3008,40960
before,2,chaos wizard.txt,16,timeout,3009,46120
before,2,chaos wizard.txt,17,timeout,3004,38697
before,2,chaos wizard.txt,18,timeout,3013,42946
before,2,chaos wizard.txt,19,timeout,3005,41089
before,2,chaos wizard.txt,20,timeout,3010,30340
before,2,chaos wizard.txt,22,solved,8,65
before,2,chaos wizard.txt,24,timeout,3007,22484
before,2,chaos wizard.txt,27,timeout,3008,27851
before,2,coincounter.txt,0,solved,2,9
before,2,coincounter.txt,1,solved,3,22
before,2,coincounter.txt,2,solved,11,69
before,2,coincounter.txt,3,solved,15,93
before,2,coincounter.txt,4,solved,63,289
before,2,coincounter.txt,5,solved,55,287
before,2,coincounter.txt,6,solved,172,892
before,2,coincounter.txt,7,solved,422,2309
before,2,coincounter.txt,8,solved,10,51
before,2,coincounter.txt,9,solved,3,7
before,2,coincounter.txt,10,solved,0,1
before,2,collapse.txt,2,solved,292,186
before,2,collapse.txt,3,timeout,3000,1300
before,2,color chained.txt,0,solved,22,31
before,2,color chained.txt,1,solved,7,9
before,2,color chained.txt,2,solved,347,645
before,2,color chained.txt,3,solved,89,160
before,2,color chained.txt,4,solved,83,139
before,2,color chained.txt,5,solved,597,959
before,2,color chained.txt,6,timeout,3000,4291
before,2,color chained.txt,7,timeout,3000,3961
before,2,color chained.txt,8,timeout,3000,4190
before,2,color chained.txt,9,solved,2414,3056
before,2,color chained.txt,10,solved,2363,3182
before,2,color chained.txt,14,timeout,3000,3294
before,2,constellationz.txt,0,solved,0,5
before,2,constellationz.txt,1,solved,0,5
before,2,constellationz.txt,2,solved,3,72
before,2,constellationz.txt,3,solved,0,10
before,2,constellationz.txt,4,solved,5,124
before,2,constellationz.txt,5,solved,8,28
before,2,constellationz.txt,6,solved,183,1718
before,2,constellationz.txt,7,solved,160,1466
before,2,constellationz.txt,8,timeout,3007,36784
before,2,constellationz.txt,9,solved,506,4056
before,2,constellationz.txt,10,solved,444,5772
before,2,cooperacing.txt,3,solved,358,4508
before,2,cooperacing.txt,5,solved,1045,13019
before,2,cooperacing.txt,8,timeout,3004,38269
before,2,cooperacing.txt,10,timeout,3005,40506
before,2,crate guardian.txt,1,solved,338,7184
before,2,crate guardian.txt,3,solved,83,1913
before,2,crate guardian.txt,5,solved,390,8633
before,2,crate guardian.txt,7,solved,539,12334
before,2,crate guardian.txt,9,solved,1958,35696
before,2,crate guardian.txt,11,timeout,3007,62313
before,2,crate swap.txt,1,solved,20,1202
before,2,crate swap.txt,3,solved,11,714
before,2,crate swap.txt,5,solved,26,1659
before,2,crate swap.txt,7,solved,28,1732
before,2,crate swap.txt,9,solved,40,2606
before,2,crate swap.txt,11,solved,47,3024
before,2,crate swap.txt,13,solved,40,2569
before,2,crate swap.txt,15,solved,27,1789
before,2,cratopia.txt,2,solved,5,70
before,2,cratopia.txt,3,solved,971,10496
before,2,cratopia.txt,5,solved,64,764
before,2,cratopia.txt,9,timeout,3004,22359
before,2,cratopia.txt,11,solved,693,9214
before,2,cratopia.txt,12,timeout,3005,34106
before,2,cratopia.txt,13,timeout,3002,17937
before,2,cratopia.txt,14,timeout,3004,31644
before,2,cratopia.txt,15,timeout,3004,32884
before,2,cratopia.txt,16,timeout,3005,27156
before,2,cratopia.txt,17,timeout,3005,35782
before,2,cratopia.txt,18,timeout,3004,38034
before,2,cratopia.txt,19,timeout,3003,31547
before,2,cratopia.txt,20,solved,24,31
before,2,cratopia.txt,21,solved,40,0
before,2,cratopia.txt,22,solved,37,0
before,2,cratopia.txt,23,solved,35,0
before,2,cute train.txt,1,timeout,3008,821
before,2,der hydra krypta.txt,1,solved,45,21
before,2,der hydra krypta.txt,3,timeout,3001,833
before,2,der hydra krypta.txt,5,timeout,3000,872
before,2,der hydra krypta.txt,7,timeout,3001,432
before,2,der hydra krypta.txt,9,timeout,3001,836
before,2,der hydra krypta.txt,11,timeout,3001,865
before,2,der hydra krypta.txt,13,solved,0,1
before,2,dice goblin.txt,3,timeout,3001,6821
before,2,die schoene steinmetzin.txt,1,timeout,3001,14738
before,2,die schoene steinmetzin.txt,3,timeout,3002,12929
before,2,die schoene steinmetzin.txt,5,solved,384,1632
before,2,die schoene steinmetzin.txt,7,timeout,3002,15966
before,2,die schoene steinmetzin.txt,9,timeout,3004,18089
before,2,die schoene steinmetzin.txt,11,timeout,3002,10517
before,2,die schoene steinmetzin.txt,13,timeout,3002,9500
before,2,die schoene steinmetzin.txt,15,timeout,3001,8535
before,2,die schoene steinmetzin.txt,16,exhausted,0,1
before,2,diesinthelight.txt,0,solved,16,94
before,2,diesinthelight.txt,1,solved,116,432
before,2,diesinthelight.txt,2,solved,1484,4251
before,2,diesinthelight.txt,3,timeout,3001,7913
before,2,dollyban.txt,1,solved,102,3182
before,2,dollyban.txt,3,solved,99,3417
before,2,dollyban.txt,5,solved,583,17811
before,2,dollyban.txt,7,solved,609,17784
before,2,dollyban.txt,9,solved,595,17742
before,2,dollyban.txt,11,timeout,3008,86626
before,2,dollyban.txt,13,solved,208,5653
before,2,dollyban.txt,15,solved,1634,42080
before,2,dollyban.txt,17,timeout,3010,84676
before,2,dollyban.txt,19,timeout,3008,85217
before,2,dollyban.txt,21,timeout,3007,81517
before,2,dollyban.txt,23,solved,387,11508
before,2,dollyban.txt,25,timeout,3007,69940
before,2,dollyban.txt,27,timeout,3007,81281
before,2,dollyban.txt,29,timeout,3007,80133
before,2,dreizack.txt,1,timeout,3000,1464
before,2,dreizack.txt,3,timeout,3000,1256
before,2,dreizack.txt,5,timeout,3000,1040
before,2,dreizack.txt,6,solved,1,9
before,2,dreizack.txt,7,solved,0,1
before,2,dropswap.txt,3,solved,124,1246
before,2,dropswap.txt,5,solved,112,831
before,2,dropswap.txt,8,timeout,3002,11484
before,2,dropswap.txt,12,solved,116,728
before,2,dropswap.txt,14,timeout,3003,13615
before,2,dungeon janitor.txt,2,solved,1,22
before,2,dungeon janitor.txt,4,solved,1643,14685
before,2,dungeon janitor.txt,6,timeout,3004,21890
before,2,dungeon janitor.txt,9,timeout,3003,10541
before,2,easyenigma.txt,0,solved,2,5
before,2,easyenigma.txt,1,solved,1,1
before,2,easyenigma.txt,2,solved,231,667
before,2,easyenigma.txt,3,solved,1,2
before,2,easyenigma.txt,4,solved,0,2
before,2,easyenigma.txt,5,solved,217,363
before,2,easyenigma.txt,6,solved,2,5
before,2,easyenigma.txt,7,solved,4,7
before,2,easyenigma.txt,8,solved,75,99
before,2,easyenigma.txt,9,solved,3,1
before,2,easyenigma.txt,10,solved,8,2
before,2,easyenigma.txt,11,timeout,3030,6131
before,2,easyenigma.txt,12,solved,14,2
before,2,easyenigma.txt,13,solved,9,13
before,2,easyenigma.txt,14,solved,2,1
before,2,easyenigma.txt,15,solved,4,5
before,2,easyenigma.txt,16,timeout,3009,3570
before,2,easyenigma.txt,17,solved,1158,2
before,2,easyenigma.txt,18,solved,2,2
before,2,easyenigma.txt,19,timeout,3003,1347
before,2,easyenigma.txt,20,timeout,3021,3574
before,2,ecosystem generator.txt,1,timeout,3010,14540
before,2,expand also avoid the flames.txt,1,timeout,3021,372
before,2,fickle fred.txt,1,solved,4,226
before,2,fickle fred.txt,3,solved,30,1408
before,2,fickle fred.txt,5,solved,732,26180
before,2,fickle fred.txt,7,solved,73,3331
before,2,fickle fred.txt,9,solved,11,563
before,2,flesh-handed hot casserole delivery bot.txt,1,solved,4,272
before,2,flesh-handed hot casserole delivery bot.txt,2,solved,11,878
before,2,flesh-handed hot casserole delivery bot.txt,4,solved,403,24105
before,2,flesh-handed hot casserole delivery bot.txt,6,solved,372,23540
before,2,flesh-handed hot casserole delivery bot.txt,8,solved,21,1546
before,2,flesh-handed hot casserole delivery bot.txt,10,solved,207,13570
before,2,flesh-handed hot casserole delivery bot.txt,12,solved,29,1923
before,2,flesh-handed hot casserole delivery bot.txt,14,solved,66,4331
before,2,flesh-handed hot casserole delivery bot.txt,16,solved,226,13080
before,2,flesh-handed hot casserole delivery bot.txt,18,solved,643,37504
before,2,gabelstapler.txt,1,solved,146,936
before,2,gabelstapler.txt,3,timeout,3001,12570
before,2,gabelstapler.txt,5,timeout,3001,11443
before,2,gapfiller.txt,1,solved,14,383
before,2,gapfiller.txt,3,solved,259,4611
before,2,gapfiller.txt,5,solved,13,404
before,2,gapfiller.txt,7,solved,54,1441
before,2,gapfiller.txt,9,solved,2,76
before,2,gapfiller.txt,11,solved,1518,31516
before,2,gapfiller.txt,13,solved,13,332
before,2,gapfiller.txt,15,solved,3,87
before,2,gapfiller.txt,17,solved,142,3993
before,2,gapfiller.txt,19,timeout,3004,49552
before,2,gem soketeer.txt,1,solved,209,563
before,2,gem soketeer.txt,3,solved,87,345
before,2,gem soketeer.txt,5,solved,50,111
before,2,gem soketeer.txt,7,solved,36,127
before,2,gem soketeer.txt,9,solved,176,719
before,2,gem soketeer.txt,11,solved,11,53
before,2,gem soketeer.txt,13,solved,964,3401
before,2,gem soketeer.txt,15,timeout,3000,8481
before,2,gem soketeer.txt,17,solved,1644,3572
before,2,gem soketeer.txt,19,timeout,3001,8070
before,2,gem soketeer.txt,21,solved,541,1164
before,2,gem soketeer.txt,23,timeout,3001,6493
before,2,gem soketeer.txt,25,solved,757,2956
before,2,gem soketeer.txt,27,solved,1241,3318
before,2,gem soketeer.txt,29,solved,413,1689
before,2,gem soketeer.txt,31,solved,681,2793
before,2,gem soketeer.txt,33,solved,1496,6180
before,2,gobble_rush.txt,0,solved,1,11
before,2,gobble_rush.txt,1,solved,3,42
before,2,gobble_rush.txt,2,solved,8,121
before,2,gobble_rush.txt,3,solved,89,926
before,2,gobble_rush.txt,4,solved,9,92
before,2,gobble_rush.txt,5,solved,22,259
before,2,gobble_rush.txt,6,solved,22,257
before,2,gobble_rush.txt,7,solved,26,257
before,2,gobble_rush.txt,8,solved,23,253
before,2,gobble_rush.txt,9,solved,49,575
before,2,gobble_rush.txt,10,solved,25,174
before,2,gobble_rush.txt,11,solved,29,225
before,2,gobble_rush.txt,12,solved,34,192
before,2,gobble_rush.txt,13,solved,8,92
before,2,gobble_rush.txt,14,solved,19,222
before,2,gobble_rush.txt,15,solved,4,34
before,2,gobble_rush.txt,16,solved,32,403
before,2,gobble_rush.txt,17,solved,24,264
before,2,gobble_rush.txt,18,solved,41,436
before,2,gobble_rush.txt,19,solved,142,1386
before,2,gobble_rush.txt,20,solved,0,4
before,2,hairtug.txt,1,solved,12,65
before,2,hairtug.txt,4,timeout,3008,14095
before,2,hairtug.txt,7,timeout,3008,10680
before,2,hairtug.txt,10,solved,559,3148
before,2,hairtug.txt,13,timeout,3006,13342
before,2,head skuller.txt,1,solved,15,717
before,2,head skuller.txt,3,solved,133,6231
before,2,head skuller.txt,5,timeout,3012,121284
before,2,head skuller.txt,7,solved,87,3927
before,2,head skuller.txt,9,timeout,3017,117955
before,2,head skuller.txt,11,solved,522,19720
before,2,head skuller.txt,13,solved,0,1
before,2,hedgehog stimulator.txt,1,solved,867,7489
before,2,hedgehog stimulator.txt,3,timeout,3003,25679
before,2,hedgehog stimulator.txt,5,solved,340,3142
before,2,hedgehog stimulator.txt,7,solved,541,4977
before,2,hedgehog stimulator.txt,9,solved,714,5006
before,2,hedgehog stimulator.txt,11,solved,1425,12669
before,2,hedgehog stimulator.txt,13,solved,384,2657
before,2,hedgehog stimulator.txt,15,solved,785,5351
before,2,hedgehog stimulator.txt,17,timeout,3001,19659
before,2,hedgehog stimulator.txt,19,timeout,3001,20766
before,2,hedgehog stimulator.txt,21,timeout,3002,20813
before,2,hedgehog stimulator.txt,23,timeout,3001,19696
before,2,heroes_of_sokoban.txt,1,solved,0,8
before,2,heroes_of_sokoban.txt,3,solved,16,587
before,2,heroes_of_sokoban.txt,5,solved,0,26
before,2,heroes_of_sokoban.txt,7,timeout,3011,80061
before,2,heroes_of_sokoban.txt,9,solved,2,55
before,2,heroes_of_sokoban.txt,10,solved,717,18699
before,2,heroes_of_sokoban.txt,11,solved,8,257
before,2,heroes_of_sokoban.txt,13,solved,134,2751
before,2,heroes_of_sokoban.txt,14,timeout,3008,59458
before,2,heroes_of_sokoban.txt,15,solved,0,17
before,2,heroes_of_sokoban.txt,17,solved,24,372
before,2,heroes_of_sokoban.txt,19,solved,838,17425
before,2,heroes_of_sokoban.txt,20,timeout,3008,58184
before,2,heroes_of_sokoban.txt,21,timeout,3008,35579
before,2,heroes_of_sokoban.txt,22,solved,20,361
before,2,heroes_of_sokoban.txt,23,solved,236,5422
before,2,heroes_of_sokoban.txt,24,timeout,3007,68513
before,2,heroes_of_sokoban.txt,25,timeout,3011,61422
before,2,heroes_of_sokoban.txt,26,timeout,3009,92258
before,2,heroes_of_sokoban.txt,27,solved,2,77
before,2,heroes_of_sokoban.txt,28,timeout,3016,63519
before,2,heroes_of_sokoban.txt,29,solved,0,10
before,2,heroes_of_sokoban_2.txt,3,solved,530,5484
before,2,heroes_of_sokoban_2.txt,5,solved,2,35
before,2,heroes_of_sokoban_2.txt,6,solved,2,32
before,2,heroes_of_sokoban_2.txt,8,solved,366,7281
before,2,heroes_of_sokoban_2.txt,10,solved,6,73
before,2,heroes_of_sokoban_2.txt,12,timeout,3003,30049
before,2,heroes_of_sokoban_2.txt,13,solved,2634,2262
before,2,heroes_of_sokoban_2.txt,15,solved,17,52
before,2,heroes_of_sokoban_2.txt,17,solved,650,8503
before,2,heroes_of_sokoban_2.txt,19,solved,2015,30440
before,2,heroes_of_sokoban_2.txt,20,timeout,3004,44653
before,2,heroes_of_sokoban_2.txt,21,timeout,3004,40580
before,2,heroes_of_sokoban_2.txt,23,solved,2,21
before,2,heroes_of_sokoban_2.txt,24,solved,182,153
before,2,heroes_of_sokoban_2.txt,26,solved,2482,1874
before,2,heroes_of_sokoban_2.txt,27,timeout,3002,21364
before,2,heroes_of_sokoban_2.txt,28,timeout,3001,2649
before,2,heroes_of_sokoban_2.txt,29,solved,560,4926
before,2,heroes_of_sokoban_2.txt,30,solved,2068,17905
before,2,heroes_of_sokoban_2.txt,31,timeout,3005,27062
before,2,heroes_of_sokoban_2.txt,32,timeout,3007,41310
before,2,heroes_of_sokoban_2.txt,34,timeout,3004,26070
before,2,heroes_of_sokoban_3.txt,3,timeout,3016,38993
before,2,heroes_of_sokoban_3.txt,5,solved,37,324
before,2,heroes_of_sokoban_3.txt,6,solved,10,84
before,2,heroes_of_sokoban_3.txt,8,solved,16,114
before,2,heroes_of_sokoban_3.txt,10,solved,293,3546
before,2,heroes_of_sokoban_3.txt,11,solved,121,1649
before,2,heroes_of_sokoban_3.txt,12,solved,30,393
before,2,heroes_of_sokoban_3.txt,13,timeout,3005,32616
before,2,heroes_of_sokoban_3.txt,14,solved,1848,22236
before,2,heroes_of_sokoban_3.txt,16,timeout,3009,75133
before,2,heroes_of_sokoban_3.txt,17,timeout,3012,64378
before,2,heroes_of_sokoban_3.txt,18,timeout,3006,56504
before,2,heroes_of_sokoban_3.txt,21,timeout,3006,48471
before,2,heroes_of_sokoban_3.txt,22,timeout,3004,28115
before,2,heroes_of_sokoban_3.txt,23,solved,1231,35385
before,2,heroes_of_sokoban_3.txt,24,timeout,3005,30743
before,2,heroes_of_sokoban_3.txt,25,timeout,3008,31167
before,2,heroes_of_sokoban_3.txt,26,timeout,3007,46190
before,2,heroes_of_sokoban_3.txt,27,timeout,3004,33760
before,2,heroes_of_sokoban_3.txt,28,timeout,3003,38908
before,2,heroes_of_sokoban_3.txt,30,timeout,3011,24900
before,2,heroes_of_sokoban_3.txt,31,solved,44,530
before,2,hungry kraken.txt,1,timeout,3006,12296
before,2,hungry kraken.txt,3,exhausted,0,1
before,2,i am a gust of wind.txt,1,solved,1,76
before,2,i am a gust of wind.txt,3,solved,7,383
before,2,i am a gust of wind.txt,5,solved,4,245
before,2,i am a gust of wind.txt,7,solved,1098,60032
before,2,i sure look tasty.txt,1,timeout,3000,1428
before,2,i want to grind myself into dust.txt,1,timeout,3001,20195
before,2,i want to grind myself into dust.txt,3,timeout,3003,14103
before,2,i want to grind myself into dust.txt,5,timeout,3002,5777
before,2,icecrates.txt,1,solved,0,6
before,2,icecrates.txt,3,solved,1,9
before,2,icecrates.txt,5,solved,5,53
before,2,icecrates.txt,7,solved,104,930
before,2,icecrates.txt,9,solved,35,219
before,2,icecrates.txt,11,solved,1178,7323
before,2,impossible.txt,0,exhausted,0,1
before,2,it dies in the light.txt,0,solved,14,94
before,2,it dies in the light.txt,1,solved,97,432
before,2,it dies in the light.txt,2,solved,1409,4251
before,2,it dies in the light.txt,3,timeout,3000,8325
before,2,karamell.txt,1,solved,480,836
before,2,karamell.txt,3,timeout,3000,3509
before,2,karamell.txt,5,timeout,3000,2560
before,2,karamell.txt,7,solved,0,1
before,2,kettle.txt,1,solved,1,26
before,2,kettle.txt,4,solved,0,3
before,2,kettle.txt,7,solved,0,3
before,2,kettle.txt,10,solved,3,27
before,2,kettle.txt,13,solved,11,97
before,2,kettle.txt,16,solved,3,26
before,2,kettle.txt,19,solved,64,473
before,2,kettle.txt,22,solved,63,353
before,2,kettle.txt,25,solved,752,4187
before,2,kettle.txt,28,timeout,3010,15898
before,2,kettle.txt,31,timeout,3005,13031
before,2,kishoutenketsu.txt,2,solved,26,320
before,2,kishoutenketsu.txt,5,solved,775,12929
before,2,kishoutenketsu.txt,8,solved,2,41
before,2,kishoutenketsu.txt,11,solved,2042,11445
before,2,konsum.txt,1,timeout,3002,22053
before,2,kreiseln.txt,1,solved,24,292
before,2,kreiseln.txt,3,timeout,3005,51414
before,2,kreiseln.txt,5,solved,1113,11565
before,2,kreiseln.txt,7,solved,540,5362
before,2,kreiseln.txt,9,timeout,3002,25508
before,2,led challenge.txt,1,timeout,3005,44401
before,2,led challenge.txt,3,timeout,3007,54013
before,2,led challenge.txt,5,timeout,3007,50245
before,2,led challenge.txt,7,timeout,3001,10124
before,2,ledchallenge.txt,1,timeout,3005,43721
before,2,ledchallenge.txt,3,timeout,3006,47637
before,2,ledchallenge.txt,5,timeout,3007,43126
before,2,ledchallenge.txt,7,timeout,3000,8535
before,2,legend of zokoban.txt,0,timeout,3011,20110
before,2,limerick.txt,1,solved,3,41
before,2,limerick.txt,3,solved,150,2800
before,2,limerick.txt,5,timeout,3020,55335
before,2,limerick.txt,7,solved,14,264
before,2,limerick.txt,9,solved,73,1490
before,2,limerick.txt,11,solved,14,296
before,2,limerick.txt,13,timeout,3016,55586
before,2,limerick.txt,15,solved,1405,26207
before,2,limerick.txt,17,solved,52,821
before,2,limerick.txt,19,timeout,3013,55003
before,2,m c eschers armageddon.txt,0,solved,1,11
before,2,m c eschers armageddon.txt,1,solved,0,4
before,2,m c eschers armageddon.txt,2,solved,1,12
before,2,m c eschers armageddon.txt,3,solved,37,284
before,2,make way.txt,1,solved,816,30571
before,2,make way.txt,3,solved,78,3331
before,2,manic_ammo.txt,1,solved,0,9
before,2,manic_ammo.txt,3,solved,0,9
before,2,manic_ammo.txt,5,solved,1,71
before,2,manic_ammo.txt,8,solved,0,9
before,2,manic_ammo.txt,10,solved,177,6607
before,2,manic_ammo.txt,12,solved,4,99
before,2,manic_ammo.txt,14,timeout,3006,59349
before,2,manic_ammo.txt,16,solved,83,3210
before,2,manic_ammo.txt,18,solved,2,12
before,2,manic_ammo.txt,20,timeout,3011,74717
before,2,manic_ammo.txt,22,solved,46,163
before,2,manic_ammo.txt,24,solved,338,4956
before,2,manic_ammo.txt,26,solved,1849,9791
before,2,manic_ammo.txt,28,timeout,3001,11274
before,2,manic_ammo.txt,30,timeout,3007,43482
before,2,match three billiards.txt,1,solved,0,4
before,2,match three billiards.txt,3,solved,24,451
before,2,match three billiards.txt,5,solved,37,563
before,2,mazezam.txt,1,solved,1,48
before,2,mazezam.txt,3,solved,3,134
before,2,mazezam.txt,5,solved,5,210
before,2,mazezam.txt,7,solved,14,534
before,2,mazezam.txt,9,solved,16,662
before,2,mazezam.txt,11,solved,13,501
before,2,mazezam.txt,13,solved,29,1121
before,2,mazezam.txt,15,solved,21,763
before,2,mazezam.txt,17,solved,23,709
before,2,mazezam.txt,19,solved,189,3882
before,2,mazezam.txt,21,solved,40,1424
before,2,mazezam.txt,23,solved,1141,26487
before,2,mazezam.txt,25,solved,78,3165
before,2,mazezam.txt,27,solved,68,2557
before,2,mazezam.txt,29,solved,238,8022
before,2,mazezam.txt,31,solved,34,932
before,2,mazezam.txt,33,solved,33,1333
before,2,mazezam.txt,35,timeout,3014,91767
before,2,mazezam.txt,37,solved,34,1095
before,2,mazezam.txt,39,solved,158,2661
before,2,mazezam.txt,41,solved,67,1924
before,2,mazezam.txt,43,solved,121,3247
before,2,mazezam.txt,45,solved,61,1874
before,2,mazezam.txt,47,solved,155,5229
before,2,mazezam.txt,49,timeout,3010,85728
before,2,mazezam.txt,51,solved,75,2701
before,2,mazezam.txt,53,timeout,3010,60720
before,2,mazezam.txt,55,solved,512,14265
before,2,mazezam.txt,57,solved,1523,33766
before,2,mazezam.txt,59,solved,1799,47986
before,2,message_skip.txt,1,solved,0,1
before,2,midas.txt,0,solved,6,105
before,2,midas.txt,2,solved,22,318
before,2,midas.txt,4,solved,20,285
before,2,midas.txt,6,solved,43,681
before,2,midas.txt,8,timeout,3003,32828
before,2,midas.txt,11,timeout,3005,27776
before,2,midas.txt,13,timeout,3005,32230
before,2,midas.txt,15,timeout,3004,28015
before,2,midas.txt,17,timeout,3006,27758
before,2,midas.txt,19,solved,694,5666
before,2,midas.txt,21,timeout,3009,26375
before,2,midas.txt,23,timeout,3005,30832
before,2,midas.txt,25,solved,135,1609
before,2,midas.txt,27,timeout,3011,27231
before,2,midas.txt,29,timeout,3006,29137
before,2,moved by leaves of grass.txt,1,timeout,3001,3235
before,2,multi_level.txt,0,solved,0,1
before,2,multi_level.txt,1,solved,0,1
before,2,newton.txt,1,timeout,3010,74115
before,2,newton.txt,3,timeout,3009,71055
before,2,newton.txt,5,timeout,3016,85830
before,2,no don't eat that.txt,1,timeout,3001,393
before,2,no don't eat that.txt,3,timeout,3002,375
before,2,no don't eat that.txt,5,timeout,3002,251
before,2,no don't eat that.txt,7,timeout,3000,205
before,2,no don't eat that.txt,9,timeout,3002,324
before,2,no don't eat that.txt,11,timeout,3003,114
before,2,no don't eat that.txt,13,timeout,3002,123
before,2,no don't eat that.txt,15,timeout,3007,119
before,2,no forbidden symbols 2.txt,1,timeout,3005,73966
before,2,no forbidden symbols.txt,1,timeout,3021,134138
before,2,no heroes necessary.txt,1,solved,15,176
before,2,no heroes necessary.txt,3,solved,7,53
before,2,no heroes necessary.txt,5,solved,31,237
before,2,no heroes necessary.txt,7,solved,9,54
before,2,no heroes necessary.txt,9,solved,152,695
before,2,oh no i accidentally swallowed myself.txt,1,timeout,3000,1503
before,2,oh no i accidentally swallowed myself.txt,2,solved,0,1
before,2,oh no i accidentally swallowed myself.txt,3,solved,0,1
before,2,oh no i accidentally swallowed myself.txt,4,solved,0,1
before,2,one_move.txt,0,solved,0,1
before,2,paint everything everywhere.txt,1,solved,13,28
before,2,paint everything everywhere.txt,3,solved,51,104
before,2,paint everything everywhere.txt,5,solved,36,20
before,2,paint everything everywhere.txt,7,solved,88,55
before,2,paint everything everywhere.txt,9,solved,278,113
before,2,paint everything everywhere.txt,11,solved,117,129
before,2,paint everything everywhere.txt,13,solved,45,76
before,2,paint everything everywhere.txt,15,solved,57,44
before,2,paint everything everywhere.txt,17,solved,738,69
before,2,paint everything everywhere.txt,19,solved,25,46
before,2,paint everything everywhere.txt,21,solved,105,110
before,2,paint everything everywhere.txt,23,solved,90,50
before,2,paint everything everywhere.txt,25,solved,171,99
before,2,paint everything everywhere.txt,27,solved,248,81
before,2,paint everything everywhere.txt,29,solved,224,102
before,2,paint everything everywhere.txt,31,solved,204,66
before,2,paint everything everywhere.txt,33,solved,88,51
before,2,paint everything everywhere.txt,35,solved,166,57
before,2,paint everything everywhere.txt,37,solved,280,465
before,2,paint everything everywhere.txt,39,solved,1482,196
before,2,participating in society.txt,2,timeout,3025,16385
before,2,pipe puffer.txt,2,solved,318,4550
before,2,pipe puffer.txt,4,solved,51,589
before,2,pipe puffer.txt,6,timeout,3003,22215
before,2,pipe puffer.txt,8,solved,288,1808
before,2,pipe puffer.txt,10,timeout,3003,29964
before,2,pipe puffer.txt,12,timeout,3002,20465
before,2,pipe puffer.txt,14,timeout,3002,23875
before,2,pipe puffer.txt,16,solved,13,73
before,2,ponies jumping synchronously.txt,0,solved,0,8
before,2,ponies jumping synchronously.txt,2,solved,0,9
before,2,ponies jumping synchronously.txt,4,solved,0,7
before,2,ponies jumping synchronously.txt,6,solved,0,9
before,2,ponies jumping synchronously.txt,8,solved,1,29
before,2,ponies jumping synchronously.txt,10,solved,17,388
before,2,ponies jumping synchronously.txt,12,solved,0,8
before,2,ponies jumping synchronously.txt,14,solved,13,283
before,2,ponies jumping synchronously.txt,17,solved,431,4517
before,2,ponies jumping synchronously.txt,19,solved,16,265
before,2,ponies jumping synchronously.txt,21,timeout,3007,32666
before,2,ponies jumping synchronously.txt,23,timeout,3003,23602
before,2,pupush.txt,1,timeout,3006,70696
before,2,push pull.txt,1,solved,5,285
before,2,push pull.txt,3,solved,4,236
before,2,push pull.txt,5,solved,17,876
before,2,push.txt,1,solved,0,6
before,2,push.txt,3,solved,0,13
before,2,push.txt,5,solved,17,566
before,2,push.txt,7,solved,6,110
before,2,push.txt,9,solved,7,243
before,2,push.txt,11,solved,37,884
before,2,push.txt,13,solved,33,663
before,2,push.txt,15,solved,1091,18508
before,2,push.txt,17,solved,1284,27335
before,2,push.txt,19,solved,438,8194
before,2,push.txt,21,solved,185,3306
before,2,push.txt,23,solved,3,78
before,2,push.txt,25,solved,204,3950
before,2,push.txt,27,solved,271,4707
before,2,push.txt,29,timeout,3010,56615
before,2,push.txt,31,solved,88,2397
before,2,push.txt,33,solved,826,11297
before,2,push.txt,35,timeout,3005,29745
before,2,push.txt,37,solved,2,52
before,2,push.txt,39,timeout,3007,53883
before,2,push.txt,40,solved,0,4
before,2,pushit.txt,1,solved,143,5171
before,2,pushit.txt,3,timeout,3020,73397
before,2,pushit.txt,5,solved,2730,136912
before,2,pushit.txt,7,solved,509,27424
before,2,puzzles.txt,0,timeout,3001,12237
before,2,realtime dog mountain rescue.txt,1,timeout,3001,6742
before,2,realtime dog mountain rescue.txt,4,timeout,3000,5910
before,2,realtime dog mountain rescue.txt,7,timeout,3000,4125
before,2,riverpuzzle.txt,0,timeout,3001,298
before,2,robot arm.txt,3,timeout,3022,1799
before,2,robot arm.txt,5,timeout,3003,168
before,2,robot arm.txt,7,timeout,3002,10556
before,2,robotarm.txt,3,timeout,3008,1799
before,2,robotarm.txt,5,timeout,3017,168
before,2,robotarm.txt,7,timeout,3002,11237
before,2,sacrament of the river god.txt,1,timeout,3000,7719
before,2,sacrament of the river god.txt,3,timeout,3000,1898
before,2,sacrament of the river god.txt,5,timeout,3001,8465
before,2,sacrament of the river god.txt,7,timeout,3001,5488
before,2,sacrament of the river god.txt,9,solved,1797,4603
before,2,sacrament of the river god.txt,11,timeout,3000,1270
before,2,sacrament of the river god.txt,13,solved,3,12
before,2,seize the flag.txt,1,timeout,3001,7435
before,2,seize the flag.txt,3,solved,0,1
before,2,short adventure in sticky wall land.txt,1,timeout,3001,10791
before,2,short adventure in sticky wall land.txt,3,timeout,3000,9821
before,2,short adventure in sticky wall land.txt,5,timeout,3001,11006
before,2,shy snake.txt,1,solved,84,95
before,2,shy snake.txt,3,timeout,3000,904
before,2,shy snake.txt,5,timeout,3001,1101
before,2,slide pull.txt,1,solved,36,1388
before,2,slide pull.txt,3,solved,14,573
before,2,slide pull.txt,5,solved,55,2583
before,2,slide pull.txt,7,solved,881,35283
before,2,slide pull.txt,9,solved,22,782
before,2,slide pull.txt,11,solved,1036,37341
before,2,slide pull.txt,13,solved,171,6725
before,2,slidings.txt,1,solved,1,39
before,2,slidings.txt,3,solved,0,18
before,2,slidings.txt,5,solved,1,38
before,2,slidings.txt,7,solved,3,82
before,2,slidings.txt,9,solved,8,234
before,2,slidings.txt,11,solved,289,6268
before,2,slidings.txt,13,solved,212,5247
before,2,slidings.txt,15,solved,206,6209
before,2,slidings.txt,17,solved,401,10129
before,2,slidings.txt,19,solved,81,1895
before,2,slidings.txt,21,solved,112,2959
before,2,slime vat filler.txt,2,solved,4,229
before,2,slime vat filler.txt,4,solved,1,39
before,2,slime vat filler.txt,6,solved,3,125
before,2,slime vat filler.txt,8,solved,2,89
before,2,slime vat filler.txt,10,solved,3,127
before,2,slime vat filler.txt,12,solved,179,7121
before,2,slime vat filler.txt,14,solved,15,550
before,2,slime vat filler.txt,16,timeout,3015,101281
before,2,slime vat filler.txt,18,solved,138,5783
before,2,slime vat filler.txt,21,solved,62,3131
before,2,slime vat filler.txt,23,solved,0,1
before,2,slot machine.txt,1,solved,159,620
before,2,slot machine.txt,3,timeout,3001,9358
before,2,smother.txt,2,solved,20,265
before,2,smother.txt,4,solved,25,499
before,2,smother.txt,6,solved,52,765
before,2,smother.txt,8,solved,53,415
before,2,smother.txt,10,solved,115,781
before,2,smother.txt,14,solved,0,6
before,2,smother.txt,16,solved,0,32
before,2,smother.txt,18,solved,1,36
before,2,smother.txt,20,solved,11,276
before,2,smother.txt,22,solved,11,334
before,2,smother.txt,26,solved,42,536
before,2,smother.txt,28,solved,188,1909
before,2,smother.txt,30,solved,34,317
before,2,smother.txt,32,timeout,3000,5563
before,2,smother.txt,34,timeout,3001,18218
before,2,smother.txt,37,solved,0,4
before,2,snkaey makes a sixy.txt,0,timeout,3008,35487
before,2,snkaey makes a sixy.txt,2,exhausted,0,1
before,2,snortal.txt,0,solved,1522,22721
before,2,sok7.txt,0,timeout,3003,9563
before,2,sokobansokobansokoban.txt,1,timeout,3015,66676
before,2,sokobond demake.txt,2,solved,2,38
before,2,sokobond demake.txt,4,solved,1,18
before,2,sokobond demake.txt,6,solved,0,16
before,2,sokobond demake.txt,8,solved,1,20
before,2,sokobond demake.txt,10,solved,3,64
before,2,sokobond demake.txt,12,solved,3,49
before,2,sokobond demake.txt,14,solved,20,300
before,2,sokobond demake.txt,16,solved,5,81
before,2,sokobond demake.txt,18,solved,49,830
before,2,sokobond demake.txt,20,solved,51,748
before,2,sokobond demake.txt,22,solved,29,588
before,2,sokobond demake.txt,24,timeout,3004,52292
before,2,sokobond demake.txt,26,solved,20,615
before,2,sokobond demake.txt,28,solved,1275,34124
before,2,sokobond demake.txt,30,timeout,3011,79738
before,2,sokogoban.txt,2,timeout,3000,7814
before,2,sokogoban.txt,4,timeout,3000,4480
before,2,sokogoban.txt,6,timeout,3000,2746
before,2,stick_candy_puzzle_saga.txt,1,solved,166,2971
before,2,stick_candy_puzzle_saga.txt,2,solved,1065,18315
before,2,stick_candy_puzzle_saga.txt,4,timeout,3003,32107
before,2,stick_candy_puzzle_saga.txt,5,timeout,3003,29085
before,2,stick_candy_puzzle_saga.txt,6,timeout,3003,32365
before,2,stick_candy_puzzle_saga.txt,7,timeout,3004,44274
before,2,stick_candy_puzzle_saga.txt,8,timeout,3002,31133
before,2,stick_candy_puzzle_saga.txt,9,timeout,3003,42853
before,2,stick_candy_puzzle_saga.txt,10,timeout,3003,31818
before,2,stick_candy_puzzle_saga.txt,11,timeout,3004,46895
before,2,stick_candy_puzzle_saga.txt,12,timeout,3003,31377
before,2,stick_candy_puzzle_saga.txt,13,timeout,3004,32274
before,2,stick_candy_puzzle_saga.txt,14,timeout,3003,43459
before,2,stick_candy_puzzle_saga.txt,15,timeout,3004,39341
before,2,stick_candy_puzzle_saga.txt,16,timeout,3003,36172
before,2,stick_candy_puzzle_saga.txt,17,timeout,3004,38358
before,2,stick_candy_puzzle_saga.txt,18,timeout,3003,37622
before,2,stick_candy_puzzle_saga.txt,19,timeout,3002,27826
before,2,stick_candy_puzzle_saga.txt,20,timeout,3005,34780
before,2,stick_candy_puzzle_saga.txt,21,timeout,3002,20471
before,2,sum three horizontally to 8.txt,4,solved,1,15
before,2,sum three horizontally to 8.txt,6,solved,1,8
before,2,sum three horizontally to 8.txt,8,solved,1,6
before,2,sum three horizontally to 8.txt,10,solved,2,13
before,2,sum three horizontally to 8.txt,13,solved,3,26
before,2,sum three horizontally to 8.txt,15,solved,42,473
before,2,sum three horizontally to 8.txt,17,solved,4,19
before,2,sum three horizontally to 8.txt,19,solved,9,109
before,2,sum three horizontally to 8.txt,22,solved,59,623
before,2,sum three horizontally to 8.txt,24,solved,9,107
before,2,sum three horizontally to 8.txt,26,solved,39,415
before,2,sum three horizontally to 8.txt,28,solved,26,304
before,2,sum three horizontally to 8.txt,31,timeout,3000,7925
before,2,take heart lass.txt,1,solved,0,3
before,2,take heart lass.txt,3,solved,2,25
before,2,take heart lass.txt,5,solved,1,8
before,2,take heart lass.txt,7,solved,2,28
before,2,take heart lass.txt,9,solved,170,1256
before,2,take heart lass.txt,11,solved,16,120
before,2,take heart lass.txt,13,solved,61,361
before,2,take heart lass.txt,15,timeout,3002,21548
before,2,take heart lass.txt,17,solved,11,49
before,2,take heart lass.txt,19,solved,97,512
before,2,take heart lass.txt,21,solved,151,761
before,2,take heart lass.txt,23,timeout,3001,9696
before,2,talo pipi 2.txt,1,timeout,3003,11036
before,2,talo pipi 2.txt,3,solved,2649,15611
before,2,talo pipi 2.txt,5,timeout,3001,9277
before,2,talo pipi 2.txt,7,timeout,3001,12195
before,2,talo pipi 2.txt,9,timeout,3010,18849
before,2,talo pipi 2.txt,11,timeout,3001,6725
before,2,talo pipi 2.txt,13,timeout,3002,7546
before,2,talo pipi 2.txt,15,timeout,3001,6330
before,2,talo pipi 2.txt,17,solved,0,1
before,2,the exit is under my left foot.txt,1,solved,171,102
before,2,the red ring of immortality.txt,1,solved,7,226
before,2,the red ring of immortality.txt,3,solved,56,1354
before,2,the red ring of immortality.txt,5,solved,1,52
before,2,the red ring of immortality.txt,7,solved,78,1633
before,2,the red ring of immortality.txt,9,solved,8,213
before,2,the red ring of immortality.txt,11,solved,17,332
before,2,the red ring of immortality.txt,13,solved,113,2759
before,2,the red ring of immortality.txt,15,solved,16,424
before,2,the red ring of immortality.txt,17,solved,88,2173
before,2,the red ring of immortality.txt,19,solved,8,264
before,2,the red ring of immortality.txt,21,solved,0,21
before,2,the red ring of immortality.txt,23,solved,0,2
before,2,the_saga_of_the_candy_scroll.txt,6,solved,4,106
before,2,the_saga_of_the_candy_scroll.txt,10,solved,0,8
before,2,the_saga_of_the_candy_scroll.txt,14,solved,0,4
before,2,the_saga_of_the_candy_scroll.txt,18,solved,28,551
before,2,the_saga_of_the_candy_scroll.txt,20,solved,413,7939
before,2,the_saga_of_the_candy_scroll.txt,22,solved,5,104
before,2,the_saga_of_the_candy_scroll.txt,26,solved,42,832
before,2,the_saga_of_the_candy_scroll.txt,28,timeout,3006,45942
before,2,the_saga_of_the_candy_scroll.txt,31,solved,94,1273
before,2,the_saga_of_the_candy_scroll.txt,35,timeout,3005,40028
before,2,the_saga_of_the_candy_scroll.txt,46,solved,0,3
before,2,the_saga_of_the_candy_scroll.txt,50,solved,2,54
before,2,the_saga_of_the_candy_scroll.txt,53,solved,38,723
before,2,the_saga_of_the_candy_scroll.txt,55,solved,150,2683
before,2,the_saga_of_the_candy_scroll.txt,58,solved,311,5189
before,2,the_saga_of_the_candy_scroll.txt,61,solved,2879,50748
before,2,the_saga_of_the_candy_scroll.txt,64,timeout,3005,52486
before,2,the_saga_of_the_candy_scroll.txt,66,timeout,3006,55116
before,2,the_saga_of_the_candy_scroll.txt,68,solved,2786,55362
before,2,the_saga_of_the_candy_scroll.txt,70,timeout,3005,50220
before,2,the_saga_of_the_candy_scroll.txt,78,solved,2906,42467
before,2,the_saga_of_the_candy_scroll.txt,80,timeout,3006,36369
before,2,the_saga_of_the_candy_scroll.txt,82,timeout,3005,37750
before,2,the_saga_of_the_candy_scroll.txt,85,timeout,3006,37621
before,2,the_saga_of_the_candy_scroll.txt,89,timeout,3006,34548
before,2,the_saga_of_the_candy_scroll.txt,98,timeout,3006,44447
before,2,the_saga_of_the_candy_scroll.txt,102,timeout,3004,29718
before,2,the_saga_of_the_candy_scroll.txt,106,timeout,3005,30162
before,2,the_saga_of_the_candy_scroll.txt,112,solved,461,5868
before,2,the_saga_of_the_candy_scroll.txt,116,solved,41,501
before,2,threes.txt,0,timeout,3001,3813
before,2,tiny treasure hunt.txt,1,timeout,3000,559
before,2,tiny treasure hunt.txt,3,timeout,3001,187
before,2,tiny treasure hunt.txt,5,timeout,3001,233
before,2,tiny treasure hunt.txt,7,timeout,3000,747
before,2,tiny treasure hunt.txt,9,timeout,3000,234
before,2,tiny treasure hunt.txt,11,timeout,3000,564
before,2,tiny treasure hunt.txt,13,timeout,3001,254
before,2,tunnel rat.txt,1,timeout,3008,2872
before,2,tunnel rat.txt,3,timeout,3000,1539
before,2,unclean residues.txt,2,timeout,3008,68609
before,2,unclean residues.txt,4,solved,334,10197
before,2,unclean residues.txt,6,solved,1855,53628
before,2,unclean residues.txt,8,solved,2327,64135
before,2,unclean residues.txt,10,solved,352,9056
before,2,unclean residues.txt,13,solved,133,3677
before,2,unewton.txt,2,timeout,3009,48125
before,2,unewton.txt,4,solved,303,7532
before,2,unewton.txt,6,timeout,3008,54223
before,2,unewton.txt,8,timeout,3009,43211
before,2,whaleworld.txt,1,solved,32,120
before,2,whaleworld.txt,3,solved,34,240
before,2,whaleworld.txt,5,solved,188,878
before,2,whaleworld.txt,7,solved,303,1685
before,2,whaleworld.txt,9,timeout,3001,9542
before,2,whaleworld.txt,11,timeout,3001,10481
before,2,whaleworld.txt,13,timeout,3001,5726
before,2,whaleworld.txt,15,solved,2141,7049
before,2,witch lifter.txt,1,solved,416,1434
before,2,witch lifter.txt,3,solved,176,564
before,2,witch lifter.txt,5,timeout,3001,14200
before,2,witch lifter.txt,7,timeout,3001,12477
before,2,witch lifter.txt,9,solved,1195,4271
before,2,witch lifter.txt,11,solved,491,2236
before,2,witch lifter.txt,13,timeout,3000,7610
before,2,witch lifter.txt,15,timeout,3001,9077
before,2,wool-clawer.txt,1,timeout,3001,8215
before,2,wool-clawer.txt,3,timeout,3001,7580
before,2,wool-clawer.txt,5,timeout,3000,3264
before,2,wool-clawer.txt,7,timeout,3000,1873
before,2,wool-clawer.txt,9,timeout,3001,2518
before,2,wool-clawer.txt,11,timeout,3000,2360
before,2,you can't make this up.txt,1,timeout,3011,41018
before,2,you complete me.txt,0,timeout,3005,29790
before,2,zokoban.txt,0,timeout,3009,18537
before,3,15 push pull levels.txt,1,solved,21,1342
before,3,15 push pull levels.txt,3,solved,2,137
before,3,15 push pull levels.txt,5,solved,90,5517
before,3,15 push pull levels.txt,7,solved,124,7643
before,3,15 push pull levels.txt,9,solved,71,4319
before,3,15 push pull levels.txt,11,solved,25,1565
before,3,15 push pull levels.txt,13,solved,21,1376
before,3,15 push pull levels.txt,15,solved,34,2195
before,3,15 push pull levels.txt,17,solved,28,1730
before,3,15 push pull levels.txt,19,solved,133,7849
before,3,15 push pull levels.txt,21,solved,721,40792
before,3,15 push pull levels.txt,23,solved,227,13036
before,3,15 push pull levels.txt,25,solved,207,12036
before,3,15 push pull levels.txt,27,solved,425,24213
before,3,15 push pull levels.txt,29,solved,1005,52623
before,3,5-junctions-maker.txt,1,timeout,3004,2971
before,3,5-junctions-maker.txt,3,solved,0,1
before,3,8 happy snakes.txt,1,solved,0,10
before,3,8 happy snakes.txt,3,solved,60,346
before,3,8 happy snakes.txt,5,solved,17,91
before,3,8 happy snakes.txt,7,solved,115,505
before,3,8 happy snakes.txt,9,timeout,3032,68086
before,3,8 happy snakes.txt,11,timeout,3029,52977
before,3,8 happy snakes.txt,13,timeout,3033,61141
before,3,8 happy snakes.txt,15,timeout,3005,10012
before,3,ALL GREEN TO BLUE.txt,1,solved,0,36
before,3,ALL GREEN TO BLUE.txt,3,solved,215,8191
before,3,ALL GREEN TO BLUE.txt,5,solved,95,4892
before,3,ALL GREEN TO BLUE.txt,7,solved,61,3260
before,3,ALL GREEN TO BLUE.txt,9,solved,24,1376
before,3,ALL GREEN TO BLUE.txt,11,solved,1020,42408
before,3,ALL GREEN TO BLUE.txt,13,solved,178,10966
before,3,ALL GREEN TO BLUE.txt,15,solved,2,188
before,3,ALL GREEN TO BLUE.txt,17,solved,368,20062
before,3,ALL GREEN TO BLUE.txt,19,solved,13,884
before,3,ALL GREEN TO BLUE.txt,21,solved,2,89
before,3,Acorn Scorchery Paradise.txt,1,solved,10,489
before,3,Acorn Scorchery Paradise.txt,3,solved,7,380
before,3,Acorn Scorchery Paradise.txt,5,solved,26,1219
before,3,Acorn Scorchery Paradise.txt,7,solved,9,454
before,3,Acorn Scorchery Paradise.txt,9,solved,31,1545
before,3,All Green and Blue on Yellow.txt,1,solved,3,200
before,3,All Green and Blue on Yellow.txt,3,solved,3,166
before,3,All Green and Blue on Yellow.txt,5,solved,16,1249
before,3,All Green and Blue on Yellow.txt,7,solved,16,1343
before,3,All Green and Blue on Yellow.txt,9,solved,18,1260
before,3,Any hole is a goal.txt,1,solved,7,17
before,3,Any hole is a goal.txt,3,solved,260,802
before,3,Any hole is a goal.txt,5,solved,533,1433
before,3,Any hole is a goal.txt,7,solved,221,748
before,3,Any hole is a goal.txt,9,timeout,3002,9504
before,3,Any hole is a goal.txt,11,timeout,3001,8564
before,3,Any hole is a goal.txt,13,timeout,3001,8758
before,3,Any hole is a goal.txt,15,solved,1740,4087
before,3,Any hole is a goal.txt,17,timeout,3001,9352
before,3,Any hole is a goal.txt,19,timeout,3001,9023
before,3,Any hole is a goal.txt,21,timeout,3001,8715
before,3,Any hole is a goal.txt,23,solved,328,1037
before,3,Any hole is a goal.txt,25,timeout,3001,6919
before,3,Any hole is a goal.txt,27,timeout,3001,4954
before,3,Any hole is a goal.txt,29,solved,1636,5339
before,3,Any hole is a goal.txt,31,solved,2105,6892
before,3,Any hole is a goal.txt,33,timeout,3001,9649
before,3,Any hole is a goal.txt,35,timeout,3001,7834
before,3,Any hole is a goal.txt,37,timeout,3001,4499
before,3,Any hole is a goal.txt,39,timeout,3001,7869
before,3,Any hole is a goal.txt,41,timeout,3001,10291
before,3,Any hole is a goal.txt,43,timeout,3001,5529
before,3,Any hole is a goal.txt,45,timeout,3001,4572
before,3,Any hole is a goal.txt,47,timeout,3001,9806
before,3,Any hole is a goal.txt,49,timeout,3001,9692
before,3,Any hole is a goal.txt,51,timeout,3001,7269
before,3,Any hole is a goal.txt,53,timeout,3001,8503
before,3,Any hole is a goal.txt,55,solved,2841,9530
before,3,Any hole is a goal.txt,57,solved,1748,6404
before,3,Any hole is a goal.txt,59,timeout,3001,10584
before,3,Any hole is a goal.txt,61,timeout,3001,9736
before,3,Any hole is a goal.txt,63,timeout,3001,10741
before,3,Any hole is a goal.txt,65,solved,826,3040
before,3,Any hole is a goal.txt,67,timeout,3001,9790
before,3,Any hole is a goal.txt,69,timeout,3001,10633
before,3,Attractor Net.txt,1,solved,95,2014
before,3,Attractor Net.txt,3,solved,121,2769
before,3,Attractor Net.txt,5,solved,6,162
before,3,Attractor Net.txt,7,solved,23,523
before,3,Attractor Net.txt,9,solved,64,1433
before,3,Attractor Net.txt,11,solved,22,571
before,3,Attractor Net.txt,13,solved,124,3034
before,3,Attractor Net.txt,15,solved,75,1772
before,3,Attractor Net.txt,17,solved,1,20
before,3,Attractor Net.txt,19,solved,63,1642
before,3,BIAXIAL INVASION OF SATURN.txt,3,solved,166,523
before,3,BIAXIAL INVASION OF SATURN.txt,5,solved,624,1521
before,3,BIAXIAL INVASION OF SATURN.txt,7,solved,1377,2524
before,3,BIAXIAL INVASION OF SATURN.txt,9,solved,742,1114
before,3,BIAXIAL INVASION OF SATURN.txt,11,solved,1280,1862
before,3,BIAXIAL INVASION OF SATURN.txt,13,solved,278,444
before,3,BIAXIAL INVASION OF SATURN.txt,15,solved,886,1716
before,3,BIAXIAL INVASION OF SATURN.txt,17,solved,2170,2439
before,3,BIAXIAL INVASION OF SATURN.txt,19,timeout,3000,1762
before,3,BIAXIAL INVASION OF SATURN.txt,21,timeout,3000,1317
before,3,BIAXIAL INVASION OF SATURN.txt,23,timeout,3000,2005
before,3,BIAXIAL INVASION OF SATURN.txt,25,timeout,3004,179
before,3,BIAXIAL INVASION OF SATURN.txt,28,solved,0,1
before,3,BIAXIAL INVASION OF SATURN.txt,29,solved,0,1
before,3,BIAXIAL INVASION OF SATURN.txt,30,solved,0,1
before,3,BIAXIAL INVASION OF SATURN.txt,31,solved,1,1
before,3,Bicycle-Kick Football.txt,1,solved,346,621
before,3,Bicycle-Kick Football.txt,4,solved,13,91
before,3,Bicycle-Kick Football.txt,7,solved,166,685
before,3,Bicycle-Kick Football.txt,10,solved,801,4988
before,3,Bicycle-Kick Football.txt,13,solved,385,1171
before,3,Bicycle-Kick Football.txt,16,solved,477,2614
before,3,Bring the ice cube to the goal without exposing it to heat.txt,1,timeout,3000,2958
before,3,CODEX LUBRICUS.txt,2,solved,46,130
before,3,CODEX LUBRICUS.txt,4,solved,64,93
before,3,CODEX LUBRICUS.txt,6,solved,70,73
before,3,CODEX LUBRICUS.txt,8,solved,36,93
before,3,CODEX LUBRICUS.txt,10,solved,96,113
before,3,CODEX LUBRICUS.txt,12,solved,78,149
before,3,CODEX LUBRICUS.txt,14,solved,67,111
before,3,CODEX LUBRICUS.txt,16,solved,69,118
before,3,CODEX LUBRICUS.txt,18,solved,95,105
before,3,CODEX LUBRICUS.txt,20,solved,106,115
before,3,CODEX LUBRICUS.txt,22,solved,68,112
before,3,CODEX LUBRICUS.txt,24,solved,67,116
before,3,CODEX LUBRICUS.txt,26,solved,85,108
before,3,CODEX LUBRICUS.txt,28,solved,99,104
before,3,CODEX LUBRICUS.txt,30,solved,124,131
before,3,CODEX LUBRICUS.txt,32,solved,249,275
before,3,CODEX LUBRICUS.txt,34,solved,103,122
before,3,CODEX LUBRICUS.txt,36,solved,88,164
before,3,CODEX LUBRICUS.txt,38,solved,60,102
before,3,CODEX LUBRICUS.txt,40,solved,222,262
before,3,Chevron Lodger.txt,1,solved,2,67
before,3,Chevron Lodger.txt,3,solved,56,1755
before,3,Chevron Lodger.txt,5,solved,178,5035
before,3,Chevron Lodger.txt,7,solved,25,823
before,3,Chevron Lodger.txt,9,solved,247,7084
before,3,Chevron Lodger.txt,11,solved,1250,28539
before,3,Crates move when you move.txt,1,solved,3,138
before,3,Crates move when you move.txt,3,solved,1,73
before,3,Crates move when you move.txt,5,solved,1,49
before,3,Crates move when you move.txt,7,solved,3,115
before,3,Crates move when you move.txt,9,solved,2,71
before,3,Crates move when you move.txt,11,solved,0,3
before,3,Crates move when you move.txt,13,solved,10,348
before,3,Crates move when you move.txt,15,solved,7,230
before,3,Crates move when you move.txt,17,solved,2,93
before,3,Crates move when you move.txt,19,solved,11,415
before,3,Cucumber Surprise.txt,2,solved,5,259
before,3,Cucumber Surprise.txt,5,solved,6,201
before,3,Cucumber Surprise.txt,7,solved,31,1178
before,3,Cucumber Surprise.txt,9,solved,72,2499
before,3,Cucumber Surprise.txt,11,solved,228,7606
before,3,Cucumber Surprise.txt,13,solved,32,1163
before,3,Cucumber Surprise.txt,15,solved,57,2202
before,3,Cucumber Surprise.txt,17,solved,25,916
before,3,Cucumber Surprise.txt,19,solved,35,1311
before,3,Cucumber Surprise.txt,21,solved,246,8142
before,3,Cucumber Surprise.txt,23,solved,92,3449
before,3,Cucumber Surprise.txt,25,solved,31,1243
before,3,Cucumber Surprise.txt,27,solved,205,7437
before,3,Cucumber Surprise.txt,29,solved,19,731
before,3,Cucumber Surprise.txt,31,solved,58,2119
before,3,Cucumber Surprise.txt,33,solved,96,3415
before,3,Cucumber Surprise.txt,35,solved,52,1727
before,3,Cucumber Surprise.txt,37,solved,25,812
before,3,Cucumber Surprise.txt,39,solved,93,2968
before,3,Cucumber Surprise.txt,41,solved,611,18932
before,3,Des Poseidons Dreizack.txt,1,timeout,3000,1456
before,3,Des Poseidons Dreizack.txt,3,timeout,3000,1399
before,3,Des Poseidons Dreizack.txt,5,timeout,3000,1264
before,3,Des Poseidons Dreizack.txt,6,solved,1,9
before,3,Des Poseidons Dreizack.txt,7,solved,0,1
before,3,Don't let your goals slip away.txt,1,solved,1,63
before,3,Don't let your goals slip away.txt,3,solved,92,4881
before,3,Don't let your goals slip away.txt,5,solved,2,121
before,3,Don't let your goals slip away.txt,7,solved,10,512
before,3,Don't let your goals slip away.txt,9,solved,24,1317
before,3,Don't let your goals slip away.txt,11,solved,113,5817
before,3,Don't let your goals slip away.txt,13,solved,37,2187
before,3,Don't let your goals slip away.txt,15,solved,144,7721
before,3,Double-Entry Bookkeeping Simulator.txt,1,timeout,3003,22416
before,3,Double-Entry Bookkeeping Simulator.txt,3,timeout,3001,8040
before,3,Double-Entry Bookkeeping Simulator.txt,5,solved,1135,6575
before,3,Double-Entry Bookkeeping Simulator.txt,7,timeout,3004,15804
before,3,Double-Entry Bookkeeping Simulator.txt,9,timeout,3002,11057
before,3,Double-Entry Bookkeeping Simulator.txt,11,timeout,3001,7697
before,3,Double-Entry Bookkeeping Simulator.txt,13,timeout,3000,3919
before,3,Double-Entry Bookkeeping Simulator.txt,15,timeout,3002,5132
before,3,Double-Entry Bookkeeping Simulator.txt,17,timeout,3003,17510
before,3,Explodoban.txt,1,solved,9,437
before,3,Explodoban.txt,3,solved,8,320
before,3,Explodoban.txt,5,solved,74,3082
before,3,Explodoban.txt,7,solved,163,5873
before,3,Explodoban.txt,9,solved,91,3907
before,3,Explodoban.txt,11,solved,68,2959
before,3,Explodoban.txt,13,solved,395,15980
before,3,Eyeball-watching flowers bloom.txt,1,solved,2,53
before,3,Eyeball-watching flowers bloom.txt,3,solved,201,4076
before,3,Eyeball-watching flowers bloom.txt,5,timeout,3007,53258
before,3,Garten der Medusen.txt,1,solved,7,6
before,3,Garten der Medusen.txt,3,solved,7,4
before,3,Garten der Medusen.txt,5,solved,9,6
before,3,Garten der Medusen.txt,7,timeout,3000,3027
before,3,Garten der Medusen.txt,9,timeout,3001,1590
before,3,Garten der Medusen.txt,11,timeout,3001,1892
before,3,Garten der Medusen.txt,13,timeout,3002,532
before,3,Garten der Medusen.txt,15,timeout,3002,552
before,3,Hole-Stuffer.txt,1,solved,533,6585
before,3,Hole-Stuffer.txt,3,solved,268,3591
before,3,Hole-Stuffer.txt,5,solved,13,178
before,3,Hole-Stuffer.txt,7,timeout,3008,36350
before,3,"Individuals can produce a society, but can a society produce individuals.txt",1,timeout,3009,6639
before,3,It gets its Feet Wet.txt,1,timeout,3002,2601
before,3,Legend of Swixero.txt,1,solved,8,369
before,3,Legend of Swixero.txt,3,solved,28,1444
before,3,Legend of Swixero.txt,5,solved,16,450
before,3,Legend of Swixero.txt,7,timeout,3019,122393
before,3,Legend of Swixero.txt,9,solved,609,27305
before,3,Match two two by twos.txt,2,timeout,3006,14990
before,3,Match two two by twos.txt,4,timeout,3004,8518
before,3,Match two two by twos.txt,6,timeout,3003,8541
before,3,Match-Maker.txt,1,solved,43,1111
before,3,Match-Maker.txt,3,solved,4,66
before,3,Match-Maker.txt,5,solved,14,214
before,3,Match-Maker.txt,7,solved,296,4771
before,3,Match-Maker.txt,9,solved,1039,15001
before,3,Match-Maker.txt,11,solved,314,5545
before,3,Match-Maker.txt,13,solved,201,3402
before,3,Match-Maker.txt,15,solved,308,4839
before,3,Match-Maker.txt,17,solved,2805,33440
before,3,Microban x 10.txt,2,timeout,3002,2043
before,3,Muraphilic Monophobic Multiban.txt,1,solved,2025,66664
before,3,Muraphilic Monophobic Multiban.txt,3,solved,0,6
before,3,Muraphilic Monophobic Multiban.txt,5,solved,11,390
before,3,Muraphilic Monophobic Multiban.txt,7,solved,109,4207
before,3,Muraphilic Monophobic Multiban.txt,9,solved,278,10623
before,3,Muraphilic Monophobic Multiban.txt,11,solved,72,2039
before,3,Muraphilic Monophobic Multiban.txt,13,solved,28,1149
before,3,Muraphilic Monophobic Multiban.txt,15,timeout,3026,104401
before,3,NIGHTMARECROBAN.txt,1,solved,6,309
before,3,NIGHTMARECROBAN.txt,3,solved,32,1682
before,3,NIGHTMARECROBAN.txt,5,solved,27,1170
before,3,NIGHTMARECROBAN.txt,7,solved,11,387
before,3,NIGHTMARECROBAN.txt,9,solved,13,515
before,3,NIGHTMARECROBAN.txt,11,solved,36,1605
before,3,NIGHTMARECROBAN.txt,13,solved,90,3677
before,3,Neoprenanzieher.txt,2,timeout,3004,5170
before,3,North Wind Simple Sailboat Buoy Collection.txt,2,exhausted,1,9
before,3,North Wind Simple Sailboat Buoy Collection.txt,4,exhausted,2,9
before,3,North Wind Simple Sailboat Buoy Collection.txt,6,exhausted,2,9
before,3,Oh No My Dog Is About To Swallow A Piece Of.txt,1,timeout,3004,864
before,3,Place the crate on the targets.txt,1,timeout,3018,15646
before,3,Pocket Gopher - Root-Shoot Nibbler.txt,2,timeout,3001,15738
before,3,Pocket Gopher - Root-Shoot Nibbler.txt,5,solved,2852,14859
before,3,Pocket Gopher - Root-Shoot Nibbler.txt,8,timeout,3001,14613
before,3,Pocket Gopher - Root-Shoot Nibbler.txt,11,solved,2602,5454
before,3,Pocket Gopher - Root-Shoot Nibbler.txt,14,timeout,3000,9662
before,3,Pushy-V Pully-H.txt,1,solved,11,664
before,3,Pushy-V Pully-H.txt,3,solved,0,25
before,3,Pushy-V Pully-H.txt,5,solved,15,866
before,3,Pushy-V Pully-H.txt,7,solved,28,1738
before,3,Pushy-V Pully-H.txt,9,solved,0,14
before,3,Pushy-V Pully-H.txt,11,solved,2,109
before,3,Pushy-V Pully-H.txt,13,solved,1,78
before,3,Pushy-V Pully-H.txt,15,solved,79,3497
before,3,Pushy-V Pully-H.txt,17,solved,63,2857
before,3,Pushy-V Pully-H.txt,19,solved,2,72
before,3,Pushy-V Pully-H.txt,21,solved,170,9302
before,3,"Put the logs in the water, elephant.txt",1,solved,469,5641
before,3,"Put the logs in the water, elephant.txt",4,solved,67,770
before,3,"Put the logs in the water, elephant.txt",7,solved,400,3935
before,3,"Put the logs in the water, elephant.txt",10,solved,129,1313
before,3,"Put the logs in the water, elephant.txt",13,timeout,3008,37171
before,3,"Put the logs in the water, elephant.txt",16,solved,420,5710
before,3,"Put the logs in the water, elephant.txt",19,solved,490,3578
before,3,"Put the logs in the water, elephant.txt",22,solved,540,5657
before,3,Putting Bicycle Helmets on Young Children.txt,1,timeout,3002,1591
before,3,Putting Bicycle Helmets on Young Children.txt,3,timeout,3004,797
before,3,Putting Bicycle Helmets on Young Children.txt,5,timeout,3008,434
before,3,Recondite Star Sector Sigma.txt,1,solved,11,644
before,3,Recondite Star Sector Sigma.txt,3,solved,155,7848
before,3,Recondite Star Sector Sigma.txt,5,solved,117,6910
before,3,Recondite Star Sector Sigma.txt,7,solved,217,9804
before,3,Recondite Star Sector Sigma.txt,9,solved,151,9178
before,3,Recondite Star Sector Sigma.txt,11,solved,22,1338
before,3,Recondite Star Sector Sigma.txt,13,solved,298,12443
before,3,Recondite Star Sector Sigma.txt,15,solved,91,3835
before,3,Recondite Star Sector Sigma.txt,17,solved,305,13908
before,3,Recondite Star Sector Sigma.txt,19,solved,30,1580
before,3,Resin-Caster.txt,2,solved,17,1014
before,3,Resin-Caster.txt,4,solved,11,729
before,3,Resin-Caster.txt,6,solved,31,2010
before,3,Resin-Caster.txt,8,solved,81,4444
before,3,Resin-Caster.txt,10,solved,12,762
before,3,Resin-Caster.txt,12,solved,24,1470
before,3,Resin-Caster.txt,14,solved,72,3899
before,3,Resin-Caster.txt,16,solved,9,576
before,3,Resin-Caster.txt,18,solved,18,1073
before,3,Resin-Caster.txt,20,solved,24,1472
before,3,S-tercourse.txt,1,solved,1439,8478
before,3,S-tercourse.txt,3,solved,50,357
before,3,S-tercourse.txt,5,solved,47,302
before,3,S-tercourse.txt,7,timeout,3002,20654
before,3,S-tercourse.txt,9,timeout,3001,21139
before,3,S-tercourse.txt,11,solved,971,6712
before,3,S-tercourse.txt,13,timeout,3002,20446
before,3,S-tercourse.txt,15,timeout,3002,14860
before,3,S-tercourse.txt,17,timeout,3001,13747
before,3,S-tercourse.txt,19,solved,1537,6878
before,3,S-tercourse.txt,21,solved,758,3878
before,3,S-tercourse.txt,23,solved,833,4402
before,3,SWIMMING TIME.txt,2,solved,687,660
before,3,Scalesoban.txt,1,solved,0,14
before,3,Scalesoban.txt,3,solved,2,91
before,3,Scalesoban.txt,5,solved,25,858
before,3,Schleimban.txt,1,solved,46,306
before,3,Schleimban.txt,3,solved,109,768
before,3,Schleimban.txt,5,solved,88,548
before,3,Schleimban.txt,7,solved,126,1018
before,3,Schleimban.txt,9,solved,78,503
before,3,Schleimban.txt,11,solved,0,1
before,3,Subway upholstry snot smearing championship.txt,2,solved,339,6991
before,3,Subway upholstry snot smearing championship.txt,4,solved,9,240
before,3,Subway upholstry snot smearing championship.txt,6,solved,6,96
before,3,Subway upholstry snot smearing championship.txt,8,solved,1251,15750
before,3,Subway upholstry snot smearing championship.txt,10,solved,185,3469
before,3,Subway upholstry snot smearing championship.txt,12,solved,107,1208
before,3,Subway upholstry snot smearing championship.txt,14,timeout,3004,34846
before,3,The Far Away Danish Pastry is always Delicio.txt,1,solved,0,7
before,3,The Far Away Danish Pastry is always Delicio.txt,3,solved,0,10
before,3,The Far Away Danish Pastry is always Delicio.txt,5,solved,5,183
before,3,The Far Away Danish Pastry is always Delicio.txt,7,solved,1,45
before,3,The Far Away Danish Pastry is always Delicio.txt,9,solved,2,74
before,3,The Far Away Danish Pastry is always Delicio.txt,11,solved,82,3545
before,3,The Far Away Danish Pastry is always Delicio.txt,13,solved,29,1232
before,3,The Far Away Danish Pastry is always Delicio.txt,15,solved,113,4154
before,3,The Monsterous Autoshove.txt,1,solved,76,710
before,3,The Monsterous Autoshove.txt,3,solved,147,921
before,3,The Monsterous Autoshove.txt,5,timeout,3001,13468
before,3,The Monsterous Autoshove.txt,7,solved,63,575
before,3,The Monsterous Autoshove.txt,9,timeout,3003,13667
before,3,The Monsterous Autoshove.txt,11,timeout,3001,15032
before,3,The sponge what lights up the seafloor.txt,1,solved,129,503
before,3,The sponge what lights up the seafloor.txt,3,solved,317,1566
before,3,The sponge what lights up the seafloor.txt,5,solved,1404,4665
before,3,The sponge what lights up the seafloor.txt,7,solved,133,633
before,3,The sponge what lights up the seafloor.txt,9,solved,305,1501
before,3,The sponge what lights up the seafloor.txt,11,solved,187,942
before,3,The sponge what lights up the seafloor.txt,13,timeout,3001,14166
before,3,The sponge what lights up the seafloor.txt,15,timeout,3001,13630
before,3,The sponge what lights up the seafloor.txt,17,timeout,3002,13471
before,3,The sponge what lights up the seafloor.txt,19,timeout,3001,12338
before,3,Two-Step Pete.txt,1,solved,1,61
before,3,Two-Step Pete.txt,3,solved,58,2153
before,3,Two-Step Pete.txt,5,solved,6,305
before,3,Two-Step Pete.txt,7,timeout,3018,75819
before,3,Two-Step Pete.txt,9,solved,46,1810
before,3,Two-Step Pete.txt,11,solved,2,99
before,3,Two-Step Pete.txt,13,solved,17,756
before,3,Two-Step Pete.txt,15,solved,421,16469
before,3,Two-Tone Tango.txt,1,solved,67,1805
before,3,Two-Tone Tango.txt,3,solved,21,569
before,3,Two-Tone Tango.txt,5,solved,40,1163
before,3,Two-Tone Tango.txt,7,solved,245,6728
before,3,Two-Tone Tango.txt,9,solved,1,38
before,3,Two-Tone Tango.txt,11,solved,28,747
before,3,Two-Tone Tango.txt,13,solved,146,4124
before,3,Two-Tone Tango.txt,15,solved,103,3028
before,3,Van-to-Mobile-Living-Space-Conversion Window.txt,1,solved,2,39
before,3,Van-to-Mobile-Living-Space-Conversion Window.txt,3,solved,85,1296
before,3,Van-to-Mobile-Living-Space-Conversion Window.txt,5,solved,4,49
before,3,Van-to-Mobile-Living-Space-Conversion Window.txt,7,solved,1093,14232
before,3,Van-to-Mobile-Living-Space-Conversion Window.txt,9,solved,291,4464
before,3,Van-to-Mobile-Living-Space-Conversion Window.txt,11,solved,752,10643
before,3,Van-to-Mobile-Living-Space-Conversion Window.txt,13,solved,59,938
before,3,Van-to-Mobile-Living-Space-Conversion Window.txt,15,solved,225,3383
before,3,Van-to-Mobile-Living-Space-Conversion Window.txt,17,solved,41,673
before,3,Van-to-Mobile-Living-Space-Conversion Window.txt,19,solved,1924,24774
before,3,Van-to-Mobile-Living-Space-Conversion Window.txt,21,solved,1422,20552
before,3,Van-to-Mobile-Living-Space-Conversion Window.txt,23,solved,127,1754
before,3,Van-to-Mobile-Living-Space-Conversion Window.txt,25,solved,657,9769
before,3,Van-to-Mobile-Living-Space-Conversion Window.txt,27,timeout,3008,41660
before,3,Varifocal Nightmare.txt,1,solved,44,1456
before,3,Varifocal Nightmare.txt,3,solved,23,780
before,3,Varifocal Nightmare.txt,5,solved,67,2291
before,3,Varifocal Nightmare.txt,7,solved,845,25083
before,3,Varifocal Nightmare.txt,9,solved,175,4318
before,3,Vexatious Match 3.txt,2,timeout,3013,73747
before,3,Vexatious Match 3.txt,4,solved,856,27618
before,3,Vexatious Match 3.txt,6,solved,1071,36190
before,3,Vexatious Match 3.txt,8,solved,1173,35574
before,3,Vexatious Match 3.txt,10,solved,45,1992
before,3,Voitex Rasteriser 2.txt,1,timeout,3021,54086
before,3,Voitex Rasteriser.txt,0,timeout,3030,98167
before,3,Voitex Rasteriser.txt,2,solved,0,1
before,3,Wand Spinner.txt,1,solved,6,263
before,3,Wand Spinner.txt,3,solved,5,214
before,3,Wand Spinner.txt,5,solved,73,2715
before,3,Wand Spinner.txt,7,solved,103,4051
before,3,Wand Spinner.txt,9,solved,11,417
before,3,Wand Spinner.txt,11,solved,24,949
before,3,Wand Spinner.txt,13,solved,33,1308
before,3,Wand Spinner.txt,15,solved,12,513
before,3,Wand Spinner.txt,17,solved,24,973
before,3,Wand Spinner.txt,19,solved,47,1879
before,3,Wand Spinner.txt,21,solved,19,796
before,3,Wand Spinner.txt,23,solved,234,9400
before,3,Wand Spinner.txt,25,solved,19,721
before,3,Wand Spinner.txt,27,solved,84,3180
before,3,Wand Spinner.txt,29,solved,397,15178
before,3,Wand Spinner.txt,31,solved,57,2265
before,3,Wand Spinner.txt,33,solved,2,68
before,3,Wand Spinner.txt,35,solved,146,5885
before,3,Xorro The Chaos Warden.txt,1,solved,6,267
before,3,Xorro The Chaos Warden.txt,3,solved,111,4418
before,3,Xorro The Chaos Warden.txt,5,solved,87,3553
before,3,Xorro The Chaos Warden.txt,7,solved,579,16952
before,3,Yellow Box.txt,1,solved,117,3503
before,3,Yellow Box.txt,3,solved,15,332
before,3,Yellow Box.txt,5,solved,2,49
before,3,Yellow Box.txt,7,solved,13,293
before,3,Yellow Box.txt,9,solved,64,1318
before,3,Yellow Box.txt,11,solved,82,1642
before,3,Yellow Box.txt,13,solved,13,285
before,3,Yellow Box.txt,15,solved,1509,59501
before,3,Yellow Box.txt,17,solved,3,58
before,3,Yellow Box.txt,19,solved,15,272
before,3,Yellow Box.txt,21,solved,78,1639
before,3,Yellow Box.txt,23,solved,1,20
before,3,Yellow Box.txt,25,solved,14,259
before,3,Yellow Box.txt,27,solved,26,498
before,3,Yellow Box.txt,29,solved,16,280
before,3,Yellow Box.txt,31,solved,118,2277
before,3,Yellow Box.txt,33,solved,16,284
before,3,Yellow Box.txt,35,solved,675,12609
before,3,a clear view of the sky.txt,3,solved,44,58
before,3,a clear view of the sky.txt,6,solved,26,55
before,3,a clear view of the sky.txt,8,solved,33,60
before,3,a clear view of the sky.txt,10,solved,21,52
before,3,a clear view of the sky.txt,12,solved,28,54
before,3,a clear view of the sky.txt,14,solved,27,43
before,3,a clear view of the sky.txt,16,solved,109,185
before,3,a clear view of the sky.txt,18,solved,1684,1778
before,3,a clear view of the sky.txt,20,solved,65,64
before,3,a clear view of the sky.txt,22,solved,229,235
before,3,a clear view of the sky.txt,24,solved,423,600
before,3,a clear view of the sky.txt,26,timeout,3001,1641
before,3,a clear view of the sky.txt,28,timeout,3000,726
before,3,a clear view of the sky.txt,30,solved,0,1
before,3,a clear view of the sky.txt,31,solved,0,1
before,3,a clear view of the sky.txt,32,solved,0,1
before,3,a clear view of the sky.txt,33,solved,0,1
before,3,a clear view of the sky.txt,34,solved,0,1
before,3,a clear view of the sky.txt,35,solved,0,1
before,3,a cliche for bedtime.txt,1,timeout,3026,98426
before,3,a distant sunset.txt,1,solved,27,83
before,3,a distant sunset.txt,3,solved,0,1
before,3,a distant sunset.txt,4,solved,0,1
before,3,a distant sunset.txt,5,solved,0,1
before,3,alternatey.txt,2,solved,39,151
before,3,alternatey.txt,4,solved,411,510
before,3,alternatey.txt,6,solved,903,2703
before,3,an ok multiban level.txt,1,solved,334,16501
before,3,atlas shrank.txt,1,solved,1,11
before,3,atlas shrank.txt,4,solved,211,1898
before,3,atlas shrank.txt,5,solved,143,887
before,3,atlas shrank.txt,6,solved,686,4258
before,3,atlas shrank.txt,8,timeout,3000,8526
before,3,atlas shrank.txt,10,solved,136,611
before,3,atlas shrank.txt,11,timeout,3001,11523
before,3,atlas shrank.txt,12,timeout,3001,13794
before,3,atlas shrank.txt,14,timeout,3006,12081
before,3,atlas shrank.txt,15,timeout,3001,4098
before,3,atlas shrank.txt,16,timeout,3000,3912
before,3,atlas shrank.txt,17,timeout,3001,9652
before,3,autohurdler.txt,1,solved,11,124
before,3,autohurdler.txt,3,solved,4,35
before,3,autohurdler.txt,5,timeout,3004,36114
before,3,autohurdler.txt,7,solved,44,402
before,3,big dog and little dog.txt,1,solved,241,2021
before,3,big dog and little dog.txt,3,timeout,3002,21963
before,3,big dog and little dog.txt,5,timeout,3006,17082
before,3,big dog and little dog.txt,7,timeout,3004,17053
before,3,big dog and little dog.txt,9,timeout,3002,13699
before,3,big dog and little dog.txt,11,timeout,3003,7160
before,3,bouncers.txt,1,timeout,3023,83357
before,3,bouncers.txt,3,timeout,3027,78674
before,3,bouncers.txt,5,timeout,3028,79473
before,3,bouncers.txt,7,timeout,3036,70473
before,3,bouncers.txt,9,timeout,3033,56021
before,3,butteater.txt,1,solved,25,482
before,3,butteater.txt,3,timeout,3008,51399
before,3,byyourside.txt,0,solved,2,17
before,3,byyourside.txt,1,solved,101,1231
before,3,byyourside.txt,2,solved,19,216
before,3,byyourside.txt,3,solved,1,14
before,3,byyourside.txt,4,solved,20,264
before,3,byyourside.txt,5,solved,20,299
before,3,byyourside.txt,6,solved,0,5
before,3,byyourside.txt,7,solved,1,16
before,3,byyourside.txt,8,solved,107,1709
before,3,byyourside.txt,9,solved,65,1062
before,3,cakemonsters.txt,2,solved,0,3
before,3,cakemonsters.txt,4,solved,0,10
before,3,cakemonsters.txt,7,solved,6,208
before,3,cakemonsters.txt,9,solved,7,268
before,3,cakemonsters.txt,11,solved,1,25
before,3,cakemonsters.txt,13,solved,7,275
before,3,cakemonsters.txt,14,solved,1,43
before,3,cakemonsters.txt,15,solved,7,305
before,3,cakemonsters.txt,16,solved,30,1021
before,3,cakemonsters.txt,17,solved,1,70
before,3,cakemonsters.txt,18,solved,0,10
before,3,cakemonsters.txt,20,timeout,3017,74587
before,3,cakemonsters.txt,21,solved,130,3880
before,3,cakemonsters.txt,22,solved,10,326
before,3,cakemonsters.txt,24,solved,0,18
before,3,cakemonsters.txt,25,solved,0,7
before,3,cakemonsters.txt,26,solved,0,8
before,3,cakemonsters.txt,27,solved,0,9
before,3,cakemonsters.txt,28,solved,12,380
before,3,cakemonsters.txt,29,solved,8,314
before,3,cakemonsters.txt,31,solved,1,40
before,3,cakemonsters.txt,32,solved,34,1164
before,3,cakemonsters.txt,33,solved,104,3917
before,3,cakemonsters.txt,34,timeout,3025,70181
before,3,cakemonsters.txt,35,solved,8,259
before,3,cakemonsters.txt,37,timeout,3017,67691
before,3,cakemonsters.txt,38,solved,179,6123
before,3,cakemonsters.txt,39,solved,0,18
before,3,cakemonsters.txt,40,solved,141,4864
before,3,cakemonsters.txt,41,solved,2318,73546
before,3,cakemonsters.txt,43,solved,1,34
before,3,cakemonsters.txt,44,solved,159,5188
before,3,cakemonsters.txt,46,solved,48,1821
before,3,cakemonsters.txt,47,timeout,3010,99590
before,3,cakemonsters.txt,49,solved,238,9290
before,3,cakemonsters.txt,52,solved,566,16398
before,3,car crash.txt,1,timeout,3005,1179
before,3,car crash.txt,2,solved,389,0
before,3,castlecloset.txt,0,solved,151,2695
before,3,castlemouse.txt,1,solved,11,48
before,3,castlemouse.txt,3,solved,12,42
before,3,castlemouse.txt,5,solved,37,139
before,3,castlemouse.txt,7,solved,69,272
before,3,castlemouse.txt,9,solved,4,20
before,3,castlemouse.txt,11,solved,396,1139
before,3,castlemouse.txt,13,solved,2,6
before,3,castlemouse.txt,15,solved,6,12
before,3,castlemouse.txt,17,solved,1,3
before,3,castlemouse.txt,19,solved,8,9
before,3,chaos wizard.txt,2,solved,114,960
before,3,chaos wizard.txt,3,solved,22,293
before,3,chaos wizard.txt,4,timeout,3006,42467
before,3,chaos wizard.txt,5,solved,1942,32254
before,3,chaos wizard.txt,6,timeout,3009,31496
before,3,chaos wizard.txt,7,timeout,3010,42878
before,3,chaos wizard.txt,8,timeout,3015,38985
before,3,chaos wizard.txt,9,timeout,3017,47146
before,3,chaos wizard.txt,10,timeout,3009,43227
before,3,chaos wizard.txt,11,solved,1966,29559
before,3,chaos wizard.txt,12,timeout,3010,37521
before,3,chaos wizard.txt,13,timeout,3010,38097
before,3,chaos wizard.txt,14,solved,418,5327
before,3,chaos wizard.txt,15,timeout,3007,40137
before,3,chaos wizard.txt,16,timeout,3021,45568
before,3,chaos wizard.txt,17,timeout,3004,36518
before,3,chaos wizard.txt,18,timeout,3008,41606
before,3,chaos wizard.txt,19,timeout,3005,39313
before,3,chaos wizard.txt,20,timeout,3016,30800
before,3,chaos wizard.txt,22,solved,11,65
before,3,chaos wizard.txt,24,timeout,3008,23038
before,3,chaos wizard.txt,27,timeout,3009,29919
before,3,coincounter.txt,0,solved,2,9
before,3,coincounter.txt,1,solved,3,22
before,3,coincounter.txt,2,solved,11,69
before,3,coincounter.txt,3,solved,14,93
before,3,coincounter.txt,4,solved,60,289
before,3,coincounter.txt,5,solved,55,287
before,3,coincounter.txt,6,solved,170,892
before,3,coincounter.txt,7,solved,378,2309
before,3,coincounter.txt,8,solved,11,51
before,3,coincounter.txt,9,solved,2,7
before,3,coincounter.txt,10,solved,0,1
before,3,collapse.txt,2,solved,277,186
before,3,collapse.txt,3,timeout,3000,1351
before,3,color chained.txt,0,solved,16,31
before,3,color chained.txt,1,solved,6,9
before,3,color chained.txt,2,solved,347,645
before,3,color chained.txt,3,solved,101,160
before,3,color chained.txt,4,solved,81,139
before,3,color chained.txt,5,solved,566,959
before,3,color chained.txt,6,timeout,3001,4452
before,3,color chained.txt,7,timeout,3002,3591
before,3,color chained.txt,8,timeout,3000,3867
before,3,color chained.txt,9,solved,2810,3056
before,3,color chained.txt,10,solved,2703,3182
before,3,color chained.txt,14,timeout,3000,2780
before,3,constellationz.txt,0,solved,0,5
before,3,constellationz.txt,1,solved,0,5
before,3,constellationz.txt,2,solved,4,72
before,3,constellationz.txt,3,solved,0,10
before,3,constellationz.txt,4,solved,8,124
before,3,constellationz.txt,5,solved,12,28
before,3,constellationz.txt,6,solved,235,1718
before,3,constellationz.txt,7,solved,191,1466
before,3,constellationz.txt,8,timeout,3007,33501
before,3,constellationz.txt,9,solved,521,4056
before,3,constellationz.txt,10,solved,528,5772
before,3,cooperacing.txt,3,solved,404,4508
before,3,cooperacing.txt,5,solved,1075,13019
before,3,cooperacing.txt,8,timeout,3005,35089
before,3,cooperacing.txt,10,timeout,3005,35096
before,3,crate guardian.txt,1,solved,391,7184
before,3,crate guardian.txt,3,solved,84,1913
before,3,crate guardian.txt,5,solved,429,8633
before,3,crate guardian.txt,7,solved,593,12334
before,3,crate guardian.txt,9,solved,2127,35696
before,3,crate guardian.txt,11,timeout,3005,55750
before,3,crate swap.txt,1,solved,20,1202
before,3,crate swap.txt,3,solved,11,714
before,3,crate swap.txt,5,solved,29,1659
before,3,crate swap.txt,7,solved,33,1732
before,3,crate swap.txt,9,solved,43,2606
before,3,crate swap.txt,11,solved,49,3024
before,3,crate swap.txt,13,solved,45,2569
before,3,crate swap.txt,15,solved,33,1789
before,3,cratopia.txt,2,solved,5,70
before,3,cratopia.txt,3,solved,1076,10496
before,3,cratopia.txt,5,solved,70,764
before,3,cratopia.txt,9,timeout,3004,20472
before,3,cratopia.txt,11,solved,790,9214
before,3,cratopia.txt,12,timeout,3006,29664
before,3,cratopia.txt,13,timeout,3003,16363
before,3,cratopia.txt,14,timeout,3004,30158
before,3,cratopia.txt,15,timeout,3006,30989
before,3,cratopia.txt,16,timeout,3008,26306
before,3,cratopia.txt,17,timeout,3005,32124
before,3,cratopia.txt,18,timeout,3006,33745
before,3,cratopia.txt,19,timeout,3004,30509
before,3,cratopia.txt,20,solved,25,31
before,3,cratopia.txt,21,solved,40,0
before,3,cratopia.txt,22,solved,36,0
before,3,cratopia.txt,23,solved,41,0
before,3,cute train.txt,1,timeout,3006,764
before,3,der hydra krypta.txt,1,solved,45,21
before,3,der hydra krypta.txt,3,timeout,3000,796
before,3,der hydra krypta.txt,5,timeout,3001,886
before,3,der hydra krypta.txt,7,timeout,3001,424
before,3,der hydra krypta.txt,9,timeout,3000,802
before,3,der hydra krypta.txt,11,timeout,3001,731
before,3,der hydra krypta.txt,13,solved,0,1
before,3,dice goblin.txt,3,timeout,3001,5450
before,3,die schoene steinmetzin.txt,1,timeout,3001,10237
before,3,die schoene steinmetzin.txt,3,timeout,3002,11438
before,3,die schoene steinmetzin.txt,5,solved,343,1183
before,3,die schoene steinmetzin.txt,7,timeout,3001,14819
before,3,die schoene steinmetzin.txt,9,timeout,3002,17756
before,3,die schoene steinmetzin.txt,11,timeout,3002,10337
before,3,die schoene steinmetzin.txt,13,timeout,3002,10486
before,3,die schoene steinmetzin.txt,15,timeout,3001,9189
before,3,die schoene steinmetzin.txt,16,exhausted,0,1
before,3,diesinthelight.txt,0,solved,17,94
before,3,diesinthelight.txt,1,solved,109,432
before,3,diesinthelight.txt,2,solved,1440,4251
before,3,diesinthelight.txt,3,timeout,3001,8383
before,3,dollyban.txt,1,solved,95,3182
before,3,dollyban.txt,3,solved,113,3417
before,3,dollyban.txt,5,solved,510,17811
before,3,dollyban.txt,7,solved,508,17784
before,3,dollyban.txt,9,solved,507,17742
before,3,dollyban.txt,11,timeout,3007,92075
before,3,dollyban.txt,13,solved,180,5653
before,3,dollyban.txt,15,solved,1391,42080
before,3,dollyban.txt,17,timeout,3008,91602
before,3,dollyban.txt,19,timeout,3006,91697
before,3,dollyban.txt,21,timeout,3008,92038
before,3,dollyban.txt,23,solved,362,11508
before,3,dollyban.txt,25,timeout,3008,82006
before,3,dollyban.txt,27,timeout,3007,84066
before,3,dollyban.txt,29,timeout,3006,82232
before,3,dreizack.txt,1,timeout,3000,1448
before,3,dreizack.txt,3,timeout,3000,1353
before,3,dreizack.txt,5,timeout,3000,1255
before,3,dreizack.txt,6,solved,1,9
before,3,dreizack.txt,7,solved,0,1
before,3,dropswap.txt,3,solved,108,1246
before,3,dropswap.txt,5,solved,114,831
before,3,dropswap.txt,8,timeout,3002,14541
before,3,dropswap.txt,12,solved,124,728
before,3,dropswap.txt,14,timeout,3002,13406
before,3,dungeon janitor.txt,2,solved,1,22
before,3,dungeon janitor.txt,4,solved,1573,14685
before,3,dungeon janitor.txt,6,timeout,3003,21328
before,3,dungeon janitor.txt,9,timeout,3002,10654
before,3,easyenigma.txt,0,solved,2,5
before,3,easyenigma.txt,1,solved,0,1
before,3,easyenigma.txt,2,solved,149,455
before,3,easyenigma.txt,3,solved,2,2
before,3,easyenigma.txt,4,solved,1,2
before,3,easyenigma.txt,5,solved,226,363
before,3,easyenigma.txt,6,solved,3,5
before,3,easyenigma.txt,7,solved,4,7
before,3,easyenigma.txt,8,solved,79,99
before,3,easyenigma.txt,9,solved,2,1
before,3,easyenigma.txt,10,solved,8,2
before,3,easyenigma.txt,11,timeout,3031,6075
before,3,easyenigma.txt,12,solved,18,2
before,3,easyenigma.txt,13,solved,8,13
before,3,easyenigma.txt,14,solved,2,1
before,3,easyenigma.txt,15,solved,3,5
before,3,easyenigma.txt,16,timeout,3009,3577
before,3,easyenigma.txt,17,solved,1216,2
before,3,easyenigma.txt,18,solved,2,2
before,3,easyenigma.txt,19,timeout,3004,1367
before,3,easyenigma.txt,20,timeout,3023,3647
before,3,ecosystem generator.txt,1,timeout,3009,14542
before,3,expand also avoid the flames.txt,1,timeout,3006,376
before,3,fickle fred.txt,1,solved,5,226
before,3,fickle fred.txt,3,solved,35,1408
before,3,fickle fred.txt,5,solved,639,26180
before,3,fickle fred.txt,7,solved,88,3331
before,3,fickle fred.txt,9,solved,10,563
before,3,flesh-handed hot casserole delivery bot.txt,1,solved,3,272
before,3,flesh-handed hot casserole delivery bot.txt,2,solved,11,878
before,3,flesh-handed hot casserole delivery bot.txt,4,solved,376,24105
before,3,flesh-handed hot casserole delivery bot.txt,6,solved,408,23540
before,3,flesh-handed hot casserole delivery bot.txt,8,solved,29,1546
before,3,flesh-handed hot casserole delivery bot.txt,10,solved,268,13570
before,3,flesh-handed hot casserole delivery bot.txt,12,solved,30,1923
before,3,flesh-handed hot casserole delivery bot.txt,14,solved,66,4331
before,3,flesh-handed hot casserole delivery bot.txt,16,solved,198,13080
before,3,flesh-handed hot casserole delivery bot.txt,18,solved,686,37504
before,3,gabelstapler.txt,1,solved,173,936
before,3,gabelstapler.txt,3,timeout,3001,12017
before,3,gabelstapler.txt,5,timeout,3001,10039
before,3,gapfiller.txt,1,solved,21,383
before,3,gapfiller.txt,3,solved,236,4611
before,3,gapfiller.txt,5,solved,13,404
before,3,gapfiller.txt,7,solved,58,1441
before,3,gapfiller.txt,9,solved,3,76
before,3,gapfiller.txt,11,solved,1499,31516
before,3,gapfiller.txt,13,solved,11,332
before,3,gapfiller.txt,15,solved,3,87
before,3,gapfiller.txt,17,solved,136,3993
before,3,gapfiller.txt,19,timeout,3006,49293
before,3,gem soketeer.txt,1,solved,222,563
before,3,gem soketeer.txt,3,solved,81,345
before,3,gem soketeer.txt,5,solved,42,111
before,3,gem soketeer.txt,7,solved,31,127
before,3,gem soketeer.txt,9,solved,179,719
before,3,gem soketeer.txt,11,solved,12,53
before,3,gem soketeer.txt,13,solved,937,3401
before,3,gem soketeer.txt,15,timeout,3000,8604
before,3,gem soketeer.txt,17,solved,1587,3572
before,3,gem soketeer.txt,19,timeout,3001,8949
before,3,gem soketeer.txt,21,solved,499,1164
before,3,gem soketeer.txt,23,timeout,3001,6646
before,3,gem soketeer.txt,25,solved,2562,10714
before,3,gem soketeer.txt,27,solved,1148,3318
before,3,gem soketeer.txt,29,solved,567,2727
before,3,gem soketeer.txt,31,solved,530,2606
before,3,gem soketeer.txt,33,solved,1412,6180
before,3,gobble_rush.txt,0,solved,1,11
before,3,gobble_rush.txt,1,solved,5,42
before,3,gobble_rush.txt,2,solved,11,121
before,3,gobble_rush.txt,3,solved,84,926
before,3,gobble_rush.txt,4,solved,6,92
before,3,gobble_rush.txt,5,solved,17,259
before,3,gobble_rush.txt,6,solved,20,257
before,3,gobble_rush.txt,7,solved,21,257
before,3,gobble_rush.txt,8,solved,21,253
before,3,gobble_rush.txt,9,solved,48,575
before,3,gobble_rush.txt,10,solved,19,174
before,3,gobble_rush.txt,11,solved,26,225
before,3,gobble_rush.txt,12,solved,28,192
before,3,gobble_rush.txt,13,solved,6,92
before,3,gobble_rush.txt,14,solved,16,222
before,3,gobble_rush.txt,15,solved,3,34
before,3,gobble_rush.txt,16,solved,30,403
before,3,gobble_rush.txt,17,solved,22,264
before,3,gobble_rush.txt,18,solved,37,436
before,3,gobble_rush.txt,19,solved,119,1386
before,3,gobble_rush.txt,20,solved,0,4
before,3,hairtug.txt,1,solved,11,65
before,3,hairtug.txt,4,timeout,3008,16152
before,3,hairtug.txt,7,timeout,3009,11766
before,3,hairtug.txt,10,solved,533,3148
before,3,hairtug.txt,13,timeout,3007,14943
before,3,head skuller.txt,1,solved,17,717
before,3,head skuller.txt,3,solved,124,6231
before,3,head skuller.txt,5,timeout,3012,127302
before,3,head skuller.txt,7,solved,84,3927
before,3,head skuller.txt,9,timeout,3015,119260
before,3,head skuller.txt,11,solved,513,19720
before,3,head skuller.txt,13,solved,0,1
before,3,hedgehog stimulator.txt,1,solved,817,7489
before,3,hedgehog stimulator.txt,3,timeout,3004,26412
before,3,hedgehog stimulator.txt,5,solved,344,3142
before,3,hedgehog stimulator.txt,7,solved,632,4977
before,3,hedgehog stimulator.txt,9,solved,698,5006
before,3,hedgehog stimulator.txt,11,solved,1347,12669
before,3,hedgehog stimulator.txt,13,solved,352,2657
before,3,hedgehog stimulator.txt,15,solved,688,5351
before,3,hedgehog stimulator.txt,17,timeout,3001,21656
before,3,hedgehog stimulator.txt,19,timeout,3002,21371
before,3,hedgehog stimulator.txt,21,timeout,3001,22906
before,3,hedgehog stimulator.txt,23,timeout,3002,23135
before,3,heroes_of_sokoban.txt,1,solved,0,8
before,3,heroes_of_sokoban.txt,3,solved,15,587
before,3,heroes_of_sokoban.txt,5,solved,1,26
before,3,heroes_of_sokoban.txt,7,timeout,3011,89152
before,3,heroes_of_sokoban.txt,9,solved,1,55
before,3,heroes_of_sokoban.txt,10,solved,679,18699
before,3,heroes_of_sokoban.txt,11,solved,7,257
before,3,heroes_of_sokoban.txt,13,solved,105,2751
before,3,heroes_of_sokoban.txt,14,timeout,3009,70381
before,3,heroes_of_sokoban.txt,15,solved,0,17
before,3,heroes_of_sokoban.txt,17,solved,23,372
before,3,heroes_of_sokoban.txt,19,solved,746,17425
before,3,heroes_of_sokoban.txt,20,timeout,3007,68056
before,3,heroes_of_sokoban.txt,21,timeout,3007,43865
before,3,heroes_of_sokoban.txt,22,solved,15,361
before,3,heroes_of_sokoban.txt,23,solved,181,5422
before,3,heroes_of_sokoban.txt,24,timeout,3009,80988
before,3,heroes_of_sokoban.txt,25,timeout,3010,67930
before,3,heroes_of_sokoban.txt,26,timeout,3011,95695
before,3,heroes_of_sokoban.txt,27,solved,2,77
before,3,heroes_of_sokoban.txt,28,timeout,3012,63679
before,3,heroes_of_sokoban.txt,29,solved,1,10
before,3,heroes_of_sokoban_2.txt,3,solved,580,5484
before,3,heroes_of_sokoban_2.txt,5,solved,2,35
before,3,heroes_of_sokoban_2.txt,6,solved,2,32
before,3,heroes_of_sokoban_2.txt,8,solved,361,7281
before,3,heroes_of_sokoban_2.txt,10,solved,7,73
before,3,heroes_of_sokoban_2.txt,12,timeout,3003,28996
before,3,heroes_of_sokoban_2.txt,13,solved,2779,2262
before,3,heroes_of_sokoban_2.txt,15,solved,19,52
before,3,heroes_of_sokoban_2.txt,17,solved,720,8503
before,3,heroes_of_sokoban_2.txt,19,solved,2214,30440
before,3,heroes_of_sokoban_2.txt,20,timeout,3004,38998
before,3,heroes_of_sokoban_2.txt,21,timeout,3005,38604
before,3,heroes_of_sokoban_2.txt,23,solved,2,21
before,3,heroes_of_sokoban_2.txt,24,solved,198,153
before,3,heroes_of_sokoban_2.txt,26,solved,2731,1874
before,3,heroes_of_sokoban_2.txt,27,timeout,3004,21662
before,3,heroes_of_sokoban_2.txt,28,timeout,3001,2601
before,3,heroes_of_sokoban_2.txt,29,solved,595,4926
before,3,heroes_of_sokoban_2.txt,30,solved,2135,17905
before,3,heroes_of_sokoban_2.txt,31,timeout,3002,27211
before,3,heroes_of_sokoban_2.txt,32,timeout,3009,42309
before,3,heroes_of_sokoban_2.txt,34,timeout,3004,25307
before,3,heroes_of_sokoban_3.txt,3,timeout,3018,37647
before,3,heroes_of_sokoban_3.txt,5,solved,39,324
before,3,heroes_of_sokoban_3.txt,6,solved,11,84
before,3,heroes_of_sokoban_3.txt,8,solved,15,114
before,3,heroes_of_sokoban_3.txt,10,solved,280,3546
before,3,heroes_of_sokoban_3.txt,11,solved,128,1649
before,3,heroes_of_sokoban_3.txt,12,solved,35,393
before,3,heroes_of_sokoban_3.txt,13,timeout,3005,30901
before,3,heroes_of_sokoban_3.txt,14,solved,1867,22236
before,3,heroes_of_sokoban_3.txt,16,timeout,3009,77449
before,3,heroes_of_sokoban_3.txt,17,timeout,3014,62310
before,3,heroes_of_sokoban_3.txt,18,timeout,3006,53936
before,3,heroes_of_sokoban_3.txt,21,timeout,3006,48391
before,3,heroes_of_sokoban_3.txt,22,timeout,3004,26668
before,3,heroes_of_sokoban_3.txt,23,solved,1423,35385
before,3,heroes_of_sokoban_3.txt,24,timeout,3005,30084
before,3,heroes_of_sokoban_3.txt,25,timeout,3008,30510
before,3,heroes_of_sokoban_3.txt,26,timeout,3005,44737
before,3,heroes_of_sokoban_3.txt,27,timeout,3004,32738
before,3,heroes_of_sokoban_3.txt,28,timeout,3003,38434
before,3,heroes_of_sokoban_3.txt,30,timeout,3010,23693
before,3,heroes_of_sokoban_3.txt,31,solved,50,530
before,3,hungry kraken.txt,1,timeout,3005,11338
before,3,hungry kraken.txt,3,exhausted,0,1
before,3,i am a gust of wind.txt,1,solved,2,76
before,3,i am a gust of wind.txt,3,solved,8,383
before,3,i am a gust of wind.txt,5,solved,5,245
before,3,i am a gust of wind.txt,7,solved,1328,60032
before,3,i sure look tasty.txt,1,timeout,3000,1217
before,3,i want to grind myself into dust.txt,1,timeout,3001,18071
before,3,i want to grind myself into dust.txt,3,timeout,3002,12390
before,3,i want to grind myself into dust.txt,5,timeout,3001,5353
before,3,icecrates.txt,1,solved,0,6
before,3,icecrates.txt,3,solved,1,9
before,3,icecrates.txt,5,solved,6,53
before,3,icecrates.txt,7,solved,108,930
before,3,icecrates.txt,9,solved,38,219
before,3,icecrates.txt,11,solved,1286,7323
before,3,impossible.txt,0,exhausted,0,1
before,3,it dies in the light.txt,0,solved,15,94
before,3,it dies in the light.txt,1,solved,126,432
before,3,it dies in the light.txt,2,solved,1633,4251
before,3,it dies in the light.txt,3,timeout,3001,6192
before,3,karamell.txt,1,solved,615,836
before,3,karamell.txt,3,timeout,3000,2802
before,3,karamell.txt,5,timeout,3000,2245
before,3,karamell.txt,7,solved,0,1
before,3,kettle.txt,1,solved,2,26
before,3,kettle.txt,4,solved,0,3
before,3,kettle.txt,7,solved,0,3
before,3,kettle.txt,10,solved,3,27
before,3,kettle.txt,13,solved,15,97
before,3,kettle.txt,16,solved,4,26
before,3,kettle.txt,19,solved,71,473
before,3,kettle.txt,22,solved,67,353
before,3,kettle.txt,25,solved,822,4187
before,3,kettle.txt,28,timeout,3007,15402
before,3,kettle.txt,31,timeout,3005,13279
before,3,kishoutenketsu.txt,2,solved,25,320
before,3,kishoutenketsu.txt,5,solved,813,12929
before,3,kishoutenketsu.txt,8,solved,3,41
before,3,kishoutenketsu.txt,11,solved,2066,11445
before,3,konsum.txt,1,timeout,3002,22414
before,3,kreiseln.txt,1,solved,25,292
before,3,kreiseln.txt,3,timeout,3004,48268
before,3,kreiseln.txt,5,solved,1186,11565
before,3,kreiseln.txt,7,solved,580,5362
before,3,kreiseln.txt,9,timeout,3003,22711
before,3,led challenge.txt,1,timeout,3007,40497
before,3,led challenge.txt,3,timeout,3008,48015
before,3,led challenge.txt,5,timeout,3007,48124
before,3,led challenge.txt,7,timeout,3000,10226
before,3,ledchallenge.txt,1,timeout,3005,42328
before,3,ledchallenge.txt,3,timeout,3007,50698
before,3,ledchallenge.txt,5,timeout,3007,45071
before,3,ledchallenge.txt,7,timeout,3000,9347
before,3,legend of zokoban.txt,0,timeout,3008,18833
before,3,limerick.txt,1,solved,2,41
before,3,limerick.txt,3,solved,145,2800
before,3,limerick.txt,5,timeout,3016,58566
before,3,limerick.txt,7,solved,14,264
before,3,limerick.txt,9,solved,71,1490
before,3,limerick.txt,11,solved,13,296
before,3,limerick.txt,13,timeout,3019,60816
before,3,limerick.txt,15,solved,1347,26207
before,3,limerick.txt,17,solved,53,821
before,3,limerick.txt,19,timeout,3015,60390
before,3,m c eschers armageddon.txt,0,solved,0,11
before,3,m c eschers armageddon.txt,1,solved,0,4
before,3,m c eschers armageddon.txt,2,solved,1,12
before,3,m c eschers armageddon.txt,3,solved,41,284
before,3,make way.txt,1,solved,745,30571
before,3,make way.txt,3,solved,76,3331
before,3,manic_ammo.txt,1,solved,0,9
before,3,manic_ammo.txt,3,solved,0,9
before,3,manic_ammo.txt,5,solved,2,71
before,3,manic_ammo.txt,8,solved,0,9
before,3,manic_ammo.txt,10,solved,171,6607
before,3,manic_ammo.txt,12,solved,4,99
before,3,manic_ammo.txt,14,timeout,3006,63780
before,3,manic_ammo.txt,16,solved,74,3210
before,3,manic_ammo.txt,18,solved,1,12
before,3,manic_ammo.txt,20,timeout,3010,84037
before,3,manic_ammo.txt,22,solved,60,281
before,3,manic_ammo.txt,24,solved,309,4956
before,3,manic_ammo.txt,26,solved,1653,9855
before,3,manic_ammo.txt,28,timeout,3001,12699
before,3,manic_ammo.txt,30,timeout,3005,47309
before,3,match three billiards.txt,1,solved,0,4
before,3,match three billiards.txt,3,solved,23,451
before,3,match three billiards.txt,5,solved,35,563
before,3,mazezam.txt,1,solved,1,48
before,3,mazezam.txt,3,solved,2,134
before,3,mazezam.txt,5,solved,5,210
before,3,mazezam.txt,7,solved,13,534
before,3,mazezam.txt,9,solved,13,662
before,3,mazezam.txt,11,solved,13,501
before,3,mazezam.txt,13,solved,37,1121
before,3,mazezam.txt,15,solved,20,763
before,3,mazezam.txt,17,solved,18,709
before,3,mazezam.txt,19,solved,190,3882
before,3,mazezam.txt,21,solved,35,1424
before,3,mazezam.txt,23,solved,1096,26487
before,3,mazezam.txt,25,solved,74,3165
before,3,mazezam.txt,27,solved,68,2557
before,3,mazezam.txt,29,solved,206,8022
before,3,mazezam.txt,31,solved,33,932
before,3,mazezam.txt,33,solved,31,1333
before,3,mazezam.txt,35,timeout,3011,99557
before,3,mazezam.txt,37,solved,26,1095
before,3,mazezam.txt,39,solved,123,2661
before,3,mazezam.txt,41,solved,53,1924
before,3,mazezam.txt,43,solved,95,3247
before,3,mazezam.txt,45,solved,51,1874
before,3,mazezam.txt,47,solved,142,5229
before,3,mazezam.txt,49,timeout,3010,94091
before,3,mazezam.txt,51,solved,77,2701
before,3,mazezam.txt,53,timeout,3009,66215
before,3,mazezam.txt,55,solved,467,14265
before,3,mazezam.txt,57,solved,1413,33766
before,3,mazezam.txt,59,solved,1648,47986
before,3,message_skip.txt,1,solved,0,1
before,3,midas.txt,0,solved,7,105
before,3,midas.txt,2,solved,21,318
before,3,midas.txt,4,solved,19,285
before,3,midas.txt,6,solved,36,681
before,3,midas.txt,8,timeout,3003,35040
before,3,midas.txt,11,timeout,3005,30769
before,3,midas.txt,13,timeout,3005,35594
before,3,midas.txt,15,timeout,3004,30441
before,3,midas.txt,17,timeout,3005,27766
before,3,midas.txt,19,solved,743,5666
before,3,midas.txt,21,timeout,3008,26225
before,3,midas.txt,23,timeout,3004,33163
before,3,midas.txt,25,solved,139,1609
before,3,midas.txt,27,timeout,3010,28163
before,3,midas.txt,29,timeout,3006,30211
before,3,moved by leaves of grass.txt,1,timeout,3001,3263
before,3,multi_level.txt,0,solved,0,1
before,3,multi_level.txt,1,solved,0,1
before,3,newton.txt,1,timeout,3010,77465
before,3,newton.txt,3,timeout,3008,73085
before,3,newton.txt,5,timeout,3009,79312
before,3,no don't eat that.txt,1,timeout,3001,359
before,3,no don't eat that.txt,3,timeout,3001,341
before,3,no don't eat that.txt,5,timeout,3000,229
before,3,no don't eat that.txt,7,timeout,3001,187
before,3,no don't eat that.txt,9,timeout,3002,301
before,3,no don't eat that.txt,11,timeout,3005,104
before,3,no don't eat that.txt,13,timeout,3001,111
before,3,no don't eat that.txt,15,timeout,3001,111
before,3,no forbidden symbols 2.txt,1,timeout,3006,70208
before,3,no forbidden symbols.txt,1,timeout,3021,134475
before,3,no heroes necessary.txt,1,solved,16,176
before,3,no heroes necessary.txt,3,solved,7,53
before,3,no heroes necessary.txt,5,solved,32,237
before,3,no heroes necessary.txt,7,solved,9,54
before,3,no heroes necessary.txt,9,solved,157,695
before,3,oh no i accidentally swallowed myself.txt,1,timeout,3000,1553
before,3,oh no i accidentally swallowed myself.txt,2,solved,0,1
before,3,oh no i accidentally swallowed myself.txt,3,solved,0,1
before,3,oh no i accidentally swallowed myself.txt,4,solved,0,1
before,3,one_move.txt,0,solved,0,1
before,3,paint everything everywhere.txt,1,solved,13,28
before,3,paint everything everywhere.txt,3,solved,42,104
before,3,paint everything everywhere.txt,5,solved,38,20
before,3,paint everything everywhere.txt,7,solved,91,55
before,3,paint everything everywhere.txt,9,solved,257,113
before,3,paint everything everywhere.txt,11,solved,124,129
before,3,paint everything everywhere.txt,13,solved,48,76
before,3,paint everything everywhere.txt,15,solved,62,44
before,3,paint everything everywhere.txt,17,solved,722,69
before,3,paint everything everywhere.txt,19,solved,24,46
before,3,paint everything everywhere.txt,21,solved,111,110
before,3,paint everything everywhere.txt,23,solved,93,50
before,3,paint everything everywhere.txt,25,solved,178,99
before,3,paint everything everywhere.txt,27,solved,276,81
before,3,paint everything everywhere.txt,29,solved,285,102
before,3,paint everything everywhere.txt,31,solved,180,66
before,3,paint everything everywhere.txt,33,solved,112,51
before,3,paint everything everywhere.txt,35,solved,186,57
before,3,paint everything everywhere.txt,37,solved,315,465
before,3,paint everything everywhere.txt,39,solved,1684,196
before,3,participating in society.txt,2,timeout,3024,14634
before,3,pipe puffer.txt,2,solved,378,4550
before,3,pipe puffer.txt,4,solved,57,589
before,3,pipe puffer.txt,6,timeout,3004,21585
before,3,pipe puffer.txt,8,solved,306,1808
before,3,pipe puffer.txt,10,timeout,3002,29513
before,3,pipe puffer.txt,12,timeout,3002,20051
before,3,pipe puffer.txt,14,timeout,3002,22560
before,3,pipe puffer.txt,16,solved,19,73
before,3,ponies jumping synchronously.txt,0,solved,0,8
before,3,ponies jumping synchronously.txt,2,solved,0,9
before,3,ponies jumping synchronously.txt,4,solved,0,7
before,3,ponies jumping synchronously.txt,6,solved,0,9
before,3,ponies jumping synchronously.txt,8,solved,1,29
before,3,ponies jumping synchronously.txt,10,solved,23,388
before,3,ponies jumping synchronously.txt,12,solved,1,8
before,3,ponies jumping synchronously.txt,14,solved,22,283
before,3,ponies jumping synchronously.txt,17,solved,431,4517
before,3,ponies jumping synchronously.txt,19,solved,18,265
before,3,ponies jumping synchronously.txt,21,timeout,3004,32869
before,3,ponies jumping synchronously.txt,23,timeout,3004,24318
before,3,pupush.txt,1,timeout,3007,67532
before,3,push pull.txt,1,solved,5,285
before,3,push pull.txt,3,solved,4,236
before,3,push pull.txt,5,solved,17,876
before,3,push.txt,1,solved,0,6
before,3,push.txt,3,solved,0,13
before,3,push.txt,5,solved,18,566
before,3,push.txt,7,solved,5,110
before,3,push.txt,9,solved,8,243
before,3,push.txt,11,solved,38,884
before,3,push.txt,13,solved,35,663
before,3,push.txt,15,solved,1154,18508
before,3,push.txt,17,solved,1359,27335
before,3,push.txt,19,solved,446,8194
before,3,push.txt,21,solved,195,3306
before,3,push.txt,23,solved,3,78
before,3,push.txt,25,solved,197,3950
before,3,push.txt,27,solved,254,4707
before,3,push.txt,29,timeout,3010,53928
before,3,push.txt,31,solved,91,2397
before,3,push.txt,33,solved,819,11297
before,3,push.txt,35,timeout,3007,31867
before,3,push.txt,37,solved,2,52
before,3,push.txt,39,timeout,3009,58153
before,3,push.txt,40,solved,0,4
before,3,pushit.txt,1,solved,111,5171
before,3,pushit.txt,3,timeout,3021,73924
before,3,pushit.txt,5,solved,2829,136912
before,3,pushit.txt,7,solved,473,27424
before,3,puzzles.txt,0,timeout,3002,10165
before,3,realtime dog mountain rescue.txt,1,timeout,3000,4996
before,3,realtime dog mountain rescue.txt,4,timeout,3000,5665
before,3,realtime dog mountain rescue.txt,7,timeout,3000,3760
before,3,riverpuzzle.txt,0,timeout,3001,266
before,3,robot arm.txt,3,timeout,3001,1799
before,3,robot arm.txt,5,timeout,3017,170
before,3,robot arm.txt,7,timeout,3002,10771
before,3,robotarm.txt,3,timeout,3021,1798
before,3,robotarm.txt,5,timeout,3010,164
before,3,robotarm.txt,7,timeout,3003,11517
before,3,sacrament of the river god.txt,1,timeout,3001,8602
before,3,sacrament of the river god.txt,3,timeout,3000,2024
before,3,sacrament of the river god.txt,5,timeout,3010,6801
before,3,sacrament of the river god.txt,7,timeout,3001,4189
before,3,sacrament of the river god.txt,9,solved,2183,4603
before,3,sacrament of the river god.txt,11,timeout,3000,1178
before,3,sacrament of the river god.txt,13,solved,3,12
before,3,seize the flag.txt,1,timeout,3001,7443
before,3,seize the flag.txt,3,solved,0,1
before,3,short adventure in sticky wall land.txt,1,timeout,3001,11872
before,3,short adventure in sticky wall land.txt,3,timeout,3001,10599
before,3,short adventure in sticky wall land.txt,5,timeout,3001,11515
before,3,shy snake.txt,1,solved,82,95
before,3,shy snake.txt,3,timeout,3000,973
before,3,shy snake.txt,5,timeout,3000,1161
before,3,slide pull.txt,1,solved,30,1388
before,3,slide pull.txt,3,solved,12,573
before,3,slide pull.txt,5,solved,57,2583
before,3,slide pull.txt,7,solved,779,35283
before,3,slide pull.txt,9,solved,14,782
before,3,slide pull.txt,11,solved,978,37341
before,3,slide pull.txt,13,solved,229,6725
before,3,slidings.txt,1,solved,2,39
before,3,slidings.txt,3,solved,1,18
before,3,slidings.txt,5,solved,1,38
before,3,slidings.txt,7,solved,5,82
before,3,slidings.txt,9,solved,12,234
before,3,slidings.txt,11,solved,373,6268
before,3,slidings.txt,13,solved,241,5247
before,3,slidings.txt,15,solved,220,6209
before,3,slidings.txt,17,solved,470,10129
before,3,slidings.txt,19,solved,86,1895
before,3,slidings.txt,21,solved,109,2959
before,3,slime vat filler.txt,2,solved,4,229
before,3,slime vat filler.txt,4,solved,0,39
before,3,slime vat filler.txt,6,solved,2,125
before,3,slime vat filler.txt,8,solved,1,89
before,3,slime vat filler.txt,10,solved,3,127
before,3,slime vat filler.txt,12,solved,170,7121
before,3,slime vat filler.txt,14,solved,10,550
before,3,slime vat filler.txt,16,timeout,3011,100443
before,3,slime vat filler.txt,18,solved,130,5783
before,3,slime vat filler.txt,21,solved,68,3131
before,3,slime vat filler.txt,23,solved,0,1
before,3,slot machine.txt,1,solved,154,620
before,3,slot machine.txt,3,timeout,3001,10052
before,3,smother.txt,2,solved,20,265
before,3,smother.txt,4,solved,29,499
before,3,smother.txt,6,solved,43,765
before,3,smother.txt,8,solved,48,415
before,3,smother.txt,10,solved,121,781
before,3,smother.txt,14,solved,0,6
before,3,smother.txt,16,solved,0,32
before,3,smother.txt,18,solved,1,36
before,3,smother.txt,20,solved,14,276
before,3,smother.txt,22,solved,12,334
before,3,smother.txt,26,solved,40,536
before,3,smother.txt,28,solved,181,1909
before,3,smother.txt,30,solved,25,317
before,3,smother.txt,32,timeout,3000,5221
before,3,smother.txt,34,timeout,3001,20674
before,3,smother.txt,37,solved,0,4
before,3,snkaey makes a sixy.txt,0,timeout,3006,36992
before,3,snkaey makes a sixy.txt,2,exhausted,0,1
before,3,snortal.txt,0,solved,1292,22721
before,3,sok7.txt,0,timeout,3004,11258
before,3,sokobansokobansokoban.txt,1,timeout,3013,74619
before,3,sokobond demake.txt,2,solved,3,38
before,3,sokobond demake.txt,4,solved,1,18
before,3,sokobond demake.txt,6,solved,1,16
before,3,sokobond demake.txt,8,solved,1,20
before,3,sokobond demake.txt,10,solved,5,64
before,3,sokobond demake.txt,12,solved,4,49
before,3,sokobond demake.txt,14,solved,25,300
before,3,sokobond demake.txt,16,solved,5,81
before,3,sokobond demake.txt,18,solved,44,830
before,3,sokobond demake.txt,20,solved,41,748
before,3,sokobond demake.txt,22,solved,38,588
before,3,sokobond demake.txt,24,timeout,3004,57758
before,3,sokobond demake.txt,26,solved,19,615
before,3,sokobond demake.txt,28,solved,1136,34124
before,3,sokobond demake.txt,30,timeout,3008,88236
before,3,sokogoban.txt,2,timeout,3000,8741
before,3,sokogoban.txt,4,timeout,3000,5091
before,3,sokogoban.txt,6,timeout,3000,3112
before,3,stick_candy_puzzle_saga.txt,1,solved,149,2971
before,3,stick_candy_puzzle_saga.txt,2,solved,990,18315
before,3,stick_candy_puzzle_saga.txt,4,timeout,3004,38726
before,3,stick_candy_puzzle_saga.txt,5,timeout,3005,30570
before,3,stick_candy_puzzle_saga.txt,6,timeout,3003,35549
before,3,stick_candy_puzzle_saga.txt,7,timeout,3004,46710
before,3,stick_candy_puzzle_saga.txt,8,timeout,3002,33591
before,3,stick_candy_puzzle_saga.txt,9,timeout,3004,49509
before,3,stick_candy_puzzle_saga.txt,10,timeout,3004,35588
before,3,stick_candy_puzzle_saga.txt,11,timeout,3004,41013
before,3,stick_candy_puzzle_saga.txt,12,timeout,3003,30427
before,3,stick_candy_puzzle_saga.txt,13,timeout,3004,38077
before,3,stick_candy_puzzle_saga.txt,14,timeout,3004,43885
before,3,stick_candy_puzzle_saga.txt,15,timeout,3003,34083
before,3,stick_candy_puzzle_saga.txt,16,timeout,3003,33428
before,3,stick_candy_puzzle_saga.txt,17,timeout,3003,34196
before,3,stick_candy_puzzle_saga.txt,18,timeout,3005,34003
before,3,stick_candy_puzzle_saga.txt,19,timeout,3002,23628
before,3,stick_candy_puzzle_saga.txt,20,timeout,3003,32032
before,3,stick_candy_puzzle_saga.txt,21,timeout,3002,20993
before,3,sum three horizontally to 8.txt,4,solved,1,15
before,3,sum three horizontally to 8.txt,6,solved,1,8
before,3,sum three horizontally to 8.txt,8,solved,1,6
before,3,sum three horizontally to 8.txt,10,solved,2,13
before,3,sum three horizontally to 8.txt,13,solved,2,26
before,3,sum three horizontally to 8.txt,15,solved,42,473
before,3,sum three horizontally to 8.txt,17,solved,3,19
before,3,sum three horizontally to 8.txt,19,solved,8,109
before,3,sum three horizontally to 8.txt,22,solved,55,623
before,3,sum three horizontally to 8.txt,24,solved,10,107
before,3,sum three horizontally to 8.txt,26,solved,40,415
before,3,sum three horizontally to 8.txt,28,solved,25,304
before,3,sum three horizontally to 8.txt,31,timeout,3000,8076
before,3,take heart lass.txt,1,solved,0,3
before,3,take heart lass.txt,3,solved,3,25
before,3,take heart lass.txt,5,solved,1,8
before,3,take heart lass.txt,7,solved,2,28
before,3,take heart lass.txt,9,solved,158,1256
before,3,take heart lass.txt,11,solved,22,120
before,3,take heart lass.txt,13,solved,85,361
before,3,take heart lass.txt,15,timeout,3003,21993
before,3,take heart lass.txt,17,solved,13,49
before,3,take heart lass.txt,19,solved,111,512
before,3,take heart lass.txt,21,solved,149,761
before,3,take heart lass.txt,23,timeout,3001,9798
before,3,talo pipi 2.txt,1,timeout,3001,11498
before,3,talo pipi 2.txt,3,solved,2402,15611
before,3,talo pipi 2.txt,5,timeout,3002,9904
before,3,talo pipi 2.txt,7,timeout,3001,12276
before,3,talo pipi 2.txt,9,timeout,3001,19171
before,3,talo pipi 2.txt,11,timeout,3001,7463
before,3,talo pipi 2.txt,13,timeout,3001,8008
before,3,talo pipi 2.txt,15,timeout,3001,7382
before,3,talo pipi 2.txt,17,solved,0,1
before,3,the exit is under my left foot.txt,1,solved,161,102
before,3,the red ring of immortality.txt,1,solved,7,226
before,3,the red ring of immortality.txt,3,solved,56,1354
before,3,the red ring of immortality.txt,5,solved,2,52
before,3,the red ring of immortality.txt,7,solved,83,1633
before,3,the red ring of immortality.txt,9,solved,6,213
before,3,the red ring of immortality.txt,11,solved,11,332
before,3,the red ring of immortality.txt,13,solved,106,2759
before,3,the red ring of immortality.txt,15,solved,16,424
before,3,the red ring of immortality.txt,17,solved,95,2173
before,3,the red ring of immortality.txt,19,solved,12,264
before,3,the red ring of immortality.txt,21,solved,1,21
before,3,the red ring of immortality.txt,23,solved,0,2
before,3,the_saga_of_the_candy_scroll.txt,6,solved,6,106
before,3,the_saga_of_the_candy_scroll.txt,10,solved,0,8
before,3,the_saga_of_the_candy_scroll.txt,14,solved,0,4
before,3,the_saga_of_the_candy_scroll.txt,18,solved,28,551
before,3,the_saga_of_the_candy_scroll.txt,20,solved,375,7939
before,3,the_saga_of_the_candy_scroll.txt,22,solved,5,104
before,3,the_saga_of_the_candy_scroll.txt,26,solved,40,832
before,3,the_saga_of_the_candy_scroll.txt,28,solved,3006,50887
before,3,the_saga_of_the_candy_scroll.txt,31,solved,83,1273
before,3,the_saga_of_the_candy_scroll.txt,35,timeout,3005,43206
before,3,the_saga_of_the_candy_scroll.txt,46,solved,0,3
before,3,the_saga_of_the_candy_scroll.txt,50,solved,2,54
before,3,the_saga_of_the_candy_scroll.txt,53,solved,30,723
before,3,the_saga_of_the_candy_scroll.txt,55,solved,143,2683
before,3,the_saga_of_the_candy_scroll.txt,58,solved,276,5189
before,3,the_saga_of_the_candy_scroll.txt,61,solved,2684,50748
before,3,the_saga_of_the_candy_scroll.txt,64,timeout,3008,57568
before,3,the_saga_of_the_candy_scroll.txt,66,timeout,3009,57942
before,3,the_saga_of_the_candy_scroll.txt,68,solved,2561,55362
before,3,the_saga_of_the_candy_scroll.txt,70,timeout,3006,52425
before,3,the_saga_of_the_candy_scroll.txt,78,solved,2579,42467
before,3,the_saga_of_the_candy_scroll.txt,80,timeout,3005,40818
before,3,the_saga_of_the_candy_scroll.txt,82,timeout,3004,41332
before,3,the_saga_of_the_candy_scroll.txt,85,timeout,3004,40734
before,3,the_saga_of_the_candy_scroll.txt,89,timeout,3005,38150
before,3,the_saga_of_the_candy_scroll.txt,98,timeout,3007,50460
before,3,the_saga_of_the_candy_scroll.txt,102,timeout,3005,34385
before,3,the_saga_of_the_candy_scroll.txt,106,timeout,3005,30313
before,3,the_saga_of_the_candy_scroll.txt,112,solved,472,5868
before,3,the_saga_of_the_candy_scroll.txt,116,solved,50,501
before,3,threes.txt,0,timeout,3001,3749
before,3,tiny treasure hunt.txt,1,timeout,3001,540
before,3,tiny treasure hunt.txt,3,timeout,3001,191
before,3,tiny treasure hunt.txt,5,timeout,3001,232
before,3,tiny treasure hunt.txt,7,timeout,3000,723
before,3,tiny treasure hunt.txt,9,timeout,3002,243
before,3,tiny treasure hunt.txt,11,timeout,3000,626
before,3,tiny treasure hunt.txt,13,timeout,3000,271
before,3,tunnel rat.txt,1,timeout,3001,2949
before,3,tunnel rat.txt,3,timeout,3008,1504
before,3,unclean residues.txt,2,timeout,3014,70243
before,3,unclean residues.txt,4,solved,360,10197
before,3,unclean residues.txt,6,solved,1859,53628
before,3,unclean residues.txt,8,solved,2487,64135
before,3,unclean residues.txt,10,solved,360,9056
before,3,unclean residues.txt,13,solved,153,3677
before,3,unewton.txt,2,timeout,3012,46419
before,3,unewton.txt,4,solved,376,7532
before,3,unewton.txt,6,timeout,3007,53225
before,3,unewton.txt,8,timeout,3009,46475
before,3,whaleworld.txt,1,solved,29,120
before,3,whaleworld.txt,3,solved,27,240
before,3,whaleworld.txt,5,solved,155,878
before,3,whaleworld.txt,7,solved,286,1685
before,3,whaleworld.txt,9,solved,2915,10769
before,3,whaleworld.txt,11,timeout,3001,11258
before,3,whaleworld.txt,13,timeout,3001,6663
before,3,whaleworld.txt,15,solved,1797,7049
before,3,witch lifter.txt,1,solved,301,1434
before,3,witch lifter.txt,3,solved,142,564
before,3,witch lifter.txt,5,timeout,3001,16484
before,3,witch lifter.txt,7,timeout,3002,14470
before,3,witch lifter.txt,9,solved,881,4271
before,3,witch lifter.txt,11,solved,401,2236
before,3,witch lifter.txt,13,timeout,3001,8183
before,3,witch lifter.txt,15,timeout,3000,9641
before,3,wool-clawer.txt,1,timeout,3000,9476
before,3,wool-clawer.txt,3,timeout,3001,8976
before,3,wool-clawer.txt,5,timeout,3000,3599
before,3,wool-clawer.txt,7,timeout,3000,2175
before,3,wool-clawer.txt,9,timeout,3001,2983
before,3,wool-clawer.txt,11,timeout,3000,2688
before,3,you can't make this up.txt,1,timeout,3011,45468
before,3,you complete me.txt,0,timeout,3005,34470
before,3,zokoban.txt,0,timeout,3008,20850
after,1,15 push pull levels.txt,1,solved,21,1342
after,1,15 push pull levels.txt,3,solved,2,137
after,1,15 push pull levels.txt,5,solved,84,5517
after,1,15 push pull levels.txt,7,solved,124,7643
after,1,15 push pull levels.txt,9,solved,70,4319
after,1,15 push pull levels.txt,11,solved,24,1565
after,1,15 push pull levels.txt,13,solved,22,1376
after,1,15 push pull levels.txt,15,solved,34,2195
after,1,15 push pull levels.txt,17,solved,27,1730
after,1,15 push pull levels.txt,19,solved,123,7849
after,1,15 push pull levels.txt,21,solved,712,40792
after,1,15 push pull levels.txt,23,solved,215,13036
after,1,15 push pull levels.txt,25,solved,203,12036
after,1,15 push pull levels.txt,27,solved,405,24213
after,1,15 push pull levels.txt,29,solved,872,52623
after,1,5-junctions-maker.txt,1,timeout,3004,5054
after,1,5-junctions-maker.txt,3,solved,0,1
after,1,8 happy snakes.txt,1,solved,0,10
after,1,8 happy snakes.txt,3,solved,32,346
after,1,8 happy snakes.txt,5,solved,8,91
after,1,8 happy snakes.txt,7,solved,43,465
after,1,8 happy snakes.txt,9,timeout,3032,72732
after,1,8 happy snakes.txt,11,timeout,3030,63382
after,1,8 happy snakes.txt,13,timeout,3033,68424
after,1,8 happy snakes.txt,15,timeout,3010,18784
after,1,ALL GREEN TO BLUE.txt,1,solved,0,36
after,1,ALL GREEN TO BLUE.txt,3,solved,185,8191
after,1,ALL GREEN TO BLUE.txt,5,solved,80,4892
after,1,ALL GREEN TO BLUE.txt,7,solved,59,3260
after,1,ALL GREEN TO BLUE.txt,9,solved,22,1376
after,1,ALL GREEN TO BLUE.txt,11,solved,920,42408
after,1,ALL GREEN TO BLUE.txt,13,solved,171,10966
after,1,ALL GREEN TO BLUE.txt,15,solved,2,188
after,1,ALL GREEN TO BLUE.txt,17,solved,323,20062
after,1,ALL GREEN TO BLUE.txt,19,solved,19,884
after,1,ALL GREEN TO BLUE.txt,21,solved,4,89
after,1,Acorn Scorchery Paradise.txt,1,solved,14,489
after,1,Acorn Scorchery Paradise.txt,3,solved,11,380
after,1,Acorn Scorchery Paradise.txt,5,solved,33,1219
after,1,Acorn Scorchery Paradise.txt,7,solved,11,454
after,1,Acorn Scorchery Paradise.txt,9,solved,41,1545
after,1,All Green and Blue on Yellow.txt,1,solved,5,200
after,1,All Green and Blue on Yellow.txt,3,solved,4,166
after,1,All Green and Blue on Yellow.txt,5,solved,15,1249
after,1,All Green and Blue on Yellow.txt,7,solved,18,1343
after,1,All Green and Blue on Yellow.txt,9,solved,18,1260
after,1,Any hole is a goal.txt,1,solved,6,17
after,1,Any hole is a goal.txt,3,solved,214,802
after,1,Any hole is a goal.txt,5,solved,413,1433
after,1,Any hole is a goal.txt,7,solved,169,748
after,1,Any hole is a goal.txt,9,timeout,3001,12188
after,1,Any hole is a goal.txt,11,solved,2286,9147
after,1,Any hole is a goal.txt,13,solved,2832,10952
after,1,Any hole is a goal.txt,15,solved,1271,4087
after,1,Any hole is a goal.txt,17,timeout,3003,12513
after,1,Any hole is a goal.txt,19,solved,2935,12143
after,1,Any hole is a goal.txt,21,timeout,3001,11442
after,1,Any hole is a goal.txt,23,solved,228,1037
after,1,Any hole is a goal.txt,25,timeout,3002,11973
after,1,Any hole is a goal.txt,27,timeout,3001,7298
after,1,Any hole is a goal.txt,29,solved,1222,5339
after,1,Any hole is a goal.txt,31,solved,1631,6892
after,1,Any hole is a goal.txt,33,timeout,3001,12617
after,1,Any hole is a goal.txt,35,timeout,3001,10431
after,1,Any hole is a goal.txt,37,timeout,3002,6177
after,1,Any hole is a goal.txt,39,timeout,3003,10191
after,1,Any hole is a goal.txt,41,timeout,3001,12889
after,1,Any hole is a goal.txt,43,timeout,3001,6863
after,1,Any hole is a goal.txt,45,timeout,3001,5883
after,1,Any hole is a goal.txt,47,timeout,3001,12747
after,1,Any hole is a goal.txt,49,timeout,3002,12650
after,1,Any hole is a goal.txt,51,timeout,3001,9983
after,1,Any hole is a goal.txt,53,solved,2763,10481
after,1,Any hole is a goal.txt,55,solved,2273,9530
after,1,Any hole is a goal.txt,57,solved,1447,6404
after,1,Any hole is a goal.txt,59,timeout,3002,12076
after,1,Any hole is a goal.txt,61,timeout,3002,11233
after,1,Any hole is a goal.txt,63,timeout,3002,12619
after,1,Any hole is a goal.txt,65,solved,709,3040
after,1,Any hole is a goal.txt,67,timeout,3001,11778
after,1,Any hole is a goal.txt,69,timeout,3002,12248
after,1,Attractor Net.txt,1,solved,84,2014
after,1,Attractor Net.txt,3,solved,110,2769
after,1,Attractor Net.txt,5,solved,6,162
after,1,Attractor Net.txt,7,solved,22,523
after,1,Attractor Net.txt,9,solved,60,1433
after,1,Attractor Net.txt,11,solved,20,571
after,1,Attractor Net.txt,13,solved,133,3034
after,1,Attractor Net.txt,15,solved,70,1772
after,1,Attractor Net.txt,17,solved,1,20
after,1,Attractor Net.txt,19,solved,64,1642
after,1,BIAXIAL INVASION OF SATURN.txt,3,solved,113,523
after,1,BIAXIAL INVASION OF SATURN.txt,5,solved,451,1521
after,1,BIAXIAL INVASION OF SATURN.txt,7,solved,1004,2524
after,1,BIAXIAL INVASION OF SATURN.txt,9,solved,553,1114
after,1,BIAXIAL INVASION OF SATURN.txt,11,solved,999,1862
after,1,BIAXIAL INVASION OF SATURN.txt,13,solved,196,444
after,1,BIAXIAL INVASION OF SATURN.txt,15,solved,637,1716
after,1,BIAXIAL INVASION OF SATURN.txt,17,solved,1544,2439
after,1,BIAXIAL INVASION OF SATURN.txt,19,timeout,3000,2562
after,1,BIAXIAL INVASION OF SATURN.txt,21,timeout,3001,1851
after,1,BIAXIAL INVASION OF SATURN.txt,23,timeout,3001,3009
after,1,BIAXIAL INVASION OF SATURN.txt,25,timeout,3001,258
after,1,BIAXIAL INVASION OF SATURN.txt,28,solved,0,1
after,1,BIAXIAL INVASION OF SATURN.txt,29,solved,0,1
after,1,BIAXIAL INVASION OF SATURN.txt,30,solved,1,1
after,1,BIAXIAL INVASION OF SATURN.txt,31,solved,1,1
after,1,Bicycle-Kick Football.txt,1,solved,301,621
after,1,Bicycle-Kick Football.txt,4,solved,13,91
after,1,Bicycle-Kick Football.txt,7,solved,139,685
after,1,Bicycle-Kick Football.txt,10,solved,564,4988
after,1,Bicycle-Kick Football.txt,13,solved,266,1171
after,1,Bicycle-Kick Football.txt,16,solved,357,2614
after,1,Bring the ice cube to the goal without exposing it to heat.txt,1,timeout,3001,4676
after,1,CODEX LUBRICUS.txt,2,solved,33,130
after,1,CODEX LUBRICUS.txt,4,solved,44,93
after,1,CODEX LUBRICUS.txt,6,solved,50,73
after,1,CODEX LUBRICUS.txt,8,solved,23,93
after,1,CODEX LUBRICUS.txt,10,solved,66,113
after,1,CODEX LUBRICUS.txt,12,solved,61,149
after,1,CODEX LUBRICUS.txt,14,solved,50,111
after,1,CODEX LUBRICUS.txt,16,solved,52,118
after,1,CODEX LUBRICUS.txt,18,solved,66,105
after,1,CODEX LUBRICUS.txt,20,solved,73,115
after,1,CODEX LUBRICUS.txt,22,solved,53,112
after,1,CODEX LUBRICUS.txt,24,solved,61,116
after,1,CODEX LUBRICUS.txt,26,solved,85,108
after,1,CODEX LUBRICUS.txt,28,solved,81,104
after,1,CODEX LUBRICUS.txt,30,solved,87,131
after,1,CODEX LUBRICUS.txt,32,solved,172,275
after,1,CODEX LUBRICUS.txt,34,solved,72,122
after,1,CODEX LUBRICUS.txt,36,solved,62,164
after,1,CODEX LUBRICUS.txt,38,solved,42,102
after,1,CODEX LUBRICUS.txt,40,solved,149,262
after,1,Chevron Lodger.txt,1,solved,2,67
after,1,Chevron Lodger.txt,3,solved,62,1755
after,1,Chevron Lodger.txt,5,solved,178,5035
after,1,Chevron Lodger.txt,7,solved,32,823
after,1,Chevron Lodger.txt,9,solved,261,7084
after,1,Chevron Lodger.txt,11,solved,1245,28539
after,1,Crates move when you move.txt,1,solved,3,138
after,1,Crates move when you move.txt,3,solved,1,73
after,1,Crates move when you move.txt,5,solved,1,49
after,1,Crates move when you move.txt,7,solved,3,115
after,1,Crates move when you move.txt,9,solved,2,71
after,1,Crates move when you move.txt,11,solved,0,3
after,1,Crates move when you move.txt,13,solved,9,348
after,1,Crates move when you move.txt,15,solved,7,230
after,1,Crates move when you move.txt,17,solved,2,93
after,1,Crates move when you move.txt,19,solved,9,415
after,1,Cucumber Surprise.txt,2,solved,6,259
after,1,Cucumber Surprise.txt,5,solved,5,201
after,1,Cucumber Surprise.txt,7,solved,31,1178
after,1,Cucumber Surprise.txt,9,solved,73,2499
after,1,Cucumber Surprise.txt,11,solved,237,7606
after,1,Cucumber Surprise.txt,13,solved,33,1163
after,1,Cucumber Surprise.txt,15,solved,60,2202
after,1,Cucumber Surprise.txt,17,solved,32,916
after,1,Cucumber Surprise.txt,19,solved,42,1311
after,1,Cucumber Surprise.txt,21,solved,226,8142
after,1,Cucumber Surprise.txt,23,solved,93,3449
after,1,Cucumber Surprise.txt,25,solved,33,1243
after,1,Cucumber Surprise.txt,27,solved,207,7437
after,1,Cucumber Surprise.txt,29,solved,20,731
after,1,Cucumber Surprise.txt,31,solved,61,2119
after,1,Cucumber Surprise.txt,33,solved,97,3415
after,1,Cucumber Surprise.txt,35,solved,50,1727
after,1,Cucumber Surprise.txt,37,solved,23,812
after,1,Cucumber Surprise.txt,39,solved,92,2968
after,1,Cucumber Surprise.txt,41,solved,647,18932
after,1,Des Poseidons Dreizack.txt,1,timeout,3000,2181
after,1,Des Poseidons Dreizack.txt,3,timeout,3001,2018
after,1,Des Poseidons Dreizack.txt,5,timeout,3001,1837
after,1,Des Poseidons Dreizack.txt,6,solved,1,9
after,1,Des Poseidons Dreizack.txt,7,solved,0,1
after,1,Don't let your goals slip away.txt,1,solved,1,63
after,1,Don't let your goals slip away.txt,3,solved,95,4881
after,1,Don't let your goals slip away.txt,5,solved,2,121
after,1,Don't let your goals slip away.txt,7,solved,10,512
after,1,Don't let your goals slip away.txt,9,solved,22,1317
after,1,Don't let your goals slip away.txt,11,solved,114,5817
after,1,Don't let your goals slip away.txt,13,solved,41,2187
after,1,Don't let your goals slip away.txt,15,solved,172,7721
after,1,Double-Entry Bookkeeping Simulator.txt,1,timeout,3003,16262
after,1,Double-Entry Bookkeeping Simulator.txt,3,timeout,3001,9083
after,1,Double-Entry Bookkeeping Simulator.txt,5,solved,981,6575
after,1,Double-Entry Bookkeeping Simulator.txt,7,timeout,3006,17487
after,1,Double-Entry Bookkeeping Simulator.txt,9,timeout,3002,11702
after,1,Double-Entry Bookkeeping Simulator.txt,11,timeout,3001,8672
after,1,Double-Entry Bookkeeping Simulator.txt,13,timeout,3000,4330
after,1,Double-Entry Bookkeeping Simulator.txt,15,timeout,3003,5815
after,1,Double-Entry Bookkeeping Simulator.txt,17,timeout,3003,18967
after,1,Explodoban.txt,1,solved,9,437
after,1,Explodoban.txt,3,solved,6,320
after,1,Explodoban.txt,5,solved,70,3082
after,1,Explodoban.txt,7,solved,158,5873
after,1,Explodoban.txt,9,solved,91,3907
after,1,Explodoban.txt,11,solved,67,2959
after,1,Explodoban.txt,13,solved,391,15980
after,1,Eyeball-watching flowers bloom.txt,1,solved,2,53
after,1,Eyeball-watching flowers bloom.txt,3,solved,207,4076
after,1,Eyeball-watching flowers bloom.txt,5,timeout,3008,54285
after,1,Garten der Medusen.txt,1,solved,7,6
after,1,Garten der Medusen.txt,3,solved,5,4
after,1,Garten der Medusen.txt,5,solved,7,6
after,1,Garten der Medusen.txt,7,timeout,3001,3445
after,1,Garten der Medusen.txt,9,timeout,3001,2202
after,1,Garten der Medusen.txt,11,timeout,3000,2027
after,1,Garten der Medusen.txt,13,timeout,3000,681
after,1,Garten der Medusen.txt,15,timeout,3000,802
after,1,Hole-Stuffer.txt,1,solved,491,6585
after,1,Hole-Stuffer.txt,3,solved,237,3591
after,1,Hole-Stuffer.txt,5,solved,13,178
after,1,Hole-Stuffer.txt,7,timeout,3011,38375
after,1,"Individuals can produce a society, but can a society produce individuals.txt",1,timeout,3009,6380
after,1,It gets its Feet Wet.txt,1,timeout,3002,3197
after,1,Legend of Swixero.txt,1,solved,10,369
after,1,Legend of Swixero.txt,3,solved,36,1444
after,1,Legend of Swixero.txt,5,solved,11,450
after,1,Legend of Swixero.txt,7,timeout,3017,115744
after,1,Legend of Swixero.txt,9,solved,656,27305
after,1,Match two two by twos.txt,2,timeout,3005,17339
after,1,Match two two by twos.txt,4,timeout,3003,9872
after,1,Match two two by twos.txt,6,timeout,3003,10905
after,1,Match-Maker.txt,1,solved,39,1111
after,1,Match-Maker.txt,3,solved,3,66
after,1,Match-Maker.txt,5,solved,8,214
after,1,Match-Maker.txt,7,solved,212,4771
after,1,Match-Maker.txt,9,solved,759,15001
after,1,Match-Maker.txt,11,solved,286,5545
after,1,Match-Maker.txt,13,solved,202,3402
after,1,Match-Maker.txt,15,solved,229,4839
after,1,Match-Maker.txt,17,solved,1919,33440
after,1,Microban x 10.txt,2,timeout,3005,3902
after,1,Muraphilic Monophobic Multiban.txt,1,solved,1850,66664
after,1,Muraphilic Monophobic Multiban.txt,3,solved,0,6
after,1,Muraphilic Monophobic Multiban.txt,5,solved,10,390
after,1,Muraphilic Monophobic Multiban.txt,7,solved,117,4207
after,1,Muraphilic Monophobic Multiban.txt,9,solved,286,10623
after,1,Muraphilic Monophobic Multiban.txt,11,solved,67,2039
after,1,Muraphilic Monophobic Multiban.txt,13,solved,26,1149
after,1,Muraphilic Monophobic Multiban.txt,15,timeout,3029,100997
after,1,NIGHTMARECROBAN.txt,1,solved,6,309
after,1,NIGHTMARECROBAN.txt,3,solved,33,1682
after,1,NIGHTMARECROBAN.txt,5,solved,23,1170
after,1,NIGHTMARECROBAN.txt,7,solved,8,387
after,1,NIGHTMARECROBAN.txt,9,solved,12,515
after,1,NIGHTMARECROBAN.txt,11,solved,34,1605
after,1,NIGHTMARECROBAN.txt,13,solved,83,3677
after,1,Neoprenanzieher.txt,2,timeout,3001,5563
after,1,North Wind Simple Sailboat Buoy Collection.txt,2,exhausted,1,9
after,1,North Wind Simple Sailboat Buoy Collection.txt,4,exhausted,2,9
after,1,North Wind Simple Sailboat Buoy Collection.txt,6,exhausted,1,9
after,1,Oh No My Dog Is About To Swallow A Piece Of.txt,1,timeout,3006,1420
after,1,Place the crate on the targets.txt,1,timeout,3020,15749
after,1,Pocket Gopher - Root-Shoot Nibbler.txt,2,timeout,3001,18226
after,1,Pocket Gopher - Root-Shoot Nibbler.txt,5,solved,2962,19109
after,1,Pocket Gopher - Root-Shoot Nibbler.txt,8,timeout,3001,17147
after,1,Pocket Gopher - Root-Shoot Nibbler.txt,11,solved,1666,5454
after,1,Pocket Gopher - Root-Shoot Nibbler.txt,14,timeout,3003,13500
after,1,Pushy-V Pully-H.txt,1,solved,11,664
after,1,Pushy-V Pully-H.txt,3,solved,0,25
after,1,Pushy-V Pully-H.txt,5,solved,14,866
after,1,Pushy-V Pully-H.txt,7,solved,28,1738
after,1,Pushy-V Pully-H.txt,9,solved,0,14
after,1,Pushy-V Pully-H.txt,11,solved,1,109
after,1,Pushy-V Pully-H.txt,13,solved,1,78
after,1,Pushy-V Pully-H.txt,15,solved,80,3497
after,1,Pushy-V Pully-H.txt,17,solved,45,2857
after,1,Pushy-V Pully-H.txt,19,solved,1,72
after,1,Pushy-V Pully-H.txt,21,solved,166,9302
after,1,"Put the logs in the water, elephant.txt",1,solved,468,5641
after,1,"Put the logs in the water, elephant.txt",4,solved,50,770
after,1,"Put the logs in the water, elephant.txt",7,solved,299,3935
after,1,"Put the logs in the water, elephant.txt",10,solved,124,1313
after,1,"Put the logs in the water, elephant.txt",13,timeout,3008,38541
after,1,"Put the logs in the water, elephant.txt",16,solved,411,5710
after,1,"Put the logs in the water, elephant.txt",19,solved,323,3578
after,1,"Put the logs in the water, elephant.txt",22,solved,352,5657
after,1,Putting Bicycle Helmets on Young Children.txt,1,timeout,3005,3184
after,1,Putting Bicycle Helmets on Young Children.txt,3,timeout,3003,1267
after,1,Putting Bicycle Helmets on Young Children.txt,5,timeout,3001,744
after,1,Recondite Star Sector Sigma.txt,1,solved,12,644
after,1,Recondite Star Sector Sigma.txt,3,solved,164,7848
after,1,Recondite Star Sector Sigma.txt,5,solved,113,6910
after,1,Recondite Star Sector Sigma.txt,7,solved,211,9804
after,1,Recondite Star Sector Sigma.txt,9,solved,152,9178
after,1,Recondite Star Sector Sigma.txt,11,solved,22,1338
after,1,Recondite Star Sector Sigma.txt,13,solved,272,12443
after,1,Recondite Star Sector Sigma.txt,15,solved,75,3835
after,1,Recondite Star Sector Sigma.txt,17,solved,266,13908
after,1,Recondite Star Sector Sigma.txt,19,solved,29,1580
after,1,Resin-Caster.txt,2,solved,16,1014
after,1,Resin-Caster.txt,4,solved,11,729
after,1,Resin-Caster.txt,6,solved,32,2010
after,1,Resin-Caster.txt,8,solved,67,4444
after,1,Resin-Caster.txt,10,solved,12,762
after,1,Resin-Caster.txt,12,solved,22,1470
after,1,Resin-Caster.txt,14,solved,66,3899
after,1,Resin-Caster.txt,16,solved,8,576
after,1,Resin-Caster.txt,18,solved,18,1073
after,1,Resin-Caster.txt,20,solved,22,1472
after,1,S-tercourse.txt,1,solved,1323,8478
after,1,S-tercourse.txt,3,solved,36,357
after,1,S-tercourse.txt,5,solved,30,302
after,1,S-tercourse.txt,7,timeout,3002,25375
after,1,S-tercourse.txt,9,timeout,3002,26704
after,1,S-tercourse.txt,11,solved,871,6712
after,1,S-tercourse.txt,13,timeout,3005,27074
after,1,S-tercourse.txt,15,timeout,3002,24742
after,1,S-tercourse.txt,17,timeout,3004,25253
after,1,S-tercourse.txt,19,solved,904,7579
after,1,S-tercourse.txt,21,solved,400,3878
after,1,S-tercourse.txt,23,solved,414,4402
after,1,SWIMMING TIME.txt,2,solved,456,660
after,1,Scalesoban.txt,1,solved,0,14
after,1,Scalesoban.txt,3,solved,3,91
after,1,Scalesoban.txt,5,solved,26,858
after,1,Schleimban.txt,1,solved,21,306
after,1,Schleimban.txt,3,solved,45,768
after,1,Schleimban.txt,5,solved,49,548
after,1,Schleimban.txt,7,solved,73,1018
after,1,Schleimban.txt,9,solved,33,503
after,1,Schleimban.txt,11,solved,0,1
after,1,Subway upholstry snot smearing championship.txt,2,solved,204,6991
after,1,Subway upholstry snot smearing championship.txt,4,solved,6,240
after,1,Subway upholstry snot smearing championship.txt,6,solved,3,96
after,1,Subway upholstry snot smearing championship.txt,8,solved,720,15750
after,1,Subway upholstry snot smearing championship.txt,10,solved,115,3469
after,1,Subway upholstry snot smearing championship.txt,12,solved,70,1208
after,1,Subway upholstry snot smearing championship.txt,14,timeout,3004,56514
after,1,The Far Away Danish Pastry is always Delicio.txt,1,solved,0,7
after,1,The Far Away Danish Pastry is always Delicio.txt,3,solved,0,10
after,1,The Far Away Danish Pastry is always Delicio.txt,5,solved,3,183
after,1,The Far Away Danish Pastry is always Delicio.txt,7,solved,1,45
after,1,The Far Away Danish Pastry is always Delicio.txt,9,solved,1,74
after,1,The Far Away Danish Pastry is always Delicio.txt,11,solved,67,3545
after,1,The Far Away Danish Pastry is always Delicio.txt,13,solved,27,1232
after,1,The Far Away Danish Pastry is always Delicio.txt,15,solved,96,4154
after,1,The Monsterous Autoshove.txt,1,solved,42,710
after,1,The Monsterous Autoshove.txt,3,solved,71,921
after,1,The Monsterous Autoshove.txt,5,timeout,3002,25621
after,1,The Monsterous Autoshove.txt,7,solved,37,575
after,1,The Monsterous Autoshove.txt,9,solved,2691,23691
after,1,The Monsterous Autoshove.txt,11,timeout,3004,24501
after,1,The sponge what lights up the seafloor.txt,1,solved,95,503
after,1,The sponge what lights up the seafloor.txt,3,solved,273,1566
after,1,The sponge what lights up the seafloor.txt,5,solved,1014,4219
after,1,The sponge what lights up the seafloor.txt,7,solved,109,633
after,1,The sponge what lights up the seafloor.txt,9,solved,253,1501
after,1,The sponge what lights up the seafloor.txt,11,solved,163,942
after,1,The sponge what lights up the seafloor.txt,13,timeout,3001,17808
after,1,The sponge what lights up the seafloor.txt,15,solved,2753,16643
after,1,The sponge what lights up the seafloor.txt,17,timeout,3003,16416
after,1,The sponge what lights up the seafloor.txt,19,timeout,3002,17014
after,1,Two-Step Pete.txt,1,solved,2,61
after,1,Two-Step Pete.txt,3,solved,65,2153
after,1,Two-Step Pete.txt,5,solved,6,305
after,1,Two-Step Pete.txt,7,timeout,3025,91462
after,1,Two-Step Pete.txt,9,solved,51,1810
after,1,Two-Step Pete.txt,11,solved,2,99
after,1,Two-Step Pete.txt,13,solved,15,756
after,1,Two-Step Pete.txt,15,solved,350,16469
after,1,Two-Tone Tango.txt,1,solved,63,1805
after,1,Two-Tone Tango.txt,3,solved,19,569
after,1,Two-Tone Tango.txt,5,solved,36,1163
after,1,Two-Tone Tango.txt,7,solved,282,6728
after,1,Two-Tone Tango.txt,9,solved,1,38
after,1,Two-Tone Tango.txt,11,solved,24,747
after,1,Two-Tone Tango.txt,13,solved,152,4124
after,1,Two-Tone Tango.txt,15,solved,117,3028
after,1,Van-to-Mobile-Living-Space-Conversion Window.txt,1,solved,3,39
after,1,Van-to-Mobile-Living-Space-Conversion Window.txt,3,solved,71,1296
after,1,Van-to-Mobile-Living-Space-Conversion Window.txt,5,solved,3,49
after,1,Van-to-Mobile-Living-Space-Conversion Window.txt,7,solved,901,14232
after,1,Van-to-Mobile-Living-Space-Conversion Window.txt,9,solved,288,4464
after,1,Van-to-Mobile-Living-Space-Conversion Window.txt,11,solved,678,10643
after,1,Van-to-Mobile-Living-Space-Conversion Window.txt,13,solved,58,938
after,1,Van-to-Mobile-Living-Space-Conversion Window.txt,15,solved,214,3383
after,1,Van-to-Mobile-Living-Space-Conversion Window.txt,17,solved,36,673
after,1,Van-to-Mobile-Living-Space-Conversion Window.txt,19,solved,1489,24774
after,1,Van-to-Mobile-Living-Space-Conversion Window.txt,21,solved,1161,20552
after,1,Van-to-Mobile-Living-Space-Conversion Window.txt,23,solved,96,1754
after,1,Van-to-Mobile-Living-Space-Conversion Window.txt,25,solved,534,9769
after,1,Van-to-Mobile-Living-Space-Conversion Window.txt,27,timeout,3007,50132
after,1,Varifocal Nightmare.txt,1,solved,41,1456
after,1,Varifocal Nightmare.txt,3,solved,20,780
after,1,Varifocal Nightmare.txt,5,solved,72,2291
after,1,Varifocal Nightmare.txt,7,solved,777,25083
after,1,Varifocal Nightmare.txt,9,solved,154,4318
after,1,Vexatious Match 3.txt,2,timeout,3014,86622
after,1,Vexatious Match 3.txt,4,solved,889,27618
after,1,Vexatious Match 3.txt,6,solved,1008,36190
after,1,Vexatious Match 3.txt,8,solved,1079,35574
after,1,Vexatious Match 3.txt,10,solved,48,1992
after,1,Voitex Rasteriser 2.txt,1,timeout,3020,54231
after,1,Voitex Rasteriser.txt,0,timeout,3029,93341
after,1,Voitex Rasteriser.txt,2,solved,0,1
after,1,Wand Spinner.txt,1,solved,6,263
after,1,Wand Spinner.txt,3,solved,4,214
after,1,Wand Spinner.txt,5,solved,65,2715
after,1,Wand Spinner.txt,7,solved,94,4051
after,1,Wand Spinner.txt,9,solved,10,417
after,1,Wand Spinner.txt,11,solved,21,949
after,1,Wand Spinner.txt,13,solved,31,1308
after,1,Wand Spinner.txt,15,solved,12,513
after,1,Wand Spinner.txt,17,solved,30,973
after,1,Wand Spinner.txt,19,solved,53,1879
after,1,Wand Spinner.txt,21,solved,33,796
after,1,Wand Spinner.txt,23,solved,266,9400
after,1,Wand Spinner.txt,25,solved,17,721
after,1,Wand Spinner.txt,27,solved,85,3180
after,1,Wand Spinner.txt,29,solved,427,15178
after,1,Wand Spinner.txt,31,solved,58,2265
after,1,Wand Spinner.txt,33,solved,2,68
after,1,Wand Spinner.txt,35,solved,141,5885
after,1,Xorro The Chaos Warden.txt,1,solved,6,267
after,1,Xorro The Chaos Warden.txt,3,solved,115,4418
after,1,Xorro The Chaos Warden.txt,5,solved,88,3553
after,1,Xorro The Chaos Warden.txt,7,solved,618,16952
after,1,Yellow Box.txt,1,solved,112,3503
after,1,Yellow Box.txt,3,solved,14,332
after,1,Yellow Box.txt,5,solved,2,49
after,1,Yellow Box.txt,7,solved,13,293
after,1,Yellow Box.txt,9,solved,64,1318
after,1,Yellow Box.txt,11,solved,84,1642
after,1,Yellow Box.txt,13,solved,13,285
after,1,Yellow Box.txt,15,solved,1538,59501
after,1,Yellow Box.txt,17,solved,3,58
after,1,Yellow Box.txt,19,solved,15,272
after,1,Yellow Box.txt,21,solved,77,1639
after,1,Yellow Box.txt,23,solved,1,20
after,1,Yellow Box.txt,25,solved,14,259
after,1,Yellow Box.txt,27,solved,24,498
after,1,Yellow Box.txt,29,solved,14,280
after,1,Yellow Box.txt,31,solved,123,2277
after,1,Yellow Box.txt,33,solved,15,284
after,1,Yellow Box.txt,35,solved,690,12609
after,1,a clear view of the sky.txt,3,solved,30,58
after,1,a clear view of the sky.txt,6,solved,19,55
after,1,a clear view of the sky.txt,8,solved,22,60
after,1,a clear view of the sky.txt,10,solved,14,52
after,1,a clear view of the sky.txt,12,solved,20,54
after,1,a clear view of the sky.txt,14,solved,16,43
after,1,a clear view of the sky.txt,16,solved,66,185
after,1,a clear view of the sky.txt,18,solved,1152,1778
after,1,a clear view of the sky.txt,20,solved,38,64
after,1,a clear view of the sky.txt,22,solved,149,235
after,1,a clear view of the sky.txt,24,solved,309,600
after,1,a clear view of the sky.txt,26,solved,2863,2229
after,1,a clear view of the sky.txt,28,timeout,3000,1058
after,1,a clear view of the sky.txt,30,solved,0,1
after,1,a clear view of the sky.txt,31,solved,0,1
after,1,a clear view of the sky.txt,32,solved,0,1
after,1,a clear view of the sky.txt,33,solved,0,1
after,1,a clear view of the sky.txt,34,solved,0,1
after,1,a clear view of the sky.txt,35,solved,0,1
after,1,a cliche for bedtime.txt,1,timeout,3029,95353
after,1,a distant sunset.txt,1,solved,30,83
after,1,a distant sunset.txt,3,solved,0,1
after,1,a distant sunset.txt,4,solved,0,1
after,1,a distant sunset.txt,5,solved,0,1
after,1,alternatey.txt,2,solved,16,170
after,1,alternatey.txt,4,solved,109,510
after,1,alternatey.txt,6,solved,288,2469
after,1,an ok multiban level.txt,1,solved,343,16501
after,1,atlas shrank.txt,1,solved,1,11
after,1,atlas shrank.txt,4,solved,190,1898
after,1,atlas shrank.txt,5,solved,124,887
after,1,atlas shrank.txt,6,solved,611,4258
after,1,atlas shrank.txt,8,timeout,3001,9963
after,1,atlas shrank.txt,10,solved,117,611
after,1,atlas shrank.txt,11,timeout,3001,14678
after,1,atlas shrank.txt,12,timeout,3004,15366
after,1,atlas shrank.txt,14,timeout,3005,13336
after,1,atlas shrank.txt,15,timeout,3000,4821
after,1,atlas shrank.txt,16,timeout,3000,4297
after,1,atlas shrank.txt,17,timeout,3001,10778
after,1,autohurdler.txt,1,solved,10,124
after,1,autohurdler.txt,3,solved,5,35
after,1,autohurdler.txt,5,timeout,3008,44100
after,1,autohurdler.txt,7,solved,35,402
after,1,big dog and little dog.txt,1,solved,222,2021
after,1,big dog and little dog.txt,3,timeout,3005,24105
after,1,big dog and little dog.txt,5,timeout,3003,18350
after,1,big dog and little dog.txt,7,timeout,3003,19880
after,1,big dog and little dog.txt,9,timeout,3001,18429
after,1,big dog and little dog.txt,11,timeout,3005,9458
after,1,bouncers.txt,1,timeout,3024,92466
after,1,bouncers.txt,3,timeout,3026,90564
after,1,bouncers.txt,5,timeout,3036,90346
after,1,bouncers.txt,7,timeout,3030,77504
after,1,bouncers.txt,9,timeout,3027,62059
after,1,butteater.txt,1,solved,22,482
after,1,butteater.txt,3,timeout,3009,58257
after,1,byyourside.txt,0,solved,1,17
after,1,byyourside.txt,1,solved,77,1231
after,1,byyourside.txt,2,solved,13,216
after,1,byyourside.txt,3,solved,1,14
after,1,byyourside.txt,4,solved,17,264
after,1,byyourside.txt,5,solved,19,299
after,1,byyourside.txt,6,solved,0,5
after,1,byyourside.txt,7,solved,1,16
after,1,byyourside.txt,8,solved,113,1709
after,1,byyourside.txt,9,solved,79,1062
after,1,cakemonsters.txt,2,solved,0,3
after,1,cakemonsters.txt,4,solved,0,10
after,1,cakemonsters.txt,7,solved,5,208
after,1,cakemonsters.txt,9,solved,6,268
after,1,cakemonsters.txt,11,solved,1,25
after,1,cakemonsters.txt,13,solved,7,275
after,1,cakemonsters.txt,14,solved,1,43
after,1,cakemonsters.txt,15,solved,8,305
after,1,cakemonsters.txt,16,solved,28,1021
after,1,cakemonsters.txt,17,solved,1,70
after,1,cakemonsters.txt,18,solved,0,10
after,1,cakemonsters.txt,20,timeout,3020,84281
after,1,cakemonsters.txt,21,solved,112,3880
after,1,cakemonsters.txt,22,solved,9,326
after,1,cakemonsters.txt,24,solved,0,18
after,1,cakemonsters.txt,25,solved,0,7
after,1,cakemonsters.txt,26,solved,0,8
after,1,cakemonsters.txt,27,solved,0,9
after,1,cakemonsters.txt,28,solved,10,380
after,1,cakemonsters.txt,29,solved,7,314
after,1,cakemonsters.txt,31,solved,1,40
after,1,cakemonsters.txt,32,solved,30,1164
after,1,cakemonsters.txt,33,solved,96,3917
after,1,cakemonsters.txt,34,timeout,3019,78099
after,1,cakemonsters.txt,35,solved,8,259
after,1,cakemonsters.txt,37,timeout,3020,72044
after,1,cakemonsters.txt,38,solved,179,6123
after,1,cakemonsters.txt,39,solved,1,18
after,1,cakemonsters.txt,40,solved,121,4864
after,1,cakemonsters.txt,41,solved,1979,73546
after,1,cakemonsters.txt,43,solved,1,34
after,1,cakemonsters.txt,44,solved,140,5188
after,1,cakemonsters.txt,46,solved,46,1821
after,1,cakemonsters.txt,47,timeout,3008,105889
after,1,cakemonsters.txt,49,solved,218,9290
after,1,cakemonsters.txt,52,solved,469,16398
after,1,car crash.txt,1,timeout,3007,1553
after,1,car crash.txt,2,solved,103,0
after,1,castlecloset.txt,0,solved,166,2695
after,1,castlemouse.txt,1,solved,13,48
after,1,castlemouse.txt,3,solved,12,42
after,1,castlemouse.txt,5,solved,34,138
after,1,castlemouse.txt,7,solved,147,641
after,1,castlemouse.txt,9,solved,4,20
after,1,castlemouse.txt,11,solved,389,1139
after,1,castlemouse.txt,13,solved,3,6
after,1,castlemouse.txt,15,solved,7,12
after,1,castlemouse.txt,17,solved,1,3
after,1,castlemouse.txt,19,solved,5,9
after,1,chaos wizard.txt,2,solved,75,960
after,1,chaos wizard.txt,3,solved,21,293
after,1,chaos wizard.txt,4,timeout,3007,46089
after,1,chaos wizard.txt,5,solved,1921,32254
after,1,chaos wizard.txt,6,timeout,3010,33661
after,1,chaos wizard.txt,7,timeout,3008,47135
after,1,chaos wizard.txt,8,timeout,3010,40982
after,1,chaos wizard.txt,9,timeout,3016,48727
after,1,chaos wizard.txt,10,timeout,3007,44266
after,1,chaos wizard.txt,11,solved,1863,29559
after,1,chaos wizard.txt,12,timeout,3013,35167
after,1,chaos wizard.txt,13,timeout,3007,38287
after,1,chaos wizard.txt,14,solved,453,5327
after,1,chaos wizard.txt,15,timeout,3008,38198
after,1,chaos wizard.txt,16,timeout,3009,46355
after,1,chaos wizard.txt,17,timeout,3004,36860
after,1,chaos wizard.txt,18,timeout,3011,39006
after,1,chaos wizard.txt,19,timeout,3005,36855
after,1,chaos wizard.txt,20,timeout,3010,31194
after,1,chaos wizard.txt,22,solved,8,65
after,1,chaos wizard.txt,24,timeout,3008,23651
after,1,chaos wizard.txt,27,timeout,3010,30205
after,1,coincounter.txt,0,solved,2,9
after,1,coincounter.txt,1,solved,2,22
after,1,coincounter.txt,2,solved,10,69
after,1,coincounter.txt,3,solved,13,93
after,1,coincounter.txt,4,solved,51,289
after,1,coincounter.txt,5,solved,49,287
after,1,coincounter.txt,6,solved,156,892
after,1,coincounter.txt,7,solved,383,2309
after,1,coincounter.txt,8,solved,13,51
after,1,coincounter.txt,9,solved,4,7
after,1,coincounter.txt,10,solved,1,1
after,1,collapse.txt,2,solved,251,186
after,1,collapse.txt,3,timeout,3000,1561
after,1,color chained.txt,0,solved,13,31
after,1,color chained.txt,1,solved,6,9
after,1,color chained.txt,2,solved,282,645
after,1,color chained.txt,3,solved,76,160
after,1,color chained.txt,4,solved,63,139
after,1,color chained.txt,5,solved,484,959
after,1,color chained.txt,6,timeout,3001,4993
after,1,color chained.txt,7,timeout,3000,5273
after,1,color chained.txt,8,timeout,3001,5728
after,1,color chained.txt,9,solved,1905,3056
after,1,color chained.txt,10,solved,1893,3182
after,1,color chained.txt,14,timeout,3006,4157
after,1,constellationz.txt,0,solved,0,5
after,1,constellationz.txt,1,solved,0,5
after,1,constellationz.txt,2,solved,3,72
after,1,constellationz.txt,3,solved,0,10
after,1,constellationz.txt,4,solved,5,124
after,1,constellationz.txt,5,solved,6,28
after,1,constellationz.txt,6,solved,185,1718
after,1,constellationz.txt,7,solved,161,1466
after,1,constellationz.txt,8,timeout,3007,36368
after,1,constellationz.txt,9,solved,496,4056
after,1,constellationz.txt,10,solved,456,5772
after,1,cooperacing.txt,3,solved,321,4508
after,1,cooperacing.txt,5,solved,886,13019
after,1,cooperacing.txt,8,solved,2608,39396
after,1,cooperacing.txt,10,timeout,3005,39312
after,1,crate guardian.txt,1,solved,323,7184
after,1,crate guardian.txt,3,solved,78,1913
after,1,crate guardian.txt,5,solved,352,8633
after,1,crate guardian.txt,7,solved,506,12334
after,1,crate guardian.txt,9,solved,1787,35696
after,1,crate guardian.txt,11,timeout,3008,69740
after,1,crate swap.txt,1,solved,21,1202
after,1,crate swap.txt,3,solved,10,714
after,1,crate swap.txt,5,solved,29,1659
after,1,crate swap.txt,7,solved,29,1732
after,1,crate swap.txt,9,solved,42,2606
after,1,crate swap.txt,11,solved,57,3024
after,1,crate swap.txt,13,solved,56,2569
after,1,crate swap.txt,15,solved,33,1789
after,1,cratopia.txt,2,solved,5,70
after,1,cratopia.txt,3,solved,954,10496
after,1,cratopia.txt,5,solved,61,764
after,1,cratopia.txt,9,timeout,3005,25030
after,1,cratopia.txt,11,solved,637,9214
after,1,cratopia.txt,12,timeout,3005,36780
after,1,cratopia.txt,13,timeout,3003,21095
after,1,cratopia.txt,14,timeout,3005,35893
after,1,cratopia.txt,15,timeout,3004,34748
after,1,cratopia.txt,16,timeout,3004,28691
after,1,cratopia.txt,17,timeout,3006,40286
after,1,cratopia.txt,18,timeout,3005,41249
after,1,cratopia.txt,19,timeout,3003,35152
after,1,cratopia.txt,20,solved,21,31
after,1,cratopia.txt,21,solved,37,0
after,1,cratopia.txt,22,solved,33,0
after,1,cratopia.txt,23,solved,31,0
after,1,cute train.txt,1,timeout,3006,1223
after,1,der hydra krypta.txt,1,solved,23,21
after,1,der hydra krypta.txt,3,timeout,3000,1398
after,1,der hydra krypta.txt,5,timeout,3000,1754
after,1,der hydra krypta.txt,7,timeout,3001,784
after,1,der hydra krypta.txt,9,timeout,3003,1560
after,1,der hydra krypta.txt,11,timeout,3000,1537
after,1,der hydra krypta.txt,13,solved,0,1
after,1,dice goblin.txt,3,timeout,3001,9389
after,1,die schoene steinmetzin.txt,1,timeout,3003,20755
after,1,die schoene steinmetzin.txt,3,timeout,3002,16899
after,1,die schoene steinmetzin.txt,5,solved,291,1760
after,1,die schoene steinmetzin.txt,7,timeout,3002,19524
after,1,die schoene steinmetzin.txt,9,timeout,3002,19432
after,1,die schoene steinmetzin.txt,11,timeout,3002,11808
after,1,die schoene steinmetzin.txt,13,timeout,3002,12411
after,1,die schoene steinmetzin.txt,15,timeout,3002,9354
after,1,die schoene steinmetzin.txt,16,exhausted,0,1
after,1,diesinthelight.txt,0,solved,13,94
after,1,diesinthelight.txt,1,solved,75,432
after,1,diesinthelight.txt,2,solved,1042,4251
after,1,diesinthelight.txt,3,timeout,3002,11096
after,1,dollyban.txt,1,solved,107,3182
after,1,dollyban.txt,3,solved,99,3417
after,1,dollyban.txt,5,solved,532,17811
after,1,dollyban.txt,7,solved,592,17784
after,1,dollyban.txt,9,solved,594,17742
after,1,dollyban.txt,11,timeout,3008,89234
after,1,dollyban.txt,13,solved,218,5653
after,1,dollyban.txt,15,solved,1420,42080
after,1,dollyban.txt,17,timeout,3010,83875
after,1,dollyban.txt,19,timeout,3007,86863
after,1,dollyban.txt,21,timeout,3008,84944
after,1,dollyban.txt,23,solved,358,11508
after,1,dollyban.txt,25,timeout,3007,79397
after,1,dollyban.txt,27,timeout,3007,93325
after,1,dollyban.txt,29,timeout,3007,83732
after,1,dreizack.txt,1,timeout,3000,2172
after,1,dreizack.txt,3,timeout,3000,2128
after,1,dreizack.txt,5,timeout,3000,1857
after,1,dreizack.txt,6,solved,1,9
after,1,dreizack.txt,7,solved,0,1
after,1,dropswap.txt,3,solved,90,1246
after,1,dropswap.txt,5,solved,125,831
after,1,dropswap.txt,8,timeout,3003,18931
after,1,dropswap.txt,12,solved,83,728
after,1,dropswap.txt,14,timeout,3004,18938
after,1,dungeon janitor.txt,2,solved,1,22
after,1,dungeon janitor.txt,4,solved,1201,14685
after,1,dungeon janitor.txt,6,timeout,3003,27073
after,1,dungeon janitor.txt,9,timeout,3002,13849
after,1,easyenigma.txt,0,solved,3,5
after,1,easyenigma.txt,1,solved,0,1
after,1,easyenigma.txt,2,solved,148,455
after,1,easyenigma.txt,3,solved,1,2
after,1,easyenigma.txt,4,solved,1,2
after,1,easyenigma.txt,5,solved,205,363
after,1,easyenigma.txt,6,solved,2,5
after,1,easyenigma.txt,7,solved,3,7
after,1,easyenigma.txt,8,solved,66,99
after,1,easyenigma.txt,9,solved,2,1
after,1,easyenigma.txt,10,solved,6,2
after,1,easyenigma.txt,11,timeout,3030,6842
after,1,easyenigma.txt,12,solved,8,2
after,1,easyenigma.txt,13,solved,6,13
after,1,easyenigma.txt,14,solved,1,1
after,1,easyenigma.txt,15,solved,3,5
after,1,easyenigma.txt,16,timeout,3012,4697
after,1,easyenigma.txt,17,solved,825,2
after,1,easyenigma.txt,18,solved,2,2
after,1,easyenigma.txt,19,timeout,3004,1617
after,1,easyenigma.txt,20,timeout,3021,3785
after,1,ecosystem generator.txt,1,timeout,3011,19325
after,1,expand also avoid the flames.txt,1,timeout,3006,391
after,1,fickle fred.txt,1,solved,4,226
after,1,fickle fred.txt,3,solved,28,1408
after,1,fickle fred.txt,5,solved,610,26180
after,1,fickle fred.txt,7,solved,67,3331
after,1,fickle fred.txt,9,solved,9,563
after,1,flesh-handed hot casserole delivery bot.txt,1,solved,3,272
after,1,flesh-handed hot casserole delivery bot.txt,2,solved,11,878
after,1,flesh-handed hot casserole delivery bot.txt,4,solved,357,24105
after,1,flesh-handed hot casserole delivery bot.txt,6,solved,371,23540
after,1,flesh-handed hot casserole delivery bot.txt,8,solved,20,1546
after,1,flesh-handed hot casserole delivery bot.txt,10,solved,190,13570
after,1,flesh-handed hot casserole delivery bot.txt,12,solved,28,1923
after,1,flesh-handed hot casserole delivery bot.txt,14,solved,69,4331
after,1,flesh-handed hot casserole delivery bot.txt,16,solved,197,13080
after,1,flesh-handed hot casserole delivery bot.txt,18,solved,605,37504
after,1,gabelstapler.txt,1,solved,89,936
after,1,gabelstapler.txt,3,timeout,3002,22912
after,1,gabelstapler.txt,5,timeout,3001,19364
after,1,gapfiller.txt,1,solved,11,383
after,1,gapfiller.txt,3,solved,175,4611
after,1,gapfiller.txt,5,solved,9,404
after,1,gapfiller.txt,7,solved,43,1441
after,1,gapfiller.txt,9,solved,2,76
after,1,gapfiller.txt,11,solved,1173,31516
after,1,gapfiller.txt,13,solved,8,332
after,1,gapfiller.txt,15,solved,2,87
after,1,gapfiller.txt,17,solved,111,3993
after,1,gapfiller.txt,19,timeout,3005,64203
after,1,gem soketeer.txt,1,solved,187,563
after,1,gem soketeer.txt,3,solved,76,345
after,1,gem soketeer.txt,5,solved,43,111
after,1,gem soketeer.txt,7,solved,30,127
after,1,gem soketeer.txt,9,solved,167,719
after,1,gem soketeer.txt,11,solved,10,53
after,1,gem soketeer.txt,13,solved,1578,6167
after,1,gem soketeer.txt,15,timeout,3001,8914
after,1,gem soketeer.txt,17,solved,1485,3572
after,1,gem soketeer.txt,19,timeout,3001,8826
after,1,gem soketeer.txt,21,solved,473,1164
after,1,gem soketeer.txt,23,timeout,3000,6881
after,1,gem soketeer.txt,25,solved,654,2956
after,1,gem soketeer.txt,27,solved,1128,3318
after,1,gem soketeer.txt,29,solved,559,2727
after,1,gem soketeer.txt,31,solved,514,2606
after,1,gem soketeer.txt,33,solved,1270,6180
after,1,gobble_rush.txt,0,solved,1,11
after,1,gobble_rush.txt,1,solved,2,42
after,1,gobble_rush.txt,2,solved,7,121
after,1,gobble_rush.txt,3,solved,73,926
after,1,gobble_rush.txt,4,solved,5,92
after,1,gobble_rush.txt,5,solved,17,259
after,1,gobble_rush.txt,6,solved,18,257
after,1,gobble_rush.txt,7,solved,21,257
after,1,gobble_rush.txt,8,solved,17,253
after,1,gobble_rush.txt,9,solved,43,575
after,1,gobble_rush.txt,10,solved,19,174
after,1,gobble_rush.txt,11,solved,20,225
after,1,gobble_rush.txt,12,solved,26,192
after,1,gobble_rush.txt,13,solved,7,92
after,1,gobble_rush.txt,14,solved,17,222
after,1,gobble_rush.txt,15,solved,3,34
after,1,gobble_rush.txt,16,solved,27,403
after,1,gobble_rush.txt,17,solved,20,264
after,1,gobble_rush.txt,18,solved,36,436
after,1,gobble_rush.txt,19,solved,115,1386
after,1,gobble_rush.txt,20,solved,0,4
after,1,hairtug.txt,1,solved,10,65
after,1,hairtug.txt,4,timeout,3006,15673
after,1,hairtug.txt,7,timeout,3010,12204
after,1,hairtug.txt,10,solved,590,3148
after,1,hairtug.txt,13,timeout,3010,15210
after,1,head skuller.txt,1,solved,19,717
after,1,head skuller.txt,3,solved,132,6231
after,1,head skuller.txt,5,timeout,3014,120906
after,1,head skuller.txt,7,solved,79,3927
after,1,head skuller.txt,9,timeout,3014,129939
after,1,head skuller.txt,11,solved,493,19720
after,1,head skuller.txt,13,solved,0,1
after,1,hedgehog stimulator.txt,1,solved,605,7489
after,1,hedgehog stimulator.txt,3,solved,2889,32712
after,1,hedgehog stimulator.txt,5,solved,282,3142
after,1,hedgehog stimulator.txt,7,solved,449,4977
after,1,hedgehog stimulator.txt,9,solved,449,5006
after,1,hedgehog stimulator.txt,11,solved,1030,12669
after,1,hedgehog stimulator.txt,13,solved,285,2657
after,1,hedgehog stimulator.txt,15,solved,535,5351
after,1,hedgehog stimulator.txt,17,solved,2270,22866
after,1,hedgehog stimulator.txt,19,solved,2940,29966
after,1,hedgehog stimulator.txt,21,timeout,3002,29814
after,1,hedgehog stimulator.txt,23,solved,2895,25195
after,1,heroes_of_sokoban.txt,1,solved,0,8
after,1,heroes_of_sokoban.txt,3,solved,17,587
after,1,heroes_of_sokoban.txt,5,solved,1,26
after,1,heroes_of_sokoban.txt,7,timeout,3016,70091
after,1,heroes_of_sokoban.txt,9,solved,2,55
after,1,heroes_of_sokoban.txt,10,solved,811,18699
after,1,heroes_of_sokoban.txt,11,solved,7,257
after,1,heroes_of_sokoban.txt,13,solved,143,2751
after,1,heroes_of_sokoban.txt,14,timeout,3012,53673
after,1,heroes_of_sokoban.txt,15,solved,1,17
after,1,heroes_of_sokoban.txt,17,solved,24,372
after,1,heroes_of_sokoban.txt,19,solved,799,17425
after,1,heroes_of_sokoban.txt,20,timeout,3013,75184
after,1,heroes_of_sokoban.txt,21,timeout,3011,55866
after,1,heroes_of_sokoban.txt,22,solved,12,361
after,1,heroes_of_sokoban.txt,23,solved,168,5422
after,1,heroes_of_sokoban.txt,24,timeout,3010,81476
after,1,heroes_of_sokoban.txt,25,timeout,3009,64280
after,1,heroes_of_sokoban.txt,26,timeout,3010,99144
after,1,heroes_of_sokoban.txt,27,solved,2,77
after,1,heroes_of_sokoban.txt,28,timeout,3010,56902
after,1,heroes_of_sokoban.txt,29,solved,0,10
after,1,heroes_of_sokoban_2.txt,3,solved,426,5484
after,1,heroes_of_sokoban_2.txt,5,solved,3,35
after,1,heroes_of_sokoban_2.txt,6,solved,2,32
after,1,heroes_of_sokoban_2.txt,8,solved,344,7281
after,1,heroes_of_sokoban_2.txt,10,solved,5,73
after,1,heroes_of_sokoban_2.txt,12,timeout,3003,33910
after,1,heroes_of_sokoban_2.txt,13,solved,183,1817
after,1,heroes_of_sokoban_2.txt,15,solved,5,52
after,1,heroes_of_sokoban_2.txt,17,solved,538,8503
after,1,heroes_of_sokoban_2.txt,19,solved,1845,30440
after,1,heroes_of_sokoban_2.txt,20,timeout,3004,45585
after,1,heroes_of_sokoban_2.txt,21,timeout,3005,45832
after,1,heroes_of_sokoban_2.txt,23,solved,1,21
after,1,heroes_of_sokoban_2.txt,24,solved,25,285
after,1,heroes_of_sokoban_2.txt,26,solved,191,2065
after,1,heroes_of_sokoban_2.txt,27,solved,2218,21919
after,1,heroes_of_sokoban_2.txt,28,timeout,3003,29805
after,1,heroes_of_sokoban_2.txt,29,solved,442,4926
after,1,heroes_of_sokoban_2.txt,30,solved,1976,17905
after,1,heroes_of_sokoban_2.txt,31,timeout,3004,31286
after,1,heroes_of_sokoban_2.txt,32,timeout,3010,37355
after,1,heroes_of_sokoban_2.txt,34,timeout,3007,28287
after,1,heroes_of_sokoban_3.txt,3,timeout,3016,35638
after,1,heroes_of_sokoban_3.txt,5,solved,41,324
after,1,heroes_of_sokoban_3.txt,6,solved,13,84
after,1,heroes_of_sokoban_3.txt,8,solved,18,114
after,1,heroes_of_sokoban_3.txt,10,solved,248,3546
after,1,heroes_of_sokoban_3.txt,11,solved,112,1649
after,1,heroes_of_sokoban_3.txt,12,solved,27,393
after,1,heroes_of_sokoban_3.txt,13,timeout,3006,38245
after,1,heroes_of_sokoban_3.txt,14,solved,1646,22236
after,1,heroes_of_sokoban_3.txt,16,timeout,3008,68170
after,1,heroes_of_sokoban_3.txt,17,timeout,3011,58154
after,1,heroes_of_sokoban_3.txt,18,timeout,3006,54136
after,1,heroes_of_sokoban_3.txt,21,timeout,3006,49439
after,1,heroes_of_sokoban_3.txt,22,timeout,3007,39502
after,1,heroes_of_sokoban_3.txt,23,solved,1208,35385
after,1,heroes_of_sokoban_3.txt,24,timeout,3005,34484
after,1,heroes_of_sokoban_3.txt,25,timeout,3009,32029
after,1,heroes_of_sokoban_3.txt,26,timeout,3006,52116
after,1,heroes_of_sokoban_3.txt,27,timeout,3005,35967
after,1,heroes_of_sokoban_3.txt,28,timeout,3003,37924
after,1,heroes_of_sokoban_3.txt,30,timeout,3012,25546
after,1,heroes_of_sokoban_3.txt,31,solved,40,530
after,1,hungry kraken.txt,1,timeout,3007,13088
after,1,hungry kraken.txt,3,exhausted,0,1
after,1,i am a gust of wind.txt,1,solved,1,76
after,1,i am a gust of wind.txt,3,solved,10,383
after,1,i am a gust of wind.txt,5,solved,5,245
after,1,i am a gust of wind.txt,7,solved,1153,60032
after,1,i sure look tasty.txt,1,timeout,3000,1526
after,1,i want to grind myself into dust.txt,1,timeout,3007,21041
after,1,i want to grind myself into dust.txt,3,timeout,3004,14191
after,1,i want to grind myself into dust.txt,5,timeout,3003,6247
after,1,icecrates.txt,1,solved,0,6
after,1,icecrates.txt,3,solved,1,9
after,1,icecrates.txt,5,solved,7,53
after,1,icecrates.txt,7,solved,142,930
after,1,icecrates.txt,9,solved,52,219
after,1,icecrates.txt,11,solved,1312,7431
after,1,impossible.txt,0,exhausted,0,1
after,1,it dies in the light.txt,0,solved,11,94
after,1,it dies in the light.txt,1,solved,77,432
after,1,it dies in the light.txt,2,solved,1107,4251
after,1,it dies in the light.txt,3,timeout,3001,11298
after,1,karamell.txt,1,solved,424,836
after,1,karamell.txt,3,timeout,3007,3347
after,1,karamell.txt,5,timeout,3000,2367
after,1,karamell.txt,7,solved,0,1
after,1,kettle.txt,1,solved,2,26
after,1,kettle.txt,4,solved,0,3
after,1,kettle.txt,7,solved,0,3
after,1,kettle.txt,10,solved,3,27
after,1,kettle.txt,13,solved,10,97
after,1,kettle.txt,16,solved,2,26
after,1,kettle.txt,19,solved,57,473
after,1,kettle.txt,22,solved,62,353
after,1,kettle.txt,25,solved,746,4187
after,1,kettle.txt,28,timeout,3008,16525
after,1,kettle.txt,31,timeout,3006,14317
after,1,kishoutenketsu.txt,2,solved,22,320
after,1,kishoutenketsu.txt,5,solved,884,12929
after,1,kishoutenketsu.txt,8,solved,2,41
after,1,kishoutenketsu.txt,11,solved,2080,11445
after,1,konsum.txt,1,timeout,3003,24974
after,1,kreiseln.txt,1,solved,22,292
after,1,kreiseln.txt,3,timeout,3004,47285
after,1,kreiseln.txt,5,solved,1033,11565
after,1,kreiseln.txt,7,solved,651,5362
after,1,kreiseln.txt,9,solved,2762,25514
after,1,led challenge.txt,1,timeout,3004,39708
after,1,led challenge.txt,3,timeout,3009,57583
after,1,led challenge.txt,5,timeout,3007,43820
after,1,led challenge.txt,7,timeout,3001,15550
after,1,ledchallenge.txt,1,timeout,3007,48341
after,1,ledchallenge.txt,3,timeout,3012,57758
after,1,ledchallenge.txt,5,timeout,3008,51684
after,1,ledchallenge.txt,7,timeout,3002,15561
after,1,legend of zokoban.txt,0,timeout,3010,18333
after,1,limerick.txt,1,solved,2,41
after,1,limerick.txt,3,solved,141,2800
after,1,limerick.txt,5,timeout,3020,56386
after,1,limerick.txt,7,solved,15,264
after,1,limerick.txt,9,solved,80,1490
after,1,limerick.txt,11,solved,14,296
after,1,limerick.txt,13,timeout,3014,57665
after,1,limerick.txt,15,solved,1327,26207
after,1,limerick.txt,17,solved,49,821
after,1,limerick.txt,19,timeout,3014,59168
after,1,m c eschers armageddon.txt,0,solved,0,11
after,1,m c eschers armageddon.txt,1,solved,0,4
after,1,m c eschers armageddon.txt,2,solved,0,12
after,1,m c eschers armageddon.txt,3,solved,59,284
after,1,make way.txt,1,solved,727,30571
after,1,make way.txt,3,solved,71,3331
after,1,manic_ammo.txt,1,solved,0,9
after,1,manic_ammo.txt,3,solved,0,9
after,1,manic_ammo.txt,5,solved,1,71
after,1,manic_ammo.txt,8,solved,0,9
after,1,manic_ammo.txt,10,solved,189,6607
after,1,manic_ammo.txt,12,solved,4,99
after,1,manic_ammo.txt,14,timeout,3009,78203
after,1,manic_ammo.txt,16,solved,75,3210
after,1,manic_ammo.txt,18,solved,1,12
after,1,manic_ammo.txt,20,timeout,3010,81939
after,1,manic_ammo.txt,22,solved,38,281
after,1,manic_ammo.txt,24,solved,243,4956
after,1,manic_ammo.txt,26,solved,1098,9855
after,1,manic_ammo.txt,28,timeout,3002,19349
after,1,manic_ammo.txt,30,timeout,3006,61272
after,1,match three billiards.txt,1,solved,0,4
after,1,match three billiards.txt,3,solved,23,451
after,1,match three billiards.txt,5,solved,33,563
after,1,mazezam.txt,1,solved,1,48
after,1,mazezam.txt,3,solved,2,134
after,1,mazezam.txt,5,solved,5,210
after,1,mazezam.txt,7,solved,12,534
after,1,mazezam.txt,9,solved,13,662
after,1,mazezam.txt,11,solved,14,501
after,1,mazezam.txt,13,solved,31,1121
after,1,mazezam.txt,15,solved,18,763
after,1,mazezam.txt,17,solved,17,709
after,1,mazezam.txt,19,solved,149,3882
after,1,mazezam.txt,21,solved,34,1424
after,1,mazezam.txt,23,solved,1038,26487
after,1,mazezam.txt,25,solved,80,3165
after,1,mazezam.txt,27,solved,77,2557
after,1,mazezam.txt,29,solved,211,8022
after,1,mazezam.txt,31,solved,29,932
after,1,mazezam.txt,33,solved,37,1333
after,1,mazezam.txt,35,timeout,3011,98009
after,1,mazezam.txt,37,solved,24,1095
after,1,mazezam.txt,39,solved,107,2661
after,1,mazezam.txt,41,solved,53,1924
after,1,mazezam.txt,43,solved,90,3247
after,1,mazezam.txt,45,solved,47,1874
after,1,mazezam.txt,47,solved,130,5229
after,1,mazezam.txt,49,timeout,3009,93091
after,1,mazezam.txt,51,solved,74,2701
after,1,mazezam.txt,53,timeout,3010,69095
after,1,mazezam.txt,55,solved,464,14265
after,1,mazezam.txt,57,solved,1375,33766
after,1,mazezam.txt,59,solved,1636,47986
after,1,message_skip.txt,1,solved,0,1
after,1,midas.txt,0,solved,6,105
after,1,midas.txt,2,solved,19,318
after,1,midas.txt,4,solved,19,285
after,1,midas.txt,6,solved,36,681
after,1,midas.txt,8,timeout,3004,36587
after,1,midas.txt,11,timeout,3005,29885
after,1,midas.txt,13,timeout,3005,34257
after,1,midas.txt,15,timeout,3004,30532
after,1,midas.txt,17,timeout,3006,29200
after,1,midas.txt,19,solved,660,5666
after,1,midas.txt,21,timeout,3014,25718
after,1,midas.txt,23,timeout,3008,33459
after,1,midas.txt,25,solved,143,1609
after,1,midas.txt,27,timeout,3009,26463
after,1,midas.txt,29,timeout,3008,27864
after,1,moved by leaves of grass.txt,1,timeout,3001,2922
after,1,multi_level.txt,0,solved,0,1
after,1,multi_level.txt,1,solved,0,1
after,1,newton.txt,1,timeout,3007,61683
after,1,newton.txt,3,timeout,3008,63261
after,1,newton.txt,5,timeout,3007,73278
after,1,no don't eat that.txt,1,timeout,3000,742
after,1,no don't eat that.txt,3,timeout,3001,725
after,1,no don't eat that.txt,5,timeout,3000,531
after,1,no don't eat that.txt,7,timeout,3000,437
after,1,no don't eat that.txt,9,timeout,3001,642
after,1,no don't eat that.txt,11,timeout,3001,258
after,1,no don't eat that.txt,13,timeout,3002,249
after,1,no don't eat that.txt,15,timeout,3000,260
after,1,no forbidden symbols 2.txt,1,timeout,3012,83155
after,1,no forbidden symbols.txt,1,timeout,3024,128230
after,1,no heroes necessary.txt,1,solved,25,176
after,1,no heroes necessary.txt,3,solved,13,53
after,1,no heroes necessary.txt,5,solved,40,237
after,1,no heroes necessary.txt,7,solved,9,54
after,1,no heroes necessary.txt,9,solved,166,695
after,1,oh no i accidentally swallowed myself.txt,1,timeout,3000,1776
after,1,oh no i accidentally swallowed myself.txt,2,solved,0,1
after,1,oh no i accidentally swallowed myself.txt,3,solved,0,1
after,1,oh no i accidentally swallowed myself.txt,4,solved,0,1
after,1,one_move.txt,0,solved,0,1
after,1,paint everything everywhere.txt,1,solved,12,28
after,1,paint everything everywhere.txt,3,solved,38,104
after,1,paint everything everywhere.txt,5,solved,34,20
after,1,paint everything everywhere.txt,7,solved,87,55
after,1,paint everything everywhere.txt,9,solved,254,113
after,1,paint everything everywhere.txt,11,solved,116,129
after,1,paint everything everywhere.txt,13,solved,45,76
after,1,paint everything everywhere.txt,15,solved,62,44
after,1,paint everything everywhere.txt,17,solved,799,69
after,1,paint everything everywhere.txt,19,solved,25,46
after,1,paint everything everywhere.txt,21,solved,108,110
after,1,paint everything everywhere.txt,23,solved,95,50
after,1,paint everything everywhere.txt,25,solved,176,99
after,1,paint everything everywhere.txt,27,solved,260,81
after,1,paint everything everywhere.txt,29,solved,228,102
after,1,paint everything everywhere.txt,31,solved,180,66
after,1,paint everything everywhere.txt,33,solved,90,51
after,1,paint everything everywhere.txt,35,solved,165,57
after,1,paint everything everywhere.txt,37,solved,272,465
after,1,paint everything everywhere.txt,39,solved,1487,196
after,1,participating in society.txt,2,timeout,3025,16021
after,1,pipe puffer.txt,2,solved,249,4550
after,1,pipe puffer.txt,4,solved,40,589
after,1,pipe puffer.txt,6,timeout,3004,29190
after,1,pipe puffer.txt,8,solved,205,1808
after,1,pipe puffer.txt,10,solved,2855,39216
after,1,pipe puffer.txt,12,timeout,3003,29744
after,1,pipe puffer.txt,14,timeout,3003,32585
after,1,pipe puffer.txt,16,solved,10,73
after,1,ponies jumping synchronously.txt,0,solved,0,8
after,1,ponies jumping synchronously.txt,2,solved,0,9
after,1,ponies jumping synchronously.txt,4,solved,0,7
after,1,ponies jumping synchronously.txt,6,solved,0,9
after,1,ponies jumping synchronously.txt,8,solved,1,29
after,1,ponies jumping synchronously.txt,10,solved,17,388
after,1,ponies jumping synchronously.txt,12,solved,0,8
after,1,ponies jumping synchronously.txt,14,solved,15,283
after,1,ponies jumping synchronously.txt,17,solved,464,4517
after,1,ponies jumping synchronously.txt,19,solved,15,265
after,1,ponies jumping synchronously.txt,21,timeout,3004,33822
after,1,ponies jumping synchronously.txt,23,timeout,3003,23673
after,1,pupush.txt,1,timeout,3007,65906
after,1,push pull.txt,1,solved,5,285
after,1,push pull.txt,3,solved,4,236
after,1,push pull.txt,5,solved,18,876
after,1,push.txt,1,solved,0,6
after,1,push.txt,3,solved,0,13
after,1,push.txt,5,solved,18,566
after,1,push.txt,7,solved,5,110
after,1,push.txt,9,solved,9,243
after,1,push.txt,11,solved,37,884
after,1,push.txt,13,solved,32,663
after,1,push.txt,15,solved,1095,18508
after,1,push.txt,17,solved,1381,27335
after,1,push.txt,19,solved,473,8194
after,1,push.txt,21,solved,192,3306
after,1,push.txt,23,solved,3,78
after,1,push.txt,25,solved,211,3950
after,1,push.txt,27,solved,275,4707
after,1,push.txt,29,timeout,3009,55257
after,1,push.txt,31,solved,90,2397
after,1,push.txt,33,solved,806,11297
after,1,push.txt,35,timeout,3006,32741
after,1,push.txt,37,solved,2,52
after,1,push.txt,39,timeout,3008,62898
after,1,push.txt,40,solved,0,4
after,1,pushit.txt,1,solved,108,5171
after,1,pushit.txt,3,timeout,3022,80178
after,1,pushit.txt,5,solved,2650,136912
after,1,pushit.txt,7,solved,482,27424
after,1,puzzles.txt,0,timeout,3002,14697
after,1,realtime dog mountain rescue.txt,1,timeout,3001,8311
after,1,realtime dog mountain rescue.txt,4,timeout,3001,6980
after,1,realtime dog mountain rescue.txt,7,timeout,3000,4226
after,1,riverpuzzle.txt,0,timeout,3000,424
after,1,robot arm.txt,3,timeout,3001,1801
after,1,robot arm.txt,5,timeout,3004,172
after,1,robot arm.txt,7,timeout,3003,12330
after,1,robotarm.txt,3,timeout,3017,1801
after,1,robotarm.txt,5,timeout,3002,177
after,1,robotarm.txt,7,timeout,3002,11844
after,1,sacrament of the river god.txt,1,timeout,3002,10796
after,1,sacrament of the river god.txt,3,timeout,3000,2649
after,1,sacrament of the river god.txt,5,timeout,3002,9978
after,1,sacrament of the river god.txt,7,timeout,3001,6495
after,1,sacrament of the river god.txt,9,solved,1297,4603
after,1,sacrament of the river god.txt,11,timeout,3000,1667
after,1,sacrament of the river god.txt,13,solved,3,12
after,1,seize the flag.txt,1,timeout,3002,6965
after,1,seize the flag.txt,3,solved,0,1
after,1,short adventure in sticky wall land.txt,1,timeout,3002,16898
after,1,short adventure in sticky wall land.txt,3,timeout,3001,15525
after,1,short adventure in sticky wall land.txt,5,timeout,3002,17788
after,1,shy snake.txt,1,solved,57,95
after,1,shy snake.txt,3,timeout,3000,1320
after,1,shy snake.txt,5,timeout,3000,1445
after,1,slide pull.txt,1,solved,36,1388
after,1,slide pull.txt,3,solved,11,573
after,1,slide pull.txt,5,solved,57,2583
after,1,slide pull.txt,7,solved,835,35283
after,1,slide pull.txt,9,solved,14,782
after,1,slide pull.txt,11,solved,950,37341
after,1,slide pull.txt,13,solved,182,6725
after,1,slidings.txt,1,solved,2,39
after,1,slidings.txt,3,solved,1,18
after,1,slidings.txt,5,solved,1,38
after,1,slidings.txt,7,solved,4,82
after,1,slidings.txt,9,solved,10,234
after,1,slidings.txt,11,solved,266,6268
after,1,slidings.txt,13,solved,186,5247
after,1,slidings.txt,15,solved,175,6209
after,1,slidings.txt,17,solved,371,10129
after,1,slidings.txt,19,solved,68,1895
after,1,slidings.txt,21,solved,113,2959
after,1,slime vat filler.txt,2,solved,4,229
after,1,slime vat filler.txt,4,solved,0,39
after,1,slime vat filler.txt,6,solved,2,125
after,1,slime vat filler.txt,8,solved,2,89
after,1,slime vat filler.txt,10,solved,2,127
after,1,slime vat filler.txt,12,solved,183,7121
after,1,slime vat filler.txt,14,solved,15,550
after,1,slime vat filler.txt,16,timeout,3016,95938
after,1,slime vat filler.txt,18,solved,138,5783
after,1,slime vat filler.txt,21,solved,61,3131
after,1,slime vat filler.txt,23,solved,0,1
after,1,slot machine.txt,1,solved,90,620
after,1,slot machine.txt,3,timeout,3002,18701
after,1,smother.txt,2,solved,16,265
after,1,smother.txt,4,solved,22,499
after,1,smother.txt,6,solved,38,765
after,1,smother.txt,8,solved,38,415
after,1,smother.txt,10,solved,86,781
after,1,smother.txt,14,solved,0,6
after,1,smother.txt,16,solved,0,32
after,1,smother.txt,18,solved,1,36
after,1,smother.txt,20,solved,11,276
after,1,smother.txt,22,solved,12,334
after,1,smother.txt,26,solved,37,536
after,1,smother.txt,28,solved,151,1909
after,1,smother.txt,30,solved,20,317
after,1,smother.txt,32,timeout,3001,8968
after,1,smother.txt,34,timeout,3003,28903
after,1,smother.txt,37,solved,0,4
after,1,snkaey makes a sixy.txt,0,timeout,3007,38964
after,1,snkaey makes a sixy.txt,2,exhausted,0,1
after,1,snortal.txt,0,solved,1342,22721
after,1,sok7.txt,0,timeout,3003,13803
after,1,sokobansokobansokoban.txt,1,timeout,3010,68088
after,1,sokobond demake.txt,2,solved,1,38
after,1,sokobond demake.txt,4,solved,0,18
after,1,sokobond demake.txt,6,solved,0,16
after,1,sokobond demake.txt,8,solved,1,20
after,1,sokobond demake.txt,10,solved,2,64
after,1,sokobond demake.txt,12,solved,2,49
after,1,sokobond demake.txt,14,solved,16,300
after,1,sokobond demake.txt,16,solved,5,81
after,1,sokobond demake.txt,18,solved,45,830
after,1,sokobond demake.txt,20,solved,40,748
after,1,sokobond demake.txt,22,solved,25,588
after,1,sokobond demake.txt,24,timeout,3005,62270
after,1,sokobond demake.txt,26,solved,21,615
after,1,sokobond demake.txt,28,solved,1154,34124
after,1,sokobond demake.txt,30,timeout,3008,89308
after,1,sokogoban.txt,2,solved,2373,10795
after,1,sokogoban.txt,4,timeout,3001,8363
after,1,sokogoban.txt,6,timeout,3001,5274
after,1,stick_candy_puzzle_saga.txt,1,solved,149,2971
after,1,stick_candy_puzzle_saga.txt,2,solved,1087,18315
after,1,stick_candy_puzzle_saga.txt,4,timeout,3004,38757
after,1,stick_candy_puzzle_saga.txt,5,timeout,3003,31893
after,1,stick_candy_puzzle_saga.txt,6,timeout,3003,35119
after,1,stick_candy_puzzle_saga.txt,7,timeout,3007,42012
after,1,stick_candy_puzzle_saga.txt,8,timeout,3003,33287
after,1,stick_candy_puzzle_saga.txt,9,timeout,3007,47397
after,1,stick_candy_puzzle_saga.txt,10,timeout,3004,35114
after,1,stick_candy_puzzle_saga.txt,11,timeout,3006,42717
after,1,stick_candy_puzzle_saga.txt,12,timeout,3005,31737
after,1,stick_candy_puzzle_saga.txt,13,timeout,3003,35390
after,1,stick_candy_puzzle_saga.txt,14,timeout,3005,43755
after,1,stick_candy_puzzle_saga.txt,15,timeout,3004,39203
after,1,stick_candy_puzzle_saga.txt,16,timeout,3005,34147
after,1,stick_candy_puzzle_saga.txt,17,timeout,3003,38346
after,1,stick_candy_puzzle_saga.txt,18,timeout,3003,35315
after,1,stick_candy_puzzle_saga.txt,19,timeout,3004,25993
after,1,stick_candy_puzzle_saga.txt,20,timeout,3004,34278
after,1,stick_candy_puzzle_saga.txt,21,timeout,3002,26290
after,1,sum three horizontally to 8.txt,4,solved,1,15
after,1,sum three horizontally to 8.txt,6,solved,1,8
after,1,sum three horizontally to 8.txt,8,solved,1,6
after,1,sum three horizontally to 8.txt,10,solved,1,13
after,1,sum three horizontally to 8.txt,13,solved,1,26
after,1,sum three horizontally to 8.txt,15,solved,33,473
after,1,sum three horizontally to 8.txt,17,solved,2,19
after,1,sum three horizontally to 8.txt,19,solved,7,109
after,1,sum three horizontally to 8.txt,22,solved,54,623
after,1,sum three horizontally to 8.txt,24,solved,10,107
after,1,sum three horizontally to 8.txt,26,solved,44,415
after,1,sum three horizontally to 8.txt,28,solved,25,304
after,1,sum three horizontally to 8.txt,31,timeout,3009,10170
after,1,take heart lass.txt,1,solved,0,3
after,1,take heart lass.txt,3,solved,2,25
after,1,take heart lass.txt,5,solved,0,8
after,1,take heart lass.txt,7,solved,2,28
after,1,take heart lass.txt,9,solved,126,1256
after,1,take heart lass.txt,11,solved,12,120
after,1,take heart lass.txt,13,solved,45,361
after,1,take heart lass.txt,15,timeout,3002,26815
after,1,take heart lass.txt,17,solved,8,49
after,1,take heart lass.txt,19,solved,69,512
after,1,take heart lass.txt,21,solved,110,761
after,1,take heart lass.txt,23,timeout,3001,11033
after,1,talo pipi 2.txt,1,timeout,3002,14347
after,1,talo pipi 2.txt,3,solved,2001,15611
after,1,talo pipi 2.txt,5,timeout,3001,13783
after,1,talo pipi 2.txt,7,solved,942,5913
after,1,talo pipi 2.txt,9,timeout,3002,26204
after,1,talo pipi 2.txt,11,timeout,3002,11236
after,1,talo pipi 2.txt,13,timeout,3002,11551
after,1,talo pipi 2.txt,15,timeout,3002,10134
after,1,talo pipi 2.txt,17,solved,0,1
after,1,the exit is under my left foot.txt,1,solved,121,102
after,1,the red ring of immortality.txt,1,solved,6,226
after,1,the red ring of immortality.txt,3,solved,48,1354
after,1,the red ring of immortality.txt,5,solved,1,52
after,1,the red ring of immortality.txt,7,solved,61,1633
after,1,the red ring of immortality.txt,9,solved,6,213
after,1,the red ring of immortality.txt,11,solved,9,332
after,1,the red ring of immortality.txt,13,solved,110,2759
after,1,the red ring of immortality.txt,15,solved,14,424
after,1,the red ring of immortality.txt,17,solved,89,2173
after,1,the red ring of immortality.txt,19,solved,12,264
after,1,the red ring of immortality.txt,21,solved,1,21
after,1,the red ring of immortality.txt,23,solved,0,2
after,1,the_saga_of_the_candy_scroll.txt,6,solved,7,106
after,1,the_saga_of_the_candy_scroll.txt,10,solved,1,8
after,1,the_saga_of_the_candy_scroll.txt,14,solved,0,4
after,1,the_saga_of_the_candy_scroll.txt,18,solved,37,551
after,1,the_saga_of_the_candy_scroll.txt,20,solved,453,7939
after,1,the_saga_of_the_candy_scroll.txt,22,solved,8,104
after,1,the_saga_of_the_candy_scroll.txt,26,solved,51,832
after,1,the_saga_of_the_candy_scroll.txt,28,solved,2964,50887
after,1,the_saga_of_the_candy_scroll.txt,31,solved,80,1273
after,1,the_saga_of_the_candy_scroll.txt,35,timeout,3005,44124
after,1,the_saga_of_the_candy_scroll.txt,46,solved,0,3
after,1,the_saga_of_the_candy_scroll.txt,50,solved,2,54
after,1,the_saga_of_the_candy_scroll.txt,53,solved,31,723
after,1,the_saga_of_the_candy_scroll.txt,55,solved,132,2683
after,1,the_saga_of_the_candy_scroll.txt,58,solved,284,5189
after,1,the_saga_of_the_candy_scroll.txt,61,solved,2588,50748
after,1,the_saga_of_the_candy_scroll.txt,64,timeout,3006,59854
after,1,the_saga_of_the_candy_scroll.txt,66,timeout,3008,60205
after,1,the_saga_of_the_candy_scroll.txt,68,solved,2443,55362
after,1,the_saga_of_the_candy_scroll.txt,70,timeout,3006,55239
after,1,the_saga_of_the_candy_scroll.txt,78,solved,2726,42467
after,1,the_saga_of_the_candy_scroll.txt,80,timeout,3006,38592
after,1,the_saga_of_the_candy_scroll.txt,82,timeout,3006,37564
after,1,the_saga_of_the_candy_scroll.txt,85,timeout,3004,37196
after,1,the_saga_of_the_candy_scroll.txt,89,timeout,3004,39308
after,1,the_saga_of_the_candy_scroll.txt,98,timeout,3006,52439
after,1,the_saga_of_the_candy_scroll.txt,102,timeout,3005,35887
after,1,the_saga_of_the_candy_scroll.txt,106,timeout,3007,31011
after,1,the_saga_of_the_candy_scroll.txt,112,solved,542,5868
after,1,the_saga_of_the_candy_scroll.txt,116,solved,40,501
after,1,threes.txt,0,timeout,3001,3880
after,1,tiny treasure hunt.txt,1,timeout,3000,831
after,1,tiny treasure hunt.txt,3,timeout,3001,290
after,1,tiny treasure hunt.txt,5,timeout,3001,351
after,1,tiny treasure hunt.txt,7,timeout,3000,1090
after,1,tiny treasure hunt.txt,9,timeout,3000,358
after,1,tiny treasure hunt.txt,11,timeout,3000,971
after,1,tiny treasure hunt.txt,13,timeout,3000,400
after,1,tunnel rat.txt,1,timeout,3001,3275
after,1,tunnel rat.txt,3,timeout,3000,1812
after,1,unclean residues.txt,2,timeout,3012,69884
after,1,unclean residues.txt,4,solved,310,10197
after,1,unclean residues.txt,6,solved,1716,53628
after,1,unclean residues.txt,8,solved,2232,64135
after,1,unclean residues.txt,10,solved,347,9056
after,1,unclean residues.txt,13,solved,124,3677
after,1,unewton.txt,2,timeout,3011,49423
after,1,unewton.txt,4,solved,336,7532
after,1,unewton.txt,6,timeout,3009,57153
after,1,unewton.txt,8,timeout,3010,48998
after,1,whaleworld.txt,1,solved,22,120
after,1,whaleworld.txt,3,solved,21,240
after,1,whaleworld.txt,5,solved,122,878
after,1,whaleworld.txt,7,solved,244,1685
after,1,whaleworld.txt,9,solved,2413,11927
after,1,whaleworld.txt,11,timeout,3001,14646
after,1,whaleworld.txt,13,timeout,3001,9701
after,1,whaleworld.txt,15,solved,631,3393
after,1,witch lifter.txt,1,solved,231,1434
after,1,witch lifter.txt,3,solved,92,564
after,1,witch lifter.txt,5,timeout,3001,20480
after,1,witch lifter.txt,7,timeout,3001,18574
after,1,witch lifter.txt,9,solved,790,4271
after,1,witch lifter.txt,11,solved,302,2236
after,1,witch lifter.txt,13,timeout,3001,11339
after,1,witch lifter.txt,15,timeout,3001,12803
after,1,wool-clawer.txt,1,timeout,3001,13136
after,1,wool-clawer.txt,3,timeout,3001,12311
after,1,wool-clawer.txt,5,timeout,3000,5319
after,1,wool-clawer.txt,7,timeout,3001,3332
after,1,wool-clawer.txt,9,timeout,3001,4499
after,1,wool-clawer.txt,11,timeout,3001,4161
after,1,you can't make this up.txt,1,timeout,3015,47662
after,1,you complete me.txt,0,timeout,3011,38365
after,1,zokoban.txt,0,timeout,3009,22153
after,2,15 push pull levels.txt,1,solved,21,1342
after,2,15 push pull levels.txt,3,solved,2,137
after,2,15 push pull levels.txt,5,solved,86,5517
after,2,15 push pull levels.txt,7,solved,119,7643
after,2,15 push pull levels.txt,9,solved,71,4319
after,2,15 push pull levels.txt,11,solved,26,1565
after,2,15 push pull levels.txt,13,solved,22,1376
after,2,15 push pull levels.txt,15,solved,33,2195
after,2,15 push pull levels.txt,17,solved,26,1730
after,2,15 push pull levels.txt,19,solved,121,7849
after,2,15 push pull levels.txt,21,solved,706,40792
after,2,15 push pull levels.txt,23,solved,220,13036
after,2,15 push pull levels.txt,25,solved,199,12036
after,2,15 push pull levels.txt,27,solved,405,24213
after,2,15 push pull levels.txt,29,solved,903,52623
after,2,5-junctions-maker.txt,1,timeout,3004,4837
after,2,5-junctions-maker.txt,3,solved,0,1
after,2,8 happy snakes.txt,1,solved,0,10
after,2,8 happy snakes.txt,3,solved,29,346
after,2,8 happy snakes.txt,5,solved,7,91
after,2,8 happy snakes.txt,7,solved,44,465
after,2,8 happy snakes.txt,9,timeout,3039,78135
after,2,8 happy snakes.txt,11,timeout,3029,63090
after,2,8 happy snakes.txt,13,timeout,3031,67022
after,2,8 happy snakes.txt,15,timeout,3010,19176
after,2,ALL GREEN TO BLUE.txt,1,solved,0,36
after,2,ALL GREEN TO BLUE.txt,3,solved,177,8191
after,2,ALL GREEN TO BLUE.txt,5,solved,91,4892
after,2,ALL GREEN TO BLUE.txt,7,solved,52,3260
after,2,ALL GREEN TO BLUE.txt,9,solved,26,1376
after,2,ALL GREEN TO BLUE.txt,11,solved,848,42408
after,2,ALL GREEN TO BLUE.txt,13,solved,168,10966
after,2,ALL GREEN TO BLUE.txt,15,solved,2,188
after,2,ALL GREEN TO BLUE.txt,17,solved,289,20062
after,2,ALL GREEN TO BLUE.txt,19,solved,11,884
after,2,ALL GREEN TO BLUE.txt,21,solved,2,89
after,2,Acorn Scorchery Paradise.txt,1,solved,8,489
after,2,Acorn Scorchery Paradise.txt,3,solved,6,380
after,2,Acorn Scorchery Paradise.txt,5,solved,21,1219
after,2,Acorn Scorchery Paradise.txt,7,solved,9,454
after,2,Acorn Scorchery Paradise.txt,9,solved,27,1545
after,2,All Green and Blue on Yellow.txt,1,solved,2,200
after,2,All Green and Blue on Yellow.txt,3,solved,2,166
after,2,All Green and Blue on Yellow.txt,5,solved,15,1249
after,2,All Green and Blue on Yellow.txt,7,solved,17,1343
after,2,All Green and Blue on Yellow.txt,9,solved,17,1260
after,2,Any hole is a goal.txt,1,solved,8,17
after,2,Any hole is a goal.txt,3,solved,187,802
after,2,Any hole is a goal.txt,5,solved,424,1433
after,2,Any hole is a goal.txt,7,solved,167,748
after,2,Any hole is a goal.txt,9,timeout,3001,12519
after,2,Any hole is a goal.txt,11,solved,2215,9147
after,2,Any hole is a goal.txt,13,solved,2849,10952
after,2,Any hole is a goal.txt,15,solved,1247,4087
after,2,Any hole is a goal.txt,17,timeout,3001,12569
after,2,Any hole is a goal.txt,19,solved,2897,12143
after,2,Any hole is a goal.txt,21,timeout,3002,11703
after,2,Any hole is a goal.txt,23,solved,223,1037
after,2,Any hole is a goal.txt,25,timeout,3001,12378
after,2,Any hole is a goal.txt,27,timeout,3001,7135
after,2,Any hole is a goal.txt,29,solved,1265,5339
after,2,Any hole is a goal.txt,31,solved,1585,6892
after,2,Any hole is a goal.txt,33,timeout,3001,12567
after,2,Any hole is a goal.txt,35,timeout,3001,10724
after,2,Any hole is a goal.txt,37,timeout,3001,6621
after,2,Any hole is a goal.txt,39,timeout,3002,10163
after,2,Any hole is a goal.txt,41,timeout,3001,13198
after,2,Any hole is a goal.txt,43,timeout,3001,7406
after,2,Any hole is a goal.txt,45,timeout,3001,6033
after,2,Any hole is a goal.txt,47,timeout,3002,13184
after,2,Any hole is a goal.txt,49,timeout,3002,12869
after,2,Any hole is a goal.txt,51,timeout,3002,10191
after,2,Any hole is a goal.txt,53,solved,2698,10481
after,2,Any hole is a goal.txt,55,solved,2219,9530
after,2,Any hole is a goal.txt,57,solved,1424,6404
after,2,Any hole is a goal.txt,59,timeout,3002,12648
after,2,Any hole is a goal.txt,61,timeout,3002,11474
after,2,Any hole is a goal.txt,63,timeout,3002,12384
after,2,Any hole is a goal.txt,65,solved,694,3040
after,2,Any hole is a goal.txt,67,timeout,3001,11818
after,2,Any hole is a goal.txt,69,timeout,3002,12656
after,2,Attractor Net.txt,1,solved,86,2014
after,2,Attractor Net.txt,3,solved,107,2769
after,2,Attractor Net.txt,5,solved,5,162
after,2,Attractor Net.txt,7,solved,25,523
after,2,Attractor Net.txt,9,solved,75,1433
after,2,Attractor Net.txt,11,solved,24,571
after,2,Attractor Net.txt,13,solved,117,3034
after,2,Attractor Net.txt,15,solved,67,1772
after,2,Attractor Net.txt,17,solved,1,20
after,2,Attractor Net.txt,19,solved,62,1642
after,2,BIAXIAL INVASION OF SATURN.txt,3,solved,115,523
after,2,BIAXIAL INVASION OF SATURN.txt,5,solved,415,1521
after,2,BIAXIAL INVASION OF SATURN.txt,7,solved,973,2524
after,2,BIAXIAL INVASION OF SATURN.txt,9,solved,505,1114
after,2,BIAXIAL INVASION OF SATURN.txt,11,solved,847,1862
after,2,BIAXIAL INVASION OF SATURN.txt,13,solved,186,444
after,2,BIAXIAL INVASION OF SATURN.txt,15,solved,602,1716
after,2,BIAXIAL INVASION OF SATURN.txt,17,solved,1642,2439
after,2,BIAXIAL INVASION OF SATURN.txt,19,timeout,3001,2697
after,2,BIAXIAL INVASION OF SATURN.txt,21,timeout,3000,1966
after,2,BIAXIAL INVASION OF SATURN.txt,23,timeout,3001,3167
after,2,BIAXIAL INVASION OF SATURN.txt,25,timeout,3000,270
after,2,BIAXIAL INVASION OF SATURN.txt,28,solved,0,1
after,2,BIAXIAL INVASION OF SATURN.txt,29,solved,0,1
after,2,BIAXIAL INVASION OF SATURN.txt,30,solved,0,1
after,2,BIAXIAL INVASION OF SATURN.txt,31,solved,1,1
after,2,Bicycle-Kick Football.txt,1,solved,254,621
after,2,Bicycle-Kick Football.txt,4,solved,9,91
after,2,Bicycle-Kick Football.txt,7,solved,120,685
after,2,Bicycle-Kick Football.txt,10,solved,573,4988
after,2,Bicycle-Kick Football.txt,13,solved,262,1171
after,2,Bicycle-Kick Football.txt,16,solved,350,2614
after,2,Bring the ice cube to the goal without exposing it to heat.txt,1,timeout,3001,4524
after,2,CODEX LUBRICUS.txt,2,solved,37,130
after,2,CODEX LUBRICUS.txt,4,solved,44,93
after,2,CODEX LUBRICUS.txt,6,solved,49,73
after,2,CODEX LUBRICUS.txt,8,solved,25,93
after,2,CODEX LUBRICUS.txt,10,solved,72,113
after,2,CODEX LUBRICUS.txt,12,solved,52,149
after,2,CODEX LUBRICUS.txt,14,solved,47,111
after,2,CODEX LUBRICUS.txt,16,solved,46,118
after,2,CODEX LUBRICUS.txt,18,solved,70,105
after,2,CODEX LUBRICUS.txt,20,solved,78,115
after,2,CODEX LUBRICUS.txt,22,solved,50,112
after,2,CODEX LUBRICUS.txt,24,solved,48,116
after,2,CODEX LUBRICUS.txt,26,solved,61,108
after,2,CODEX LUBRICUS.txt,28,solved,72,104
after,2,CODEX LUBRICUS.txt,30,solved,101,131
after,2,CODEX LUBRICUS.txt,32,solved,180,275
after,2,CODEX LUBRICUS.txt,34,solved,69,122
after,2,CODEX LUBRICUS.txt,36,solved,57,164
after,2,CODEX LUBRICUS.txt,38,solved,40,102
after,2,CODEX LUBRICUS.txt,40,solved,159,262
after,2,Chevron Lodger.txt,1,solved,2,67
after,2,Chevron Lodger.txt,3,solved,50,1755
after,2,Chevron Lodger.txt,5,solved,183,5035
after,2,Chevron Lodger.txt,7,solved,25,823
after,2,Chevron Lodger.txt,9,solved,258,7084
after,2,Chevron Lodger.txt,11,solved,1363,28539
after,2,Crates move when you move.txt,1,solved,3,138
after,2,Crates move when you move.txt,3,solved,2,73
after,2,Crates move when you move.txt,5,solved,2,49
after,2,Crates move when you move.txt,7,solved,5,115
after,2,Crates move when you move.txt,9,solved,2,71
after,2,Crates move when you move.txt,11,solved,0,3
after,2,Crates move when you move.txt,13,solved,9,348
after,2,Crates move when you move.txt,15,solved,6,230
after,2,Crates move when you move.txt,17,solved,2,93
after,2,Crates move when you move.txt,19,solved,13,415
after,2,Cucumber Surprise.txt,2,solved,7,259
after,2,Cucumber Surprise.txt,5,solved,7,201
after,2,Cucumber Surprise.txt,7,solved,31,1178
after,2,Cucumber Surprise.txt,9,solved,73,2499
after,2,Cucumber Surprise.txt,11,solved,232,7606
after,2,Cucumber Surprise.txt,13,solved,32,1163
after,2,Cucumber Surprise.txt,15,solved,69,2202
after,2,Cucumber Surprise.txt,17,solved,24,916
after,2,Cucumber Surprise.txt,19,solved,51,1311
after,2,Cucumber Surprise.txt,21,solved,223,8142
after,2,Cucumber Surprise.txt,23,solved,89,3449
after,2,Cucumber Surprise.txt,25,solved,31,1243
after,2,Cucumber Surprise.txt,27,solved,201,7437
after,2,Cucumber Surprise.txt,29,solved,21,731
after,2,Cucumber Surprise.txt,31,solved,88,2119
after,2,Cucumber Surprise.txt,33,solved,108,3415
after,2,Cucumber Surprise.txt,35,solved,52,1727
after,2,Cucumber Surprise.txt,37,solved,24,812
after,2,Cucumber Surprise.txt,39,solved,111,2968
after,2,Cucumber Surprise.txt,41,solved,636,18932
after,2,Des Poseidons Dreizack.txt,1,timeout,3000,2282
after,2,Des Poseidons Dreizack.txt,3,timeout,3000,1970
after,2,Des Poseidons Dreizack.txt,5,timeout,3000,1718
after,2,Des Poseidons Dreizack.txt,6,solved,1,9
after,2,Des Poseidons Dreizack.txt,7,solved,0,1
after,2,Don't let your goals slip away.txt,1,solved,1,63
after,2,Don't let your goals slip away.txt,3,solved,93,4881
after,2,Don't let your goals slip away.txt,5,solved,2,121
after,2,Don't let your goals slip away.txt,7,solved,9,512
after,2,Don't let your goals slip away.txt,9,solved,24,1317
after,2,Don't let your goals slip away.txt,11,solved,114,5817
after,2,Don't let your goals slip away.txt,13,solved,40,2187
after,2,Don't let your goals slip away.txt,15,solved,183,7721
after,2,Double-Entry Bookkeeping Simulator.txt,1,timeout,3002,15963
after,2,Double-Entry Bookkeeping Simulator.txt,3,timeout,3001,9078
after,2,Double-Entry Bookkeeping Simulator.txt,5,solved,1023,6575
after,2,Double-Entry Bookkeeping Simulator.txt,7,timeout,3006,17775
after,2,Double-Entry Bookkeeping Simulator.txt,9,timeout,3002,12424
after,2,Double-Entry Bookkeeping Simulator.txt,11,timeout,3001,8774
after,2,Double-Entry Bookkeeping Simulator.txt,13,timeout,3000,4694
after,2,Double-Entry Bookkeeping Simulator.txt,15,timeout,3002,5932
after,2,Double-Entry Bookkeeping Simulator.txt,17,timeout,3004,19936
after,2,Explodoban.txt,1,solved,9,437
after,2,Explodoban.txt,3,solved,6,320
after,2,Explodoban.txt,5,solved,65,3082
after,2,Explodoban.txt,7,solved,147,5873
after,2,Explodoban.txt,9,solved,85,3907
after,2,Explodoban.txt,11,solved,62,2959
after,2,Explodoban.txt,13,solved,364,15980
after,2,Eyeball-watching flowers bloom.txt,1,solved,1,53
after,2,Eyeball-watching flowers bloom.txt,3,solved,204,4076
after,2,Eyeball-watching flowers bloom.txt,5,timeout,3007,58853
after,2,Garten der Medusen.txt,1,solved,8,6
after,2,Garten der Medusen.txt,3,solved,6,4
after,2,Garten der Medusen.txt,5,solved,10,6
after,2,Garten der Medusen.txt,7,timeout,3000,3352
after,2,Garten der Medusen.txt,9,timeout,3001,2305
after,2,Garten der Medusen.txt,11,timeout,3001,2269
after,2,Garten der Medusen.txt,13,timeout,3000,710
after,2,Garten der Medusen.txt,15,timeout,3001,884
after,2,Hole-Stuffer.txt,1,solved,455,6585
after,2,Hole-Stuffer.txt,3,solved,222,3591
after,2,Hole-Stuffer.txt,5,solved,12,178
after,2,Hole-Stuffer.txt,7,timeout,3012,39377
after,2,"Individuals can produce a society, but can a society produce individuals.txt",1,timeout,3010,6533
after,2,It gets its Feet Wet.txt,1,timeout,3002,3410
after,2,Legend of Swixero.txt,1,solved,6,369
after,2,Legend of Swixero.txt,3,solved,26,1444
after,2,Legend of Swixero.txt,5,solved,9,450
after,2,Legend of Swixero.txt,7,timeout,3019,127445
after,2,Legend of Swixero.txt,9,solved,625,27305
after,2,Match two two by twos.txt,2,timeout,3009,18891
after,2,Match two two by twos.txt,4,timeout,3004,9800
after,2,Match two two by twos.txt,6,timeout,3003,11659
after,2,Match-Maker.txt,1,solved,31,1111
after,2,Match-Maker.txt,3,solved,2,66
after,2,Match-Maker.txt,5,solved,8,214
after,2,Match-Maker.txt,7,solved,215,4771
after,2,Match-Maker.txt,9,solved,751,15001
after,2,Match-Maker.txt,11,solved,243,5545
after,2,Match-Maker.txt,13,solved,154,3402
after,2,Match-Maker.txt,15,solved,222,4839
after,2,Match-Maker.txt,17,solved,1823,33440
after,2,Microban x 10.txt,2,timeout,3004,3964
after,2,Muraphilic Monophobic Multiban.txt,1,solved,1631,66664
after,2,Muraphilic Monophobic Multiban.txt,3,solved,0,6
after,2,Muraphilic Monophobic Multiban.txt,5,solved,10,390
after,2,Muraphilic Monophobic Multiban.txt,7,solved,98,4207
after,2,Muraphilic Monophobic Multiban.txt,9,solved,257,10623
after,2,Muraphilic Monophobic Multiban.txt,11,solved,71,2039
after,2,Muraphilic Monophobic Multiban.txt,13,solved,24,1149
after,2,Muraphilic Monophobic Multiban.txt,15,timeout,3026,107751
after,2,NIGHTMARECROBAN.txt,1,solved,5,309
after,2,NIGHTMARECROBAN.txt,3,solved,31,1682
after,2,NIGHTMARECROBAN.txt,5,solved,23,1170
after,2,NIGHTMARECROBAN.txt,7,solved,7,387
after,2,NIGHTMARECROBAN.txt,9,solved,11,515
after,2,NIGHTMARECROBAN.txt,11,solved,37,1605
after,2,NIGHTMARECROBAN.txt,13,solved,82,3677
after,2,Neoprenanzieher.txt,2,timeout,3005,6440
after,2,North Wind Simple Sailboat Buoy Collection.txt,2,exhausted,1,9
after,2,North Wind Simple Sailboat Buoy Collection.txt,4,exhausted,2,9
after,2,North Wind Simple Sailboat Buoy Collection.txt,6,exhausted,1,9
after,2,Oh No My Dog Is About To Swallow A Piece Of.txt,1,timeout,3006,1406
after,2,Place the crate on the targets.txt,1,timeout,3019,16475
after,2,Pocket Gopher - Root-Shoot Nibbler.txt,2,timeout,3003,18844
after,2,Pocket Gopher - Root-Shoot Nibbler.txt,5,solved,2946,19109
after,2,Pocket Gopher - Root-Shoot Nibbler.txt,8,timeout,3001,17234
after,2,Pocket Gopher - Root-Shoot Nibbler.txt,11,solved,1594,5454
after,2,Pocket Gopher - Root-Shoot Nibbler.txt,14,timeout,3001,15061
after,2,Pushy-V Pully-H.txt,1,solved,11,664
after,2,Pushy-V Pully-H.txt,3,solved,0,25
after,2,Pushy-V Pully-H.txt,5,solved,15,866
after,2,Pushy-V Pully-H.txt,7,solved,30,1738
after,2,Pushy-V Pully-H.txt,9,solved,0,14
after,2,Pushy-V Pully-H.txt,11,solved,2,109
after,2,Pushy-V Pully-H.txt,13,solved,2,78
after,2,Pushy-V Pully-H.txt,15,solved,91,3497
after,2,Pushy-V Pully-H.txt,17,solved,52,2857
after,2,Pushy-V Pully-H.txt,19,solved,1,72
after,2,Pushy-V Pully-H.txt,21,solved,165,9302
after,2,"Put the logs in the water, elephant.txt",1,solved,439,5641
after,2,"Put the logs in the water, elephant.txt",4,solved,51,770
after,2,"Put the logs in the water, elephant.txt",7,solved,297,3935
after,2,"Put the logs in the water, elephant.txt",10,solved,102,1313
after,2,"Put the logs in the water, elephant.txt",13,timeout,3009,39074
after,2,"Put the logs in the water, elephant.txt",16,solved,368,5710
after,2,"Put the logs in the water, elephant.txt",19,solved,323,3578
after,2,"Put the logs in the water, elephant.txt",22,solved,381,5657
after,2,Putting Bicycle Helmets on Young Children.txt,1,timeout,3002,3049
after,2,Putting Bicycle Helmets on Young Children.txt,3,timeout,3000,1289
after,2,Putting Bicycle Helmets on Young Children.txt,5,timeout,3006,753
after,2,Recondite Star Sector Sigma.txt,1,solved,11,644
after,2,Recondite Star Sector Sigma.txt,3,solved,157,7848
after,2,Recondite Star Sector Sigma.txt,5,solved,111,6910
after,2,Recondite Star Sector Sigma.txt,7,solved,209,9804
after,2,Recondite Star Sector Sigma.txt,9,solved,152,9178
after,2,Recondite Star Sector Sigma.txt,11,solved,21,1338
after,2,Recondite Star Sector Sigma.txt,13,solved,233,12443
after,2,Recondite Star Sector Sigma.txt,15,solved,67,3835
after,2,Recondite Star Sector Sigma.txt,17,solved,251,13908
after,2,Recondite Star Sector Sigma.txt,19,solved,29,1580
after,2,Resin-Caster.txt,2,solved,15,1014
after,2,Resin-Caster.txt,4,solved,11,729
after,2,Resin-Caster.txt,6,solved,30,2010
after,2,Resin-Caster.txt,8,solved,71,4444
after,2,Resin-Caster.txt,10,solved,11,762
after,2,Resin-Caster.txt,12,solved,22,1470
after,2,Resin-Caster.txt,14,solved,62,3899
after,2,Resin-Caster.txt,16,solved,11,576
after,2,Resin-Caster.txt,18,solved,21,1073
after,2,Resin-Caster.txt,20,solved,23,1472
after,2,S-tercourse.txt,1,solved,1125,8478
after,2,S-tercourse.txt,3,solved,38,357
after,2,S-tercourse.txt,5,solved,36,302
after,2,S-tercourse.txt,7,timeout,3006,26291
after,2,S-tercourse.txt,9,timeout,3002,26148
after,2,S-tercourse.txt,11,solved,710,6712
after,2,S-tercourse.txt,13,timeout,3002,27300
after,2,S-tercourse.txt,15,timeout,3002,25287
after,2,S-tercourse.txt,17,timeout,3002,24966
after,2,S-tercourse.txt,19,solved,912,7579
after,2,S-tercourse.txt,21,solved,403,3878
after,2,S-tercourse.txt,23,solved,415,4402
after,2,SWIMMING TIME.txt,2,solved,408,660
after,2,Scalesoban.txt,1,solved,0,14
after,2,Scalesoban.txt,3,solved,2,91
after,2,Scalesoban.txt,5,solved,18,858
after,2,Schleimban.txt,1,solved,22,306
after,2,Schleimban.txt,3,solved,48,768
after,2,Schleimban.txt,5,solved,52,548
after,2,Schleimban.txt,7,solved,73,1018
after,2,Schleimban.txt,9,solved,34,503
after,2,Schleimban.txt,11,solved,0,1
after,2,Subway upholstry snot smearing championship.txt,2,solved,204,6991
after,2,Subway upholstry snot smearing championship.txt,4,solved,6,240
after,2,Subway upholstry snot smearing championship.txt,6,solved,3,96
after,2,Subway upholstry snot smearing championship.txt,8,solved,703,15750
after,2,Subway upholstry snot smearing championship.txt,10,solved,124,3469
after,2,Subway upholstry snot smearing championship.txt,12,solved,67,1208
after,2,Subway upholstry snot smearing championship.txt,14,timeout,3006,55361
after,2,The Far Away Danish Pastry is always Delicio.txt,1,solved,0,7
after,2,The Far Away Danish Pastry is always Delicio.txt,3,solved,0,10
after,2,The Far Away Danish Pastry is always Delicio.txt,5,solved,3,183
after,2,The Far Away Danish Pastry is always Delicio.txt,7,solved,1,45
after,2,The Far Away Danish Pastry is always Delicio.txt,9,solved,1,74
after,2,The Far Away Danish Pastry is always Delicio.txt,11,solved,67,3545
after,2,The Far Away Danish Pastry is always Delicio.txt,13,solved,28,1232
after,2,The Far Away Danish Pastry is always Delicio.txt,15,solved,92,4154
after,2,The Monsterous Autoshove.txt,1,solved,40,710
after,2,The Monsterous Autoshove.txt,3,solved,65,921
after,2,The Monsterous Autoshove.txt,5,timeout,3002,25300
after,2,The Monsterous Autoshove.txt,7,solved,36,575
after,2,The Monsterous Autoshove.txt,9,solved,2673,23691
after,2,The Monsterous Autoshove.txt,11,timeout,3004,27723
after,2,The sponge what lights up the seafloor.txt,1,solved,103,503
after,2,The sponge what lights up the seafloor.txt,3,solved,287,1566
after,2,The sponge what lights up the seafloor.txt,5,solved,1091,4219
after,2,The sponge what lights up the seafloor.txt,7,solved,99,633
after,2,The sponge what lights up the seafloor.txt,9,solved,260,1501
after,2,The sponge what lights up the seafloor.txt,11,solved,144,942
after,2,The sponge what lights up the seafloor.txt,13,timeout,3001,17451
after,2,The sponge what lights up the seafloor.txt,15,solved,2857,16643
after,2,The sponge what lights up the seafloor.txt,17,timeout,3001,14615
after,2,The sponge what lights up the seafloor.txt,19,timeout,3001,15390
after,2,Two-Step Pete.txt,1,solved,2,61
after,2,Two-Step Pete.txt,3,solved,56,2153
after,2,Two-Step Pete.txt,5,solved,6,305
after,2,Two-Step Pete.txt,7,timeout,3023,88002
after,2,Two-Step Pete.txt,9,solved,46,1810
after,2,Two-Step Pete.txt,11,solved,2,99
after,2,Two-Step Pete.txt,13,solved,15,756
after,2,Two-Step Pete.txt,15,solved,369,16469
after,2,Two-Tone Tango.txt,1,solved,78,1805
after,2,Two-Tone Tango.txt,3,solved,19,569
after,2,Two-Tone Tango.txt,5,solved,37,1163
after,2,Two-Tone Tango.txt,7,solved,243,6728
after,2,Two-Tone Tango.txt,9,solved,1,38
after,2,Two-Tone Tango.txt,11,solved,32,747
after,2,Two-Tone Tango.txt,13,solved,129,4124
after,2,Two-Tone Tango.txt,15,solved,106,3028
after,2,Van-to-Mobile-Living-Space-Conversion Window.txt,1,solved,2,39
after,2,Van-to-Mobile-Living-Space-Conversion Window.txt,3,solved,73,1296
after,2,Van-to-Mobile-Living-Space-Conversion Window.txt,5,solved,3,49
after,2,Van-to-Mobile-Living-Space-Conversion Window.txt,7,solved,891,14232
after,2,Van-to-Mobile-Living-Space-Conversion Window.txt,9,solved,256,4464
after,2,Van-to-Mobile-Living-Space-Conversion Window.txt,11,solved,649,10643
after,2,Van-to-Mobile-Living-Space-Conversion Window.txt,13,solved,56,938
after,2,Van-to-Mobile-Living-Space-Conversion Window.txt,15,solved,216,3383
after,2,Van-to-Mobile-Living-Space-Conversion Window.txt,17,solved,39,673
after,2,Van-to-Mobile-Living-Space-Conversion Window.txt,19,solved,1646,24774
after,2,Van-to-Mobile-Living-Space-Conversion Window.txt,21,solved,1244,20552
after,2,Van-to-Mobile-Living-Space-Conversion Window.txt,23,solved,102,1754
after,2,Van-to-Mobile-Living-Space-Conversion Window.txt,25,solved,543,9769
after,2,Van-to-Mobile-Living-Space-Conversion Window.txt,27,timeout,3009,48260
after,2,Varifocal Nightmare.txt,1,solved,52,1456
after,2,Varifocal Nightmare.txt,3,solved,31,780
after,2,Varifocal Nightmare.txt,5,solved,60,2291
after,2,Varifocal Nightmare.txt,7,solved,800,25083
after,2,Varifocal Nightmare.txt,9,solved,179,4318
after,2,Vexatious Match 3.txt,2,timeout,3014,85154
after,2,Vexatious Match 3.txt,4,solved,785,27618
after,2,Vexatious Match 3.txt,6,solved,996,36190
after,2,Vexatious Match 3.txt,8,solved,998,35574
after,2,Vexatious Match 3.txt,10,solved,47,1992
after,2,Voitex Rasteriser 2.txt,1,timeout,3024,54191
after,2,Voitex Rasteriser.txt,0,timeout,3039,95740
after,2,Voitex Rasteriser.txt,2,solved,0,1
after,2,Wand Spinner.txt,1,solved,5,263
after,2,Wand Spinner.txt,3,solved,5,214
after,2,Wand Spinner.txt,5,solved,64,2715
after,2,Wand Spinner.txt,7,solved,96,4051
after,2,Wand Spinner.txt,9,solved,10,417
after,2,Wand Spinner.txt,11,solved,22,949
after,2,Wand Spinner.txt,13,solved,30,1308
after,2,Wand Spinner.txt,15,solved,12,513
after,2,Wand Spinner.txt,17,solved,26,973
after,2,Wand Spinner.txt,19,solved,48,1879
after,2,Wand Spinner.txt,21,solved,19,796
after,2,Wand Spinner.txt,23,solved,232,9400
after,2,Wand Spinner.txt,25,solved,18,721
after,2,Wand Spinner.txt,27,solved,81,3180
after,2,Wand Spinner.txt,29,solved,396,15178
after,2,Wand Spinner.txt,31,solved,60,2265
after,2,Wand Spinner.txt,33,solved,2,68
after,2,Wand Spinner.txt,35,solved,138,5885
after,2,Xorro The Chaos Warden.txt,1,solved,6,267
after,2,Xorro The Chaos Warden.txt,3,solved,113,4418
after,2,Xorro The Chaos Warden.txt,5,solved,103,3553
after,2,Xorro The Chaos Warden.txt,7,solved,598,16952
after,2,Yellow Box.txt,1,solved,113,3503
after,2,Yellow Box.txt,3,solved,15,332
after,2,Yellow Box.txt,5,solved,3,49
after,2,Yellow Box.txt,7,solved,12,293
after,2,Yellow Box.txt,9,solved,88,1318
after,2,Yellow Box.txt,11,solved,105,1642
after,2,Yellow Box.txt,13,solved,13,285
after,2,Yellow Box.txt,15,solved,1552,59501
after,2,Yellow Box.txt,17,solved,3,58
after,2,Yellow Box.txt,19,solved,14,272
after,2,Yellow Box.txt,21,solved,77,1639
after,2,Yellow Box.txt,23,solved,1,20
after,2,Yellow Box.txt,25,solved,13,259
after,2,Yellow Box.txt,27,solved,27,498
after,2,Yellow Box.txt,29,solved,14,280
after,2,Yellow Box.txt,31,solved,112,2277
after,2,Yellow Box.txt,33,solved,14,284
after,2,Yellow Box.txt,35,solved,698,12609
after,2,a clear view of the sky.txt,3,solved,39,58
after,2,a clear view of the sky.txt,6,solved,23,55
after,2,a clear view of the sky.txt,8,solved,25,60
after,2,a clear view of the sky.txt,10,solved,20,52
after,2,a clear view of the sky.txt,12,solved,24,54
after,2,a clear view of the sky.txt,14,solved,16,43
after,2,a clear view of the sky.txt,16,solved,66,185
after,2,a clear view of the sky.txt,18,solved,1110,1778
after,2,a clear view of the sky.txt,20,solved,41,64
after,2,a clear view of the sky.txt,22,solved,147,235
after,2,a clear view of the sky.txt,24,solved,314,600
after,2,a clear view of the sky.txt,26,solved,2795,2229
after,2,a clear view of the sky.txt,28,timeout,3000,1034
after,2,a clear view of the sky.txt,30,solved,0,1
after,2,a clear view of the sky.txt,31,solved,0,1
after,2,a clear view of the sky.txt,32,solved,0,1
after,2,a clear view of the sky.txt,33,solved,0,1
after,2,a clear view of the sky.txt,34,solved,0,1
after,2,a clear view of the sky.txt,35,solved,0,1
after,2,a cliche for bedtime.txt,1,timeout,3025,97504
after,2,a distant sunset.txt,1,solved,29,83
after,2,a distant sunset.txt,3,solved,0,1
after,2,a distant sunset.txt,4,solved,0,1
after,2,a distant sunset.txt,5,solved,0,1
after,2,alternatey.txt,2,solved,15,170
after,2,alternatey.txt,4,solved,89,426
after,2,alternatey.txt,6,solved,281,2469
after,2,an ok multiban level.txt,1,solved,322,16501
after,2,atlas shrank.txt,1,solved,1,11
after,2,atlas shrank.txt,4,solved,187,1898
after,2,atlas shrank.txt,5,solved,145,887
after,2,atlas shrank.txt,6,solved,637,4258
after,2,atlas shrank.txt,8,timeout,3001,10063
after,2,atlas shrank.txt,10,solved,116,611
after,2,atlas shrank.txt,11,timeout,3001,15136
after,2,atlas shrank.txt,12,timeout,3001,16081
after,2,atlas shrank.txt,14,timeout,3001,13861
after,2,atlas shrank.txt,15,timeout,3001,4913
after,2,atlas shrank.txt,16,timeout,3000,4841
after,2,atlas shrank.txt,17,timeout,3001,10860
after,2,autohurdler.txt,1,solved,9,124
after,2,autohurdler.txt,3,solved,4,35
after,2,autohurdler.txt,5,timeout,3005,44481
after,2,autohurdler.txt,7,solved,33,402
after,2,big dog and little dog.txt,1,solved,225,2021
after,2,big dog and little dog.txt,3,timeout,3005,23542
after,2,big dog and little dog.txt,5,timeout,3004,19919
after,2,big dog and little dog.txt,7,timeout,3004,19353
after,2,big dog and little dog.txt,9,timeout,3001,18075
after,2,big dog and little dog.txt,11,timeout,3005,9600
after,2,bouncers.txt,1,timeout,3025,90359
after,2,bouncers.txt,3,timeout,3024,90361
after,2,bouncers.txt,5,timeout,3033,89662
after,2,bouncers.txt,7,timeout,3029,74845
after,2,bouncers.txt,9,timeout,3031,64240
after,2,butteater.txt,1,solved,25,482
after,2,butteater.txt,3,timeout,3007,57147
after,2,byyourside.txt,0,solved,1,17
after,2,byyourside.txt,1,solved,84,1231
after,2,byyourside.txt,2,solved,13,216
after,2,byyourside.txt,3,solved,1,14
after,2,byyourside.txt,4,solved,18,264
after,2,byyourside.txt,5,solved,19,299
after,2,byyourside.txt,6,solved,0,5
after,2,byyourside.txt,7,solved,1,16
after,2,byyourside.txt,8,solved,97,1709
after,2,byyourside.txt,9,solved,60,1062
after,2,cakemonsters.txt,2,solved,0,3
after,2,cakemonsters.txt,4,solved,0,10
after,2,cakemonsters.txt,7,solved,5,208
after,2,cakemonsters.txt,9,solved,6,268
after,2,cakemonsters.txt,11,solved,1,25
after,2,cakemonsters.txt,13,solved,7,275
after,2,cakemonsters.txt,14,solved,1,43
after,2,cakemonsters.txt,15,solved,6,305
after,2,cakemonsters.txt,16,solved,26,1021
after,2,cakemonsters.txt,17,solved,1,70
after,2,cakemonsters.txt,18,solved,0,10
after,2,cakemonsters.txt,20,timeout,3016,85652
after,2,cakemonsters.txt,21,solved,117,3880
after,2,cakemonsters.txt,22,solved,9,326
after,2,cakemonsters.txt,24,solved,0,18
after,2,cakemonsters.txt,25,solved,0,7
after,2,cakemonsters.txt,26,solved,0,8
after,2,cakemonsters.txt,27,solved,0,9
after,2,cakemonsters.txt,28,solved,10,380
after,2,cakemonsters.txt,29,solved,7,314
after,2,cakemonsters.txt,31,solved,1,40
after,2,cakemonsters.txt,32,solved,30,1164
after,2,cakemonsters.txt,33,solved,94,3917
after,2,cakemonsters.txt,34,timeout,3020,80566
after,2,cakemonsters.txt,35,solved,7,259
after,2,cakemonsters.txt,37,timeout,3020,74280
after,2,cakemonsters.txt,38,solved,156,6123
after,2,cakemonsters.txt,39,solved,0,18
after,2,cakemonsters.txt,40,solved,114,4864
after,2,cakemonsters.txt,41,solved,1989,73546
after,2,cakemonsters.txt,43,solved,1,34
after,2,cakemonsters.txt,44,solved,151,5188
after,2,cakemonsters.txt,46,solved,44,1821
after,2,cakemonsters.txt,47,timeout,3009,108994
after,2,cakemonsters.txt,49,solved,216,9290
after,2,cakemonsters.txt,52,solved,481,16398
after,2,car crash.txt,1,timeout,3004,1505
after,2,car crash.txt,2,solved,97,0
after,2,castlecloset.txt,0,solved,164,2695
after,2,castlemouse.txt,1,solved,8,48
after,2,castlemouse.txt,3,solved,8,42
after,2,castlemouse.txt,5,solved,27,138
after,2,castlemouse.txt,7,solved,61,272
after,2,castlemouse.txt,9,solved,4,20
after,2,castlemouse.txt,11,solved,374,1139
after,2,castlemouse.txt,13,solved,2,6
after,2,castlemouse.txt,15,solved,7,12
after,2,castlemouse.txt,17,solved,1,3
after,2,castlemouse.txt,19,solved,5,9
after,2,chaos wizard.txt,2,solved,67,960
after,2,chaos wizard.txt,3,solved,22,293
after,2,chaos wizard.txt,4,timeout,3006,46502
after,2,chaos wizard.txt,5,solved,1965,32254
after,2,chaos wizard.txt,6,timeout,3010,34455
after,2,chaos wizard.txt,7,timeout,3008,46899
after,2,chaos wizard.txt,8,timeout,3008,40855
after,2,chaos wizard.txt,9,timeout,3010,49449
after,2,chaos wizard.txt,10,timeout,3007,44825
after,2,chaos wizard.txt,11,solved,1827,29559
after,2,chaos wizard.txt,12,timeout,3009,39534
after,2,chaos wizard.txt,13,timeout,3007,39017
after,2,chaos wizard.txt,14,solved,384,5327
after,2,chaos wizard.txt,15,timeout,3006,40718
after,2,chaos wizard.txt,16,timeout,3011,48596
after,2,chaos wizard.txt,17,timeout,3015,39747
after,2,chaos wizard.txt,18,timeout,3008,39038
after,2,chaos wizard.txt,19,timeout,3006,37967
after,2,chaos wizard.txt,20,timeout,3012,31605
after,2,chaos wizard.txt,22,solved,8,65
after,2,chaos wizard.txt,24,timeout,3010,23768
after,2,chaos wizard.txt,27,timeout,3009,30119
after,2,coincounter.txt,0,solved,2,9
after,2,coincounter.txt,1,solved,2,22
after,2,coincounter.txt,2,solved,8,69
after,2,coincounter.txt,3,solved,12,93
after,2,coincounter.txt,4,solved,46,289
after,2,coincounter.txt,5,solved,46,287
after,2,coincounter.txt,6,solved,143,892
after,2,coincounter.txt,7,solved,316,2309
after,2,coincounter.txt,8,solved,8,51
after,2,coincounter.txt,9,solved,2,7
after,2,coincounter.txt,10,solved,0,1
after,2,collapse.txt,2,solved,192,186
after,2,collapse.txt,3,timeout,3001,1688
after,2,color chained.txt,0,solved,12,31
after,2,color chained.txt,1,solved,5,9
after,2,color chained.txt,2,solved,253,645
after,2,color chained.txt,3,solved,75,160
after,2,color chained.txt,4,solved,54,139
after,2,color chained.txt,5,solved,484,959
after,2,color chained.txt,6,timeout,3001,5421
after,2,color chained.txt,7,timeout,3000,5228
after,2,color chained.txt,8,timeout,3001,5868
after,2,color chained.txt,9,solved,1889,3056
after,2,color chained.txt,10,solved,1830,3182
after,2,color chained.txt,14,timeout,3001,4130
after,2,constellationz.txt,0,solved,0,5
after,2,constellationz.txt,1,solved,0,5
after,2,constellationz.txt,2,solved,3,72
after,2,constellationz.txt,3,solved,0,10
after,2,constellationz.txt,4,solved,5,124
after,2,constellationz.txt,5,solved,6,28
after,2,constellationz.txt,6,solved,187,1718
after,2,constellationz.txt,7,solved,157,1466
after,2,constellationz.txt,8,timeout,3009,37240
after,2,constellationz.txt,9,solved,504,4056
after,2,constellationz.txt,10,solved,437,5772
after,2,cooperacing.txt,3,solved,328,4508
after,2,cooperacing.txt,5,solved,883,13019
after,2,cooperacing.txt,8,solved,2594,39396
after,2,cooperacing.txt,10,timeout,3006,44993
after,2,crate guardian.txt,1,solved,304,7184
after,2,crate guardian.txt,3,solved,75,1913
after,2,crate guardian.txt,5,solved,330,8633
after,2,crate guardian.txt,7,solved,448,12334
after,2,crate guardian.txt,9,solved,1635,35696
after,2,crate guardian.txt,11,timeout,3007,72537
after,2,crate swap.txt,1,solved,19,1202
after,2,crate swap.txt,3,solved,10,714
after,2,crate swap.txt,5,solved,27,1659
after,2,crate swap.txt,7,solved,30,1732
after,2,crate swap.txt,9,solved,42,2606
after,2,crate swap.txt,11,solved,49,3024
after,2,crate swap.txt,13,solved,40,2569
after,2,crate swap.txt,15,solved,31,1789
after,2,cratopia.txt,2,solved,6,70
after,2,cratopia.txt,3,solved,910,10496
after,2,cratopia.txt,5,solved,58,764
after,2,cratopia.txt,9,timeout,3005,25860
after,2,cratopia.txt,11,solved,612,9214
after,2,cratopia.txt,12,timeout,3006,37703
after,2,cratopia.txt,13,timeout,3002,21043
after,2,cratopia.txt,14,timeout,3005,35537
after,2,cratopia.txt,15,timeout,3004,37248
after,2,cratopia.txt,16,timeout,3005,30390
after,2,cratopia.txt,17,timeout,3006,40350
after,2,cratopia.txt,18,timeout,3005,41129
after,2,cratopia.txt,19,timeout,3003,35051
after,2,cratopia.txt,20,solved,22,31
after,2,cratopia.txt,21,solved,39,0
after,2,cratopia.txt,22,solved,37,0
after,2,cratopia.txt,23,solved,32,0
after,2,cute train.txt,1,timeout,3008,1211
after,2,der hydra krypta.txt,1,solved,23,21
after,2,der hydra krypta.txt,3,timeout,3001,1366
after,2,der hydra krypta.txt,5,timeout,3000,1793
after,2,der hydra krypta.txt,7,timeout,3000,775
after,2,der hydra krypta.txt,9,timeout,3000,1603
after,2,der hydra krypta.txt,11,timeout,3000,1531
after,2,der hydra krypta.txt,13,solved,0,1
after,2,dice goblin.txt,3,timeout,3001,9697
after,2,die schoene steinmetzin.txt,1,solved,2968,21012
after,2,die schoene steinmetzin.txt,3,timeout,3002,16984
after,2,die schoene steinmetzin.txt,5,solved,281,1760
after,2,die schoene steinmetzin.txt,7,timeout,3002,20636
after,2,die schoene steinmetzin.txt,9,timeout,3002,21715
after,2,die schoene steinmetzin.txt,11,timeout,3002,14018
after,2,die schoene steinmetzin.txt,13,timeout,3007,14191
after,2,die schoene steinmetzin.txt,15,timeout,3002,10902
after,2,die schoene steinmetzin.txt,16,exhausted,0,1
after,2,diesinthelight.txt,0,solved,9,94
after,2,diesinthelight.txt,1,solved,60,432
after,2,diesinthelight.txt,2,solved,1011,4251
after,2,diesinthelight.txt,3,timeout,3001,12212
after,2,dollyban.txt,1,solved,89,3182
after,2,dollyban.txt,3,solved,86,3417
after,2,dollyban.txt,5,solved,536,17811
after,2,dollyban.txt,7,solved,472,17784
after,2,dollyban.txt,9,solved,474,17742
after,2,dollyban.txt,11,timeout,3008,101263
after,2,dollyban.txt,13,solved,174,5653
after,2,dollyban.txt,15,solved,1296,42080
after,2,dollyban.txt,17,timeout,3007,97257
after,2,dollyban.txt,19,timeout,3008,98654
after,2,dollyban.txt,21,timeout,3007,92979
after,2,dollyban.txt,23,solved,377,11508
after,2,dollyban.txt,25,timeout,3013,82715
after,2,dollyban.txt,27,timeout,3008,92651
after,2,dollyban.txt,29,timeout,3008,86352
after,2,dreizack.txt,1,timeout,3000,2169
after,2,dreizack.txt,3,timeout,3000,2086
after,2,dreizack.txt,5,timeout,3000,1821
after,2,dreizack.txt,6,solved,1,9
after,2,dreizack.txt,7,solved,0,1
after,2,dropswap.txt,3,solved,88,1246
after,2,dropswap.txt,5,solved,96,831
after,2,dropswap.txt,8,timeout,3003,18949
after,2,dropswap.txt,12,solved,82,728
after,2,dropswap.txt,14,timeout,3006,17927
after,2,dungeon janitor.txt,2,solved,2,22
after,2,dungeon janitor.txt,4,solved,1279,14685
after,2,dungeon janitor.txt,6,timeout,3003,27001
after,2,dungeon janitor.txt,9,timeout,3002,13129
after,2,easyenigma.txt,0,solved,2,5
after,2,easyenigma.txt,1,solved,0,1
after,2,easyenigma.txt,2,solved,250,667
after,2,easyenigma.txt,3,solved,1,2
after,2,easyenigma.txt,4,solved,1,2
after,2,easyenigma.txt,5,solved,176,363
after,2,easyenigma.txt,6,solved,2,5
after,2,easyenigma.txt,7,solved,3,7
after,2,easyenigma.txt,8,solved,67,99
after,2,easyenigma.txt,9,solved,2,1
after,2,easyenigma.txt,10,solved,6,2
after,2,easyenigma.txt,11,timeout,3030,6775
after,2,easyenigma.txt,12,solved,13,2
after,2,easyenigma.txt,13,solved,10,13
after,2,easyenigma.txt,14,solved,1,1
after,2,easyenigma.txt,15,solved,4,5
after,2,easyenigma.txt,16,timeout,3012,4814
after,2,easyenigma.txt,17,solved,823,2
after,2,easyenigma.txt,18,solved,2,2
after,2,easyenigma.txt,19,timeout,3005,1794
after,2,easyenigma.txt,20,timeout,3022,3869
after,2,ecosystem generator.txt,1,timeout,3014,18805
after,2,expand also avoid the flames.txt,1,timeout,3017,390
after,2,fickle fred.txt,1,solved,4,226
after,2,fickle fred.txt,3,solved,27,1408
after,2,fickle fred.txt,5,solved,612,26180
after,2,fickle fred.txt,7,solved,68,3331
after,2,fickle fred.txt,9,solved,9,563
after,2,flesh-handed hot casserole delivery bot.txt,1,solved,3,272
after,2,flesh-handed hot casserole delivery bot.txt,2,solved,11,878
after,2,flesh-handed hot casserole delivery bot.txt,4,solved,356,24105
after,2,flesh-handed hot casserole delivery bot.txt,6,solved,332,23540
after,2,flesh-handed hot casserole delivery bot.txt,8,solved,23,1546
after,2,flesh-handed hot casserole delivery bot.txt,10,solved,212,13570
after,2,flesh-handed hot casserole delivery bot.txt,12,solved,28,1923
after,2,flesh-handed hot casserole delivery bot.txt,14,solved,64,4331
after,2,flesh-handed hot casserole delivery bot.txt,16,solved,188,13080
after,2,flesh-handed hot casserole delivery bot.txt,18,solved,577,37504
after,2,gabelstapler.txt,1,solved,98,936
after,2,gabelstapler.txt,3,timeout,3002,23205
after,2,gabelstapler.txt,5,timeout,3003,19904
after,2,gapfiller.txt,1,solved,16,383
after,2,gapfiller.txt,3,solved,178,4611
after,2,gapfiller.txt,5,solved,10,404
after,2,gapfiller.txt,7,solved,37,1441
after,2,gapfiller.txt,9,solved,2,76
after,2,gapfiller.txt,11,solved,1141,31516
after,2,gapfiller.txt,13,solved,11,332
after,2,gapfiller.txt,15,solved,3,87
after,2,gapfiller.txt,17,solved,112,3993
after,2,gapfiller.txt,19,timeout,3005,69128
after,2,gem soketeer.txt,1,solved,179,563
after,2,gem soketeer.txt,3,solved,79,345
after,2,gem soketeer.txt,5,solved,35,111
after,2,gem soketeer.txt,7,solved,28,127
after,2,gem soketeer.txt,9,solved,188,719
after,2,gem soketeer.txt,11,solved,10,53
after,2,gem soketeer.txt,13,solved,1552,6167
after,2,gem soketeer.txt,15,timeout,3001,10002
after,2,gem soketeer.txt,17,solved,1460,3572
after,2,gem soketeer.txt,19,timeout,3001,10096
after,2,gem soketeer.txt,21,solved,456,1164
after,2,gem soketeer.txt,23,timeout,3001,7330
after,2,gem soketeer.txt,25,solved,702,2956
after,2,gem soketeer.txt,27,solved,1170,3318
after,2,gem soketeer.txt,29,solved,498,2727
after,2,gem soketeer.txt,31,solved,584,2793
after,2,gem soketeer.txt,33,solved,542,2702
after,2,gobble_rush.txt,0,solved,1,11
after,2,gobble_rush.txt,1,solved,2,42
after,2,gobble_rush.txt,2,solved,6,121
after,2,gobble_rush.txt,3,solved,83,926
after,2,gobble_rush.txt,4,solved,5,92
after,2,gobble_rush.txt,5,solved,15,259
after,2,gobble_rush.txt,6,solved,17,257
after,2,gobble_rush.txt,7,solved,18,257
after,2,gobble_rush.txt,8,solved,20,253
after,2,gobble_rush.txt,9,solved,38,575
after,2,gobble_rush.txt,10,solved,16,174
after,2,gobble_rush.txt,11,solved,18,225
after,2,gobble_rush.txt,12,solved,34,192
after,2,gobble_rush.txt,13,solved,6,92
after,2,gobble_rush.txt,14,solved,15,222
after,2,gobble_rush.txt,15,solved,4,34
after,2,gobble_rush.txt,16,solved,33,403
after,2,gobble_rush.txt,17,solved,17,264
after,2,gobble_rush.txt,18,solved,30,436
after,2,gobble_rush.txt,19,solved,104,1386
after,2,gobble_rush.txt,20,solved,0,4
after,2,hairtug.txt,1,solved,10,65
after,2,hairtug.txt,4,timeout,3008,17342
after,2,hairtug.txt,7,timeout,3009,12697
after,2,hairtug.txt,10,solved,480,3148
after,2,hairtug.txt,13,timeout,3008,15773
after,2,head skuller.txt,1,solved,12,717
after,2,head skuller.txt,3,solved,125,6231
after,2,head skuller.txt,5,timeout,3016,133196
after,2,head skuller.txt,7,solved,82,3927
after,2,head skuller.txt,9,timeout,3021,132160
after,2,head skuller.txt,11,solved,428,19720
after,2,head skuller.txt,13,solved,0,1
after,2,hedgehog stimulator.txt,1,solved,599,7489
after,2,hedgehog stimulator.txt,3,solved,2426,32712
after,2,hedgehog stimulator.txt,5,solved,235,3142
after,2,hedgehog stimulator.txt,7,solved,345,4977
after,2,hedgehog stimulator.txt,9,solved,443,5006
after,2,hedgehog stimulator.txt,11,solved,951,12669
after,2,hedgehog stimulator.txt,13,solved,222,2657
after,2,hedgehog stimulator.txt,15,solved,482,5351
after,2,hedgehog stimulator.txt,17,solved,2152,22866
after,2,hedgehog stimulator.txt,19,solved,2633,29966
after,2,hedgehog stimulator.txt,21,timeout,3002,32011
after,2,hedgehog stimulator.txt,23,solved,2582,25195
after,2,heroes_of_sokoban.txt,1,solved,0,8
after,2,heroes_of_sokoban.txt,3,solved,13,587
after,2,heroes_of_sokoban.txt,5,solved,0,26
after,2,heroes_of_sokoban.txt,7,timeout,3013,94831
after,2,heroes_of_sokoban.txt,9,solved,2,55
after,2,heroes_of_sokoban.txt,10,solved,601,18699
after,2,heroes_of_sokoban.txt,11,solved,6,257
after,2,heroes_of_sokoban.txt,13,solved,96,2751
after,2,heroes_of_sokoban.txt,14,timeout,3014,75323
after,2,heroes_of_sokoban.txt,15,solved,0,17
after,2,heroes_of_sokoban.txt,17,solved,16,372
after,2,heroes_of_sokoban.txt,19,solved,557,17425
after,2,heroes_of_sokoban.txt,20,timeout,3015,85707
after,2,heroes_of_sokoban.txt,21,timeout,3014,59028
after,2,heroes_of_sokoban.txt,22,solved,13,361
after,2,heroes_of_sokoban.txt,23,solved,162,5422
after,2,heroes_of_sokoban.txt,24,timeout,3014,86364
after,2,heroes_of_sokoban.txt,25,timeout,3013,66901
after,2,heroes_of_sokoban.txt,26,timeout,3014,102113
after,2,heroes_of_sokoban.txt,27,solved,3,77
after,2,heroes_of_sokoban.txt,28,timeout,3016,64190
after,2,heroes_of_sokoban.txt,29,solved,0,10
after,2,heroes_of_sokoban_2.txt,3,solved,380,5484
after,2,heroes_of_sokoban_2.txt,5,solved,2,35
after,2,heroes_of_sokoban_2.txt,6,solved,2,32
after,2,heroes_of_sokoban_2.txt,8,solved,359,7281
after,2,heroes_of_sokoban_2.txt,10,solved,6,73
after,2,heroes_of_sokoban_2.txt,12,timeout,3003,34659
after,2,heroes_of_sokoban_2.txt,13,solved,148,1817
after,2,heroes_of_sokoban_2.txt,15,solved,5,52
after,2,heroes_of_sokoban_2.txt,17,solved,516,8503
after,2,heroes_of_sokoban_2.txt,19,solved,1813,30440
after,2,heroes_of_sokoban_2.txt,20,timeout,3005,50903
after,2,heroes_of_sokoban_2.txt,21,timeout,3006,48643
after,2,heroes_of_sokoban_2.txt,23,solved,2,21
after,2,heroes_of_sokoban_2.txt,24,solved,24,285
after,2,heroes_of_sokoban_2.txt,26,solved,195,2065
after,2,heroes_of_sokoban_2.txt,27,solved,1960,21919
after,2,heroes_of_sokoban_2.txt,28,timeout,3004,32291
after,2,heroes_of_sokoban_2.txt,29,solved,377,4926
after,2,heroes_of_sokoban_2.txt,30,solved,1384,17905
after,2,heroes_of_sokoban_2.txt,31,timeout,3005,44407
after,2,heroes_of_sokoban_2.txt,32,timeout,3012,50771
after,2,heroes_of_sokoban_2.txt,34,timeout,3006,30624
after,2,heroes_of_sokoban_3.txt,3,timeout,3015,37890
after,2,heroes_of_sokoban_3.txt,5,solved,29,324
after,2,heroes_of_sokoban_3.txt,6,solved,8,84
after,2,heroes_of_sokoban_3.txt,8,solved,12,114
after,2,heroes_of_sokoban_3.txt,10,solved,248,3546
after,2,heroes_of_sokoban_3.txt,11,solved,126,1649
after,2,heroes_of_sokoban_3.txt,12,solved,25,393
after,2,heroes_of_sokoban_3.txt,13,timeout,3006,39134
after,2,heroes_of_sokoban_3.txt,14,solved,1515,22236
after,2,heroes_of_sokoban_3.txt,16,timeout,3012,79505
after,2,heroes_of_sokoban_3.txt,17,timeout,3013,61191
after,2,heroes_of_sokoban_3.txt,18,timeout,3010,54917
after,2,heroes_of_sokoban_3.txt,21,timeout,3007,47491
after,2,heroes_of_sokoban_3.txt,22,timeout,3006,39665
after,2,heroes_of_sokoban_3.txt,23,solved,1152,35385
after,2,heroes_of_sokoban_3.txt,24,timeout,3006,37551
after,2,heroes_of_sokoban_3.txt,25,timeout,3010,35035
after,2,heroes_of_sokoban_3.txt,26,timeout,3007,54782
after,2,heroes_of_sokoban_3.txt,27,timeout,3004,37158
after,2,heroes_of_sokoban_3.txt,28,timeout,3003,39933
after,2,heroes_of_sokoban_3.txt,30,timeout,3018,28178
after,2,heroes_of_sokoban_3.txt,31,solved,40,530
after,2,hungry kraken.txt,1,timeout,3007,14045
after,2,hungry kraken.txt,3,exhausted,0,1
after,2,i am a gust of wind.txt,1,solved,1,76
after,2,i am a gust of wind.txt,3,solved,7,383
after,2,i am a gust of wind.txt,5,solved,5,245
after,2,i am a gust of wind.txt,7,solved,1095,60032
after,2,i sure look tasty.txt,1,timeout,3001,1766
after,2,i want to grind myself into dust.txt,1,timeout,3003,23156
after,2,i want to grind myself into dust.txt,3,timeout,3004,15486
after,2,i want to grind myself into dust.txt,5,timeout,3003,6911
after,2,icecrates.txt,1,solved,0,6
after,2,icecrates.txt,3,solved,1,9
after,2,icecrates.txt,5,solved,7,53
after,2,icecrates.txt,7,solved,94,930
after,2,icecrates.txt,9,solved,31,219
after,2,icecrates.txt,11,solved,1108,7323
after,2,impossible.txt,0,exhausted,0,1
after,2,it dies in the light.txt,0,solved,18,94
after,2,it dies in the light.txt,1,solved,70,432
after,2,it dies in the light.txt,2,solved,1019,4251
after,2,it dies in the light.txt,3,timeout,3001,12242
after,2,karamell.txt,1,solved,385,836
after,2,karamell.txt,3,timeout,3000,3905
after,2,karamell.txt,5,timeout,3000,2953
after,2,karamell.txt,7,solved,0,1
after,2,kettle.txt,1,solved,1,26
after,2,kettle.txt,4,solved,0,3
after,2,kettle.txt,7,solved,0,3
after,2,kettle.txt,10,solved,2,27
after,2,kettle.txt,13,solved,9,97
after,2,kettle.txt,16,solved,2,26
after,2,kettle.txt,19,solved,58,473
after,2,kettle.txt,22,solved,54,353
after,2,kettle.txt,25,solved,648,4187
after,2,kettle.txt,28,timeout,3009,19089
after,2,kettle.txt,31,timeout,3006,15531
after,2,kishoutenketsu.txt,2,solved,22,320
after,2,kishoutenketsu.txt,5,solved,800,12929
after,2,kishoutenketsu.txt,8,solved,2,41
after,2,kishoutenketsu.txt,11,solved,1866,11445
after,2,konsum.txt,1,timeout,3002,27657
after,2,kreiseln.txt,1,solved,20,292
after,2,kreiseln.txt,3,timeout,3005,55826
after,2,kreiseln.txt,5,solved,869,11565
after,2,kreiseln.txt,7,solved,409,5362
after,2,kreiseln.txt,9,solved,2416,25514
after,2,led challenge.txt,1,timeout,3009,54744
after,2,led challenge.txt,3,timeout,3011,63799
after,2,led challenge.txt,5,timeout,3012,56858
after,2,led challenge.txt,7,timeout,3001,16758
after,2,ledchallenge.txt,1,timeout,3005,51370
after,2,ledchallenge.txt,3,timeout,3008,60816
after,2,ledchallenge.txt,5,timeout,3010,58463
after,2,ledchallenge.txt,7,timeout,3002,16928
after,2,legend of zokoban.txt,0,timeout,3014,21496
after,2,limerick.txt,1,solved,3,41
after,2,limerick.txt,3,solved,139,2800
after,2,limerick.txt,5,timeout,3026,59140
after,2,limerick.txt,7,solved,13,264
after,2,limerick.txt,9,solved,69,1490
after,2,limerick.txt,11,solved,14,296
after,2,limerick.txt,13,timeout,3014,59845
after,2,limerick.txt,15,solved,1331,26207
after,2,limerick.txt,17,solved,50,821
after,2,limerick.txt,19,timeout,3014,58213
after,2,m c eschers armageddon.txt,0,solved,0,11
after,2,m c eschers armageddon.txt,1,solved,0,4
after,2,m c eschers armageddon.txt,2,solved,0,12
after,2,m c eschers armageddon.txt,3,solved,39,284
after,2,make way.txt,1,solved,721,30571
after,2,make way.txt,3,solved,73,3331
after,2,manic_ammo.txt,1,solved,0,9
after,2,manic_ammo.txt,3,solved,0,9
after,2,manic_ammo.txt,5,solved,2,71
after,2,manic_ammo.txt,8,solved,0,9
after,2,manic_ammo.txt,10,solved,176,6607
after,2,manic_ammo.txt,12,solved,3,99
after,2,manic_ammo.txt,14,timeout,3008,77422
after,2,manic_ammo.txt,16,solved,81,3210
after,2,manic_ammo.txt,18,solved,1,12
after,2,manic_ammo.txt,20,timeout,3010,85158
after,2,manic_ammo.txt,22,solved,42,281
after,2,manic_ammo.txt,24,solved,255,4956
after,2,manic_ammo.txt,26,solved,1099,9855
after,2,manic_ammo.txt,28,timeout,3003,19576
after,2,manic_ammo.txt,30,timeout,3006,61267
after,2,match three billiards.txt,1,solved,0,4
after,2,match three billiards.txt,3,solved,24,451
after,2,match three billiards.txt,5,solved,32,563
after,2,mazezam.txt,1,solved,1,48
after,2,mazezam.txt,3,solved,2,134
after,2,mazezam.txt,5,solved,4,210
after,2,mazezam.txt,7,solved,13,534
after,2,mazezam.txt,9,solved,12,662
after,2,mazezam.txt,11,solved,11,501
after,2,mazezam.txt,13,solved,25,1121
after,2,mazezam.txt,15,solved,18,763
after,2,mazezam.txt,17,solved,16,709
after,2,mazezam.txt,19,solved,144,3882
after,2,mazezam.txt,21,solved,35,1424
after,2,mazezam.txt,23,solved,972,26487
after,2,mazezam.txt,25,solved,75,3165
after,2,mazezam.txt,27,solved,61,2557
after,2,mazezam.txt,29,solved,202,8022
after,2,mazezam.txt,31,solved,33,932
after,2,mazezam.txt,33,solved,40,1333
after,2,mazezam.txt,35,timeout,3012,96937
after,2,mazezam.txt,37,solved,29,1095
after,2,mazezam.txt,39,solved,114,2661
after,2,mazezam.txt,41,solved,50,1924
after,2,mazezam.txt,43,solved,84,3247
after,2,mazezam.txt,45,solved,46,1874
after,2,mazezam.txt,47,solved,130,5229
after,2,mazezam.txt,49,timeout,3010,95158
after,2,mazezam.txt,51,solved,67,2701
after,2,mazezam.txt,53,timeout,3011,71260
after,2,mazezam.txt,55,solved,464,14265
after,2,mazezam.txt,57,solved,1389,33766
after,2,mazezam.txt,59,solved,1616,47986
after,2,message_skip.txt,1,solved,0,1
after,2,midas.txt,0,solved,6,105
after,2,midas.txt,2,solved,18,318
after,2,midas.txt,4,solved,18,285
after,2,midas.txt,6,solved,33,681
after,2,midas.txt,8,timeout,3007,37889
after,2,midas.txt,11,timeout,3005,30216
after,2,midas.txt,13,timeout,3005,35214
after,2,midas.txt,15,timeout,3005,32104
after,2,midas.txt,17,timeout,3006,29807
after,2,midas.txt,19,solved,605,5666
after,2,midas.txt,21,timeout,3009,27735
after,2,midas.txt,23,timeout,3005,34815
after,2,midas.txt,25,solved,131,1609
after,2,midas.txt,27,timeout,3010,29042
after,2,midas.txt,29,timeout,3005,31037
after,2,moved by leaves of grass.txt,1,timeout,3001,3231
after,2,multi_level.txt,0,solved,0,1
after,2,multi_level.txt,1,solved,0,1
after,2,newton.txt,1,timeout,3008,68469
after,2,newton.txt,3,timeout,3009,71734
after,2,newton.txt,5,timeout,3009,82526
after,2,no don't eat that.txt,1,timeout,3001,843
after,2,no don't eat that.txt,3,timeout,3000,793
after,2,no don't eat that.txt,5,timeout,3001,581
after,2,no don't eat that.txt,7,timeout,3000,466
after,2,no don't eat that.txt,9,timeout,3000,628
after,2,no don't eat that.txt,11,timeout,3001,246
after,2,no don't eat that.txt,13,timeout,3001,260
after,2,no don't eat that.txt,15,timeout,3002,252
after,2,no forbidden symbols 2.txt,1,timeout,3009,73970
after,2,no forbidden symbols.txt,1,timeout,3023,128614
after,2,no heroes necessary.txt,1,solved,18,176
after,2,no heroes necessary.txt,3,solved,10,53
after,2,no heroes necessary.txt,5,solved,33,237
after,2,no heroes necessary.txt,7,solved,10,54
after,2,no heroes necessary.txt,9,solved,171,695
after,2,oh no i accidentally swallowed myself.txt,1,timeout,3000,1665
after,2,oh no i accidentally swallowed myself.txt,2,solved,0,1
after,2,oh no i accidentally swallowed myself.txt,3,solved,0,1
after,2,oh no i accidentally swallowed myself.txt,4,solved,0,1
after,2,one_move.txt,0,solved,0,1
after,2,paint everything everywhere.txt,1,solved,12,28
after,2,paint everything everywhere.txt,3,solved,40,104
after,2,paint everything everywhere.txt,5,solved,37,20
after,2,paint everything everywhere.txt,7,solved,94,55
after,2,paint everything everywhere.txt,9,solved,274,113
after,2,paint everything everywhere.txt,11,solved,130,129
after,2,paint everything everywhere.txt,13,solved,51,76
after,2,paint everything everywhere.txt,15,solved,72,44
after,2,paint everything everywhere.txt,17,solved,794,69
after,2,paint everything everywhere.txt,19,solved,24,46
after,2,paint everything everywhere.txt,21,solved,121,110
after,2,paint everything everywhere.txt,23,solved,113,50
after,2,paint everything everywhere.txt,25,solved,189,99
after,2,paint everything everywhere.txt,27,solved,276,81
after,2,paint everything everywhere.txt,29,solved,242,102
after,2,paint everything everywhere.txt,31,solved,182,66
after,2,paint everything everywhere.txt,33,solved,109,51
after,2,paint everything everywhere.txt,35,solved,195,57
after,2,paint everything everywhere.txt,37,solved,279,465
after,2,paint everything everywhere.txt,39,solved,1597,196
after,2,participating in society.txt,2,timeout,3025,14248
after,2,pipe puffer.txt,2,solved,289,4550
after,2,pipe puffer.txt,4,solved,43,589
after,2,pipe puffer.txt,6,timeout,3003,26422
after,2,pipe puffer.txt,8,solved,227,1808
after,2,pipe puffer.txt,10,timeout,3003,37283
after,2,pipe puffer.txt,12,timeout,3003,26447
after,2,pipe puffer.txt,14,timeout,3003,28795
after,2,pipe puffer.txt,16,solved,11,73
after,2,ponies jumping synchronously.txt,0,solved,0,8
after,2,ponies jumping synchronously.txt,2,solved,0,9
after,2,ponies jumping synchronously.txt,4,solved,0,7
after,2,ponies jumping synchronously.txt,6,solved,0,9
after,2,ponies jumping synchronously.txt,8,solved,1,29
after,2,ponies jumping synchronously.txt,10,solved,18,388
after,2,ponies jumping synchronously.txt,12,solved,0,8
after,2,ponies jumping synchronously.txt,14,solved,15,283
after,2,ponies jumping synchronously.txt,17,solved,454,4517
after,2,ponies jumping synchronously.txt,19,solved,17,265
after,2,ponies jumping synchronously.txt,21,timeout,3004,31700
after,2,ponies jumping synchronously.txt,23,timeout,3003,21648
after,2,pupush.txt,1,timeout,3006,71660
after,2,push pull.txt,1,solved,5,285
after,2,push pull.txt,3,solved,4,236
after,2,push pull.txt,5,solved,17,876
after,2,push.txt,1,solved,0,6
after,2,push.txt,3,solved,0,13
after,2,push.txt,5,solved,16,566
after,2,push.txt,7,solved,4,110
after,2,push.txt,9,solved,7,243
after,2,push.txt,11,solved,35,884
after,2,push.txt,13,solved,30,663
after,2,push.txt,15,solved,1035,18508
after,2,push.txt,17,solved,1314,27335
after,2,push.txt,19,solved,446,8194
after,2,push.txt,21,solved,179,3306
after,2,push.txt,23,solved,3,78
after,2,push.txt,25,solved,188,3950
after,2,push.txt,27,solved,248,4707
after,2,push.txt,29,timeout,3008,52762
after,2,push.txt,31,solved,117,2397
after,2,push.txt,33,solved,941,11297
after,2,push.txt,35,timeout,3006,29183
after,2,push.txt,37,solved,3,52
after,2,push.txt,39,timeout,3008,58177
after,2,push.txt,40,solved,0,4
after,2,pushit.txt,1,solved,115,5171
after,2,pushit.txt,3,timeout,3024,76286
after,2,pushit.txt,5,solved,2836,136912
after,2,pushit.txt,7,solved,536,27424
after,2,puzzles.txt,0,timeout,3002,15831
after,2,realtime dog mountain rescue.txt,1,timeout,3001,7364
after,2,realtime dog mountain rescue.txt,4,timeout,3000,6563
after,2,realtime dog mountain rescue.txt,7,timeout,3001,4367
after,2,riverpuzzle.txt,0,timeout,3000,447
after,2,robot arm.txt,3,timeout,3017,1803
after,2,robot arm.txt,5,timeout,3004,170
after,2,robot arm.txt,7,timeout,3003,12552
after,2,robotarm.txt,3,timeout,3018,1802
after,2,robotarm.txt,5,timeout,3001,171
after,2,robotarm.txt,7,timeout,3004,11981
after,2,sacrament of the river god.txt,1,timeout,3001,9975
after,2,sacrament of the river god.txt,3,timeout,3000,2800
after,2,sacrament of the river god.txt,5,timeout,3001,10962
after,2,sacrament of the river god.txt,7,timeout,3001,7229
after,2,sacrament of the river god.txt,9,solved,1287,4603
after,2,sacrament of the river god.txt,11,timeout,3000,1587
after,2,sacrament of the river god.txt,13,solved,3,12
after,2,seize the flag.txt,1,timeout,3001,8002
after,2,seize the flag.txt,3,solved,0,1
after,2,short adventure in sticky wall land.txt,1,timeout,3002,19072
after,2,short adventure in sticky wall land.txt,3,timeout,3001,17076
after,2,short adventure in sticky wall land.txt,5,timeout,3002,17366
after,2,shy snake.txt,1,solved,56,95
after,2,shy snake.txt,3,timeout,3000,1414
after,2,shy snake.txt,5,timeout,3000,1536
after,2,slide pull.txt,1,solved,26,1388
after,2,slide pull.txt,3,solved,10,573
after,2,slide pull.txt,5,solved,50,2583
after,2,slide pull.txt,7,solved,819,35283
after,2,slide pull.txt,9,solved,14,782
after,2,slide pull.txt,11,solved,1031,37341
after,2,slide pull.txt,13,solved,227,6725
after,2,slidings.txt,1,solved,1,39
after,2,slidings.txt,3,solved,0,18
after,2,slidings.txt,5,solved,1,38
after,2,slidings.txt,7,solved,3,82
after,2,slidings.txt,9,solved,11,234
after,2,slidings.txt,11,solved,314,6268
after,2,slidings.txt,13,solved,164,5247
after,2,slidings.txt,15,solved,172,6209
after,2,slidings.txt,17,solved,369,10129
after,2,slidings.txt,19,solved,80,1895
after,2,slidings.txt,21,solved,99,2959
after,2,slime vat filler.txt,2,solved,4,229
after,2,slime vat filler.txt,4,solved,0,39
after,2,slime vat filler.txt,6,solved,2,125
after,2,slime vat filler.txt,8,solved,1,89
after,2,slime vat filler.txt,10,solved,2,127
after,2,slime vat filler.txt,12,solved,166,7121
after,2,slime vat filler.txt,14,solved,10,550
after,2,slime vat filler.txt,16,timeout,3012,108595
after,2,slime vat filler.txt,18,solved,134,5783
after,2,slime vat filler.txt,21,solved,59,3131
after,2,slime vat filler.txt,23,solved,0,1
after,2,slot machine.txt,1,solved,81,620
after,2,slot machine.txt,3,timeout,3002,19966
after,2,smother.txt,2,solved,16,265
after,2,smother.txt,4,solved,19,499
after,2,smother.txt,6,solved,32,765
after,2,smother.txt,8,solved,37,415
after,2,smother.txt,10,solved,79,781
after,2,smother.txt,14,solved,0,6
after,2,smother.txt,16,solved,1,32
after,2,smother.txt,18,solved,1,36
after,2,smother.txt,20,solved,10,276
after,2,smother.txt,22,solved,11,334
after,2,smother.txt,26,solved,31,536
after,2,smother.txt,28,solved,167,1909
after,2,smother.txt,30,solved,19,317
after,2,smother.txt,32,timeout,3001,9343
after,2,smother.txt,34,timeout,3002,30857
after,2,smother.txt,37,solved,0,4
after,2,snkaey makes a sixy.txt,0,timeout,3007,41130
after,2,snkaey makes a sixy.txt,2,exhausted,0,1
after,2,snortal.txt,0,solved,1156,22721
after,2,sok7.txt,0,timeout,3003,14565
after,2,sokobansokobansokoban.txt,1,timeout,3012,74600
after,2,sokobond demake.txt,2,solved,2,38
after,2,sokobond demake.txt,4,solved,0,18
after,2,sokobond demake.txt,6,solved,1,16
after,2,sokobond demake.txt,8,solved,1,20
after,2,sokobond demake.txt,10,solved,3,64
after,2,sokobond demake.txt,12,solved,2,49
after,2,sokobond demake.txt,14,solved,17,300
after,2,sokobond demake.txt,16,solved,4,81
after,2,sokobond demake.txt,18,solved,41,830
after,2,sokobond demake.txt,20,solved,37,748
after,2,sokobond demake.txt,22,solved,23,588
after,2,sokobond demake.txt,24,timeout,3005,65858
after,2,sokobond demake.txt,26,solved,18,615
after,2,sokobond demake.txt,28,solved,1080,34124
after,2,sokobond demake.txt,30,timeout,3008,91924
after,2,sokogoban.txt,2,solved,2115,10795
after,2,sokogoban.txt,4,timeout,3001,9190
after,2,sokogoban.txt,6,timeout,3001,5736
after,2,stick_candy_puzzle_saga.txt,1,solved,134,2971
after,2,stick_candy_puzzle_saga.txt,2,solved,918,18315
after,2,stick_candy_puzzle_saga.txt,4,timeout,3006,43363
after,2,stick_candy_puzzle_saga.txt,5,timeout,3003,34242
after,2,stick_candy_puzzle_saga.txt,6,timeout,3004,39003
after,2,stick_candy_puzzle_saga.txt,7,timeout,3005,50195
after,2,stick_candy_puzzle_saga.txt,8,timeout,3003,38622
after,2,stick_candy_puzzle_saga.txt,9,timeout,3005,53923
after,2,stick_candy_puzzle_saga.txt,10,timeout,3003,39706
after,2,stick_candy_puzzle_saga.txt,11,timeout,3004,50173
after,2,stick_candy_puzzle_saga.txt,12,timeout,3004,34930
after,2,stick_candy_puzzle_saga.txt,13,timeout,3003,39941
after,2,stick_candy_puzzle_saga.txt,14,timeout,3004,50434
after,2,stick_candy_puzzle_saga.txt,15,timeout,3004,44049
after,2,stick_candy_puzzle_saga.txt,16,timeout,3003,40597
after,2,stick_candy_puzzle_saga.txt,17,timeout,3003,43831
after,2,stick_candy_puzzle_saga.txt,18,timeout,3004,41011
after,2,stick_candy_puzzle_saga.txt,19,timeout,3003,30089
after,2,stick_candy_puzzle_saga.txt,20,timeout,3003,40180
after,2,stick_candy_puzzle_saga.txt,21,timeout,3002,26709
after,2,sum three horizontally to 8.txt,4,solved,1,15
after,2,sum three horizontally to 8.txt,6,solved,1,8
after,2,sum three horizontally to 8.txt,8,solved,1,6
after,2,sum three horizontally to 8.txt,10,solved,2,13
after,2,sum three horizontally to 8.txt,13,solved,2,26
after,2,sum three horizontally to 8.txt,15,solved,36,473
after,2,sum three horizontally to 8.txt,17,solved,2,19
after,2,sum three horizontally to 8.txt,19,solved,7,109
after,2,sum three horizontally to 8.txt,22,solved,44,623
after,2,sum three horizontally to 8.txt,24,solved,9,107
after,2,sum three horizontally to 8.txt,26,solved,39,415
after,2,sum three horizontally to 8.txt,28,solved,22,304
after,2,sum three horizontally to 8.txt,31,timeout,3001,10188
after,2,take heart lass.txt,1,solved,0,3
after,2,take heart lass.txt,3,solved,2,25
after,2,take heart lass.txt,5,solved,1,8
after,2,take heart lass.txt,7,solved,2,28
after,2,take heart lass.txt,9,solved,130,1256
after,2,take heart lass.txt,11,solved,13,120
after,2,take heart lass.txt,13,solved,50,361
after,2,take heart lass.txt,15,timeout,3002,26652
after,2,take heart lass.txt,17,solved,8,49
after,2,take heart lass.txt,19,solved,73,512
after,2,take heart lass.txt,21,solved,119,761
after,2,take heart lass.txt,23,timeout,3001,10828
after,2,talo pipi 2.txt,1,timeout,3002,14087
after,2,talo pipi 2.txt,3,solved,1936,15611
after,2,talo pipi 2.txt,5,timeout,3001,14027
after,2,talo pipi 2.txt,7,solved,991,5913
after,2,talo pipi 2.txt,9,timeout,3002,25946
after,2,talo pipi 2.txt,11,timeout,3002,10595
after,2,talo pipi 2.txt,13,timeout,3001,9414
after,2,talo pipi 2.txt,15,timeout,3001,9415
after,2,talo pipi 2.txt,17,solved,0,1
after,2,the exit is under my left foot.txt,1,solved,132,102
after,2,the red ring of immortality.txt,1,solved,6,226
after,2,the red ring of immortality.txt,3,solved,50,1354
after,2,the red ring of immortality.txt,5,solved,1,52
after,2,the red ring of immortality.txt,7,solved,60,1633
after,2,the red ring of immortality.txt,9,solved,5,213
after,2,the red ring of immortality.txt,11,solved,10,332
after,2,the red ring of immortality.txt,13,solved,101,2759
after,2,the red ring of immortality.txt,15,solved,14,424
after,2,the red ring of immortality.txt,17,solved,86,2173
after,2,the red ring of immortality.txt,19,solved,9,264
after,2,the red ring of immortality.txt,21,solved,1,21
after,2,the red ring of immortality.txt,23,solved,0,2
after,2,the_saga_of_the_candy_scroll.txt,6,solved,5,106
after,2,the_saga_of_the_candy_scroll.txt,10,solved,0,8
after,2,the_saga_of_the_candy_scroll.txt,14,solved,0,4
after,2,the_saga_of_the_candy_scroll.txt,18,solved,27,551
after,2,the_saga_of_the_candy_scroll.txt,20,solved,420,7939
after,2,the_saga_of_the_candy_scroll.txt,22,solved,5,104
after,2,the_saga_of_the_candy_scroll.txt,26,solved,40,832
after,2,the_saga_of_the_candy_scroll.txt,28,timeout,3007,44101
after,2,the_saga_of_the_candy_scroll.txt,31,solved,102,1273
after,2,the_saga_of_the_candy_scroll.txt,35,timeout,3005,38881
after,2,the_saga_of_the_candy_scroll.txt,46,solved,0,3
after,2,the_saga_of_the_candy_scroll.txt,50,solved,2,54
after,2,the_saga_of_the_candy_scroll.txt,53,solved,35,723
after,2,the_saga_of_the_candy_scroll.txt,55,solved,167,2683
after,2,the_saga_of_the_candy_scroll.txt,58,solved,270,5189
after,2,the_saga_of_the_candy_scroll.txt,61,solved,3007,50748
after,2,the_saga_of_the_candy_scroll.txt,64,timeout,3007,52216
after,2,the_saga_of_the_candy_scroll.txt,66,timeout,3006,54821
after,2,the_saga_of_the_candy_scroll.txt,68,solved,2792,55362
after,2,the_saga_of_the_candy_scroll.txt,70,timeout,3005,45650
after,2,the_saga_of_the_candy_scroll.txt,78,solved,2774,42467
after,2,the_saga_of_the_candy_scroll.txt,80,timeout,3017,36233
after,2,the_saga_of_the_candy_scroll.txt,82,timeout,3004,38768
after,2,the_saga_of_the_candy_scroll.txt,85,timeout,3004,36654
after,2,the_saga_of_the_candy_scroll.txt,89,timeout,3005,37732
after,2,the_saga_of_the_candy_scroll.txt,98,timeout,3006,49898
after,2,the_saga_of_the_candy_scroll.txt,102,timeout,3005,32075
after,2,the_saga_of_the_candy_scroll.txt,106,timeout,3005,28481
after,2,the_saga_of_the_candy_scroll.txt,112,solved,469,5868
after,2,the_saga_of_the_candy_scroll.txt,116,solved,54,501
after,2,threes.txt,0,timeout,3001,3692
after,2,tiny treasure hunt.txt,1,timeout,3000,788
after,2,tiny treasure hunt.txt,3,timeout,3000,276
after,2,tiny treasure hunt.txt,5,timeout,3001,361
after,2,tiny treasure hunt.txt,7,timeout,3000,1079
after,2,tiny treasure hunt.txt,9,timeout,3000,332
after,2,tiny treasure hunt.txt,11,timeout,3000,876
after,2,tiny treasure hunt.txt,13,timeout,3001,374
after,2,tunnel rat.txt,1,timeout,3001,2934
after,2,tunnel rat.txt,3,timeout,3000,1629
after,2,unclean residues.txt,2,timeout,3008,68932
after,2,unclean residues.txt,4,solved,319,10197
after,2,unclean residues.txt,6,solved,1805,53628
after,2,unclean residues.txt,8,solved,2270,64135
after,2,unclean residues.txt,10,solved,333,9056
after,2,unclean residues.txt,13,solved,124,3677
after,2,unewton.txt,2,timeout,3009,50601
after,2,unewton.txt,4,solved,329,7532
after,2,unewton.txt,6,timeout,3009,58430
after,2,unewton.txt,8,timeout,3010,48969
after,2,whaleworld.txt,1,solved,23,120
after,2,whaleworld.txt,3,solved,21,240
after,2,whaleworld.txt,5,solved,121,878
after,2,whaleworld.txt,7,solved,218,1685
after,2,whaleworld.txt,9,solved,2521,11927
after,2,whaleworld.txt,11,timeout,3002,13166
after,2,whaleworld.txt,13,timeout,3001,7254
after,2,whaleworld.txt,15,solved,1798,7054
after,2,witch lifter.txt,1,solved,342,1434
after,2,witch lifter.txt,3,solved,150,564
after,2,witch lifter.txt,5,timeout,3001,17011
after,2,witch lifter.txt,7,timeout,3002,18615
after,2,witch lifter.txt,9,solved,801,4271
after,2,witch lifter.txt,11,solved,309,2236
after,2,witch lifter.txt,13,timeout,3001,11380
after,2,witch lifter.txt,15,timeout,3001,12448
after,2,wool-clawer.txt,1,timeout,3001,12522
after,2,wool-clawer.txt,3,timeout,3001,12432
after,2,wool-clawer.txt,5,timeout,3001,5052
after,2,wool-clawer.txt,7,timeout,3001,3190
after,2,wool-clawer.txt,9,timeout,3001,4429
after,2,wool-clawer.txt,11,timeout,3000,4049
after,2,you can't make this up.txt,1,timeout,3013,48884
after,2,you complete me.txt,0,timeout,3007,35916
after,2,zokoban.txt,0,timeout,3009,22147
after,3,15 push pull levels.txt,1,solved,21,1342
after,3,15 push pull levels.txt,3,solved,2,137
after,3,15 push pull levels.txt,5,solved,87,5517
after,3,15 push pull levels.txt,7,solved,119,7643
after,3,15 push pull levels.txt,9,solved,70,4319
after,3,15 push pull levels.txt,11,solved,25,1565
after,3,15 push pull levels.txt,13,solved,22,1376
after,3,15 push pull levels.txt,15,solved,34,2195
after,3,15 push pull levels.txt,17,solved,28,1730
after,3,15 push pull levels.txt,19,solved,133,7849
after,3,15 push pull levels.txt,21,solved,810,40792
after,3,15 push pull levels.txt,23,solved,221,13036
after,3,15 push pull levels.txt,25,solved,223,12036
after,3,15 push pull levels.txt,27,solved,445,24213
after,3,15 push pull levels.txt,29,solved,961,52623
after,3,5-junctions-maker.txt,1,timeout,3004,4562
after,3,5-junctions-maker.txt,3,solved,0,1
after,3,8 happy snakes.txt,1,solved,0,10
after,3,8 happy snakes.txt,3,solved,29,346
after,3,8 happy snakes.txt,5,solved,7,91
after,3,8 happy snakes.txt,7,solved,48,465
after,3,8 happy snakes.txt,9,timeout,3034,74930
after,3,8 happy snakes.txt,11,timeout,3031,63608
after,3,8 happy snakes.txt,13,timeout,3033,69449
after,3,8 happy snakes.txt,15,timeout,3010,18797
after,3,ALL GREEN TO BLUE.txt,1,solved,1,36
after,3,ALL GREEN TO BLUE.txt,3,solved,192,8191
after,3,ALL GREEN TO BLUE.txt,5,solved,86,4892
after,3,ALL GREEN TO BLUE.txt,7,solved,54,3260
after,3,ALL GREEN TO BLUE.txt,9,solved,25,1376
after,3,ALL GREEN TO BLUE.txt,11,solved,974,42408
after,3,ALL GREEN TO BLUE.txt,13,solved,158,10966
after,3,ALL GREEN TO BLUE.txt,15,solved,3,188
after,3,ALL GREEN TO BLUE.txt,17,solved,316,20062
after,3,ALL GREEN TO BLUE.txt,19,solved,12,884
after,3,ALL GREEN TO BLUE.txt,21,solved,3,89
after,3,Acorn Scorchery Paradise.txt,1,solved,10,489
after,3,Acorn Scorchery Paradise.txt,3,solved,7,380
after,3,Acorn Scorchery Paradise.txt,5,solved,22,1219
after,3,Acorn Scorchery Paradise.txt,7,solved,8,454
after,3,Acorn Scorchery Paradise.txt,9,solved,29,1545
after,3,All Green and Blue on Yellow.txt,1,solved,2,200
after,3,All Green and Blue on Yellow.txt,3,solved,2,166
after,3,All Green and Blue on Yellow.txt,5,solved,14,1249
after,3,All Green and Blue on Yellow.txt,7,solved,17,1343
after,3,All Green and Blue on Yellow.txt,9,solved,16,1260
after,3,Any hole is a goal.txt,1,solved,5,17
after,3,Any hole is a goal.txt,3,solved,182,802
after,3,Any hole is a goal.txt,5,solved,406,1433
after,3,Any hole is a goal.txt,7,solved,177,748
after,3,Any hole is a goal.txt,9,timeout,3001,12991
after,3,Any hole is a goal.txt,11,solved,2629,9147
after,3,Any hole is a goal.txt,13,timeout,3001,10287
after,3,Any hole is a goal.txt,15,solved,1542,4087
after,3,Any hole is a goal.txt,17,timeout,3002,11066
after,3,Any hole is a goal.txt,19,timeout,3001,10822
after,3,Any hole is a goal.txt,21,timeout,3002,10159
after,3,Any hole is a goal.txt,23,solved,273,1037
after,3,Any hole is a goal.txt,25,timeout,3001,11230
after,3,Any hole is a goal.txt,27,timeout,3002,6002
after,3,Any hole is a goal.txt,29,solved,1239,5339
after,3,Any hole is a goal.txt,31,solved,1720,6892
after,3,Any hole is a goal.txt,33,timeout,3001,11641
after,3,Any hole is a goal.txt,35,timeout,3001,9942
after,3,Any hole is a goal.txt,37,timeout,3001,6363
after,3,Any hole is a goal.txt,39,timeout,3001,9965
after,3,Any hole is a goal.txt,41,timeout,3002,13150
after,3,Any hole is a goal.txt,43,timeout,3002,6406
after,3,Any hole is a goal.txt,45,timeout,3002,5160
after,3,Any hole is a goal.txt,47,timeout,3002,10875
after,3,Any hole is a goal.txt,49,timeout,3001,10114
after,3,Any hole is a goal.txt,51,timeout,3001,8746
after,3,Any hole is a goal.txt,53,timeout,3001,10433
after,3,Any hole is a goal.txt,55,solved,2353,9530
after,3,Any hole is a goal.txt,57,solved,1418,6404
after,3,Any hole is a goal.txt,59,timeout,3002,12890
after,3,Any hole is a goal.txt,61,timeout,3002,10912
after,3,Any hole is a goal.txt,63,timeout,3001,11323
after,3,Any hole is a goal.txt,65,solved,761,3040
after,3,Any hole is a goal.txt,67,timeout,3001,9623
after,3,Any hole is a goal.txt,69,timeout,3001,10912
after,3,Attractor Net.txt,1,solved,106,2014
after,3,Attractor Net.txt,3,solved,135,2769
after,3,Attractor Net.txt,5,solved,8,162
after,3,Attractor Net.txt,7,solved,23,523
after,3,Attractor Net.txt,9,solved,75,1433
after,3,Attractor Net.txt,11,solved,34,571
after,3,Attractor Net.txt,13,solved,173,3034
after,3,Attractor Net.txt,15,solved,104,1772
after,3,Attractor Net.txt,17,solved,1,20
after,3,Attractor Net.txt,19,solved,85,1642
after,3,BIAXIAL INVASION OF SATURN.txt,3,solved,142,523
after,3,BIAXIAL INVASION OF SATURN.txt,5,solved,502,1521
after,3,BIAXIAL INVASION OF SATURN.txt,7,solved,1029,2524
after,3,BIAXIAL INVASION OF SATURN.txt,9,solved,564,1114
after,3,BIAXIAL INVASION OF SATURN.txt,11,solved,1000,1862
after,3,BIAXIAL INVASION OF SATURN.txt,13,solved,206,444
after,3,BIAXIAL INVASION OF SATURN.txt,15,solved,697,1716
after,3,BIAXIAL INVASION OF SATURN.txt,17,solved,1545,2439
after,3,BIAXIAL INVASION OF SATURN.txt,19,timeout,3000,2596
after,3,BIAXIAL INVASION OF SATURN.txt,21,timeout,3000,1823
after,3,BIAXIAL INVASION OF SATURN.txt,23,timeout,3000,2907
after,3,BIAXIAL INVASION OF SATURN.txt,25,timeout,3000,228
after,3,BIAXIAL INVASION OF SATURN.txt,28,solved,0,1
after,3,BIAXIAL INVASION OF SATURN.txt,29,solved,0,1
after,3,BIAXIAL INVASION OF SATURN.txt,30,solved,0,1
after,3,BIAXIAL INVASION OF SATURN.txt,31,solved,1,1
after,3,Bicycle-Kick Football.txt,1,solved,241,621
after,3,Bicycle-Kick Football.txt,4,solved,11,91
after,3,Bicycle-Kick Football.txt,7,solved,140,685
after,3,Bicycle-Kick Football.txt,10,solved,621,4988
after,3,Bicycle-Kick Football.txt,13,solved,269,1171
after,3,Bicycle-Kick Football.txt,16,solved,346,2614
after,3,Bring the ice cube to the goal without exposing it to heat.txt,1,timeout,3001,4872
after,3,CODEX LUBRICUS.txt,2,solved,35,130
after,3,CODEX LUBRICUS.txt,4,solved,45,93
after,3,CODEX LUBRICUS.txt,6,solved,47,73
after,3,CODEX LUBRICUS.txt,8,solved,24,93
after,3,CODEX LUBRICUS.txt,10,solved,69,113
after,3,CODEX LUBRICUS.txt,12,solved,55,149
after,3,CODEX LUBRICUS.txt,14,solved,57,111
after,3,CODEX LUBRICUS.txt,16,solved,52,118
after,3,CODEX LUBRICUS.txt,18,solved,69,105
after,3,CODEX LUBRICUS.txt,20,solved,73,115
after,3,CODEX LUBRICUS.txt,22,solved,47,112
after,3,CODEX LUBRICUS.txt,24,solved,47,116
after,3,CODEX LUBRICUS.txt,26,solved,60,108
after,3,CODEX LUBRICUS.txt,28,solved,69,104
after,3,CODEX LUBRICUS.txt,30,solved,82,131
after,3,CODEX LUBRICUS.txt,32,solved,173,275
after,3,CODEX LUBRICUS.txt,34,solved,71,122
after,3,CODEX LUBRICUS.txt,36,solved,66,164
after,3,CODEX LUBRICUS.txt,38,solved,51,102
after,3,CODEX LUBRICUS.txt,40,solved,165,262
after,3,Chevron Lodger.txt,1,solved,2,67
after,3,Chevron Lodger.txt,3,solved,58,1755
after,3,Chevron Lodger.txt,5,solved,201,5035
after,3,Chevron Lodger.txt,7,solved,27,823
after,3,Chevron Lodger.txt,9,solved,260,7084
after,3,Chevron Lodger.txt,11,solved,1258,28539
after,3,Crates move when you move.txt,1,solved,3,138
after,3,Crates move when you move.txt,3,solved,1,73
after,3,Crates move when you move.txt,5,solved,1,49
after,3,Crates move when you move.txt,7,solved,3,115
after,3,Crates move when you move.txt,9,solved,2,71
after,3,Crates move when you move.txt,11,solved,0,3
after,3,Crates move when you move.txt,13,solved,9,348
after,3,Crates move when you move.txt,15,solved,7,230
after,3,Crates move when you move.txt,17,solved,2,93
after,3,Crates move when you move.txt,19,solved,9,415
after,3,Cucumber Surprise.txt,2,solved,7,259
after,3,Cucumber Surprise.txt,5,solved,7,201
after,3,Cucumber Surprise.txt,7,solved,41,1178
after,3,Cucumber Surprise.txt,9,solved,79,2499
after,3,Cucumber Surprise.txt,11,solved,218,7606
after,3,Cucumber Surprise.txt,13,solved,35,1163
after,3,Cucumber Surprise.txt,15,solved,63,2202
after,3,Cucumber Surprise.txt,17,solved,23,916
after,3,Cucumber Surprise.txt,19,solved,37,1311
after,3,Cucumber Surprise.txt,21,solved,228,8142
after,3,Cucumber Surprise.txt,23,solved,97,3449
after,3,Cucumber Surprise.txt,25,solved,32,1243
after,3,Cucumber Surprise.txt,27,solved,206,7437
after,3,Cucumber Surprise.txt,29,solved,20,731
after,3,Cucumber Surprise.txt,31,solved,59,2119
after,3,Cucumber Surprise.txt,33,solved,98,3415
after,3,Cucumber Surprise.txt,35,solved,50,1727
after,3,Cucumber Surprise.txt,37,solved,22,812
after,3,Cucumber Surprise.txt,39,solved,91,2968
after,3,Cucumber Surprise.txt,41,solved,602,18932
after,3,Des Poseidons Dreizack.txt,1,timeout,3000,2068
after,3,Des Poseidons Dreizack.txt,3,timeout,3000,2111
after,3,Des Poseidons Dreizack.txt,5,timeout,3000,1836
after,3,Des Poseidons Dreizack.txt,6,solved,1,9
after,3,Des Poseidons Dreizack.txt,7,solved,0,1
after,3,Don't let your goals slip away.txt,1,solved,1,63
after,3,Don't let your goals slip away.txt,3,solved,106,4881
after,3,Don't let your goals slip away.txt,5,solved,3,121
after,3,Don't let your goals slip away.txt,7,solved,16,512
after,3,Don't let your goals slip away.txt,9,solved,25,1317
after,3,Don't let your goals slip away.txt,11,solved,121,5817
after,3,Don't let your goals slip away.txt,13,solved,40,2187
after,3,Don't let your goals slip away.txt,15,solved,150,7721
after,3,Double-Entry Bookkeeping Simulator.txt,1,timeout,3003,16706
after,3,Double-Entry Bookkeeping Simulator.txt,3,timeout,3001,9092
after,3,Double-Entry Bookkeeping Simulator.txt,5,solved,970,6575
after,3,Double-Entry Bookkeeping Simulator.txt,7,timeout,3007,17177
after,3,Double-Entry Bookkeeping Simulator.txt,9,timeout,3002,12308
after,3,Double-Entry Bookkeeping Simulator.txt,11,timeout,3001,8476
after,3,Double-Entry Bookkeeping Simulator.txt,13,timeout,3001,4564
after,3,Double-Entry Bookkeeping Simulator.txt,15,timeout,3003,6024
after,3,Double-Entry Bookkeeping Simulator.txt,17,timeout,3004,19108
after,3,Explodoban.txt,1,solved,10,437
after,3,Explodoban.txt,3,solved,6,320
after,3,Explodoban.txt,5,solved,66,3082
after,3,Explodoban.txt,7,solved,147,5873
after,3,Explodoban.txt,9,solved,94,3907
after,3,Explodoban.txt,11,solved,62,2959
after,3,Explodoban.txt,13,solved,357,15980
after,3,Eyeball-watching flowers bloom.txt,1,solved,1,53
after,3,Eyeball-watching flowers bloom.txt,3,solved,178,4076
after,3,Eyeball-watching flowers bloom.txt,5,timeout,3008,59112
after,3,Garten der Medusen.txt,1,solved,6,6
after,3,Garten der Medusen.txt,3,solved,6,4
after,3,Garten der Medusen.txt,5,solved,8,6
after,3,Garten der Medusen.txt,7,timeout,3001,3050
after,3,Garten der Medusen.txt,9,timeout,3000,2295
after,3,Garten der Medusen.txt,11,timeout,3000,2351
after,3,Garten der Medusen.txt,13,timeout,3001,698
after,3,Garten der Medusen.txt,15,timeout,3001,895
after,3,Hole-Stuffer.txt,1,solved,475,6585
after,3,Hole-Stuffer.txt,3,solved,226,3591
after,3,Hole-Stuffer.txt,5,solved,11,178
after,3,Hole-Stuffer.txt,7,timeout,3009,38543
after,3,"Individuals can produce a society, but can a society produce individuals.txt",1,timeout,3009,6699
after,3,It gets its Feet Wet.txt,1,timeout,3002,3219
after,3,Legend of Swixero.txt,1,solved,7,369
after,3,Legend of Swixero.txt,3,solved,28,1444
after,3,Legend of Swixero.txt,5,solved,10,450
after,3,Legend of Swixero.txt,7,timeout,3023,115268
after,3,Legend of Swixero.txt,9,solved,672,27305
after,3,Match two two by twos.txt,2,timeout,3006,16091
after,3,Match two two by twos.txt,4,timeout,3003,8351
after,3,Match two two by twos.txt,6,timeout,3003,10168
after,3,Match-Maker.txt,1,solved,41,1111
after,3,Match-Maker.txt,3,solved,2,66
after,3,Match-Maker.txt,5,solved,9,214
after,3,Match-Maker.txt,7,solved,236,4771
after,3,Match-Maker.txt,9,solved,802,15001
after,3,Match-Maker.txt,11,solved,291,5545
after,3,Match-Maker.txt,13,solved,175,3402
after,3,Match-Maker.txt,15,solved,238,4839
after,3,Match-Maker.txt,17,solved,2240,33440
after,3,Microban x 10.txt,2,timeout,3004,3204
after,3,Muraphilic Monophobic Multiban.txt,1,solved,1999,66664
after,3,Muraphilic Monophobic Multiban.txt,3,solved,0,6
after,3,Muraphilic Monophobic Multiban.txt,5,solved,10,390
after,3,Muraphilic Monophobic Multiban.txt,7,solved,111,4207
after,3,Muraphilic Monophobic Multiban.txt,9,solved,312,10623
after,3,Muraphilic Monophobic Multiban.txt,11,solved,72,2039
after,3,Muraphilic Monophobic Multiban.txt,13,solved,28,1149
after,3,Muraphilic Monophobic Multiban.txt,15,timeout,3025,97830
after,3,NIGHTMARECROBAN.txt,1,solved,5,309
after,3,NIGHTMARECROBAN.txt,3,solved,38,1682
after,3,NIGHTMARECROBAN.txt,5,solved,24,1170
after,3,NIGHTMARECROBAN.txt,7,solved,9,387
after,3,NIGHTMARECROBAN.txt,9,solved,13,515
after,3,NIGHTMARECROBAN.txt,11,solved,34,1605
after,3,NIGHTMARECROBAN.txt,13,solved,83,3677
after,3,Neoprenanzieher.txt,2,timeout,3005,5756
after,3,North Wind Simple Sailboat Buoy Collection.txt,2,exhausted,1,9
after,3,North Wind Simple Sailboat Buoy Collection.txt,4,exhausted,2,9
after,3,North Wind Simple Sailboat Buoy Collection.txt,6,exhausted,1,9
after,3,Oh No My Dog Is About To Swallow A Piece Of.txt,1,timeout,3007,1199
after,3,Place the crate on the targets.txt,1,timeout,3015,14620
after,3,Pocket Gopher - Root-Shoot Nibbler.txt,2,timeout,3001,18546
after,3,Pocket Gopher - Root-Shoot Nibbler.txt,5,solved,2928,19109
after,3,Pocket Gopher - Root-Shoot Nibbler.txt,8,timeout,3003,16014
after,3,Pocket Gopher - Root-Shoot Nibbler.txt,11,solved,1823,5454
after,3,Pocket Gopher - Root-Shoot Nibbler.txt,14,timeout,3001,12174
after,3,Pushy-V Pully-H.txt,1,solved,14,664
after,3,Pushy-V Pully-H.txt,3,solved,0,25
after,3,Pushy-V Pully-H.txt,5,solved,18,866
after,3,Pushy-V Pully-H.txt,7,solved,35,1738
after,3,Pushy-V Pully-H.txt,9,solved,0,14
after,3,Pushy-V Pully-H.txt,11,solved,1,109
after,3,Pushy-V Pully-H.txt,13,solved,1,78
after,3,Pushy-V Pully-H.txt,15,solved,73,3497
after,3,Pushy-V Pully-H.txt,17,solved,54,2857
after,3,Pushy-V Pully-H.txt,19,solved,2,72
after,3,Pushy-V Pully-H.txt,21,solved,176,9302
after,3,"Put the logs in the water, elephant.txt",1,solved,501,5641
after,3,"Put the logs in the water, elephant.txt",4,solved,59,770
after,3,"Put the logs in the water, elephant.txt",7,solved,325,3935
after,3,"Put the logs in the water, elephant.txt",10,solved,118,1313
after,3,"Put the logs in the water, elephant.txt",13,timeout,3007,32612
after,3,"Put the logs in the water, elephant.txt",16,solved,390,5710
after,3,"Put the logs in the water, elephant.txt",19,solved,350,3578
after,3,"Put the logs in the water, elephant.txt",22,solved,388,5657
after,3,Putting Bicycle Helmets on Young Children.txt,1,timeout,3000,2771
after,3,Putting Bicycle Helmets on Young Children.txt,3,timeout,3002,1148
after,3,Putting Bicycle Helmets on Young Children.txt,5,timeout,3003,739
after,3,Recondite Star Sector Sigma.txt,1,solved,10,644
after,3,Recondite Star Sector Sigma.txt,3,solved,160,7848
after,3,Recondite Star Sector Sigma.txt,5,solved,117,6910
after,3,Recondite Star Sector Sigma.txt,7,solved,214,9804
after,3,Recondite Star Sector Sigma.txt,9,solved,163,9178
after,3,Recondite Star Sector Sigma.txt,11,solved,23,1338
after,3,Recondite Star Sector Sigma.txt,13,solved,251,12443
after,3,Recondite Star Sector Sigma.txt,15,solved,72,3835
after,3,Recondite Star Sector Sigma.txt,17,solved,249,13908
after,3,Recondite Star Sector Sigma.txt,19,solved,30,1580
after,3,Resin-Caster.txt,2,solved,15,1014
after,3,Resin-Caster.txt,4,solved,11,729
after,3,Resin-Caster.txt,6,solved,32,2010
after,3,Resin-Caster.txt,8,solved,70,4444
after,3,Resin-Caster.txt,10,solved,12,762
after,3,Resin-Caster.txt,12,solved,22,1470
after,3,Resin-Caster.txt,14,solved,65,3899
after,3,Resin-Caster.txt,16,solved,22,576
after,3,Resin-Caster.txt,18,solved,26,1073
after,3,Resin-Caster.txt,20,solved,22,1472
after,3,S-tercourse.txt,1,solved,1193,8478
after,3,S-tercourse.txt,3,solved,38,357
after,3,S-tercourse.txt,5,solved,32,302
after,3,S-tercourse.txt,7,timeout,3002,23943
after,3,S-tercourse.txt,9,timeout,3005,24522
after,3,S-tercourse.txt,11,solved,775,6712
after,3,S-tercourse.txt,13,timeout,3002,25207
after,3,S-tercourse.txt,15,timeout,3004,24770
after,3,S-tercourse.txt,17,timeout,3002,25216
after,3,S-tercourse.txt,19,solved,914,7579
after,3,S-tercourse.txt,21,solved,389,3878
after,3,S-tercourse.txt,23,solved,435,4402
after,3,SWIMMING TIME.txt,2,solved,410,660
after,3,Scalesoban.txt,1,solved,0,14
after,3,Scalesoban.txt,3,solved,2,91
after,3,Scalesoban.txt,5,solved,18,858
after,3,Schleimban.txt,1,solved,22,306
after,3,Schleimban.txt,3,solved,47,768
after,3,Schleimban.txt,5,solved,39,548
after,3,Schleimban.txt,7,solved,67,1018
after,3,Schleimban.txt,9,solved,36,503
after,3,Schleimban.txt,11,solved,0,1
after,3,Subway upholstry snot smearing championship.txt,2,solved,212,6991
after,3,Subway upholstry snot smearing championship.txt,4,solved,6,240
after,3,Subway upholstry snot smearing championship.txt,6,solved,3,96
after,3,Subway upholstry snot smearing championship.txt,8,solved,713,15750
after,3,Subway upholstry snot smearing championship.txt,10,solved,120,3469
after,3,Subway upholstry snot smearing championship.txt,12,solved,68,1208
after,3,Subway upholstry snot smearing championship.txt,14,timeout,3007,57146
after,3,The Far Away Danish Pastry is always Delicio.txt,1,solved,0,7
after,3,The Far Away Danish Pastry is always Delicio.txt,3,solved,0,10
after,3,The Far Away Danish Pastry is always Delicio.txt,5,solved,4,183
after,3,The Far Away Danish Pastry is always Delicio.txt,7,solved,1,45
after,3,The Far Away Danish Pastry is always Delicio.txt,9,solved,1,74
after,3,The Far Away Danish Pastry is always Delicio.txt,11,solved,71,3545
after,3,The Far Away Danish Pastry is always Delicio.txt,13,solved,28,1232
after,3,The Far Away Danish Pastry is always Delicio.txt,15,solved,97,4154
after,3,The Monsterous Autoshove.txt,1,solved,41,710
after,3,The Monsterous Autoshove.txt,3,solved,67,921
after,3,The Monsterous Autoshove.txt,5,timeout,3002,25739
after,3,The Monsterous Autoshove.txt,7,solved,36,575
after,3,The Monsterous Autoshove.txt,9,solved,2669,23691
after,3,The Monsterous Autoshove.txt,11,timeout,3002,29388
after,3,The sponge what lights up the seafloor.txt,1,solved,102,503
after,3,The sponge what lights up the seafloor.txt,3,solved,271,1566
after,3,The sponge what lights up the seafloor.txt,5,solved,1049,4219
after,3,The sponge what lights up the seafloor.txt,7,solved,105,633
after,3,The sponge what lights up the seafloor.txt,9,solved,251,1501
after,3,The sponge what lights up the seafloor.txt,11,solved,158,942
after,3,The sponge what lights up the seafloor.txt,13,timeout,3001,17269
after,3,The sponge what lights up the seafloor.txt,15,solved,2956,16643
after,3,The sponge what lights up the seafloor.txt,17,timeout,3001,15276
after,3,The sponge what lights up the seafloor.txt,19,timeout,3001,14931
after,3,Two-Step Pete.txt,1,solved,1,61
after,3,Two-Step Pete.txt,3,solved,53,2153
after,3,Two-Step Pete.txt,5,solved,6,305
after,3,Two-Step Pete.txt,7,timeout,3021,83532
after,3,Two-Step Pete.txt,9,solved,60,1810
after,3,Two-Step Pete.txt,11,solved,2,99
after,3,Two-Step Pete.txt,13,solved,15,756
after,3,Two-Step Pete.txt,15,solved,364,16469
after,3,Two-Tone Tango.txt,1,solved,68,1805
after,3,Two-Tone Tango.txt,3,solved,19,569
after,3,Two-Tone Tango.txt,5,solved,37,1163
after,3,Two-Tone Tango.txt,7,solved,241,6728
after,3,Two-Tone Tango.txt,9,solved,1,38
after,3,Two-Tone Tango.txt,11,solved,26,747
after,3,Two-Tone Tango.txt,13,solved,122,4124
after,3,Two-Tone Tango.txt,15,solved,126,3028
after,3,Van-to-Mobile-Living-Space-Conversion Window.txt,1,solved,2,39
after,3,Van-to-Mobile-Living-Space-Conversion Window.txt,3,solved,79,1296
after,3,Van-to-Mobile-Living-Space-Conversion Window.txt,5,solved,3,49
after,3,Van-to-Mobile-Living-Space-Conversion Window.txt,7,solved,945,14232
after,3,Van-to-Mobile-Living-Space-Conversion Window.txt,9,solved,261,4464
after,3,Van-to-Mobile-Living-Space-Conversion Window.txt,11,solved,704,10643
after,3,Van-to-Mobile-Living-Space-Conversion Window.txt,13,solved,60,938
after,3,Van-to-Mobile-Living-Space-Conversion Window.txt,15,solved,211,3383
after,3,Van-to-Mobile-Living-Space-Conversion Window.txt,17,solved,39,673
after,3,Van-to-Mobile-Living-Space-Conversion Window.txt,19,solved,1637,24774
after,3,Van-to-Mobile-Living-Space-Conversion Window.txt,21,solved,1284,20552
after,3,Van-to-Mobile-Living-Space-Conversion Window.txt,23,solved,103,1754
after,3,Van-to-Mobile-Living-Space-Conversion Window.txt,25,solved,612,9769
after,3,Van-to-Mobile-Living-Space-Conversion Window.txt,27,timeout,3009,47810
after,3,Varifocal Nightmare.txt,1,solved,52,1456
after,3,Varifocal Nightmare.txt,3,solved,28,780
after,3,Varifocal Nightmare.txt,5,solved,60,2291
after,3,Varifocal Nightmare.txt,7,solved,758,25083
after,3,Varifocal Nightmare.txt,9,solved,170,4318
after,3,Vexatious Match 3.txt,2,timeout,3012,86092
after,3,Vexatious Match 3.txt,4,solved,803,27618
after,3,Vexatious Match 3.txt,6,solved,1191,36190
after,3,Vexatious Match 3.txt,8,solved,1038,35574
after,3,Vexatious Match 3.txt,10,solved,44,1992
after,3,Voitex Rasteriser 2.txt,1,timeout,3019,53674
after,3,Voitex Rasteriser.txt,0,timeout,3026,87565
after,3,Voitex Rasteriser.txt,2,solved,0,1
after,3,Wand Spinner.txt,1,solved,7,263
after,3,Wand Spinner.txt,3,solved,7,214
after,3,Wand Spinner.txt,5,solved,78,2715
after,3,Wand Spinner.txt,7,solved,109,4051
after,3,Wand Spinner.txt,9,solved,11,417
after,3,Wand Spinner.txt,11,solved,22,949
after,3,Wand Spinner.txt,13,solved,38,1308
after,3,Wand Spinner.txt,15,solved,14,513
after,3,Wand Spinner.txt,17,solved,31,973
after,3,Wand Spinner.txt,19,solved,59,1879
after,3,Wand Spinner.txt,21,solved,24,796
after,3,Wand Spinner.txt,23,solved,275,9400
after,3,Wand Spinner.txt,25,solved,22,721
after,3,Wand Spinner.txt,27,solved,107,3180
after,3,Wand Spinner.txt,29,solved,474,15178
after,3,Wand Spinner.txt,31,solved,85,2265
after,3,Wand Spinner.txt,33,solved,3,68
after,3,Wand Spinner.txt,35,solved,170,5885
after,3,Xorro The Chaos Warden.txt,1,solved,6,267
after,3,Xorro The Chaos Warden.txt,3,solved,113,4418
after,3,Xorro The Chaos Warden.txt,5,solved,96,3553
after,3,Xorro The Chaos Warden.txt,7,solved,711,16952
after,3,Yellow Box.txt,1,solved,126,3503
after,3,Yellow Box.txt,3,solved,20,332
after,3,Yellow Box.txt,5,solved,3,49
after,3,Yellow Box.txt,7,solved,13,293
after,3,Yellow Box.txt,9,solved,82,1318
after,3,Yellow Box.txt,11,solved,100,1642
after,3,Yellow Box.txt,13,solved,14,285
after,3,Yellow Box.txt,15,solved,1608,59501
after,3,Yellow Box.txt,17,solved,3,58
after,3,Yellow Box.txt,19,solved,15,272
after,3,Yellow Box.txt,21,solved,82,1639
after,3,Yellow Box.txt,23,solved,1,20
after,3,Yellow Box.txt,25,solved,14,259
after,3,Yellow Box.txt,27,solved,25,498
after,3,Yellow Box.txt,29,solved,14,280
after,3,Yellow Box.txt,31,solved,136,2277
after,3,Yellow Box.txt,33,solved,17,284
after,3,Yellow Box.txt,35,solved,725,12609
after,3,a clear view of the sky.txt,3,solved,32,58
after,3,a clear view of the sky.txt,6,solved,19,55
after,3,a clear view of the sky.txt,8,solved,21,60
after,3,a clear view of the sky.txt,10,solved,14,52
after,3,a clear view of the sky.txt,12,solved,21,54
after,3,a clear view of the sky.txt,14,solved,17,43
after,3,a clear view of the sky.txt,16,solved,67,185
after,3,a clear view of the sky.txt,18,solved,1193,1778
after,3,a clear view of the sky.txt,20,solved,57,64
after,3,a clear view of the sky.txt,22,solved,176,235
after,3,a clear view of the sky.txt,24,solved,311,600
after,3,a clear view of the sky.txt,26,solved,2792,2229
after,3,a clear view of the sky.txt,28,timeout,3000,1041
after,3,a clear view of the sky.txt,30,solved,0,1
after,3,a clear view of the sky.txt,31,solved,0,1
after,3,a clear view of the sky.txt,32,solved,0,1
after,3,a clear view of the sky.txt,33,solved,0,1
after,3,a clear view of the sky.txt,34,solved,0,1
after,3,a clear view of the sky.txt,35,solved,0,1
after,3,a cliche for bedtime.txt,1,timeout,3030,91134
after,3,a distant sunset.txt,1,solved,25,83
after,3,a distant sunset.txt,3,solved,0,1
after,3,a distant sunset.txt,4,solved,0,1
after,3,a distant sunset.txt,5,solved,0,1
after,3,alternatey.txt,2,solved,15,170
after,3,alternatey.txt,4,solved,76,428
after,3,alternatey.txt,6,solved,277,2469
after,3,an ok multiban level.txt,1,solved,362,16501
after,3,atlas shrank.txt,1,solved,1,11
after,3,atlas shrank.txt,4,solved,197,1898
after,3,atlas shrank.txt,5,solved,124,887
after,3,atlas shrank.txt,6,solved,631,4258
after,3,atlas shrank.txt,8,timeout,3003,9303
after,3,atlas shrank.txt,10,solved,128,611
after,3,atlas shrank.txt,11,timeout,3001,13794
after,3,atlas shrank.txt,12,timeout,3001,15006
after,3,atlas shrank.txt,14,timeout,3002,13246
after,3,atlas shrank.txt,15,timeout,3001,4642
after,3,atlas shrank.txt,16,timeout,3000,4680
after,3,atlas shrank.txt,17,timeout,3001,10130
after,3,autohurdler.txt,1,solved,10,124
after,3,autohurdler.txt,3,solved,3,35
after,3,autohurdler.txt,5,timeout,3008,41801
after,3,autohurdler.txt,7,solved,39,402
after,3,big dog and little dog.txt,1,solved,227,2021
after,3,big dog and little dog.txt,3,timeout,3002,22731
after,3,big dog and little dog.txt,5,timeout,3003,18128
after,3,big dog and little dog.txt,7,timeout,3003,19658
after,3,big dog and little dog.txt,9,timeout,3001,16370
after,3,big dog and little dog.txt,11,timeout,3004,8562
after,3,bouncers.txt,1,timeout,3027,86618
after,3,bouncers.txt,3,timeout,3023,84482
after,3,bouncers.txt,5,timeout,3033,86197
after,3,bouncers.txt,7,timeout,3032,71589
after,3,bouncers.txt,9,timeout,3036,59733
after,3,butteater.txt,1,solved,24,482
after,3,butteater.txt,3,timeout,3007,54447
after,3,byyourside.txt,0,solved,1,17
after,3,byyourside.txt,1,solved,86,1231
after,3,byyourside.txt,2,solved,14,216
after,3,byyourside.txt,3,solved,1,14
after,3,byyourside.txt,4,solved,17,264
after,3,byyourside.txt,5,solved,20,299
after,3,byyourside.txt,6,solved,0,5
after,3,byyourside.txt,7,solved,1,16
after,3,byyourside.txt,8,solved,121,1709
after,3,byyourside.txt,9,solved,68,1062
after,3,cakemonsters.txt,2,solved,0,3
after,3,cakemonsters.txt,4,solved,0,10
after,3,cakemonsters.txt,7,solved,7,208
after,3,cakemonsters.txt,9,solved,8,268
after,3,cakemonsters.txt,11,solved,1,25
after,3,cakemonsters.txt,13,solved,7,275
after,3,cakemonsters.txt,14,solved,1,43
after,3,cakemonsters.txt,15,solved,7,305
after,3,cakemonsters.txt,16,solved,29,1021
after,3,cakemonsters.txt,17,solved,2,70
after,3,cakemonsters.txt,18,solved,0,10
after,3,cakemonsters.txt,20,timeout,3018,78625
after,3,cakemonsters.txt,21,solved,117,3880
after,3,cakemonsters.txt,22,solved,9,326
after,3,cakemonsters.txt,24,solved,0,18
after,3,cakemonsters.txt,25,solved,0,7
after,3,cakemonsters.txt,26,solved,0,8
after,3,cakemonsters.txt,27,solved,0,9
after,3,cakemonsters.txt,28,solved,11,380
after,3,cakemonsters.txt,29,solved,7,314
after,3,cakemonsters.txt,31,solved,1,40
after,3,cakemonsters.txt,32,solved,33,1164
after,3,cakemonsters.txt,33,solved,101,3917
after,3,cakemonsters.txt,34,timeout,3022,75344
after,3,cakemonsters.txt,35,solved,7,259
after,3,cakemonsters.txt,37,timeout,3018,70224
after,3,cakemonsters.txt,38,solved,162,6123
after,3,cakemonsters.txt,39,solved,0,18
after,3,cakemonsters.txt,40,solved,123,4864
after,3,cakemonsters.txt,41,solved,2095,73546
after,3,cakemonsters.txt,43,solved,1,34
after,3,cakemonsters.txt,44,solved,169,5188
after,3,cakemonsters.txt,46,solved,47,1821
after,3,cakemonsters.txt,47,timeout,3009,104488
after,3,cakemonsters.txt,49,solved,222,9290
after,3,cakemonsters.txt,52,solved,489,16398
after,3,car crash.txt,1,timeout,3004,1481
after,3,car crash.txt,2,solved,99,0
after,3,castlecloset.txt,0,solved,198,2695
after,3,castlemouse.txt,1,solved,10,48
after,3,castlemouse.txt,3,solved,9,42
after,3,castlemouse.txt,5,solved,28,138
after,3,castlemouse.txt,7,solved,66,272
after,3,castlemouse.txt,9,solved,4,20
after,3,castlemouse.txt,11,solved,399,1139
after,3,castlemouse.txt,13,solved,2,6
after,3,castlemouse.txt,15,solved,8,12
after,3,castlemouse.txt,17,solved,2,3
after,3,castlemouse.txt,19,solved,7,9
after,3,chaos wizard.txt,2,solved,70,960
after,3,chaos wizard.txt,3,solved,22,293
after,3,chaos wizard.txt,4,timeout,3012,45277
after,3,chaos wizard.txt,5,solved,1983,32254
after,3,chaos wizard.txt,6,timeout,3015,34179
after,3,chaos wizard.txt,7,timeout,3009,46878
after,3,chaos wizard.txt,8,timeout,3008,39919
after,3,chaos wizard.txt,9,timeout,3010,45229
after,3,chaos wizard.txt,10,timeout,3006,42885
after,3,chaos wizard.txt,11,solved,2045,29559
after,3,chaos wizard.txt,12,timeout,3011,39191
after,3,chaos wizard.txt,13,timeout,3010,38342
after,3,chaos wizard.txt,14,solved,437,5327
after,3,chaos wizard.txt,15,timeout,3006,40884
after,3,chaos wizard.txt,16,timeout,3008,46875
after,3,chaos wizard.txt,17,timeout,3004,39780
after,3,chaos wizard.txt,18,timeout,3007,42744
after,3,chaos wizard.txt,19,timeout,3005,42001
after,3,chaos wizard.txt,20,timeout,3017,32592
after,3,chaos wizard.txt,22,solved,8,65
after,3,chaos wizard.txt,24,timeout,3008,22406
after,3,chaos wizard.txt,27,timeout,3007,28947
after,3,coincounter.txt,0,solved,2,9
after,3,coincounter.txt,1,solved,2,22
after,3,coincounter.txt,2,solved,9,69
after,3,coincounter.txt,3,solved,12,93
after,3,coincounter.txt,4,solved,50,289
after,3,coincounter.txt,5,solved,47,287
after,3,coincounter.txt,6,solved,146,892
after,3,coincounter.txt,7,solved,331,2309
after,3,coincounter.txt,8,solved,8,51
after,3,coincounter.txt,9,solved,2,7
after,3,coincounter.txt,10,solved,0,1
after,3,collapse.txt,2,solved,197,186
after,3,collapse.txt,3,timeout,3000,1758
after,3,color chained.txt,0,solved,11,31
after,3,color chained.txt,1,solved,6,9
after,3,color chained.txt,2,solved,246,645
after,3,color chained.txt,3,solved,73,160
after,3,color chained.txt,4,solved,60,139
after,3,color chained.txt,5,solved,432,959
after,3,color chained.txt,6,timeout,3001,5687
after,3,color chained.txt,7,timeout,3000,4844
after,3,color chained.txt,8,timeout,3001,5892
after,3,color chained.txt,9,solved,2191,3056
after,3,color chained.txt,10,solved,2074,3182
after,3,color chained.txt,14,timeout,3001,3753
after,3,constellationz.txt,0,solved,0,5
after,3,constellationz.txt,1,solved,0,5
after,3,constellationz.txt,2,solved,3,72
after,3,constellationz.txt,3,solved,0,10
after,3,constellationz.txt,4,solved,5,124
after,3,constellationz.txt,5,solved,6,28
after,3,constellationz.txt,6,solved,191,1718
after,3,constellationz.txt,7,solved,158,1466
after,3,constellationz.txt,8,timeout,3007,36801
after,3,constellationz.txt,9,solved,510,4056
after,3,constellationz.txt,10,solved,470,5772
after,3,cooperacing.txt,3,solved,336,4508
after,3,cooperacing.txt,5,solved,913,13019
after,3,cooperacing.txt,8,solved,2668,39396
after,3,cooperacing.txt,10,timeout,3007,43741
after,3,crate guardian.txt,1,solved,300,7184
after,3,crate guardian.txt,3,solved,90,1913
after,3,crate guardian.txt,5,solved,318,8633
after,3,crate guardian.txt,7,solved,448,12334
after,3,crate guardian.txt,9,solved,1667,35696
after,3,crate guardian.txt,11,timeout,3008,71063
after,3,crate swap.txt,1,solved,20,1202
after,3,crate swap.txt,3,solved,10,714
after,3,crate swap.txt,5,solved,27,1659
after,3,crate swap.txt,7,solved,28,1732
after,3,crate swap.txt,9,solved,42,2606
after,3,crate swap.txt,11,solved,53,3024
after,3,crate swap.txt,13,solved,41,2569
after,3,crate swap.txt,15,solved,28,1789
after,3,cratopia.txt,2,solved,5,70
after,3,cratopia.txt,3,solved,909,10496
after,3,cratopia.txt,5,solved,61,764
after,3,cratopia.txt,9,timeout,3007,25029
after,3,cratopia.txt,11,solved,648,9214
after,3,cratopia.txt,12,timeout,3006,35453
after,3,cratopia.txt,13,timeout,3003,20638
after,3,cratopia.txt,14,timeout,3005,29827
after,3,cratopia.txt,15,timeout,3004,32656
after,3,cratopia.txt,16,timeout,3005,26940
after,3,cratopia.txt,17,timeout,3007,35168
after,3,cratopia.txt,18,timeout,3004,37941
after,3,cratopia.txt,19,timeout,3003,32867
after,3,cratopia.txt,20,solved,23,31
after,3,cratopia.txt,21,solved,37,0
after,3,cratopia.txt,22,solved,34,0
after,3,cratopia.txt,23,solved,43,0
after,3,cute train.txt,1,timeout,3009,1178
after,3,der hydra krypta.txt,1,solved,33,21
after,3,der hydra krypta.txt,3,timeout,3000,1290
after,3,der hydra krypta.txt,5,timeout,3000,1438
after,3,der hydra krypta.txt,7,timeout,3001,648
after,3,der hydra krypta.txt,9,timeout,3000,1551
after,3,der hydra krypta.txt,11,timeout,3000,1527
after,3,der hydra krypta.txt,13,solved,0,1
after,3,dice goblin.txt,3,timeout,3001,9108
after,3,die schoene steinmetzin.txt,1,timeout,3002,20446
after,3,die schoene steinmetzin.txt,3,timeout,3002,16639
after,3,die schoene steinmetzin.txt,5,solved,303,1760
after,3,die schoene steinmetzin.txt,7,timeout,3002,19966
after,3,die schoene steinmetzin.txt,9,timeout,3003,21794
after,3,die schoene steinmetzin.txt,11,timeout,3002,13404
after,3,die schoene steinmetzin.txt,13,timeout,3002,13433
after,3,die schoene steinmetzin.txt,15,timeout,3002,11520
after,3,die schoene steinmetzin.txt,16,exhausted,0,1
after,3,diesinthelight.txt,0,solved,10,94
after,3,diesinthelight.txt,1,solved,67,432
after,3,diesinthelight.txt,2,solved,1035,4251
after,3,diesinthelight.txt,3,timeout,3001,12038
after,3,dollyban.txt,1,solved,92,3182
after,3,dollyban.txt,3,solved,89,3417
after,3,dollyban.txt,5,solved,479,17811
after,3,dollyban.txt,7,solved,488,17784
after,3,dollyban.txt,9,solved,474,17742
after,3,dollyban.txt,11,timeout,3008,101931
after,3,dollyban.txt,13,solved,174,5653
after,3,dollyban.txt,15,solved,1270,42080
after,3,dollyban.txt,17,timeout,3007,97021
after,3,dollyban.txt,19,timeout,3008,96920
after,3,dollyban.txt,21,timeout,3007,93735
after,3,dollyban.txt,23,solved,361,11508
after,3,dollyban.txt,25,timeout,3007,80176
after,3,dollyban.txt,27,timeout,3008,97325
after,3,dollyban.txt,29,timeout,3006,83524
after,3,dreizack.txt,1,timeout,3000,2179
after,3,dreizack.txt,3,timeout,3000,1923
after,3,dreizack.txt,5,timeout,3000,1709
after,3,dreizack.txt,6,solved,1,9
after,3,dreizack.txt,7,solved,0,1
after,3,dropswap.txt,3,solved,104,1246
after,3,dropswap.txt,5,solved,98,831
after,3,dropswap.txt,8,timeout,3004,16496
after,3,dropswap.txt,12,solved,98,728
after,3,dropswap.txt,14,timeout,3004,15939
after,3,dungeon janitor.txt,2,solved,1,22
after,3,dungeon janitor.txt,4,solved,1314,14685
after,3,dungeon janitor.txt,6,timeout,3004,24728
after,3,dungeon janitor.txt,9,timeout,3002,12613
after,3,easyenigma.txt,0,solved,2,5
after,3,easyenigma.txt,1,solved,0,1
after,3,easyenigma.txt,2,solved,218,667
after,3,easyenigma.txt,3,solved,1,2
after,3,easyenigma.txt,4,solved,1,2
after,3,easyenigma.txt,5,solved,186,363
after,3,easyenigma.txt,6,solved,2,5
after,3,easyenigma.txt,7,solved,3,7
after,3,easyenigma.txt,8,solved,71,99
after,3,easyenigma.txt,9,solved,2,1
after,3,easyenigma.txt,10,solved,7,2
after,3,easyenigma.txt,11,timeout,3029,6427
after,3,easyenigma.txt,12,solved,10,2
after,3,easyenigma.txt,13,solved,10,13
after,3,easyenigma.txt,14,solved,1,1
after,3,easyenigma.txt,15,solved,5,5
after,3,easyenigma.txt,16,timeout,3011,4488
after,3,easyenigma.txt,17,solved,972,2
after,3,easyenigma.txt,18,solved,3,2
after,3,easyenigma.txt,19,timeout,3004,1595
after,3,easyenigma.txt,20,timeout,3020,3653
after,3,ecosystem generator.txt,1,timeout,3013,18394
after,3,expand also avoid the flames.txt,1,timeout,3017,386
after,3,fickle fred.txt,1,solved,5,226
after,3,fickle fred.txt,3,solved,29,1408
after,3,fickle fred.txt,5,solved,665,26180
after,3,fickle fred.txt,7,solved,69,3331
after,3,fickle fred.txt,9,solved,10,563
after,3,flesh-handed hot casserole delivery bot.txt,1,solved,3,272
after,3,flesh-handed hot casserole delivery bot.txt,2,solved,10,878
after,3,flesh-handed hot casserole delivery bot.txt,4,solved,370,24105
after,3,flesh-handed hot casserole delivery bot.txt,6,solved,378,23540
after,3,flesh-handed hot casserole delivery bot.txt,8,solved,20,1546
after,3,flesh-handed hot casserole delivery bot.txt,10,solved,193,13570
after,3,flesh-handed hot casserole delivery bot.txt,12,solved,29,1923
after,3,flesh-handed hot casserole delivery bot.txt,14,solved,64,4331
after,3,flesh-handed hot casserole delivery bot.txt,16,solved,196,13080
after,3,flesh-handed hot casserole delivery bot.txt,18,solved,642,37504
after,3,gabelstapler.txt,1,solved,151,936
after,3,gabelstapler.txt,3,timeout,3001,20573
after,3,gabelstapler.txt,5,timeout,3001,18847
after,3,gapfiller.txt,1,solved,12,383
after,3,gapfiller.txt,3,solved,201,4611
after,3,gapfiller.txt,5,solved,10,404
after,3,gapfiller.txt,7,solved,38,1441
after,3,gapfiller.txt,9,solved,2,76
after,3,gapfiller.txt,11,solved,1258,31516
after,3,gapfiller.txt,13,solved,8,332
after,3,gapfiller.txt,15,solved,2,87
after,3,gapfiller.txt,17,solved,125,3993
after,3,gapfiller.txt,19,timeout,3005,66239
after,3,gem soketeer.txt,1,solved,184,563
after,3,gem soketeer.txt,3,solved,75,345
after,3,gem soketeer.txt,5,solved,37,111
after,3,gem soketeer.txt,7,solved,29,127
after,3,gem soketeer.txt,9,solved,172,719
after,3,gem soketeer.txt,11,solved,11,53
after,3,gem soketeer.txt,13,solved,923,3401
after,3,gem soketeer.txt,15,timeout,3000,9792
after,3,gem soketeer.txt,17,solved,1388,3572
after,3,gem soketeer.txt,19,timeout,3002,10182
after,3,gem soketeer.txt,21,solved,431,1164
after,3,gem soketeer.txt,23,timeout,3001,7719
after,3,gem soketeer.txt,25,solved,620,2956
after,3,gem soketeer.txt,27,solved,1044,3318
after,3,gem soketeer.txt,29,solved,496,2727
after,3,gem soketeer.txt,31,solved,472,2606
after,3,gem soketeer.txt,33,solved,1127,6180
after,3,gobble_rush.txt,0,solved,1,11
after,3,gobble_rush.txt,1,solved,2,42
after,3,gobble_rush.txt,2,solved,6,121
after,3,gobble_rush.txt,3,solved,69,926
after,3,gobble_rush.txt,4,solved,5,92
after,3,gobble_rush.txt,5,solved,16,259
after,3,gobble_rush.txt,6,solved,18,257
after,3,gobble_rush.txt,7,solved,18,257
after,3,gobble_rush.txt,8,solved,17,253
after,3,gobble_rush.txt,9,solved,38,575
after,3,gobble_rush.txt,10,solved,16,174
after,3,gobble_rush.txt,11,solved,18,225
after,3,gobble_rush.txt,12,solved,24,192
after,3,gobble_rush.txt,13,solved,6,92
after,3,gobble_rush.txt,14,solved,15,222
after,3,gobble_rush.txt,15,solved,3,34
after,3,gobble_rush.txt,16,solved,24,403
after,3,gobble_rush.txt,17,solved,17,264
after,3,gobble_rush.txt,18,solved,30,436
after,3,gobble_rush.txt,19,solved,113,1386
after,3,gobble_rush.txt,20,solved,0,4
after,3,hairtug.txt,1,solved,11,65
after,3,hairtug.txt,4,timeout,3010,18432
after,3,hairtug.txt,7,timeout,3009,12960
after,3,hairtug.txt,10,solved,467,3148
after,3,hairtug.txt,13,timeout,3008,16819
after,3,head skuller.txt,1,solved,13,717
after,3,head skuller.txt,3,solved,117,6231
after,3,head skuller.txt,5,timeout,3011,140186
after,3,head skuller.txt,7,solved,74,3927
after,3,head skuller.txt,9,timeout,3015,142136
after,3,head skuller.txt,11,solved,424,19720
after,3,head skuller.txt,13,solved,0,1
after,3,hedgehog stimulator.txt,1,solved,557,7489
after,3,hedgehog stimulator.txt,3,solved,2365,32712
after,3,hedgehog stimulator.txt,5,solved,230,3142
after,3,hedgehog stimulator.txt,7,solved,363,4977
after,3,hedgehog stimulator.txt,9,solved,447,5006
after,3,hedgehog stimulator.txt,11,solved,890,12669
after,3,hedgehog stimulator.txt,13,solved,223,2657
after,3,hedgehog stimulator.txt,15,solved,449,5351
after,3,hedgehog stimulator.txt,17,solved,2061,22866
after,3,hedgehog stimulator.txt,19,solved,2544,29966
after,3,hedgehog stimulator.txt,21,timeout,3002,35329
after,3,hedgehog stimulator.txt,23,solved,2207,25195
after,3,heroes_of_sokoban.txt,1,solved,0,8
after,3,heroes_of_sokoban.txt,3,solved,14,587
after,3,heroes_of_sokoban.txt,5,solved,0,26
after,3,heroes_of_sokoban.txt,7,timeout,3012,99237
after,3,heroes_of_sokoban.txt,9,solved,1,55
after,3,heroes_of_sokoban.txt,10,solved,571,18699
after,3,heroes_of_sokoban.txt,11,solved,6,257
after,3,heroes_of_sokoban.txt,13,solved,93,2751
after,3,heroes_of_sokoban.txt,14,timeout,3012,73415
after,3,heroes_of_sokoban.txt,15,solved,1,17
after,3,heroes_of_sokoban.txt,17,solved,19,372
after,3,heroes_of_sokoban.txt,19,solved,546,17425
after,3,heroes_of_sokoban.txt,20,timeout,3011,92984
after,3,heroes_of_sokoban.txt,21,timeout,3012,64350
after,3,heroes_of_sokoban.txt,22,solved,11,361
after,3,heroes_of_sokoban.txt,23,solved,163,5422
after,3,heroes_of_sokoban.txt,24,timeout,3013,88417
after,3,heroes_of_sokoban.txt,25,timeout,3011,67731
after,3,heroes_of_sokoban.txt,26,timeout,3010,106907
after,3,heroes_of_sokoban.txt,27,solved,2,77
after,3,heroes_of_sokoban.txt,28,timeout,3012,66585
after,3,heroes_of_sokoban.txt,29,solved,0,10
after,3,heroes_of_sokoban_2.txt,3,solved,408,5484
after,3,heroes_of_sokoban_2.txt,5,solved,3,35
after,3,heroes_of_sokoban_2.txt,6,solved,2,32
after,3,heroes_of_sokoban_2.txt,8,solved,350,7281
after,3,heroes_of_sokoban_2.txt,10,solved,6,73
after,3,heroes_of_sokoban_2.txt,12,timeout,3004,36154
after,3,heroes_of_sokoban_2.txt,13,solved,148,1817
after,3,heroes_of_sokoban_2.txt,15,solved,6,52
after,3,heroes_of_sokoban_2.txt,17,solved,513,8503
after,3,heroes_of_sokoban_2.txt,19,solved,1684,30440
after,3,heroes_of_sokoban_2.txt,20,timeout,3005,50770
after,3,heroes_of_sokoban_2.txt,21,timeout,3005,49654
after,3,heroes_of_sokoban_2.txt,23,solved,1,21
after,3,heroes_of_sokoban_2.txt,24,solved,23,285
after,3,heroes_of_sokoban_2.txt,26,solved,197,2065
after,3,heroes_of_sokoban_2.txt,27,solved,1967,21919
after,3,heroes_of_sokoban_2.txt,28,timeout,3003,33948
after,3,heroes_of_sokoban_2.txt,29,solved,359,4926
after,3,heroes_of_sokoban_2.txt,30,solved,1340,17905
after,3,heroes_of_sokoban_2.txt,31,timeout,3005,45737
after,3,heroes_of_sokoban_2.txt,32,timeout,3010,53223
after,3,heroes_of_sokoban_2.txt,34,timeout,3004,30273
after,3,heroes_of_sokoban_3.txt,3,timeout,3017,37464
after,3,heroes_of_sokoban_3.txt,5,solved,28,324
after,3,heroes_of_sokoban_3.txt,6,solved,8,84
after,3,heroes_of_sokoban_3.txt,8,solved,12,114
after,3,heroes_of_sokoban_3.txt,10,solved,330,3546
after,3,heroes_of_sokoban_3.txt,11,solved,121,1649
after,3,heroes_of_sokoban_3.txt,12,solved,24,393
after,3,heroes_of_sokoban_3.txt,13,timeout,3008,34728
after,3,heroes_of_sokoban_3.txt,14,solved,1735,22236
after,3,heroes_of_sokoban_3.txt,16,timeout,3009,75156
after,3,heroes_of_sokoban_3.txt,17,timeout,3012,59820
after,3,heroes_of_sokoban_3.txt,18,timeout,3007,55855
after,3,heroes_of_sokoban_3.txt,21,timeout,3007,49171
after,3,heroes_of_sokoban_3.txt,22,timeout,3006,41626
after,3,heroes_of_sokoban_3.txt,23,solved,1177,35385
after,3,heroes_of_sokoban_3.txt,24,timeout,3006,36772
after,3,heroes_of_sokoban_3.txt,25,timeout,3010,34716
after,3,heroes_of_sokoban_3.txt,26,timeout,3007,54256
after,3,heroes_of_sokoban_3.txt,27,timeout,3005,37398
after,3,heroes_of_sokoban_3.txt,28,timeout,3004,40077
after,3,heroes_of_sokoban_3.txt,30,timeout,3013,27339
after,3,heroes_of_sokoban_3.txt,31,solved,40,530
after,3,hungry kraken.txt,1,timeout,3006,13541
after,3,hungry kraken.txt,3,exhausted,0,1
after,3,i am a gust of wind.txt,1,solved,1,76
after,3,i am a gust of wind.txt,3,solved,7,383
after,3,i am a gust of wind.txt,5,solved,4,245
after,3,i am a gust of wind.txt,7,solved,1086,60032
after,3,i sure look tasty.txt,1,timeout,3000,1562
after,3,i want to grind myself into dust.txt,1,timeout,3002,21889
after,3,i want to grind myself into dust.txt,3,timeout,3003,14419
after,3,i want to grind myself into dust.txt,5,timeout,3003,6366
after,3,icecrates.txt,1,solved,0,6
after,3,icecrates.txt,3,solved,1,9
after,3,icecrates.txt,5,solved,6,53
after,3,icecrates.txt,7,solved,104,930
after,3,icecrates.txt,9,solved,38,219
after,3,icecrates.txt,11,solved,1152,7323
after,3,impossible.txt,0,exhausted,0,1
after,3,it dies in the light.txt,0,solved,11,94
after,3,it dies in the light.txt,1,solved,62,432
after,3,it dies in the light.txt,2,solved,1067,4251
after,3,it dies in the light.txt,3,timeout,3001,11563
after,3,karamell.txt,1,solved,427,836
after,3,karamell.txt,3,timeout,3000,3902
after,3,karamell.txt,5,timeout,3000,2870
after,3,karamell.txt,7,solved,0,1
after,3,kettle.txt,1,solved,1,26
after,3,kettle.txt,4,solved,0,3
after,3,kettle.txt,7,solved,0,3
after,3,kettle.txt,10,solved,2,27
after,3,kettle.txt,13,solved,9,97
after,3,kettle.txt,16,solved,2,26
after,3,kettle.txt,19,solved,52,473
after,3,kettle.txt,22,solved,51,353
after,3,kettle.txt,25,solved,637,4187
after,3,kettle.txt,28,timeout,3011,19084
after,3,kettle.txt,31,timeout,3009,15522
after,3,kishoutenketsu.txt,2,solved,27,320
after,3,kishoutenketsu.txt,5,solved,832,12929
after,3,kishoutenketsu.txt,8,solved,3,41
after,3,kishoutenketsu.txt,11,solved,1909,11445
after,3,konsum.txt,1,timeout,3003,29635
after,3,kreiseln.txt,1,solved,22,292
after,3,kreiseln.txt,3,timeout,3005,53382
after,3,kreiseln.txt,5,solved,903,11565
after,3,kreiseln.txt,7,solved,451,5362
after,3,kreiseln.txt,9,solved,2406,25514
after,3,led challenge.txt,1,timeout,3005,55179
after,3,led challenge.txt,3,timeout,3008,65508
after,3,led challenge.txt,5,timeout,3008,61559
after,3,led challenge.txt,7,timeout,3001,17532
after,3,ledchallenge.txt,1,timeout,3005,52839
after,3,ledchallenge.txt,3,timeout,3008,66539
after,3,ledchallenge.txt,5,timeout,3008,60448
after,3,ledchallenge.txt,7,timeout,3001,17788
after,3,legend of zokoban.txt,0,timeout,3011,22314
after,3,limerick.txt,1,solved,2,41
after,3,limerick.txt,3,solved,134,2800
after,3,limerick.txt,5,timeout,3019,61531
after,3,limerick.txt,7,solved,12,264
after,3,limerick.txt,9,solved,67,1490
after,3,limerick.txt,11,solved,12,296
after,3,limerick.txt,13,timeout,3014,61800
after,3,limerick.txt,15,solved,1263,26207
after,3,limerick.txt,17,solved,47,821
after,3,limerick.txt,19,timeout,3025,59291
after,3,m c eschers armageddon.txt,0,solved,0,11
after,3,m c eschers armageddon.txt,1,solved,0,4
after,3,m c eschers armageddon.txt,2,solved,0,12
after,3,m c eschers armageddon.txt,3,solved,46,284
after,3,make way.txt,1,solved,736,30571
after,3,make way.txt,3,solved,68,3331
after,3,manic_ammo.txt,1,solved,0,9
after,3,manic_ammo.txt,3,solved,0,9
after,3,manic_ammo.txt,5,solved,1,71
after,3,manic_ammo.txt,8,solved,0,9
after,3,manic_ammo.txt,10,solved,157,6607
after,3,manic_ammo.txt,12,solved,3,99
after,3,manic_ammo.txt,14,timeout,3007,84419
after,3,manic_ammo.txt,16,solved,75,3210
after,3,manic_ammo.txt,18,solved,1,12
after,3,manic_ammo.txt,20,timeout,3011,88708
after,3,manic_ammo.txt,22,solved,37,281
after,3,manic_ammo.txt,24,solved,235,4956
after,3,manic_ammo.txt,26,solved,1047,9855
after,3,manic_ammo.txt,28,timeout,3002,20856
after,3,manic_ammo.txt,30,timeout,3007,66415
after,3,match three billiards.txt,1,solved,0,4
after,3,match three billiards.txt,3,solved,21,451
after,3,match three billiards.txt,5,solved,32,563
after,3,mazezam.txt,1,solved,1,48
after,3,mazezam.txt,3,solved,2,134
after,3,mazezam.txt,5,solved,4,210
after,3,mazezam.txt,7,solved,12,534
after,3,mazezam.txt,9,solved,13,662
after,3,mazezam.txt,11,solved,11,501
after,3,mazezam.txt,13,solved,24,1121
after,3,mazezam.txt,15,solved,17,763
after,3,mazezam.txt,17,solved,16,709
after,3,mazezam.txt,19,solved,145,3882
after,3,mazezam.txt,21,solved,33,1424
after,3,mazezam.txt,23,solved,933,26487
after,3,mazezam.txt,25,solved,66,3165
after,3,mazezam.txt,27,solved,63,2557
after,3,mazezam.txt,29,solved,191,8022
after,3,mazezam.txt,31,solved,30,932
after,3,mazezam.txt,33,solved,32,1333
after,3,mazezam.txt,35,timeout,3011,98853
after,3,mazezam.txt,37,solved,24,1095
after,3,mazezam.txt,39,solved,107,2661
after,3,mazezam.txt,41,solved,54,1924
after,3,mazezam.txt,43,solved,90,3247
after,3,mazezam.txt,45,solved,49,1874
after,3,mazezam.txt,47,solved,132,5229
after,3,mazezam.txt,49,timeout,3010,100291
after,3,mazezam.txt,51,solved,71,2701
after,3,mazezam.txt,53,timeout,3010,73306
after,3,mazezam.txt,55,solved,419,14265
after,3,mazezam.txt,57,solved,1284,33766
after,3,mazezam.txt,59,solved,1533,47986
after,3,message_skip.txt,1,solved,0,1
after,3,midas.txt,0,solved,5,105
after,3,midas.txt,2,solved,20,318
after,3,midas.txt,4,solved,17,285
after,3,midas.txt,6,solved,34,681
after,3,midas.txt,8,timeout,3004,38609
after,3,midas.txt,11,timeout,3005,32098
after,3,midas.txt,13,timeout,3005,37484
after,3,midas.txt,15,timeout,3004,32732
after,3,midas.txt,17,timeout,3006,31187
after,3,midas.txt,19,solved,586,5666
after,3,midas.txt,21,timeout,3010,28353
after,3,midas.txt,23,timeout,3005,35223
after,3,midas.txt,25,solved,143,1609
after,3,midas.txt,27,timeout,3010,28955
after,3,midas.txt,29,timeout,3005,31298
after,3,moved by leaves of grass.txt,1,timeout,3001,3422
after,3,multi_level.txt,0,solved,0,1
after,3,multi_level.txt,1,solved,0,1
after,3,newton.txt,1,timeout,3009,76229
after,3,newton.txt,3,timeout,3008,72100
after,3,newton.txt,5,timeout,3008,85509
after,3,no don't eat that.txt,1,timeout,3001,849
after,3,no don't eat that.txt,3,timeout,3000,821
after,3,no don't eat that.txt,5,timeout,3002,574
after,3,no don't eat that.txt,7,timeout,3000,476
after,3,no don't eat that.txt,9,timeout,3000,700
after,3,no don't eat that.txt,11,timeout,3002,287
after,3,no don't eat that.txt,13,timeout,3000,268
after,3,no don't eat that.txt,15,timeout,3000,278
after,3,no forbidden symbols 2.txt,1,timeout,3006,84815
after,3,no forbidden symbols.txt,1,timeout,3025,131098
after,3,no heroes necessary.txt,1,solved,20,176
after,3,no heroes necessary.txt,3,solved,9,53
after,3,no heroes necessary.txt,5,solved,45,237
after,3,no heroes necessary.txt,7,solved,13,54
after,3,no heroes necessary.txt,9,solved,161,695
after,3,oh no i accidentally swallowed myself.txt,1,timeout,3001,1700
after,3,oh no i accidentally swallowed myself.txt,2,solved,0,1
after,3,oh no i accidentally swallowed myself.txt,3,solved,0,1
after,3,oh no i accidentally swallowed myself.txt,4,solved,0,1
after,3,one_move.txt,0,solved,0,1
after,3,paint everything everywhere.txt,1,solved,13,28
after,3,paint everything everywhere.txt,3,solved,38,104
after,3,paint everything everywhere.txt,5,solved,35,20
after,3,paint everything everywhere.txt,7,solved,86,55
after,3,paint everything everywhere.txt,9,solved,247,113
after,3,paint everything everywhere.txt,11,solved,118,129
after,3,paint everything everywhere.txt,13,solved,43,76
after,3,paint everything everywhere.txt,15,solved,57,44
after,3,paint everything everywhere.txt,17,solved,687,69
after,3,paint everything everywhere.txt,19,solved,23,46
after,3,paint everything everywhere.txt,21,solved,106,110
after,3,paint everything everywhere.txt,23,solved,91,50
after,3,paint everything everywhere.txt,25,solved,170,99
after,3,paint everything everywhere.txt,27,solved,246,81
after,3,paint everything everywhere.txt,29,solved,225,102
after,3,paint everything everywhere.txt,31,solved,172,66
after,3,paint everything everywhere.txt,33,solved,91,51
after,3,paint everything everywhere.txt,35,solved,167,57
after,3,paint everything everywhere.txt,37,solved,265,465
after,3,paint everything everywhere.txt,39,solved,1462,196
after,3,participating in society.txt,2,timeout,3031,16507
after,3,pipe puffer.txt,2,solved,289,4550
after,3,pipe puffer.txt,4,solved,37,589
after,3,pipe puffer.txt,6,timeout,3004,27571
after,3,pipe puffer.txt,8,solved,226,1808
after,3,pipe puffer.txt,10,timeout,3003,37171
after,3,pipe puffer.txt,12,timeout,3003,27073
after,3,pipe puffer.txt,14,timeout,3003,30291
after,3,pipe puffer.txt,16,solved,10,73
after,3,ponies jumping synchronously.txt,0,solved,0,8
after,3,ponies jumping synchronously.txt,2,solved,0,9
after,3,ponies jumping synchronously.txt,4,solved,0,7
after,3,ponies jumping synchronously.txt,6,solved,0,9
after,3,ponies jumping synchronously.txt,8,solved,1,29
after,3,ponies jumping synchronously.txt,10,solved,16,388
after,3,ponies jumping synchronously.txt,12,solved,0,8
after,3,ponies jumping synchronously.txt,14,solved,16,283
after,3,ponies jumping synchronously.txt,17,solved,439,4517
after,3,ponies jumping synchronously.txt,19,solved,21,265
after,3,ponies jumping synchronously.txt,21,timeout,3005,35476
after,3,ponies jumping synchronously.txt,23,timeout,3004,24313
after,3,pupush.txt,1,timeout,3010,71218
after,3,push pull.txt,1,solved,7,285
after,3,push pull.txt,3,solved,6,236
after,3,push pull.txt,5,solved,18,876
after,3,push.txt,1,solved,0,6
after,3,push.txt,3,solved,0,13
after,3,push.txt,5,solved,20,566
after,3,push.txt,7,solved,5,110
after,3,push.txt,9,solved,8,243
after,3,push.txt,11,solved,34,884
after,3,push.txt,13,solved,30,663
after,3,push.txt,15,solved,1130,18508
after,3,push.txt,17,solved,1317,27335
after,3,push.txt,19,solved,463,8194
after,3,push.txt,21,solved,176,3306
after,3,push.txt,23,solved,3,78
after,3,push.txt,25,solved,192,3950
after,3,push.txt,27,solved,249,4707
after,3,push.txt,29,timeout,3009,54308
after,3,push.txt,31,solved,93,2397
after,3,push.txt,33,solved,849,11297
after,3,push.txt,35,timeout,3006,31273
after,3,push.txt,37,solved,2,52
after,3,push.txt,39,timeout,3011,59084
after,3,push.txt,40,solved,0,4
after,3,pushit.txt,1,solved,120,5171
after,3,pushit.txt,3,timeout,3024,73077
after,3,pushit.txt,5,solved,2835,136912
after,3,pushit.txt,7,solved,530,27424
after,3,puzzles.txt,0,timeout,3002,16335
after,3,realtime dog mountain rescue.txt,1,timeout,3001,7892
after,3,realtime dog mountain rescue.txt,4,timeout,3001,6941
after,3,realtime dog mountain rescue.txt,7,timeout,3000,4374
after,3,riverpuzzle.txt,0,timeout,3000,456
after,3,robot arm.txt,3,timeout,3006,1804
after,3,robot arm.txt,5,timeout,3015,191
after,3,robot arm.txt,7,timeout,3003,13016
after,3,robotarm.txt,3,timeout,3003,1801
after,3,robotarm.txt,5,timeout,3014,172
after,3,robotarm.txt,7,timeout,3003,12407
after,3,sacrament of the river god.txt,1,timeout,3001,11161
after,3,sacrament of the river god.txt,3,timeout,3000,3042
after,3,sacrament of the river god.txt,5,timeout,3001,11952
after,3,sacrament of the river god.txt,7,timeout,3001,7633
after,3,sacrament of the river god.txt,9,solved,1223,4603
after,3,sacrament of the river god.txt,11,timeout,3000,1802
after,3,sacrament of the river god.txt,13,solved,2,12
after,3,seize the flag.txt,1,timeout,3001,8092
after,3,seize the flag.txt,3,solved,0,1
after,3,short adventure in sticky wall land.txt,1,timeout,3002,19082
after,3,short adventure in sticky wall land.txt,3,timeout,3001,16977
after,3,short adventure in sticky wall land.txt,5,timeout,3002,18578
after,3,shy snake.txt,1,solved,67,95
after,3,shy snake.txt,3,timeout,3000,1422
after,3,shy snake.txt,5,timeout,3000,1531
after,3,slide pull.txt,1,solved,26,1388
after,3,slide pull.txt,3,solved,10,573
after,3,slide pull.txt,5,solved,52,2583
after,3,slide pull.txt,7,solved,810,35283
after,3,slide pull.txt,9,solved,14,782
after,3,slide pull.txt,11,solved,914,37341
after,3,slide pull.txt,13,solved,179,6725
after,3,slidings.txt,1,solved,1,39
after,3,slidings.txt,3,solved,0,18
after,3,slidings.txt,5,solved,1,38
after,3,slidings.txt,7,solved,2,82
after,3,slidings.txt,9,solved,7,234
after,3,slidings.txt,11,solved,249,6268
after,3,slidings.txt,13,solved,172,5247
after,3,slidings.txt,15,solved,183,6209
after,3,slidings.txt,17,solved,370,10129
after,3,slidings.txt,19,solved,69,1895
after,3,slidings.txt,21,solved,102,2959
after,3,slime vat filler.txt,2,solved,4,229
after,3,slime vat filler.txt,4,solved,0,39
after,3,slime vat filler.txt,6,solved,2,125
after,3,slime vat filler.txt,8,solved,1,89
after,3,slime vat filler.txt,10,solved,2,127
after,3,slime vat filler.txt,12,solved,165,7121
after,3,slime vat filler.txt,14,solved,10,550
after,3,slime vat filler.txt,16,timeout,3022,103896
after,3,slime vat filler.txt,18,solved,159,5783
after,3,slime vat filler.txt,21,solved,71,3131
after,3,slime vat filler.txt,23,solved,0,1
after,3,slot machine.txt,1,solved,81,620
after,3,slot machine.txt,3,timeout,3003,19727
after,3,smother.txt,2,solved,15,265
after,3,smother.txt,4,solved,21,499
after,3,smother.txt,6,solved,34,765
after,3,smother.txt,8,solved,36,415
after,3,smother.txt,10,solved,82,781
after,3,smother.txt,14,solved,0,6
after,3,smother.txt,16,solved,1,32
after,3,smother.txt,18,solved,1,36
after,3,smother.txt,20,solved,10,276
after,3,smother.txt,22,solved,11,334
after,3,smother.txt,26,solved,31,536
after,3,smother.txt,28,solved,148,1909
after,3,smother.txt,30,solved,20,317
after,3,smother.txt,32,timeout,3001,9480
after,3,smother.txt,34,timeout,3003,32346
after,3,smother.txt,37,solved,0,4
after,3,snkaey makes a sixy.txt,0,timeout,3009,41369
after,3,snkaey makes a sixy.txt,2,exhausted,0,1
after,3,snortal.txt,0,solved,1133,22721
after,3,sok7.txt,0,timeout,3003,14668
after,3,sokobansokobansokoban.txt,1,timeout,3012,73052
after,3,sokobond demake.txt,2,solved,1,38
after,3,sokobond demake.txt,4,solved,1,18
after,3,sokobond demake.txt,6,solved,0,16
after,3,sokobond demake.txt,8,solved,1,20
after,3,sokobond demake.txt,10,solved,2,64
after,3,sokobond demake.txt,12,solved,2,49
after,3,sokobond demake.txt,14,solved,16,300
after,3,sokobond demake.txt,16,solved,4,81
after,3,sokobond demake.txt,18,solved,40,830
after,3,sokobond demake.txt,20,solved,36,748
after,3,sokobond demake.txt,22,solved,23,588
after,3,sokobond demake.txt,24,timeout,3005,67309
after,3,sokobond demake.txt,26,solved,20,615
after,3,sokobond demake.txt,28,solved,1062,34124
after,3,sokobond demake.txt,30,timeout,3010,92970
after,3,sokogoban.txt,2,solved,2230,9607
after,3,sokogoban.txt,4,timeout,3002,7950
after,3,sokogoban.txt,6,timeout,3000,5175
after,3,stick_candy_puzzle_saga.txt,1,solved,135,2971
after,3,stick_candy_puzzle_saga.txt,2,solved,1013,18315
after,3,stick_candy_puzzle_saga.txt,4,timeout,3004,40741
after,3,stick_candy_puzzle_saga.txt,5,timeout,3003,34334
after,3,stick_candy_puzzle_saga.txt,6,timeout,3004,39135
after,3,stick_candy_puzzle_saga.txt,7,timeout,3004,48479
after,3,stick_candy_puzzle_saga.txt,8,timeout,3003,36743
after,3,stick_candy_puzzle_saga.txt,9,timeout,3005,50925
after,3,stick_candy_puzzle_saga.txt,10,timeout,3003,38278
after,3,stick_candy_puzzle_saga.txt,11,timeout,3004,48482
after,3,stick_candy_puzzle_saga.txt,12,timeout,3003,30529
after,3,stick_candy_puzzle_saga.txt,13,timeout,3004,36222
after,3,stick_candy_puzzle_saga.txt,14,timeout,3005,46159
after,3,stick_candy_puzzle_saga.txt,15,timeout,3006,38126
after,3,stick_candy_puzzle_saga.txt,16,timeout,3004,35917
after,3,stick_candy_puzzle_saga.txt,17,timeout,3005,38062
after,3,stick_candy_puzzle_saga.txt,18,timeout,3004,35321
after,3,stick_candy_puzzle_saga.txt,19,timeout,3003,26831
after,3,stick_candy_puzzle_saga.txt,20,timeout,3004,35392
after,3,stick_candy_puzzle_saga.txt,21,timeout,3003,23489
after,3,sum three horizontally to 8.txt,4,solved,2,15
after,3,sum three horizontally to 8.txt,6,solved,2,8
after,3,sum three horizontally to 8.txt,8,solved,2,6
after,3,sum three horizontally to 8.txt,10,solved,2,13
after,3,sum three horizontally to 8.txt,13,solved,2,26
after,3,sum three horizontally to 8.txt,15,solved,41,473
after,3,sum three horizontally to 8.txt,17,solved,3,19
after,3,sum three horizontally to 8.txt,19,solved,7,109
after,3,sum three horizontally to 8.txt,22,solved,49,623
after,3,sum three horizontally to 8.txt,24,solved,9,107
after,3,sum three horizontally to 8.txt,26,solved,35,415
after,3,sum three horizontally to 8.txt,28,solved,24,304
after,3,sum three horizontally to 8.txt,31,timeout,3001,9079
after,3,take heart lass.txt,1,solved,0,3
after,3,take heart lass.txt,3,solved,2,25
after,3,take heart lass.txt,5,solved,1,8
after,3,take heart lass.txt,7,solved,2,28
after,3,take heart lass.txt,9,solved,141,1256
after,3,take heart lass.txt,11,solved,13,120
after,3,take heart lass.txt,13,solved,47,361
after,3,take heart lass.txt,15,timeout,3002,26391
after,3,take heart lass.txt,17,solved,8,49
after,3,take heart lass.txt,19,solved,75,512
after,3,take heart lass.txt,21,solved,121,761
after,3,take heart lass.txt,23,timeout,3001,10951
after,3,talo pipi 2.txt,1,timeout,3002,13427
after,3,talo pipi 2.txt,3,solved,1998,15611
after,3,talo pipi 2.txt,5,timeout,3001,13714
after,3,talo pipi 2.txt,7,solved,978,5913
after,3,talo pipi 2.txt,9,timeout,3002,25149
after,3,talo pipi 2.txt,11,timeout,3002,9799
after,3,talo pipi 2.txt,13,timeout,3002,10780
after,3,talo pipi 2.txt,15,timeout,3002,9594
after,3,talo pipi 2.txt,17,solved,0,1
after,3,the exit is under my left foot.txt,1,solved,132,102
after,3,the red ring of immortality.txt,1,solved,7,226
after,3,the red ring of immortality.txt,3,solved,52,1354
after,3,the red ring of immortality.txt,5,solved,1,52
after,3,the red ring of immortality.txt,7,solved,65,1633
after,3,the red ring of immortality.txt,9,solved,6,213
after,3,the red ring of immortality.txt,11,solved,10,332
after,3,the red ring of immortality.txt,13,solved,105,2759
after,3,the red ring of immortality.txt,15,solved,14,424
after,3,the red ring of immortality.txt,17,solved,86,2173
after,3,the red ring of immortality.txt,19,solved,8,264
after,3,the red ring of immortality.txt,21,solved,0,21
after,3,the red ring of immortality.txt,23,solved,0,2
after,3,the_saga_of_the_candy_scroll.txt,6,solved,4,106
after,3,the_saga_of_the_candy_scroll.txt,10,solved,0,8
after,3,the_saga_of_the_candy_scroll.txt,14,solved,0,4
after,3,the_saga_of_the_candy_scroll.txt,18,solved,27,551
after,3,the_saga_of_the_candy_scroll.txt,20,solved,389,7939
after,3,the_saga_of_the_candy_scroll.txt,22,solved,5,104
after,3,the_saga_of_the_candy_scroll.txt,26,solved,42,832
after,3,the_saga_of_the_candy_scroll.txt,28,timeout,3007,49324
after,3,the_saga_of_the_candy_scroll.txt,31,solved,85,1273
after,3,the_saga_of_the_candy_scroll.txt,35,timeout,3007,45255
after,3,the_saga_of_the_candy_scroll.txt,46,solved,0,3
after,3,the_saga_of_the_candy_scroll.txt,50,solved,2,54
after,3,the_saga_of_the_candy_scroll.txt,53,solved,32,723
after,3,the_saga_of_the_candy_scroll.txt,55,solved,124,2683
after,3,the_saga_of_the_candy_scroll.txt,58,solved,261,5189
after,3,the_saga_of_the_candy_scroll.txt,61,solved,2661,50748
after,3,the_saga_of_the_candy_scroll.txt,64,timeout,3007,58043
after,3,the_saga_of_the_candy_scroll.txt,66,timeout,3010,59391
after,3,the_saga_of_the_candy_scroll.txt,68,solved,2714,55362
after,3,the_saga_of_the_candy_scroll.txt,70,timeout,3007,54071
after,3,the_saga_of_the_candy_scroll.txt,78,solved,2592,42467
after,3,the_saga_of_the_candy_scroll.txt,80,timeout,3006,40915
after,3,the_saga_of_the_candy_scroll.txt,82,timeout,3005,40293
after,3,the_saga_of_the_candy_scroll.txt,85,timeout,3006,38812
after,3,the_saga_of_the_candy_scroll.txt,89,timeout,3008,37843
after,3,the_saga_of_the_candy_scroll.txt,98,timeout,3007,51472
after,3,the_saga_of_the_candy_scroll.txt,102,timeout,3005,32124
after,3,the_saga_of_the_candy_scroll.txt,106,timeout,3005,29354
after,3,the_saga_of_the_candy_scroll.txt,112,solved,455,5868
after,3,the_saga_of_the_candy_scroll.txt,116,solved,41,501
after,3,threes.txt,0,timeout,3001,3837
after,3,tiny treasure hunt.txt,1,timeout,3000,819
after,3,tiny treasure hunt.txt,3,timeout,3000,288
after,3,tiny treasure hunt.txt,5,timeout,3001,337
after,3,tiny treasure hunt.txt,7,timeout,3000,992
after,3,tiny treasure hunt.txt,9,timeout,3000,347
after,3,tiny treasure hunt.txt,11,timeout,3000,948
after,3,tiny treasure hunt.txt,13,timeout,3001,405
after,3,tunnel rat.txt,1,timeout,3001,2979
after,3,tunnel rat.txt,3,timeout,3000,1662
after,3,unclean residues.txt,2,timeout,3014,62556
after,3,unclean residues.txt,4,solved,361,10197
after,3,unclean residues.txt,6,solved,1797,53628
after,3,unclean residues.txt,8,solved,2689,64135
after,3,unclean residues.txt,10,solved,437,9056
after,3,unclean residues.txt,13,solved,136,3677
after,3,unewton.txt,2,timeout,3008,44556
after,3,unewton.txt,4,solved,371,7532
after,3,unewton.txt,6,timeout,3008,50755
after,3,unewton.txt,8,timeout,3011,43339
after,3,whaleworld.txt,1,solved,36,120
after,3,whaleworld.txt,3,solved,30,240
after,3,whaleworld.txt,5,solved,139,878
after,3,whaleworld.txt,7,solved,247,1685
after,3,whaleworld.txt,9,solved,2641,11927
after,3,whaleworld.txt,11,timeout,3001,14017
after,3,whaleworld.txt,13,timeout,3002,8793
after,3,whaleworld.txt,15,solved,1413,7049
after,3,witch lifter.txt,1,solved,271,1434
after,3,witch lifter.txt,3,solved,110,564
after,3,witch lifter.txt,5,timeout,3001,18012
after,3,witch lifter.txt,7,timeout,3001,16405
after,3,witch lifter.txt,9,solved,891,4271
after,3,witch lifter.txt,11,solved,373,2236
after,3,witch lifter.txt,13,timeout,3000,10391
after,3,witch lifter.txt,15,timeout,3001,10639
after,3,wool-clawer.txt,1,timeout,3001,11053
after,3,wool-clawer.txt,3,timeout,3001,10566
after,3,wool-clawer.txt,5,timeout,3001,4915
after,3,wool-clawer.txt,7,timeout,3000,2883
after,3,wool-clawer.txt,9,timeout,3001,4234
after,3,wool-clawer.txt,11,timeout,3000,3857
after,3,you can't make this up.txt,1,timeout,3015,44879
after,3,you complete me.txt,0,timeout,3006,33476
after,3,zokoban.txt,0,timeout,3007,19775
